Info: Saved as "samurai_battlefield_pack_source.blend"
INFO Draco mesh compression is available, use library at /Applications/Blender.app/Contents/Resources/5.1/scripts/addons_core/io_scene_gltf2/libextern_draco.dylib
01:03:28 | INFO: Starting glTF 2.0 export
01:03:28 | INFO: Extracting primitive: rolling shinano countryside battlefield ground mesh
01:03:28 | INFO: Primitives created: 1
01:03:28 | INFO: Extracting primitive: Sphere
01:03:28 | INFO: Primitives created: 1
01:03:28 | INFO: Extracting primitive: Sphere.001
01:03:28 | INFO: Primitives created: 1
01:03:28 | INFO: Extracting primitive: Sphere.002
01:03:28 | INFO: Primitives created: 1
01:03:28 | INFO: Extracting primitive: Sphere.003
01:03:28 | INFO: Primitives created: 1
01:03:28 | INFO: Extracting primitive: Sphere.004
01:03:28 | INFO: Primitives created: 1
01:03:28 | INFO: Extracting primitive: Sphere.005
01:03:28 | INFO: Primitives created: 1
01:03:28 | INFO: Extracting primitive: Sphere.006
01:03:28 | INFO: Primitives created: 1
01:03:28 | INFO: Extracting primitive: Sphere.007
01:03:28 | INFO: Primitives created: 1
01:03:28 | INFO: Extracting primitive: Sphere.008
01:03:28 | INFO: Primitives created: 1
01:03:28 | INFO: Extracting primitive: Sphere.009
01:03:28 | INFO: Primitives created: 1
01:03:28 | INFO: Extracting primitive: Sphere.010
01:03:28 | INFO: Primitives created: 1
01:03:28 | INFO: Extracting primitive: Sphere.011
01:03:28 | INFO: Primitives created: 1
01:03:28 | INFO: Extracting primitive: rice paddy green shoots 1 -4.1
01:03:28 | INFO: Primitives created: 1
01:03:28 | INFO: Extracting primitive: rice paddy green shoots 1 -3.7
01:03:28 | INFO: Primitives created: 1
01:03:28 | INFO: Extracting primitive: rice paddy green shoots 1 -3.3
01:03:28 | INFO: Primitives created: 1
01:03:28 | INFO: Extracting primitive: Sphere.012
01:03:28 | INFO: Primitives created: 1
01:03:28 | INFO: Extracting primitive: rice paddy green shoots 2 -4.1
01:03:28 | INFO: Primitives created: 1
01:03:28 | INFO: Extracting primitive: rice paddy green shoots 2 -3.7
01:03:28 | INFO: Primitives created: 1
01:03:28 | INFO: Extracting primitive: rice paddy green shoots 2 -3.3
01:03:28 | INFO: Primitives created: 1
01:03:28 | INFO: Extracting primitive: Sphere.013
01:03:28 | INFO: Primitives created: 1
01:03:28 | INFO: Extracting primitive: rice paddy green shoots 3 -4.1
01:03:28 | INFO: Primitives created: 1
01:03:28 | INFO: Extracting primitive: rice paddy green shoots 3 -3.7
01:03:28 | INFO: Primitives created: 1
01:03:28 | INFO: Extracting primitive: rice paddy green shoots 3 -3.3
01:03:28 | INFO: Primitives created: 1
01:03:28 | INFO: Extracting primitive: Sphere.014
01:03:28 | INFO: Primitives created: 1
01:03:28 | INFO: Extracting primitive: rice paddy green shoots 4 -4.1
01:03:28 | INFO: Primitives created: 1
01:03:28 | INFO: Extracting primitive: rice paddy green shoots 4 -3.7
01:03:28 | INFO: Primitives created: 1
01:03:28 | INFO: Extracting primitive: rice paddy green shoots 4 -3.3
01:03:28 | INFO: Primitives created: 1
01:03:28 | INFO: Extracting primitive: uneven battlefield grass tuft 1
01:03:28 | INFO: Primitives created: 1
01:03:28 | INFO: Extracting primitive: uneven battlefield grass tuft 2
01:03:28 | INFO: Primitives created: 1
01:03:28 | INFO: Extracting primitive: uneven battlefield grass tuft 3
01:03:28 | INFO: Primitives created: 1
01:03:28 | INFO: Extracting primitive: uneven battlefield grass tuft 4
01:03:28 | INFO: Primitives created: 1
01:03:28 | INFO: Extracting primitive: uneven battlefield grass tuft 5
01:03:28 | INFO: Primitives created: 1
01:03:28 | INFO: Extracting primitive: uneven battlefield grass tuft 6
01:03:28 | INFO: Primitives created: 1
01:03:28 | INFO: Extracting primitive: uneven battlefield grass tuft 7
01:03:28 | INFO: Primitives created: 1
01:03:28 | INFO: Extracting primitive: uneven battlefield grass tuft 8
01:03:28 | INFO: Primitives created: 1
01:03:28 | INFO: Extracting primitive: uneven battlefield grass tuft 9
01:03:28 | INFO: Primitives created: 1
01:03:28 | INFO: Extracting primitive: uneven battlefield grass tuft 10
01:03:28 | INFO: Primitives created: 1
01:03:28 | INFO: Extracting primitive: uneven battlefield grass tuft 11
01:03:28 | INFO: Primitives created: 1
01:03:28 | INFO: Extracting primitive: uneven battlefield grass tuft 12
01:03:28 | INFO: Primitives created: 1
01:03:28 | INFO: Extracting primitive: uneven battlefield grass tuft 13
01:03:28 | INFO: Primitives created: 1
01:03:28 | INFO: Extracting primitive: uneven battlefield grass tuft 14
01:03:28 | INFO: Primitives created: 1
01:03:28 | INFO: Extracting primitive: uneven battlefield grass tuft 15
01:03:28 | INFO: Primitives created: 1
01:03:28 | INFO: Extracting primitive: uneven battlefield grass tuft 16
01:03:28 | INFO: Primitives created: 1
01:03:28 | INFO: Extracting primitive: uneven battlefield grass tuft 17
01:03:28 | INFO: Primitives created: 1
01:03:28 | INFO: Extracting primitive: uneven battlefield grass tuft 18
01:03:28 | INFO: Primitives created: 1
01:03:28 | INFO: Extracting primitive: uneven battlefield grass tuft 19
01:03:28 | INFO: Primitives created: 1
01:03:28 | INFO: Extracting primitive: uneven battlefield grass tuft 20
01:03:28 | INFO: Primitives created: 1
01:03:28 | INFO: Extracting primitive: uneven battlefield grass tuft 21
01:03:28 | INFO: Primitives created: 1
01:03:28 | INFO: Extracting primitive: uneven battlefield grass tuft 22
01:03:28 | INFO: Primitives created: 1
01:03:28 | INFO: Extracting primitive: uneven battlefield grass tuft 23
01:03:28 | INFO: Primitives created: 1
01:03:28 | INFO: Extracting primitive: uneven battlefield grass tuft 24
01:03:28 | INFO: Primitives created: 1
01:03:28 | INFO: Extracting primitive: uneven battlefield grass tuft 25
01:03:28 | INFO: Primitives created: 1
01:03:28 | INFO: Extracting primitive: uneven battlefield grass tuft 26
01:03:28 | INFO: Primitives created: 1
01:03:28 | INFO: Extracting primitive: uneven battlefield grass tuft 27
01:03:28 | INFO: Primitives created: 1
01:03:28 | INFO: Extracting primitive: uneven battlefield grass tuft 28
01:03:28 | INFO: Primitives created: 1
01:03:28 | INFO: Extracting primitive: uneven battlefield grass tuft 29
01:03:28 | INFO: Primitives created: 1
01:03:28 | INFO: Extracting primitive: uneven battlefield grass tuft 30
01:03:28 | INFO: Primitives created: 1
01:03:28 | INFO: Extracting primitive: uneven battlefield grass tuft 31
01:03:28 | INFO: Primitives created: 1
01:03:28 | INFO: Extracting primitive: uneven battlefield grass tuft 34
01:03:28 | INFO: Primitives created: 1
01:03:28 | INFO: Extracting primitive: uneven battlefield grass tuft 35
01:03:28 | INFO: Primitives created: 1
01:03:28 | INFO: Extracting primitive: uneven battlefield grass tuft 36
01:03:28 | INFO: Primitives created: 1
01:03:28 | INFO: Extracting primitive: uneven battlefield grass tuft 37
01:03:28 | INFO: Primitives created: 1
01:03:28 | INFO: Extracting primitive: uneven battlefield grass tuft 38
01:03:28 | INFO: Primitives created: 1
01:03:28 | INFO: Extracting primitive: uneven battlefield grass tuft 41
01:03:28 | INFO: Primitives created: 1
01:03:28 | INFO: Extracting primitive: uneven battlefield grass tuft 42
01:03:28 | INFO: Primitives created: 1
01:03:28 | INFO: Extracting primitive: uneven battlefield grass tuft 43
01:03:28 | INFO: Primitives created: 1
01:03:28 | INFO: Extracting primitive: uneven battlefield grass tuft 44
01:03:28 | INFO: Primitives created: 1
01:03:28 | INFO: Extracting primitive: uneven battlefield grass tuft 45
01:03:28 | INFO: Primitives created: 1
01:03:28 | INFO: Extracting primitive: uneven battlefield grass tuft 46
01:03:28 | INFO: Primitives created: 1
01:03:28 | INFO: Extracting primitive: uneven battlefield grass tuft 47
01:03:28 | INFO: Primitives created: 1
01:03:28 | INFO: Extracting primitive: uneven battlefield grass tuft 48
01:03:28 | INFO: Primitives created: 1
01:03:28 | INFO: Extracting primitive: uneven battlefield grass tuft 49
01:03:28 | INFO: Primitives created: 1
01:03:28 | INFO: Extracting primitive: uneven battlefield grass tuft 50
01:03:28 | INFO: Primitives created: 1
01:03:28 | INFO: Extracting primitive: uneven battlefield grass tuft 51
01:03:28 | INFO: Primitives created: 1
01:03:28 | INFO: Extracting primitive: uneven battlefield grass tuft 52
01:03:28 | INFO: Primitives created: 1
01:03:28 | INFO: Extracting primitive: uneven battlefield grass tuft 53
01:03:28 | INFO: Primitives created: 1
01:03:28 | INFO: Extracting primitive: uneven battlefield grass tuft 54
01:03:28 | INFO: Primitives created: 1
01:03:28 | INFO: Extracting primitive: uneven battlefield grass tuft 55
01:03:28 | INFO: Primitives created: 1
01:03:28 | INFO: Extracting primitive: uneven battlefield grass tuft 56
01:03:28 | INFO: Primitives created: 1
01:03:28 | INFO: Extracting primitive: Sphere.015
01:03:28 | INFO: Primitives created: 1
01:03:28 | INFO: Extracting primitive: Sphere.016
01:03:28 | INFO: Primitives created: 1
01:03:28 | INFO: Extracting primitive: Sphere.017
01:03:28 | INFO: Primitives created: 1
01:03:28 | INFO: Extracting primitive: Sphere.018
01:03:28 | INFO: Primitives created: 1
01:03:28 | INFO: Extracting primitive: Sphere.019
01:03:28 | INFO: Primitives created: 1
01:03:28 | INFO: Extracting primitive: Sphere.020
01:03:28 | INFO: Primitives created: 1
01:03:28 | INFO: Extracting primitive: Sphere.021
01:03:28 | INFO: Primitives created: 1
01:03:28 | INFO: Extracting primitive: Sphere.022
01:03:28 | INFO: Primitives created: 1
01:03:28 | INFO: Extracting primitive: Sphere.023
01:03:28 | INFO: Primitives created: 1
01:03:28 | INFO: Extracting primitive: Cylinder
01:03:28 | INFO: Primitives created: 1
01:03:28 | INFO: Extracting primitive: Cone
01:03:28 | INFO: Primitives created: 1
01:03:28 | INFO: Extracting primitive: Cylinder.001
01:03:28 | INFO: Primitives created: 1
01:03:28 | INFO: Extracting primitive: Cone.001
01:03:28 | INFO: Primitives created: 1
01:03:28 | INFO: Extracting primitive: Cylinder.002
01:03:28 | INFO: Primitives created: 1
01:03:28 | INFO: Extracting primitive: Cone.002
01:03:28 | INFO: Primitives created: 1
01:03:28 | INFO: Extracting primitive: Cylinder.003
01:03:28 | INFO: Primitives created: 1
01:03:28 | INFO: Extracting primitive: Cone.003
01:03:28 | INFO: Primitives created: 1
01:03:28 | INFO: Extracting primitive: Cylinder.004
01:03:28 | INFO: Primitives created: 1
01:03:28 | INFO: Extracting primitive: Cone.004
01:03:28 | INFO: Primitives created: 1
01:03:28 | INFO: Extracting primitive: Cylinder.005
01:03:28 | INFO: Primitives created: 1
01:03:28 | INFO: Extracting primitive: Cone.005
01:03:28 | INFO: Primitives created: 1
01:03:28 | INFO: Extracting primitive: Cylinder.006
01:03:28 | INFO: Primitives created: 1
01:03:28 | INFO: Extracting primitive: Cone.006
01:03:28 | INFO: Primitives created: 1
01:03:28 | INFO: Extracting primitive: Cylinder.007
01:03:28 | INFO: Primitives created: 1
01:03:28 | INFO: Extracting primitive: Cone.007
01:03:28 | INFO: Primitives created: 1
01:03:28 | INFO: Extracting primitive: Sphere.024
01:03:28 | INFO: Primitives created: 1
01:03:28 | INFO: Extracting primitive: Sphere.025
01:03:28 | INFO: Primitives created: 1
01:03:28 | INFO: Extracting primitive: Sphere.026
01:03:28 | INFO: Primitives created: 1
01:03:28 | INFO: Extracting primitive: Sphere.027
01:03:28 | INFO: Primitives created: 1
01:03:28 | INFO: Extracting primitive: Cube.001
01:03:28 | INFO: Primitives created: 1
01:03:28 | INFO: Extracting primitive: Sphere.028
01:03:28 | INFO: Primitives created: 1
01:03:28 | INFO: Extracting primitive: Cone.008
01:03:28 | INFO: Primitives created: 1
01:03:28 | INFO: Extracting primitive: takeda-samurai-01 rear shikoro lamellar neck plate r1 c1 mesh
01:03:28 | INFO: Primitives created: 1
01:03:28 | INFO: Extracting primitive: takeda-samurai-01 rear shikoro lamellar neck plate r1 c2 mesh
01:03:28 | INFO: Primitives created: 1
01:03:28 | INFO: Extracting primitive: takeda-samurai-01 rear shikoro lamellar neck plate r1 c3 mesh
01:03:28 | INFO: Primitives created: 1
01:03:28 | INFO: Extracting primitive: takeda-samurai-01 rear shikoro lamellar neck plate r2 c1 mesh
01:03:28 | INFO: Primitives created: 1
01:03:28 | INFO: Extracting primitive: takeda-samurai-01 rear shikoro lamellar neck plate r2 c2 mesh
01:03:28 | INFO: Primitives created: 1
01:03:28 | INFO: Extracting primitive: takeda-samurai-01 rear shikoro lamellar neck plate r2 c3 mesh
01:03:28 | INFO: Primitives created: 1
01:03:28 | INFO: Extracting primitive: takeda-samurai-01 rear shikoro lamellar neck plate r3 c1 mesh
01:03:28 | INFO: Primitives created: 1
01:03:28 | INFO: Extracting primitive: takeda-samurai-01 rear shikoro lamellar neck plate r3 c2 mesh
01:03:28 | INFO: Primitives created: 1
01:03:28 | INFO: Extracting primitive: takeda-samurai-01 rear shikoro lamellar neck plate r3 c3 mesh
01:03:28 | INFO: Primitives created: 1
01:03:28 | INFO: Extracting primitive: takeda-samurai-01 raised kabuto rib 1
01:03:28 | INFO: Primitives created: 1
01:03:28 | INFO: Extracting primitive: takeda-samurai-01 raised kabuto rib 2
01:03:28 | INFO: Primitives created: 1
01:03:28 | INFO: Extracting primitive: takeda-samurai-01 raised kabuto rib 3
01:03:28 | INFO: Primitives created: 1
01:03:28 | INFO: Extracting primitive: takeda-samurai-01 crescent maedate crest
01:03:28 | INFO: Primitives created: 1
01:03:28 | INFO: Extracting primitive: takeda-samurai-01 individual front lamellar plate r1 c1 mesh
01:03:28 | INFO: Primitives created: 1
01:03:28 | INFO: Extracting primitive: takeda-samurai-01 individual front lamellar plate r1 c2 mesh
01:03:28 | INFO: Primitives created: 1
01:03:28 | INFO: Extracting primitive: takeda-samurai-01 individual front lamellar plate r1 c3 mesh
01:03:28 | INFO: Primitives created: 1
01:03:28 | INFO: Extracting primitive: takeda-samurai-01 individual front lamellar plate r1 c4 mesh
01:03:28 | INFO: Primitives created: 1
01:03:28 | INFO: Extracting primitive: takeda-samurai-01 individual front lamellar plate r1 c5 mesh
01:03:28 | INFO: Primitives created: 1
01:03:28 | INFO: Extracting primitive: takeda-samurai-01 odoshi lacing row 1
01:03:28 | INFO: Primitives created: 1
01:03:28 | INFO: Extracting primitive: takeda-samurai-01 chipped lacquer highlight r1 -0.16
01:03:28 | INFO: Primitives created: 1
01:03:28 | INFO: Extracting primitive: takeda-samurai-01 chipped lacquer highlight r1 0.0
01:03:28 | INFO: Primitives created: 1
01:03:28 | INFO: Extracting primitive: takeda-samurai-01 chipped lacquer highlight r1 0.16
01:03:28 | INFO: Primitives created: 1
01:03:28 | INFO: Extracting primitive: takeda-samurai-01 individual front lamellar plate r2 c1 mesh
01:03:28 | INFO: Primitives created: 1
01:03:28 | INFO: Extracting primitive: takeda-samurai-01 individual front lamellar plate r2 c2 mesh
01:03:28 | INFO: Primitives created: 1
01:03:28 | INFO: Extracting primitive: takeda-samurai-01 individual front lamellar plate r2 c3 mesh
01:03:28 | INFO: Primitives created: 1
01:03:28 | INFO: Extracting primitive: takeda-samurai-01 individual front lamellar plate r2 c4 mesh
01:03:28 | INFO: Primitives created: 1
01:03:28 | INFO: Extracting primitive: takeda-samurai-01 individual front lamellar plate r2 c5 mesh
01:03:28 | INFO: Primitives created: 1
01:03:28 | INFO: Extracting primitive: takeda-samurai-01 odoshi lacing row 2
01:03:28 | INFO: Primitives created: 1
01:03:28 | INFO: Extracting primitive: takeda-samurai-01 chipped lacquer highlight r2 -0.16
01:03:28 | INFO: Primitives created: 1
01:03:28 | INFO: Extracting primitive: takeda-samurai-01 chipped lacquer highlight r2 0.0
01:03:28 | INFO: Primitives created: 1
01:03:28 | INFO: Extracting primitive: takeda-samurai-01 chipped lacquer highlight r2 0.16
01:03:28 | INFO: Primitives created: 1
01:03:28 | INFO: Extracting primitive: takeda-samurai-01 individual front lamellar plate r3 c1 mesh
01:03:28 | INFO: Primitives created: 1
01:03:28 | INFO: Extracting primitive: takeda-samurai-01 individual front lamellar plate r3 c2 mesh
01:03:28 | INFO: Primitives created: 1
01:03:28 | INFO: Extracting primitive: takeda-samurai-01 individual front lamellar plate r3 c3 mesh
01:03:28 | INFO: Primitives created: 1
01:03:28 | INFO: Extracting primitive: takeda-samurai-01 individual front lamellar plate r3 c4 mesh
01:03:28 | INFO: Primitives created: 1
01:03:28 | INFO: Extracting primitive: takeda-samurai-01 individual front lamellar plate r3 c5 mesh
01:03:28 | INFO: Primitives created: 1
01:03:28 | INFO: Extracting primitive: takeda-samurai-01 odoshi lacing row 3
01:03:28 | INFO: Primitives created: 1
01:03:28 | INFO: Extracting primitive: takeda-samurai-01 chipped lacquer highlight r3 -0.16
01:03:28 | INFO: Primitives created: 1
01:03:28 | INFO: Extracting primitive: takeda-samurai-01 chipped lacquer highlight r3 0.0
01:03:28 | INFO: Primitives created: 1
01:03:28 | INFO: Extracting primitive: takeda-samurai-01 chipped lacquer highlight r3 0.16
01:03:28 | INFO: Primitives created: 1
01:03:28 | INFO: Extracting primitive: takeda-samurai-01 individual front lamellar plate r4 c1 mesh
01:03:28 | INFO: Primitives created: 1
01:03:28 | INFO: Extracting primitive: takeda-samurai-01 individual front lamellar plate r4 c2 mesh
01:03:28 | INFO: Primitives created: 1
01:03:28 | INFO: Extracting primitive: takeda-samurai-01 individual front lamellar plate r4 c3 mesh
01:03:28 | INFO: Primitives created: 1
01:03:28 | INFO: Extracting primitive: takeda-samurai-01 individual front lamellar plate r4 c4 mesh
01:03:28 | INFO: Primitives created: 1
01:03:28 | INFO: Extracting primitive: takeda-samurai-01 individual front lamellar plate r4 c5 mesh
01:03:28 | INFO: Primitives created: 1
01:03:28 | INFO: Extracting primitive: takeda-samurai-01 odoshi lacing row 4
01:03:28 | INFO: Primitives created: 1
01:03:28 | INFO: Extracting primitive: takeda-samurai-01 chipped lacquer highlight r4 -0.16
01:03:28 | INFO: Primitives created: 1
01:03:28 | INFO: Extracting primitive: takeda-samurai-01 chipped lacquer highlight r4 0.0
01:03:28 | INFO: Primitives created: 1
01:03:28 | INFO: Extracting primitive: takeda-samurai-01 chipped lacquer highlight r4 0.16
01:03:28 | INFO: Primitives created: 1
01:03:28 | INFO: Extracting primitive: takeda-samurai-01 rear lamellar back plate r1 c1 mesh
01:03:28 | INFO: Primitives created: 1
01:03:28 | INFO: Extracting primitive: takeda-samurai-01 rear lamellar back plate r1 c2 mesh
01:03:28 | INFO: Primitives created: 1
01:03:28 | INFO: Extracting primitive: takeda-samurai-01 rear lamellar back plate r1 c3 mesh
01:03:28 | INFO: Primitives created: 1
01:03:28 | INFO: Extracting primitive: takeda-samurai-01 rear lamellar back plate r1 c4 mesh
01:03:28 | INFO: Primitives created: 1
01:03:28 | INFO: Extracting primitive: takeda-samurai-01 rear odoshi lacing row 1
01:03:28 | INFO: Primitives created: 1
01:03:28 | INFO: Extracting primitive: takeda-samurai-01 rear lamellar back plate r2 c1 mesh
01:03:28 | INFO: Primitives created: 1
01:03:28 | INFO: Extracting primitive: takeda-samurai-01 rear lamellar back plate r2 c2 mesh
01:03:28 | INFO: Primitives created: 1
01:03:28 | INFO: Extracting primitive: takeda-samurai-01 rear lamellar back plate r2 c3 mesh
01:03:28 | INFO: Primitives created: 1
01:03:28 | INFO: Extracting primitive: takeda-samurai-01 rear lamellar back plate r2 c4 mesh
01:03:28 | INFO: Primitives created: 1
01:03:28 | INFO: Extracting primitive: takeda-samurai-01 rear odoshi lacing row 2
01:03:28 | INFO: Primitives created: 1
01:03:28 | INFO: Extracting primitive: takeda-samurai-01 rear lamellar back plate r3 c1 mesh
01:03:28 | INFO: Primitives created: 1
01:03:28 | INFO: Extracting primitive: takeda-samurai-01 rear lamellar back plate r3 c2 mesh
01:03:28 | INFO: Primitives created: 1
01:03:28 | INFO: Extracting primitive: takeda-samurai-01 rear lamellar back plate r3 c3 mesh
01:03:28 | INFO: Primitives created: 1
01:03:28 | INFO: Extracting primitive: takeda-samurai-01 rear lamellar back plate r3 c4 mesh
01:03:28 | INFO: Primitives created: 1
01:03:28 | INFO: Extracting primitive: takeda-samurai-01 rear odoshi lacing row 3
01:03:28 | INFO: Primitives created: 1
01:03:28 | INFO: Extracting primitive: takeda-samurai-01 rear lamellar back plate r4 c1 mesh
01:03:28 | INFO: Primitives created: 1
01:03:28 | INFO: Extracting primitive: takeda-samurai-01 rear lamellar back plate r4 c2 mesh
01:03:28 | INFO: Primitives created: 1
01:03:28 | INFO: Extracting primitive: takeda-samurai-01 rear lamellar back plate r4 c3 mesh
01:03:28 | INFO: Primitives created: 1
01:03:28 | INFO: Extracting primitive: takeda-samurai-01 rear lamellar back plate r4 c4 mesh
01:03:28 | INFO: Primitives created: 1
01:03:28 | INFO: Extracting primitive: takeda-samurai-01 rear odoshi lacing row 4
01:03:28 | INFO: Primitives created: 1
01:03:28 | INFO: Extracting primitive: takeda-samurai-01 rear lacquer edge scratch -0.17
01:03:28 | INFO: Primitives created: 1
01:03:28 | INFO: Extracting primitive: takeda-samurai-01 rear lacquer edge scratch -0.06
01:03:28 | INFO: Primitives created: 1
01:03:28 | INFO: Extracting primitive: takeda-samurai-01 rear lacquer edge scratch 0.06
01:03:28 | INFO: Primitives created: 1
01:03:28 | INFO: Extracting primitive: takeda-samurai-01 rear lacquer edge scratch 0.17
01:03:28 | INFO: Primitives created: 1
01:03:28 | INFO: Extracting primitive: Sphere.029
01:03:28 | INFO: Primitives created: 1
01:03:28 | INFO: Extracting primitive: takeda-samurai-01 articulated sode shoulder plate -1 1 mesh
01:03:28 | INFO: Primitives created: 1
01:03:28 | INFO: Extracting primitive: takeda-samurai-01 sode lacing -1 1
01:03:28 | INFO: Primitives created: 1
01:03:28 | INFO: Extracting primitive: takeda-samurai-01 articulated sode shoulder plate -1 2 mesh
01:03:28 | INFO: Primitives created: 1
01:03:28 | INFO: Extracting primitive: takeda-samurai-01 sode lacing -1 2
01:03:28 | INFO: Primitives created: 1
01:03:28 | INFO: Extracting primitive: takeda-samurai-01 articulated sode shoulder plate -1 3 mesh
01:03:28 | INFO: Primitives created: 1
01:03:28 | INFO: Extracting primitive: takeda-samurai-01 sode lacing -1 3
01:03:28 | INFO: Primitives created: 1
01:03:28 | INFO: Extracting primitive: takeda-samurai-01 articulated sode shoulder plate -1 4 mesh
01:03:28 | INFO: Primitives created: 1
01:03:28 | INFO: Extracting primitive: takeda-samurai-01 sode lacing -1 4
01:03:28 | INFO: Primitives created: 1
01:03:28 | INFO: Extracting primitive: Sphere.030
01:03:28 | INFO: Primitives created: 1
01:03:28 | INFO: Extracting primitive: Sphere.031
01:03:28 | INFO: Primitives created: 1
01:03:28 | INFO: Extracting primitive: Sphere.032
01:03:28 | INFO: Primitives created: 1
01:03:28 | INFO: Extracting primitive: Sphere.033
01:03:28 | INFO: Primitives created: 1
01:03:28 | INFO: Extracting primitive: Sphere.034
01:03:28 | INFO: Primitives created: 1
01:03:28 | INFO: Extracting primitive: Cube.002
01:03:28 | INFO: Primitives created: 1
01:03:28 | INFO: Extracting primitive: takeda-samurai-01 sandal toe strap -1
01:03:28 | INFO: Primitives created: 1
01:03:28 | INFO: Extracting primitive: Sphere.035
01:03:28 | INFO: Primitives created: 1
01:03:28 | INFO: Extracting primitive: takeda-samurai-01 articulated sode shoulder plate 1 1 mesh
01:03:28 | INFO: Primitives created: 1
01:03:28 | INFO: Extracting primitive: takeda-samurai-01 sode lacing 1 1
01:03:28 | INFO: Primitives created: 1
01:03:28 | INFO: Extracting primitive: takeda-samurai-01 articulated sode shoulder plate 1 2 mesh
01:03:28 | INFO: Primitives created: 1
01:03:28 | INFO: Extracting primitive: takeda-samurai-01 sode lacing 1 2
01:03:28 | INFO: Primitives created: 1
01:03:28 | INFO: Extracting primitive: takeda-samurai-01 articulated sode shoulder plate 1 3 mesh
01:03:28 | INFO: Primitives created: 1
01:03:28 | INFO: Extracting primitive: takeda-samurai-01 sode lacing 1 3
01:03:28 | INFO: Primitives created: 1
01:03:28 | INFO: Extracting primitive: takeda-samurai-01 articulated sode shoulder plate 1 4 mesh
01:03:28 | INFO: Primitives created: 1
01:03:28 | INFO: Extracting primitive: takeda-samurai-01 sode lacing 1 4
01:03:28 | INFO: Primitives created: 1
01:03:28 | INFO: Extracting primitive: Sphere.036
01:03:28 | INFO: Primitives created: 1
01:03:28 | INFO: Extracting primitive: Sphere.037
01:03:28 | INFO: Primitives created: 1
01:03:28 | INFO: Extracting primitive: Sphere.038
01:03:28 | INFO: Primitives created: 1
01:03:28 | INFO: Extracting primitive: Sphere.039
01:03:28 | INFO: Primitives created: 1
01:03:28 | INFO: Extracting primitive: Sphere.040
01:03:28 | INFO: Primitives created: 1
01:03:28 | INFO: Extracting primitive: Cube.003
01:03:28 | INFO: Primitives created: 1
01:03:28 | INFO: Extracting primitive: takeda-samurai-01 sandal toe strap 1
01:03:28 | INFO: Primitives created: 1
01:03:28 | INFO: Extracting primitive: takeda-samurai-01 kusazuri skirt -1 row 1 mesh
01:03:28 | INFO: Primitives created: 1
01:03:28 | INFO: Extracting primitive: takeda-samurai-01 kusazuri skirt -1 row 2 mesh
01:03:28 | INFO: Primitives created: 1
01:03:28 | INFO: Extracting primitive: takeda-samurai-01 kusazuri skirt 0 row 1 mesh
01:03:28 | INFO: Primitives created: 1
01:03:28 | INFO: Extracting primitive: takeda-samurai-01 kusazuri skirt 0 row 2 mesh
01:03:28 | INFO: Primitives created: 1
01:03:28 | INFO: Extracting primitive: takeda-samurai-01 kusazuri skirt 1 row 1 mesh
01:03:28 | INFO: Primitives created: 1
01:03:28 | INFO: Extracting primitive: takeda-samurai-01 kusazuri skirt 1 row 2 mesh
01:03:28 | INFO: Primitives created: 1
01:03:28 | INFO: Extracting primitive: takeda-samurai-01 guard katana blade
01:03:28 | INFO: Primitives created: 1
01:03:28 | INFO: Extracting primitive: Cylinder.008
01:03:28 | INFO: Primitives created: 1
01:03:28 | INFO: Extracting primitive: takeda-samurai-01 sashimono bamboo pole
01:03:28 | INFO: Primitives created: 1
01:03:28 | INFO: Extracting primitive: takeda-samurai-01 wind-bent sashimono cloth panel mesh
01:03:28 | INFO: Primitives created: 1
01:03:28 | INFO: Extracting primitive: Cube.004
01:03:28 | INFO: Primitives created: 1
01:03:28 | INFO: Extracting primitive: Cube.005
01:03:28 | INFO: Primitives created: 1
01:03:28 | INFO: Extracting primitive: Cube.006
01:03:28 | INFO: Primitives created: 1
01:03:28 | INFO: Extracting primitive: Cube.007
01:03:28 | INFO: Primitives created: 1
01:03:28 | INFO: Extracting primitive: Sphere.041
01:03:28 | INFO: Primitives created: 1
01:03:28 | INFO: Extracting primitive: Sphere.042
01:03:28 | INFO: Primitives created: 1
01:03:28 | INFO: Extracting primitive: Sphere.043
01:03:28 | INFO: Primitives created: 1
01:03:28 | INFO: Extracting primitive: Sphere.044
01:03:28 | INFO: Primitives created: 1
01:03:28 | INFO: Extracting primitive: Cube.008
01:03:28 | INFO: Primitives created: 1
01:03:28 | INFO: Extracting primitive: Sphere.045
01:03:28 | INFO: Primitives created: 1
01:03:28 | INFO: Extracting primitive: Cone.009
01:03:28 | INFO: Primitives created: 1
01:03:28 | INFO: Extracting primitive: takeda-samurai-02 rear shikoro lamellar neck plate r1 c1 mesh
01:03:28 | INFO: Primitives created: 1
01:03:28 | INFO: Extracting primitive: takeda-samurai-02 rear shikoro lamellar neck plate r1 c2 mesh
01:03:28 | INFO: Primitives created: 1
01:03:28 | INFO: Extracting primitive: takeda-samurai-02 rear shikoro lamellar neck plate r1 c3 mesh
01:03:28 | INFO: Primitives created: 1
01:03:28 | INFO: Extracting primitive: takeda-samurai-02 rear shikoro lamellar neck plate r2 c1 mesh
01:03:28 | INFO: Primitives created: 1
01:03:28 | INFO: Extracting primitive: takeda-samurai-02 rear shikoro lamellar neck plate r2 c2 mesh
01:03:28 | INFO: Primitives created: 1
01:03:28 | INFO: Extracting primitive: takeda-samurai-02 rear shikoro lamellar neck plate r2 c3 mesh
01:03:28 | INFO: Primitives created: 1
01:03:28 | INFO: Extracting primitive: takeda-samurai-02 rear shikoro lamellar neck plate r3 c1 mesh
01:03:28 | INFO: Primitives created: 1
01:03:28 | INFO: Extracting primitive: takeda-samurai-02 rear shikoro lamellar neck plate r3 c2 mesh
01:03:28 | INFO: Primitives created: 1
01:03:28 | INFO: Extracting primitive: takeda-samurai-02 rear shikoro lamellar neck plate r3 c3 mesh
01:03:28 | INFO: Primitives created: 1
01:03:28 | INFO: Extracting primitive: takeda-samurai-02 raised kabuto rib 1
01:03:28 | INFO: Primitives created: 1
01:03:28 | INFO: Extracting primitive: takeda-samurai-02 raised kabuto rib 2
01:03:28 | INFO: Primitives created: 1
01:03:28 | INFO: Extracting primitive: takeda-samurai-02 raised kabuto rib 3
01:03:28 | INFO: Primitives created: 1
01:03:28 | INFO: Extracting primitive: takeda-samurai-02 crescent maedate crest
01:03:28 | INFO: Primitives created: 1
01:03:28 | INFO: Extracting primitive: takeda-samurai-02 individual front lamellar plate r1 c1 mesh
01:03:28 | INFO: Primitives created: 1
01:03:28 | INFO: Extracting primitive: takeda-samurai-02 individual front lamellar plate r1 c2 mesh
01:03:28 | INFO: Primitives created: 1
01:03:28 | INFO: Extracting primitive: takeda-samurai-02 individual front lamellar plate r1 c3 mesh
01:03:28 | INFO: Primitives created: 1
01:03:28 | INFO: Extracting primitive: takeda-samurai-02 individual front lamellar plate r1 c4 mesh
01:03:28 | INFO: Primitives created: 1
01:03:28 | INFO: Extracting primitive: takeda-samurai-02 individual front lamellar plate r1 c5 mesh
01:03:28 | INFO: Primitives created: 1
01:03:28 | INFO: Extracting primitive: takeda-samurai-02 odoshi lacing row 1
01:03:28 | INFO: Primitives created: 1
01:03:28 | INFO: Extracting primitive: takeda-samurai-02 chipped lacquer highlight r1 -0.16
01:03:28 | INFO: Primitives created: 1
01:03:28 | INFO: Extracting primitive: takeda-samurai-02 chipped lacquer highlight r1 0.0
01:03:28 | INFO: Primitives created: 1
01:03:28 | INFO: Extracting primitive: takeda-samurai-02 chipped lacquer highlight r1 0.16
01:03:28 | INFO: Primitives created: 1
01:03:28 | INFO: Extracting primitive: takeda-samurai-02 individual front lamellar plate r2 c1 mesh
01:03:28 | INFO: Primitives created: 1
01:03:28 | INFO: Extracting primitive: takeda-samurai-02 individual front lamellar plate r2 c2 mesh
01:03:28 | INFO: Primitives created: 1
01:03:28 | INFO: Extracting primitive: takeda-samurai-02 individual front lamellar plate r2 c3 mesh
01:03:28 | INFO: Primitives created: 1
01:03:28 | INFO: Extracting primitive: takeda-samurai-02 individual front lamellar plate r2 c4 mesh
01:03:28 | INFO: Primitives created: 1
01:03:28 | INFO: Extracting primitive: takeda-samurai-02 individual front lamellar plate r2 c5 mesh
01:03:28 | INFO: Primitives created: 1
01:03:28 | INFO: Extracting primitive: takeda-samurai-02 odoshi lacing row 2
01:03:28 | INFO: Primitives created: 1
01:03:28 | INFO: Extracting primitive: takeda-samurai-02 chipped lacquer highlight r2 -0.16
01:03:28 | INFO: Primitives created: 1
01:03:28 | INFO: Extracting primitive: takeda-samurai-02 chipped lacquer highlight r2 0.0
01:03:28 | INFO: Primitives created: 1
01:03:28 | INFO: Extracting primitive: takeda-samurai-02 chipped lacquer highlight r2 0.16
01:03:28 | INFO: Primitives created: 1
01:03:28 | INFO: Extracting primitive: takeda-samurai-02 individual front lamellar plate r3 c1 mesh
01:03:28 | INFO: Primitives created: 1
01:03:28 | INFO: Extracting primitive: takeda-samurai-02 individual front lamellar plate r3 c2 mesh
01:03:28 | INFO: Primitives created: 1
01:03:28 | INFO: Extracting primitive: takeda-samurai-02 individual front lamellar plate r3 c3 mesh
01:03:28 | INFO: Primitives created: 1
01:03:28 | INFO: Extracting primitive: takeda-samurai-02 individual front lamellar plate r3 c4 mesh
01:03:28 | INFO: Primitives created: 1
01:03:28 | INFO: Extracting primitive: takeda-samurai-02 individual front lamellar plate r3 c5 mesh
01:03:28 | INFO: Primitives created: 1
01:03:28 | INFO: Extracting primitive: takeda-samurai-02 odoshi lacing row 3
01:03:28 | INFO: Primitives created: 1
01:03:28 | INFO: Extracting primitive: takeda-samurai-02 chipped lacquer highlight r3 -0.16
01:03:28 | INFO: Primitives created: 1
01:03:28 | INFO: Extracting primitive: takeda-samurai-02 chipped lacquer highlight r3 0.0
01:03:28 | INFO: Primitives created: 1
01:03:28 | INFO: Extracting primitive: takeda-samurai-02 chipped lacquer highlight r3 0.16
01:03:28 | INFO: Primitives created: 1
01:03:28 | INFO: Extracting primitive: takeda-samurai-02 individual front lamellar plate r4 c1 mesh
01:03:28 | INFO: Primitives created: 1
01:03:28 | INFO: Extracting primitive: takeda-samurai-02 individual front lamellar plate r4 c2 mesh
01:03:28 | INFO: Primitives created: 1
01:03:28 | INFO: Extracting primitive: takeda-samurai-02 individual front lamellar plate r4 c3 mesh
01:03:28 | INFO: Primitives created: 1
01:03:28 | INFO: Extracting primitive: takeda-samurai-02 individual front lamellar plate r4 c4 mesh
01:03:28 | INFO: Primitives created: 1
01:03:28 | INFO: Extracting primitive: takeda-samurai-02 individual front lamellar plate r4 c5 mesh
01:03:28 | INFO: Primitives created: 1
01:03:28 | INFO: Extracting primitive: takeda-samurai-02 odoshi lacing row 4
01:03:28 | INFO: Primitives created: 1
01:03:28 | INFO: Extracting primitive: takeda-samurai-02 chipped lacquer highlight r4 -0.16
01:03:28 | INFO: Primitives created: 1
01:03:28 | INFO: Extracting primitive: takeda-samurai-02 chipped lacquer highlight r4 0.0
01:03:28 | INFO: Primitives created: 1
01:03:28 | INFO: Extracting primitive: takeda-samurai-02 chipped lacquer highlight r4 0.16
01:03:28 | INFO: Primitives created: 1
01:03:28 | INFO: Extracting primitive: takeda-samurai-02 rear lamellar back plate r1 c1 mesh
01:03:28 | INFO: Primitives created: 1
01:03:28 | INFO: Extracting primitive: takeda-samurai-02 rear lamellar back plate r1 c2 mesh
01:03:28 | INFO: Primitives created: 1
01:03:28 | INFO: Extracting primitive: takeda-samurai-02 rear lamellar back plate r1 c3 mesh
01:03:28 | INFO: Primitives created: 1
01:03:28 | INFO: Extracting primitive: takeda-samurai-02 rear lamellar back plate r1 c4 mesh
01:03:28 | INFO: Primitives created: 1
01:03:28 | INFO: Extracting primitive: takeda-samurai-02 rear odoshi lacing row 1
01:03:28 | INFO: Primitives created: 1
01:03:28 | INFO: Extracting primitive: takeda-samurai-02 rear lamellar back plate r2 c1 mesh
01:03:28 | INFO: Primitives created: 1
01:03:28 | INFO: Extracting primitive: takeda-samurai-02 rear lamellar back plate r2 c2 mesh
01:03:28 | INFO: Primitives created: 1
01:03:28 | INFO: Extracting primitive: takeda-samurai-02 rear lamellar back plate r2 c3 mesh
01:03:28 | INFO: Primitives created: 1
01:03:28 | INFO: Extracting primitive: takeda-samurai-02 rear lamellar back plate r2 c4 mesh
01:03:28 | INFO: Primitives created: 1
01:03:28 | INFO: Extracting primitive: takeda-samurai-02 rear odoshi lacing row 2
01:03:28 | INFO: Primitives created: 1
01:03:28 | INFO: Extracting primitive: takeda-samurai-02 rear lamellar back plate r3 c1 mesh
01:03:28 | INFO: Primitives created: 1
01:03:28 | INFO: Extracting primitive: takeda-samurai-02 rear lamellar back plate r3 c2 mesh
01:03:28 | INFO: Primitives created: 1
01:03:28 | INFO: Extracting primitive: takeda-samurai-02 rear lamellar back plate r3 c3 mesh
01:03:28 | INFO: Primitives created: 1
01:03:28 | INFO: Extracting primitive: takeda-samurai-02 rear lamellar back plate r3 c4 mesh
01:03:28 | INFO: Primitives created: 1
01:03:28 | INFO: Extracting primitive: takeda-samurai-02 rear odoshi lacing row 3
01:03:28 | INFO: Primitives created: 1
01:03:28 | INFO: Extracting primitive: takeda-samurai-02 rear lamellar back plate r4 c1 mesh
01:03:28 | INFO: Primitives created: 1
01:03:28 | INFO: Extracting primitive: takeda-samurai-02 rear lamellar back plate r4 c2 mesh
01:03:28 | INFO: Primitives created: 1
01:03:28 | INFO: Extracting primitive: takeda-samurai-02 rear lamellar back plate r4 c3 mesh
01:03:28 | INFO: Primitives created: 1
01:03:28 | INFO: Extracting primitive: takeda-samurai-02 rear lamellar back plate r4 c4 mesh
01:03:28 | INFO: Primitives created: 1
01:03:28 | INFO: Extracting primitive: takeda-samurai-02 rear odoshi lacing row 4
01:03:28 | INFO: Primitives created: 1
01:03:28 | INFO: Extracting primitive: takeda-samurai-02 rear lacquer edge scratch -0.17
01:03:28 | INFO: Primitives created: 1
01:03:28 | INFO: Extracting primitive: takeda-samurai-02 rear lacquer edge scratch -0.06
01:03:28 | INFO: Primitives created: 1
01:03:28 | INFO: Extracting primitive: takeda-samurai-02 rear lacquer edge scratch 0.06
01:03:28 | INFO: Primitives created: 1
01:03:28 | INFO: Extracting primitive: takeda-samurai-02 rear lacquer edge scratch 0.17
01:03:28 | INFO: Primitives created: 1
01:03:28 | INFO: Extracting primitive: Sphere.046
01:03:28 | INFO: Primitives created: 1
01:03:28 | INFO: Extracting primitive: takeda-samurai-02 articulated sode shoulder plate -1 1 mesh
01:03:28 | INFO: Primitives created: 1
01:03:28 | INFO: Extracting primitive: takeda-samurai-02 sode lacing -1 1
01:03:28 | INFO: Primitives created: 1
01:03:28 | INFO: Extracting primitive: takeda-samurai-02 articulated sode shoulder plate -1 2 mesh
01:03:28 | INFO: Primitives created: 1
01:03:28 | INFO: Extracting primitive: takeda-samurai-02 sode lacing -1 2
01:03:28 | INFO: Primitives created: 1
01:03:28 | INFO: Extracting primitive: takeda-samurai-02 articulated sode shoulder plate -1 3 mesh
01:03:28 | INFO: Primitives created: 1
01:03:28 | INFO: Extracting primitive: takeda-samurai-02 sode lacing -1 3
01:03:28 | INFO: Primitives created: 1
01:03:28 | INFO: Extracting primitive: takeda-samurai-02 articulated sode shoulder plate -1 4 mesh
01:03:28 | INFO: Primitives created: 1
01:03:28 | INFO: Extracting primitive: takeda-samurai-02 sode lacing -1 4
01:03:28 | INFO: Primitives created: 1
01:03:28 | INFO: Extracting primitive: Sphere.047
01:03:28 | INFO: Primitives created: 1
01:03:28 | INFO: Extracting primitive: Sphere.048
01:03:28 | INFO: Primitives created: 1
01:03:28 | INFO: Extracting primitive: Sphere.049
01:03:28 | INFO: Primitives created: 1
01:03:28 | INFO: Extracting primitive: Sphere.050
01:03:28 | INFO: Primitives created: 1
01:03:28 | INFO: Extracting primitive: Sphere.051
01:03:28 | INFO: Primitives created: 1
01:03:28 | INFO: Extracting primitive: Cube.009
01:03:28 | INFO: Primitives created: 1
01:03:28 | INFO: Extracting primitive: takeda-samurai-02 sandal toe strap -1
01:03:28 | INFO: Primitives created: 1
01:03:28 | INFO: Extracting primitive: Sphere.052
01:03:28 | INFO: Primitives created: 1
01:03:28 | INFO: Extracting primitive: takeda-samurai-02 articulated sode shoulder plate 1 1 mesh
01:03:28 | INFO: Primitives created: 1
01:03:28 | INFO: Extracting primitive: takeda-samurai-02 sode lacing 1 1
01:03:28 | INFO: Primitives created: 1
01:03:28 | INFO: Extracting primitive: takeda-samurai-02 articulated sode shoulder plate 1 2 mesh
01:03:28 | INFO: Primitives created: 1
01:03:28 | INFO: Extracting primitive: takeda-samurai-02 sode lacing 1 2
01:03:28 | INFO: Primitives created: 1
01:03:28 | INFO: Extracting primitive: takeda-samurai-02 articulated sode shoulder plate 1 3 mesh
01:03:28 | INFO: Primitives created: 1
01:03:28 | INFO: Extracting primitive: takeda-samurai-02 sode lacing 1 3
01:03:28 | INFO: Primitives created: 1
01:03:28 | INFO: Extracting primitive: takeda-samurai-02 articulated sode shoulder plate 1 4 mesh
01:03:28 | INFO: Primitives created: 1
01:03:28 | INFO: Extracting primitive: takeda-samurai-02 sode lacing 1 4
01:03:28 | INFO: Primitives created: 1
01:03:28 | INFO: Extracting primitive: Sphere.053
01:03:28 | INFO: Primitives created: 1
01:03:28 | INFO: Extracting primitive: Sphere.054
01:03:28 | INFO: Primitives created: 1
01:03:28 | INFO: Extracting primitive: Sphere.055
01:03:28 | INFO: Primitives created: 1
01:03:28 | INFO: Extracting primitive: Sphere.056
01:03:28 | INFO: Primitives created: 1
01:03:28 | INFO: Extracting primitive: Sphere.057
01:03:28 | INFO: Primitives created: 1
01:03:28 | INFO: Extracting primitive: Cube.010
01:03:28 | INFO: Primitives created: 1
01:03:28 | INFO: Extracting primitive: takeda-samurai-02 sandal toe strap 1
01:03:28 | INFO: Primitives created: 1
01:03:28 | INFO: Extracting primitive: takeda-samurai-02 kusazuri skirt -1 row 1 mesh
01:03:28 | INFO: Primitives created: 1
01:03:28 | INFO: Extracting primitive: takeda-samurai-02 kusazuri skirt -1 row 2 mesh
01:03:28 | INFO: Primitives created: 1
01:03:28 | INFO: Extracting primitive: takeda-samurai-02 kusazuri skirt 0 row 1 mesh
01:03:28 | INFO: Primitives created: 1
01:03:28 | INFO: Extracting primitive: takeda-samurai-02 kusazuri skirt 0 row 2 mesh
01:03:28 | INFO: Primitives created: 1
01:03:28 | INFO: Extracting primitive: takeda-samurai-02 kusazuri skirt 1 row 1 mesh
01:03:28 | INFO: Primitives created: 1
01:03:28 | INFO: Extracting primitive: takeda-samurai-02 kusazuri skirt 1 row 2 mesh
01:03:28 | INFO: Primitives created: 1
01:03:28 | INFO: Extracting primitive: takeda-samurai-02 yari shaft
01:03:28 | INFO: Primitives created: 1
01:03:28 | INFO: Extracting primitive: Cone.010
01:03:28 | INFO: Primitives created: 1
01:03:28 | INFO: Extracting primitive: takeda-samurai-02 sashimono bamboo pole
01:03:28 | INFO: Primitives created: 1
01:03:28 | INFO: Extracting primitive: takeda-samurai-02 wind-bent sashimono cloth panel mesh
01:03:28 | INFO: Primitives created: 1
01:03:28 | INFO: Extracting primitive: Cube.011
01:03:28 | INFO: Primitives created: 1
01:03:28 | INFO: Extracting primitive: Cube.012
01:03:28 | INFO: Primitives created: 1
01:03:28 | INFO: Extracting primitive: Cube.013
01:03:28 | INFO: Primitives created: 1
01:03:28 | INFO: Extracting primitive: Cube.014
01:03:28 | INFO: Primitives created: 1
01:03:28 | INFO: Extracting primitive: Sphere.058
01:03:28 | INFO: Primitives created: 1
01:03:28 | INFO: Extracting primitive: Sphere.059
01:03:28 | INFO: Primitives created: 1
01:03:28 | INFO: Extracting primitive: Sphere.060
01:03:28 | INFO: Primitives created: 1
01:03:28 | INFO: Extracting primitive: Sphere.061
01:03:28 | INFO: Primitives created: 1
01:03:28 | INFO: Extracting primitive: Cube.015
01:03:28 | INFO: Primitives created: 1
01:03:28 | INFO: Extracting primitive: Sphere.062
01:03:28 | INFO: Primitives created: 1
01:03:28 | INFO: Extracting primitive: Cone.011
01:03:28 | INFO: Primitives created: 1
01:03:28 | INFO: Extracting primitive: takeda-samurai-03 rear shikoro lamellar neck plate r1 c1 mesh
01:03:28 | INFO: Primitives created: 1
01:03:28 | INFO: Extracting primitive: takeda-samurai-03 rear shikoro lamellar neck plate r1 c2 mesh
01:03:28 | INFO: Primitives created: 1
01:03:28 | INFO: Extracting primitive: takeda-samurai-03 rear shikoro lamellar neck plate r1 c3 mesh
01:03:28 | INFO: Primitives created: 1
01:03:28 | INFO: Extracting primitive: takeda-samurai-03 rear shikoro lamellar neck plate r2 c1 mesh
01:03:28 | INFO: Primitives created: 1
01:03:28 | INFO: Extracting primitive: takeda-samurai-03 rear shikoro lamellar neck plate r2 c2 mesh
01:03:28 | INFO: Primitives created: 1
01:03:28 | INFO: Extracting primitive: takeda-samurai-03 rear shikoro lamellar neck plate r2 c3 mesh
01:03:28 | INFO: Primitives created: 1
01:03:28 | INFO: Extracting primitive: takeda-samurai-03 rear shikoro lamellar neck plate r3 c1 mesh
01:03:28 | INFO: Primitives created: 1
01:03:28 | INFO: Extracting primitive: takeda-samurai-03 rear shikoro lamellar neck plate r3 c2 mesh
01:03:28 | INFO: Primitives created: 1
01:03:28 | INFO: Extracting primitive: takeda-samurai-03 rear shikoro lamellar neck plate r3 c3 mesh
01:03:28 | INFO: Primitives created: 1
01:03:28 | INFO: Extracting primitive: takeda-samurai-03 raised kabuto rib 1
01:03:28 | INFO: Primitives created: 1
01:03:28 | INFO: Extracting primitive: takeda-samurai-03 raised kabuto rib 2
01:03:28 | INFO: Primitives created: 1
01:03:28 | INFO: Extracting primitive: takeda-samurai-03 raised kabuto rib 3
01:03:28 | INFO: Primitives created: 1
01:03:28 | INFO: Extracting primitive: takeda-samurai-03 crescent maedate crest
01:03:28 | INFO: Primitives created: 1
01:03:28 | INFO: Extracting primitive: takeda-samurai-03 individual front lamellar plate r1 c1 mesh
01:03:28 | INFO: Primitives created: 1
01:03:28 | INFO: Extracting primitive: takeda-samurai-03 individual front lamellar plate r1 c2 mesh
01:03:28 | INFO: Primitives created: 1
01:03:28 | INFO: Extracting primitive: takeda-samurai-03 individual front lamellar plate r1 c3 mesh
01:03:28 | INFO: Primitives created: 1
01:03:28 | INFO: Extracting primitive: takeda-samurai-03 individual front lamellar plate r1 c4 mesh
01:03:28 | INFO: Primitives created: 1
01:03:28 | INFO: Extracting primitive: takeda-samurai-03 individual front lamellar plate r1 c5 mesh
01:03:28 | INFO: Primitives created: 1
01:03:28 | INFO: Extracting primitive: takeda-samurai-03 odoshi lacing row 1
01:03:28 | INFO: Primitives created: 1
01:03:28 | INFO: Extracting primitive: takeda-samurai-03 chipped lacquer highlight r1 -0.16
01:03:28 | INFO: Primitives created: 1
01:03:28 | INFO: Extracting primitive: takeda-samurai-03 chipped lacquer highlight r1 0.0
01:03:28 | INFO: Primitives created: 1
01:03:28 | INFO: Extracting primitive: takeda-samurai-03 chipped lacquer highlight r1 0.16
01:03:28 | INFO: Primitives created: 1
01:03:28 | INFO: Extracting primitive: takeda-samurai-03 individual front lamellar plate r2 c1 mesh
01:03:28 | INFO: Primitives created: 1
01:03:28 | INFO: Extracting primitive: takeda-samurai-03 individual front lamellar plate r2 c2 mesh
01:03:28 | INFO: Primitives created: 1
01:03:28 | INFO: Extracting primitive: takeda-samurai-03 individual front lamellar plate r2 c3 mesh
01:03:28 | INFO: Primitives created: 1
01:03:28 | INFO: Extracting primitive: takeda-samurai-03 individual front lamellar plate r2 c4 mesh
01:03:28 | INFO: Primitives created: 1
01:03:28 | INFO: Extracting primitive: takeda-samurai-03 individual front lamellar plate r2 c5 mesh
01:03:28 | INFO: Primitives created: 1
01:03:28 | INFO: Extracting primitive: takeda-samurai-03 odoshi lacing row 2
01:03:28 | INFO: Primitives created: 1
01:03:28 | INFO: Extracting primitive: takeda-samurai-03 chipped lacquer highlight r2 -0.16
01:03:28 | INFO: Primitives created: 1
01:03:28 | INFO: Extracting primitive: takeda-samurai-03 chipped lacquer highlight r2 0.0
01:03:28 | INFO: Primitives created: 1
01:03:28 | INFO: Extracting primitive: takeda-samurai-03 chipped lacquer highlight r2 0.16
01:03:28 | INFO: Primitives created: 1
01:03:28 | INFO: Extracting primitive: takeda-samurai-03 individual front lamellar plate r3 c1 mesh
01:03:28 | INFO: Primitives created: 1
01:03:28 | INFO: Extracting primitive: takeda-samurai-03 individual front lamellar plate r3 c2 mesh
01:03:28 | INFO: Primitives created: 1
01:03:28 | INFO: Extracting primitive: takeda-samurai-03 individual front lamellar plate r3 c3 mesh
01:03:28 | INFO: Primitives created: 1
01:03:28 | INFO: Extracting primitive: takeda-samurai-03 individual front lamellar plate r3 c4 mesh
01:03:28 | INFO: Primitives created: 1
01:03:28 | INFO: Extracting primitive: takeda-samurai-03 individual front lamellar plate r3 c5 mesh
01:03:28 | INFO: Primitives created: 1
01:03:28 | INFO: Extracting primitive: takeda-samurai-03 odoshi lacing row 3
01:03:28 | INFO: Primitives created: 1
01:03:28 | INFO: Extracting primitive: takeda-samurai-03 chipped lacquer highlight r3 -0.16
01:03:28 | INFO: Primitives created: 1
01:03:28 | INFO: Extracting primitive: takeda-samurai-03 chipped lacquer highlight r3 0.0
01:03:28 | INFO: Primitives created: 1
01:03:28 | INFO: Extracting primitive: takeda-samurai-03 chipped lacquer highlight r3 0.16
01:03:28 | INFO: Primitives created: 1
01:03:28 | INFO: Extracting primitive: takeda-samurai-03 individual front lamellar plate r4 c1 mesh
01:03:28 | INFO: Primitives created: 1
01:03:28 | INFO: Extracting primitive: takeda-samurai-03 individual front lamellar plate r4 c2 mesh
01:03:28 | INFO: Primitives created: 1
01:03:28 | INFO: Extracting primitive: takeda-samurai-03 individual front lamellar plate r4 c3 mesh
01:03:28 | INFO: Primitives created: 1
01:03:28 | INFO: Extracting primitive: takeda-samurai-03 individual front lamellar plate r4 c4 mesh
01:03:28 | INFO: Primitives created: 1
01:03:28 | INFO: Extracting primitive: takeda-samurai-03 individual front lamellar plate r4 c5 mesh
01:03:28 | INFO: Primitives created: 1
01:03:28 | INFO: Extracting primitive: takeda-samurai-03 odoshi lacing row 4
01:03:28 | INFO: Primitives created: 1
01:03:28 | INFO: Extracting primitive: takeda-samurai-03 chipped lacquer highlight r4 -0.16
01:03:28 | INFO: Primitives created: 1
01:03:28 | INFO: Extracting primitive: takeda-samurai-03 chipped lacquer highlight r4 0.0
01:03:28 | INFO: Primitives created: 1
01:03:28 | INFO: Extracting primitive: takeda-samurai-03 chipped lacquer highlight r4 0.16
01:03:28 | INFO: Primitives created: 1
01:03:28 | INFO: Extracting primitive: takeda-samurai-03 rear lamellar back plate r1 c1 mesh
01:03:28 | INFO: Primitives created: 1
01:03:28 | INFO: Extracting primitive: takeda-samurai-03 rear lamellar back plate r1 c2 mesh
01:03:28 | INFO: Primitives created: 1
01:03:28 | INFO: Extracting primitive: takeda-samurai-03 rear lamellar back plate r1 c3 mesh
01:03:28 | INFO: Primitives created: 1
01:03:28 | INFO: Extracting primitive: takeda-samurai-03 rear lamellar back plate r1 c4 mesh
01:03:28 | INFO: Primitives created: 1
01:03:28 | INFO: Extracting primitive: takeda-samurai-03 rear odoshi lacing row 1
01:03:28 | INFO: Primitives created: 1
01:03:28 | INFO: Extracting primitive: takeda-samurai-03 rear lamellar back plate r2 c1 mesh
01:03:28 | INFO: Primitives created: 1
01:03:28 | INFO: Extracting primitive: takeda-samurai-03 rear lamellar back plate r2 c2 mesh
01:03:28 | INFO: Primitives created: 1
01:03:28 | INFO: Extracting primitive: takeda-samurai-03 rear lamellar back plate r2 c3 mesh
01:03:28 | INFO: Primitives created: 1
01:03:28 | INFO: Extracting primitive: takeda-samurai-03 rear lamellar back plate r2 c4 mesh
01:03:28 | INFO: Primitives created: 1
01:03:28 | INFO: Extracting primitive: takeda-samurai-03 rear odoshi lacing row 2
01:03:28 | INFO: Primitives created: 1
01:03:28 | INFO: Extracting primitive: takeda-samurai-03 rear lamellar back plate r3 c1 mesh
01:03:28 | INFO: Primitives created: 1
01:03:28 | INFO: Extracting primitive: takeda-samurai-03 rear lamellar back plate r3 c2 mesh
01:03:28 | INFO: Primitives created: 1
01:03:28 | INFO: Extracting primitive: takeda-samurai-03 rear lamellar back plate r3 c3 mesh
01:03:28 | INFO: Primitives created: 1
01:03:28 | INFO: Extracting primitive: takeda-samurai-03 rear lamellar back plate r3 c4 mesh
01:03:28 | INFO: Primitives created: 1
01:03:28 | INFO: Extracting primitive: takeda-samurai-03 rear odoshi lacing row 3
01:03:28 | INFO: Primitives created: 1
01:03:28 | INFO: Extracting primitive: takeda-samurai-03 rear lamellar back plate r4 c1 mesh
01:03:28 | INFO: Primitives created: 1
01:03:28 | INFO: Extracting primitive: takeda-samurai-03 rear lamellar back plate r4 c2 mesh
01:03:28 | INFO: Primitives created: 1
01:03:28 | INFO: Extracting primitive: takeda-samurai-03 rear lamellar back plate r4 c3 mesh
01:03:28 | INFO: Primitives created: 1
01:03:28 | INFO: Extracting primitive: takeda-samurai-03 rear lamellar back plate r4 c4 mesh
01:03:28 | INFO: Primitives created: 1
01:03:28 | INFO: Extracting primitive: takeda-samurai-03 rear odoshi lacing row 4
01:03:28 | INFO: Primitives created: 1
01:03:28 | INFO: Extracting primitive: takeda-samurai-03 rear lacquer edge scratch -0.17
01:03:28 | INFO: Primitives created: 1
01:03:28 | INFO: Extracting primitive: takeda-samurai-03 rear lacquer edge scratch -0.06
01:03:28 | INFO: Primitives created: 1
01:03:28 | INFO: Extracting primitive: takeda-samurai-03 rear lacquer edge scratch 0.06
01:03:28 | INFO: Primitives created: 1
01:03:28 | INFO: Extracting primitive: takeda-samurai-03 rear lacquer edge scratch 0.17
01:03:28 | INFO: Primitives created: 1
01:03:28 | INFO: Extracting primitive: Sphere.063
01:03:28 | INFO: Primitives created: 1
01:03:28 | INFO: Extracting primitive: takeda-samurai-03 articulated sode shoulder plate -1 1 mesh
01:03:28 | INFO: Primitives created: 1
01:03:28 | INFO: Extracting primitive: takeda-samurai-03 sode lacing -1 1
01:03:28 | INFO: Primitives created: 1
01:03:28 | INFO: Extracting primitive: takeda-samurai-03 articulated sode shoulder plate -1 2 mesh
01:03:28 | INFO: Primitives created: 1
01:03:28 | INFO: Extracting primitive: takeda-samurai-03 sode lacing -1 2
01:03:28 | INFO: Primitives created: 1
01:03:28 | INFO: Extracting primitive: takeda-samurai-03 articulated sode shoulder plate -1 3 mesh
01:03:28 | INFO: Primitives created: 1
01:03:28 | INFO: Extracting primitive: takeda-samurai-03 sode lacing -1 3
01:03:28 | INFO: Primitives created: 1
01:03:28 | INFO: Extracting primitive: takeda-samurai-03 articulated sode shoulder plate -1 4 mesh
01:03:28 | INFO: Primitives created: 1
01:03:28 | INFO: Extracting primitive: takeda-samurai-03 sode lacing -1 4
01:03:28 | INFO: Primitives created: 1
01:03:28 | INFO: Extracting primitive: Sphere.064
01:03:28 | INFO: Primitives created: 1
01:03:28 | INFO: Extracting primitive: Sphere.065
01:03:28 | INFO: Primitives created: 1
01:03:28 | INFO: Extracting primitive: Sphere.066
01:03:28 | INFO: Primitives created: 1
01:03:28 | INFO: Extracting primitive: Sphere.067
01:03:28 | INFO: Primitives created: 1
01:03:28 | INFO: Extracting primitive: Sphere.068
01:03:28 | INFO: Primitives created: 1
01:03:28 | INFO: Extracting primitive: Cube.016
01:03:28 | INFO: Primitives created: 1
01:03:28 | INFO: Extracting primitive: takeda-samurai-03 sandal toe strap -1
01:03:28 | INFO: Primitives created: 1
01:03:28 | INFO: Extracting primitive: Sphere.069
01:03:28 | INFO: Primitives created: 1
01:03:28 | INFO: Extracting primitive: takeda-samurai-03 articulated sode shoulder plate 1 1 mesh
01:03:28 | INFO: Primitives created: 1
01:03:28 | INFO: Extracting primitive: takeda-samurai-03 sode lacing 1 1
01:03:28 | INFO: Primitives created: 1
01:03:28 | INFO: Extracting primitive: takeda-samurai-03 articulated sode shoulder plate 1 2 mesh
01:03:28 | INFO: Primitives created: 1
01:03:28 | INFO: Extracting primitive: takeda-samurai-03 sode lacing 1 2
01:03:28 | INFO: Primitives created: 1
01:03:28 | INFO: Extracting primitive: takeda-samurai-03 articulated sode shoulder plate 1 3 mesh
01:03:28 | INFO: Primitives created: 1
01:03:28 | INFO: Extracting primitive: takeda-samurai-03 sode lacing 1 3
01:03:28 | INFO: Primitives created: 1
01:03:28 | INFO: Extracting primitive: takeda-samurai-03 articulated sode shoulder plate 1 4 mesh
01:03:28 | INFO: Primitives created: 1
01:03:28 | INFO: Extracting primitive: takeda-samurai-03 sode lacing 1 4
01:03:28 | INFO: Primitives created: 1
01:03:28 | INFO: Extracting primitive: Sphere.070
01:03:28 | INFO: Primitives created: 1
01:03:28 | INFO: Extracting primitive: Sphere.071
01:03:28 | INFO: Primitives created: 1
01:03:28 | INFO: Extracting primitive: Sphere.072
01:03:28 | INFO: Primitives created: 1
01:03:28 | INFO: Extracting primitive: Sphere.073
01:03:28 | INFO: Primitives created: 1
01:03:28 | INFO: Extracting primitive: Sphere.074
01:03:28 | INFO: Primitives created: 1
01:03:28 | INFO: Extracting primitive: Cube.017
01:03:28 | INFO: Primitives created: 1
01:03:28 | INFO: Extracting primitive: takeda-samurai-03 sandal toe strap 1
01:03:28 | INFO: Primitives created: 1
01:03:28 | INFO: Extracting primitive: takeda-samurai-03 kusazuri skirt -1 row 1 mesh
01:03:28 | INFO: Primitives created: 1
01:03:28 | INFO: Extracting primitive: takeda-samurai-03 kusazuri skirt -1 row 2 mesh
01:03:28 | INFO: Primitives created: 1
01:03:28 | INFO: Extracting primitive: takeda-samurai-03 kusazuri skirt 0 row 1 mesh
01:03:28 | INFO: Primitives created: 1
01:03:28 | INFO: Extracting primitive: takeda-samurai-03 kusazuri skirt 0 row 2 mesh
01:03:28 | INFO: Primitives created: 1
01:03:28 | INFO: Extracting primitive: takeda-samurai-03 kusazuri skirt 1 row 1 mesh
01:03:28 | INFO: Primitives created: 1
01:03:28 | INFO: Extracting primitive: takeda-samurai-03 kusazuri skirt 1 row 2 mesh
01:03:28 | INFO: Primitives created: 1
01:03:28 | INFO: Extracting primitive: takeda-samurai-03 raised katana blade
01:03:28 | INFO: Primitives created: 1
01:03:28 | INFO: Extracting primitive: Cylinder.009
01:03:28 | INFO: Primitives created: 1
01:03:28 | INFO: Extracting primitive: takeda-samurai-03 sashimono bamboo pole
01:03:28 | INFO: Primitives created: 1
01:03:28 | INFO: Extracting primitive: takeda-samurai-03 wind-bent sashimono cloth panel mesh
01:03:28 | INFO: Primitives created: 1
01:03:28 | INFO: Extracting primitive: Cube.018
01:03:28 | INFO: Primitives created: 1
01:03:28 | INFO: Extracting primitive: Cube.019
01:03:28 | INFO: Primitives created: 1
01:03:28 | INFO: Extracting primitive: Cube.020
01:03:28 | INFO: Primitives created: 1
01:03:28 | INFO: Extracting primitive: Cube.021
01:03:28 | INFO: Primitives created: 1
01:03:28 | INFO: Extracting primitive: Sphere.075
01:03:28 | INFO: Primitives created: 1
01:03:28 | INFO: Extracting primitive: Sphere.076
01:03:28 | INFO: Primitives created: 1
01:03:28 | INFO: Extracting primitive: Sphere.077
01:03:28 | INFO: Primitives created: 1
01:03:28 | INFO: Extracting primitive: Sphere.078
01:03:28 | INFO: Primitives created: 1
01:03:28 | INFO: Extracting primitive: Cube.022
01:03:28 | INFO: Primitives created: 1
01:03:28 | INFO: Extracting primitive: Sphere.079
01:03:28 | INFO: Primitives created: 1
01:03:28 | INFO: Extracting primitive: Cone.012
01:03:28 | INFO: Primitives created: 1
01:03:28 | INFO: Extracting primitive: takeda-samurai-04 rear shikoro lamellar neck plate r1 c1 mesh
01:03:28 | INFO: Primitives created: 1
01:03:28 | INFO: Extracting primitive: takeda-samurai-04 rear shikoro lamellar neck plate r1 c2 mesh
01:03:28 | INFO: Primitives created: 1
01:03:28 | INFO: Extracting primitive: takeda-samurai-04 rear shikoro lamellar neck plate r1 c3 mesh
01:03:28 | INFO: Primitives created: 1
01:03:28 | INFO: Extracting primitive: takeda-samurai-04 rear shikoro lamellar neck plate r2 c1 mesh
01:03:28 | INFO: Primitives created: 1
01:03:28 | INFO: Extracting primitive: takeda-samurai-04 rear shikoro lamellar neck plate r2 c2 mesh
01:03:28 | INFO: Primitives created: 1
01:03:28 | INFO: Extracting primitive: takeda-samurai-04 rear shikoro lamellar neck plate r2 c3 mesh
01:03:28 | INFO: Primitives created: 1
01:03:28 | INFO: Extracting primitive: takeda-samurai-04 rear shikoro lamellar neck plate r3 c1 mesh
01:03:28 | INFO: Primitives created: 1
01:03:28 | INFO: Extracting primitive: takeda-samurai-04 rear shikoro lamellar neck plate r3 c2 mesh
01:03:28 | INFO: Primitives created: 1
01:03:28 | INFO: Extracting primitive: takeda-samurai-04 rear shikoro lamellar neck plate r3 c3 mesh
01:03:28 | INFO: Primitives created: 1
01:03:28 | INFO: Extracting primitive: takeda-samurai-04 raised kabuto rib 1
01:03:28 | INFO: Primitives created: 1
01:03:28 | INFO: Extracting primitive: takeda-samurai-04 raised kabuto rib 2
01:03:28 | INFO: Primitives created: 1
01:03:28 | INFO: Extracting primitive: takeda-samurai-04 raised kabuto rib 3
01:03:28 | INFO: Primitives created: 1
01:03:28 | INFO: Extracting primitive: takeda-samurai-04 crescent maedate crest
01:03:28 | INFO: Primitives created: 1
01:03:28 | INFO: Extracting primitive: takeda-samurai-04 individual front lamellar plate r1 c1 mesh
01:03:28 | INFO: Primitives created: 1
01:03:28 | INFO: Extracting primitive: takeda-samurai-04 individual front lamellar plate r1 c2 mesh
01:03:28 | INFO: Primitives created: 1
01:03:28 | INFO: Extracting primitive: takeda-samurai-04 individual front lamellar plate r1 c3 mesh
01:03:28 | INFO: Primitives created: 1
01:03:28 | INFO: Extracting primitive: takeda-samurai-04 individual front lamellar plate r1 c4 mesh
01:03:28 | INFO: Primitives created: 1
01:03:28 | INFO: Extracting primitive: takeda-samurai-04 individual front lamellar plate r1 c5 mesh
01:03:28 | INFO: Primitives created: 1
01:03:28 | INFO: Extracting primitive: takeda-samurai-04 odoshi lacing row 1
01:03:28 | INFO: Primitives created: 1
01:03:28 | INFO: Extracting primitive: takeda-samurai-04 chipped lacquer highlight r1 -0.16
01:03:28 | INFO: Primitives created: 1
01:03:28 | INFO: Extracting primitive: takeda-samurai-04 chipped lacquer highlight r1 0.0
01:03:28 | INFO: Primitives created: 1
01:03:28 | INFO: Extracting primitive: takeda-samurai-04 chipped lacquer highlight r1 0.16
01:03:28 | INFO: Primitives created: 1
01:03:28 | INFO: Extracting primitive: takeda-samurai-04 individual front lamellar plate r2 c1 mesh
01:03:28 | INFO: Primitives created: 1
01:03:28 | INFO: Extracting primitive: takeda-samurai-04 individual front lamellar plate r2 c2 mesh
01:03:28 | INFO: Primitives created: 1
01:03:28 | INFO: Extracting primitive: takeda-samurai-04 individual front lamellar plate r2 c3 mesh
01:03:28 | INFO: Primitives created: 1
01:03:28 | INFO: Extracting primitive: takeda-samurai-04 individual front lamellar plate r2 c4 mesh
01:03:28 | INFO: Primitives created: 1
01:03:28 | INFO: Extracting primitive: takeda-samurai-04 individual front lamellar plate r2 c5 mesh
01:03:28 | INFO: Primitives created: 1
01:03:28 | INFO: Extracting primitive: takeda-samurai-04 odoshi lacing row 2
01:03:28 | INFO: Primitives created: 1
01:03:28 | INFO: Extracting primitive: takeda-samurai-04 chipped lacquer highlight r2 -0.16
01:03:28 | INFO: Primitives created: 1
01:03:28 | INFO: Extracting primitive: takeda-samurai-04 chipped lacquer highlight r2 0.0
01:03:28 | INFO: Primitives created: 1
01:03:28 | INFO: Extracting primitive: takeda-samurai-04 chipped lacquer highlight r2 0.16
01:03:28 | INFO: Primitives created: 1
01:03:28 | INFO: Extracting primitive: takeda-samurai-04 individual front lamellar plate r3 c1 mesh
01:03:28 | INFO: Primitives created: 1
01:03:28 | INFO: Extracting primitive: takeda-samurai-04 individual front lamellar plate r3 c2 mesh
01:03:28 | INFO: Primitives created: 1
01:03:28 | INFO: Extracting primitive: takeda-samurai-04 individual front lamellar plate r3 c3 mesh
01:03:28 | INFO: Primitives created: 1
01:03:28 | INFO: Extracting primitive: takeda-samurai-04 individual front lamellar plate r3 c4 mesh
01:03:28 | INFO: Primitives created: 1
01:03:28 | INFO: Extracting primitive: takeda-samurai-04 individual front lamellar plate r3 c5 mesh
01:03:28 | INFO: Primitives created: 1
01:03:28 | INFO: Extracting primitive: takeda-samurai-04 odoshi lacing row 3
01:03:28 | INFO: Primitives created: 1
01:03:28 | INFO: Extracting primitive: takeda-samurai-04 chipped lacquer highlight r3 -0.16
01:03:28 | INFO: Primitives created: 1
01:03:28 | INFO: Extracting primitive: takeda-samurai-04 chipped lacquer highlight r3 0.0
01:03:28 | INFO: Primitives created: 1
01:03:28 | INFO: Extracting primitive: takeda-samurai-04 chipped lacquer highlight r3 0.16
01:03:28 | INFO: Primitives created: 1
01:03:28 | INFO: Extracting primitive: takeda-samurai-04 individual front lamellar plate r4 c1 mesh
01:03:28 | INFO: Primitives created: 1
01:03:28 | INFO: Extracting primitive: takeda-samurai-04 individual front lamellar plate r4 c2 mesh
01:03:28 | INFO: Primitives created: 1
01:03:28 | INFO: Extracting primitive: takeda-samurai-04 individual front lamellar plate r4 c3 mesh
01:03:28 | INFO: Primitives created: 1
01:03:28 | INFO: Extracting primitive: takeda-samurai-04 individual front lamellar plate r4 c4 mesh
01:03:28 | INFO: Primitives created: 1
01:03:28 | INFO: Extracting primitive: takeda-samurai-04 individual front lamellar plate r4 c5 mesh
01:03:28 | INFO: Primitives created: 1
01:03:28 | INFO: Extracting primitive: takeda-samurai-04 odoshi lacing row 4
01:03:28 | INFO: Primitives created: 1
01:03:28 | INFO: Extracting primitive: takeda-samurai-04 chipped lacquer highlight r4 -0.16
01:03:28 | INFO: Primitives created: 1
01:03:28 | INFO: Extracting primitive: takeda-samurai-04 chipped lacquer highlight r4 0.0
01:03:28 | INFO: Primitives created: 1
01:03:28 | INFO: Extracting primitive: takeda-samurai-04 chipped lacquer highlight r4 0.16
01:03:28 | INFO: Primitives created: 1
01:03:28 | INFO: Extracting primitive: takeda-samurai-04 rear lamellar back plate r1 c1 mesh
01:03:28 | INFO: Primitives created: 1
01:03:28 | INFO: Extracting primitive: takeda-samurai-04 rear lamellar back plate r1 c2 mesh
01:03:28 | INFO: Primitives created: 1
01:03:28 | INFO: Extracting primitive: takeda-samurai-04 rear lamellar back plate r1 c3 mesh
01:03:28 | INFO: Primitives created: 1
01:03:28 | INFO: Extracting primitive: takeda-samurai-04 rear lamellar back plate r1 c4 mesh
01:03:28 | INFO: Primitives created: 1
01:03:28 | INFO: Extracting primitive: takeda-samurai-04 rear odoshi lacing row 1
01:03:28 | INFO: Primitives created: 1
01:03:28 | INFO: Extracting primitive: takeda-samurai-04 rear lamellar back plate r2 c1 mesh
01:03:28 | INFO: Primitives created: 1
01:03:28 | INFO: Extracting primitive: takeda-samurai-04 rear lamellar back plate r2 c2 mesh
01:03:28 | INFO: Primitives created: 1
01:03:28 | INFO: Extracting primitive: takeda-samurai-04 rear lamellar back plate r2 c3 mesh
01:03:28 | INFO: Primitives created: 1
01:03:28 | INFO: Extracting primitive: takeda-samurai-04 rear lamellar back plate r2 c4 mesh
01:03:28 | INFO: Primitives created: 1
01:03:28 | INFO: Extracting primitive: takeda-samurai-04 rear odoshi lacing row 2
01:03:28 | INFO: Primitives created: 1
01:03:28 | INFO: Extracting primitive: takeda-samurai-04 rear lamellar back plate r3 c1 mesh
01:03:28 | INFO: Primitives created: 1
01:03:28 | INFO: Extracting primitive: takeda-samurai-04 rear lamellar back plate r3 c2 mesh
01:03:28 | INFO: Primitives created: 1
01:03:28 | INFO: Extracting primitive: takeda-samurai-04 rear lamellar back plate r3 c3 mesh
01:03:28 | INFO: Primitives created: 1
01:03:28 | INFO: Extracting primitive: takeda-samurai-04 rear lamellar back plate r3 c4 mesh
01:03:28 | INFO: Primitives created: 1
01:03:28 | INFO: Extracting primitive: takeda-samurai-04 rear odoshi lacing row 3
01:03:28 | INFO: Primitives created: 1
01:03:28 | INFO: Extracting primitive: takeda-samurai-04 rear lamellar back plate r4 c1 mesh
01:03:28 | INFO: Primitives created: 1
01:03:28 | INFO: Extracting primitive: takeda-samurai-04 rear lamellar back plate r4 c2 mesh
01:03:28 | INFO: Primitives created: 1
01:03:28 | INFO: Extracting primitive: takeda-samurai-04 rear lamellar back plate r4 c3 mesh
01:03:28 | INFO: Primitives created: 1
01:03:28 | INFO: Extracting primitive: takeda-samurai-04 rear lamellar back plate r4 c4 mesh
01:03:28 | INFO: Primitives created: 1
01:03:28 | INFO: Extracting primitive: takeda-samurai-04 rear odoshi lacing row 4
01:03:28 | INFO: Primitives created: 1
01:03:28 | INFO: Extracting primitive: takeda-samurai-04 rear lacquer edge scratch -0.17
01:03:28 | INFO: Primitives created: 1
01:03:28 | INFO: Extracting primitive: takeda-samurai-04 rear lacquer edge scratch -0.06
01:03:28 | INFO: Primitives created: 1
01:03:28 | INFO: Extracting primitive: takeda-samurai-04 rear lacquer edge scratch 0.06
01:03:28 | INFO: Primitives created: 1
01:03:28 | INFO: Extracting primitive: takeda-samurai-04 rear lacquer edge scratch 0.17
01:03:28 | INFO: Primitives created: 1
01:03:28 | INFO: Extracting primitive: Sphere.080
01:03:28 | INFO: Primitives created: 1
01:03:28 | INFO: Extracting primitive: takeda-samurai-04 articulated sode shoulder plate -1 1 mesh
01:03:28 | INFO: Primitives created: 1
01:03:28 | INFO: Extracting primitive: takeda-samurai-04 sode lacing -1 1
01:03:28 | INFO: Primitives created: 1
01:03:28 | INFO: Extracting primitive: takeda-samurai-04 articulated sode shoulder plate -1 2 mesh
01:03:28 | INFO: Primitives created: 1
01:03:28 | INFO: Extracting primitive: takeda-samurai-04 sode lacing -1 2
01:03:28 | INFO: Primitives created: 1
01:03:28 | INFO: Extracting primitive: takeda-samurai-04 articulated sode shoulder plate -1 3 mesh
01:03:28 | INFO: Primitives created: 1
01:03:28 | INFO: Extracting primitive: takeda-samurai-04 sode lacing -1 3
01:03:28 | INFO: Primitives created: 1
01:03:28 | INFO: Extracting primitive: takeda-samurai-04 articulated sode shoulder plate -1 4 mesh
01:03:28 | INFO: Primitives created: 1
01:03:28 | INFO: Extracting primitive: takeda-samurai-04 sode lacing -1 4
01:03:28 | INFO: Primitives created: 1
01:03:28 | INFO: Extracting primitive: Sphere.081
01:03:28 | INFO: Primitives created: 1
01:03:28 | INFO: Extracting primitive: Sphere.082
01:03:28 | INFO: Primitives created: 1
01:03:28 | INFO: Extracting primitive: Sphere.083
01:03:28 | INFO: Primitives created: 1
01:03:28 | INFO: Extracting primitive: Sphere.084
01:03:28 | INFO: Primitives created: 1
01:03:28 | INFO: Extracting primitive: Sphere.085
01:03:28 | INFO: Primitives created: 1
01:03:28 | INFO: Extracting primitive: Cube.023
01:03:28 | INFO: Primitives created: 1
01:03:28 | INFO: Extracting primitive: takeda-samurai-04 sandal toe strap -1
01:03:28 | INFO: Primitives created: 1
01:03:28 | INFO: Extracting primitive: Sphere.086
01:03:28 | INFO: Primitives created: 1
01:03:28 | INFO: Extracting primitive: takeda-samurai-04 articulated sode shoulder plate 1 1 mesh
01:03:28 | INFO: Primitives created: 1
01:03:28 | INFO: Extracting primitive: takeda-samurai-04 sode lacing 1 1
01:03:28 | INFO: Primitives created: 1
01:03:28 | INFO: Extracting primitive: takeda-samurai-04 articulated sode shoulder plate 1 2 mesh
01:03:28 | INFO: Primitives created: 1
01:03:28 | INFO: Extracting primitive: takeda-samurai-04 sode lacing 1 2
01:03:28 | INFO: Primitives created: 1
01:03:28 | INFO: Extracting primitive: takeda-samurai-04 articulated sode shoulder plate 1 3 mesh
01:03:28 | INFO: Primitives created: 1
01:03:28 | INFO: Extracting primitive: takeda-samurai-04 sode lacing 1 3
01:03:28 | INFO: Primitives created: 1
01:03:28 | INFO: Extracting primitive: takeda-samurai-04 articulated sode shoulder plate 1 4 mesh
01:03:28 | INFO: Primitives created: 1
01:03:28 | INFO: Extracting primitive: takeda-samurai-04 sode lacing 1 4
01:03:28 | INFO: Primitives created: 1
01:03:28 | INFO: Extracting primitive: Sphere.087
01:03:28 | INFO: Primitives created: 1
01:03:28 | INFO: Extracting primitive: Sphere.088
01:03:28 | INFO: Primitives created: 1
01:03:28 | INFO: Extracting primitive: Sphere.089
01:03:28 | INFO: Primitives created: 1
01:03:28 | INFO: Extracting primitive: Sphere.090
01:03:28 | INFO: Primitives created: 1
01:03:28 | INFO: Extracting primitive: Sphere.091
01:03:28 | INFO: Primitives created: 1
01:03:28 | INFO: Extracting primitive: Cube.024
01:03:28 | INFO: Primitives created: 1
01:03:28 | INFO: Extracting primitive: takeda-samurai-04 sandal toe strap 1
01:03:28 | INFO: Primitives created: 1
01:03:28 | INFO: Extracting primitive: takeda-samurai-04 kusazuri skirt -1 row 1 mesh
01:03:28 | INFO: Primitives created: 1
01:03:28 | INFO: Extracting primitive: takeda-samurai-04 kusazuri skirt -1 row 2 mesh
01:03:28 | INFO: Primitives created: 1
01:03:28 | INFO: Extracting primitive: takeda-samurai-04 kusazuri skirt 0 row 1 mesh
01:03:28 | INFO: Primitives created: 1
01:03:28 | INFO: Extracting primitive: takeda-samurai-04 kusazuri skirt 0 row 2 mesh
01:03:28 | INFO: Primitives created: 1
01:03:28 | INFO: Extracting primitive: takeda-samurai-04 kusazuri skirt 1 row 1 mesh
01:03:28 | INFO: Primitives created: 1
01:03:28 | INFO: Extracting primitive: takeda-samurai-04 kusazuri skirt 1 row 2 mesh
01:03:28 | INFO: Primitives created: 1
01:03:28 | INFO: Extracting primitive: takeda-samurai-04 guard katana blade
01:03:28 | INFO: Primitives created: 1
01:03:28 | INFO: Extracting primitive: Cylinder.010
01:03:28 | INFO: Primitives created: 1
01:03:28 | INFO: Extracting primitive: takeda-samurai-04 sashimono bamboo pole
01:03:28 | INFO: Primitives created: 1
01:03:28 | INFO: Extracting primitive: takeda-samurai-04 wind-bent sashimono cloth panel mesh
01:03:28 | INFO: Primitives created: 1
01:03:28 | INFO: Extracting primitive: Cube.025
01:03:28 | INFO: Primitives created: 1
01:03:28 | INFO: Extracting primitive: Cube.026
01:03:28 | INFO: Primitives created: 1
01:03:28 | INFO: Extracting primitive: Cube.027
01:03:28 | INFO: Primitives created: 1
01:03:28 | INFO: Extracting primitive: Cube.028
01:03:28 | INFO: Primitives created: 1
01:03:28 | INFO: Extracting primitive: Sphere.092
01:03:28 | INFO: Primitives created: 1
01:03:28 | INFO: Extracting primitive: Sphere.093
01:03:28 | INFO: Primitives created: 1
01:03:28 | INFO: Extracting primitive: Sphere.094
01:03:28 | INFO: Primitives created: 1
01:03:28 | INFO: Extracting primitive: Sphere.095
01:03:28 | INFO: Primitives created: 1
01:03:28 | INFO: Extracting primitive: Cube.029
01:03:28 | INFO: Primitives created: 1
01:03:28 | INFO: Extracting primitive: Sphere.096
01:03:28 | INFO: Primitives created: 1
01:03:28 | INFO: Extracting primitive: Cone.013
01:03:28 | INFO: Primitives created: 1
01:03:28 | INFO: Extracting primitive: takeda-samurai-05 rear shikoro lamellar neck plate r1 c1 mesh
01:03:28 | INFO: Primitives created: 1
01:03:28 | INFO: Extracting primitive: takeda-samurai-05 rear shikoro lamellar neck plate r1 c2 mesh
01:03:28 | INFO: Primitives created: 1
01:03:28 | INFO: Extracting primitive: takeda-samurai-05 rear shikoro lamellar neck plate r1 c3 mesh
01:03:28 | INFO: Primitives created: 1
01:03:28 | INFO: Extracting primitive: takeda-samurai-05 rear shikoro lamellar neck plate r2 c1 mesh
01:03:28 | INFO: Primitives created: 1
01:03:28 | INFO: Extracting primitive: takeda-samurai-05 rear shikoro lamellar neck plate r2 c2 mesh
01:03:28 | INFO: Primitives created: 1
01:03:28 | INFO: Extracting primitive: takeda-samurai-05 rear shikoro lamellar neck plate r2 c3 mesh
01:03:28 | INFO: Primitives created: 1
01:03:28 | INFO: Extracting primitive: takeda-samurai-05 rear shikoro lamellar neck plate r3 c1 mesh
01:03:28 | INFO: Primitives created: 1
01:03:28 | INFO: Extracting primitive: takeda-samurai-05 rear shikoro lamellar neck plate r3 c2 mesh
01:03:28 | INFO: Primitives created: 1
01:03:28 | INFO: Extracting primitive: takeda-samurai-05 rear shikoro lamellar neck plate r3 c3 mesh
01:03:28 | INFO: Primitives created: 1
01:03:28 | INFO: Extracting primitive: takeda-samurai-05 raised kabuto rib 1
01:03:28 | INFO: Primitives created: 1
01:03:28 | INFO: Extracting primitive: takeda-samurai-05 raised kabuto rib 2
01:03:28 | INFO: Primitives created: 1
01:03:28 | INFO: Extracting primitive: takeda-samurai-05 raised kabuto rib 3
01:03:28 | INFO: Primitives created: 1
01:03:28 | INFO: Extracting primitive: takeda-samurai-05 crescent maedate crest
01:03:28 | INFO: Primitives created: 1
01:03:28 | INFO: Extracting primitive: takeda-samurai-05 individual front lamellar plate r1 c1 mesh
01:03:28 | INFO: Primitives created: 1
01:03:28 | INFO: Extracting primitive: takeda-samurai-05 individual front lamellar plate r1 c2 mesh
01:03:28 | INFO: Primitives created: 1
01:03:28 | INFO: Extracting primitive: takeda-samurai-05 individual front lamellar plate r1 c3 mesh
01:03:28 | INFO: Primitives created: 1
01:03:28 | INFO: Extracting primitive: takeda-samurai-05 individual front lamellar plate r1 c4 mesh
01:03:28 | INFO: Primitives created: 1
01:03:28 | INFO: Extracting primitive: takeda-samurai-05 individual front lamellar plate r1 c5 mesh
01:03:28 | INFO: Primitives created: 1
01:03:28 | INFO: Extracting primitive: takeda-samurai-05 odoshi lacing row 1
01:03:28 | INFO: Primitives created: 1
01:03:28 | INFO: Extracting primitive: takeda-samurai-05 chipped lacquer highlight r1 -0.16
01:03:28 | INFO: Primitives created: 1
01:03:28 | INFO: Extracting primitive: takeda-samurai-05 chipped lacquer highlight r1 0.0
01:03:28 | INFO: Primitives created: 1
01:03:28 | INFO: Extracting primitive: takeda-samurai-05 chipped lacquer highlight r1 0.16
01:03:28 | INFO: Primitives created: 1
01:03:28 | INFO: Extracting primitive: takeda-samurai-05 individual front lamellar plate r2 c1 mesh
01:03:28 | INFO: Primitives created: 1
01:03:28 | INFO: Extracting primitive: takeda-samurai-05 individual front lamellar plate r2 c2 mesh
01:03:28 | INFO: Primitives created: 1
01:03:28 | INFO: Extracting primitive: takeda-samurai-05 individual front lamellar plate r2 c3 mesh
01:03:28 | INFO: Primitives created: 1
01:03:28 | INFO: Extracting primitive: takeda-samurai-05 individual front lamellar plate r2 c4 mesh
01:03:28 | INFO: Primitives created: 1
01:03:28 | INFO: Extracting primitive: takeda-samurai-05 individual front lamellar plate r2 c5 mesh
01:03:28 | INFO: Primitives created: 1
01:03:28 | INFO: Extracting primitive: takeda-samurai-05 odoshi lacing row 2
01:03:28 | INFO: Primitives created: 1
01:03:28 | INFO: Extracting primitive: takeda-samurai-05 chipped lacquer highlight r2 -0.16
01:03:28 | INFO: Primitives created: 1
01:03:28 | INFO: Extracting primitive: takeda-samurai-05 chipped lacquer highlight r2 0.0
01:03:28 | INFO: Primitives created: 1
01:03:28 | INFO: Extracting primitive: takeda-samurai-05 chipped lacquer highlight r2 0.16
01:03:28 | INFO: Primitives created: 1
01:03:28 | INFO: Extracting primitive: takeda-samurai-05 individual front lamellar plate r3 c1 mesh
01:03:28 | INFO: Primitives created: 1
01:03:28 | INFO: Extracting primitive: takeda-samurai-05 individual front lamellar plate r3 c2 mesh
01:03:28 | INFO: Primitives created: 1
01:03:28 | INFO: Extracting primitive: takeda-samurai-05 individual front lamellar plate r3 c3 mesh
01:03:28 | INFO: Primitives created: 1
01:03:28 | INFO: Extracting primitive: takeda-samurai-05 individual front lamellar plate r3 c4 mesh
01:03:28 | INFO: Primitives created: 1
01:03:28 | INFO: Extracting primitive: takeda-samurai-05 individual front lamellar plate r3 c5 mesh
01:03:28 | INFO: Primitives created: 1
01:03:28 | INFO: Extracting primitive: takeda-samurai-05 odoshi lacing row 3
01:03:28 | INFO: Primitives created: 1
01:03:28 | INFO: Extracting primitive: takeda-samurai-05 chipped lacquer highlight r3 -0.16
01:03:28 | INFO: Primitives created: 1
01:03:28 | INFO: Extracting primitive: takeda-samurai-05 chipped lacquer highlight r3 0.0
01:03:28 | INFO: Primitives created: 1
01:03:28 | INFO: Extracting primitive: takeda-samurai-05 chipped lacquer highlight r3 0.16
01:03:28 | INFO: Primitives created: 1
01:03:28 | INFO: Extracting primitive: takeda-samurai-05 individual front lamellar plate r4 c1 mesh
01:03:28 | INFO: Primitives created: 1
01:03:28 | INFO: Extracting primitive: takeda-samurai-05 individual front lamellar plate r4 c2 mesh
01:03:28 | INFO: Primitives created: 1
01:03:28 | INFO: Extracting primitive: takeda-samurai-05 individual front lamellar plate r4 c3 mesh
01:03:28 | INFO: Primitives created: 1
01:03:28 | INFO: Extracting primitive: takeda-samurai-05 individual front lamellar plate r4 c4 mesh
01:03:28 | INFO: Primitives created: 1
01:03:28 | INFO: Extracting primitive: takeda-samurai-05 individual front lamellar plate r4 c5 mesh
01:03:28 | INFO: Primitives created: 1
01:03:28 | INFO: Extracting primitive: takeda-samurai-05 odoshi lacing row 4
01:03:28 | INFO: Primitives created: 1
01:03:28 | INFO: Extracting primitive: takeda-samurai-05 chipped lacquer highlight r4 -0.16
01:03:28 | INFO: Primitives created: 1
01:03:28 | INFO: Extracting primitive: takeda-samurai-05 chipped lacquer highlight r4 0.0
01:03:28 | INFO: Primitives created: 1
01:03:28 | INFO: Extracting primitive: takeda-samurai-05 chipped lacquer highlight r4 0.16
01:03:28 | INFO: Primitives created: 1
01:03:28 | INFO: Extracting primitive: takeda-samurai-05 rear lamellar back plate r1 c1 mesh
01:03:28 | INFO: Primitives created: 1
01:03:28 | INFO: Extracting primitive: takeda-samurai-05 rear lamellar back plate r1 c2 mesh
01:03:28 | INFO: Primitives created: 1
01:03:28 | INFO: Extracting primitive: takeda-samurai-05 rear lamellar back plate r1 c3 mesh
01:03:28 | INFO: Primitives created: 1
01:03:28 | INFO: Extracting primitive: takeda-samurai-05 rear lamellar back plate r1 c4 mesh
01:03:28 | INFO: Primitives created: 1
01:03:28 | INFO: Extracting primitive: takeda-samurai-05 rear odoshi lacing row 1
01:03:28 | INFO: Primitives created: 1
01:03:28 | INFO: Extracting primitive: takeda-samurai-05 rear lamellar back plate r2 c1 mesh
01:03:28 | INFO: Primitives created: 1
01:03:28 | INFO: Extracting primitive: takeda-samurai-05 rear lamellar back plate r2 c2 mesh
01:03:28 | INFO: Primitives created: 1
01:03:28 | INFO: Extracting primitive: takeda-samurai-05 rear lamellar back plate r2 c3 mesh
01:03:28 | INFO: Primitives created: 1
01:03:28 | INFO: Extracting primitive: takeda-samurai-05 rear lamellar back plate r2 c4 mesh
01:03:28 | INFO: Primitives created: 1
01:03:28 | INFO: Extracting primitive: takeda-samurai-05 rear odoshi lacing row 2
01:03:28 | INFO: Primitives created: 1
01:03:28 | INFO: Extracting primitive: takeda-samurai-05 rear lamellar back plate r3 c1 mesh
01:03:28 | INFO: Primitives created: 1
01:03:28 | INFO: Extracting primitive: takeda-samurai-05 rear lamellar back plate r3 c2 mesh
01:03:28 | INFO: Primitives created: 1
01:03:28 | INFO: Extracting primitive: takeda-samurai-05 rear lamellar back plate r3 c3 mesh
01:03:28 | INFO: Primitives created: 1
01:03:28 | INFO: Extracting primitive: takeda-samurai-05 rear lamellar back plate r3 c4 mesh
01:03:28 | INFO: Primitives created: 1
01:03:28 | INFO: Extracting primitive: takeda-samurai-05 rear odoshi lacing row 3
01:03:28 | INFO: Primitives created: 1
01:03:28 | INFO: Extracting primitive: takeda-samurai-05 rear lamellar back plate r4 c1 mesh
01:03:28 | INFO: Primitives created: 1
01:03:28 | INFO: Extracting primitive: takeda-samurai-05 rear lamellar back plate r4 c2 mesh
01:03:28 | INFO: Primitives created: 1
01:03:28 | INFO: Extracting primitive: takeda-samurai-05 rear lamellar back plate r4 c3 mesh
01:03:28 | INFO: Primitives created: 1
01:03:28 | INFO: Extracting primitive: takeda-samurai-05 rear lamellar back plate r4 c4 mesh
01:03:28 | INFO: Primitives created: 1
01:03:28 | INFO: Extracting primitive: takeda-samurai-05 rear odoshi lacing row 4
01:03:28 | INFO: Primitives created: 1
01:03:28 | INFO: Extracting primitive: takeda-samurai-05 rear lacquer edge scratch -0.17
01:03:28 | INFO: Primitives created: 1
01:03:28 | INFO: Extracting primitive: takeda-samurai-05 rear lacquer edge scratch -0.06
01:03:28 | INFO: Primitives created: 1
01:03:28 | INFO: Extracting primitive: takeda-samurai-05 rear lacquer edge scratch 0.06
01:03:28 | INFO: Primitives created: 1
01:03:28 | INFO: Extracting primitive: takeda-samurai-05 rear lacquer edge scratch 0.17
01:03:28 | INFO: Primitives created: 1
01:03:28 | INFO: Extracting primitive: Sphere.097
01:03:28 | INFO: Primitives created: 1
01:03:28 | INFO: Extracting primitive: takeda-samurai-05 articulated sode shoulder plate -1 1 mesh
01:03:28 | INFO: Primitives created: 1
01:03:28 | INFO: Extracting primitive: takeda-samurai-05 sode lacing -1 1
01:03:28 | INFO: Primitives created: 1
01:03:28 | INFO: Extracting primitive: takeda-samurai-05 articulated sode shoulder plate -1 2 mesh
01:03:28 | INFO: Primitives created: 1
01:03:28 | INFO: Extracting primitive: takeda-samurai-05 sode lacing -1 2
01:03:28 | INFO: Primitives created: 1
01:03:28 | INFO: Extracting primitive: takeda-samurai-05 articulated sode shoulder plate -1 3 mesh
01:03:28 | INFO: Primitives created: 1
01:03:28 | INFO: Extracting primitive: takeda-samurai-05 sode lacing -1 3
01:03:28 | INFO: Primitives created: 1
01:03:28 | INFO: Extracting primitive: takeda-samurai-05 articulated sode shoulder plate -1 4 mesh
01:03:28 | INFO: Primitives created: 1
01:03:28 | INFO: Extracting primitive: takeda-samurai-05 sode lacing -1 4
01:03:28 | INFO: Primitives created: 1
01:03:28 | INFO: Extracting primitive: Sphere.098
01:03:28 | INFO: Primitives created: 1
01:03:28 | INFO: Extracting primitive: Sphere.099
01:03:28 | INFO: Primitives created: 1
01:03:28 | INFO: Extracting primitive: Sphere.100
01:03:28 | INFO: Primitives created: 1
01:03:28 | INFO: Extracting primitive: Sphere.101
01:03:28 | INFO: Primitives created: 1
01:03:28 | INFO: Extracting primitive: Sphere.102
01:03:28 | INFO: Primitives created: 1
01:03:28 | INFO: Extracting primitive: Cube.030
01:03:28 | INFO: Primitives created: 1
01:03:28 | INFO: Extracting primitive: takeda-samurai-05 sandal toe strap -1
01:03:28 | INFO: Primitives created: 1
01:03:28 | INFO: Extracting primitive: Sphere.103
01:03:28 | INFO: Primitives created: 1
01:03:28 | INFO: Extracting primitive: takeda-samurai-05 articulated sode shoulder plate 1 1 mesh
01:03:28 | INFO: Primitives created: 1
01:03:28 | INFO: Extracting primitive: takeda-samurai-05 sode lacing 1 1
01:03:28 | INFO: Primitives created: 1
01:03:28 | INFO: Extracting primitive: takeda-samurai-05 articulated sode shoulder plate 1 2 mesh
01:03:28 | INFO: Primitives created: 1
01:03:28 | INFO: Extracting primitive: takeda-samurai-05 sode lacing 1 2
01:03:28 | INFO: Primitives created: 1
01:03:28 | INFO: Extracting primitive: takeda-samurai-05 articulated sode shoulder plate 1 3 mesh
01:03:28 | INFO: Primitives created: 1
01:03:28 | INFO: Extracting primitive: takeda-samurai-05 sode lacing 1 3
01:03:28 | INFO: Primitives created: 1
01:03:28 | INFO: Extracting primitive: takeda-samurai-05 articulated sode shoulder plate 1 4 mesh
01:03:28 | INFO: Primitives created: 1
01:03:28 | INFO: Extracting primitive: takeda-samurai-05 sode lacing 1 4
01:03:28 | INFO: Primitives created: 1
01:03:28 | INFO: Extracting primitive: Sphere.104
01:03:28 | INFO: Primitives created: 1
01:03:28 | INFO: Extracting primitive: Sphere.105
01:03:28 | INFO: Primitives created: 1
01:03:28 | INFO: Extracting primitive: Sphere.106
01:03:28 | INFO: Primitives created: 1
01:03:28 | INFO: Extracting primitive: Sphere.107
01:03:28 | INFO: Primitives created: 1
01:03:28 | INFO: Extracting primitive: Sphere.108
01:03:28 | INFO: Primitives created: 1
01:03:28 | INFO: Extracting primitive: Cube.031
01:03:28 | INFO: Primitives created: 1
01:03:28 | INFO: Extracting primitive: takeda-samurai-05 sandal toe strap 1
01:03:28 | INFO: Primitives created: 1
01:03:28 | INFO: Extracting primitive: takeda-samurai-05 kusazuri skirt -1 row 1 mesh
01:03:28 | INFO: Primitives created: 1
01:03:28 | INFO: Extracting primitive: takeda-samurai-05 kusazuri skirt -1 row 2 mesh
01:03:28 | INFO: Primitives created: 1
01:03:28 | INFO: Extracting primitive: takeda-samurai-05 kusazuri skirt 0 row 1 mesh
01:03:28 | INFO: Primitives created: 1
01:03:28 | INFO: Extracting primitive: takeda-samurai-05 kusazuri skirt 0 row 2 mesh
01:03:28 | INFO: Primitives created: 1
01:03:28 | INFO: Extracting primitive: takeda-samurai-05 kusazuri skirt 1 row 1 mesh
01:03:28 | INFO: Primitives created: 1
01:03:28 | INFO: Extracting primitive: takeda-samurai-05 kusazuri skirt 1 row 2 mesh
01:03:28 | INFO: Primitives created: 1
01:03:28 | INFO: Extracting primitive: takeda-samurai-05 yari shaft
01:03:28 | INFO: Primitives created: 1
01:03:28 | INFO: Extracting primitive: Cone.014
01:03:28 | INFO: Primitives created: 1
01:03:28 | INFO: Extracting primitive: takeda-samurai-05 sashimono bamboo pole
01:03:28 | INFO: Primitives created: 1
01:03:28 | INFO: Extracting primitive: takeda-samurai-05 wind-bent sashimono cloth panel mesh
01:03:28 | INFO: Primitives created: 1
01:03:28 | INFO: Extracting primitive: Cube.032
01:03:28 | INFO: Primitives created: 1
01:03:28 | INFO: Extracting primitive: Cube.033
01:03:28 | INFO: Primitives created: 1
01:03:28 | INFO: Extracting primitive: Cube.034
01:03:28 | INFO: Primitives created: 1
01:03:28 | INFO: Extracting primitive: Cube.035
01:03:28 | INFO: Primitives created: 1
01:03:28 | INFO: Extracting primitive: Sphere.109
01:03:28 | INFO: Primitives created: 1
01:03:28 | INFO: Extracting primitive: Sphere.110
01:03:28 | INFO: Primitives created: 1
01:03:28 | INFO: Extracting primitive: Sphere.111
01:03:28 | INFO: Primitives created: 1
01:03:28 | INFO: Extracting primitive: Sphere.112
01:03:28 | INFO: Primitives created: 1
01:03:28 | INFO: Extracting primitive: Cube.036
01:03:28 | INFO: Primitives created: 1
01:03:28 | INFO: Extracting primitive: Sphere.113
01:03:28 | INFO: Primitives created: 1
01:03:28 | INFO: Extracting primitive: Cone.015
01:03:28 | INFO: Primitives created: 1
01:03:28 | INFO: Extracting primitive: takeda-samurai-06 rear shikoro lamellar neck plate r1 c1 mesh
01:03:28 | INFO: Primitives created: 1
01:03:28 | INFO: Extracting primitive: takeda-samurai-06 rear shikoro lamellar neck plate r1 c2 mesh
01:03:28 | INFO: Primitives created: 1
01:03:28 | INFO: Extracting primitive: takeda-samurai-06 rear shikoro lamellar neck plate r1 c3 mesh
01:03:28 | INFO: Primitives created: 1
01:03:28 | INFO: Extracting primitive: takeda-samurai-06 rear shikoro lamellar neck plate r2 c1 mesh
01:03:28 | INFO: Primitives created: 1
01:03:28 | INFO: Extracting primitive: takeda-samurai-06 rear shikoro lamellar neck plate r2 c2 mesh
01:03:28 | INFO: Primitives created: 1
01:03:28 | INFO: Extracting primitive: takeda-samurai-06 rear shikoro lamellar neck plate r2 c3 mesh
01:03:28 | INFO: Primitives created: 1
01:03:28 | INFO: Extracting primitive: takeda-samurai-06 rear shikoro lamellar neck plate r3 c1 mesh
01:03:28 | INFO: Primitives created: 1
01:03:28 | INFO: Extracting primitive: takeda-samurai-06 rear shikoro lamellar neck plate r3 c2 mesh
01:03:28 | INFO: Primitives created: 1
01:03:28 | INFO: Extracting primitive: takeda-samurai-06 rear shikoro lamellar neck plate r3 c3 mesh
01:03:28 | INFO: Primitives created: 1
01:03:28 | INFO: Extracting primitive: takeda-samurai-06 raised kabuto rib 1
01:03:28 | INFO: Primitives created: 1
01:03:28 | INFO: Extracting primitive: takeda-samurai-06 raised kabuto rib 2
01:03:28 | INFO: Primitives created: 1
01:03:28 | INFO: Extracting primitive: takeda-samurai-06 raised kabuto rib 3
01:03:28 | INFO: Primitives created: 1
01:03:28 | INFO: Extracting primitive: takeda-samurai-06 crescent maedate crest
01:03:28 | INFO: Primitives created: 1
01:03:28 | INFO: Extracting primitive: takeda-samurai-06 individual front lamellar plate r1 c1 mesh
01:03:28 | INFO: Primitives created: 1
01:03:28 | INFO: Extracting primitive: takeda-samurai-06 individual front lamellar plate r1 c2 mesh
01:03:28 | INFO: Primitives created: 1
01:03:28 | INFO: Extracting primitive: takeda-samurai-06 individual front lamellar plate r1 c3 mesh
01:03:28 | INFO: Primitives created: 1
01:03:28 | INFO: Extracting primitive: takeda-samurai-06 individual front lamellar plate r1 c4 mesh
01:03:28 | INFO: Primitives created: 1
01:03:28 | INFO: Extracting primitive: takeda-samurai-06 individual front lamellar plate r1 c5 mesh
01:03:28 | INFO: Primitives created: 1
01:03:28 | INFO: Extracting primitive: takeda-samurai-06 odoshi lacing row 1
01:03:28 | INFO: Primitives created: 1
01:03:28 | INFO: Extracting primitive: takeda-samurai-06 chipped lacquer highlight r1 -0.16
01:03:28 | INFO: Primitives created: 1
01:03:28 | INFO: Extracting primitive: takeda-samurai-06 chipped lacquer highlight r1 0.0
01:03:28 | INFO: Primitives created: 1
01:03:28 | INFO: Extracting primitive: takeda-samurai-06 chipped lacquer highlight r1 0.16
01:03:28 | INFO: Primitives created: 1
01:03:28 | INFO: Extracting primitive: takeda-samurai-06 individual front lamellar plate r2 c1 mesh
01:03:28 | INFO: Primitives created: 1
01:03:28 | INFO: Extracting primitive: takeda-samurai-06 individual front lamellar plate r2 c2 mesh
01:03:28 | INFO: Primitives created: 1
01:03:28 | INFO: Extracting primitive: takeda-samurai-06 individual front lamellar plate r2 c3 mesh
01:03:28 | INFO: Primitives created: 1
01:03:28 | INFO: Extracting primitive: takeda-samurai-06 individual front lamellar plate r2 c4 mesh
01:03:28 | INFO: Primitives created: 1
01:03:28 | INFO: Extracting primitive: takeda-samurai-06 individual front lamellar plate r2 c5 mesh
01:03:28 | INFO: Primitives created: 1
01:03:28 | INFO: Extracting primitive: takeda-samurai-06 odoshi lacing row 2
01:03:28 | INFO: Primitives created: 1
01:03:28 | INFO: Extracting primitive: takeda-samurai-06 chipped lacquer highlight r2 -0.16
01:03:28 | INFO: Primitives created: 1
01:03:28 | INFO: Extracting primitive: takeda-samurai-06 chipped lacquer highlight r2 0.0
01:03:28 | INFO: Primitives created: 1
01:03:28 | INFO: Extracting primitive: takeda-samurai-06 chipped lacquer highlight r2 0.16
01:03:28 | INFO: Primitives created: 1
01:03:28 | INFO: Extracting primitive: takeda-samurai-06 individual front lamellar plate r3 c1 mesh
01:03:28 | INFO: Primitives created: 1
01:03:28 | INFO: Extracting primitive: takeda-samurai-06 individual front lamellar plate r3 c2 mesh
01:03:28 | INFO: Primitives created: 1
01:03:28 | INFO: Extracting primitive: takeda-samurai-06 individual front lamellar plate r3 c3 mesh
01:03:28 | INFO: Primitives created: 1
01:03:28 | INFO: Extracting primitive: takeda-samurai-06 individual front lamellar plate r3 c4 mesh
01:03:28 | INFO: Primitives created: 1
01:03:28 | INFO: Extracting primitive: takeda-samurai-06 individual front lamellar plate r3 c5 mesh
01:03:28 | INFO: Primitives created: 1
01:03:28 | INFO: Extracting primitive: takeda-samurai-06 odoshi lacing row 3
01:03:28 | INFO: Primitives created: 1
01:03:28 | INFO: Extracting primitive: takeda-samurai-06 chipped lacquer highlight r3 -0.16
01:03:28 | INFO: Primitives created: 1
01:03:28 | INFO: Extracting primitive: takeda-samurai-06 chipped lacquer highlight r3 0.0
01:03:28 | INFO: Primitives created: 1
01:03:28 | INFO: Extracting primitive: takeda-samurai-06 chipped lacquer highlight r3 0.16
01:03:28 | INFO: Primitives created: 1
01:03:28 | INFO: Extracting primitive: takeda-samurai-06 individual front lamellar plate r4 c1 mesh
01:03:28 | INFO: Primitives created: 1
01:03:28 | INFO: Extracting primitive: takeda-samurai-06 individual front lamellar plate r4 c2 mesh
01:03:28 | INFO: Primitives created: 1
01:03:28 | INFO: Extracting primitive: takeda-samurai-06 individual front lamellar plate r4 c3 mesh
01:03:28 | INFO: Primitives created: 1
01:03:28 | INFO: Extracting primitive: takeda-samurai-06 individual front lamellar plate r4 c4 mesh
01:03:28 | INFO: Primitives created: 1
01:03:28 | INFO: Extracting primitive: takeda-samurai-06 individual front lamellar plate r4 c5 mesh
01:03:28 | INFO: Primitives created: 1
01:03:28 | INFO: Extracting primitive: takeda-samurai-06 odoshi lacing row 4
01:03:28 | INFO: Primitives created: 1
01:03:28 | INFO: Extracting primitive: takeda-samurai-06 chipped lacquer highlight r4 -0.16
01:03:28 | INFO: Primitives created: 1
01:03:28 | INFO: Extracting primitive: takeda-samurai-06 chipped lacquer highlight r4 0.0
01:03:28 | INFO: Primitives created: 1
01:03:28 | INFO: Extracting primitive: takeda-samurai-06 chipped lacquer highlight r4 0.16
01:03:28 | INFO: Primitives created: 1
01:03:28 | INFO: Extracting primitive: takeda-samurai-06 rear lamellar back plate r1 c1 mesh
01:03:28 | INFO: Primitives created: 1
01:03:28 | INFO: Extracting primitive: takeda-samurai-06 rear lamellar back plate r1 c2 mesh
01:03:28 | INFO: Primitives created: 1
01:03:28 | INFO: Extracting primitive: takeda-samurai-06 rear lamellar back plate r1 c3 mesh
01:03:28 | INFO: Primitives created: 1
01:03:28 | INFO: Extracting primitive: takeda-samurai-06 rear lamellar back plate r1 c4 mesh
01:03:28 | INFO: Primitives created: 1
01:03:28 | INFO: Extracting primitive: takeda-samurai-06 rear odoshi lacing row 1
01:03:28 | INFO: Primitives created: 1
01:03:28 | INFO: Extracting primitive: takeda-samurai-06 rear lamellar back plate r2 c1 mesh
01:03:28 | INFO: Primitives created: 1
01:03:28 | INFO: Extracting primitive: takeda-samurai-06 rear lamellar back plate r2 c2 mesh
01:03:28 | INFO: Primitives created: 1
01:03:28 | INFO: Extracting primitive: takeda-samurai-06 rear lamellar back plate r2 c3 mesh
01:03:28 | INFO: Primitives created: 1
01:03:28 | INFO: Extracting primitive: takeda-samurai-06 rear lamellar back plate r2 c4 mesh
01:03:28 | INFO: Primitives created: 1
01:03:28 | INFO: Extracting primitive: takeda-samurai-06 rear odoshi lacing row 2
01:03:28 | INFO: Primitives created: 1
01:03:28 | INFO: Extracting primitive: takeda-samurai-06 rear lamellar back plate r3 c1 mesh
01:03:28 | INFO: Primitives created: 1
01:03:28 | INFO: Extracting primitive: takeda-samurai-06 rear lamellar back plate r3 c2 mesh
01:03:28 | INFO: Primitives created: 1
01:03:28 | INFO: Extracting primitive: takeda-samurai-06 rear lamellar back plate r3 c3 mesh
01:03:28 | INFO: Primitives created: 1
01:03:28 | INFO: Extracting primitive: takeda-samurai-06 rear lamellar back plate r3 c4 mesh
01:03:28 | INFO: Primitives created: 1
01:03:28 | INFO: Extracting primitive: takeda-samurai-06 rear odoshi lacing row 3
01:03:28 | INFO: Primitives created: 1
01:03:28 | INFO: Extracting primitive: takeda-samurai-06 rear lamellar back plate r4 c1 mesh
01:03:28 | INFO: Primitives created: 1
01:03:28 | INFO: Extracting primitive: takeda-samurai-06 rear lamellar back plate r4 c2 mesh
01:03:28 | INFO: Primitives created: 1
01:03:28 | INFO: Extracting primitive: takeda-samurai-06 rear lamellar back plate r4 c3 mesh
01:03:28 | INFO: Primitives created: 1
01:03:28 | INFO: Extracting primitive: takeda-samurai-06 rear lamellar back plate r4 c4 mesh
01:03:28 | INFO: Primitives created: 1
01:03:28 | INFO: Extracting primitive: takeda-samurai-06 rear odoshi lacing row 4
01:03:28 | INFO: Primitives created: 1
01:03:28 | INFO: Extracting primitive: takeda-samurai-06 rear lacquer edge scratch -0.17
01:03:28 | INFO: Primitives created: 1
01:03:28 | INFO: Extracting primitive: takeda-samurai-06 rear lacquer edge scratch -0.06
01:03:28 | INFO: Primitives created: 1
01:03:28 | INFO: Extracting primitive: takeda-samurai-06 rear lacquer edge scratch 0.06
01:03:28 | INFO: Primitives created: 1
01:03:28 | INFO: Extracting primitive: takeda-samurai-06 rear lacquer edge scratch 0.17
01:03:28 | INFO: Primitives created: 1
01:03:28 | INFO: Extracting primitive: Sphere.114
01:03:28 | INFO: Primitives created: 1
01:03:28 | INFO: Extracting primitive: takeda-samurai-06 articulated sode shoulder plate -1 1 mesh
01:03:28 | INFO: Primitives created: 1
01:03:28 | INFO: Extracting primitive: takeda-samurai-06 sode lacing -1 1
01:03:28 | INFO: Primitives created: 1
01:03:28 | INFO: Extracting primitive: takeda-samurai-06 articulated sode shoulder plate -1 2 mesh
01:03:28 | INFO: Primitives created: 1
01:03:28 | INFO: Extracting primitive: takeda-samurai-06 sode lacing -1 2
01:03:28 | INFO: Primitives created: 1
01:03:28 | INFO: Extracting primitive: takeda-samurai-06 articulated sode shoulder plate -1 3 mesh
01:03:28 | INFO: Primitives created: 1
01:03:28 | INFO: Extracting primitive: takeda-samurai-06 sode lacing -1 3
01:03:28 | INFO: Primitives created: 1
01:03:28 | INFO: Extracting primitive: takeda-samurai-06 articulated sode shoulder plate -1 4 mesh
01:03:28 | INFO: Primitives created: 1
01:03:28 | INFO: Extracting primitive: takeda-samurai-06 sode lacing -1 4
01:03:28 | INFO: Primitives created: 1
01:03:28 | INFO: Extracting primitive: Sphere.115
01:03:28 | INFO: Primitives created: 1
01:03:28 | INFO: Extracting primitive: Sphere.116
01:03:28 | INFO: Primitives created: 1
01:03:28 | INFO: Extracting primitive: Sphere.117
01:03:28 | INFO: Primitives created: 1
01:03:28 | INFO: Extracting primitive: Sphere.118
01:03:28 | INFO: Primitives created: 1
01:03:28 | INFO: Extracting primitive: Sphere.119
01:03:28 | INFO: Primitives created: 1
01:03:28 | INFO: Extracting primitive: Cube.037
01:03:28 | INFO: Primitives created: 1
01:03:28 | INFO: Extracting primitive: takeda-samurai-06 sandal toe strap -1
01:03:28 | INFO: Primitives created: 1
01:03:28 | INFO: Extracting primitive: Sphere.120
01:03:28 | INFO: Primitives created: 1
01:03:28 | INFO: Extracting primitive: takeda-samurai-06 articulated sode shoulder plate 1 1 mesh
01:03:28 | INFO: Primitives created: 1
01:03:28 | INFO: Extracting primitive: takeda-samurai-06 sode lacing 1 1
01:03:28 | INFO: Primitives created: 1
01:03:28 | INFO: Extracting primitive: takeda-samurai-06 articulated sode shoulder plate 1 2 mesh
01:03:28 | INFO: Primitives created: 1
01:03:28 | INFO: Extracting primitive: takeda-samurai-06 sode lacing 1 2
01:03:28 | INFO: Primitives created: 1
01:03:28 | INFO: Extracting primitive: takeda-samurai-06 articulated sode shoulder plate 1 3 mesh
01:03:28 | INFO: Primitives created: 1
01:03:28 | INFO: Extracting primitive: takeda-samurai-06 sode lacing 1 3
01:03:28 | INFO: Primitives created: 1
01:03:28 | INFO: Extracting primitive: takeda-samurai-06 articulated sode shoulder plate 1 4 mesh
01:03:28 | INFO: Primitives created: 1
01:03:28 | INFO: Extracting primitive: takeda-samurai-06 sode lacing 1 4
01:03:28 | INFO: Primitives created: 1
01:03:28 | INFO: Extracting primitive: Sphere.121
01:03:28 | INFO: Primitives created: 1
01:03:28 | INFO: Extracting primitive: Sphere.122
01:03:28 | INFO: Primitives created: 1
01:03:28 | INFO: Extracting primitive: Sphere.123
01:03:28 | INFO: Primitives created: 1
01:03:28 | INFO: Extracting primitive: Sphere.124
01:03:28 | INFO: Primitives created: 1
01:03:28 | INFO: Extracting primitive: Sphere.125
01:03:28 | INFO: Primitives created: 1
01:03:28 | INFO: Extracting primitive: Cube.038
01:03:28 | INFO: Primitives created: 1
01:03:28 | INFO: Extracting primitive: takeda-samurai-06 sandal toe strap 1
01:03:28 | INFO: Primitives created: 1
01:03:28 | INFO: Extracting primitive: takeda-samurai-06 kusazuri skirt -1 row 1 mesh
01:03:28 | INFO: Primitives created: 1
01:03:28 | INFO: Extracting primitive: takeda-samurai-06 kusazuri skirt -1 row 2 mesh
01:03:28 | INFO: Primitives created: 1
01:03:28 | INFO: Extracting primitive: takeda-samurai-06 kusazuri skirt 0 row 1 mesh
01:03:28 | INFO: Primitives created: 1
01:03:28 | INFO: Extracting primitive: takeda-samurai-06 kusazuri skirt 0 row 2 mesh
01:03:28 | INFO: Primitives created: 1
01:03:28 | INFO: Extracting primitive: takeda-samurai-06 kusazuri skirt 1 row 1 mesh
01:03:28 | INFO: Primitives created: 1
01:03:28 | INFO: Extracting primitive: takeda-samurai-06 kusazuri skirt 1 row 2 mesh
01:03:28 | INFO: Primitives created: 1
01:03:28 | INFO: Extracting primitive: takeda-samurai-06 guard katana blade
01:03:28 | INFO: Primitives created: 1
01:03:28 | INFO: Extracting primitive: Cylinder.011
01:03:28 | INFO: Primitives created: 1
01:03:28 | INFO: Extracting primitive: takeda-samurai-06 sashimono bamboo pole
01:03:28 | INFO: Primitives created: 1
01:03:28 | INFO: Extracting primitive: takeda-samurai-06 wind-bent sashimono cloth panel mesh
01:03:28 | INFO: Primitives created: 1
01:03:28 | INFO: Extracting primitive: Cube.039
01:03:28 | INFO: Primitives created: 1
01:03:28 | INFO: Extracting primitive: Cube.040
01:03:28 | INFO: Primitives created: 1
01:03:28 | INFO: Extracting primitive: Cube.041
01:03:28 | INFO: Primitives created: 1
01:03:28 | INFO: Extracting primitive: Cube.042
01:03:28 | INFO: Primitives created: 1
01:03:28 | INFO: Extracting primitive: Sphere.126
01:03:28 | INFO: Primitives created: 1
01:03:28 | INFO: Extracting primitive: Sphere.127
01:03:28 | INFO: Primitives created: 1
01:03:28 | INFO: Extracting primitive: Sphere.128
01:03:28 | INFO: Primitives created: 1
01:03:28 | INFO: Extracting primitive: Sphere.129
01:03:28 | INFO: Primitives created: 1
01:03:28 | INFO: Extracting primitive: Cube.043
01:03:28 | INFO: Primitives created: 1
01:03:28 | INFO: Extracting primitive: Sphere.130
01:03:28 | INFO: Primitives created: 1
01:03:28 | INFO: Extracting primitive: Cone.016
01:03:28 | INFO: Primitives created: 1
01:03:28 | INFO: Extracting primitive: takeda-samurai-07 rear shikoro lamellar neck plate r1 c1 mesh
01:03:28 | INFO: Primitives created: 1
01:03:28 | INFO: Extracting primitive: takeda-samurai-07 rear shikoro lamellar neck plate r1 c2 mesh
01:03:28 | INFO: Primitives created: 1
01:03:28 | INFO: Extracting primitive: takeda-samurai-07 rear shikoro lamellar neck plate r1 c3 mesh
01:03:28 | INFO: Primitives created: 1
01:03:28 | INFO: Extracting primitive: takeda-samurai-07 rear shikoro lamellar neck plate r2 c1 mesh
01:03:28 | INFO: Primitives created: 1
01:03:28 | INFO: Extracting primitive: takeda-samurai-07 rear shikoro lamellar neck plate r2 c2 mesh
01:03:28 | INFO: Primitives created: 1
01:03:28 | INFO: Extracting primitive: takeda-samurai-07 rear shikoro lamellar neck plate r2 c3 mesh
01:03:28 | INFO: Primitives created: 1
01:03:28 | INFO: Extracting primitive: takeda-samurai-07 rear shikoro lamellar neck plate r3 c1 mesh
01:03:28 | INFO: Primitives created: 1
01:03:28 | INFO: Extracting primitive: takeda-samurai-07 rear shikoro lamellar neck plate r3 c2 mesh
01:03:28 | INFO: Primitives created: 1
01:03:28 | INFO: Extracting primitive: takeda-samurai-07 rear shikoro lamellar neck plate r3 c3 mesh
01:03:28 | INFO: Primitives created: 1
01:03:28 | INFO: Extracting primitive: takeda-samurai-07 raised kabuto rib 1
01:03:28 | INFO: Primitives created: 1
01:03:28 | INFO: Extracting primitive: takeda-samurai-07 raised kabuto rib 2
01:03:28 | INFO: Primitives created: 1
01:03:28 | INFO: Extracting primitive: takeda-samurai-07 raised kabuto rib 3
01:03:28 | INFO: Primitives created: 1
01:03:28 | INFO: Extracting primitive: takeda-samurai-07 crescent maedate crest
01:03:28 | INFO: Primitives created: 1
01:03:28 | INFO: Extracting primitive: takeda-samurai-07 individual front lamellar plate r1 c1 mesh
01:03:28 | INFO: Primitives created: 1
01:03:28 | INFO: Extracting primitive: takeda-samurai-07 individual front lamellar plate r1 c2 mesh
01:03:28 | INFO: Primitives created: 1
01:03:28 | INFO: Extracting primitive: takeda-samurai-07 individual front lamellar plate r1 c3 mesh
01:03:28 | INFO: Primitives created: 1
01:03:28 | INFO: Extracting primitive: takeda-samurai-07 individual front lamellar plate r1 c4 mesh
01:03:28 | INFO: Primitives created: 1
01:03:28 | INFO: Extracting primitive: takeda-samurai-07 individual front lamellar plate r1 c5 mesh
01:03:28 | INFO: Primitives created: 1
01:03:28 | INFO: Extracting primitive: takeda-samurai-07 odoshi lacing row 1
01:03:28 | INFO: Primitives created: 1
01:03:28 | INFO: Extracting primitive: takeda-samurai-07 chipped lacquer highlight r1 -0.16
01:03:28 | INFO: Primitives created: 1
01:03:28 | INFO: Extracting primitive: takeda-samurai-07 chipped lacquer highlight r1 0.0
01:03:28 | INFO: Primitives created: 1
01:03:28 | INFO: Extracting primitive: takeda-samurai-07 chipped lacquer highlight r1 0.16
01:03:28 | INFO: Primitives created: 1
01:03:28 | INFO: Extracting primitive: takeda-samurai-07 individual front lamellar plate r2 c1 mesh
01:03:28 | INFO: Primitives created: 1
01:03:28 | INFO: Extracting primitive: takeda-samurai-07 individual front lamellar plate r2 c2 mesh
01:03:28 | INFO: Primitives created: 1
01:03:28 | INFO: Extracting primitive: takeda-samurai-07 individual front lamellar plate r2 c3 mesh
01:03:28 | INFO: Primitives created: 1
01:03:28 | INFO: Extracting primitive: takeda-samurai-07 individual front lamellar plate r2 c4 mesh
01:03:28 | INFO: Primitives created: 1
01:03:28 | INFO: Extracting primitive: takeda-samurai-07 individual front lamellar plate r2 c5 mesh
01:03:28 | INFO: Primitives created: 1
01:03:28 | INFO: Extracting primitive: takeda-samurai-07 odoshi lacing row 2
01:03:28 | INFO: Primitives created: 1
01:03:28 | INFO: Extracting primitive: takeda-samurai-07 chipped lacquer highlight r2 -0.16
01:03:28 | INFO: Primitives created: 1
01:03:28 | INFO: Extracting primitive: takeda-samurai-07 chipped lacquer highlight r2 0.0
01:03:28 | INFO: Primitives created: 1
01:03:28 | INFO: Extracting primitive: takeda-samurai-07 chipped lacquer highlight r2 0.16
01:03:28 | INFO: Primitives created: 1
01:03:28 | INFO: Extracting primitive: takeda-samurai-07 individual front lamellar plate r3 c1 mesh
01:03:28 | INFO: Primitives created: 1
01:03:28 | INFO: Extracting primitive: takeda-samurai-07 individual front lamellar plate r3 c2 mesh
01:03:28 | INFO: Primitives created: 1
01:03:28 | INFO: Extracting primitive: takeda-samurai-07 individual front lamellar plate r3 c3 mesh
01:03:28 | INFO: Primitives created: 1
01:03:28 | INFO: Extracting primitive: takeda-samurai-07 individual front lamellar plate r3 c4 mesh
01:03:28 | INFO: Primitives created: 1
01:03:28 | INFO: Extracting primitive: takeda-samurai-07 individual front lamellar plate r3 c5 mesh
01:03:28 | INFO: Primitives created: 1
01:03:28 | INFO: Extracting primitive: takeda-samurai-07 odoshi lacing row 3
01:03:28 | INFO: Primitives created: 1
01:03:28 | INFO: Extracting primitive: takeda-samurai-07 chipped lacquer highlight r3 -0.16
01:03:28 | INFO: Primitives created: 1
01:03:28 | INFO: Extracting primitive: takeda-samurai-07 chipped lacquer highlight r3 0.0
01:03:28 | INFO: Primitives created: 1
01:03:28 | INFO: Extracting primitive: takeda-samurai-07 chipped lacquer highlight r3 0.16
01:03:28 | INFO: Primitives created: 1
01:03:28 | INFO: Extracting primitive: takeda-samurai-07 individual front lamellar plate r4 c1 mesh
01:03:28 | INFO: Primitives created: 1
01:03:28 | INFO: Extracting primitive: takeda-samurai-07 individual front lamellar plate r4 c2 mesh
01:03:28 | INFO: Primitives created: 1
01:03:28 | INFO: Extracting primitive: takeda-samurai-07 individual front lamellar plate r4 c3 mesh
01:03:28 | INFO: Primitives created: 1
01:03:28 | INFO: Extracting primitive: takeda-samurai-07 individual front lamellar plate r4 c4 mesh
01:03:28 | INFO: Primitives created: 1
01:03:28 | INFO: Extracting primitive: takeda-samurai-07 individual front lamellar plate r4 c5 mesh
01:03:28 | INFO: Primitives created: 1
01:03:28 | INFO: Extracting primitive: takeda-samurai-07 odoshi lacing row 4
01:03:28 | INFO: Primitives created: 1
01:03:28 | INFO: Extracting primitive: takeda-samurai-07 chipped lacquer highlight r4 -0.16
01:03:28 | INFO: Primitives created: 1
01:03:28 | INFO: Extracting primitive: takeda-samurai-07 chipped lacquer highlight r4 0.0
01:03:28 | INFO: Primitives created: 1
01:03:28 | INFO: Extracting primitive: takeda-samurai-07 chipped lacquer highlight r4 0.16
01:03:28 | INFO: Primitives created: 1
01:03:28 | INFO: Extracting primitive: takeda-samurai-07 rear lamellar back plate r1 c1 mesh
01:03:28 | INFO: Primitives created: 1
01:03:28 | INFO: Extracting primitive: takeda-samurai-07 rear lamellar back plate r1 c2 mesh
01:03:28 | INFO: Primitives created: 1
01:03:28 | INFO: Extracting primitive: takeda-samurai-07 rear lamellar back plate r1 c3 mesh
01:03:28 | INFO: Primitives created: 1
01:03:28 | INFO: Extracting primitive: takeda-samurai-07 rear lamellar back plate r1 c4 mesh
01:03:28 | INFO: Primitives created: 1
01:03:28 | INFO: Extracting primitive: takeda-samurai-07 rear odoshi lacing row 1
01:03:28 | INFO: Primitives created: 1
01:03:28 | INFO: Extracting primitive: takeda-samurai-07 rear lamellar back plate r2 c1 mesh
01:03:28 | INFO: Primitives created: 1
01:03:28 | INFO: Extracting primitive: takeda-samurai-07 rear lamellar back plate r2 c2 mesh
01:03:28 | INFO: Primitives created: 1
01:03:28 | INFO: Extracting primitive: takeda-samurai-07 rear lamellar back plate r2 c3 mesh
01:03:28 | INFO: Primitives created: 1
01:03:28 | INFO: Extracting primitive: takeda-samurai-07 rear lamellar back plate r2 c4 mesh
01:03:28 | INFO: Primitives created: 1
01:03:28 | INFO: Extracting primitive: takeda-samurai-07 rear odoshi lacing row 2
01:03:28 | INFO: Primitives created: 1
01:03:28 | INFO: Extracting primitive: takeda-samurai-07 rear lamellar back plate r3 c1 mesh
01:03:28 | INFO: Primitives created: 1
01:03:28 | INFO: Extracting primitive: takeda-samurai-07 rear lamellar back plate r3 c2 mesh
01:03:28 | INFO: Primitives created: 1
01:03:28 | INFO: Extracting primitive: takeda-samurai-07 rear lamellar back plate r3 c3 mesh
01:03:28 | INFO: Primitives created: 1
01:03:28 | INFO: Extracting primitive: takeda-samurai-07 rear lamellar back plate r3 c4 mesh
01:03:28 | INFO: Primitives created: 1
01:03:28 | INFO: Extracting primitive: takeda-samurai-07 rear odoshi lacing row 3
01:03:28 | INFO: Primitives created: 1
01:03:28 | INFO: Extracting primitive: takeda-samurai-07 rear lamellar back plate r4 c1 mesh
01:03:28 | INFO: Primitives created: 1
01:03:28 | INFO: Extracting primitive: takeda-samurai-07 rear lamellar back plate r4 c2 mesh
01:03:28 | INFO: Primitives created: 1
01:03:28 | INFO: Extracting primitive: takeda-samurai-07 rear lamellar back plate r4 c3 mesh
01:03:28 | INFO: Primitives created: 1
01:03:28 | INFO: Extracting primitive: takeda-samurai-07 rear lamellar back plate r4 c4 mesh
01:03:28 | INFO: Primitives created: 1
01:03:28 | INFO: Extracting primitive: takeda-samurai-07 rear odoshi lacing row 4
01:03:28 | INFO: Primitives created: 1
01:03:28 | INFO: Extracting primitive: takeda-samurai-07 rear lacquer edge scratch -0.17
01:03:28 | INFO: Primitives created: 1
01:03:28 | INFO: Extracting primitive: takeda-samurai-07 rear lacquer edge scratch -0.06
01:03:28 | INFO: Primitives created: 1
01:03:28 | INFO: Extracting primitive: takeda-samurai-07 rear lacquer edge scratch 0.06
01:03:28 | INFO: Primitives created: 1
01:03:28 | INFO: Extracting primitive: takeda-samurai-07 rear lacquer edge scratch 0.17
01:03:28 | INFO: Primitives created: 1
01:03:28 | INFO: Extracting primitive: Sphere.131
01:03:28 | INFO: Primitives created: 1
01:03:28 | INFO: Extracting primitive: takeda-samurai-07 articulated sode shoulder plate -1 1 mesh
01:03:28 | INFO: Primitives created: 1
01:03:28 | INFO: Extracting primitive: takeda-samurai-07 sode lacing -1 1
01:03:28 | INFO: Primitives created: 1
01:03:28 | INFO: Extracting primitive: takeda-samurai-07 articulated sode shoulder plate -1 2 mesh
01:03:28 | INFO: Primitives created: 1
01:03:28 | INFO: Extracting primitive: takeda-samurai-07 sode lacing -1 2
01:03:28 | INFO: Primitives created: 1
01:03:28 | INFO: Extracting primitive: takeda-samurai-07 articulated sode shoulder plate -1 3 mesh
01:03:28 | INFO: Primitives created: 1
01:03:28 | INFO: Extracting primitive: takeda-samurai-07 sode lacing -1 3
01:03:28 | INFO: Primitives created: 1
01:03:28 | INFO: Extracting primitive: takeda-samurai-07 articulated sode shoulder plate -1 4 mesh
01:03:28 | INFO: Primitives created: 1
01:03:28 | INFO: Extracting primitive: takeda-samurai-07 sode lacing -1 4
01:03:28 | INFO: Primitives created: 1
01:03:28 | INFO: Extracting primitive: Sphere.132
01:03:28 | INFO: Primitives created: 1
01:03:28 | INFO: Extracting primitive: Sphere.133
01:03:28 | INFO: Primitives created: 1
01:03:28 | INFO: Extracting primitive: Sphere.134
01:03:28 | INFO: Primitives created: 1
01:03:28 | INFO: Extracting primitive: Sphere.135
01:03:28 | INFO: Primitives created: 1
01:03:28 | INFO: Extracting primitive: Sphere.136
01:03:28 | INFO: Primitives created: 1
01:03:28 | INFO: Extracting primitive: Cube.044
01:03:28 | INFO: Primitives created: 1
01:03:28 | INFO: Extracting primitive: takeda-samurai-07 sandal toe strap -1
01:03:28 | INFO: Primitives created: 1
01:03:28 | INFO: Extracting primitive: Sphere.137
01:03:28 | INFO: Primitives created: 1
01:03:28 | INFO: Extracting primitive: takeda-samurai-07 articulated sode shoulder plate 1 1 mesh
01:03:28 | INFO: Primitives created: 1
01:03:28 | INFO: Extracting primitive: takeda-samurai-07 sode lacing 1 1
01:03:28 | INFO: Primitives created: 1
01:03:28 | INFO: Extracting primitive: takeda-samurai-07 articulated sode shoulder plate 1 2 mesh
01:03:28 | INFO: Primitives created: 1
01:03:28 | INFO: Extracting primitive: takeda-samurai-07 sode lacing 1 2
01:03:28 | INFO: Primitives created: 1
01:03:28 | INFO: Extracting primitive: takeda-samurai-07 articulated sode shoulder plate 1 3 mesh
01:03:28 | INFO: Primitives created: 1
01:03:28 | INFO: Extracting primitive: takeda-samurai-07 sode lacing 1 3
01:03:28 | INFO: Primitives created: 1
01:03:28 | INFO: Extracting primitive: takeda-samurai-07 articulated sode shoulder plate 1 4 mesh
01:03:28 | INFO: Primitives created: 1
01:03:28 | INFO: Extracting primitive: takeda-samurai-07 sode lacing 1 4
01:03:28 | INFO: Primitives created: 1
01:03:28 | INFO: Extracting primitive: Sphere.138
01:03:28 | INFO: Primitives created: 1
01:03:28 | INFO: Extracting primitive: Sphere.139
01:03:28 | INFO: Primitives created: 1
01:03:28 | INFO: Extracting primitive: Sphere.140
01:03:28 | INFO: Primitives created: 1
01:03:28 | INFO: Extracting primitive: Sphere.141
01:03:28 | INFO: Primitives created: 1
01:03:28 | INFO: Extracting primitive: Sphere.142
01:03:28 | INFO: Primitives created: 1
01:03:28 | INFO: Extracting primitive: Cube.045
01:03:28 | INFO: Primitives created: 1
01:03:28 | INFO: Extracting primitive: takeda-samurai-07 sandal toe strap 1
01:03:28 | INFO: Primitives created: 1
01:03:28 | INFO: Extracting primitive: takeda-samurai-07 kusazuri skirt -1 row 1 mesh
01:03:28 | INFO: Primitives created: 1
01:03:28 | INFO: Extracting primitive: takeda-samurai-07 kusazuri skirt -1 row 2 mesh
01:03:28 | INFO: Primitives created: 1
01:03:28 | INFO: Extracting primitive: takeda-samurai-07 kusazuri skirt 0 row 1 mesh
01:03:28 | INFO: Primitives created: 1
01:03:28 | INFO: Extracting primitive: takeda-samurai-07 kusazuri skirt 0 row 2 mesh
01:03:28 | INFO: Primitives created: 1
01:03:28 | INFO: Extracting primitive: takeda-samurai-07 kusazuri skirt 1 row 1 mesh
01:03:28 | INFO: Primitives created: 1
01:03:28 | INFO: Extracting primitive: takeda-samurai-07 kusazuri skirt 1 row 2 mesh
01:03:28 | INFO: Primitives created: 1
01:03:28 | INFO: Extracting primitive: takeda-samurai-07 yari shaft
01:03:28 | INFO: Primitives created: 1
01:03:28 | INFO: Extracting primitive: Cone.017
01:03:28 | INFO: Primitives created: 1
01:03:28 | INFO: Extracting primitive: takeda-samurai-07 sashimono bamboo pole
01:03:28 | INFO: Primitives created: 1
01:03:28 | INFO: Extracting primitive: takeda-samurai-07 wind-bent sashimono cloth panel mesh
01:03:28 | INFO: Primitives created: 1
01:03:28 | INFO: Extracting primitive: Cube.046
01:03:28 | INFO: Primitives created: 1
01:03:28 | INFO: Extracting primitive: Cube.047
01:03:28 | INFO: Primitives created: 1
01:03:28 | INFO: Extracting primitive: Cube.048
01:03:28 | INFO: Primitives created: 1
01:03:28 | INFO: Extracting primitive: Cube.049
01:03:28 | INFO: Primitives created: 1
01:03:28 | INFO: Extracting primitive: Sphere.143
01:03:28 | INFO: Primitives created: 1
01:03:28 | INFO: Extracting primitive: Sphere.144
01:03:28 | INFO: Primitives created: 1
01:03:28 | INFO: Extracting primitive: Sphere.145
01:03:28 | INFO: Primitives created: 1
01:03:28 | INFO: Extracting primitive: Sphere.146
01:03:28 | INFO: Primitives created: 1
01:03:28 | INFO: Extracting primitive: Cube.050
01:03:28 | INFO: Primitives created: 1
01:03:28 | INFO: Extracting primitive: Sphere.147
01:03:28 | INFO: Primitives created: 1
01:03:28 | INFO: Extracting primitive: Cone.018
01:03:28 | INFO: Primitives created: 1
01:03:28 | INFO: Extracting primitive: takeda-samurai-08 rear shikoro lamellar neck plate r1 c1 mesh
01:03:28 | INFO: Primitives created: 1
01:03:28 | INFO: Extracting primitive: takeda-samurai-08 rear shikoro lamellar neck plate r1 c2 mesh
01:03:28 | INFO: Primitives created: 1
01:03:28 | INFO: Extracting primitive: takeda-samurai-08 rear shikoro lamellar neck plate r1 c3 mesh
01:03:28 | INFO: Primitives created: 1
01:03:28 | INFO: Extracting primitive: takeda-samurai-08 rear shikoro lamellar neck plate r2 c1 mesh
01:03:28 | INFO: Primitives created: 1
01:03:28 | INFO: Extracting primitive: takeda-samurai-08 rear shikoro lamellar neck plate r2 c2 mesh
01:03:28 | INFO: Primitives created: 1
01:03:28 | INFO: Extracting primitive: takeda-samurai-08 rear shikoro lamellar neck plate r2 c3 mesh
01:03:28 | INFO: Primitives created: 1
01:03:28 | INFO: Extracting primitive: takeda-samurai-08 rear shikoro lamellar neck plate r3 c1 mesh
01:03:28 | INFO: Primitives created: 1
01:03:28 | INFO: Extracting primitive: takeda-samurai-08 rear shikoro lamellar neck plate r3 c2 mesh
01:03:28 | INFO: Primitives created: 1
01:03:28 | INFO: Extracting primitive: takeda-samurai-08 rear shikoro lamellar neck plate r3 c3 mesh
01:03:28 | INFO: Primitives created: 1
01:03:28 | INFO: Extracting primitive: takeda-samurai-08 raised kabuto rib 1
01:03:28 | INFO: Primitives created: 1
01:03:28 | INFO: Extracting primitive: takeda-samurai-08 raised kabuto rib 2
01:03:28 | INFO: Primitives created: 1
01:03:28 | INFO: Extracting primitive: takeda-samurai-08 raised kabuto rib 3
01:03:28 | INFO: Primitives created: 1
01:03:28 | INFO: Extracting primitive: takeda-samurai-08 crescent maedate crest
01:03:28 | INFO: Primitives created: 1
01:03:28 | INFO: Extracting primitive: takeda-samurai-08 individual front lamellar plate r1 c1 mesh
01:03:28 | INFO: Primitives created: 1
01:03:28 | INFO: Extracting primitive: takeda-samurai-08 individual front lamellar plate r1 c2 mesh
01:03:28 | INFO: Primitives created: 1
01:03:28 | INFO: Extracting primitive: takeda-samurai-08 individual front lamellar plate r1 c3 mesh
01:03:28 | INFO: Primitives created: 1
01:03:28 | INFO: Extracting primitive: takeda-samurai-08 individual front lamellar plate r1 c4 mesh
01:03:28 | INFO: Primitives created: 1
01:03:28 | INFO: Extracting primitive: takeda-samurai-08 individual front lamellar plate r1 c5 mesh
01:03:28 | INFO: Primitives created: 1
01:03:28 | INFO: Extracting primitive: takeda-samurai-08 odoshi lacing row 1
01:03:28 | INFO: Primitives created: 1
01:03:28 | INFO: Extracting primitive: takeda-samurai-08 chipped lacquer highlight r1 -0.16
01:03:28 | INFO: Primitives created: 1
01:03:28 | INFO: Extracting primitive: takeda-samurai-08 chipped lacquer highlight r1 0.0
01:03:28 | INFO: Primitives created: 1
01:03:28 | INFO: Extracting primitive: takeda-samurai-08 chipped lacquer highlight r1 0.16
01:03:28 | INFO: Primitives created: 1
01:03:28 | INFO: Extracting primitive: takeda-samurai-08 individual front lamellar plate r2 c1 mesh
01:03:28 | INFO: Primitives created: 1
01:03:28 | INFO: Extracting primitive: takeda-samurai-08 individual front lamellar plate r2 c2 mesh
01:03:28 | INFO: Primitives created: 1
01:03:28 | INFO: Extracting primitive: takeda-samurai-08 individual front lamellar plate r2 c3 mesh
01:03:28 | INFO: Primitives created: 1
01:03:28 | INFO: Extracting primitive: takeda-samurai-08 individual front lamellar plate r2 c4 mesh
01:03:28 | INFO: Primitives created: 1
01:03:28 | INFO: Extracting primitive: takeda-samurai-08 individual front lamellar plate r2 c5 mesh
01:03:28 | INFO: Primitives created: 1
01:03:28 | INFO: Extracting primitive: takeda-samurai-08 odoshi lacing row 2
01:03:28 | INFO: Primitives created: 1
01:03:28 | INFO: Extracting primitive: takeda-samurai-08 chipped lacquer highlight r2 -0.16
01:03:28 | INFO: Primitives created: 1
01:03:28 | INFO: Extracting primitive: takeda-samurai-08 chipped lacquer highlight r2 0.0
01:03:28 | INFO: Primitives created: 1
01:03:28 | INFO: Extracting primitive: takeda-samurai-08 chipped lacquer highlight r2 0.16
01:03:28 | INFO: Primitives created: 1
01:03:28 | INFO: Extracting primitive: takeda-samurai-08 individual front lamellar plate r3 c1 mesh
01:03:28 | INFO: Primitives created: 1
01:03:28 | INFO: Extracting primitive: takeda-samurai-08 individual front lamellar plate r3 c2 mesh
01:03:28 | INFO: Primitives created: 1
01:03:28 | INFO: Extracting primitive: takeda-samurai-08 individual front lamellar plate r3 c3 mesh
01:03:28 | INFO: Primitives created: 1
01:03:28 | INFO: Extracting primitive: takeda-samurai-08 individual front lamellar plate r3 c4 mesh
01:03:28 | INFO: Primitives created: 1
01:03:28 | INFO: Extracting primitive: takeda-samurai-08 individual front lamellar plate r3 c5 mesh
01:03:28 | INFO: Primitives created: 1
01:03:28 | INFO: Extracting primitive: takeda-samurai-08 odoshi lacing row 3
01:03:28 | INFO: Primitives created: 1
01:03:28 | INFO: Extracting primitive: takeda-samurai-08 chipped lacquer highlight r3 -0.16
01:03:28 | INFO: Primitives created: 1
01:03:28 | INFO: Extracting primitive: takeda-samurai-08 chipped lacquer highlight r3 0.0
01:03:28 | INFO: Primitives created: 1
01:03:28 | INFO: Extracting primitive: takeda-samurai-08 chipped lacquer highlight r3 0.16
01:03:28 | INFO: Primitives created: 1
01:03:28 | INFO: Extracting primitive: takeda-samurai-08 individual front lamellar plate r4 c1 mesh
01:03:28 | INFO: Primitives created: 1
01:03:28 | INFO: Extracting primitive: takeda-samurai-08 individual front lamellar plate r4 c2 mesh
01:03:28 | INFO: Primitives created: 1
01:03:28 | INFO: Extracting primitive: takeda-samurai-08 individual front lamellar plate r4 c3 mesh
01:03:28 | INFO: Primitives created: 1
01:03:28 | INFO: Extracting primitive: takeda-samurai-08 individual front lamellar plate r4 c4 mesh
01:03:28 | INFO: Primitives created: 1
01:03:28 | INFO: Extracting primitive: takeda-samurai-08 individual front lamellar plate r4 c5 mesh
01:03:28 | INFO: Primitives created: 1
01:03:28 | INFO: Extracting primitive: takeda-samurai-08 odoshi lacing row 4
01:03:28 | INFO: Primitives created: 1
01:03:28 | INFO: Extracting primitive: takeda-samurai-08 chipped lacquer highlight r4 -0.16
01:03:28 | INFO: Primitives created: 1
01:03:28 | INFO: Extracting primitive: takeda-samurai-08 chipped lacquer highlight r4 0.0
01:03:28 | INFO: Primitives created: 1
01:03:28 | INFO: Extracting primitive: takeda-samurai-08 chipped lacquer highlight r4 0.16
01:03:28 | INFO: Primitives created: 1
01:03:28 | INFO: Extracting primitive: takeda-samurai-08 rear lamellar back plate r1 c1 mesh
01:03:28 | INFO: Primitives created: 1
01:03:28 | INFO: Extracting primitive: takeda-samurai-08 rear lamellar back plate r1 c2 mesh
01:03:28 | INFO: Primitives created: 1
01:03:28 | INFO: Extracting primitive: takeda-samurai-08 rear lamellar back plate r1 c3 mesh
01:03:28 | INFO: Primitives created: 1
01:03:28 | INFO: Extracting primitive: takeda-samurai-08 rear lamellar back plate r1 c4 mesh
01:03:28 | INFO: Primitives created: 1
01:03:28 | INFO: Extracting primitive: takeda-samurai-08 rear odoshi lacing row 1
01:03:28 | INFO: Primitives created: 1
01:03:28 | INFO: Extracting primitive: takeda-samurai-08 rear lamellar back plate r2 c1 mesh
01:03:28 | INFO: Primitives created: 1
01:03:28 | INFO: Extracting primitive: takeda-samurai-08 rear lamellar back plate r2 c2 mesh
01:03:28 | INFO: Primitives created: 1
01:03:28 | INFO: Extracting primitive: takeda-samurai-08 rear lamellar back plate r2 c3 mesh
01:03:28 | INFO: Primitives created: 1
01:03:28 | INFO: Extracting primitive: takeda-samurai-08 rear lamellar back plate r2 c4 mesh
01:03:28 | INFO: Primitives created: 1
01:03:28 | INFO: Extracting primitive: takeda-samurai-08 rear odoshi lacing row 2
01:03:28 | INFO: Primitives created: 1
01:03:28 | INFO: Extracting primitive: takeda-samurai-08 rear lamellar back plate r3 c1 mesh
01:03:28 | INFO: Primitives created: 1
01:03:28 | INFO: Extracting primitive: takeda-samurai-08 rear lamellar back plate r3 c2 mesh
01:03:28 | INFO: Primitives created: 1
01:03:28 | INFO: Extracting primitive: takeda-samurai-08 rear lamellar back plate r3 c3 mesh
01:03:28 | INFO: Primitives created: 1
01:03:28 | INFO: Extracting primitive: takeda-samurai-08 rear lamellar back plate r3 c4 mesh
01:03:28 | INFO: Primitives created: 1
01:03:28 | INFO: Extracting primitive: takeda-samurai-08 rear odoshi lacing row 3
01:03:28 | INFO: Primitives created: 1
01:03:28 | INFO: Extracting primitive: takeda-samurai-08 rear lamellar back plate r4 c1 mesh
01:03:28 | INFO: Primitives created: 1
01:03:28 | INFO: Extracting primitive: takeda-samurai-08 rear lamellar back plate r4 c2 mesh
01:03:28 | INFO: Primitives created: 1
01:03:28 | INFO: Extracting primitive: takeda-samurai-08 rear lamellar back plate r4 c3 mesh
01:03:28 | INFO: Primitives created: 1
01:03:28 | INFO: Extracting primitive: takeda-samurai-08 rear lamellar back plate r4 c4 mesh
01:03:28 | INFO: Primitives created: 1
01:03:28 | INFO: Extracting primitive: takeda-samurai-08 rear odoshi lacing row 4
01:03:28 | INFO: Primitives created: 1
01:03:28 | INFO: Extracting primitive: takeda-samurai-08 rear lacquer edge scratch -0.17
01:03:28 | INFO: Primitives created: 1
01:03:28 | INFO: Extracting primitive: takeda-samurai-08 rear lacquer edge scratch -0.06
01:03:28 | INFO: Primitives created: 1
01:03:28 | INFO: Extracting primitive: takeda-samurai-08 rear lacquer edge scratch 0.06
01:03:28 | INFO: Primitives created: 1
01:03:28 | INFO: Extracting primitive: takeda-samurai-08 rear lacquer edge scratch 0.17
01:03:28 | INFO: Primitives created: 1
01:03:28 | INFO: Extracting primitive: Sphere.148
01:03:28 | INFO: Primitives created: 1
01:03:28 | INFO: Extracting primitive: takeda-samurai-08 articulated sode shoulder plate -1 1 mesh
01:03:28 | INFO: Primitives created: 1
01:03:28 | INFO: Extracting primitive: takeda-samurai-08 sode lacing -1 1
01:03:28 | INFO: Primitives created: 1
01:03:28 | INFO: Extracting primitive: takeda-samurai-08 articulated sode shoulder plate -1 2 mesh
01:03:28 | INFO: Primitives created: 1
01:03:28 | INFO: Extracting primitive: takeda-samurai-08 sode lacing -1 2
01:03:28 | INFO: Primitives created: 1
01:03:28 | INFO: Extracting primitive: takeda-samurai-08 articulated sode shoulder plate -1 3 mesh
01:03:28 | INFO: Primitives created: 1
01:03:28 | INFO: Extracting primitive: takeda-samurai-08 sode lacing -1 3
01:03:28 | INFO: Primitives created: 1
01:03:28 | INFO: Extracting primitive: takeda-samurai-08 articulated sode shoulder plate -1 4 mesh
01:03:28 | INFO: Primitives created: 1
01:03:28 | INFO: Extracting primitive: takeda-samurai-08 sode lacing -1 4
01:03:28 | INFO: Primitives created: 1
01:03:28 | INFO: Extracting primitive: Sphere.149
01:03:28 | INFO: Primitives created: 1
01:03:28 | INFO: Extracting primitive: Sphere.150
01:03:28 | INFO: Primitives created: 1
01:03:28 | INFO: Extracting primitive: Sphere.151
01:03:28 | INFO: Primitives created: 1
01:03:28 | INFO: Extracting primitive: Sphere.152
01:03:28 | INFO: Primitives created: 1
01:03:28 | INFO: Extracting primitive: Sphere.153
01:03:28 | INFO: Primitives created: 1
01:03:28 | INFO: Extracting primitive: Cube.051
01:03:28 | INFO: Primitives created: 1
01:03:28 | INFO: Extracting primitive: takeda-samurai-08 sandal toe strap -1
01:03:28 | INFO: Primitives created: 1
01:03:28 | INFO: Extracting primitive: Sphere.154
01:03:28 | INFO: Primitives created: 1
01:03:28 | INFO: Extracting primitive: takeda-samurai-08 articulated sode shoulder plate 1 1 mesh
01:03:28 | INFO: Primitives created: 1
01:03:28 | INFO: Extracting primitive: takeda-samurai-08 sode lacing 1 1
01:03:28 | INFO: Primitives created: 1
01:03:28 | INFO: Extracting primitive: takeda-samurai-08 articulated sode shoulder plate 1 2 mesh
01:03:28 | INFO: Primitives created: 1
01:03:28 | INFO: Extracting primitive: takeda-samurai-08 sode lacing 1 2
01:03:28 | INFO: Primitives created: 1
01:03:28 | INFO: Extracting primitive: takeda-samurai-08 articulated sode shoulder plate 1 3 mesh
01:03:28 | INFO: Primitives created: 1
01:03:28 | INFO: Extracting primitive: takeda-samurai-08 sode lacing 1 3
01:03:28 | INFO: Primitives created: 1
01:03:28 | INFO: Extracting primitive: takeda-samurai-08 articulated sode shoulder plate 1 4 mesh
01:03:28 | INFO: Primitives created: 1
01:03:28 | INFO: Extracting primitive: takeda-samurai-08 sode lacing 1 4
01:03:28 | INFO: Primitives created: 1
01:03:28 | INFO: Extracting primitive: Sphere.155
01:03:28 | INFO: Primitives created: 1
01:03:28 | INFO: Extracting primitive: Sphere.156
01:03:28 | INFO: Primitives created: 1
01:03:28 | INFO: Extracting primitive: Sphere.157
01:03:28 | INFO: Primitives created: 1
01:03:28 | INFO: Extracting primitive: Sphere.158
01:03:28 | INFO: Primitives created: 1
01:03:28 | INFO: Extracting primitive: Sphere.159
01:03:28 | INFO: Primitives created: 1
01:03:28 | INFO: Extracting primitive: Cube.052
01:03:28 | INFO: Primitives created: 1
01:03:28 | INFO: Extracting primitive: takeda-samurai-08 sandal toe strap 1
01:03:28 | INFO: Primitives created: 1
01:03:28 | INFO: Extracting primitive: takeda-samurai-08 kusazuri skirt -1 row 1 mesh
01:03:28 | INFO: Primitives created: 1
01:03:28 | INFO: Extracting primitive: takeda-samurai-08 kusazuri skirt -1 row 2 mesh
01:03:28 | INFO: Primitives created: 1
01:03:28 | INFO: Extracting primitive: takeda-samurai-08 kusazuri skirt 0 row 1 mesh
01:03:28 | INFO: Primitives created: 1
01:03:28 | INFO: Extracting primitive: takeda-samurai-08 kusazuri skirt 0 row 2 mesh
01:03:28 | INFO: Primitives created: 1
01:03:28 | INFO: Extracting primitive: takeda-samurai-08 kusazuri skirt 1 row 1 mesh
01:03:28 | INFO: Primitives created: 1
01:03:28 | INFO: Extracting primitive: takeda-samurai-08 kusazuri skirt 1 row 2 mesh
01:03:28 | INFO: Primitives created: 1
01:03:28 | INFO: Extracting primitive: takeda-samurai-08 raised katana blade
01:03:28 | INFO: Primitives created: 1
01:03:28 | INFO: Extracting primitive: Cylinder.012
01:03:28 | INFO: Primitives created: 1
01:03:28 | INFO: Extracting primitive: takeda-samurai-08 sashimono bamboo pole
01:03:28 | INFO: Primitives created: 1
01:03:28 | INFO: Extracting primitive: takeda-samurai-08 wind-bent sashimono cloth panel mesh
01:03:28 | INFO: Primitives created: 1
01:03:28 | INFO: Extracting primitive: Cube.053
01:03:28 | INFO: Primitives created: 1
01:03:28 | INFO: Extracting primitive: Cube.054
01:03:28 | INFO: Primitives created: 1
01:03:28 | INFO: Extracting primitive: Cube.055
01:03:28 | INFO: Primitives created: 1
01:03:28 | INFO: Extracting primitive: Cube.056
01:03:28 | INFO: Primitives created: 1
01:03:28 | INFO: Extracting primitive: Sphere.160
01:03:28 | INFO: Primitives created: 1
01:03:28 | INFO: Extracting primitive: Sphere.161
01:03:28 | INFO: Primitives created: 1
01:03:28 | INFO: Extracting primitive: Sphere.162
01:03:28 | INFO: Primitives created: 1
01:03:28 | INFO: Extracting primitive: Sphere.163
01:03:28 | INFO: Primitives created: 1
01:03:28 | INFO: Extracting primitive: Cube.057
01:03:28 | INFO: Primitives created: 1
01:03:28 | INFO: Extracting primitive: Sphere.164
01:03:28 | INFO: Primitives created: 1
01:03:28 | INFO: Extracting primitive: Cone.019
01:03:28 | INFO: Primitives created: 1
01:03:28 | INFO: Extracting primitive: takeda-samurai-09 rear shikoro lamellar neck plate r1 c1 mesh
01:03:28 | INFO: Primitives created: 1
01:03:28 | INFO: Extracting primitive: takeda-samurai-09 rear shikoro lamellar neck plate r1 c2 mesh
01:03:28 | INFO: Primitives created: 1
01:03:28 | INFO: Extracting primitive: takeda-samurai-09 rear shikoro lamellar neck plate r1 c3 mesh
01:03:28 | INFO: Primitives created: 1
01:03:28 | INFO: Extracting primitive: takeda-samurai-09 rear shikoro lamellar neck plate r2 c1 mesh
01:03:28 | INFO: Primitives created: 1
01:03:28 | INFO: Extracting primitive: takeda-samurai-09 rear shikoro lamellar neck plate r2 c2 mesh
01:03:28 | INFO: Primitives created: 1
01:03:28 | INFO: Extracting primitive: takeda-samurai-09 rear shikoro lamellar neck plate r2 c3 mesh
01:03:28 | INFO: Primitives created: 1
01:03:28 | INFO: Extracting primitive: takeda-samurai-09 rear shikoro lamellar neck plate r3 c1 mesh
01:03:28 | INFO: Primitives created: 1
01:03:28 | INFO: Extracting primitive: takeda-samurai-09 rear shikoro lamellar neck plate r3 c2 mesh
01:03:28 | INFO: Primitives created: 1
01:03:28 | INFO: Extracting primitive: takeda-samurai-09 rear shikoro lamellar neck plate r3 c3 mesh
01:03:28 | INFO: Primitives created: 1
01:03:28 | INFO: Extracting primitive: takeda-samurai-09 raised kabuto rib 1
01:03:28 | INFO: Primitives created: 1
01:03:28 | INFO: Extracting primitive: takeda-samurai-09 raised kabuto rib 2
01:03:28 | INFO: Primitives created: 1
01:03:28 | INFO: Extracting primitive: takeda-samurai-09 raised kabuto rib 3
01:03:28 | INFO: Primitives created: 1
01:03:28 | INFO: Extracting primitive: takeda-samurai-09 crescent maedate crest
01:03:28 | INFO: Primitives created: 1
01:03:28 | INFO: Extracting primitive: takeda-samurai-09 individual front lamellar plate r1 c1 mesh
01:03:28 | INFO: Primitives created: 1
01:03:28 | INFO: Extracting primitive: takeda-samurai-09 individual front lamellar plate r1 c2 mesh
01:03:28 | INFO: Primitives created: 1
01:03:28 | INFO: Extracting primitive: takeda-samurai-09 individual front lamellar plate r1 c3 mesh
01:03:28 | INFO: Primitives created: 1
01:03:28 | INFO: Extracting primitive: takeda-samurai-09 individual front lamellar plate r1 c4 mesh
01:03:28 | INFO: Primitives created: 1
01:03:28 | INFO: Extracting primitive: takeda-samurai-09 individual front lamellar plate r1 c5 mesh
01:03:28 | INFO: Primitives created: 1
01:03:28 | INFO: Extracting primitive: takeda-samurai-09 odoshi lacing row 1
01:03:28 | INFO: Primitives created: 1
01:03:28 | INFO: Extracting primitive: takeda-samurai-09 chipped lacquer highlight r1 -0.16
01:03:28 | INFO: Primitives created: 1
01:03:28 | INFO: Extracting primitive: takeda-samurai-09 chipped lacquer highlight r1 0.0
01:03:28 | INFO: Primitives created: 1
01:03:28 | INFO: Extracting primitive: takeda-samurai-09 chipped lacquer highlight r1 0.16
01:03:28 | INFO: Primitives created: 1
01:03:28 | INFO: Extracting primitive: takeda-samurai-09 individual front lamellar plate r2 c1 mesh
01:03:28 | INFO: Primitives created: 1
01:03:28 | INFO: Extracting primitive: takeda-samurai-09 individual front lamellar plate r2 c2 mesh
01:03:28 | INFO: Primitives created: 1
01:03:28 | INFO: Extracting primitive: takeda-samurai-09 individual front lamellar plate r2 c3 mesh
01:03:28 | INFO: Primitives created: 1
01:03:28 | INFO: Extracting primitive: takeda-samurai-09 individual front lamellar plate r2 c4 mesh
01:03:28 | INFO: Primitives created: 1
01:03:28 | INFO: Extracting primitive: takeda-samurai-09 individual front lamellar plate r2 c5 mesh
01:03:28 | INFO: Primitives created: 1
01:03:28 | INFO: Extracting primitive: takeda-samurai-09 odoshi lacing row 2
01:03:28 | INFO: Primitives created: 1
01:03:28 | INFO: Extracting primitive: takeda-samurai-09 chipped lacquer highlight r2 -0.16
01:03:28 | INFO: Primitives created: 1
01:03:28 | INFO: Extracting primitive: takeda-samurai-09 chipped lacquer highlight r2 0.0
01:03:28 | INFO: Primitives created: 1
01:03:28 | INFO: Extracting primitive: takeda-samurai-09 chipped lacquer highlight r2 0.16
01:03:28 | INFO: Primitives created: 1
01:03:28 | INFO: Extracting primitive: takeda-samurai-09 individual front lamellar plate r3 c1 mesh
01:03:28 | INFO: Primitives created: 1
01:03:28 | INFO: Extracting primitive: takeda-samurai-09 individual front lamellar plate r3 c2 mesh
01:03:28 | INFO: Primitives created: 1
01:03:28 | INFO: Extracting primitive: takeda-samurai-09 individual front lamellar plate r3 c3 mesh
01:03:28 | INFO: Primitives created: 1
01:03:28 | INFO: Extracting primitive: takeda-samurai-09 individual front lamellar plate r3 c4 mesh
01:03:28 | INFO: Primitives created: 1
01:03:28 | INFO: Extracting primitive: takeda-samurai-09 individual front lamellar plate r3 c5 mesh
01:03:28 | INFO: Primitives created: 1
01:03:28 | INFO: Extracting primitive: takeda-samurai-09 odoshi lacing row 3
01:03:28 | INFO: Primitives created: 1
01:03:28 | INFO: Extracting primitive: takeda-samurai-09 chipped lacquer highlight r3 -0.16
01:03:28 | INFO: Primitives created: 1
01:03:28 | INFO: Extracting primitive: takeda-samurai-09 chipped lacquer highlight r3 0.0
01:03:28 | INFO: Primitives created: 1
01:03:28 | INFO: Extracting primitive: takeda-samurai-09 chipped lacquer highlight r3 0.16
01:03:28 | INFO: Primitives created: 1
01:03:28 | INFO: Extracting primitive: takeda-samurai-09 individual front lamellar plate r4 c1 mesh
01:03:28 | INFO: Primitives created: 1
01:03:28 | INFO: Extracting primitive: takeda-samurai-09 individual front lamellar plate r4 c2 mesh
01:03:28 | INFO: Primitives created: 1
01:03:28 | INFO: Extracting primitive: takeda-samurai-09 individual front lamellar plate r4 c3 mesh
01:03:28 | INFO: Primitives created: 1
01:03:28 | INFO: Extracting primitive: takeda-samurai-09 individual front lamellar plate r4 c4 mesh
01:03:28 | INFO: Primitives created: 1
01:03:28 | INFO: Extracting primitive: takeda-samurai-09 individual front lamellar plate r4 c5 mesh
01:03:28 | INFO: Primitives created: 1
01:03:28 | INFO: Extracting primitive: takeda-samurai-09 odoshi lacing row 4
01:03:28 | INFO: Primitives created: 1
01:03:28 | INFO: Extracting primitive: takeda-samurai-09 chipped lacquer highlight r4 -0.16
01:03:28 | INFO: Primitives created: 1
01:03:28 | INFO: Extracting primitive: takeda-samurai-09 chipped lacquer highlight r4 0.0
01:03:28 | INFO: Primitives created: 1
01:03:28 | INFO: Extracting primitive: takeda-samurai-09 chipped lacquer highlight r4 0.16
01:03:28 | INFO: Primitives created: 1
01:03:28 | INFO: Extracting primitive: takeda-samurai-09 rear lamellar back plate r1 c1 mesh
01:03:28 | INFO: Primitives created: 1
01:03:28 | INFO: Extracting primitive: takeda-samurai-09 rear lamellar back plate r1 c2 mesh
01:03:28 | INFO: Primitives created: 1
01:03:28 | INFO: Extracting primitive: takeda-samurai-09 rear lamellar back plate r1 c3 mesh
01:03:28 | INFO: Primitives created: 1
01:03:28 | INFO: Extracting primitive: takeda-samurai-09 rear lamellar back plate r1 c4 mesh
01:03:28 | INFO: Primitives created: 1
01:03:28 | INFO: Extracting primitive: takeda-samurai-09 rear odoshi lacing row 1
01:03:28 | INFO: Primitives created: 1
01:03:28 | INFO: Extracting primitive: takeda-samurai-09 rear lamellar back plate r2 c1 mesh
01:03:28 | INFO: Primitives created: 1
01:03:28 | INFO: Extracting primitive: takeda-samurai-09 rear lamellar back plate r2 c2 mesh
01:03:28 | INFO: Primitives created: 1
01:03:28 | INFO: Extracting primitive: takeda-samurai-09 rear lamellar back plate r2 c3 mesh
01:03:28 | INFO: Primitives created: 1
01:03:28 | INFO: Extracting primitive: takeda-samurai-09 rear lamellar back plate r2 c4 mesh
01:03:28 | INFO: Primitives created: 1
01:03:28 | INFO: Extracting primitive: takeda-samurai-09 rear odoshi lacing row 2
01:03:28 | INFO: Primitives created: 1
01:03:28 | INFO: Extracting primitive: takeda-samurai-09 rear lamellar back plate r3 c1 mesh
01:03:28 | INFO: Primitives created: 1
01:03:28 | INFO: Extracting primitive: takeda-samurai-09 rear lamellar back plate r3 c2 mesh
01:03:28 | INFO: Primitives created: 1
01:03:28 | INFO: Extracting primitive: takeda-samurai-09 rear lamellar back plate r3 c3 mesh
01:03:28 | INFO: Primitives created: 1
01:03:28 | INFO: Extracting primitive: takeda-samurai-09 rear lamellar back plate r3 c4 mesh
01:03:28 | INFO: Primitives created: 1
01:03:28 | INFO: Extracting primitive: takeda-samurai-09 rear odoshi lacing row 3
01:03:28 | INFO: Primitives created: 1
01:03:28 | INFO: Extracting primitive: takeda-samurai-09 rear lamellar back plate r4 c1 mesh
01:03:28 | INFO: Primitives created: 1
01:03:28 | INFO: Extracting primitive: takeda-samurai-09 rear lamellar back plate r4 c2 mesh
01:03:28 | INFO: Primitives created: 1
01:03:28 | INFO: Extracting primitive: takeda-samurai-09 rear lamellar back plate r4 c3 mesh
01:03:28 | INFO: Primitives created: 1
01:03:28 | INFO: Extracting primitive: takeda-samurai-09 rear lamellar back plate r4 c4 mesh
01:03:28 | INFO: Primitives created: 1
01:03:28 | INFO: Extracting primitive: takeda-samurai-09 rear odoshi lacing row 4
01:03:28 | INFO: Primitives created: 1
01:03:29 | INFO: Extracting primitive: takeda-samurai-09 rear lacquer edge scratch -0.17
01:03:29 | INFO: Primitives created: 1
01:03:29 | INFO: Extracting primitive: takeda-samurai-09 rear lacquer edge scratch -0.06
01:03:29 | INFO: Primitives created: 1
01:03:29 | INFO: Extracting primitive: takeda-samurai-09 rear lacquer edge scratch 0.06
01:03:29 | INFO: Primitives created: 1
01:03:29 | INFO: Extracting primitive: takeda-samurai-09 rear lacquer edge scratch 0.17
01:03:29 | INFO: Primitives created: 1
01:03:29 | INFO: Extracting primitive: Sphere.165
01:03:29 | INFO: Primitives created: 1
01:03:29 | INFO: Extracting primitive: takeda-samurai-09 articulated sode shoulder plate -1 1 mesh
01:03:29 | INFO: Primitives created: 1
01:03:29 | INFO: Extracting primitive: takeda-samurai-09 sode lacing -1 1
01:03:29 | INFO: Primitives created: 1
01:03:29 | INFO: Extracting primitive: takeda-samurai-09 articulated sode shoulder plate -1 2 mesh
01:03:29 | INFO: Primitives created: 1
01:03:29 | INFO: Extracting primitive: takeda-samurai-09 sode lacing -1 2
01:03:29 | INFO: Primitives created: 1
01:03:29 | INFO: Extracting primitive: takeda-samurai-09 articulated sode shoulder plate -1 3 mesh
01:03:29 | INFO: Primitives created: 1
01:03:29 | INFO: Extracting primitive: takeda-samurai-09 sode lacing -1 3
01:03:29 | INFO: Primitives created: 1
01:03:29 | INFO: Extracting primitive: takeda-samurai-09 articulated sode shoulder plate -1 4 mesh
01:03:29 | INFO: Primitives created: 1
01:03:29 | INFO: Extracting primitive: takeda-samurai-09 sode lacing -1 4
01:03:29 | INFO: Primitives created: 1
01:03:29 | INFO: Extracting primitive: Sphere.166
01:03:29 | INFO: Primitives created: 1
01:03:29 | INFO: Extracting primitive: Sphere.167
01:03:29 | INFO: Primitives created: 1
01:03:29 | INFO: Extracting primitive: Sphere.168
01:03:29 | INFO: Primitives created: 1
01:03:29 | INFO: Extracting primitive: Sphere.169
01:03:29 | INFO: Primitives created: 1
01:03:29 | INFO: Extracting primitive: Sphere.170
01:03:29 | INFO: Primitives created: 1
01:03:29 | INFO: Extracting primitive: Cube.058
01:03:29 | INFO: Primitives created: 1
01:03:29 | INFO: Extracting primitive: takeda-samurai-09 sandal toe strap -1
01:03:29 | INFO: Primitives created: 1
01:03:29 | INFO: Extracting primitive: Sphere.171
01:03:29 | INFO: Primitives created: 1
01:03:29 | INFO: Extracting primitive: takeda-samurai-09 articulated sode shoulder plate 1 1 mesh
01:03:29 | INFO: Primitives created: 1
01:03:29 | INFO: Extracting primitive: takeda-samurai-09 sode lacing 1 1
01:03:29 | INFO: Primitives created: 1
01:03:29 | INFO: Extracting primitive: takeda-samurai-09 articulated sode shoulder plate 1 2 mesh
01:03:29 | INFO: Primitives created: 1
01:03:29 | INFO: Extracting primitive: takeda-samurai-09 sode lacing 1 2
01:03:29 | INFO: Primitives created: 1
01:03:29 | INFO: Extracting primitive: takeda-samurai-09 articulated sode shoulder plate 1 3 mesh
01:03:29 | INFO: Primitives created: 1
01:03:29 | INFO: Extracting primitive: takeda-samurai-09 sode lacing 1 3
01:03:29 | INFO: Primitives created: 1
01:03:29 | INFO: Extracting primitive: takeda-samurai-09 articulated sode shoulder plate 1 4 mesh
01:03:29 | INFO: Primitives created: 1
01:03:29 | INFO: Extracting primitive: takeda-samurai-09 sode lacing 1 4
01:03:29 | INFO: Primitives created: 1
01:03:29 | INFO: Extracting primitive: Sphere.172
01:03:29 | INFO: Primitives created: 1
01:03:29 | INFO: Extracting primitive: Sphere.173
01:03:29 | INFO: Primitives created: 1
01:03:29 | INFO: Extracting primitive: Sphere.174
01:03:29 | INFO: Primitives created: 1
01:03:29 | INFO: Extracting primitive: Sphere.175
01:03:29 | INFO: Primitives created: 1
01:03:29 | INFO: Extracting primitive: Sphere.176
01:03:29 | INFO: Primitives created: 1
01:03:29 | INFO: Extracting primitive: Cube.059
01:03:29 | INFO: Primitives created: 1
01:03:29 | INFO: Extracting primitive: takeda-samurai-09 sandal toe strap 1
01:03:29 | INFO: Primitives created: 1
01:03:29 | INFO: Extracting primitive: takeda-samurai-09 kusazuri skirt -1 row 1 mesh
01:03:29 | INFO: Primitives created: 1
01:03:29 | INFO: Extracting primitive: takeda-samurai-09 kusazuri skirt -1 row 2 mesh
01:03:29 | INFO: Primitives created: 1
01:03:29 | INFO: Extracting primitive: takeda-samurai-09 kusazuri skirt 0 row 1 mesh
01:03:29 | INFO: Primitives created: 1
01:03:29 | INFO: Extracting primitive: takeda-samurai-09 kusazuri skirt 0 row 2 mesh
01:03:29 | INFO: Primitives created: 1
01:03:29 | INFO: Extracting primitive: takeda-samurai-09 kusazuri skirt 1 row 1 mesh
01:03:29 | INFO: Primitives created: 1
01:03:29 | INFO: Extracting primitive: takeda-samurai-09 kusazuri skirt 1 row 2 mesh
01:03:29 | INFO: Primitives created: 1
01:03:29 | INFO: Extracting primitive: takeda-samurai-09 guard katana blade
01:03:29 | INFO: Primitives created: 1
01:03:29 | INFO: Extracting primitive: Cylinder.013
01:03:29 | INFO: Primitives created: 1
01:03:29 | INFO: Extracting primitive: takeda-samurai-09 sashimono bamboo pole
01:03:29 | INFO: Primitives created: 1
01:03:29 | INFO: Extracting primitive: takeda-samurai-09 wind-bent sashimono cloth panel mesh
01:03:29 | INFO: Primitives created: 1
01:03:29 | INFO: Extracting primitive: Cube.060
01:03:29 | INFO: Primitives created: 1
01:03:29 | INFO: Extracting primitive: Cube.061
01:03:29 | INFO: Primitives created: 1
01:03:29 | INFO: Extracting primitive: Cube.062
01:03:29 | INFO: Primitives created: 1
01:03:29 | INFO: Extracting primitive: Cube.063
01:03:29 | INFO: Primitives created: 1
01:03:29 | INFO: Extracting primitive: Sphere.177
01:03:29 | INFO: Primitives created: 1
01:03:29 | INFO: Extracting primitive: Sphere.178
01:03:29 | INFO: Primitives created: 1
01:03:29 | INFO: Extracting primitive: Sphere.179
01:03:29 | INFO: Primitives created: 1
01:03:29 | INFO: Extracting primitive: Sphere.180
01:03:29 | INFO: Primitives created: 1
01:03:29 | INFO: Extracting primitive: Cube.064
01:03:29 | INFO: Primitives created: 1
01:03:29 | INFO: Extracting primitive: Sphere.181
01:03:29 | INFO: Primitives created: 1
01:03:29 | INFO: Extracting primitive: Cone.020
01:03:29 | INFO: Primitives created: 1
01:03:29 | INFO: Extracting primitive: takeda-samurai-10 rear shikoro lamellar neck plate r1 c1 mesh
01:03:29 | INFO: Primitives created: 1
01:03:29 | INFO: Extracting primitive: takeda-samurai-10 rear shikoro lamellar neck plate r1 c2 mesh
01:03:29 | INFO: Primitives created: 1
01:03:29 | INFO: Extracting primitive: takeda-samurai-10 rear shikoro lamellar neck plate r1 c3 mesh
01:03:29 | INFO: Primitives created: 1
01:03:29 | INFO: Extracting primitive: takeda-samurai-10 rear shikoro lamellar neck plate r2 c1 mesh
01:03:29 | INFO: Primitives created: 1
01:03:29 | INFO: Extracting primitive: takeda-samurai-10 rear shikoro lamellar neck plate r2 c2 mesh
01:03:29 | INFO: Primitives created: 1
01:03:29 | INFO: Extracting primitive: takeda-samurai-10 rear shikoro lamellar neck plate r2 c3 mesh
01:03:29 | INFO: Primitives created: 1
01:03:29 | INFO: Extracting primitive: takeda-samurai-10 rear shikoro lamellar neck plate r3 c1 mesh
01:03:29 | INFO: Primitives created: 1
01:03:29 | INFO: Extracting primitive: takeda-samurai-10 rear shikoro lamellar neck plate r3 c2 mesh
01:03:29 | INFO: Primitives created: 1
01:03:29 | INFO: Extracting primitive: takeda-samurai-10 rear shikoro lamellar neck plate r3 c3 mesh
01:03:29 | INFO: Primitives created: 1
01:03:29 | INFO: Extracting primitive: takeda-samurai-10 raised kabuto rib 1
01:03:29 | INFO: Primitives created: 1
01:03:29 | INFO: Extracting primitive: takeda-samurai-10 raised kabuto rib 2
01:03:29 | INFO: Primitives created: 1
01:03:29 | INFO: Extracting primitive: takeda-samurai-10 raised kabuto rib 3
01:03:29 | INFO: Primitives created: 1
01:03:29 | INFO: Extracting primitive: takeda-samurai-10 crescent maedate crest
01:03:29 | INFO: Primitives created: 1
01:03:29 | INFO: Extracting primitive: takeda-samurai-10 individual front lamellar plate r1 c1 mesh
01:03:29 | INFO: Primitives created: 1
01:03:29 | INFO: Extracting primitive: takeda-samurai-10 individual front lamellar plate r1 c2 mesh
01:03:29 | INFO: Primitives created: 1
01:03:29 | INFO: Extracting primitive: takeda-samurai-10 individual front lamellar plate r1 c3 mesh
01:03:29 | INFO: Primitives created: 1
01:03:29 | INFO: Extracting primitive: takeda-samurai-10 individual front lamellar plate r1 c4 mesh
01:03:29 | INFO: Primitives created: 1
01:03:29 | INFO: Extracting primitive: takeda-samurai-10 individual front lamellar plate r1 c5 mesh
01:03:29 | INFO: Primitives created: 1
01:03:29 | INFO: Extracting primitive: takeda-samurai-10 odoshi lacing row 1
01:03:29 | INFO: Primitives created: 1
01:03:29 | INFO: Extracting primitive: takeda-samurai-10 chipped lacquer highlight r1 -0.16
01:03:29 | INFO: Primitives created: 1
01:03:29 | INFO: Extracting primitive: takeda-samurai-10 chipped lacquer highlight r1 0.0
01:03:29 | INFO: Primitives created: 1
01:03:29 | INFO: Extracting primitive: takeda-samurai-10 chipped lacquer highlight r1 0.16
01:03:29 | INFO: Primitives created: 1
01:03:29 | INFO: Extracting primitive: takeda-samurai-10 individual front lamellar plate r2 c1 mesh
01:03:29 | INFO: Primitives created: 1
01:03:29 | INFO: Extracting primitive: takeda-samurai-10 individual front lamellar plate r2 c2 mesh
01:03:29 | INFO: Primitives created: 1
01:03:29 | INFO: Extracting primitive: takeda-samurai-10 individual front lamellar plate r2 c3 mesh
01:03:29 | INFO: Primitives created: 1
01:03:29 | INFO: Extracting primitive: takeda-samurai-10 individual front lamellar plate r2 c4 mesh
01:03:29 | INFO: Primitives created: 1
01:03:29 | INFO: Extracting primitive: takeda-samurai-10 individual front lamellar plate r2 c5 mesh
01:03:29 | INFO: Primitives created: 1
01:03:29 | INFO: Extracting primitive: takeda-samurai-10 odoshi lacing row 2
01:03:29 | INFO: Primitives created: 1
01:03:29 | INFO: Extracting primitive: takeda-samurai-10 chipped lacquer highlight r2 -0.16
01:03:29 | INFO: Primitives created: 1
01:03:29 | INFO: Extracting primitive: takeda-samurai-10 chipped lacquer highlight r2 0.0
01:03:29 | INFO: Primitives created: 1
01:03:29 | INFO: Extracting primitive: takeda-samurai-10 chipped lacquer highlight r2 0.16
01:03:29 | INFO: Primitives created: 1
01:03:29 | INFO: Extracting primitive: takeda-samurai-10 individual front lamellar plate r3 c1 mesh
01:03:29 | INFO: Primitives created: 1
01:03:29 | INFO: Extracting primitive: takeda-samurai-10 individual front lamellar plate r3 c2 mesh
01:03:29 | INFO: Primitives created: 1
01:03:29 | INFO: Extracting primitive: takeda-samurai-10 individual front lamellar plate r3 c3 mesh
01:03:29 | INFO: Primitives created: 1
01:03:29 | INFO: Extracting primitive: takeda-samurai-10 individual front lamellar plate r3 c4 mesh
01:03:29 | INFO: Primitives created: 1
01:03:29 | INFO: Extracting primitive: takeda-samurai-10 individual front lamellar plate r3 c5 mesh
01:03:29 | INFO: Primitives created: 1
01:03:29 | INFO: Extracting primitive: takeda-samurai-10 odoshi lacing row 3
01:03:29 | INFO: Primitives created: 1
01:03:29 | INFO: Extracting primitive: takeda-samurai-10 chipped lacquer highlight r3 -0.16
01:03:29 | INFO: Primitives created: 1
01:03:29 | INFO: Extracting primitive: takeda-samurai-10 chipped lacquer highlight r3 0.0
01:03:29 | INFO: Primitives created: 1
01:03:29 | INFO: Extracting primitive: takeda-samurai-10 chipped lacquer highlight r3 0.16
01:03:29 | INFO: Primitives created: 1
01:03:29 | INFO: Extracting primitive: takeda-samurai-10 individual front lamellar plate r4 c1 mesh
01:03:29 | INFO: Primitives created: 1
01:03:29 | INFO: Extracting primitive: takeda-samurai-10 individual front lamellar plate r4 c2 mesh
01:03:29 | INFO: Primitives created: 1
01:03:29 | INFO: Extracting primitive: takeda-samurai-10 individual front lamellar plate r4 c3 mesh
01:03:29 | INFO: Primitives created: 1
01:03:29 | INFO: Extracting primitive: takeda-samurai-10 individual front lamellar plate r4 c4 mesh
01:03:29 | INFO: Primitives created: 1
01:03:29 | INFO: Extracting primitive: takeda-samurai-10 individual front lamellar plate r4 c5 mesh
01:03:29 | INFO: Primitives created: 1
01:03:29 | INFO: Extracting primitive: takeda-samurai-10 odoshi lacing row 4
01:03:29 | INFO: Primitives created: 1
01:03:29 | INFO: Extracting primitive: takeda-samurai-10 chipped lacquer highlight r4 -0.16
01:03:29 | INFO: Primitives created: 1
01:03:29 | INFO: Extracting primitive: takeda-samurai-10 chipped lacquer highlight r4 0.0
01:03:29 | INFO: Primitives created: 1
01:03:29 | INFO: Extracting primitive: takeda-samurai-10 chipped lacquer highlight r4 0.16
01:03:29 | INFO: Primitives created: 1
01:03:29 | INFO: Extracting primitive: takeda-samurai-10 rear lamellar back plate r1 c1 mesh
01:03:29 | INFO: Primitives created: 1
01:03:29 | INFO: Extracting primitive: takeda-samurai-10 rear lamellar back plate r1 c2 mesh
01:03:29 | INFO: Primitives created: 1
01:03:29 | INFO: Extracting primitive: takeda-samurai-10 rear lamellar back plate r1 c3 mesh
01:03:29 | INFO: Primitives created: 1
01:03:29 | INFO: Extracting primitive: takeda-samurai-10 rear lamellar back plate r1 c4 mesh
01:03:29 | INFO: Primitives created: 1
01:03:29 | INFO: Extracting primitive: takeda-samurai-10 rear odoshi lacing row 1
01:03:29 | INFO: Primitives created: 1
01:03:29 | INFO: Extracting primitive: takeda-samurai-10 rear lamellar back plate r2 c1 mesh
01:03:29 | INFO: Primitives created: 1
01:03:29 | INFO: Extracting primitive: takeda-samurai-10 rear lamellar back plate r2 c2 mesh
01:03:29 | INFO: Primitives created: 1
01:03:29 | INFO: Extracting primitive: takeda-samurai-10 rear lamellar back plate r2 c3 mesh
01:03:29 | INFO: Primitives created: 1
01:03:29 | INFO: Extracting primitive: takeda-samurai-10 rear lamellar back plate r2 c4 mesh
01:03:29 | INFO: Primitives created: 1
01:03:29 | INFO: Extracting primitive: takeda-samurai-10 rear odoshi lacing row 2
01:03:29 | INFO: Primitives created: 1
01:03:29 | INFO: Extracting primitive: takeda-samurai-10 rear lamellar back plate r3 c1 mesh
01:03:29 | INFO: Primitives created: 1
01:03:29 | INFO: Extracting primitive: takeda-samurai-10 rear lamellar back plate r3 c2 mesh
01:03:29 | INFO: Primitives created: 1
01:03:29 | INFO: Extracting primitive: takeda-samurai-10 rear lamellar back plate r3 c3 mesh
01:03:29 | INFO: Primitives created: 1
01:03:29 | INFO: Extracting primitive: takeda-samurai-10 rear lamellar back plate r3 c4 mesh
01:03:29 | INFO: Primitives created: 1
01:03:29 | INFO: Extracting primitive: takeda-samurai-10 rear odoshi lacing row 3
01:03:29 | INFO: Primitives created: 1
01:03:29 | INFO: Extracting primitive: takeda-samurai-10 rear lamellar back plate r4 c1 mesh
01:03:29 | INFO: Primitives created: 1
01:03:29 | INFO: Extracting primitive: takeda-samurai-10 rear lamellar back plate r4 c2 mesh
01:03:29 | INFO: Primitives created: 1
01:03:29 | INFO: Extracting primitive: takeda-samurai-10 rear lamellar back plate r4 c3 mesh
01:03:29 | INFO: Primitives created: 1
01:03:29 | INFO: Extracting primitive: takeda-samurai-10 rear lamellar back plate r4 c4 mesh
01:03:29 | INFO: Primitives created: 1
01:03:29 | INFO: Extracting primitive: takeda-samurai-10 rear odoshi lacing row 4
01:03:29 | INFO: Primitives created: 1
01:03:29 | INFO: Extracting primitive: takeda-samurai-10 rear lacquer edge scratch -0.17
01:03:29 | INFO: Primitives created: 1
01:03:29 | INFO: Extracting primitive: takeda-samurai-10 rear lacquer edge scratch -0.06
01:03:29 | INFO: Primitives created: 1
01:03:29 | INFO: Extracting primitive: takeda-samurai-10 rear lacquer edge scratch 0.06
01:03:29 | INFO: Primitives created: 1
01:03:29 | INFO: Extracting primitive: takeda-samurai-10 rear lacquer edge scratch 0.17
01:03:29 | INFO: Primitives created: 1
01:03:29 | INFO: Extracting primitive: Sphere.182
01:03:29 | INFO: Primitives created: 1
01:03:29 | INFO: Extracting primitive: takeda-samurai-10 articulated sode shoulder plate -1 1 mesh
01:03:29 | INFO: Primitives created: 1
01:03:29 | INFO: Extracting primitive: takeda-samurai-10 sode lacing -1 1
01:03:29 | INFO: Primitives created: 1
01:03:29 | INFO: Extracting primitive: takeda-samurai-10 articulated sode shoulder plate -1 2 mesh
01:03:29 | INFO: Primitives created: 1
01:03:29 | INFO: Extracting primitive: takeda-samurai-10 sode lacing -1 2
01:03:29 | INFO: Primitives created: 1
01:03:29 | INFO: Extracting primitive: takeda-samurai-10 articulated sode shoulder plate -1 3 mesh
01:03:29 | INFO: Primitives created: 1
01:03:29 | INFO: Extracting primitive: takeda-samurai-10 sode lacing -1 3
01:03:29 | INFO: Primitives created: 1
01:03:29 | INFO: Extracting primitive: takeda-samurai-10 articulated sode shoulder plate -1 4 mesh
01:03:29 | INFO: Primitives created: 1
01:03:29 | INFO: Extracting primitive: takeda-samurai-10 sode lacing -1 4
01:03:29 | INFO: Primitives created: 1
01:03:29 | INFO: Extracting primitive: Sphere.183
01:03:29 | INFO: Primitives created: 1
01:03:29 | INFO: Extracting primitive: Sphere.184
01:03:29 | INFO: Primitives created: 1
01:03:29 | INFO: Extracting primitive: Sphere.185
01:03:29 | INFO: Primitives created: 1
01:03:29 | INFO: Extracting primitive: Sphere.186
01:03:29 | INFO: Primitives created: 1
01:03:29 | INFO: Extracting primitive: Sphere.187
01:03:29 | INFO: Primitives created: 1
01:03:29 | INFO: Extracting primitive: Cube.065
01:03:29 | INFO: Primitives created: 1
01:03:29 | INFO: Extracting primitive: takeda-samurai-10 sandal toe strap -1
01:03:29 | INFO: Primitives created: 1
01:03:29 | INFO: Extracting primitive: Sphere.188
01:03:29 | INFO: Primitives created: 1
01:03:29 | INFO: Extracting primitive: takeda-samurai-10 articulated sode shoulder plate 1 1 mesh
01:03:29 | INFO: Primitives created: 1
01:03:29 | INFO: Extracting primitive: takeda-samurai-10 sode lacing 1 1
01:03:29 | INFO: Primitives created: 1
01:03:29 | INFO: Extracting primitive: takeda-samurai-10 articulated sode shoulder plate 1 2 mesh
01:03:29 | INFO: Primitives created: 1
01:03:29 | INFO: Extracting primitive: takeda-samurai-10 sode lacing 1 2
01:03:29 | INFO: Primitives created: 1
01:03:29 | INFO: Extracting primitive: takeda-samurai-10 articulated sode shoulder plate 1 3 mesh
01:03:29 | INFO: Primitives created: 1
01:03:29 | INFO: Extracting primitive: takeda-samurai-10 sode lacing 1 3
01:03:29 | INFO: Primitives created: 1
01:03:29 | INFO: Extracting primitive: takeda-samurai-10 articulated sode shoulder plate 1 4 mesh
01:03:29 | INFO: Primitives created: 1
01:03:29 | INFO: Extracting primitive: takeda-samurai-10 sode lacing 1 4
01:03:29 | INFO: Primitives created: 1
01:03:29 | INFO: Extracting primitive: Sphere.189
01:03:29 | INFO: Primitives created: 1
01:03:29 | INFO: Extracting primitive: Sphere.190
01:03:29 | INFO: Primitives created: 1
01:03:29 | INFO: Extracting primitive: Sphere.191
01:03:29 | INFO: Primitives created: 1
01:03:29 | INFO: Extracting primitive: Sphere.192
01:03:29 | INFO: Primitives created: 1
01:03:29 | INFO: Extracting primitive: Sphere.193
01:03:29 | INFO: Primitives created: 1
01:03:29 | INFO: Extracting primitive: Cube.066
01:03:29 | INFO: Primitives created: 1
01:03:29 | INFO: Extracting primitive: takeda-samurai-10 sandal toe strap 1
01:03:29 | INFO: Primitives created: 1
01:03:29 | INFO: Extracting primitive: takeda-samurai-10 kusazuri skirt -1 row 1 mesh
01:03:29 | INFO: Primitives created: 1
01:03:29 | INFO: Extracting primitive: takeda-samurai-10 kusazuri skirt -1 row 2 mesh
01:03:29 | INFO: Primitives created: 1
01:03:29 | INFO: Extracting primitive: takeda-samurai-10 kusazuri skirt 0 row 1 mesh
01:03:29 | INFO: Primitives created: 1
01:03:29 | INFO: Extracting primitive: takeda-samurai-10 kusazuri skirt 0 row 2 mesh
01:03:29 | INFO: Primitives created: 1
01:03:29 | INFO: Extracting primitive: takeda-samurai-10 kusazuri skirt 1 row 1 mesh
01:03:29 | INFO: Primitives created: 1
01:03:29 | INFO: Extracting primitive: takeda-samurai-10 kusazuri skirt 1 row 2 mesh
01:03:29 | INFO: Primitives created: 1
01:03:29 | INFO: Extracting primitive: takeda-samurai-10 yari shaft
01:03:29 | INFO: Primitives created: 1
01:03:29 | INFO: Extracting primitive: Cone.021
01:03:29 | INFO: Primitives created: 1
01:03:29 | INFO: Extracting primitive: takeda-samurai-10 sashimono bamboo pole
01:03:29 | INFO: Primitives created: 1
01:03:29 | INFO: Extracting primitive: takeda-samurai-10 wind-bent sashimono cloth panel mesh
01:03:29 | INFO: Primitives created: 1
01:03:29 | INFO: Extracting primitive: Cube.067
01:03:29 | INFO: Primitives created: 1
01:03:29 | INFO: Extracting primitive: Cube.068
01:03:29 | INFO: Primitives created: 1
01:03:29 | INFO: Extracting primitive: Cube.069
01:03:29 | INFO: Primitives created: 1
01:03:29 | INFO: Extracting primitive: Cube.070
01:03:29 | INFO: Primitives created: 1
01:03:29 | INFO: Extracting primitive: Sphere.194
01:03:29 | INFO: Primitives created: 1
01:03:29 | INFO: Extracting primitive: Sphere.195
01:03:29 | INFO: Primitives created: 1
01:03:29 | INFO: Extracting primitive: Sphere.196
01:03:29 | INFO: Primitives created: 1
01:03:29 | INFO: Extracting primitive: Sphere.197
01:03:29 | INFO: Primitives created: 1
01:03:29 | INFO: Extracting primitive: Cube.071
01:03:29 | INFO: Primitives created: 1
01:03:29 | INFO: Extracting primitive: Sphere.198
01:03:29 | INFO: Primitives created: 1
01:03:29 | INFO: Extracting primitive: Cone.022
01:03:29 | INFO: Primitives created: 1
01:03:29 | INFO: Extracting primitive: uesugi-samurai-01 rear shikoro lamellar neck plate r1 c1 mesh
01:03:29 | INFO: Primitives created: 1
01:03:29 | INFO: Extracting primitive: uesugi-samurai-01 rear shikoro lamellar neck plate r1 c2 mesh
01:03:29 | INFO: Primitives created: 1
01:03:29 | INFO: Extracting primitive: uesugi-samurai-01 rear shikoro lamellar neck plate r1 c3 mesh
01:03:29 | INFO: Primitives created: 1
01:03:29 | INFO: Extracting primitive: uesugi-samurai-01 rear shikoro lamellar neck plate r2 c1 mesh
01:03:29 | INFO: Primitives created: 1
01:03:29 | INFO: Extracting primitive: uesugi-samurai-01 rear shikoro lamellar neck plate r2 c2 mesh
01:03:29 | INFO: Primitives created: 1
01:03:29 | INFO: Extracting primitive: uesugi-samurai-01 rear shikoro lamellar neck plate r2 c3 mesh
01:03:29 | INFO: Primitives created: 1
01:03:29 | INFO: Extracting primitive: uesugi-samurai-01 rear shikoro lamellar neck plate r3 c1 mesh
01:03:29 | INFO: Primitives created: 1
01:03:29 | INFO: Extracting primitive: uesugi-samurai-01 rear shikoro lamellar neck plate r3 c2 mesh
01:03:29 | INFO: Primitives created: 1
01:03:29 | INFO: Extracting primitive: uesugi-samurai-01 rear shikoro lamellar neck plate r3 c3 mesh
01:03:29 | INFO: Primitives created: 1
01:03:29 | INFO: Extracting primitive: uesugi-samurai-01 raised kabuto rib 1
01:03:29 | INFO: Primitives created: 1
01:03:29 | INFO: Extracting primitive: uesugi-samurai-01 raised kabuto rib 2
01:03:29 | INFO: Primitives created: 1
01:03:29 | INFO: Extracting primitive: uesugi-samurai-01 raised kabuto rib 3
01:03:29 | INFO: Primitives created: 1
01:03:29 | INFO: Extracting primitive: uesugi-samurai-01 left antler maedate
01:03:29 | INFO: Primitives created: 1
01:03:29 | INFO: Extracting primitive: uesugi-samurai-01 right antler maedate
01:03:29 | INFO: Primitives created: 1
01:03:29 | INFO: Extracting primitive: uesugi-samurai-01 individual front lamellar plate r1 c1 mesh
01:03:29 | INFO: Primitives created: 1
01:03:29 | INFO: Extracting primitive: uesugi-samurai-01 individual front lamellar plate r1 c2 mesh
01:03:29 | INFO: Primitives created: 1
01:03:29 | INFO: Extracting primitive: uesugi-samurai-01 individual front lamellar plate r1 c3 mesh
01:03:29 | INFO: Primitives created: 1
01:03:29 | INFO: Extracting primitive: uesugi-samurai-01 individual front lamellar plate r1 c4 mesh
01:03:29 | INFO: Primitives created: 1
01:03:29 | INFO: Extracting primitive: uesugi-samurai-01 individual front lamellar plate r1 c5 mesh
01:03:29 | INFO: Primitives created: 1
01:03:29 | INFO: Extracting primitive: uesugi-samurai-01 odoshi lacing row 1
01:03:29 | INFO: Primitives created: 1
01:03:29 | INFO: Extracting primitive: uesugi-samurai-01 chipped lacquer highlight r1 -0.16
01:03:29 | INFO: Primitives created: 1
01:03:29 | INFO: Extracting primitive: uesugi-samurai-01 chipped lacquer highlight r1 0.0
01:03:29 | INFO: Primitives created: 1
01:03:29 | INFO: Extracting primitive: uesugi-samurai-01 chipped lacquer highlight r1 0.16
01:03:29 | INFO: Primitives created: 1
01:03:29 | INFO: Extracting primitive: uesugi-samurai-01 individual front lamellar plate r2 c1 mesh
01:03:29 | INFO: Primitives created: 1
01:03:29 | INFO: Extracting primitive: uesugi-samurai-01 individual front lamellar plate r2 c2 mesh
01:03:29 | INFO: Primitives created: 1
01:03:29 | INFO: Extracting primitive: uesugi-samurai-01 individual front lamellar plate r2 c3 mesh
01:03:29 | INFO: Primitives created: 1
01:03:29 | INFO: Extracting primitive: uesugi-samurai-01 individual front lamellar plate r2 c4 mesh
01:03:29 | INFO: Primitives created: 1
01:03:29 | INFO: Extracting primitive: uesugi-samurai-01 individual front lamellar plate r2 c5 mesh
01:03:29 | INFO: Primitives created: 1
01:03:29 | INFO: Extracting primitive: uesugi-samurai-01 odoshi lacing row 2
01:03:29 | INFO: Primitives created: 1
01:03:29 | INFO: Extracting primitive: uesugi-samurai-01 chipped lacquer highlight r2 -0.16
01:03:29 | INFO: Primitives created: 1
01:03:29 | INFO: Extracting primitive: uesugi-samurai-01 chipped lacquer highlight r2 0.0
01:03:29 | INFO: Primitives created: 1
01:03:29 | INFO: Extracting primitive: uesugi-samurai-01 chipped lacquer highlight r2 0.16
01:03:29 | INFO: Primitives created: 1
01:03:29 | INFO: Extracting primitive: uesugi-samurai-01 individual front lamellar plate r3 c1 mesh
01:03:29 | INFO: Primitives created: 1
01:03:29 | INFO: Extracting primitive: uesugi-samurai-01 individual front lamellar plate r3 c2 mesh
01:03:29 | INFO: Primitives created: 1
01:03:29 | INFO: Extracting primitive: uesugi-samurai-01 individual front lamellar plate r3 c3 mesh
01:03:29 | INFO: Primitives created: 1
01:03:29 | INFO: Extracting primitive: uesugi-samurai-01 individual front lamellar plate r3 c4 mesh
01:03:29 | INFO: Primitives created: 1
01:03:29 | INFO: Extracting primitive: uesugi-samurai-01 individual front lamellar plate r3 c5 mesh
01:03:29 | INFO: Primitives created: 1
01:03:29 | INFO: Extracting primitive: uesugi-samurai-01 odoshi lacing row 3
01:03:29 | INFO: Primitives created: 1
01:03:29 | INFO: Extracting primitive: uesugi-samurai-01 chipped lacquer highlight r3 -0.16
01:03:29 | INFO: Primitives created: 1
01:03:29 | INFO: Extracting primitive: uesugi-samurai-01 chipped lacquer highlight r3 0.0
01:03:29 | INFO: Primitives created: 1
01:03:29 | INFO: Extracting primitive: uesugi-samurai-01 chipped lacquer highlight r3 0.16
01:03:29 | INFO: Primitives created: 1
01:03:29 | INFO: Extracting primitive: uesugi-samurai-01 individual front lamellar plate r4 c1 mesh
01:03:29 | INFO: Primitives created: 1
01:03:29 | INFO: Extracting primitive: uesugi-samurai-01 individual front lamellar plate r4 c2 mesh
01:03:29 | INFO: Primitives created: 1
01:03:29 | INFO: Extracting primitive: uesugi-samurai-01 individual front lamellar plate r4 c3 mesh
01:03:29 | INFO: Primitives created: 1
01:03:29 | INFO: Extracting primitive: uesugi-samurai-01 individual front lamellar plate r4 c4 mesh
01:03:29 | INFO: Primitives created: 1
01:03:29 | INFO: Extracting primitive: uesugi-samurai-01 individual front lamellar plate r4 c5 mesh
01:03:29 | INFO: Primitives created: 1
01:03:29 | INFO: Extracting primitive: uesugi-samurai-01 odoshi lacing row 4
01:03:29 | INFO: Primitives created: 1
01:03:29 | INFO: Extracting primitive: uesugi-samurai-01 chipped lacquer highlight r4 -0.16
01:03:29 | INFO: Primitives created: 1
01:03:29 | INFO: Extracting primitive: uesugi-samurai-01 chipped lacquer highlight r4 0.0
01:03:29 | INFO: Primitives created: 1
01:03:29 | INFO: Extracting primitive: uesugi-samurai-01 chipped lacquer highlight r4 0.16
01:03:29 | INFO: Primitives created: 1
01:03:29 | INFO: Extracting primitive: uesugi-samurai-01 rear lamellar back plate r1 c1 mesh
01:03:29 | INFO: Primitives created: 1
01:03:29 | INFO: Extracting primitive: uesugi-samurai-01 rear lamellar back plate r1 c2 mesh
01:03:29 | INFO: Primitives created: 1
01:03:29 | INFO: Extracting primitive: uesugi-samurai-01 rear lamellar back plate r1 c3 mesh
01:03:29 | INFO: Primitives created: 1
01:03:29 | INFO: Extracting primitive: uesugi-samurai-01 rear lamellar back plate r1 c4 mesh
01:03:29 | INFO: Primitives created: 1
01:03:29 | INFO: Extracting primitive: uesugi-samurai-01 rear odoshi lacing row 1
01:03:29 | INFO: Primitives created: 1
01:03:29 | INFO: Extracting primitive: uesugi-samurai-01 rear lamellar back plate r2 c1 mesh
01:03:29 | INFO: Primitives created: 1
01:03:29 | INFO: Extracting primitive: uesugi-samurai-01 rear lamellar back plate r2 c2 mesh
01:03:29 | INFO: Primitives created: 1
01:03:29 | INFO: Extracting primitive: uesugi-samurai-01 rear lamellar back plate r2 c3 mesh
01:03:29 | INFO: Primitives created: 1
01:03:29 | INFO: Extracting primitive: uesugi-samurai-01 rear lamellar back plate r2 c4 mesh
01:03:29 | INFO: Primitives created: 1
01:03:29 | INFO: Extracting primitive: uesugi-samurai-01 rear odoshi lacing row 2
01:03:29 | INFO: Primitives created: 1
01:03:29 | INFO: Extracting primitive: uesugi-samurai-01 rear lamellar back plate r3 c1 mesh
01:03:29 | INFO: Primitives created: 1
01:03:29 | INFO: Extracting primitive: uesugi-samurai-01 rear lamellar back plate r3 c2 mesh
01:03:29 | INFO: Primitives created: 1
01:03:29 | INFO: Extracting primitive: uesugi-samurai-01 rear lamellar back plate r3 c3 mesh
01:03:29 | INFO: Primitives created: 1
01:03:29 | INFO: Extracting primitive: uesugi-samurai-01 rear lamellar back plate r3 c4 mesh
01:03:29 | INFO: Primitives created: 1
01:03:29 | INFO: Extracting primitive: uesugi-samurai-01 rear odoshi lacing row 3
01:03:29 | INFO: Primitives created: 1
01:03:29 | INFO: Extracting primitive: uesugi-samurai-01 rear lamellar back plate r4 c1 mesh
01:03:29 | INFO: Primitives created: 1
01:03:29 | INFO: Extracting primitive: uesugi-samurai-01 rear lamellar back plate r4 c2 mesh
01:03:29 | INFO: Primitives created: 1
01:03:29 | INFO: Extracting primitive: uesugi-samurai-01 rear lamellar back plate r4 c3 mesh
01:03:29 | INFO: Primitives created: 1
01:03:29 | INFO: Extracting primitive: uesugi-samurai-01 rear lamellar back plate r4 c4 mesh
01:03:29 | INFO: Primitives created: 1
01:03:29 | INFO: Extracting primitive: uesugi-samurai-01 rear odoshi lacing row 4
01:03:29 | INFO: Primitives created: 1
01:03:29 | INFO: Extracting primitive: uesugi-samurai-01 rear lacquer edge scratch -0.17
01:03:29 | INFO: Primitives created: 1
01:03:29 | INFO: Extracting primitive: uesugi-samurai-01 rear lacquer edge scratch -0.06
01:03:29 | INFO: Primitives created: 1
01:03:29 | INFO: Extracting primitive: uesugi-samurai-01 rear lacquer edge scratch 0.06
01:03:29 | INFO: Primitives created: 1
01:03:29 | INFO: Extracting primitive: uesugi-samurai-01 rear lacquer edge scratch 0.17
01:03:29 | INFO: Primitives created: 1
01:03:29 | INFO: Extracting primitive: Sphere.199
01:03:29 | INFO: Primitives created: 1
01:03:29 | INFO: Extracting primitive: uesugi-samurai-01 articulated sode shoulder plate -1 1 mesh
01:03:29 | INFO: Primitives created: 1
01:03:29 | INFO: Extracting primitive: uesugi-samurai-01 sode lacing -1 1
01:03:29 | INFO: Primitives created: 1
01:03:29 | INFO: Extracting primitive: uesugi-samurai-01 articulated sode shoulder plate -1 2 mesh
01:03:29 | INFO: Primitives created: 1
01:03:29 | INFO: Extracting primitive: uesugi-samurai-01 sode lacing -1 2
01:03:29 | INFO: Primitives created: 1
01:03:29 | INFO: Extracting primitive: uesugi-samurai-01 articulated sode shoulder plate -1 3 mesh
01:03:29 | INFO: Primitives created: 1
01:03:29 | INFO: Extracting primitive: uesugi-samurai-01 sode lacing -1 3
01:03:29 | INFO: Primitives created: 1
01:03:29 | INFO: Extracting primitive: uesugi-samurai-01 articulated sode shoulder plate -1 4 mesh
01:03:29 | INFO: Primitives created: 1
01:03:29 | INFO: Extracting primitive: uesugi-samurai-01 sode lacing -1 4
01:03:29 | INFO: Primitives created: 1
01:03:29 | INFO: Extracting primitive: Sphere.200
01:03:29 | INFO: Primitives created: 1
01:03:29 | INFO: Extracting primitive: Sphere.201
01:03:29 | INFO: Primitives created: 1
01:03:29 | INFO: Extracting primitive: Sphere.202
01:03:29 | INFO: Primitives created: 1
01:03:29 | INFO: Extracting primitive: Sphere.203
01:03:29 | INFO: Primitives created: 1
01:03:29 | INFO: Extracting primitive: Sphere.204
01:03:29 | INFO: Primitives created: 1
01:03:29 | INFO: Extracting primitive: Cube.072
01:03:29 | INFO: Primitives created: 1
01:03:29 | INFO: Extracting primitive: uesugi-samurai-01 sandal toe strap -1
01:03:29 | INFO: Primitives created: 1
01:03:29 | INFO: Extracting primitive: Sphere.205
01:03:29 | INFO: Primitives created: 1
01:03:29 | INFO: Extracting primitive: uesugi-samurai-01 articulated sode shoulder plate 1 1 mesh
01:03:29 | INFO: Primitives created: 1
01:03:29 | INFO: Extracting primitive: uesugi-samurai-01 sode lacing 1 1
01:03:29 | INFO: Primitives created: 1
01:03:29 | INFO: Extracting primitive: uesugi-samurai-01 articulated sode shoulder plate 1 2 mesh
01:03:29 | INFO: Primitives created: 1
01:03:29 | INFO: Extracting primitive: uesugi-samurai-01 sode lacing 1 2
01:03:29 | INFO: Primitives created: 1
01:03:29 | INFO: Extracting primitive: uesugi-samurai-01 articulated sode shoulder plate 1 3 mesh
01:03:29 | INFO: Primitives created: 1
01:03:29 | INFO: Extracting primitive: uesugi-samurai-01 sode lacing 1 3
01:03:29 | INFO: Primitives created: 1
01:03:29 | INFO: Extracting primitive: uesugi-samurai-01 articulated sode shoulder plate 1 4 mesh
01:03:29 | INFO: Primitives created: 1
01:03:29 | INFO: Extracting primitive: uesugi-samurai-01 sode lacing 1 4
01:03:29 | INFO: Primitives created: 1
01:03:29 | INFO: Extracting primitive: Sphere.206
01:03:29 | INFO: Primitives created: 1
01:03:29 | INFO: Extracting primitive: Sphere.207
01:03:29 | INFO: Primitives created: 1
01:03:29 | INFO: Extracting primitive: Sphere.208
01:03:29 | INFO: Primitives created: 1
01:03:29 | INFO: Extracting primitive: Sphere.209
01:03:29 | INFO: Primitives created: 1
01:03:29 | INFO: Extracting primitive: Sphere.210
01:03:29 | INFO: Primitives created: 1
01:03:29 | INFO: Extracting primitive: Cube.073
01:03:29 | INFO: Primitives created: 1
01:03:29 | INFO: Extracting primitive: uesugi-samurai-01 sandal toe strap 1
01:03:29 | INFO: Primitives created: 1
01:03:29 | INFO: Extracting primitive: uesugi-samurai-01 kusazuri skirt -1 row 1 mesh
01:03:29 | INFO: Primitives created: 1
01:03:29 | INFO: Extracting primitive: uesugi-samurai-01 kusazuri skirt -1 row 2 mesh
01:03:29 | INFO: Primitives created: 1
01:03:29 | INFO: Extracting primitive: uesugi-samurai-01 kusazuri skirt 0 row 1 mesh
01:03:29 | INFO: Primitives created: 1
01:03:29 | INFO: Extracting primitive: uesugi-samurai-01 kusazuri skirt 0 row 2 mesh
01:03:29 | INFO: Primitives created: 1
01:03:29 | INFO: Extracting primitive: uesugi-samurai-01 kusazuri skirt 1 row 1 mesh
01:03:29 | INFO: Primitives created: 1
01:03:29 | INFO: Extracting primitive: uesugi-samurai-01 kusazuri skirt 1 row 2 mesh
01:03:29 | INFO: Primitives created: 1
01:03:29 | INFO: Extracting primitive: uesugi-samurai-01 raised katana blade
01:03:29 | INFO: Primitives created: 1
01:03:29 | INFO: Extracting primitive: Cylinder.014
01:03:29 | INFO: Primitives created: 1
01:03:29 | INFO: Extracting primitive: uesugi-samurai-01 sashimono bamboo pole
01:03:29 | INFO: Primitives created: 1
01:03:29 | INFO: Extracting primitive: uesugi-samurai-01 wind-bent sashimono cloth panel mesh
01:03:29 | INFO: Primitives created: 1
01:03:29 | INFO: Extracting primitive: Sphere.211
01:03:29 | INFO: Primitives created: 1
01:03:29 | INFO: Extracting primitive: Sphere.212
01:03:29 | INFO: Primitives created: 1
01:03:29 | INFO: Extracting primitive: Sphere.213
01:03:29 | INFO: Primitives created: 1
01:03:29 | INFO: Extracting primitive: Sphere.214
01:03:29 | INFO: Primitives created: 1
01:03:29 | INFO: Extracting primitive: Sphere.215
01:03:29 | INFO: Primitives created: 1
01:03:29 | INFO: Extracting primitive: Sphere.216
01:03:29 | INFO: Primitives created: 1
01:03:29 | INFO: Extracting primitive: Cube.074
01:03:29 | INFO: Primitives created: 1
01:03:29 | INFO: Extracting primitive: Sphere.217
01:03:29 | INFO: Primitives created: 1
01:03:29 | INFO: Extracting primitive: Cone.023
01:03:29 | INFO: Primitives created: 1
01:03:29 | INFO: Extracting primitive: uesugi-samurai-02 rear shikoro lamellar neck plate r1 c1 mesh
01:03:29 | INFO: Primitives created: 1
01:03:29 | INFO: Extracting primitive: uesugi-samurai-02 rear shikoro lamellar neck plate r1 c2 mesh
01:03:29 | INFO: Primitives created: 1
01:03:29 | INFO: Extracting primitive: uesugi-samurai-02 rear shikoro lamellar neck plate r1 c3 mesh
01:03:29 | INFO: Primitives created: 1
01:03:29 | INFO: Extracting primitive: uesugi-samurai-02 rear shikoro lamellar neck plate r2 c1 mesh
01:03:29 | INFO: Primitives created: 1
01:03:29 | INFO: Extracting primitive: uesugi-samurai-02 rear shikoro lamellar neck plate r2 c2 mesh
01:03:29 | INFO: Primitives created: 1
01:03:29 | INFO: Extracting primitive: uesugi-samurai-02 rear shikoro lamellar neck plate r2 c3 mesh
01:03:29 | INFO: Primitives created: 1
01:03:29 | INFO: Extracting primitive: uesugi-samurai-02 rear shikoro lamellar neck plate r3 c1 mesh
01:03:29 | INFO: Primitives created: 1
01:03:29 | INFO: Extracting primitive: uesugi-samurai-02 rear shikoro lamellar neck plate r3 c2 mesh
01:03:29 | INFO: Primitives created: 1
01:03:29 | INFO: Extracting primitive: uesugi-samurai-02 rear shikoro lamellar neck plate r3 c3 mesh
01:03:29 | INFO: Primitives created: 1
01:03:29 | INFO: Extracting primitive: uesugi-samurai-02 raised kabuto rib 1
01:03:29 | INFO: Primitives created: 1
01:03:29 | INFO: Extracting primitive: uesugi-samurai-02 raised kabuto rib 2
01:03:29 | INFO: Primitives created: 1
01:03:29 | INFO: Extracting primitive: uesugi-samurai-02 raised kabuto rib 3
01:03:29 | INFO: Primitives created: 1
01:03:29 | INFO: Extracting primitive: uesugi-samurai-02 left antler maedate
01:03:29 | INFO: Primitives created: 1
01:03:29 | INFO: Extracting primitive: uesugi-samurai-02 right antler maedate
01:03:29 | INFO: Primitives created: 1
01:03:29 | INFO: Extracting primitive: uesugi-samurai-02 individual front lamellar plate r1 c1 mesh
01:03:29 | INFO: Primitives created: 1
01:03:29 | INFO: Extracting primitive: uesugi-samurai-02 individual front lamellar plate r1 c2 mesh
01:03:29 | INFO: Primitives created: 1
01:03:29 | INFO: Extracting primitive: uesugi-samurai-02 individual front lamellar plate r1 c3 mesh
01:03:29 | INFO: Primitives created: 1
01:03:29 | INFO: Extracting primitive: uesugi-samurai-02 individual front lamellar plate r1 c4 mesh
01:03:29 | INFO: Primitives created: 1
01:03:29 | INFO: Extracting primitive: uesugi-samurai-02 individual front lamellar plate r1 c5 mesh
01:03:29 | INFO: Primitives created: 1
01:03:29 | INFO: Extracting primitive: uesugi-samurai-02 odoshi lacing row 1
01:03:29 | INFO: Primitives created: 1
01:03:29 | INFO: Extracting primitive: uesugi-samurai-02 chipped lacquer highlight r1 -0.16
01:03:29 | INFO: Primitives created: 1
01:03:29 | INFO: Extracting primitive: uesugi-samurai-02 chipped lacquer highlight r1 0.0
01:03:29 | INFO: Primitives created: 1
01:03:29 | INFO: Extracting primitive: uesugi-samurai-02 chipped lacquer highlight r1 0.16
01:03:29 | INFO: Primitives created: 1
01:03:29 | INFO: Extracting primitive: uesugi-samurai-02 individual front lamellar plate r2 c1 mesh
01:03:29 | INFO: Primitives created: 1
01:03:29 | INFO: Extracting primitive: uesugi-samurai-02 individual front lamellar plate r2 c2 mesh
01:03:29 | INFO: Primitives created: 1
01:03:29 | INFO: Extracting primitive: uesugi-samurai-02 individual front lamellar plate r2 c3 mesh
01:03:29 | INFO: Primitives created: 1
01:03:29 | INFO: Extracting primitive: uesugi-samurai-02 individual front lamellar plate r2 c4 mesh
01:03:29 | INFO: Primitives created: 1
01:03:29 | INFO: Extracting primitive: uesugi-samurai-02 individual front lamellar plate r2 c5 mesh
01:03:29 | INFO: Primitives created: 1
01:03:29 | INFO: Extracting primitive: uesugi-samurai-02 odoshi lacing row 2
01:03:29 | INFO: Primitives created: 1
01:03:29 | INFO: Extracting primitive: uesugi-samurai-02 chipped lacquer highlight r2 -0.16
01:03:29 | INFO: Primitives created: 1
01:03:29 | INFO: Extracting primitive: uesugi-samurai-02 chipped lacquer highlight r2 0.0
01:03:29 | INFO: Primitives created: 1
01:03:29 | INFO: Extracting primitive: uesugi-samurai-02 chipped lacquer highlight r2 0.16
01:03:29 | INFO: Primitives created: 1
01:03:29 | INFO: Extracting primitive: uesugi-samurai-02 individual front lamellar plate r3 c1 mesh
01:03:29 | INFO: Primitives created: 1
01:03:29 | INFO: Extracting primitive: uesugi-samurai-02 individual front lamellar plate r3 c2 mesh
01:03:29 | INFO: Primitives created: 1
01:03:29 | INFO: Extracting primitive: uesugi-samurai-02 individual front lamellar plate r3 c3 mesh
01:03:29 | INFO: Primitives created: 1
01:03:29 | INFO: Extracting primitive: uesugi-samurai-02 individual front lamellar plate r3 c4 mesh
01:03:29 | INFO: Primitives created: 1
01:03:29 | INFO: Extracting primitive: uesugi-samurai-02 individual front lamellar plate r3 c5 mesh
01:03:29 | INFO: Primitives created: 1
01:03:29 | INFO: Extracting primitive: uesugi-samurai-02 odoshi lacing row 3
01:03:29 | INFO: Primitives created: 1
01:03:29 | INFO: Extracting primitive: uesugi-samurai-02 chipped lacquer highlight r3 -0.16
01:03:29 | INFO: Primitives created: 1
01:03:29 | INFO: Extracting primitive: uesugi-samurai-02 chipped lacquer highlight r3 0.0
01:03:29 | INFO: Primitives created: 1
01:03:29 | INFO: Extracting primitive: uesugi-samurai-02 chipped lacquer highlight r3 0.16
01:03:29 | INFO: Primitives created: 1
01:03:29 | INFO: Extracting primitive: uesugi-samurai-02 individual front lamellar plate r4 c1 mesh
01:03:29 | INFO: Primitives created: 1
01:03:29 | INFO: Extracting primitive: uesugi-samurai-02 individual front lamellar plate r4 c2 mesh
01:03:29 | INFO: Primitives created: 1
01:03:29 | INFO: Extracting primitive: uesugi-samurai-02 individual front lamellar plate r4 c3 mesh
01:03:29 | INFO: Primitives created: 1
01:03:29 | INFO: Extracting primitive: uesugi-samurai-02 individual front lamellar plate r4 c4 mesh
01:03:29 | INFO: Primitives created: 1
01:03:29 | INFO: Extracting primitive: uesugi-samurai-02 individual front lamellar plate r4 c5 mesh
01:03:29 | INFO: Primitives created: 1
01:03:29 | INFO: Extracting primitive: uesugi-samurai-02 odoshi lacing row 4
01:03:29 | INFO: Primitives created: 1
01:03:29 | INFO: Extracting primitive: uesugi-samurai-02 chipped lacquer highlight r4 -0.16
01:03:29 | INFO: Primitives created: 1
01:03:29 | INFO: Extracting primitive: uesugi-samurai-02 chipped lacquer highlight r4 0.0
01:03:29 | INFO: Primitives created: 1
01:03:29 | INFO: Extracting primitive: uesugi-samurai-02 chipped lacquer highlight r4 0.16
01:03:29 | INFO: Primitives created: 1
01:03:29 | INFO: Extracting primitive: uesugi-samurai-02 rear lamellar back plate r1 c1 mesh
01:03:29 | INFO: Primitives created: 1
01:03:29 | INFO: Extracting primitive: uesugi-samurai-02 rear lamellar back plate r1 c2 mesh
01:03:29 | INFO: Primitives created: 1
01:03:29 | INFO: Extracting primitive: uesugi-samurai-02 rear lamellar back plate r1 c3 mesh
01:03:29 | INFO: Primitives created: 1
01:03:29 | INFO: Extracting primitive: uesugi-samurai-02 rear lamellar back plate r1 c4 mesh
01:03:29 | INFO: Primitives created: 1
01:03:29 | INFO: Extracting primitive: uesugi-samurai-02 rear odoshi lacing row 1
01:03:29 | INFO: Primitives created: 1
01:03:29 | INFO: Extracting primitive: uesugi-samurai-02 rear lamellar back plate r2 c1 mesh
01:03:29 | INFO: Primitives created: 1
01:03:29 | INFO: Extracting primitive: uesugi-samurai-02 rear lamellar back plate r2 c2 mesh
01:03:29 | INFO: Primitives created: 1
01:03:29 | INFO: Extracting primitive: uesugi-samurai-02 rear lamellar back plate r2 c3 mesh
01:03:29 | INFO: Primitives created: 1
01:03:29 | INFO: Extracting primitive: uesugi-samurai-02 rear lamellar back plate r2 c4 mesh
01:03:29 | INFO: Primitives created: 1
01:03:29 | INFO: Extracting primitive: uesugi-samurai-02 rear odoshi lacing row 2
01:03:29 | INFO: Primitives created: 1
01:03:29 | INFO: Extracting primitive: uesugi-samurai-02 rear lamellar back plate r3 c1 mesh
01:03:29 | INFO: Primitives created: 1
01:03:29 | INFO: Extracting primitive: uesugi-samurai-02 rear lamellar back plate r3 c2 mesh
01:03:29 | INFO: Primitives created: 1
01:03:29 | INFO: Extracting primitive: uesugi-samurai-02 rear lamellar back plate r3 c3 mesh
01:03:29 | INFO: Primitives created: 1
01:03:29 | INFO: Extracting primitive: uesugi-samurai-02 rear lamellar back plate r3 c4 mesh
01:03:29 | INFO: Primitives created: 1
01:03:29 | INFO: Extracting primitive: uesugi-samurai-02 rear odoshi lacing row 3
01:03:29 | INFO: Primitives created: 1
01:03:29 | INFO: Extracting primitive: uesugi-samurai-02 rear lamellar back plate r4 c1 mesh
01:03:29 | INFO: Primitives created: 1
01:03:29 | INFO: Extracting primitive: uesugi-samurai-02 rear lamellar back plate r4 c2 mesh
01:03:29 | INFO: Primitives created: 1
01:03:29 | INFO: Extracting primitive: uesugi-samurai-02 rear lamellar back plate r4 c3 mesh
01:03:29 | INFO: Primitives created: 1
01:03:29 | INFO: Extracting primitive: uesugi-samurai-02 rear lamellar back plate r4 c4 mesh
01:03:29 | INFO: Primitives created: 1
01:03:29 | INFO: Extracting primitive: uesugi-samurai-02 rear odoshi lacing row 4
01:03:29 | INFO: Primitives created: 1
01:03:29 | INFO: Extracting primitive: uesugi-samurai-02 rear lacquer edge scratch -0.17
01:03:29 | INFO: Primitives created: 1
01:03:29 | INFO: Extracting primitive: uesugi-samurai-02 rear lacquer edge scratch -0.06
01:03:29 | INFO: Primitives created: 1
01:03:29 | INFO: Extracting primitive: uesugi-samurai-02 rear lacquer edge scratch 0.06
01:03:29 | INFO: Primitives created: 1
01:03:29 | INFO: Extracting primitive: uesugi-samurai-02 rear lacquer edge scratch 0.17
01:03:29 | INFO: Primitives created: 1
01:03:29 | INFO: Extracting primitive: Sphere.218
01:03:29 | INFO: Primitives created: 1
01:03:29 | INFO: Extracting primitive: uesugi-samurai-02 articulated sode shoulder plate -1 1 mesh
01:03:29 | INFO: Primitives created: 1
01:03:29 | INFO: Extracting primitive: uesugi-samurai-02 sode lacing -1 1
01:03:29 | INFO: Primitives created: 1
01:03:29 | INFO: Extracting primitive: uesugi-samurai-02 articulated sode shoulder plate -1 2 mesh
01:03:29 | INFO: Primitives created: 1
01:03:29 | INFO: Extracting primitive: uesugi-samurai-02 sode lacing -1 2
01:03:29 | INFO: Primitives created: 1
01:03:29 | INFO: Extracting primitive: uesugi-samurai-02 articulated sode shoulder plate -1 3 mesh
01:03:29 | INFO: Primitives created: 1
01:03:29 | INFO: Extracting primitive: uesugi-samurai-02 sode lacing -1 3
01:03:29 | INFO: Primitives created: 1
01:03:29 | INFO: Extracting primitive: uesugi-samurai-02 articulated sode shoulder plate -1 4 mesh
01:03:29 | INFO: Primitives created: 1
01:03:29 | INFO: Extracting primitive: uesugi-samurai-02 sode lacing -1 4
01:03:29 | INFO: Primitives created: 1
01:03:29 | INFO: Extracting primitive: Sphere.219
01:03:29 | INFO: Primitives created: 1
01:03:29 | INFO: Extracting primitive: Sphere.220
01:03:29 | INFO: Primitives created: 1
01:03:29 | INFO: Extracting primitive: Sphere.221
01:03:29 | INFO: Primitives created: 1
01:03:29 | INFO: Extracting primitive: Sphere.222
01:03:29 | INFO: Primitives created: 1
01:03:29 | INFO: Extracting primitive: Sphere.223
01:03:29 | INFO: Primitives created: 1
01:03:29 | INFO: Extracting primitive: Cube.075
01:03:29 | INFO: Primitives created: 1
01:03:29 | INFO: Extracting primitive: uesugi-samurai-02 sandal toe strap -1
01:03:29 | INFO: Primitives created: 1
01:03:29 | INFO: Extracting primitive: Sphere.224
01:03:29 | INFO: Primitives created: 1
01:03:29 | INFO: Extracting primitive: uesugi-samurai-02 articulated sode shoulder plate 1 1 mesh
01:03:29 | INFO: Primitives created: 1
01:03:29 | INFO: Extracting primitive: uesugi-samurai-02 sode lacing 1 1
01:03:29 | INFO: Primitives created: 1
01:03:29 | INFO: Extracting primitive: uesugi-samurai-02 articulated sode shoulder plate 1 2 mesh
01:03:29 | INFO: Primitives created: 1
01:03:29 | INFO: Extracting primitive: uesugi-samurai-02 sode lacing 1 2
01:03:29 | INFO: Primitives created: 1
01:03:29 | INFO: Extracting primitive: uesugi-samurai-02 articulated sode shoulder plate 1 3 mesh
01:03:29 | INFO: Primitives created: 1
01:03:29 | INFO: Extracting primitive: uesugi-samurai-02 sode lacing 1 3
01:03:29 | INFO: Primitives created: 1
01:03:29 | INFO: Extracting primitive: uesugi-samurai-02 articulated sode shoulder plate 1 4 mesh
01:03:29 | INFO: Primitives created: 1
01:03:29 | INFO: Extracting primitive: uesugi-samurai-02 sode lacing 1 4
01:03:29 | INFO: Primitives created: 1
01:03:29 | INFO: Extracting primitive: Sphere.225
01:03:29 | INFO: Primitives created: 1
01:03:29 | INFO: Extracting primitive: Sphere.226
01:03:29 | INFO: Primitives created: 1
01:03:29 | INFO: Extracting primitive: Sphere.227
01:03:29 | INFO: Primitives created: 1
01:03:29 | INFO: Extracting primitive: Sphere.228
01:03:29 | INFO: Primitives created: 1
01:03:29 | INFO: Extracting primitive: Sphere.229
01:03:29 | INFO: Primitives created: 1
01:03:29 | INFO: Extracting primitive: Cube.076
01:03:29 | INFO: Primitives created: 1
01:03:29 | INFO: Extracting primitive: uesugi-samurai-02 sandal toe strap 1
01:03:29 | INFO: Primitives created: 1
01:03:29 | INFO: Extracting primitive: uesugi-samurai-02 kusazuri skirt -1 row 1 mesh
01:03:29 | INFO: Primitives created: 1
01:03:29 | INFO: Extracting primitive: uesugi-samurai-02 kusazuri skirt -1 row 2 mesh
01:03:29 | INFO: Primitives created: 1
01:03:29 | INFO: Extracting primitive: uesugi-samurai-02 kusazuri skirt 0 row 1 mesh
01:03:29 | INFO: Primitives created: 1
01:03:29 | INFO: Extracting primitive: uesugi-samurai-02 kusazuri skirt 0 row 2 mesh
01:03:29 | INFO: Primitives created: 1
01:03:29 | INFO: Extracting primitive: uesugi-samurai-02 kusazuri skirt 1 row 1 mesh
01:03:29 | INFO: Primitives created: 1
01:03:29 | INFO: Extracting primitive: uesugi-samurai-02 kusazuri skirt 1 row 2 mesh
01:03:29 | INFO: Primitives created: 1
01:03:29 | INFO: Extracting primitive: uesugi-samurai-02 guard katana blade
01:03:29 | INFO: Primitives created: 1
01:03:29 | INFO: Extracting primitive: Cylinder.015
01:03:29 | INFO: Primitives created: 1
01:03:29 | INFO: Extracting primitive: uesugi-samurai-02 sashimono bamboo pole
01:03:29 | INFO: Primitives created: 1
01:03:29 | INFO: Extracting primitive: uesugi-samurai-02 wind-bent sashimono cloth panel mesh
01:03:29 | INFO: Primitives created: 1
01:03:29 | INFO: Extracting primitive: Sphere.230
01:03:29 | INFO: Primitives created: 1
01:03:29 | INFO: Extracting primitive: Sphere.231
01:03:29 | INFO: Primitives created: 1
01:03:29 | INFO: Extracting primitive: Sphere.232
01:03:29 | INFO: Primitives created: 1
01:03:29 | INFO: Extracting primitive: Sphere.233
01:03:29 | INFO: Primitives created: 1
01:03:29 | INFO: Extracting primitive: Sphere.234
01:03:29 | INFO: Primitives created: 1
01:03:29 | INFO: Extracting primitive: Sphere.235
01:03:29 | INFO: Primitives created: 1
01:03:29 | INFO: Extracting primitive: Cube.077
01:03:29 | INFO: Primitives created: 1
01:03:29 | INFO: Extracting primitive: Sphere.236
01:03:29 | INFO: Primitives created: 1
01:03:29 | INFO: Extracting primitive: Cone.024
01:03:29 | INFO: Primitives created: 1
01:03:29 | INFO: Extracting primitive: uesugi-samurai-03 rear shikoro lamellar neck plate r1 c1 mesh
01:03:29 | INFO: Primitives created: 1
01:03:29 | INFO: Extracting primitive: uesugi-samurai-03 rear shikoro lamellar neck plate r1 c2 mesh
01:03:29 | INFO: Primitives created: 1
01:03:29 | INFO: Extracting primitive: uesugi-samurai-03 rear shikoro lamellar neck plate r1 c3 mesh
01:03:29 | INFO: Primitives created: 1
01:03:29 | INFO: Extracting primitive: uesugi-samurai-03 rear shikoro lamellar neck plate r2 c1 mesh
01:03:29 | INFO: Primitives created: 1
01:03:29 | INFO: Extracting primitive: uesugi-samurai-03 rear shikoro lamellar neck plate r2 c2 mesh
01:03:29 | INFO: Primitives created: 1
01:03:29 | INFO: Extracting primitive: uesugi-samurai-03 rear shikoro lamellar neck plate r2 c3 mesh
01:03:29 | INFO: Primitives created: 1
01:03:29 | INFO: Extracting primitive: uesugi-samurai-03 rear shikoro lamellar neck plate r3 c1 mesh
01:03:29 | INFO: Primitives created: 1
01:03:29 | INFO: Extracting primitive: uesugi-samurai-03 rear shikoro lamellar neck plate r3 c2 mesh
01:03:29 | INFO: Primitives created: 1
01:03:29 | INFO: Extracting primitive: uesugi-samurai-03 rear shikoro lamellar neck plate r3 c3 mesh
01:03:29 | INFO: Primitives created: 1
01:03:29 | INFO: Extracting primitive: uesugi-samurai-03 raised kabuto rib 1
01:03:29 | INFO: Primitives created: 1
01:03:29 | INFO: Extracting primitive: uesugi-samurai-03 raised kabuto rib 2
01:03:29 | INFO: Primitives created: 1
01:03:29 | INFO: Extracting primitive: uesugi-samurai-03 raised kabuto rib 3
01:03:29 | INFO: Primitives created: 1
01:03:29 | INFO: Extracting primitive: uesugi-samurai-03 left antler maedate
01:03:29 | INFO: Primitives created: 1
01:03:29 | INFO: Extracting primitive: uesugi-samurai-03 right antler maedate
01:03:29 | INFO: Primitives created: 1
01:03:29 | INFO: Extracting primitive: uesugi-samurai-03 individual front lamellar plate r1 c1 mesh
01:03:29 | INFO: Primitives created: 1
01:03:29 | INFO: Extracting primitive: uesugi-samurai-03 individual front lamellar plate r1 c2 mesh
01:03:29 | INFO: Primitives created: 1
01:03:29 | INFO: Extracting primitive: uesugi-samurai-03 individual front lamellar plate r1 c3 mesh
01:03:29 | INFO: Primitives created: 1
01:03:29 | INFO: Extracting primitive: uesugi-samurai-03 individual front lamellar plate r1 c4 mesh
01:03:29 | INFO: Primitives created: 1
01:03:29 | INFO: Extracting primitive: uesugi-samurai-03 individual front lamellar plate r1 c5 mesh
01:03:29 | INFO: Primitives created: 1
01:03:29 | INFO: Extracting primitive: uesugi-samurai-03 odoshi lacing row 1
01:03:29 | INFO: Primitives created: 1
01:03:29 | INFO: Extracting primitive: uesugi-samurai-03 chipped lacquer highlight r1 -0.16
01:03:29 | INFO: Primitives created: 1
01:03:29 | INFO: Extracting primitive: uesugi-samurai-03 chipped lacquer highlight r1 0.0
01:03:29 | INFO: Primitives created: 1
01:03:29 | INFO: Extracting primitive: uesugi-samurai-03 chipped lacquer highlight r1 0.16
01:03:29 | INFO: Primitives created: 1
01:03:29 | INFO: Extracting primitive: uesugi-samurai-03 individual front lamellar plate r2 c1 mesh
01:03:29 | INFO: Primitives created: 1
01:03:29 | INFO: Extracting primitive: uesugi-samurai-03 individual front lamellar plate r2 c2 mesh
01:03:29 | INFO: Primitives created: 1
01:03:29 | INFO: Extracting primitive: uesugi-samurai-03 individual front lamellar plate r2 c3 mesh
01:03:29 | INFO: Primitives created: 1
01:03:29 | INFO: Extracting primitive: uesugi-samurai-03 individual front lamellar plate r2 c4 mesh
01:03:29 | INFO: Primitives created: 1
01:03:29 | INFO: Extracting primitive: uesugi-samurai-03 individual front lamellar plate r2 c5 mesh
01:03:29 | INFO: Primitives created: 1
01:03:29 | INFO: Extracting primitive: uesugi-samurai-03 odoshi lacing row 2
01:03:29 | INFO: Primitives created: 1
01:03:29 | INFO: Extracting primitive: uesugi-samurai-03 chipped lacquer highlight r2 -0.16
01:03:29 | INFO: Primitives created: 1
01:03:29 | INFO: Extracting primitive: uesugi-samurai-03 chipped lacquer highlight r2 0.0
01:03:29 | INFO: Primitives created: 1
01:03:29 | INFO: Extracting primitive: uesugi-samurai-03 chipped lacquer highlight r2 0.16
01:03:29 | INFO: Primitives created: 1
01:03:29 | INFO: Extracting primitive: uesugi-samurai-03 individual front lamellar plate r3 c1 mesh
01:03:29 | INFO: Primitives created: 1
01:03:29 | INFO: Extracting primitive: uesugi-samurai-03 individual front lamellar plate r3 c2 mesh
01:03:29 | INFO: Primitives created: 1
01:03:29 | INFO: Extracting primitive: uesugi-samurai-03 individual front lamellar plate r3 c3 mesh
01:03:29 | INFO: Primitives created: 1
01:03:29 | INFO: Extracting primitive: uesugi-samurai-03 individual front lamellar plate r3 c4 mesh
01:03:29 | INFO: Primitives created: 1
01:03:29 | INFO: Extracting primitive: uesugi-samurai-03 individual front lamellar plate r3 c5 mesh
01:03:29 | INFO: Primitives created: 1
01:03:29 | INFO: Extracting primitive: uesugi-samurai-03 odoshi lacing row 3
01:03:29 | INFO: Primitives created: 1
01:03:29 | INFO: Extracting primitive: uesugi-samurai-03 chipped lacquer highlight r3 -0.16
01:03:29 | INFO: Primitives created: 1
01:03:29 | INFO: Extracting primitive: uesugi-samurai-03 chipped lacquer highlight r3 0.0
01:03:29 | INFO: Primitives created: 1
01:03:29 | INFO: Extracting primitive: uesugi-samurai-03 chipped lacquer highlight r3 0.16
01:03:29 | INFO: Primitives created: 1
01:03:29 | INFO: Extracting primitive: uesugi-samurai-03 individual front lamellar plate r4 c1 mesh
01:03:29 | INFO: Primitives created: 1
01:03:29 | INFO: Extracting primitive: uesugi-samurai-03 individual front lamellar plate r4 c2 mesh
01:03:29 | INFO: Primitives created: 1
01:03:29 | INFO: Extracting primitive: uesugi-samurai-03 individual front lamellar plate r4 c3 mesh
01:03:29 | INFO: Primitives created: 1
01:03:29 | INFO: Extracting primitive: uesugi-samurai-03 individual front lamellar plate r4 c4 mesh
01:03:29 | INFO: Primitives created: 1
01:03:29 | INFO: Extracting primitive: uesugi-samurai-03 individual front lamellar plate r4 c5 mesh
01:03:29 | INFO: Primitives created: 1
01:03:29 | INFO: Extracting primitive: uesugi-samurai-03 odoshi lacing row 4
01:03:29 | INFO: Primitives created: 1
01:03:29 | INFO: Extracting primitive: uesugi-samurai-03 chipped lacquer highlight r4 -0.16
01:03:29 | INFO: Primitives created: 1
01:03:29 | INFO: Extracting primitive: uesugi-samurai-03 chipped lacquer highlight r4 0.0
01:03:29 | INFO: Primitives created: 1
01:03:29 | INFO: Extracting primitive: uesugi-samurai-03 chipped lacquer highlight r4 0.16
01:03:29 | INFO: Primitives created: 1
01:03:29 | INFO: Extracting primitive: uesugi-samurai-03 rear lamellar back plate r1 c1 mesh
01:03:29 | INFO: Primitives created: 1
01:03:29 | INFO: Extracting primitive: uesugi-samurai-03 rear lamellar back plate r1 c2 mesh
01:03:29 | INFO: Primitives created: 1
01:03:29 | INFO: Extracting primitive: uesugi-samurai-03 rear lamellar back plate r1 c3 mesh
01:03:29 | INFO: Primitives created: 1
01:03:29 | INFO: Extracting primitive: uesugi-samurai-03 rear lamellar back plate r1 c4 mesh
01:03:29 | INFO: Primitives created: 1
01:03:29 | INFO: Extracting primitive: uesugi-samurai-03 rear odoshi lacing row 1
01:03:29 | INFO: Primitives created: 1
01:03:29 | INFO: Extracting primitive: uesugi-samurai-03 rear lamellar back plate r2 c1 mesh
01:03:29 | INFO: Primitives created: 1
01:03:29 | INFO: Extracting primitive: uesugi-samurai-03 rear lamellar back plate r2 c2 mesh
01:03:29 | INFO: Primitives created: 1
01:03:29 | INFO: Extracting primitive: uesugi-samurai-03 rear lamellar back plate r2 c3 mesh
01:03:29 | INFO: Primitives created: 1
01:03:29 | INFO: Extracting primitive: uesugi-samurai-03 rear lamellar back plate r2 c4 mesh
01:03:29 | INFO: Primitives created: 1
01:03:29 | INFO: Extracting primitive: uesugi-samurai-03 rear odoshi lacing row 2
01:03:29 | INFO: Primitives created: 1
01:03:29 | INFO: Extracting primitive: uesugi-samurai-03 rear lamellar back plate r3 c1 mesh
01:03:29 | INFO: Primitives created: 1
01:03:29 | INFO: Extracting primitive: uesugi-samurai-03 rear lamellar back plate r3 c2 mesh
01:03:29 | INFO: Primitives created: 1
01:03:29 | INFO: Extracting primitive: uesugi-samurai-03 rear lamellar back plate r3 c3 mesh
01:03:29 | INFO: Primitives created: 1
01:03:29 | INFO: Extracting primitive: uesugi-samurai-03 rear lamellar back plate r3 c4 mesh
01:03:29 | INFO: Primitives created: 1
01:03:29 | INFO: Extracting primitive: uesugi-samurai-03 rear odoshi lacing row 3
01:03:29 | INFO: Primitives created: 1
01:03:29 | INFO: Extracting primitive: uesugi-samurai-03 rear lamellar back plate r4 c1 mesh
01:03:29 | INFO: Primitives created: 1
01:03:29 | INFO: Extracting primitive: uesugi-samurai-03 rear lamellar back plate r4 c2 mesh
01:03:29 | INFO: Primitives created: 1
01:03:29 | INFO: Extracting primitive: uesugi-samurai-03 rear lamellar back plate r4 c3 mesh
01:03:29 | INFO: Primitives created: 1
01:03:29 | INFO: Extracting primitive: uesugi-samurai-03 rear lamellar back plate r4 c4 mesh
01:03:29 | INFO: Primitives created: 1
01:03:29 | INFO: Extracting primitive: uesugi-samurai-03 rear odoshi lacing row 4
01:03:29 | INFO: Primitives created: 1
01:03:29 | INFO: Extracting primitive: uesugi-samurai-03 rear lacquer edge scratch -0.17
01:03:29 | INFO: Primitives created: 1
01:03:29 | INFO: Extracting primitive: uesugi-samurai-03 rear lacquer edge scratch -0.06
01:03:29 | INFO: Primitives created: 1
01:03:29 | INFO: Extracting primitive: uesugi-samurai-03 rear lacquer edge scratch 0.06
01:03:29 | INFO: Primitives created: 1
01:03:29 | INFO: Extracting primitive: uesugi-samurai-03 rear lacquer edge scratch 0.17
01:03:29 | INFO: Primitives created: 1
01:03:29 | INFO: Extracting primitive: Sphere.237
01:03:29 | INFO: Primitives created: 1
01:03:29 | INFO: Extracting primitive: uesugi-samurai-03 articulated sode shoulder plate -1 1 mesh
01:03:29 | INFO: Primitives created: 1
01:03:29 | INFO: Extracting primitive: uesugi-samurai-03 sode lacing -1 1
01:03:29 | INFO: Primitives created: 1
01:03:29 | INFO: Extracting primitive: uesugi-samurai-03 articulated sode shoulder plate -1 2 mesh
01:03:29 | INFO: Primitives created: 1
01:03:29 | INFO: Extracting primitive: uesugi-samurai-03 sode lacing -1 2
01:03:29 | INFO: Primitives created: 1
01:03:29 | INFO: Extracting primitive: uesugi-samurai-03 articulated sode shoulder plate -1 3 mesh
01:03:29 | INFO: Primitives created: 1
01:03:29 | INFO: Extracting primitive: uesugi-samurai-03 sode lacing -1 3
01:03:29 | INFO: Primitives created: 1
01:03:29 | INFO: Extracting primitive: uesugi-samurai-03 articulated sode shoulder plate -1 4 mesh
01:03:29 | INFO: Primitives created: 1
01:03:29 | INFO: Extracting primitive: uesugi-samurai-03 sode lacing -1 4
01:03:29 | INFO: Primitives created: 1
01:03:29 | INFO: Extracting primitive: Sphere.238
01:03:29 | INFO: Primitives created: 1
01:03:29 | INFO: Extracting primitive: Sphere.239
01:03:29 | INFO: Primitives created: 1
01:03:29 | INFO: Extracting primitive: Sphere.240
01:03:29 | INFO: Primitives created: 1
01:03:29 | INFO: Extracting primitive: Sphere.241
01:03:29 | INFO: Primitives created: 1
01:03:29 | INFO: Extracting primitive: Sphere.242
01:03:29 | INFO: Primitives created: 1
01:03:29 | INFO: Extracting primitive: Cube.078
01:03:29 | INFO: Primitives created: 1
01:03:29 | INFO: Extracting primitive: uesugi-samurai-03 sandal toe strap -1
01:03:29 | INFO: Primitives created: 1
01:03:29 | INFO: Extracting primitive: Sphere.243
01:03:29 | INFO: Primitives created: 1
01:03:29 | INFO: Extracting primitive: uesugi-samurai-03 articulated sode shoulder plate 1 1 mesh
01:03:29 | INFO: Primitives created: 1
01:03:29 | INFO: Extracting primitive: uesugi-samurai-03 sode lacing 1 1
01:03:29 | INFO: Primitives created: 1
01:03:29 | INFO: Extracting primitive: uesugi-samurai-03 articulated sode shoulder plate 1 2 mesh
01:03:29 | INFO: Primitives created: 1
01:03:29 | INFO: Extracting primitive: uesugi-samurai-03 sode lacing 1 2
01:03:29 | INFO: Primitives created: 1
01:03:29 | INFO: Extracting primitive: uesugi-samurai-03 articulated sode shoulder plate 1 3 mesh
01:03:29 | INFO: Primitives created: 1
01:03:29 | INFO: Extracting primitive: uesugi-samurai-03 sode lacing 1 3
01:03:29 | INFO: Primitives created: 1
01:03:29 | INFO: Extracting primitive: uesugi-samurai-03 articulated sode shoulder plate 1 4 mesh
01:03:29 | INFO: Primitives created: 1
01:03:29 | INFO: Extracting primitive: uesugi-samurai-03 sode lacing 1 4
01:03:29 | INFO: Primitives created: 1
01:03:29 | INFO: Extracting primitive: Sphere.244
01:03:29 | INFO: Primitives created: 1
01:03:29 | INFO: Extracting primitive: Sphere.245
01:03:29 | INFO: Primitives created: 1
01:03:29 | INFO: Extracting primitive: Sphere.246
01:03:29 | INFO: Primitives created: 1
01:03:29 | INFO: Extracting primitive: Sphere.247
01:03:29 | INFO: Primitives created: 1
01:03:29 | INFO: Extracting primitive: Sphere.248
01:03:29 | INFO: Primitives created: 1
01:03:29 | INFO: Extracting primitive: Cube.079
01:03:29 | INFO: Primitives created: 1
01:03:29 | INFO: Extracting primitive: uesugi-samurai-03 sandal toe strap 1
01:03:29 | INFO: Primitives created: 1
01:03:29 | INFO: Extracting primitive: uesugi-samurai-03 kusazuri skirt -1 row 1 mesh
01:03:29 | INFO: Primitives created: 1
01:03:29 | INFO: Extracting primitive: uesugi-samurai-03 kusazuri skirt -1 row 2 mesh
01:03:29 | INFO: Primitives created: 1
01:03:29 | INFO: Extracting primitive: uesugi-samurai-03 kusazuri skirt 0 row 1 mesh
01:03:29 | INFO: Primitives created: 1
01:03:29 | INFO: Extracting primitive: uesugi-samurai-03 kusazuri skirt 0 row 2 mesh
01:03:29 | INFO: Primitives created: 1
01:03:29 | INFO: Extracting primitive: uesugi-samurai-03 kusazuri skirt 1 row 1 mesh
01:03:29 | INFO: Primitives created: 1
01:03:29 | INFO: Extracting primitive: uesugi-samurai-03 kusazuri skirt 1 row 2 mesh
01:03:29 | INFO: Primitives created: 1
01:03:29 | INFO: Extracting primitive: uesugi-samurai-03 yari shaft
01:03:29 | INFO: Primitives created: 1
01:03:29 | INFO: Extracting primitive: Cone.025
01:03:29 | INFO: Primitives created: 1
01:03:29 | INFO: Extracting primitive: uesugi-samurai-03 sashimono bamboo pole
01:03:29 | INFO: Primitives created: 1
01:03:29 | INFO: Extracting primitive: uesugi-samurai-03 wind-bent sashimono cloth panel mesh
01:03:29 | INFO: Primitives created: 1
01:03:29 | INFO: Extracting primitive: Sphere.249
01:03:29 | INFO: Primitives created: 1
01:03:29 | INFO: Extracting primitive: Sphere.250
01:03:29 | INFO: Primitives created: 1
01:03:29 | INFO: Extracting primitive: Sphere.251
01:03:29 | INFO: Primitives created: 1
01:03:29 | INFO: Extracting primitive: Sphere.252
01:03:29 | INFO: Primitives created: 1
01:03:29 | INFO: Extracting primitive: Sphere.253
01:03:29 | INFO: Primitives created: 1
01:03:29 | INFO: Extracting primitive: Sphere.254
01:03:29 | INFO: Primitives created: 1
01:03:29 | INFO: Extracting primitive: Cube.080
01:03:29 | INFO: Primitives created: 1
01:03:29 | INFO: Extracting primitive: Sphere.255
01:03:29 | INFO: Primitives created: 1
01:03:29 | INFO: Extracting primitive: Cone.026
01:03:29 | INFO: Primitives created: 1
01:03:29 | INFO: Extracting primitive: uesugi-samurai-04 rear shikoro lamellar neck plate r1 c1 mesh
01:03:29 | INFO: Primitives created: 1
01:03:29 | INFO: Extracting primitive: uesugi-samurai-04 rear shikoro lamellar neck plate r1 c2 mesh
01:03:29 | INFO: Primitives created: 1
01:03:29 | INFO: Extracting primitive: uesugi-samurai-04 rear shikoro lamellar neck plate r1 c3 mesh
01:03:29 | INFO: Primitives created: 1
01:03:29 | INFO: Extracting primitive: uesugi-samurai-04 rear shikoro lamellar neck plate r2 c1 mesh
01:03:29 | INFO: Primitives created: 1
01:03:29 | INFO: Extracting primitive: uesugi-samurai-04 rear shikoro lamellar neck plate r2 c2 mesh
01:03:29 | INFO: Primitives created: 1
01:03:29 | INFO: Extracting primitive: uesugi-samurai-04 rear shikoro lamellar neck plate r2 c3 mesh
01:03:29 | INFO: Primitives created: 1
01:03:29 | INFO: Extracting primitive: uesugi-samurai-04 rear shikoro lamellar neck plate r3 c1 mesh
01:03:29 | INFO: Primitives created: 1
01:03:29 | INFO: Extracting primitive: uesugi-samurai-04 rear shikoro lamellar neck plate r3 c2 mesh
01:03:29 | INFO: Primitives created: 1
01:03:29 | INFO: Extracting primitive: uesugi-samurai-04 rear shikoro lamellar neck plate r3 c3 mesh
01:03:29 | INFO: Primitives created: 1
01:03:29 | INFO: Extracting primitive: uesugi-samurai-04 raised kabuto rib 1
01:03:29 | INFO: Primitives created: 1
01:03:29 | INFO: Extracting primitive: uesugi-samurai-04 raised kabuto rib 2
01:03:29 | INFO: Primitives created: 1
01:03:29 | INFO: Extracting primitive: uesugi-samurai-04 raised kabuto rib 3
01:03:29 | INFO: Primitives created: 1
01:03:29 | INFO: Extracting primitive: uesugi-samurai-04 left antler maedate
01:03:29 | INFO: Primitives created: 1
01:03:29 | INFO: Extracting primitive: uesugi-samurai-04 right antler maedate
01:03:29 | INFO: Primitives created: 1
01:03:29 | INFO: Extracting primitive: uesugi-samurai-04 individual front lamellar plate r1 c1 mesh
01:03:29 | INFO: Primitives created: 1
01:03:29 | INFO: Extracting primitive: uesugi-samurai-04 individual front lamellar plate r1 c2 mesh
01:03:29 | INFO: Primitives created: 1
01:03:29 | INFO: Extracting primitive: uesugi-samurai-04 individual front lamellar plate r1 c3 mesh
01:03:29 | INFO: Primitives created: 1
01:03:29 | INFO: Extracting primitive: uesugi-samurai-04 individual front lamellar plate r1 c4 mesh
01:03:29 | INFO: Primitives created: 1
01:03:29 | INFO: Extracting primitive: uesugi-samurai-04 individual front lamellar plate r1 c5 mesh
01:03:29 | INFO: Primitives created: 1
01:03:29 | INFO: Extracting primitive: uesugi-samurai-04 odoshi lacing row 1
01:03:29 | INFO: Primitives created: 1
01:03:29 | INFO: Extracting primitive: uesugi-samurai-04 chipped lacquer highlight r1 -0.16
01:03:29 | INFO: Primitives created: 1
01:03:29 | INFO: Extracting primitive: uesugi-samurai-04 chipped lacquer highlight r1 0.0
01:03:29 | INFO: Primitives created: 1
01:03:29 | INFO: Extracting primitive: uesugi-samurai-04 chipped lacquer highlight r1 0.16
01:03:29 | INFO: Primitives created: 1
01:03:29 | INFO: Extracting primitive: uesugi-samurai-04 individual front lamellar plate r2 c1 mesh
01:03:29 | INFO: Primitives created: 1
01:03:29 | INFO: Extracting primitive: uesugi-samurai-04 individual front lamellar plate r2 c2 mesh
01:03:29 | INFO: Primitives created: 1
01:03:29 | INFO: Extracting primitive: uesugi-samurai-04 individual front lamellar plate r2 c3 mesh
01:03:29 | INFO: Primitives created: 1
01:03:29 | INFO: Extracting primitive: uesugi-samurai-04 individual front lamellar plate r2 c4 mesh
01:03:29 | INFO: Primitives created: 1
01:03:29 | INFO: Extracting primitive: uesugi-samurai-04 individual front lamellar plate r2 c5 mesh
01:03:29 | INFO: Primitives created: 1
01:03:29 | INFO: Extracting primitive: uesugi-samurai-04 odoshi lacing row 2
01:03:29 | INFO: Primitives created: 1
01:03:29 | INFO: Extracting primitive: uesugi-samurai-04 chipped lacquer highlight r2 -0.16
01:03:29 | INFO: Primitives created: 1
01:03:29 | INFO: Extracting primitive: uesugi-samurai-04 chipped lacquer highlight r2 0.0
01:03:29 | INFO: Primitives created: 1
01:03:29 | INFO: Extracting primitive: uesugi-samurai-04 chipped lacquer highlight r2 0.16
01:03:29 | INFO: Primitives created: 1
01:03:29 | INFO: Extracting primitive: uesugi-samurai-04 individual front lamellar plate r3 c1 mesh
01:03:29 | INFO: Primitives created: 1
01:03:29 | INFO: Extracting primitive: uesugi-samurai-04 individual front lamellar plate r3 c2 mesh
01:03:29 | INFO: Primitives created: 1
01:03:29 | INFO: Extracting primitive: uesugi-samurai-04 individual front lamellar plate r3 c3 mesh
01:03:29 | INFO: Primitives created: 1
01:03:29 | INFO: Extracting primitive: uesugi-samurai-04 individual front lamellar plate r3 c4 mesh
01:03:29 | INFO: Primitives created: 1
01:03:29 | INFO: Extracting primitive: uesugi-samurai-04 individual front lamellar plate r3 c5 mesh
01:03:29 | INFO: Primitives created: 1
01:03:29 | INFO: Extracting primitive: uesugi-samurai-04 odoshi lacing row 3
01:03:29 | INFO: Primitives created: 1
01:03:29 | INFO: Extracting primitive: uesugi-samurai-04 chipped lacquer highlight r3 -0.16
01:03:29 | INFO: Primitives created: 1
01:03:29 | INFO: Extracting primitive: uesugi-samurai-04 chipped lacquer highlight r3 0.0
01:03:29 | INFO: Primitives created: 1
01:03:29 | INFO: Extracting primitive: uesugi-samurai-04 chipped lacquer highlight r3 0.16
01:03:29 | INFO: Primitives created: 1
01:03:29 | INFO: Extracting primitive: uesugi-samurai-04 individual front lamellar plate r4 c1 mesh
01:03:29 | INFO: Primitives created: 1
01:03:29 | INFO: Extracting primitive: uesugi-samurai-04 individual front lamellar plate r4 c2 mesh
01:03:29 | INFO: Primitives created: 1
01:03:29 | INFO: Extracting primitive: uesugi-samurai-04 individual front lamellar plate r4 c3 mesh
01:03:29 | INFO: Primitives created: 1
01:03:29 | INFO: Extracting primitive: uesugi-samurai-04 individual front lamellar plate r4 c4 mesh
01:03:29 | INFO: Primitives created: 1
01:03:29 | INFO: Extracting primitive: uesugi-samurai-04 individual front lamellar plate r4 c5 mesh
01:03:29 | INFO: Primitives created: 1
01:03:29 | INFO: Extracting primitive: uesugi-samurai-04 odoshi lacing row 4
01:03:29 | INFO: Primitives created: 1
01:03:29 | INFO: Extracting primitive: uesugi-samurai-04 chipped lacquer highlight r4 -0.16
01:03:29 | INFO: Primitives created: 1
01:03:29 | INFO: Extracting primitive: uesugi-samurai-04 chipped lacquer highlight r4 0.0
01:03:29 | INFO: Primitives created: 1
01:03:29 | INFO: Extracting primitive: uesugi-samurai-04 chipped lacquer highlight r4 0.16
01:03:29 | INFO: Primitives created: 1
01:03:29 | INFO: Extracting primitive: uesugi-samurai-04 rear lamellar back plate r1 c1 mesh
01:03:29 | INFO: Primitives created: 1
01:03:29 | INFO: Extracting primitive: uesugi-samurai-04 rear lamellar back plate r1 c2 mesh
01:03:29 | INFO: Primitives created: 1
01:03:29 | INFO: Extracting primitive: uesugi-samurai-04 rear lamellar back plate r1 c3 mesh
01:03:29 | INFO: Primitives created: 1
01:03:29 | INFO: Extracting primitive: uesugi-samurai-04 rear lamellar back plate r1 c4 mesh
01:03:29 | INFO: Primitives created: 1
01:03:29 | INFO: Extracting primitive: uesugi-samurai-04 rear odoshi lacing row 1
01:03:29 | INFO: Primitives created: 1
01:03:29 | INFO: Extracting primitive: uesugi-samurai-04 rear lamellar back plate r2 c1 mesh
01:03:29 | INFO: Primitives created: 1
01:03:29 | INFO: Extracting primitive: uesugi-samurai-04 rear lamellar back plate r2 c2 mesh
01:03:29 | INFO: Primitives created: 1
01:03:29 | INFO: Extracting primitive: uesugi-samurai-04 rear lamellar back plate r2 c3 mesh
01:03:29 | INFO: Primitives created: 1
01:03:29 | INFO: Extracting primitive: uesugi-samurai-04 rear lamellar back plate r2 c4 mesh
01:03:29 | INFO: Primitives created: 1
01:03:29 | INFO: Extracting primitive: uesugi-samurai-04 rear odoshi lacing row 2
01:03:29 | INFO: Primitives created: 1
01:03:29 | INFO: Extracting primitive: uesugi-samurai-04 rear lamellar back plate r3 c1 mesh
01:03:29 | INFO: Primitives created: 1
01:03:29 | INFO: Extracting primitive: uesugi-samurai-04 rear lamellar back plate r3 c2 mesh
01:03:29 | INFO: Primitives created: 1
01:03:29 | INFO: Extracting primitive: uesugi-samurai-04 rear lamellar back plate r3 c3 mesh
01:03:29 | INFO: Primitives created: 1
01:03:29 | INFO: Extracting primitive: uesugi-samurai-04 rear lamellar back plate r3 c4 mesh
01:03:29 | INFO: Primitives created: 1
01:03:29 | INFO: Extracting primitive: uesugi-samurai-04 rear odoshi lacing row 3
01:03:29 | INFO: Primitives created: 1
01:03:29 | INFO: Extracting primitive: uesugi-samurai-04 rear lamellar back plate r4 c1 mesh
01:03:29 | INFO: Primitives created: 1
01:03:29 | INFO: Extracting primitive: uesugi-samurai-04 rear lamellar back plate r4 c2 mesh
01:03:29 | INFO: Primitives created: 1
01:03:29 | INFO: Extracting primitive: uesugi-samurai-04 rear lamellar back plate r4 c3 mesh
01:03:29 | INFO: Primitives created: 1
01:03:29 | INFO: Extracting primitive: uesugi-samurai-04 rear lamellar back plate r4 c4 mesh
01:03:29 | INFO: Primitives created: 1
01:03:29 | INFO: Extracting primitive: uesugi-samurai-04 rear odoshi lacing row 4
01:03:29 | INFO: Primitives created: 1
01:03:29 | INFO: Extracting primitive: uesugi-samurai-04 rear lacquer edge scratch -0.17
01:03:29 | INFO: Primitives created: 1
01:03:29 | INFO: Extracting primitive: uesugi-samurai-04 rear lacquer edge scratch -0.06
01:03:29 | INFO: Primitives created: 1
01:03:29 | INFO: Extracting primitive: uesugi-samurai-04 rear lacquer edge scratch 0.06
01:03:29 | INFO: Primitives created: 1
01:03:29 | INFO: Extracting primitive: uesugi-samurai-04 rear lacquer edge scratch 0.17
01:03:29 | INFO: Primitives created: 1
01:03:29 | INFO: Extracting primitive: Sphere.256
01:03:29 | INFO: Primitives created: 1
01:03:29 | INFO: Extracting primitive: uesugi-samurai-04 articulated sode shoulder plate -1 1 mesh
01:03:29 | INFO: Primitives created: 1
01:03:29 | INFO: Extracting primitive: uesugi-samurai-04 sode lacing -1 1
01:03:29 | INFO: Primitives created: 1
01:03:29 | INFO: Extracting primitive: uesugi-samurai-04 articulated sode shoulder plate -1 2 mesh
01:03:29 | INFO: Primitives created: 1
01:03:29 | INFO: Extracting primitive: uesugi-samurai-04 sode lacing -1 2
01:03:29 | INFO: Primitives created: 1
01:03:29 | INFO: Extracting primitive: uesugi-samurai-04 articulated sode shoulder plate -1 3 mesh
01:03:29 | INFO: Primitives created: 1
01:03:29 | INFO: Extracting primitive: uesugi-samurai-04 sode lacing -1 3
01:03:29 | INFO: Primitives created: 1
01:03:29 | INFO: Extracting primitive: uesugi-samurai-04 articulated sode shoulder plate -1 4 mesh
01:03:29 | INFO: Primitives created: 1
01:03:29 | INFO: Extracting primitive: uesugi-samurai-04 sode lacing -1 4
01:03:29 | INFO: Primitives created: 1
01:03:29 | INFO: Extracting primitive: Sphere.257
01:03:29 | INFO: Primitives created: 1
01:03:29 | INFO: Extracting primitive: Sphere.258
01:03:29 | INFO: Primitives created: 1
01:03:29 | INFO: Extracting primitive: Sphere.259
01:03:29 | INFO: Primitives created: 1
01:03:29 | INFO: Extracting primitive: Sphere.260
01:03:29 | INFO: Primitives created: 1
01:03:29 | INFO: Extracting primitive: Sphere.261
01:03:29 | INFO: Primitives created: 1
01:03:29 | INFO: Extracting primitive: Cube.081
01:03:29 | INFO: Primitives created: 1
01:03:29 | INFO: Extracting primitive: uesugi-samurai-04 sandal toe strap -1
01:03:29 | INFO: Primitives created: 1
01:03:29 | INFO: Extracting primitive: Sphere.262
01:03:29 | INFO: Primitives created: 1
01:03:29 | INFO: Extracting primitive: uesugi-samurai-04 articulated sode shoulder plate 1 1 mesh
01:03:29 | INFO: Primitives created: 1
01:03:29 | INFO: Extracting primitive: uesugi-samurai-04 sode lacing 1 1
01:03:29 | INFO: Primitives created: 1
01:03:29 | INFO: Extracting primitive: uesugi-samurai-04 articulated sode shoulder plate 1 2 mesh
01:03:29 | INFO: Primitives created: 1
01:03:29 | INFO: Extracting primitive: uesugi-samurai-04 sode lacing 1 2
01:03:29 | INFO: Primitives created: 1
01:03:29 | INFO: Extracting primitive: uesugi-samurai-04 articulated sode shoulder plate 1 3 mesh
01:03:29 | INFO: Primitives created: 1
01:03:29 | INFO: Extracting primitive: uesugi-samurai-04 sode lacing 1 3
01:03:29 | INFO: Primitives created: 1
01:03:29 | INFO: Extracting primitive: uesugi-samurai-04 articulated sode shoulder plate 1 4 mesh
01:03:29 | INFO: Primitives created: 1
01:03:29 | INFO: Extracting primitive: uesugi-samurai-04 sode lacing 1 4
01:03:29 | INFO: Primitives created: 1
01:03:29 | INFO: Extracting primitive: Sphere.263
01:03:29 | INFO: Primitives created: 1
01:03:29 | INFO: Extracting primitive: Sphere.264
01:03:29 | INFO: Primitives created: 1
01:03:29 | INFO: Extracting primitive: Sphere.265
01:03:29 | INFO: Primitives created: 1
01:03:29 | INFO: Extracting primitive: Sphere.266
01:03:29 | INFO: Primitives created: 1
01:03:29 | INFO: Extracting primitive: Sphere.267
01:03:29 | INFO: Primitives created: 1
01:03:29 | INFO: Extracting primitive: Cube.082
01:03:29 | INFO: Primitives created: 1
01:03:29 | INFO: Extracting primitive: uesugi-samurai-04 sandal toe strap 1
01:03:29 | INFO: Primitives created: 1
01:03:29 | INFO: Extracting primitive: uesugi-samurai-04 kusazuri skirt -1 row 1 mesh
01:03:29 | INFO: Primitives created: 1
01:03:29 | INFO: Extracting primitive: uesugi-samurai-04 kusazuri skirt -1 row 2 mesh
01:03:29 | INFO: Primitives created: 1
01:03:29 | INFO: Extracting primitive: uesugi-samurai-04 kusazuri skirt 0 row 1 mesh
01:03:29 | INFO: Primitives created: 1
01:03:29 | INFO: Extracting primitive: uesugi-samurai-04 kusazuri skirt 0 row 2 mesh
01:03:29 | INFO: Primitives created: 1
01:03:29 | INFO: Extracting primitive: uesugi-samurai-04 kusazuri skirt 1 row 1 mesh
01:03:29 | INFO: Primitives created: 1
01:03:29 | INFO: Extracting primitive: uesugi-samurai-04 kusazuri skirt 1 row 2 mesh
01:03:29 | INFO: Primitives created: 1
01:03:29 | INFO: Extracting primitive: uesugi-samurai-04 guard katana blade
01:03:29 | INFO: Primitives created: 1
01:03:29 | INFO: Extracting primitive: Cylinder.016
01:03:29 | INFO: Primitives created: 1
01:03:29 | INFO: Extracting primitive: uesugi-samurai-04 sashimono bamboo pole
01:03:29 | INFO: Primitives created: 1
01:03:29 | INFO: Extracting primitive: uesugi-samurai-04 wind-bent sashimono cloth panel mesh
01:03:29 | INFO: Primitives created: 1
01:03:29 | INFO: Extracting primitive: Sphere.268
01:03:29 | INFO: Primitives created: 1
01:03:29 | INFO: Extracting primitive: Sphere.269
01:03:29 | INFO: Primitives created: 1
01:03:29 | INFO: Extracting primitive: Sphere.270
01:03:29 | INFO: Primitives created: 1
01:03:29 | INFO: Extracting primitive: Sphere.271
01:03:29 | INFO: Primitives created: 1
01:03:29 | INFO: Extracting primitive: Sphere.272
01:03:29 | INFO: Primitives created: 1
01:03:29 | INFO: Extracting primitive: Sphere.273
01:03:29 | INFO: Primitives created: 1
01:03:29 | INFO: Extracting primitive: Cube.083
01:03:29 | INFO: Primitives created: 1
01:03:29 | INFO: Extracting primitive: Sphere.274
01:03:29 | INFO: Primitives created: 1
01:03:29 | INFO: Extracting primitive: Cone.027
01:03:29 | INFO: Primitives created: 1
01:03:29 | INFO: Extracting primitive: uesugi-samurai-05 rear shikoro lamellar neck plate r1 c1 mesh
01:03:29 | INFO: Primitives created: 1
01:03:29 | INFO: Extracting primitive: uesugi-samurai-05 rear shikoro lamellar neck plate r1 c2 mesh
01:03:29 | INFO: Primitives created: 1
01:03:29 | INFO: Extracting primitive: uesugi-samurai-05 rear shikoro lamellar neck plate r1 c3 mesh
01:03:29 | INFO: Primitives created: 1
01:03:29 | INFO: Extracting primitive: uesugi-samurai-05 rear shikoro lamellar neck plate r2 c1 mesh
01:03:29 | INFO: Primitives created: 1
01:03:29 | INFO: Extracting primitive: uesugi-samurai-05 rear shikoro lamellar neck plate r2 c2 mesh
01:03:29 | INFO: Primitives created: 1
01:03:29 | INFO: Extracting primitive: uesugi-samurai-05 rear shikoro lamellar neck plate r2 c3 mesh
01:03:29 | INFO: Primitives created: 1
01:03:29 | INFO: Extracting primitive: uesugi-samurai-05 rear shikoro lamellar neck plate r3 c1 mesh
01:03:29 | INFO: Primitives created: 1
01:03:29 | INFO: Extracting primitive: uesugi-samurai-05 rear shikoro lamellar neck plate r3 c2 mesh
01:03:29 | INFO: Primitives created: 1
01:03:29 | INFO: Extracting primitive: uesugi-samurai-05 rear shikoro lamellar neck plate r3 c3 mesh
01:03:29 | INFO: Primitives created: 1
01:03:29 | INFO: Extracting primitive: uesugi-samurai-05 raised kabuto rib 1
01:03:29 | INFO: Primitives created: 1
01:03:29 | INFO: Extracting primitive: uesugi-samurai-05 raised kabuto rib 2
01:03:29 | INFO: Primitives created: 1
01:03:29 | INFO: Extracting primitive: uesugi-samurai-05 raised kabuto rib 3
01:03:29 | INFO: Primitives created: 1
01:03:29 | INFO: Extracting primitive: uesugi-samurai-05 left antler maedate
01:03:29 | INFO: Primitives created: 1
01:03:29 | INFO: Extracting primitive: uesugi-samurai-05 right antler maedate
01:03:29 | INFO: Primitives created: 1
01:03:29 | INFO: Extracting primitive: uesugi-samurai-05 individual front lamellar plate r1 c1 mesh
01:03:29 | INFO: Primitives created: 1
01:03:29 | INFO: Extracting primitive: uesugi-samurai-05 individual front lamellar plate r1 c2 mesh
01:03:29 | INFO: Primitives created: 1
01:03:29 | INFO: Extracting primitive: uesugi-samurai-05 individual front lamellar plate r1 c3 mesh
01:03:29 | INFO: Primitives created: 1
01:03:29 | INFO: Extracting primitive: uesugi-samurai-05 individual front lamellar plate r1 c4 mesh
01:03:29 | INFO: Primitives created: 1
01:03:29 | INFO: Extracting primitive: uesugi-samurai-05 individual front lamellar plate r1 c5 mesh
01:03:29 | INFO: Primitives created: 1
01:03:29 | INFO: Extracting primitive: uesugi-samurai-05 odoshi lacing row 1
01:03:29 | INFO: Primitives created: 1
01:03:29 | INFO: Extracting primitive: uesugi-samurai-05 chipped lacquer highlight r1 -0.16
01:03:29 | INFO: Primitives created: 1
01:03:29 | INFO: Extracting primitive: uesugi-samurai-05 chipped lacquer highlight r1 0.0
01:03:29 | INFO: Primitives created: 1
01:03:29 | INFO: Extracting primitive: uesugi-samurai-05 chipped lacquer highlight r1 0.16
01:03:29 | INFO: Primitives created: 1
01:03:29 | INFO: Extracting primitive: uesugi-samurai-05 individual front lamellar plate r2 c1 mesh
01:03:29 | INFO: Primitives created: 1
01:03:29 | INFO: Extracting primitive: uesugi-samurai-05 individual front lamellar plate r2 c2 mesh
01:03:29 | INFO: Primitives created: 1
01:03:29 | INFO: Extracting primitive: uesugi-samurai-05 individual front lamellar plate r2 c3 mesh
01:03:29 | INFO: Primitives created: 1
01:03:29 | INFO: Extracting primitive: uesugi-samurai-05 individual front lamellar plate r2 c4 mesh
01:03:29 | INFO: Primitives created: 1
01:03:29 | INFO: Extracting primitive: uesugi-samurai-05 individual front lamellar plate r2 c5 mesh
01:03:29 | INFO: Primitives created: 1
01:03:29 | INFO: Extracting primitive: uesugi-samurai-05 odoshi lacing row 2
01:03:29 | INFO: Primitives created: 1
01:03:29 | INFO: Extracting primitive: uesugi-samurai-05 chipped lacquer highlight r2 -0.16
01:03:29 | INFO: Primitives created: 1
01:03:29 | INFO: Extracting primitive: uesugi-samurai-05 chipped lacquer highlight r2 0.0
01:03:29 | INFO: Primitives created: 1
01:03:29 | INFO: Extracting primitive: uesugi-samurai-05 chipped lacquer highlight r2 0.16
01:03:29 | INFO: Primitives created: 1
01:03:29 | INFO: Extracting primitive: uesugi-samurai-05 individual front lamellar plate r3 c1 mesh
01:03:29 | INFO: Primitives created: 1
01:03:29 | INFO: Extracting primitive: uesugi-samurai-05 individual front lamellar plate r3 c2 mesh
01:03:29 | INFO: Primitives created: 1
01:03:29 | INFO: Extracting primitive: uesugi-samurai-05 individual front lamellar plate r3 c3 mesh
01:03:29 | INFO: Primitives created: 1
01:03:29 | INFO: Extracting primitive: uesugi-samurai-05 individual front lamellar plate r3 c4 mesh
01:03:29 | INFO: Primitives created: 1
01:03:29 | INFO: Extracting primitive: uesugi-samurai-05 individual front lamellar plate r3 c5 mesh
01:03:29 | INFO: Primitives created: 1
01:03:29 | INFO: Extracting primitive: uesugi-samurai-05 odoshi lacing row 3
01:03:29 | INFO: Primitives created: 1
01:03:29 | INFO: Extracting primitive: uesugi-samurai-05 chipped lacquer highlight r3 -0.16
01:03:29 | INFO: Primitives created: 1
01:03:29 | INFO: Extracting primitive: uesugi-samurai-05 chipped lacquer highlight r3 0.0
01:03:29 | INFO: Primitives created: 1
01:03:29 | INFO: Extracting primitive: uesugi-samurai-05 chipped lacquer highlight r3 0.16
01:03:29 | INFO: Primitives created: 1
01:03:29 | INFO: Extracting primitive: uesugi-samurai-05 individual front lamellar plate r4 c1 mesh
01:03:29 | INFO: Primitives created: 1
01:03:29 | INFO: Extracting primitive: uesugi-samurai-05 individual front lamellar plate r4 c2 mesh
01:03:29 | INFO: Primitives created: 1
01:03:29 | INFO: Extracting primitive: uesugi-samurai-05 individual front lamellar plate r4 c3 mesh
01:03:29 | INFO: Primitives created: 1
01:03:29 | INFO: Extracting primitive: uesugi-samurai-05 individual front lamellar plate r4 c4 mesh
01:03:29 | INFO: Primitives created: 1
01:03:29 | INFO: Extracting primitive: uesugi-samurai-05 individual front lamellar plate r4 c5 mesh
01:03:29 | INFO: Primitives created: 1
01:03:29 | INFO: Extracting primitive: uesugi-samurai-05 odoshi lacing row 4
01:03:29 | INFO: Primitives created: 1
01:03:29 | INFO: Extracting primitive: uesugi-samurai-05 chipped lacquer highlight r4 -0.16
01:03:29 | INFO: Primitives created: 1
01:03:29 | INFO: Extracting primitive: uesugi-samurai-05 chipped lacquer highlight r4 0.0
01:03:29 | INFO: Primitives created: 1
01:03:29 | INFO: Extracting primitive: uesugi-samurai-05 chipped lacquer highlight r4 0.16
01:03:29 | INFO: Primitives created: 1
01:03:29 | INFO: Extracting primitive: uesugi-samurai-05 rear lamellar back plate r1 c1 mesh
01:03:29 | INFO: Primitives created: 1
01:03:29 | INFO: Extracting primitive: uesugi-samurai-05 rear lamellar back plate r1 c2 mesh
01:03:29 | INFO: Primitives created: 1
01:03:29 | INFO: Extracting primitive: uesugi-samurai-05 rear lamellar back plate r1 c3 mesh
01:03:29 | INFO: Primitives created: 1
01:03:29 | INFO: Extracting primitive: uesugi-samurai-05 rear lamellar back plate r1 c4 mesh
01:03:29 | INFO: Primitives created: 1
01:03:29 | INFO: Extracting primitive: uesugi-samurai-05 rear odoshi lacing row 1
01:03:29 | INFO: Primitives created: 1
01:03:29 | INFO: Extracting primitive: uesugi-samurai-05 rear lamellar back plate r2 c1 mesh
01:03:29 | INFO: Primitives created: 1
01:03:29 | INFO: Extracting primitive: uesugi-samurai-05 rear lamellar back plate r2 c2 mesh
01:03:29 | INFO: Primitives created: 1
01:03:29 | INFO: Extracting primitive: uesugi-samurai-05 rear lamellar back plate r2 c3 mesh
01:03:29 | INFO: Primitives created: 1
01:03:29 | INFO: Extracting primitive: uesugi-samurai-05 rear lamellar back plate r2 c4 mesh
01:03:29 | INFO: Primitives created: 1
01:03:29 | INFO: Extracting primitive: uesugi-samurai-05 rear odoshi lacing row 2
01:03:29 | INFO: Primitives created: 1
01:03:29 | INFO: Extracting primitive: uesugi-samurai-05 rear lamellar back plate r3 c1 mesh
01:03:29 | INFO: Primitives created: 1
01:03:29 | INFO: Extracting primitive: uesugi-samurai-05 rear lamellar back plate r3 c2 mesh
01:03:29 | INFO: Primitives created: 1
01:03:29 | INFO: Extracting primitive: uesugi-samurai-05 rear lamellar back plate r3 c3 mesh
01:03:29 | INFO: Primitives created: 1
01:03:29 | INFO: Extracting primitive: uesugi-samurai-05 rear lamellar back plate r3 c4 mesh
01:03:29 | INFO: Primitives created: 1
01:03:29 | INFO: Extracting primitive: uesugi-samurai-05 rear odoshi lacing row 3
01:03:29 | INFO: Primitives created: 1
01:03:29 | INFO: Extracting primitive: uesugi-samurai-05 rear lamellar back plate r4 c1 mesh
01:03:29 | INFO: Primitives created: 1
01:03:29 | INFO: Extracting primitive: uesugi-samurai-05 rear lamellar back plate r4 c2 mesh
01:03:29 | INFO: Primitives created: 1
01:03:29 | INFO: Extracting primitive: uesugi-samurai-05 rear lamellar back plate r4 c3 mesh
01:03:29 | INFO: Primitives created: 1
01:03:29 | INFO: Extracting primitive: uesugi-samurai-05 rear lamellar back plate r4 c4 mesh
01:03:29 | INFO: Primitives created: 1
01:03:29 | INFO: Extracting primitive: uesugi-samurai-05 rear odoshi lacing row 4
01:03:29 | INFO: Primitives created: 1
01:03:29 | INFO: Extracting primitive: uesugi-samurai-05 rear lacquer edge scratch -0.17
01:03:29 | INFO: Primitives created: 1
01:03:29 | INFO: Extracting primitive: uesugi-samurai-05 rear lacquer edge scratch -0.06
01:03:29 | INFO: Primitives created: 1
01:03:29 | INFO: Extracting primitive: uesugi-samurai-05 rear lacquer edge scratch 0.06
01:03:29 | INFO: Primitives created: 1
01:03:29 | INFO: Extracting primitive: uesugi-samurai-05 rear lacquer edge scratch 0.17
01:03:29 | INFO: Primitives created: 1
01:03:29 | INFO: Extracting primitive: Sphere.275
01:03:29 | INFO: Primitives created: 1
01:03:29 | INFO: Extracting primitive: uesugi-samurai-05 articulated sode shoulder plate -1 1 mesh
01:03:29 | INFO: Primitives created: 1
01:03:29 | INFO: Extracting primitive: uesugi-samurai-05 sode lacing -1 1
01:03:29 | INFO: Primitives created: 1
01:03:29 | INFO: Extracting primitive: uesugi-samurai-05 articulated sode shoulder plate -1 2 mesh
01:03:29 | INFO: Primitives created: 1
01:03:29 | INFO: Extracting primitive: uesugi-samurai-05 sode lacing -1 2
01:03:29 | INFO: Primitives created: 1
01:03:29 | INFO: Extracting primitive: uesugi-samurai-05 articulated sode shoulder plate -1 3 mesh
01:03:29 | INFO: Primitives created: 1
01:03:29 | INFO: Extracting primitive: uesugi-samurai-05 sode lacing -1 3
01:03:29 | INFO: Primitives created: 1
01:03:29 | INFO: Extracting primitive: uesugi-samurai-05 articulated sode shoulder plate -1 4 mesh
01:03:29 | INFO: Primitives created: 1
01:03:29 | INFO: Extracting primitive: uesugi-samurai-05 sode lacing -1 4
01:03:29 | INFO: Primitives created: 1
01:03:29 | INFO: Extracting primitive: Sphere.276
01:03:29 | INFO: Primitives created: 1
01:03:29 | INFO: Extracting primitive: Sphere.277
01:03:29 | INFO: Primitives created: 1
01:03:29 | INFO: Extracting primitive: Sphere.278
01:03:29 | INFO: Primitives created: 1
01:03:29 | INFO: Extracting primitive: Sphere.279
01:03:29 | INFO: Primitives created: 1
01:03:29 | INFO: Extracting primitive: Sphere.280
01:03:29 | INFO: Primitives created: 1
01:03:29 | INFO: Extracting primitive: Cube.084
01:03:29 | INFO: Primitives created: 1
01:03:29 | INFO: Extracting primitive: uesugi-samurai-05 sandal toe strap -1
01:03:29 | INFO: Primitives created: 1
01:03:29 | INFO: Extracting primitive: Sphere.281
01:03:29 | INFO: Primitives created: 1
01:03:29 | INFO: Extracting primitive: uesugi-samurai-05 articulated sode shoulder plate 1 1 mesh
01:03:29 | INFO: Primitives created: 1
01:03:29 | INFO: Extracting primitive: uesugi-samurai-05 sode lacing 1 1
01:03:29 | INFO: Primitives created: 1
01:03:29 | INFO: Extracting primitive: uesugi-samurai-05 articulated sode shoulder plate 1 2 mesh
01:03:29 | INFO: Primitives created: 1
01:03:29 | INFO: Extracting primitive: uesugi-samurai-05 sode lacing 1 2
01:03:29 | INFO: Primitives created: 1
01:03:29 | INFO: Extracting primitive: uesugi-samurai-05 articulated sode shoulder plate 1 3 mesh
01:03:29 | INFO: Primitives created: 1
01:03:29 | INFO: Extracting primitive: uesugi-samurai-05 sode lacing 1 3
01:03:29 | INFO: Primitives created: 1
01:03:29 | INFO: Extracting primitive: uesugi-samurai-05 articulated sode shoulder plate 1 4 mesh
01:03:29 | INFO: Primitives created: 1
01:03:29 | INFO: Extracting primitive: uesugi-samurai-05 sode lacing 1 4
01:03:29 | INFO: Primitives created: 1
01:03:29 | INFO: Extracting primitive: Sphere.282
01:03:29 | INFO: Primitives created: 1
01:03:29 | INFO: Extracting primitive: Sphere.283
01:03:29 | INFO: Primitives created: 1
01:03:29 | INFO: Extracting primitive: Sphere.284
01:03:29 | INFO: Primitives created: 1
01:03:29 | INFO: Extracting primitive: Sphere.285
01:03:29 | INFO: Primitives created: 1
01:03:29 | INFO: Extracting primitive: Sphere.286
01:03:29 | INFO: Primitives created: 1
01:03:29 | INFO: Extracting primitive: Cube.085
01:03:29 | INFO: Primitives created: 1
01:03:29 | INFO: Extracting primitive: uesugi-samurai-05 sandal toe strap 1
01:03:29 | INFO: Primitives created: 1
01:03:29 | INFO: Extracting primitive: uesugi-samurai-05 kusazuri skirt -1 row 1 mesh
01:03:29 | INFO: Primitives created: 1
01:03:29 | INFO: Extracting primitive: uesugi-samurai-05 kusazuri skirt -1 row 2 mesh
01:03:29 | INFO: Primitives created: 1
01:03:29 | INFO: Extracting primitive: uesugi-samurai-05 kusazuri skirt 0 row 1 mesh
01:03:29 | INFO: Primitives created: 1
01:03:29 | INFO: Extracting primitive: uesugi-samurai-05 kusazuri skirt 0 row 2 mesh
01:03:29 | INFO: Primitives created: 1
01:03:29 | INFO: Extracting primitive: uesugi-samurai-05 kusazuri skirt 1 row 1 mesh
01:03:29 | INFO: Primitives created: 1
01:03:29 | INFO: Extracting primitive: uesugi-samurai-05 kusazuri skirt 1 row 2 mesh
01:03:29 | INFO: Primitives created: 1
01:03:29 | INFO: Extracting primitive: uesugi-samurai-05 yari shaft
01:03:29 | INFO: Primitives created: 1
01:03:29 | INFO: Extracting primitive: Cone.028
01:03:29 | INFO: Primitives created: 1
01:03:29 | INFO: Extracting primitive: uesugi-samurai-05 sashimono bamboo pole
01:03:29 | INFO: Primitives created: 1
01:03:29 | INFO: Extracting primitive: uesugi-samurai-05 wind-bent sashimono cloth panel mesh
01:03:29 | INFO: Primitives created: 1
01:03:29 | INFO: Extracting primitive: Sphere.287
01:03:29 | INFO: Primitives created: 1
01:03:29 | INFO: Extracting primitive: Sphere.288
01:03:29 | INFO: Primitives created: 1
01:03:29 | INFO: Extracting primitive: Sphere.289
01:03:29 | INFO: Primitives created: 1
01:03:29 | INFO: Extracting primitive: Sphere.290
01:03:29 | INFO: Primitives created: 1
01:03:29 | INFO: Extracting primitive: Sphere.291
01:03:29 | INFO: Primitives created: 1
01:03:29 | INFO: Extracting primitive: Sphere.292
01:03:29 | INFO: Primitives created: 1
01:03:29 | INFO: Extracting primitive: Cube.086
01:03:29 | INFO: Primitives created: 1
01:03:29 | INFO: Extracting primitive: Sphere.293
01:03:29 | INFO: Primitives created: 1
01:03:29 | INFO: Extracting primitive: Cone.029
01:03:29 | INFO: Primitives created: 1
01:03:29 | INFO: Extracting primitive: uesugi-samurai-06 rear shikoro lamellar neck plate r1 c1 mesh
01:03:29 | INFO: Primitives created: 1
01:03:29 | INFO: Extracting primitive: uesugi-samurai-06 rear shikoro lamellar neck plate r1 c2 mesh
01:03:29 | INFO: Primitives created: 1
01:03:29 | INFO: Extracting primitive: uesugi-samurai-06 rear shikoro lamellar neck plate r1 c3 mesh
01:03:29 | INFO: Primitives created: 1
01:03:29 | INFO: Extracting primitive: uesugi-samurai-06 rear shikoro lamellar neck plate r2 c1 mesh
01:03:29 | INFO: Primitives created: 1
01:03:29 | INFO: Extracting primitive: uesugi-samurai-06 rear shikoro lamellar neck plate r2 c2 mesh
01:03:29 | INFO: Primitives created: 1
01:03:29 | INFO: Extracting primitive: uesugi-samurai-06 rear shikoro lamellar neck plate r2 c3 mesh
01:03:29 | INFO: Primitives created: 1
01:03:29 | INFO: Extracting primitive: uesugi-samurai-06 rear shikoro lamellar neck plate r3 c1 mesh
01:03:29 | INFO: Primitives created: 1
01:03:29 | INFO: Extracting primitive: uesugi-samurai-06 rear shikoro lamellar neck plate r3 c2 mesh
01:03:29 | INFO: Primitives created: 1
01:03:29 | INFO: Extracting primitive: uesugi-samurai-06 rear shikoro lamellar neck plate r3 c3 mesh
01:03:29 | INFO: Primitives created: 1
01:03:29 | INFO: Extracting primitive: uesugi-samurai-06 raised kabuto rib 1
01:03:29 | INFO: Primitives created: 1
01:03:29 | INFO: Extracting primitive: uesugi-samurai-06 raised kabuto rib 2
01:03:29 | INFO: Primitives created: 1
01:03:29 | INFO: Extracting primitive: uesugi-samurai-06 raised kabuto rib 3
01:03:29 | INFO: Primitives created: 1
01:03:29 | INFO: Extracting primitive: uesugi-samurai-06 left antler maedate
01:03:29 | INFO: Primitives created: 1
01:03:29 | INFO: Extracting primitive: uesugi-samurai-06 right antler maedate
01:03:29 | INFO: Primitives created: 1
01:03:29 | INFO: Extracting primitive: uesugi-samurai-06 individual front lamellar plate r1 c1 mesh
01:03:29 | INFO: Primitives created: 1
01:03:29 | INFO: Extracting primitive: uesugi-samurai-06 individual front lamellar plate r1 c2 mesh
01:03:29 | INFO: Primitives created: 1
01:03:29 | INFO: Extracting primitive: uesugi-samurai-06 individual front lamellar plate r1 c3 mesh
01:03:29 | INFO: Primitives created: 1
01:03:29 | INFO: Extracting primitive: uesugi-samurai-06 individual front lamellar plate r1 c4 mesh
01:03:29 | INFO: Primitives created: 1
01:03:29 | INFO: Extracting primitive: uesugi-samurai-06 individual front lamellar plate r1 c5 mesh
01:03:29 | INFO: Primitives created: 1
01:03:29 | INFO: Extracting primitive: uesugi-samurai-06 odoshi lacing row 1
01:03:29 | INFO: Primitives created: 1
01:03:29 | INFO: Extracting primitive: uesugi-samurai-06 chipped lacquer highlight r1 -0.16
01:03:29 | INFO: Primitives created: 1
01:03:29 | INFO: Extracting primitive: uesugi-samurai-06 chipped lacquer highlight r1 0.0
01:03:29 | INFO: Primitives created: 1
01:03:29 | INFO: Extracting primitive: uesugi-samurai-06 chipped lacquer highlight r1 0.16
01:03:29 | INFO: Primitives created: 1
01:03:29 | INFO: Extracting primitive: uesugi-samurai-06 individual front lamellar plate r2 c1 mesh
01:03:29 | INFO: Primitives created: 1
01:03:29 | INFO: Extracting primitive: uesugi-samurai-06 individual front lamellar plate r2 c2 mesh
01:03:29 | INFO: Primitives created: 1
01:03:29 | INFO: Extracting primitive: uesugi-samurai-06 individual front lamellar plate r2 c3 mesh
01:03:29 | INFO: Primitives created: 1
01:03:29 | INFO: Extracting primitive: uesugi-samurai-06 individual front lamellar plate r2 c4 mesh
01:03:29 | INFO: Primitives created: 1
01:03:29 | INFO: Extracting primitive: uesugi-samurai-06 individual front lamellar plate r2 c5 mesh
01:03:29 | INFO: Primitives created: 1
01:03:29 | INFO: Extracting primitive: uesugi-samurai-06 odoshi lacing row 2
01:03:29 | INFO: Primitives created: 1
01:03:29 | INFO: Extracting primitive: uesugi-samurai-06 chipped lacquer highlight r2 -0.16
01:03:29 | INFO: Primitives created: 1
01:03:29 | INFO: Extracting primitive: uesugi-samurai-06 chipped lacquer highlight r2 0.0
01:03:29 | INFO: Primitives created: 1
01:03:29 | INFO: Extracting primitive: uesugi-samurai-06 chipped lacquer highlight r2 0.16
01:03:29 | INFO: Primitives created: 1
01:03:29 | INFO: Extracting primitive: uesugi-samurai-06 individual front lamellar plate r3 c1 mesh
01:03:29 | INFO: Primitives created: 1
01:03:29 | INFO: Extracting primitive: uesugi-samurai-06 individual front lamellar plate r3 c2 mesh
01:03:29 | INFO: Primitives created: 1
01:03:29 | INFO: Extracting primitive: uesugi-samurai-06 individual front lamellar plate r3 c3 mesh
01:03:29 | INFO: Primitives created: 1
01:03:29 | INFO: Extracting primitive: uesugi-samurai-06 individual front lamellar plate r3 c4 mesh
01:03:29 | INFO: Primitives created: 1
01:03:29 | INFO: Extracting primitive: uesugi-samurai-06 individual front lamellar plate r3 c5 mesh
01:03:29 | INFO: Primitives created: 1
01:03:29 | INFO: Extracting primitive: uesugi-samurai-06 odoshi lacing row 3
01:03:29 | INFO: Primitives created: 1
01:03:29 | INFO: Extracting primitive: uesugi-samurai-06 chipped lacquer highlight r3 -0.16
01:03:29 | INFO: Primitives created: 1
01:03:29 | INFO: Extracting primitive: uesugi-samurai-06 chipped lacquer highlight r3 0.0
01:03:29 | INFO: Primitives created: 1
01:03:29 | INFO: Extracting primitive: uesugi-samurai-06 chipped lacquer highlight r3 0.16
01:03:29 | INFO: Primitives created: 1
01:03:29 | INFO: Extracting primitive: uesugi-samurai-06 individual front lamellar plate r4 c1 mesh
01:03:29 | INFO: Primitives created: 1
01:03:29 | INFO: Extracting primitive: uesugi-samurai-06 individual front lamellar plate r4 c2 mesh
01:03:29 | INFO: Primitives created: 1
01:03:29 | INFO: Extracting primitive: uesugi-samurai-06 individual front lamellar plate r4 c3 mesh
01:03:29 | INFO: Primitives created: 1
01:03:29 | INFO: Extracting primitive: uesugi-samurai-06 individual front lamellar plate r4 c4 mesh
01:03:29 | INFO: Primitives created: 1
01:03:29 | INFO: Extracting primitive: uesugi-samurai-06 individual front lamellar plate r4 c5 mesh
01:03:29 | INFO: Primitives created: 1
01:03:29 | INFO: Extracting primitive: uesugi-samurai-06 odoshi lacing row 4
01:03:29 | INFO: Primitives created: 1
01:03:29 | INFO: Extracting primitive: uesugi-samurai-06 chipped lacquer highlight r4 -0.16
01:03:29 | INFO: Primitives created: 1
01:03:29 | INFO: Extracting primitive: uesugi-samurai-06 chipped lacquer highlight r4 0.0
01:03:29 | INFO: Primitives created: 1
01:03:29 | INFO: Extracting primitive: uesugi-samurai-06 chipped lacquer highlight r4 0.16
01:03:29 | INFO: Primitives created: 1
01:03:29 | INFO: Extracting primitive: uesugi-samurai-06 rear lamellar back plate r1 c1 mesh
01:03:29 | INFO: Primitives created: 1
01:03:29 | INFO: Extracting primitive: uesugi-samurai-06 rear lamellar back plate r1 c2 mesh
01:03:29 | INFO: Primitives created: 1
01:03:29 | INFO: Extracting primitive: uesugi-samurai-06 rear lamellar back plate r1 c3 mesh
01:03:29 | INFO: Primitives created: 1
01:03:29 | INFO: Extracting primitive: uesugi-samurai-06 rear lamellar back plate r1 c4 mesh
01:03:29 | INFO: Primitives created: 1
01:03:29 | INFO: Extracting primitive: uesugi-samurai-06 rear odoshi lacing row 1
01:03:29 | INFO: Primitives created: 1
01:03:29 | INFO: Extracting primitive: uesugi-samurai-06 rear lamellar back plate r2 c1 mesh
01:03:29 | INFO: Primitives created: 1
01:03:29 | INFO: Extracting primitive: uesugi-samurai-06 rear lamellar back plate r2 c2 mesh
01:03:29 | INFO: Primitives created: 1
01:03:29 | INFO: Extracting primitive: uesugi-samurai-06 rear lamellar back plate r2 c3 mesh
01:03:29 | INFO: Primitives created: 1
01:03:29 | INFO: Extracting primitive: uesugi-samurai-06 rear lamellar back plate r2 c4 mesh
01:03:29 | INFO: Primitives created: 1
01:03:29 | INFO: Extracting primitive: uesugi-samurai-06 rear odoshi lacing row 2
01:03:29 | INFO: Primitives created: 1
01:03:29 | INFO: Extracting primitive: uesugi-samurai-06 rear lamellar back plate r3 c1 mesh
01:03:29 | INFO: Primitives created: 1
01:03:29 | INFO: Extracting primitive: uesugi-samurai-06 rear lamellar back plate r3 c2 mesh
01:03:29 | INFO: Primitives created: 1
01:03:29 | INFO: Extracting primitive: uesugi-samurai-06 rear lamellar back plate r3 c3 mesh
01:03:29 | INFO: Primitives created: 1
01:03:29 | INFO: Extracting primitive: uesugi-samurai-06 rear lamellar back plate r3 c4 mesh
01:03:29 | INFO: Primitives created: 1
01:03:29 | INFO: Extracting primitive: uesugi-samurai-06 rear odoshi lacing row 3
01:03:29 | INFO: Primitives created: 1
01:03:29 | INFO: Extracting primitive: uesugi-samurai-06 rear lamellar back plate r4 c1 mesh
01:03:29 | INFO: Primitives created: 1
01:03:29 | INFO: Extracting primitive: uesugi-samurai-06 rear lamellar back plate r4 c2 mesh
01:03:29 | INFO: Primitives created: 1
01:03:29 | INFO: Extracting primitive: uesugi-samurai-06 rear lamellar back plate r4 c3 mesh
01:03:29 | INFO: Primitives created: 1
01:03:29 | INFO: Extracting primitive: uesugi-samurai-06 rear lamellar back plate r4 c4 mesh
01:03:29 | INFO: Primitives created: 1
01:03:29 | INFO: Extracting primitive: uesugi-samurai-06 rear odoshi lacing row 4
01:03:29 | INFO: Primitives created: 1
01:03:29 | INFO: Extracting primitive: uesugi-samurai-06 rear lacquer edge scratch -0.17
01:03:29 | INFO: Primitives created: 1
01:03:29 | INFO: Extracting primitive: uesugi-samurai-06 rear lacquer edge scratch -0.06
01:03:29 | INFO: Primitives created: 1
01:03:29 | INFO: Extracting primitive: uesugi-samurai-06 rear lacquer edge scratch 0.06
01:03:29 | INFO: Primitives created: 1
01:03:29 | INFO: Extracting primitive: uesugi-samurai-06 rear lacquer edge scratch 0.17
01:03:29 | INFO: Primitives created: 1
01:03:29 | INFO: Extracting primitive: Sphere.294
01:03:29 | INFO: Primitives created: 1
01:03:29 | INFO: Extracting primitive: uesugi-samurai-06 articulated sode shoulder plate -1 1 mesh
01:03:29 | INFO: Primitives created: 1
01:03:29 | INFO: Extracting primitive: uesugi-samurai-06 sode lacing -1 1
01:03:29 | INFO: Primitives created: 1
01:03:29 | INFO: Extracting primitive: uesugi-samurai-06 articulated sode shoulder plate -1 2 mesh
01:03:29 | INFO: Primitives created: 1
01:03:29 | INFO: Extracting primitive: uesugi-samurai-06 sode lacing -1 2
01:03:29 | INFO: Primitives created: 1
01:03:29 | INFO: Extracting primitive: uesugi-samurai-06 articulated sode shoulder plate -1 3 mesh
01:03:29 | INFO: Primitives created: 1
01:03:29 | INFO: Extracting primitive: uesugi-samurai-06 sode lacing -1 3
01:03:29 | INFO: Primitives created: 1
01:03:29 | INFO: Extracting primitive: uesugi-samurai-06 articulated sode shoulder plate -1 4 mesh
01:03:29 | INFO: Primitives created: 1
01:03:29 | INFO: Extracting primitive: uesugi-samurai-06 sode lacing -1 4
01:03:29 | INFO: Primitives created: 1
01:03:29 | INFO: Extracting primitive: Sphere.295
01:03:29 | INFO: Primitives created: 1
01:03:29 | INFO: Extracting primitive: Sphere.296
01:03:29 | INFO: Primitives created: 1
01:03:29 | INFO: Extracting primitive: Sphere.297
01:03:29 | INFO: Primitives created: 1
01:03:29 | INFO: Extracting primitive: Sphere.298
01:03:29 | INFO: Primitives created: 1
01:03:29 | INFO: Extracting primitive: Sphere.299
01:03:29 | INFO: Primitives created: 1
01:03:29 | INFO: Extracting primitive: Cube.087
01:03:29 | INFO: Primitives created: 1
01:03:29 | INFO: Extracting primitive: uesugi-samurai-06 sandal toe strap -1
01:03:29 | INFO: Primitives created: 1
01:03:29 | INFO: Extracting primitive: Sphere.300
01:03:29 | INFO: Primitives created: 1
01:03:29 | INFO: Extracting primitive: uesugi-samurai-06 articulated sode shoulder plate 1 1 mesh
01:03:29 | INFO: Primitives created: 1
01:03:29 | INFO: Extracting primitive: uesugi-samurai-06 sode lacing 1 1
01:03:29 | INFO: Primitives created: 1
01:03:29 | INFO: Extracting primitive: uesugi-samurai-06 articulated sode shoulder plate 1 2 mesh
01:03:29 | INFO: Primitives created: 1
01:03:29 | INFO: Extracting primitive: uesugi-samurai-06 sode lacing 1 2
01:03:29 | INFO: Primitives created: 1
01:03:29 | INFO: Extracting primitive: uesugi-samurai-06 articulated sode shoulder plate 1 3 mesh
01:03:29 | INFO: Primitives created: 1
01:03:29 | INFO: Extracting primitive: uesugi-samurai-06 sode lacing 1 3
01:03:29 | INFO: Primitives created: 1
01:03:29 | INFO: Extracting primitive: uesugi-samurai-06 articulated sode shoulder plate 1 4 mesh
01:03:29 | INFO: Primitives created: 1
01:03:29 | INFO: Extracting primitive: uesugi-samurai-06 sode lacing 1 4
01:03:29 | INFO: Primitives created: 1
01:03:29 | INFO: Extracting primitive: Sphere.301
01:03:29 | INFO: Primitives created: 1
01:03:29 | INFO: Extracting primitive: Sphere.302
01:03:29 | INFO: Primitives created: 1
01:03:29 | INFO: Extracting primitive: Sphere.303
01:03:29 | INFO: Primitives created: 1
01:03:29 | INFO: Extracting primitive: Sphere.304
01:03:29 | INFO: Primitives created: 1
01:03:29 | INFO: Extracting primitive: Sphere.305
01:03:29 | INFO: Primitives created: 1
01:03:29 | INFO: Extracting primitive: Cube.088
01:03:29 | INFO: Primitives created: 1
01:03:29 | INFO: Extracting primitive: uesugi-samurai-06 sandal toe strap 1
01:03:29 | INFO: Primitives created: 1
01:03:29 | INFO: Extracting primitive: uesugi-samurai-06 kusazuri skirt -1 row 1 mesh
01:03:29 | INFO: Primitives created: 1
01:03:29 | INFO: Extracting primitive: uesugi-samurai-06 kusazuri skirt -1 row 2 mesh
01:03:29 | INFO: Primitives created: 1
01:03:29 | INFO: Extracting primitive: uesugi-samurai-06 kusazuri skirt 0 row 1 mesh
01:03:29 | INFO: Primitives created: 1
01:03:29 | INFO: Extracting primitive: uesugi-samurai-06 kusazuri skirt 0 row 2 mesh
01:03:29 | INFO: Primitives created: 1
01:03:29 | INFO: Extracting primitive: uesugi-samurai-06 kusazuri skirt 1 row 1 mesh
01:03:29 | INFO: Primitives created: 1
01:03:29 | INFO: Extracting primitive: uesugi-samurai-06 kusazuri skirt 1 row 2 mesh
01:03:29 | INFO: Primitives created: 1
01:03:29 | INFO: Extracting primitive: uesugi-samurai-06 raised katana blade
01:03:29 | INFO: Primitives created: 1
01:03:29 | INFO: Extracting primitive: Cylinder.017
01:03:29 | INFO: Primitives created: 1
01:03:29 | INFO: Extracting primitive: uesugi-samurai-06 sashimono bamboo pole
01:03:29 | INFO: Primitives created: 1
01:03:29 | INFO: Extracting primitive: uesugi-samurai-06 wind-bent sashimono cloth panel mesh
01:03:29 | INFO: Primitives created: 1
01:03:29 | INFO: Extracting primitive: Sphere.306
01:03:29 | INFO: Primitives created: 1
01:03:29 | INFO: Extracting primitive: Sphere.307
01:03:29 | INFO: Primitives created: 1
01:03:29 | INFO: Extracting primitive: Sphere.308
01:03:29 | INFO: Primitives created: 1
01:03:29 | INFO: Extracting primitive: Sphere.309
01:03:29 | INFO: Primitives created: 1
01:03:29 | INFO: Extracting primitive: Sphere.310
01:03:29 | INFO: Primitives created: 1
01:03:29 | INFO: Extracting primitive: Sphere.311
01:03:29 | INFO: Primitives created: 1
01:03:29 | INFO: Extracting primitive: Cube.089
01:03:29 | INFO: Primitives created: 1
01:03:29 | INFO: Extracting primitive: Sphere.312
01:03:29 | INFO: Primitives created: 1
01:03:29 | INFO: Extracting primitive: Cone.030
01:03:29 | INFO: Primitives created: 1
01:03:29 | INFO: Extracting primitive: uesugi-samurai-07 rear shikoro lamellar neck plate r1 c1 mesh
01:03:29 | INFO: Primitives created: 1
01:03:29 | INFO: Extracting primitive: uesugi-samurai-07 rear shikoro lamellar neck plate r1 c2 mesh
01:03:29 | INFO: Primitives created: 1
01:03:29 | INFO: Extracting primitive: uesugi-samurai-07 rear shikoro lamellar neck plate r1 c3 mesh
01:03:29 | INFO: Primitives created: 1
01:03:29 | INFO: Extracting primitive: uesugi-samurai-07 rear shikoro lamellar neck plate r2 c1 mesh
01:03:29 | INFO: Primitives created: 1
01:03:29 | INFO: Extracting primitive: uesugi-samurai-07 rear shikoro lamellar neck plate r2 c2 mesh
01:03:29 | INFO: Primitives created: 1
01:03:29 | INFO: Extracting primitive: uesugi-samurai-07 rear shikoro lamellar neck plate r2 c3 mesh
01:03:29 | INFO: Primitives created: 1
01:03:29 | INFO: Extracting primitive: uesugi-samurai-07 rear shikoro lamellar neck plate r3 c1 mesh
01:03:29 | INFO: Primitives created: 1
01:03:29 | INFO: Extracting primitive: uesugi-samurai-07 rear shikoro lamellar neck plate r3 c2 mesh
01:03:29 | INFO: Primitives created: 1
01:03:29 | INFO: Extracting primitive: uesugi-samurai-07 rear shikoro lamellar neck plate r3 c3 mesh
01:03:29 | INFO: Primitives created: 1
01:03:29 | INFO: Extracting primitive: uesugi-samurai-07 raised kabuto rib 1
01:03:29 | INFO: Primitives created: 1
01:03:29 | INFO: Extracting primitive: uesugi-samurai-07 raised kabuto rib 2
01:03:29 | INFO: Primitives created: 1
01:03:29 | INFO: Extracting primitive: uesugi-samurai-07 raised kabuto rib 3
01:03:29 | INFO: Primitives created: 1
01:03:29 | INFO: Extracting primitive: uesugi-samurai-07 left antler maedate
01:03:29 | INFO: Primitives created: 1
01:03:29 | INFO: Extracting primitive: uesugi-samurai-07 right antler maedate
01:03:29 | INFO: Primitives created: 1
01:03:29 | INFO: Extracting primitive: uesugi-samurai-07 individual front lamellar plate r1 c1 mesh
01:03:29 | INFO: Primitives created: 1
01:03:29 | INFO: Extracting primitive: uesugi-samurai-07 individual front lamellar plate r1 c2 mesh
01:03:29 | INFO: Primitives created: 1
01:03:29 | INFO: Extracting primitive: uesugi-samurai-07 individual front lamellar plate r1 c3 mesh
01:03:29 | INFO: Primitives created: 1
01:03:29 | INFO: Extracting primitive: uesugi-samurai-07 individual front lamellar plate r1 c4 mesh
01:03:29 | INFO: Primitives created: 1
01:03:29 | INFO: Extracting primitive: uesugi-samurai-07 individual front lamellar plate r1 c5 mesh
01:03:29 | INFO: Primitives created: 1
01:03:29 | INFO: Extracting primitive: uesugi-samurai-07 odoshi lacing row 1
01:03:29 | INFO: Primitives created: 1
01:03:29 | INFO: Extracting primitive: uesugi-samurai-07 chipped lacquer highlight r1 -0.16
01:03:29 | INFO: Primitives created: 1
01:03:29 | INFO: Extracting primitive: uesugi-samurai-07 chipped lacquer highlight r1 0.0
01:03:29 | INFO: Primitives created: 1
01:03:29 | INFO: Extracting primitive: uesugi-samurai-07 chipped lacquer highlight r1 0.16
01:03:29 | INFO: Primitives created: 1
01:03:29 | INFO: Extracting primitive: uesugi-samurai-07 individual front lamellar plate r2 c1 mesh
01:03:29 | INFO: Primitives created: 1
01:03:29 | INFO: Extracting primitive: uesugi-samurai-07 individual front lamellar plate r2 c2 mesh
01:03:29 | INFO: Primitives created: 1
01:03:29 | INFO: Extracting primitive: uesugi-samurai-07 individual front lamellar plate r2 c3 mesh
01:03:29 | INFO: Primitives created: 1
01:03:29 | INFO: Extracting primitive: uesugi-samurai-07 individual front lamellar plate r2 c4 mesh
01:03:29 | INFO: Primitives created: 1
01:03:29 | INFO: Extracting primitive: uesugi-samurai-07 individual front lamellar plate r2 c5 mesh
01:03:29 | INFO: Primitives created: 1
01:03:29 | INFO: Extracting primitive: uesugi-samurai-07 odoshi lacing row 2
01:03:29 | INFO: Primitives created: 1
01:03:29 | INFO: Extracting primitive: uesugi-samurai-07 chipped lacquer highlight r2 -0.16
01:03:29 | INFO: Primitives created: 1
01:03:29 | INFO: Extracting primitive: uesugi-samurai-07 chipped lacquer highlight r2 0.0
01:03:29 | INFO: Primitives created: 1
01:03:29 | INFO: Extracting primitive: uesugi-samurai-07 chipped lacquer highlight r2 0.16
01:03:29 | INFO: Primitives created: 1
01:03:29 | INFO: Extracting primitive: uesugi-samurai-07 individual front lamellar plate r3 c1 mesh
01:03:29 | INFO: Primitives created: 1
01:03:29 | INFO: Extracting primitive: uesugi-samurai-07 individual front lamellar plate r3 c2 mesh
01:03:29 | INFO: Primitives created: 1
01:03:29 | INFO: Extracting primitive: uesugi-samurai-07 individual front lamellar plate r3 c3 mesh
01:03:29 | INFO: Primitives created: 1
01:03:29 | INFO: Extracting primitive: uesugi-samurai-07 individual front lamellar plate r3 c4 mesh
01:03:29 | INFO: Primitives created: 1
01:03:29 | INFO: Extracting primitive: uesugi-samurai-07 individual front lamellar plate r3 c5 mesh
01:03:29 | INFO: Primitives created: 1
01:03:29 | INFO: Extracting primitive: uesugi-samurai-07 odoshi lacing row 3
01:03:29 | INFO: Primitives created: 1
01:03:29 | INFO: Extracting primitive: uesugi-samurai-07 chipped lacquer highlight r3 -0.16
01:03:29 | INFO: Primitives created: 1
01:03:29 | INFO: Extracting primitive: uesugi-samurai-07 chipped lacquer highlight r3 0.0
01:03:29 | INFO: Primitives created: 1
01:03:29 | INFO: Extracting primitive: uesugi-samurai-07 chipped lacquer highlight r3 0.16
01:03:29 | INFO: Primitives created: 1
01:03:29 | INFO: Extracting primitive: uesugi-samurai-07 individual front lamellar plate r4 c1 mesh
01:03:29 | INFO: Primitives created: 1
01:03:29 | INFO: Extracting primitive: uesugi-samurai-07 individual front lamellar plate r4 c2 mesh
01:03:29 | INFO: Primitives created: 1
01:03:29 | INFO: Extracting primitive: uesugi-samurai-07 individual front lamellar plate r4 c3 mesh
01:03:29 | INFO: Primitives created: 1
01:03:29 | INFO: Extracting primitive: uesugi-samurai-07 individual front lamellar plate r4 c4 mesh
01:03:29 | INFO: Primitives created: 1
01:03:29 | INFO: Extracting primitive: uesugi-samurai-07 individual front lamellar plate r4 c5 mesh
01:03:29 | INFO: Primitives created: 1
01:03:29 | INFO: Extracting primitive: uesugi-samurai-07 odoshi lacing row 4
01:03:29 | INFO: Primitives created: 1
01:03:29 | INFO: Extracting primitive: uesugi-samurai-07 chipped lacquer highlight r4 -0.16
01:03:29 | INFO: Primitives created: 1
01:03:29 | INFO: Extracting primitive: uesugi-samurai-07 chipped lacquer highlight r4 0.0
01:03:29 | INFO: Primitives created: 1
01:03:29 | INFO: Extracting primitive: uesugi-samurai-07 chipped lacquer highlight r4 0.16
01:03:29 | INFO: Primitives created: 1
01:03:29 | INFO: Extracting primitive: uesugi-samurai-07 rear lamellar back plate r1 c1 mesh
01:03:29 | INFO: Primitives created: 1
01:03:29 | INFO: Extracting primitive: uesugi-samurai-07 rear lamellar back plate r1 c2 mesh
01:03:29 | INFO: Primitives created: 1
01:03:29 | INFO: Extracting primitive: uesugi-samurai-07 rear lamellar back plate r1 c3 mesh
01:03:29 | INFO: Primitives created: 1
01:03:29 | INFO: Extracting primitive: uesugi-samurai-07 rear lamellar back plate r1 c4 mesh
01:03:29 | INFO: Primitives created: 1
01:03:29 | INFO: Extracting primitive: uesugi-samurai-07 rear odoshi lacing row 1
01:03:29 | INFO: Primitives created: 1
01:03:29 | INFO: Extracting primitive: uesugi-samurai-07 rear lamellar back plate r2 c1 mesh
01:03:29 | INFO: Primitives created: 1
01:03:29 | INFO: Extracting primitive: uesugi-samurai-07 rear lamellar back plate r2 c2 mesh
01:03:29 | INFO: Primitives created: 1
01:03:29 | INFO: Extracting primitive: uesugi-samurai-07 rear lamellar back plate r2 c3 mesh
01:03:29 | INFO: Primitives created: 1
01:03:29 | INFO: Extracting primitive: uesugi-samurai-07 rear lamellar back plate r2 c4 mesh
01:03:29 | INFO: Primitives created: 1
01:03:29 | INFO: Extracting primitive: uesugi-samurai-07 rear odoshi lacing row 2
01:03:29 | INFO: Primitives created: 1
01:03:29 | INFO: Extracting primitive: uesugi-samurai-07 rear lamellar back plate r3 c1 mesh
01:03:29 | INFO: Primitives created: 1
01:03:29 | INFO: Extracting primitive: uesugi-samurai-07 rear lamellar back plate r3 c2 mesh
01:03:29 | INFO: Primitives created: 1
01:03:29 | INFO: Extracting primitive: uesugi-samurai-07 rear lamellar back plate r3 c3 mesh
01:03:29 | INFO: Primitives created: 1
01:03:29 | INFO: Extracting primitive: uesugi-samurai-07 rear lamellar back plate r3 c4 mesh
01:03:29 | INFO: Primitives created: 1
01:03:29 | INFO: Extracting primitive: uesugi-samurai-07 rear odoshi lacing row 3
01:03:29 | INFO: Primitives created: 1
01:03:29 | INFO: Extracting primitive: uesugi-samurai-07 rear lamellar back plate r4 c1 mesh
01:03:29 | INFO: Primitives created: 1
01:03:29 | INFO: Extracting primitive: uesugi-samurai-07 rear lamellar back plate r4 c2 mesh
01:03:29 | INFO: Primitives created: 1
01:03:29 | INFO: Extracting primitive: uesugi-samurai-07 rear lamellar back plate r4 c3 mesh
01:03:29 | INFO: Primitives created: 1
01:03:29 | INFO: Extracting primitive: uesugi-samurai-07 rear lamellar back plate r4 c4 mesh
01:03:29 | INFO: Primitives created: 1
01:03:29 | INFO: Extracting primitive: uesugi-samurai-07 rear odoshi lacing row 4
01:03:29 | INFO: Primitives created: 1
01:03:29 | INFO: Extracting primitive: uesugi-samurai-07 rear lacquer edge scratch -0.17
01:03:29 | INFO: Primitives created: 1
01:03:29 | INFO: Extracting primitive: uesugi-samurai-07 rear lacquer edge scratch -0.06
01:03:29 | INFO: Primitives created: 1
01:03:29 | INFO: Extracting primitive: uesugi-samurai-07 rear lacquer edge scratch 0.06
01:03:29 | INFO: Primitives created: 1
01:03:29 | INFO: Extracting primitive: uesugi-samurai-07 rear lacquer edge scratch 0.17
01:03:29 | INFO: Primitives created: 1
01:03:29 | INFO: Extracting primitive: Sphere.313
01:03:29 | INFO: Primitives created: 1
01:03:29 | INFO: Extracting primitive: uesugi-samurai-07 articulated sode shoulder plate -1 1 mesh
01:03:29 | INFO: Primitives created: 1
01:03:29 | INFO: Extracting primitive: uesugi-samurai-07 sode lacing -1 1
01:03:29 | INFO: Primitives created: 1
01:03:29 | INFO: Extracting primitive: uesugi-samurai-07 articulated sode shoulder plate -1 2 mesh
01:03:29 | INFO: Primitives created: 1
01:03:29 | INFO: Extracting primitive: uesugi-samurai-07 sode lacing -1 2
01:03:29 | INFO: Primitives created: 1
01:03:29 | INFO: Extracting primitive: uesugi-samurai-07 articulated sode shoulder plate -1 3 mesh
01:03:29 | INFO: Primitives created: 1
01:03:29 | INFO: Extracting primitive: uesugi-samurai-07 sode lacing -1 3
01:03:29 | INFO: Primitives created: 1
01:03:29 | INFO: Extracting primitive: uesugi-samurai-07 articulated sode shoulder plate -1 4 mesh
01:03:29 | INFO: Primitives created: 1
01:03:29 | INFO: Extracting primitive: uesugi-samurai-07 sode lacing -1 4
01:03:29 | INFO: Primitives created: 1
01:03:29 | INFO: Extracting primitive: Sphere.314
01:03:29 | INFO: Primitives created: 1
01:03:29 | INFO: Extracting primitive: Sphere.315
01:03:29 | INFO: Primitives created: 1
01:03:29 | INFO: Extracting primitive: Sphere.316
01:03:29 | INFO: Primitives created: 1
01:03:29 | INFO: Extracting primitive: Sphere.317
01:03:29 | INFO: Primitives created: 1
01:03:29 | INFO: Extracting primitive: Sphere.318
01:03:29 | INFO: Primitives created: 1
01:03:29 | INFO: Extracting primitive: Cube.090
01:03:29 | INFO: Primitives created: 1
01:03:29 | INFO: Extracting primitive: uesugi-samurai-07 sandal toe strap -1
01:03:29 | INFO: Primitives created: 1
01:03:29 | INFO: Extracting primitive: Sphere.319
01:03:29 | INFO: Primitives created: 1
01:03:29 | INFO: Extracting primitive: uesugi-samurai-07 articulated sode shoulder plate 1 1 mesh
01:03:29 | INFO: Primitives created: 1
01:03:29 | INFO: Extracting primitive: uesugi-samurai-07 sode lacing 1 1
01:03:29 | INFO: Primitives created: 1
01:03:29 | INFO: Extracting primitive: uesugi-samurai-07 articulated sode shoulder plate 1 2 mesh
01:03:29 | INFO: Primitives created: 1
01:03:29 | INFO: Extracting primitive: uesugi-samurai-07 sode lacing 1 2
01:03:29 | INFO: Primitives created: 1
01:03:29 | INFO: Extracting primitive: uesugi-samurai-07 articulated sode shoulder plate 1 3 mesh
01:03:29 | INFO: Primitives created: 1
01:03:29 | INFO: Extracting primitive: uesugi-samurai-07 sode lacing 1 3
01:03:29 | INFO: Primitives created: 1
01:03:29 | INFO: Extracting primitive: uesugi-samurai-07 articulated sode shoulder plate 1 4 mesh
01:03:29 | INFO: Primitives created: 1
01:03:29 | INFO: Extracting primitive: uesugi-samurai-07 sode lacing 1 4
01:03:29 | INFO: Primitives created: 1
01:03:29 | INFO: Extracting primitive: Sphere.320
01:03:29 | INFO: Primitives created: 1
01:03:29 | INFO: Extracting primitive: Sphere.321
01:03:29 | INFO: Primitives created: 1
01:03:29 | INFO: Extracting primitive: Sphere.322
01:03:29 | INFO: Primitives created: 1
01:03:29 | INFO: Extracting primitive: Sphere.323
01:03:29 | INFO: Primitives created: 1
01:03:29 | INFO: Extracting primitive: Sphere.324
01:03:29 | INFO: Primitives created: 1
01:03:29 | INFO: Extracting primitive: Cube.091
01:03:29 | INFO: Primitives created: 1
01:03:29 | INFO: Extracting primitive: uesugi-samurai-07 sandal toe strap 1
01:03:29 | INFO: Primitives created: 1
01:03:29 | INFO: Extracting primitive: uesugi-samurai-07 kusazuri skirt -1 row 1 mesh
01:03:29 | INFO: Primitives created: 1
01:03:29 | INFO: Extracting primitive: uesugi-samurai-07 kusazuri skirt -1 row 2 mesh
01:03:29 | INFO: Primitives created: 1
01:03:29 | INFO: Extracting primitive: uesugi-samurai-07 kusazuri skirt 0 row 1 mesh
01:03:29 | INFO: Primitives created: 1
01:03:29 | INFO: Extracting primitive: uesugi-samurai-07 kusazuri skirt 0 row 2 mesh
01:03:29 | INFO: Primitives created: 1
01:03:29 | INFO: Extracting primitive: uesugi-samurai-07 kusazuri skirt 1 row 1 mesh
01:03:29 | INFO: Primitives created: 1
01:03:29 | INFO: Extracting primitive: uesugi-samurai-07 kusazuri skirt 1 row 2 mesh
01:03:29 | INFO: Primitives created: 1
01:03:29 | INFO: Extracting primitive: uesugi-samurai-07 guard katana blade
01:03:29 | INFO: Primitives created: 1
01:03:29 | INFO: Extracting primitive: Cylinder.018
01:03:29 | INFO: Primitives created: 1
01:03:29 | INFO: Extracting primitive: uesugi-samurai-07 sashimono bamboo pole
01:03:29 | INFO: Primitives created: 1
01:03:29 | INFO: Extracting primitive: uesugi-samurai-07 wind-bent sashimono cloth panel mesh
01:03:29 | INFO: Primitives created: 1
01:03:29 | INFO: Extracting primitive: Sphere.325
01:03:29 | INFO: Primitives created: 1
01:03:29 | INFO: Extracting primitive: Sphere.326
01:03:29 | INFO: Primitives created: 1
01:03:29 | INFO: Extracting primitive: Sphere.327
01:03:29 | INFO: Primitives created: 1
01:03:29 | INFO: Extracting primitive: Sphere.328
01:03:29 | INFO: Primitives created: 1
01:03:29 | INFO: Extracting primitive: Sphere.329
01:03:29 | INFO: Primitives created: 1
01:03:29 | INFO: Extracting primitive: Sphere.330
01:03:29 | INFO: Primitives created: 1
01:03:29 | INFO: Extracting primitive: Cube.092
01:03:29 | INFO: Primitives created: 1
01:03:29 | INFO: Extracting primitive: Sphere.331
01:03:29 | INFO: Primitives created: 1
01:03:29 | INFO: Extracting primitive: Cone.031
01:03:29 | INFO: Primitives created: 1
01:03:29 | INFO: Extracting primitive: uesugi-samurai-08 rear shikoro lamellar neck plate r1 c1 mesh
01:03:29 | INFO: Primitives created: 1
01:03:29 | INFO: Extracting primitive: uesugi-samurai-08 rear shikoro lamellar neck plate r1 c2 mesh
01:03:29 | INFO: Primitives created: 1
01:03:29 | INFO: Extracting primitive: uesugi-samurai-08 rear shikoro lamellar neck plate r1 c3 mesh
01:03:29 | INFO: Primitives created: 1
01:03:29 | INFO: Extracting primitive: uesugi-samurai-08 rear shikoro lamellar neck plate r2 c1 mesh
01:03:29 | INFO: Primitives created: 1
01:03:29 | INFO: Extracting primitive: uesugi-samurai-08 rear shikoro lamellar neck plate r2 c2 mesh
01:03:29 | INFO: Primitives created: 1
01:03:29 | INFO: Extracting primitive: uesugi-samurai-08 rear shikoro lamellar neck plate r2 c3 mesh
01:03:29 | INFO: Primitives created: 1
01:03:29 | INFO: Extracting primitive: uesugi-samurai-08 rear shikoro lamellar neck plate r3 c1 mesh
01:03:29 | INFO: Primitives created: 1
01:03:29 | INFO: Extracting primitive: uesugi-samurai-08 rear shikoro lamellar neck plate r3 c2 mesh
01:03:29 | INFO: Primitives created: 1
01:03:29 | INFO: Extracting primitive: uesugi-samurai-08 rear shikoro lamellar neck plate r3 c3 mesh
01:03:29 | INFO: Primitives created: 1
01:03:29 | INFO: Extracting primitive: uesugi-samurai-08 raised kabuto rib 1
01:03:29 | INFO: Primitives created: 1
01:03:29 | INFO: Extracting primitive: uesugi-samurai-08 raised kabuto rib 2
01:03:29 | INFO: Primitives created: 1
01:03:29 | INFO: Extracting primitive: uesugi-samurai-08 raised kabuto rib 3
01:03:29 | INFO: Primitives created: 1
01:03:29 | INFO: Extracting primitive: uesugi-samurai-08 left antler maedate
01:03:29 | INFO: Primitives created: 1
01:03:29 | INFO: Extracting primitive: uesugi-samurai-08 right antler maedate
01:03:29 | INFO: Primitives created: 1
01:03:29 | INFO: Extracting primitive: uesugi-samurai-08 individual front lamellar plate r1 c1 mesh
01:03:29 | INFO: Primitives created: 1
01:03:29 | INFO: Extracting primitive: uesugi-samurai-08 individual front lamellar plate r1 c2 mesh
01:03:29 | INFO: Primitives created: 1
01:03:29 | INFO: Extracting primitive: uesugi-samurai-08 individual front lamellar plate r1 c3 mesh
01:03:29 | INFO: Primitives created: 1
01:03:29 | INFO: Extracting primitive: uesugi-samurai-08 individual front lamellar plate r1 c4 mesh
01:03:29 | INFO: Primitives created: 1
01:03:29 | INFO: Extracting primitive: uesugi-samurai-08 individual front lamellar plate r1 c5 mesh
01:03:29 | INFO: Primitives created: 1
01:03:29 | INFO: Extracting primitive: uesugi-samurai-08 odoshi lacing row 1
01:03:29 | INFO: Primitives created: 1
01:03:29 | INFO: Extracting primitive: uesugi-samurai-08 chipped lacquer highlight r1 -0.16
01:03:29 | INFO: Primitives created: 1
01:03:29 | INFO: Extracting primitive: uesugi-samurai-08 chipped lacquer highlight r1 0.0
01:03:29 | INFO: Primitives created: 1
01:03:29 | INFO: Extracting primitive: uesugi-samurai-08 chipped lacquer highlight r1 0.16
01:03:29 | INFO: Primitives created: 1
01:03:29 | INFO: Extracting primitive: uesugi-samurai-08 individual front lamellar plate r2 c1 mesh
01:03:29 | INFO: Primitives created: 1
01:03:29 | INFO: Extracting primitive: uesugi-samurai-08 individual front lamellar plate r2 c2 mesh
01:03:29 | INFO: Primitives created: 1
01:03:29 | INFO: Extracting primitive: uesugi-samurai-08 individual front lamellar plate r2 c3 mesh
01:03:29 | INFO: Primitives created: 1
01:03:29 | INFO: Extracting primitive: uesugi-samurai-08 individual front lamellar plate r2 c4 mesh
01:03:29 | INFO: Primitives created: 1
01:03:29 | INFO: Extracting primitive: uesugi-samurai-08 individual front lamellar plate r2 c5 mesh
01:03:29 | INFO: Primitives created: 1
01:03:29 | INFO: Extracting primitive: uesugi-samurai-08 odoshi lacing row 2
01:03:29 | INFO: Primitives created: 1
01:03:29 | INFO: Extracting primitive: uesugi-samurai-08 chipped lacquer highlight r2 -0.16
01:03:29 | INFO: Primitives created: 1
01:03:29 | INFO: Extracting primitive: uesugi-samurai-08 chipped lacquer highlight r2 0.0
01:03:29 | INFO: Primitives created: 1
01:03:29 | INFO: Extracting primitive: uesugi-samurai-08 chipped lacquer highlight r2 0.16
01:03:29 | INFO: Primitives created: 1
01:03:29 | INFO: Extracting primitive: uesugi-samurai-08 individual front lamellar plate r3 c1 mesh
01:03:29 | INFO: Primitives created: 1
01:03:29 | INFO: Extracting primitive: uesugi-samurai-08 individual front lamellar plate r3 c2 mesh
01:03:29 | INFO: Primitives created: 1
01:03:29 | INFO: Extracting primitive: uesugi-samurai-08 individual front lamellar plate r3 c3 mesh
01:03:29 | INFO: Primitives created: 1
01:03:29 | INFO: Extracting primitive: uesugi-samurai-08 individual front lamellar plate r3 c4 mesh
01:03:29 | INFO: Primitives created: 1
01:03:29 | INFO: Extracting primitive: uesugi-samurai-08 individual front lamellar plate r3 c5 mesh
01:03:29 | INFO: Primitives created: 1
01:03:29 | INFO: Extracting primitive: uesugi-samurai-08 odoshi lacing row 3
01:03:29 | INFO: Primitives created: 1
01:03:29 | INFO: Extracting primitive: uesugi-samurai-08 chipped lacquer highlight r3 -0.16
01:03:29 | INFO: Primitives created: 1
01:03:29 | INFO: Extracting primitive: uesugi-samurai-08 chipped lacquer highlight r3 0.0
01:03:29 | INFO: Primitives created: 1
01:03:29 | INFO: Extracting primitive: uesugi-samurai-08 chipped lacquer highlight r3 0.16
01:03:29 | INFO: Primitives created: 1
01:03:29 | INFO: Extracting primitive: uesugi-samurai-08 individual front lamellar plate r4 c1 mesh
01:03:29 | INFO: Primitives created: 1
01:03:29 | INFO: Extracting primitive: uesugi-samurai-08 individual front lamellar plate r4 c2 mesh
01:03:29 | INFO: Primitives created: 1
01:03:29 | INFO: Extracting primitive: uesugi-samurai-08 individual front lamellar plate r4 c3 mesh
01:03:29 | INFO: Primitives created: 1
01:03:29 | INFO: Extracting primitive: uesugi-samurai-08 individual front lamellar plate r4 c4 mesh
01:03:29 | INFO: Primitives created: 1
01:03:29 | INFO: Extracting primitive: uesugi-samurai-08 individual front lamellar plate r4 c5 mesh
01:03:29 | INFO: Primitives created: 1
01:03:29 | INFO: Extracting primitive: uesugi-samurai-08 odoshi lacing row 4
01:03:29 | INFO: Primitives created: 1
01:03:29 | INFO: Extracting primitive: uesugi-samurai-08 chipped lacquer highlight r4 -0.16
01:03:29 | INFO: Primitives created: 1
01:03:29 | INFO: Extracting primitive: uesugi-samurai-08 chipped lacquer highlight r4 0.0
01:03:29 | INFO: Primitives created: 1
01:03:29 | INFO: Extracting primitive: uesugi-samurai-08 chipped lacquer highlight r4 0.16
01:03:29 | INFO: Primitives created: 1
01:03:29 | INFO: Extracting primitive: uesugi-samurai-08 rear lamellar back plate r1 c1 mesh
01:03:29 | INFO: Primitives created: 1
01:03:29 | INFO: Extracting primitive: uesugi-samurai-08 rear lamellar back plate r1 c2 mesh
01:03:29 | INFO: Primitives created: 1
01:03:29 | INFO: Extracting primitive: uesugi-samurai-08 rear lamellar back plate r1 c3 mesh
01:03:29 | INFO: Primitives created: 1
01:03:29 | INFO: Extracting primitive: uesugi-samurai-08 rear lamellar back plate r1 c4 mesh
01:03:29 | INFO: Primitives created: 1
01:03:29 | INFO: Extracting primitive: uesugi-samurai-08 rear odoshi lacing row 1
01:03:29 | INFO: Primitives created: 1
01:03:29 | INFO: Extracting primitive: uesugi-samurai-08 rear lamellar back plate r2 c1 mesh
01:03:29 | INFO: Primitives created: 1
01:03:29 | INFO: Extracting primitive: uesugi-samurai-08 rear lamellar back plate r2 c2 mesh
01:03:29 | INFO: Primitives created: 1
01:03:29 | INFO: Extracting primitive: uesugi-samurai-08 rear lamellar back plate r2 c3 mesh
01:03:29 | INFO: Primitives created: 1
01:03:29 | INFO: Extracting primitive: uesugi-samurai-08 rear lamellar back plate r2 c4 mesh
01:03:29 | INFO: Primitives created: 1
01:03:29 | INFO: Extracting primitive: uesugi-samurai-08 rear odoshi lacing row 2
01:03:29 | INFO: Primitives created: 1
01:03:29 | INFO: Extracting primitive: uesugi-samurai-08 rear lamellar back plate r3 c1 mesh
01:03:29 | INFO: Primitives created: 1
01:03:29 | INFO: Extracting primitive: uesugi-samurai-08 rear lamellar back plate r3 c2 mesh
01:03:29 | INFO: Primitives created: 1
01:03:29 | INFO: Extracting primitive: uesugi-samurai-08 rear lamellar back plate r3 c3 mesh
01:03:29 | INFO: Primitives created: 1
01:03:29 | INFO: Extracting primitive: uesugi-samurai-08 rear lamellar back plate r3 c4 mesh
01:03:29 | INFO: Primitives created: 1
01:03:29 | INFO: Extracting primitive: uesugi-samurai-08 rear odoshi lacing row 3
01:03:29 | INFO: Primitives created: 1
01:03:29 | INFO: Extracting primitive: uesugi-samurai-08 rear lamellar back plate r4 c1 mesh
01:03:29 | INFO: Primitives created: 1
01:03:29 | INFO: Extracting primitive: uesugi-samurai-08 rear lamellar back plate r4 c2 mesh
01:03:29 | INFO: Primitives created: 1
01:03:29 | INFO: Extracting primitive: uesugi-samurai-08 rear lamellar back plate r4 c3 mesh
01:03:29 | INFO: Primitives created: 1
01:03:29 | INFO: Extracting primitive: uesugi-samurai-08 rear lamellar back plate r4 c4 mesh
01:03:29 | INFO: Primitives created: 1
01:03:29 | INFO: Extracting primitive: uesugi-samurai-08 rear odoshi lacing row 4
01:03:29 | INFO: Primitives created: 1
01:03:29 | INFO: Extracting primitive: uesugi-samurai-08 rear lacquer edge scratch -0.17
01:03:29 | INFO: Primitives created: 1
01:03:29 | INFO: Extracting primitive: uesugi-samurai-08 rear lacquer edge scratch -0.06
01:03:29 | INFO: Primitives created: 1
01:03:29 | INFO: Extracting primitive: uesugi-samurai-08 rear lacquer edge scratch 0.06
01:03:29 | INFO: Primitives created: 1
01:03:29 | INFO: Extracting primitive: uesugi-samurai-08 rear lacquer edge scratch 0.17
01:03:29 | INFO: Primitives created: 1
01:03:29 | INFO: Extracting primitive: Sphere.332
01:03:29 | INFO: Primitives created: 1
01:03:29 | INFO: Extracting primitive: uesugi-samurai-08 articulated sode shoulder plate -1 1 mesh
01:03:29 | INFO: Primitives created: 1
01:03:29 | INFO: Extracting primitive: uesugi-samurai-08 sode lacing -1 1
01:03:29 | INFO: Primitives created: 1
01:03:29 | INFO: Extracting primitive: uesugi-samurai-08 articulated sode shoulder plate -1 2 mesh
01:03:29 | INFO: Primitives created: 1
01:03:29 | INFO: Extracting primitive: uesugi-samurai-08 sode lacing -1 2
01:03:29 | INFO: Primitives created: 1
01:03:29 | INFO: Extracting primitive: uesugi-samurai-08 articulated sode shoulder plate -1 3 mesh
01:03:29 | INFO: Primitives created: 1
01:03:29 | INFO: Extracting primitive: uesugi-samurai-08 sode lacing -1 3
01:03:29 | INFO: Primitives created: 1
01:03:29 | INFO: Extracting primitive: uesugi-samurai-08 articulated sode shoulder plate -1 4 mesh
01:03:29 | INFO: Primitives created: 1
01:03:29 | INFO: Extracting primitive: uesugi-samurai-08 sode lacing -1 4
01:03:29 | INFO: Primitives created: 1
01:03:29 | INFO: Extracting primitive: Sphere.333
01:03:29 | INFO: Primitives created: 1
01:03:29 | INFO: Extracting primitive: Sphere.334
01:03:29 | INFO: Primitives created: 1
01:03:29 | INFO: Extracting primitive: Sphere.335
01:03:29 | INFO: Primitives created: 1
01:03:29 | INFO: Extracting primitive: Sphere.336
01:03:29 | INFO: Primitives created: 1
01:03:29 | INFO: Extracting primitive: Sphere.337
01:03:29 | INFO: Primitives created: 1
01:03:29 | INFO: Extracting primitive: Cube.093
01:03:29 | INFO: Primitives created: 1
01:03:29 | INFO: Extracting primitive: uesugi-samurai-08 sandal toe strap -1
01:03:29 | INFO: Primitives created: 1
01:03:29 | INFO: Extracting primitive: Sphere.338
01:03:29 | INFO: Primitives created: 1
01:03:29 | INFO: Extracting primitive: uesugi-samurai-08 articulated sode shoulder plate 1 1 mesh
01:03:29 | INFO: Primitives created: 1
01:03:29 | INFO: Extracting primitive: uesugi-samurai-08 sode lacing 1 1
01:03:29 | INFO: Primitives created: 1
01:03:29 | INFO: Extracting primitive: uesugi-samurai-08 articulated sode shoulder plate 1 2 mesh
01:03:29 | INFO: Primitives created: 1
01:03:29 | INFO: Extracting primitive: uesugi-samurai-08 sode lacing 1 2
01:03:29 | INFO: Primitives created: 1
01:03:29 | INFO: Extracting primitive: uesugi-samurai-08 articulated sode shoulder plate 1 3 mesh
01:03:29 | INFO: Primitives created: 1
01:03:29 | INFO: Extracting primitive: uesugi-samurai-08 sode lacing 1 3
01:03:29 | INFO: Primitives created: 1
01:03:29 | INFO: Extracting primitive: uesugi-samurai-08 articulated sode shoulder plate 1 4 mesh
01:03:29 | INFO: Primitives created: 1
01:03:29 | INFO: Extracting primitive: uesugi-samurai-08 sode lacing 1 4
01:03:29 | INFO: Primitives created: 1
01:03:29 | INFO: Extracting primitive: Sphere.339
01:03:29 | INFO: Primitives created: 1
01:03:29 | INFO: Extracting primitive: Sphere.340
01:03:29 | INFO: Primitives created: 1
01:03:29 | INFO: Extracting primitive: Sphere.341
01:03:29 | INFO: Primitives created: 1
01:03:29 | INFO: Extracting primitive: Sphere.342
01:03:29 | INFO: Primitives created: 1
01:03:29 | INFO: Extracting primitive: Sphere.343
01:03:29 | INFO: Primitives created: 1
01:03:29 | INFO: Extracting primitive: Cube.094
01:03:29 | INFO: Primitives created: 1
01:03:29 | INFO: Extracting primitive: uesugi-samurai-08 sandal toe strap 1
01:03:29 | INFO: Primitives created: 1
01:03:29 | INFO: Extracting primitive: uesugi-samurai-08 kusazuri skirt -1 row 1 mesh
01:03:29 | INFO: Primitives created: 1
01:03:29 | INFO: Extracting primitive: uesugi-samurai-08 kusazuri skirt -1 row 2 mesh
01:03:29 | INFO: Primitives created: 1
01:03:29 | INFO: Extracting primitive: uesugi-samurai-08 kusazuri skirt 0 row 1 mesh
01:03:29 | INFO: Primitives created: 1
01:03:29 | INFO: Extracting primitive: uesugi-samurai-08 kusazuri skirt 0 row 2 mesh
01:03:29 | INFO: Primitives created: 1
01:03:29 | INFO: Extracting primitive: uesugi-samurai-08 kusazuri skirt 1 row 1 mesh
01:03:29 | INFO: Primitives created: 1
01:03:29 | INFO: Extracting primitive: uesugi-samurai-08 kusazuri skirt 1 row 2 mesh
01:03:29 | INFO: Primitives created: 1
01:03:29 | INFO: Extracting primitive: uesugi-samurai-08 yari shaft
01:03:29 | INFO: Primitives created: 1
01:03:29 | INFO: Extracting primitive: Cone.032
01:03:29 | INFO: Primitives created: 1
01:03:29 | INFO: Extracting primitive: uesugi-samurai-08 sashimono bamboo pole
01:03:29 | INFO: Primitives created: 1
01:03:29 | INFO: Extracting primitive: uesugi-samurai-08 wind-bent sashimono cloth panel mesh
01:03:29 | INFO: Primitives created: 1
01:03:29 | INFO: Extracting primitive: Sphere.344
01:03:29 | INFO: Primitives created: 1
01:03:29 | INFO: Extracting primitive: Sphere.345
01:03:29 | INFO: Primitives created: 1
01:03:29 | INFO: Extracting primitive: Sphere.346
01:03:29 | INFO: Primitives created: 1
01:03:29 | INFO: Extracting primitive: Sphere.347
01:03:29 | INFO: Primitives created: 1
01:03:29 | INFO: Extracting primitive: Sphere.348
01:03:29 | INFO: Primitives created: 1
01:03:29 | INFO: Extracting primitive: Sphere.349
01:03:29 | INFO: Primitives created: 1
01:03:29 | INFO: Extracting primitive: Cube.095
01:03:29 | INFO: Primitives created: 1
01:03:29 | INFO: Extracting primitive: Sphere.350
01:03:29 | INFO: Primitives created: 1
01:03:29 | INFO: Extracting primitive: Cone.033
01:03:29 | INFO: Primitives created: 1
01:03:29 | INFO: Extracting primitive: uesugi-samurai-09 rear shikoro lamellar neck plate r1 c1 mesh
01:03:29 | INFO: Primitives created: 1
01:03:29 | INFO: Extracting primitive: uesugi-samurai-09 rear shikoro lamellar neck plate r1 c2 mesh
01:03:29 | INFO: Primitives created: 1
01:03:29 | INFO: Extracting primitive: uesugi-samurai-09 rear shikoro lamellar neck plate r1 c3 mesh
01:03:29 | INFO: Primitives created: 1
01:03:29 | INFO: Extracting primitive: uesugi-samurai-09 rear shikoro lamellar neck plate r2 c1 mesh
01:03:29 | INFO: Primitives created: 1
01:03:29 | INFO: Extracting primitive: uesugi-samurai-09 rear shikoro lamellar neck plate r2 c2 mesh
01:03:29 | INFO: Primitives created: 1
01:03:29 | INFO: Extracting primitive: uesugi-samurai-09 rear shikoro lamellar neck plate r2 c3 mesh
01:03:29 | INFO: Primitives created: 1
01:03:29 | INFO: Extracting primitive: uesugi-samurai-09 rear shikoro lamellar neck plate r3 c1 mesh
01:03:29 | INFO: Primitives created: 1
01:03:29 | INFO: Extracting primitive: uesugi-samurai-09 rear shikoro lamellar neck plate r3 c2 mesh
01:03:29 | INFO: Primitives created: 1
01:03:29 | INFO: Extracting primitive: uesugi-samurai-09 rear shikoro lamellar neck plate r3 c3 mesh
01:03:29 | INFO: Primitives created: 1
01:03:29 | INFO: Extracting primitive: uesugi-samurai-09 raised kabuto rib 1
01:03:29 | INFO: Primitives created: 1
01:03:29 | INFO: Extracting primitive: uesugi-samurai-09 raised kabuto rib 2
01:03:29 | INFO: Primitives created: 1
01:03:29 | INFO: Extracting primitive: uesugi-samurai-09 raised kabuto rib 3
01:03:29 | INFO: Primitives created: 1
01:03:29 | INFO: Extracting primitive: uesugi-samurai-09 left antler maedate
01:03:29 | INFO: Primitives created: 1
01:03:29 | INFO: Extracting primitive: uesugi-samurai-09 right antler maedate
01:03:29 | INFO: Primitives created: 1
01:03:29 | INFO: Extracting primitive: uesugi-samurai-09 individual front lamellar plate r1 c1 mesh
01:03:29 | INFO: Primitives created: 1
01:03:29 | INFO: Extracting primitive: uesugi-samurai-09 individual front lamellar plate r1 c2 mesh
01:03:29 | INFO: Primitives created: 1
01:03:29 | INFO: Extracting primitive: uesugi-samurai-09 individual front lamellar plate r1 c3 mesh
01:03:29 | INFO: Primitives created: 1
01:03:29 | INFO: Extracting primitive: uesugi-samurai-09 individual front lamellar plate r1 c4 mesh
01:03:29 | INFO: Primitives created: 1
01:03:29 | INFO: Extracting primitive: uesugi-samurai-09 individual front lamellar plate r1 c5 mesh
01:03:29 | INFO: Primitives created: 1
01:03:29 | INFO: Extracting primitive: uesugi-samurai-09 odoshi lacing row 1
01:03:29 | INFO: Primitives created: 1
01:03:29 | INFO: Extracting primitive: uesugi-samurai-09 chipped lacquer highlight r1 -0.16
01:03:29 | INFO: Primitives created: 1
01:03:29 | INFO: Extracting primitive: uesugi-samurai-09 chipped lacquer highlight r1 0.0
01:03:29 | INFO: Primitives created: 1
01:03:29 | INFO: Extracting primitive: uesugi-samurai-09 chipped lacquer highlight r1 0.16
01:03:29 | INFO: Primitives created: 1
01:03:29 | INFO: Extracting primitive: uesugi-samurai-09 individual front lamellar plate r2 c1 mesh
01:03:29 | INFO: Primitives created: 1
01:03:29 | INFO: Extracting primitive: uesugi-samurai-09 individual front lamellar plate r2 c2 mesh
01:03:29 | INFO: Primitives created: 1
01:03:29 | INFO: Extracting primitive: uesugi-samurai-09 individual front lamellar plate r2 c3 mesh
01:03:29 | INFO: Primitives created: 1
01:03:29 | INFO: Extracting primitive: uesugi-samurai-09 individual front lamellar plate r2 c4 mesh
01:03:29 | INFO: Primitives created: 1
01:03:29 | INFO: Extracting primitive: uesugi-samurai-09 individual front lamellar plate r2 c5 mesh
01:03:29 | INFO: Primitives created: 1
01:03:29 | INFO: Extracting primitive: uesugi-samurai-09 odoshi lacing row 2
01:03:29 | INFO: Primitives created: 1
01:03:29 | INFO: Extracting primitive: uesugi-samurai-09 chipped lacquer highlight r2 -0.16
01:03:29 | INFO: Primitives created: 1
01:03:29 | INFO: Extracting primitive: uesugi-samurai-09 chipped lacquer highlight r2 0.0
01:03:29 | INFO: Primitives created: 1
01:03:29 | INFO: Extracting primitive: uesugi-samurai-09 chipped lacquer highlight r2 0.16
01:03:29 | INFO: Primitives created: 1
01:03:29 | INFO: Extracting primitive: uesugi-samurai-09 individual front lamellar plate r3 c1 mesh
01:03:29 | INFO: Primitives created: 1
01:03:29 | INFO: Extracting primitive: uesugi-samurai-09 individual front lamellar plate r3 c2 mesh
01:03:29 | INFO: Primitives created: 1
01:03:29 | INFO: Extracting primitive: uesugi-samurai-09 individual front lamellar plate r3 c3 mesh
01:03:29 | INFO: Primitives created: 1
01:03:29 | INFO: Extracting primitive: uesugi-samurai-09 individual front lamellar plate r3 c4 mesh
01:03:29 | INFO: Primitives created: 1
01:03:29 | INFO: Extracting primitive: uesugi-samurai-09 individual front lamellar plate r3 c5 mesh
01:03:29 | INFO: Primitives created: 1
01:03:29 | INFO: Extracting primitive: uesugi-samurai-09 odoshi lacing row 3
01:03:29 | INFO: Primitives created: 1
01:03:29 | INFO: Extracting primitive: uesugi-samurai-09 chipped lacquer highlight r3 -0.16
01:03:29 | INFO: Primitives created: 1
01:03:29 | INFO: Extracting primitive: uesugi-samurai-09 chipped lacquer highlight r3 0.0
01:03:29 | INFO: Primitives created: 1
01:03:29 | INFO: Extracting primitive: uesugi-samurai-09 chipped lacquer highlight r3 0.16
01:03:29 | INFO: Primitives created: 1
01:03:29 | INFO: Extracting primitive: uesugi-samurai-09 individual front lamellar plate r4 c1 mesh
01:03:29 | INFO: Primitives created: 1
01:03:29 | INFO: Extracting primitive: uesugi-samurai-09 individual front lamellar plate r4 c2 mesh
01:03:29 | INFO: Primitives created: 1
01:03:29 | INFO: Extracting primitive: uesugi-samurai-09 individual front lamellar plate r4 c3 mesh
01:03:29 | INFO: Primitives created: 1
01:03:29 | INFO: Extracting primitive: uesugi-samurai-09 individual front lamellar plate r4 c4 mesh
01:03:29 | INFO: Primitives created: 1
01:03:29 | INFO: Extracting primitive: uesugi-samurai-09 individual front lamellar plate r4 c5 mesh
01:03:29 | INFO: Primitives created: 1
01:03:29 | INFO: Extracting primitive: uesugi-samurai-09 odoshi lacing row 4
01:03:29 | INFO: Primitives created: 1
01:03:29 | INFO: Extracting primitive: uesugi-samurai-09 chipped lacquer highlight r4 -0.16
01:03:29 | INFO: Primitives created: 1
01:03:29 | INFO: Extracting primitive: uesugi-samurai-09 chipped lacquer highlight r4 0.0
01:03:29 | INFO: Primitives created: 1
01:03:29 | INFO: Extracting primitive: uesugi-samurai-09 chipped lacquer highlight r4 0.16
01:03:29 | INFO: Primitives created: 1
01:03:29 | INFO: Extracting primitive: uesugi-samurai-09 rear lamellar back plate r1 c1 mesh
01:03:29 | INFO: Primitives created: 1
01:03:29 | INFO: Extracting primitive: uesugi-samurai-09 rear lamellar back plate r1 c2 mesh
01:03:29 | INFO: Primitives created: 1
01:03:29 | INFO: Extracting primitive: uesugi-samurai-09 rear lamellar back plate r1 c3 mesh
01:03:29 | INFO: Primitives created: 1
01:03:29 | INFO: Extracting primitive: uesugi-samurai-09 rear lamellar back plate r1 c4 mesh
01:03:29 | INFO: Primitives created: 1
01:03:29 | INFO: Extracting primitive: uesugi-samurai-09 rear odoshi lacing row 1
01:03:29 | INFO: Primitives created: 1
01:03:29 | INFO: Extracting primitive: uesugi-samurai-09 rear lamellar back plate r2 c1 mesh
01:03:29 | INFO: Primitives created: 1
01:03:29 | INFO: Extracting primitive: uesugi-samurai-09 rear lamellar back plate r2 c2 mesh
01:03:29 | INFO: Primitives created: 1
01:03:29 | INFO: Extracting primitive: uesugi-samurai-09 rear lamellar back plate r2 c3 mesh
01:03:29 | INFO: Primitives created: 1
01:03:29 | INFO: Extracting primitive: uesugi-samurai-09 rear lamellar back plate r2 c4 mesh
01:03:29 | INFO: Primitives created: 1
01:03:29 | INFO: Extracting primitive: uesugi-samurai-09 rear odoshi lacing row 2
01:03:29 | INFO: Primitives created: 1
01:03:29 | INFO: Extracting primitive: uesugi-samurai-09 rear lamellar back plate r3 c1 mesh
01:03:29 | INFO: Primitives created: 1
01:03:29 | INFO: Extracting primitive: uesugi-samurai-09 rear lamellar back plate r3 c2 mesh
01:03:29 | INFO: Primitives created: 1
01:03:29 | INFO: Extracting primitive: uesugi-samurai-09 rear lamellar back plate r3 c3 mesh
01:03:29 | INFO: Primitives created: 1
01:03:29 | INFO: Extracting primitive: uesugi-samurai-09 rear lamellar back plate r3 c4 mesh
01:03:29 | INFO: Primitives created: 1
01:03:29 | INFO: Extracting primitive: uesugi-samurai-09 rear odoshi lacing row 3
01:03:29 | INFO: Primitives created: 1
01:03:29 | INFO: Extracting primitive: uesugi-samurai-09 rear lamellar back plate r4 c1 mesh
01:03:29 | INFO: Primitives created: 1
01:03:29 | INFO: Extracting primitive: uesugi-samurai-09 rear lamellar back plate r4 c2 mesh
01:03:29 | INFO: Primitives created: 1
01:03:29 | INFO: Extracting primitive: uesugi-samurai-09 rear lamellar back plate r4 c3 mesh
01:03:29 | INFO: Primitives created: 1
01:03:29 | INFO: Extracting primitive: uesugi-samurai-09 rear lamellar back plate r4 c4 mesh
01:03:29 | INFO: Primitives created: 1
01:03:29 | INFO: Extracting primitive: uesugi-samurai-09 rear odoshi lacing row 4
01:03:29 | INFO: Primitives created: 1
01:03:29 | INFO: Extracting primitive: uesugi-samurai-09 rear lacquer edge scratch -0.17
01:03:29 | INFO: Primitives created: 1
01:03:29 | INFO: Extracting primitive: uesugi-samurai-09 rear lacquer edge scratch -0.06
01:03:29 | INFO: Primitives created: 1
01:03:29 | INFO: Extracting primitive: uesugi-samurai-09 rear lacquer edge scratch 0.06
01:03:29 | INFO: Primitives created: 1
01:03:29 | INFO: Extracting primitive: uesugi-samurai-09 rear lacquer edge scratch 0.17
01:03:29 | INFO: Primitives created: 1
01:03:29 | INFO: Extracting primitive: Sphere.351
01:03:29 | INFO: Primitives created: 1
01:03:29 | INFO: Extracting primitive: uesugi-samurai-09 articulated sode shoulder plate -1 1 mesh
01:03:29 | INFO: Primitives created: 1
01:03:29 | INFO: Extracting primitive: uesugi-samurai-09 sode lacing -1 1
01:03:29 | INFO: Primitives created: 1
01:03:29 | INFO: Extracting primitive: uesugi-samurai-09 articulated sode shoulder plate -1 2 mesh
01:03:29 | INFO: Primitives created: 1
01:03:29 | INFO: Extracting primitive: uesugi-samurai-09 sode lacing -1 2
01:03:29 | INFO: Primitives created: 1
01:03:29 | INFO: Extracting primitive: uesugi-samurai-09 articulated sode shoulder plate -1 3 mesh
01:03:29 | INFO: Primitives created: 1
01:03:29 | INFO: Extracting primitive: uesugi-samurai-09 sode lacing -1 3
01:03:29 | INFO: Primitives created: 1
01:03:29 | INFO: Extracting primitive: uesugi-samurai-09 articulated sode shoulder plate -1 4 mesh
01:03:29 | INFO: Primitives created: 1
01:03:29 | INFO: Extracting primitive: uesugi-samurai-09 sode lacing -1 4
01:03:29 | INFO: Primitives created: 1
01:03:29 | INFO: Extracting primitive: Sphere.352
01:03:29 | INFO: Primitives created: 1
01:03:29 | INFO: Extracting primitive: Sphere.353
01:03:29 | INFO: Primitives created: 1
01:03:29 | INFO: Extracting primitive: Sphere.354
01:03:29 | INFO: Primitives created: 1
01:03:29 | INFO: Extracting primitive: Sphere.355
01:03:29 | INFO: Primitives created: 1
01:03:29 | INFO: Extracting primitive: Sphere.356
01:03:29 | INFO: Primitives created: 1
01:03:29 | INFO: Extracting primitive: Cube.096
01:03:29 | INFO: Primitives created: 1
01:03:29 | INFO: Extracting primitive: uesugi-samurai-09 sandal toe strap -1
01:03:29 | INFO: Primitives created: 1
01:03:29 | INFO: Extracting primitive: Sphere.357
01:03:29 | INFO: Primitives created: 1
01:03:29 | INFO: Extracting primitive: uesugi-samurai-09 articulated sode shoulder plate 1 1 mesh
01:03:29 | INFO: Primitives created: 1
01:03:29 | INFO: Extracting primitive: uesugi-samurai-09 sode lacing 1 1
01:03:29 | INFO: Primitives created: 1
01:03:29 | INFO: Extracting primitive: uesugi-samurai-09 articulated sode shoulder plate 1 2 mesh
01:03:29 | INFO: Primitives created: 1
01:03:29 | INFO: Extracting primitive: uesugi-samurai-09 sode lacing 1 2
01:03:29 | INFO: Primitives created: 1
01:03:29 | INFO: Extracting primitive: uesugi-samurai-09 articulated sode shoulder plate 1 3 mesh
01:03:29 | INFO: Primitives created: 1
01:03:29 | INFO: Extracting primitive: uesugi-samurai-09 sode lacing 1 3
01:03:29 | INFO: Primitives created: 1
01:03:29 | INFO: Extracting primitive: uesugi-samurai-09 articulated sode shoulder plate 1 4 mesh
01:03:29 | INFO: Primitives created: 1
01:03:29 | INFO: Extracting primitive: uesugi-samurai-09 sode lacing 1 4
01:03:29 | INFO: Primitives created: 1
01:03:29 | INFO: Extracting primitive: Sphere.358
01:03:29 | INFO: Primitives created: 1
01:03:29 | INFO: Extracting primitive: Sphere.359
01:03:29 | INFO: Primitives created: 1
01:03:29 | INFO: Extracting primitive: Sphere.360
01:03:29 | INFO: Primitives created: 1
01:03:29 | INFO: Extracting primitive: Sphere.361
01:03:29 | INFO: Primitives created: 1
01:03:29 | INFO: Extracting primitive: Sphere.362
01:03:29 | INFO: Primitives created: 1
01:03:29 | INFO: Extracting primitive: Cube.097
01:03:29 | INFO: Primitives created: 1
01:03:29 | INFO: Extracting primitive: uesugi-samurai-09 sandal toe strap 1
01:03:29 | INFO: Primitives created: 1
01:03:29 | INFO: Extracting primitive: uesugi-samurai-09 kusazuri skirt -1 row 1 mesh
01:03:29 | INFO: Primitives created: 1
01:03:29 | INFO: Extracting primitive: uesugi-samurai-09 kusazuri skirt -1 row 2 mesh
01:03:29 | INFO: Primitives created: 1
01:03:29 | INFO: Extracting primitive: uesugi-samurai-09 kusazuri skirt 0 row 1 mesh
01:03:29 | INFO: Primitives created: 1
01:03:29 | INFO: Extracting primitive: uesugi-samurai-09 kusazuri skirt 0 row 2 mesh
01:03:29 | INFO: Primitives created: 1
01:03:29 | INFO: Extracting primitive: uesugi-samurai-09 kusazuri skirt 1 row 1 mesh
01:03:29 | INFO: Primitives created: 1
01:03:29 | INFO: Extracting primitive: uesugi-samurai-09 kusazuri skirt 1 row 2 mesh
01:03:29 | INFO: Primitives created: 1
01:03:29 | INFO: Extracting primitive: uesugi-samurai-09 guard katana blade
01:03:29 | INFO: Primitives created: 1
01:03:29 | INFO: Extracting primitive: Cylinder.019
01:03:29 | INFO: Primitives created: 1
01:03:29 | INFO: Extracting primitive: uesugi-samurai-09 sashimono bamboo pole
01:03:29 | INFO: Primitives created: 1
01:03:29 | INFO: Extracting primitive: uesugi-samurai-09 wind-bent sashimono cloth panel mesh
01:03:29 | INFO: Primitives created: 1
01:03:29 | INFO: Extracting primitive: Sphere.363
01:03:29 | INFO: Primitives created: 1
01:03:29 | INFO: Extracting primitive: Sphere.364
01:03:29 | INFO: Primitives created: 1
01:03:29 | INFO: Extracting primitive: Sphere.365
01:03:29 | INFO: Primitives created: 1
01:03:29 | INFO: Extracting primitive: Sphere.366
01:03:29 | INFO: Primitives created: 1
01:03:29 | INFO: Extracting primitive: Sphere.367
01:03:29 | INFO: Primitives created: 1
01:03:29 | INFO: Extracting primitive: Sphere.368
01:03:29 | INFO: Primitives created: 1
01:03:29 | INFO: Extracting primitive: Cube.098
01:03:29 | INFO: Primitives created: 1
01:03:29 | INFO: Extracting primitive: Sphere.369
01:03:29 | INFO: Primitives created: 1
01:03:29 | INFO: Extracting primitive: Cone.034
01:03:29 | INFO: Primitives created: 1
01:03:29 | INFO: Extracting primitive: uesugi-samurai-10 rear shikoro lamellar neck plate r1 c1 mesh
01:03:29 | INFO: Primitives created: 1
01:03:29 | INFO: Extracting primitive: uesugi-samurai-10 rear shikoro lamellar neck plate r1 c2 mesh
01:03:29 | INFO: Primitives created: 1
01:03:29 | INFO: Extracting primitive: uesugi-samurai-10 rear shikoro lamellar neck plate r1 c3 mesh
01:03:29 | INFO: Primitives created: 1
01:03:29 | INFO: Extracting primitive: uesugi-samurai-10 rear shikoro lamellar neck plate r2 c1 mesh
01:03:29 | INFO: Primitives created: 1
01:03:29 | INFO: Extracting primitive: uesugi-samurai-10 rear shikoro lamellar neck plate r2 c2 mesh
01:03:29 | INFO: Primitives created: 1
01:03:29 | INFO: Extracting primitive: uesugi-samurai-10 rear shikoro lamellar neck plate r2 c3 mesh
01:03:29 | INFO: Primitives created: 1
01:03:29 | INFO: Extracting primitive: uesugi-samurai-10 rear shikoro lamellar neck plate r3 c1 mesh
01:03:29 | INFO: Primitives created: 1
01:03:29 | INFO: Extracting primitive: uesugi-samurai-10 rear shikoro lamellar neck plate r3 c2 mesh
01:03:29 | INFO: Primitives created: 1
01:03:29 | INFO: Extracting primitive: uesugi-samurai-10 rear shikoro lamellar neck plate r3 c3 mesh
01:03:29 | INFO: Primitives created: 1
01:03:29 | INFO: Extracting primitive: uesugi-samurai-10 raised kabuto rib 1
01:03:29 | INFO: Primitives created: 1
01:03:29 | INFO: Extracting primitive: uesugi-samurai-10 raised kabuto rib 2
01:03:29 | INFO: Primitives created: 1
01:03:29 | INFO: Extracting primitive: uesugi-samurai-10 raised kabuto rib 3
01:03:29 | INFO: Primitives created: 1
01:03:29 | INFO: Extracting primitive: uesugi-samurai-10 left antler maedate
01:03:29 | INFO: Primitives created: 1
01:03:29 | INFO: Extracting primitive: uesugi-samurai-10 right antler maedate
01:03:29 | INFO: Primitives created: 1
01:03:29 | INFO: Extracting primitive: uesugi-samurai-10 individual front lamellar plate r1 c1 mesh
01:03:29 | INFO: Primitives created: 1
01:03:29 | INFO: Extracting primitive: uesugi-samurai-10 individual front lamellar plate r1 c2 mesh
01:03:29 | INFO: Primitives created: 1
01:03:29 | INFO: Extracting primitive: uesugi-samurai-10 individual front lamellar plate r1 c3 mesh
01:03:29 | INFO: Primitives created: 1
01:03:29 | INFO: Extracting primitive: uesugi-samurai-10 individual front lamellar plate r1 c4 mesh
01:03:29 | INFO: Primitives created: 1
01:03:29 | INFO: Extracting primitive: uesugi-samurai-10 individual front lamellar plate r1 c5 mesh
01:03:29 | INFO: Primitives created: 1
01:03:29 | INFO: Extracting primitive: uesugi-samurai-10 odoshi lacing row 1
01:03:29 | INFO: Primitives created: 1
01:03:29 | INFO: Extracting primitive: uesugi-samurai-10 chipped lacquer highlight r1 -0.16
01:03:29 | INFO: Primitives created: 1
01:03:29 | INFO: Extracting primitive: uesugi-samurai-10 chipped lacquer highlight r1 0.0
01:03:29 | INFO: Primitives created: 1
01:03:29 | INFO: Extracting primitive: uesugi-samurai-10 chipped lacquer highlight r1 0.16
01:03:29 | INFO: Primitives created: 1
01:03:29 | INFO: Extracting primitive: uesugi-samurai-10 individual front lamellar plate r2 c1 mesh
01:03:29 | INFO: Primitives created: 1
01:03:29 | INFO: Extracting primitive: uesugi-samurai-10 individual front lamellar plate r2 c2 mesh
01:03:29 | INFO: Primitives created: 1
01:03:29 | INFO: Extracting primitive: uesugi-samurai-10 individual front lamellar plate r2 c3 mesh
01:03:29 | INFO: Primitives created: 1
01:03:29 | INFO: Extracting primitive: uesugi-samurai-10 individual front lamellar plate r2 c4 mesh
01:03:29 | INFO: Primitives created: 1
01:03:29 | INFO: Extracting primitive: uesugi-samurai-10 individual front lamellar plate r2 c5 mesh
01:03:29 | INFO: Primitives created: 1
01:03:29 | INFO: Extracting primitive: uesugi-samurai-10 odoshi lacing row 2
01:03:29 | INFO: Primitives created: 1
01:03:29 | INFO: Extracting primitive: uesugi-samurai-10 chipped lacquer highlight r2 -0.16
01:03:29 | INFO: Primitives created: 1
01:03:29 | INFO: Extracting primitive: uesugi-samurai-10 chipped lacquer highlight r2 0.0
01:03:29 | INFO: Primitives created: 1
01:03:29 | INFO: Extracting primitive: uesugi-samurai-10 chipped lacquer highlight r2 0.16
01:03:29 | INFO: Primitives created: 1
01:03:29 | INFO: Extracting primitive: uesugi-samurai-10 individual front lamellar plate r3 c1 mesh
01:03:29 | INFO: Primitives created: 1
01:03:29 | INFO: Extracting primitive: uesugi-samurai-10 individual front lamellar plate r3 c2 mesh
01:03:29 | INFO: Primitives created: 1
01:03:29 | INFO: Extracting primitive: uesugi-samurai-10 individual front lamellar plate r3 c3 mesh
01:03:29 | INFO: Primitives created: 1
01:03:29 | INFO: Extracting primitive: uesugi-samurai-10 individual front lamellar plate r3 c4 mesh
01:03:29 | INFO: Primitives created: 1
01:03:29 | INFO: Extracting primitive: uesugi-samurai-10 individual front lamellar plate r3 c5 mesh
01:03:29 | INFO: Primitives created: 1
01:03:29 | INFO: Extracting primitive: uesugi-samurai-10 odoshi lacing row 3
01:03:29 | INFO: Primitives created: 1
01:03:29 | INFO: Extracting primitive: uesugi-samurai-10 chipped lacquer highlight r3 -0.16
01:03:29 | INFO: Primitives created: 1
01:03:29 | INFO: Extracting primitive: uesugi-samurai-10 chipped lacquer highlight r3 0.0
01:03:29 | INFO: Primitives created: 1
01:03:29 | INFO: Extracting primitive: uesugi-samurai-10 chipped lacquer highlight r3 0.16
01:03:29 | INFO: Primitives created: 1
01:03:29 | INFO: Extracting primitive: uesugi-samurai-10 individual front lamellar plate r4 c1 mesh
01:03:29 | INFO: Primitives created: 1
01:03:29 | INFO: Extracting primitive: uesugi-samurai-10 individual front lamellar plate r4 c2 mesh
01:03:29 | INFO: Primitives created: 1
01:03:29 | INFO: Extracting primitive: uesugi-samurai-10 individual front lamellar plate r4 c3 mesh
01:03:29 | INFO: Primitives created: 1
01:03:29 | INFO: Extracting primitive: uesugi-samurai-10 individual front lamellar plate r4 c4 mesh
01:03:29 | INFO: Primitives created: 1
01:03:29 | INFO: Extracting primitive: uesugi-samurai-10 individual front lamellar plate r4 c5 mesh
01:03:29 | INFO: Primitives created: 1
01:03:29 | INFO: Extracting primitive: uesugi-samurai-10 odoshi lacing row 4
01:03:29 | INFO: Primitives created: 1
01:03:29 | INFO: Extracting primitive: uesugi-samurai-10 chipped lacquer highlight r4 -0.16
01:03:29 | INFO: Primitives created: 1
01:03:29 | INFO: Extracting primitive: uesugi-samurai-10 chipped lacquer highlight r4 0.0
01:03:29 | INFO: Primitives created: 1
01:03:29 | INFO: Extracting primitive: uesugi-samurai-10 chipped lacquer highlight r4 0.16
01:03:29 | INFO: Primitives created: 1
01:03:29 | INFO: Extracting primitive: uesugi-samurai-10 rear lamellar back plate r1 c1 mesh
01:03:29 | INFO: Primitives created: 1
01:03:29 | INFO: Extracting primitive: uesugi-samurai-10 rear lamellar back plate r1 c2 mesh
01:03:29 | INFO: Primitives created: 1
01:03:29 | INFO: Extracting primitive: uesugi-samurai-10 rear lamellar back plate r1 c3 mesh
01:03:29 | INFO: Primitives created: 1
01:03:29 | INFO: Extracting primitive: uesugi-samurai-10 rear lamellar back plate r1 c4 mesh
01:03:29 | INFO: Primitives created: 1
01:03:29 | INFO: Extracting primitive: uesugi-samurai-10 rear odoshi lacing row 1
01:03:29 | INFO: Primitives created: 1
01:03:29 | INFO: Extracting primitive: uesugi-samurai-10 rear lamellar back plate r2 c1 mesh
01:03:29 | INFO: Primitives created: 1
01:03:29 | INFO: Extracting primitive: uesugi-samurai-10 rear lamellar back plate r2 c2 mesh
01:03:29 | INFO: Primitives created: 1
01:03:29 | INFO: Extracting primitive: uesugi-samurai-10 rear lamellar back plate r2 c3 mesh
01:03:29 | INFO: Primitives created: 1
01:03:29 | INFO: Extracting primitive: uesugi-samurai-10 rear lamellar back plate r2 c4 mesh
01:03:29 | INFO: Primitives created: 1
01:03:29 | INFO: Extracting primitive: uesugi-samurai-10 rear odoshi lacing row 2
01:03:29 | INFO: Primitives created: 1
01:03:29 | INFO: Extracting primitive: uesugi-samurai-10 rear lamellar back plate r3 c1 mesh
01:03:29 | INFO: Primitives created: 1
01:03:29 | INFO: Extracting primitive: uesugi-samurai-10 rear lamellar back plate r3 c2 mesh
01:03:29 | INFO: Primitives created: 1
01:03:29 | INFO: Extracting primitive: uesugi-samurai-10 rear lamellar back plate r3 c3 mesh
01:03:29 | INFO: Primitives created: 1
01:03:29 | INFO: Extracting primitive: uesugi-samurai-10 rear lamellar back plate r3 c4 mesh
01:03:29 | INFO: Primitives created: 1
01:03:29 | INFO: Extracting primitive: uesugi-samurai-10 rear odoshi lacing row 3
01:03:29 | INFO: Primitives created: 1
01:03:29 | INFO: Extracting primitive: uesugi-samurai-10 rear lamellar back plate r4 c1 mesh
01:03:29 | INFO: Primitives created: 1
01:03:29 | INFO: Extracting primitive: uesugi-samurai-10 rear lamellar back plate r4 c2 mesh
01:03:29 | INFO: Primitives created: 1
01:03:29 | INFO: Extracting primitive: uesugi-samurai-10 rear lamellar back plate r4 c3 mesh
01:03:29 | INFO: Primitives created: 1
01:03:29 | INFO: Extracting primitive: uesugi-samurai-10 rear lamellar back plate r4 c4 mesh
01:03:29 | INFO: Primitives created: 1
01:03:29 | INFO: Extracting primitive: uesugi-samurai-10 rear odoshi lacing row 4
01:03:29 | INFO: Primitives created: 1
01:03:29 | INFO: Extracting primitive: uesugi-samurai-10 rear lacquer edge scratch -0.17
01:03:29 | INFO: Primitives created: 1
01:03:29 | INFO: Extracting primitive: uesugi-samurai-10 rear lacquer edge scratch -0.06
01:03:29 | INFO: Primitives created: 1
01:03:29 | INFO: Extracting primitive: uesugi-samurai-10 rear lacquer edge scratch 0.06
01:03:29 | INFO: Primitives created: 1
01:03:29 | INFO: Extracting primitive: uesugi-samurai-10 rear lacquer edge scratch 0.17
01:03:29 | INFO: Primitives created: 1
01:03:29 | INFO: Extracting primitive: Sphere.370
01:03:29 | INFO: Primitives created: 1
01:03:29 | INFO: Extracting primitive: uesugi-samurai-10 articulated sode shoulder plate -1 1 mesh
01:03:29 | INFO: Primitives created: 1
01:03:29 | INFO: Extracting primitive: uesugi-samurai-10 sode lacing -1 1
01:03:29 | INFO: Primitives created: 1
01:03:29 | INFO: Extracting primitive: uesugi-samurai-10 articulated sode shoulder plate -1 2 mesh
01:03:29 | INFO: Primitives created: 1
01:03:29 | INFO: Extracting primitive: uesugi-samurai-10 sode lacing -1 2
01:03:29 | INFO: Primitives created: 1
01:03:29 | INFO: Extracting primitive: uesugi-samurai-10 articulated sode shoulder plate -1 3 mesh
01:03:29 | INFO: Primitives created: 1
01:03:29 | INFO: Extracting primitive: uesugi-samurai-10 sode lacing -1 3
01:03:29 | INFO: Primitives created: 1
01:03:29 | INFO: Extracting primitive: uesugi-samurai-10 articulated sode shoulder plate -1 4 mesh
01:03:29 | INFO: Primitives created: 1
01:03:29 | INFO: Extracting primitive: uesugi-samurai-10 sode lacing -1 4
01:03:29 | INFO: Primitives created: 1
01:03:29 | INFO: Extracting primitive: Sphere.371
01:03:29 | INFO: Primitives created: 1
01:03:29 | INFO: Extracting primitive: Sphere.372
01:03:29 | INFO: Primitives created: 1
01:03:29 | INFO: Extracting primitive: Sphere.373
01:03:29 | INFO: Primitives created: 1
01:03:29 | INFO: Extracting primitive: Sphere.374
01:03:29 | INFO: Primitives created: 1
01:03:29 | INFO: Extracting primitive: Sphere.375
01:03:29 | INFO: Primitives created: 1
01:03:29 | INFO: Extracting primitive: Cube.099
01:03:29 | INFO: Primitives created: 1
01:03:29 | INFO: Extracting primitive: uesugi-samurai-10 sandal toe strap -1
01:03:29 | INFO: Primitives created: 1
01:03:29 | INFO: Extracting primitive: Sphere.376
01:03:29 | INFO: Primitives created: 1
01:03:29 | INFO: Extracting primitive: uesugi-samurai-10 articulated sode shoulder plate 1 1 mesh
01:03:29 | INFO: Primitives created: 1
01:03:29 | INFO: Extracting primitive: uesugi-samurai-10 sode lacing 1 1
01:03:29 | INFO: Primitives created: 1
01:03:29 | INFO: Extracting primitive: uesugi-samurai-10 articulated sode shoulder plate 1 2 mesh
01:03:29 | INFO: Primitives created: 1
01:03:29 | INFO: Extracting primitive: uesugi-samurai-10 sode lacing 1 2
01:03:29 | INFO: Primitives created: 1
01:03:29 | INFO: Extracting primitive: uesugi-samurai-10 articulated sode shoulder plate 1 3 mesh
01:03:29 | INFO: Primitives created: 1
01:03:29 | INFO: Extracting primitive: uesugi-samurai-10 sode lacing 1 3
01:03:29 | INFO: Primitives created: 1
01:03:29 | INFO: Extracting primitive: uesugi-samurai-10 articulated sode shoulder plate 1 4 mesh
01:03:29 | INFO: Primitives created: 1
01:03:29 | INFO: Extracting primitive: uesugi-samurai-10 sode lacing 1 4
01:03:29 | INFO: Primitives created: 1
01:03:29 | INFO: Extracting primitive: Sphere.377
01:03:29 | INFO: Primitives created: 1
01:03:29 | INFO: Extracting primitive: Sphere.378
01:03:29 | INFO: Primitives created: 1
01:03:29 | INFO: Extracting primitive: Sphere.379
01:03:29 | INFO: Primitives created: 1
01:03:29 | INFO: Extracting primitive: Sphere.380
01:03:29 | INFO: Primitives created: 1
01:03:29 | INFO: Extracting primitive: Sphere.381
01:03:29 | INFO: Primitives created: 1
01:03:29 | INFO: Extracting primitive: Cube.100
01:03:29 | INFO: Primitives created: 1
01:03:29 | INFO: Extracting primitive: uesugi-samurai-10 sandal toe strap 1
01:03:29 | INFO: Primitives created: 1
01:03:29 | INFO: Extracting primitive: uesugi-samurai-10 kusazuri skirt -1 row 1 mesh
01:03:29 | INFO: Primitives created: 1
01:03:29 | INFO: Extracting primitive: uesugi-samurai-10 kusazuri skirt -1 row 2 mesh
01:03:29 | INFO: Primitives created: 1
01:03:29 | INFO: Extracting primitive: uesugi-samurai-10 kusazuri skirt 0 row 1 mesh
01:03:29 | INFO: Primitives created: 1
01:03:29 | INFO: Extracting primitive: uesugi-samurai-10 kusazuri skirt 0 row 2 mesh
01:03:29 | INFO: Primitives created: 1
01:03:29 | INFO: Extracting primitive: uesugi-samurai-10 kusazuri skirt 1 row 1 mesh
01:03:29 | INFO: Primitives created: 1
01:03:29 | INFO: Extracting primitive: uesugi-samurai-10 kusazuri skirt 1 row 2 mesh
01:03:29 | INFO: Primitives created: 1
01:03:29 | INFO: Extracting primitive: uesugi-samurai-10 yari shaft
01:03:29 | INFO: Primitives created: 1
01:03:29 | INFO: Extracting primitive: Cone.035
01:03:29 | INFO: Primitives created: 1
01:03:29 | INFO: Extracting primitive: uesugi-samurai-10 sashimono bamboo pole
01:03:29 | INFO: Primitives created: 1
01:03:29 | INFO: Extracting primitive: uesugi-samurai-10 wind-bent sashimono cloth panel mesh
01:03:29 | INFO: Primitives created: 1
01:03:29 | INFO: Extracting primitive: Sphere.382
01:03:29 | INFO: Primitives created: 1
01:03:29 | INFO: Extracting primitive: Sphere.383
01:03:29 | INFO: Primitives created: 1
01:03:29 | INFO: Extracting primitive: Cube.101
01:03:29 | INFO: Primitives created: 1
01:03:29 | INFO: Extracting primitive: Cube.102
01:03:29 | INFO: Primitives created: 1
01:03:29 | INFO: Extracting primitive: Cube.103
01:03:29 | INFO: Primitives created: 1
01:03:30 | INFO: Finished glTF 2.0 export in 1.6587131023406982 s
00:47.887  render           | Saved: '/Users/marcus/Documents/Github/asset-foundry/outputs/asset-1782108163124-4d8309bd/samurai_battlefield_wide_clash.png'
00:48.612  render           | Saved: '/Users/marcus/Documents/Github/asset-foundry/outputs/asset-1782108163124-4d8309bd/samurai_battlefield_overhead_layout.png'
00:49.376  render           | Saved: '/Users/marcus/Documents/Github/asset-foundry/outputs/asset-1782108163124-4d8309bd/samurai_battlefield_takeda_line.png'
00:50.073  render           | Saved: '/Users/marcus/Documents/Github/asset-foundry/outputs/asset-1782108163124-4d8309bd/samurai_battlefield_uesugi_line.png'
00:50.797  render           | Saved: '/Users/marcus/Documents/Github/asset-foundry/outputs/asset-1782108163124-4d8309bd/samurai_battlefield_center_meeting.png'

Blender 5.1.2 (hash ec6e62d40fa9 built 2026-05-19 01:30:33)

Blender quit
Error: Not freed memory blocks: 1, total unfreed memory 0.062584 MB
