ERROR (bke.modifier): ./source/blender/blenkernel/intern/modifier.cc:458 BKE_modifier_set_error: Object: "matte charcoal inspection plinth", Modifier: "weighted normals", Enable 'Auto Smooth' in Object Data Properties
ERROR (bke.modifier): ./source/blender/blenkernel/intern/modifier.cc:458 BKE_modifier_set_error: Object: "ribcage under-kimono volume", Modifier: "weighted normals", Enable 'Auto Smooth' in Object Data Properties
ERROR (bke.modifier): ./source/blender/blenkernel/intern/modifier.cc:458 BKE_modifier_set_error: Object: "narrow waist under-kimono volume", Modifier: "weighted normals", Enable 'Auto Smooth' in Object Data Properties
ERROR (bke.modifier): ./source/blender/blenkernel/intern/modifier.cc:458 BKE_modifier_set_error: Object: "visible human forehead behind mempo", Modifier: "weighted normals", Enable 'Auto Smooth' in Object Data Properties
ERROR (bke.modifier): ./source/blender/blenkernel/intern/modifier.cc:458 BKE_modifier_set_error: Object: "thin exposed neck", Modifier: "weighted normals", Enable 'Auto Smooth' in Object Data Properties
ERROR (bke.modifier): ./source/blender/blenkernel/intern/modifier.cc:458 BKE_modifier_set_error: Object: "neck guard collar", Modifier: "weighted normals", Enable 'Auto Smooth' in Object Data Properties
ERROR (bke.modifier): ./source/blender/blenkernel/intern/modifier.cc:458 BKE_modifier_set_error: Object: "segmented kabuto helmet bowl", Modifier: "weighted normals", Enable 'Auto Smooth' in Object Data Properties
ERROR (bke.modifier): ./source/blender/blenkernel/intern/modifier.cc:458 BKE_modifier_set_error: Object: "wide kabuto brim", Modifier: "weighted normals", Enable 'Auto Smooth' in Object Data Properties
ERROR (bke.modifier): ./source/blender/blenkernel/intern/modifier.cc:458 BKE_modifier_set_error: Object: "layered rear shikoro neck guard", Modifier: "weighted normals", Enable 'Auto Smooth' in Object Data Properties
ERROR (bke.modifier): ./source/blender/blenkernel/intern/modifier.cc:458 BKE_modifier_set_error: Object: "left side helmet flange", Modifier: "weighted normals", Enable 'Auto Smooth' in Object Data Properties
ERROR (bke.modifier): ./source/blender/blenkernel/intern/modifier.cc:458 BKE_modifier_set_error: Object: "right side helmet flange", Modifier: "weighted normals", Enable 'Auto Smooth' in Object Data Properties
ERROR (bke.modifier): ./source/blender/blenkernel/intern/modifier.cc:458 BKE_modifier_set_error: Object: "crest central rivet", Modifier: "weighted normals", Enable 'Auto Smooth' in Object Data Properties
ERROR (bke.modifier): ./source/blender/blenkernel/intern/modifier.cc:458 BKE_modifier_set_error: Object: "left angular mempo cheek plate", Modifier: "weighted normals", Enable 'Auto Smooth' in Object Data Properties
ERROR (bke.modifier): ./source/blender/blenkernel/intern/modifier.cc:458 BKE_modifier_set_error: Object: "right angular mempo cheek plate", Modifier: "weighted normals", Enable 'Auto Smooth' in Object Data Properties
ERROR (bke.modifier): ./source/blender/blenkernel/intern/modifier.cc:458 BKE_modifier_set_error: Object: "mempo chin guard", Modifier: "weighted normals", Enable 'Auto Smooth' in Object Data Properties
ERROR (bke.modifier): ./source/blender/blenkernel/intern/modifier.cc:458 BKE_modifier_set_error: Object: "mempo nose ridge", Modifier: "weighted normals", Enable 'Auto Smooth' in Object Data Properties
ERROR (bke.modifier): ./source/blender/blenkernel/intern/modifier.cc:458 BKE_modifier_set_error: Object: "left narrow eye slit", Modifier: "weighted normals", Enable 'Auto Smooth' in Object Data Properties
ERROR (bke.modifier): ./source/blender/blenkernel/intern/modifier.cc:458 BKE_modifier_set_error: Object: "right narrow eye slit", Modifier: "weighted normals", Enable 'Auto Smooth' in Object Data Properties
ERROR (bke.modifier): ./source/blender/blenkernel/intern/modifier.cc:458 BKE_modifier_set_error: Object: "mempo grim mouth slit", Modifier: "weighted normals", Enable 'Auto Smooth' in Object Data Properties
ERROR (bke.modifier): ./source/blender/blenkernel/intern/modifier.cc:458 BKE_modifier_set_error: Object: "throat guard row 1 bevelled lamellar plate 01", Modifier: "weighted normals", Enable 'Auto Smooth' in Object Data Properties
ERROR (bke.modifier): ./source/blender/blenkernel/intern/modifier.cc:458 BKE_modifier_set_error: Object: "throat guard row 1 bevelled lamellar plate 02", Modifier: "weighted normals", Enable 'Auto Smooth' in Object Data Properties
ERROR (bke.modifier): ./source/blender/blenkernel/intern/modifier.cc:458 BKE_modifier_set_error: Object: "throat guard row 1 bevelled lamellar plate 03", Modifier: "weighted normals", Enable 'Auto Smooth' in Object Data Properties
ERROR (bke.modifier): ./source/blender/blenkernel/intern/modifier.cc:458 BKE_modifier_set_error: Object: "throat guard row 1 bevelled lamellar plate 04", Modifier: "weighted normals", Enable 'Auto Smooth' in Object Data Properties
ERROR (bke.modifier): ./source/blender/blenkernel/intern/modifier.cc:458 BKE_modifier_set_error: Object: "throat guard row 1 bevelled lamellar plate 05", Modifier: "weighted normals", Enable 'Auto Smooth' in Object Data Properties
ERROR (bke.modifier): ./source/blender/blenkernel/intern/modifier.cc:458 BKE_modifier_set_error: Object: "throat guard row 2 bevelled lamellar plate 01", Modifier: "weighted normals", Enable 'Auto Smooth' in Object Data Properties
ERROR (bke.modifier): ./source/blender/blenkernel/intern/modifier.cc:458 BKE_modifier_set_error: Object: "throat guard row 2 bevelled lamellar plate 02", Modifier: "weighted normals", Enable 'Auto Smooth' in Object Data Properties
ERROR (bke.modifier): ./source/blender/blenkernel/intern/modifier.cc:458 BKE_modifier_set_error: Object: "throat guard row 2 bevelled lamellar plate 03", Modifier: "weighted normals", Enable 'Auto Smooth' in Object Data Properties
ERROR (bke.modifier): ./source/blender/blenkernel/intern/modifier.cc:458 BKE_modifier_set_error: Object: "throat guard row 2 bevelled lamellar plate 04", Modifier: "weighted normals", Enable 'Auto Smooth' in Object Data Properties
ERROR (bke.modifier): ./source/blender/blenkernel/intern/modifier.cc:458 BKE_modifier_set_error: Object: "throat guard row 2 bevelled lamellar plate 05", Modifier: "weighted normals", Enable 'Auto Smooth' in Object Data Properties
ERROR (bke.modifier): ./source/blender/blenkernel/intern/modifier.cc:458 BKE_modifier_set_error: Object: "throat guard row 3 bevelled lamellar plate 01", Modifier: "weighted normals", Enable 'Auto Smooth' in Object Data Properties
ERROR (bke.modifier): ./source/blender/blenkernel/intern/modifier.cc:458 BKE_modifier_set_error: Object: "throat guard row 3 bevelled lamellar plate 02", Modifier: "weighted normals", Enable 'Auto Smooth' in Object Data Properties
ERROR (bke.modifier): ./source/blender/blenkernel/intern/modifier.cc:458 BKE_modifier_set_error: Object: "throat guard row 3 bevelled lamellar plate 03", Modifier: "weighted normals", Enable 'Auto Smooth' in Object Data Properties
ERROR (bke.modifier): ./source/blender/blenkernel/intern/modifier.cc:458 BKE_modifier_set_error: Object: "throat guard row 3 bevelled lamellar plate 04", Modifier: "weighted normals", Enable 'Auto Smooth' in Object Data Properties
ERROR (bke.modifier): ./source/blender/blenkernel/intern/modifier.cc:458 BKE_modifier_set_error: Object: "throat guard row 3 bevelled lamellar plate 05", Modifier: "weighted normals", Enable 'Auto Smooth' in Object Data Properties
ERROR (bke.modifier): ./source/blender/blenkernel/intern/modifier.cc:458 BKE_modifier_set_error: Object: "front under-kimono chest panel", Modifier: "weighted normals", Enable 'Auto Smooth' in Object Data Properties
ERROR (bke.modifier): ./source/blender/blenkernel/intern/modifier.cc:458 BKE_modifier_set_error: Object: "rear under-kimono back panel", Modifier: "weighted normals", Enable 'Auto Smooth' in Object Data Properties
ERROR (bke.modifier): ./source/blender/blenkernel/intern/modifier.cc:458 BKE_modifier_set_error: Object: "upper do cuirass fitted shell", Modifier: "weighted normals", Enable 'Auto Smooth' in Object Data Properties
ERROR (bke.modifier): ./source/blender/blenkernel/intern/modifier.cc:458 BKE_modifier_set_error: Object: "lower do cuirass narrowed shell", Modifier: "weighted normals", Enable 'Auto Smooth' in Object Data Properties
ERROR (bke.modifier): ./source/blender/blenkernel/intern/modifier.cc:458 BKE_modifier_set_error: Object: "front cuirass row 1 bevelled lamellar plate 01", Modifier: "weighted normals", Enable 'Auto Smooth' in Object Data Properties
ERROR (bke.modifier): ./source/blender/blenkernel/intern/modifier.cc:458 BKE_modifier_set_error: Object: "front cuirass row 1 bevelled lamellar plate 02", Modifier: "weighted normals", Enable 'Auto Smooth' in Object Data Properties
ERROR (bke.modifier): ./source/blender/blenkernel/intern/modifier.cc:458 BKE_modifier_set_error: Object: "front cuirass row 1 bevelled lamellar plate 03", Modifier: "weighted normals", Enable 'Auto Smooth' in Object Data Properties
ERROR (bke.modifier): ./source/blender/blenkernel/intern/modifier.cc:458 BKE_modifier_set_error: Object: "front cuirass row 1 bevelled lamellar plate 04", Modifier: "weighted normals", Enable 'Auto Smooth' in Object Data Properties
ERROR (bke.modifier): ./source/blender/blenkernel/intern/modifier.cc:458 BKE_modifier_set_error: Object: "front cuirass row 1 bevelled lamellar plate 05", Modifier: "weighted normals", Enable 'Auto Smooth' in Object Data Properties
ERROR (bke.modifier): ./source/blender/blenkernel/intern/modifier.cc:458 BKE_modifier_set_error: Object: "front cuirass row 1 bevelled lamellar plate 06", Modifier: "weighted normals", Enable 'Auto Smooth' in Object Data Properties
ERROR (bke.modifier): ./source/blender/blenkernel/intern/modifier.cc:458 BKE_modifier_set_error: Object: "front cuirass row 1 bevelled lamellar plate 07", Modifier: "weighted normals", Enable 'Auto Smooth' in Object Data Properties
ERROR (bke.modifier): ./source/blender/blenkernel/intern/modifier.cc:458 BKE_modifier_set_error: Object: "front cuirass row 1 bevelled lamellar plate 08", Modifier: "weighted normals", Enable 'Auto Smooth' in Object Data Properties
ERROR (bke.modifier): ./source/blender/blenkernel/intern/modifier.cc:458 BKE_modifier_set_error: Object: "rear cuirass row 1 bevelled lamellar plate 01", Modifier: "weighted normals", Enable 'Auto Smooth' in Object Data Properties
ERROR (bke.modifier): ./source/blender/blenkernel/intern/modifier.cc:458 BKE_modifier_set_error: Object: "rear cuirass row 1 bevelled lamellar plate 02", Modifier: "weighted normals", Enable 'Auto Smooth' in Object Data Properties
ERROR (bke.modifier): ./source/blender/blenkernel/intern/modifier.cc:458 BKE_modifier_set_error: Object: "rear cuirass row 1 bevelled lamellar plate 03", Modifier: "weighted normals", Enable 'Auto Smooth' in Object Data Properties
ERROR (bke.modifier): ./source/blender/blenkernel/intern/modifier.cc:458 BKE_modifier_set_error: Object: "rear cuirass row 1 bevelled lamellar plate 04", Modifier: "weighted normals", Enable 'Auto Smooth' in Object Data Properties
ERROR (bke.modifier): ./source/blender/blenkernel/intern/modifier.cc:458 BKE_modifier_set_error: Object: "rear cuirass row 1 bevelled lamellar plate 05", Modifier: "weighted normals", Enable 'Auto Smooth' in Object Data Properties
ERROR (bke.modifier): ./source/blender/blenkernel/intern/modifier.cc:458 BKE_modifier_set_error: Object: "rear cuirass row 1 bevelled lamellar plate 06", Modifier: "weighted normals", Enable 'Auto Smooth' in Object Data Properties
ERROR (bke.modifier): ./source/blender/blenkernel/intern/modifier.cc:458 BKE_modifier_set_error: Object: "rear cuirass row 1 bevelled lamellar plate 07", Modifier: "weighted normals", Enable 'Auto Smooth' in Object Data Properties
ERROR (bke.modifier): ./source/blender/blenkernel/intern/modifier.cc:458 BKE_modifier_set_error: Object: "rear cuirass row 1 bevelled lamellar plate 08", Modifier: "weighted normals", Enable 'Auto Smooth' in Object Data Properties
ERROR (bke.modifier): ./source/blender/blenkernel/intern/modifier.cc:458 BKE_modifier_set_error: Object: "front cuirass row 2 bevelled lamellar plate 01", Modifier: "weighted normals", Enable 'Auto Smooth' in Object Data Properties
ERROR (bke.modifier): ./source/blender/blenkernel/intern/modifier.cc:458 BKE_modifier_set_error: Object: "front cuirass row 2 bevelled lamellar plate 02", Modifier: "weighted normals", Enable 'Auto Smooth' in Object Data Properties
ERROR (bke.modifier): ./source/blender/blenkernel/intern/modifier.cc:458 BKE_modifier_set_error: Object: "front cuirass row 2 bevelled lamellar plate 03", Modifier: "weighted normals", Enable 'Auto Smooth' in Object Data Properties
ERROR (bke.modifier): ./source/blender/blenkernel/intern/modifier.cc:458 BKE_modifier_set_error: Object: "front cuirass row 2 bevelled lamellar plate 04", Modifier: "weighted normals", Enable 'Auto Smooth' in Object Data Properties
ERROR (bke.modifier): ./source/blender/blenkernel/intern/modifier.cc:458 BKE_modifier_set_error: Object: "front cuirass row 2 bevelled lamellar plate 05", Modifier: "weighted normals", Enable 'Auto Smooth' in Object Data Properties
ERROR (bke.modifier): ./source/blender/blenkernel/intern/modifier.cc:458 BKE_modifier_set_error: Object: "front cuirass row 2 bevelled lamellar plate 06", Modifier: "weighted normals", Enable 'Auto Smooth' in Object Data Properties
ERROR (bke.modifier): ./source/blender/blenkernel/intern/modifier.cc:458 BKE_modifier_set_error: Object: "front cuirass row 2 bevelled lamellar plate 07", Modifier: "weighted normals", Enable 'Auto Smooth' in Object Data Properties
ERROR (bke.modifier): ./source/blender/blenkernel/intern/modifier.cc:458 BKE_modifier_set_error: Object: "front cuirass row 2 bevelled lamellar plate 08", Modifier: "weighted normals", Enable 'Auto Smooth' in Object Data Properties
ERROR (bke.modifier): ./source/blender/blenkernel/intern/modifier.cc:458 BKE_modifier_set_error: Object: "rear cuirass row 2 bevelled lamellar plate 01", Modifier: "weighted normals", Enable 'Auto Smooth' in Object Data Properties
ERROR (bke.modifier): ./source/blender/blenkernel/intern/modifier.cc:458 BKE_modifier_set_error: Object: "rear cuirass row 2 bevelled lamellar plate 02", Modifier: "weighted normals", Enable 'Auto Smooth' in Object Data Properties
ERROR (bke.modifier): ./source/blender/blenkernel/intern/modifier.cc:458 BKE_modifier_set_error: Object: "rear cuirass row 2 bevelled lamellar plate 03", Modifier: "weighted normals", Enable 'Auto Smooth' in Object Data Properties
ERROR (bke.modifier): ./source/blender/blenkernel/intern/modifier.cc:458 BKE_modifier_set_error: Object: "rear cuirass row 2 bevelled lamellar plate 04", Modifier: "weighted normals", Enable 'Auto Smooth' in Object Data Properties
ERROR (bke.modifier): ./source/blender/blenkernel/intern/modifier.cc:458 BKE_modifier_set_error: Object: "rear cuirass row 2 bevelled lamellar plate 05", Modifier: "weighted normals", Enable 'Auto Smooth' in Object Data Properties
ERROR (bke.modifier): ./source/blender/blenkernel/intern/modifier.cc:458 BKE_modifier_set_error: Object: "rear cuirass row 2 bevelled lamellar plate 06", Modifier: "weighted normals", Enable 'Auto Smooth' in Object Data Properties
ERROR (bke.modifier): ./source/blender/blenkernel/intern/modifier.cc:458 BKE_modifier_set_error: Object: "rear cuirass row 2 bevelled lamellar plate 07", Modifier: "weighted normals", Enable 'Auto Smooth' in Object Data Properties
ERROR (bke.modifier): ./source/blender/blenkernel/intern/modifier.cc:458 BKE_modifier_set_error: Object: "rear cuirass row 2 bevelled lamellar plate 08", Modifier: "weighted normals", Enable 'Auto Smooth' in Object Data Properties
ERROR (bke.modifier): ./source/blender/blenkernel/intern/modifier.cc:458 BKE_modifier_set_error: Object: "front cuirass row 3 bevelled lamellar plate 01", Modifier: "weighted normals", Enable 'Auto Smooth' in Object Data Properties
ERROR (bke.modifier): ./source/blender/blenkernel/intern/modifier.cc:458 BKE_modifier_set_error: Object: "front cuirass row 3 bevelled lamellar plate 02", Modifier: "weighted normals", Enable 'Auto Smooth' in Object Data Properties
ERROR (bke.modifier): ./source/blender/blenkernel/intern/modifier.cc:458 BKE_modifier_set_error: Object: "front cuirass row 3 bevelled lamellar plate 03", Modifier: "weighted normals", Enable 'Auto Smooth' in Object Data Properties
ERROR (bke.modifier): ./source/blender/blenkernel/intern/modifier.cc:458 BKE_modifier_set_error: Object: "front cuirass row 3 bevelled lamellar plate 04", Modifier: "weighted normals", Enable 'Auto Smooth' in Object Data Properties
ERROR (bke.modifier): ./source/blender/blenkernel/intern/modifier.cc:458 BKE_modifier_set_error: Object: "front cuirass row 3 bevelled lamellar plate 05", Modifier: "weighted normals", Enable 'Auto Smooth' in Object Data Properties
ERROR (bke.modifier): ./source/blender/blenkernel/intern/modifier.cc:458 BKE_modifier_set_error: Object: "front cuirass row 3 bevelled lamellar plate 06", Modifier: "weighted normals", Enable 'Auto Smooth' in Object Data Properties
ERROR (bke.modifier): ./source/blender/blenkernel/intern/modifier.cc:458 BKE_modifier_set_error: Object: "front cuirass row 3 bevelled lamellar plate 07", Modifier: "weighted normals", Enable 'Auto Smooth' in Object Data Properties
ERROR (bke.modifier): ./source/blender/blenkernel/intern/modifier.cc:458 BKE_modifier_set_error: Object: "front cuirass row 3 bevelled lamellar plate 08", Modifier: "weighted normals", Enable 'Auto Smooth' in Object Data Properties
ERROR (bke.modifier): ./source/blender/blenkernel/intern/modifier.cc:458 BKE_modifier_set_error: Object: "rear cuirass row 3 bevelled lamellar plate 01", Modifier: "weighted normals", Enable 'Auto Smooth' in Object Data Properties
ERROR (bke.modifier): ./source/blender/blenkernel/intern/modifier.cc:458 BKE_modifier_set_error: Object: "rear cuirass row 3 bevelled lamellar plate 02", Modifier: "weighted normals", Enable 'Auto Smooth' in Object Data Properties
ERROR (bke.modifier): ./source/blender/blenkernel/intern/modifier.cc:458 BKE_modifier_set_error: Object: "rear cuirass row 3 bevelled lamellar plate 03", Modifier: "weighted normals", Enable 'Auto Smooth' in Object Data Properties
ERROR (bke.modifier): ./source/blender/blenkernel/intern/modifier.cc:458 BKE_modifier_set_error: Object: "rear cuirass row 3 bevelled lamellar plate 04", Modifier: "weighted normals", Enable 'Auto Smooth' in Object Data Properties
ERROR (bke.modifier): ./source/blender/blenkernel/intern/modifier.cc:458 BKE_modifier_set_error: Object: "rear cuirass row 3 bevelled lamellar plate 05", Modifier: "weighted normals", Enable 'Auto Smooth' in Object Data Properties
ERROR (bke.modifier): ./source/blender/blenkernel/intern/modifier.cc:458 BKE_modifier_set_error: Object: "rear cuirass row 3 bevelled lamellar plate 06", Modifier: "weighted normals", Enable 'Auto Smooth' in Object Data Properties
ERROR (bke.modifier): ./source/blender/blenkernel/intern/modifier.cc:458 BKE_modifier_set_error: Object: "rear cuirass row 3 bevelled lamellar plate 07", Modifier: "weighted normals", Enable 'Auto Smooth' in Object Data Properties
ERROR (bke.modifier): ./source/blender/blenkernel/intern/modifier.cc:458 BKE_modifier_set_error: Object: "rear cuirass row 3 bevelled lamellar plate 08", Modifier: "weighted normals", Enable 'Auto Smooth' in Object Data Properties
ERROR (bke.modifier): ./source/blender/blenkernel/intern/modifier.cc:458 BKE_modifier_set_error: Object: "front cuirass row 4 bevelled lamellar plate 01", Modifier: "weighted normals", Enable 'Auto Smooth' in Object Data Properties
ERROR (bke.modifier): ./source/blender/blenkernel/intern/modifier.cc:458 BKE_modifier_set_error: Object: "front cuirass row 4 bevelled lamellar plate 02", Modifier: "weighted normals", Enable 'Auto Smooth' in Object Data Properties
ERROR (bke.modifier): ./source/blender/blenkernel/intern/modifier.cc:458 BKE_modifier_set_error: Object: "front cuirass row 4 bevelled lamellar plate 03", Modifier: "weighted normals", Enable 'Auto Smooth' in Object Data Properties
ERROR (bke.modifier): ./source/blender/blenkernel/intern/modifier.cc:458 BKE_modifier_set_error: Object: "front cuirass row 4 bevelled lamellar plate 04", Modifier: "weighted normals", Enable 'Auto Smooth' in Object Data Properties
ERROR (bke.modifier): ./source/blender/blenkernel/intern/modifier.cc:458 BKE_modifier_set_error: Object: "front cuirass row 4 bevelled lamellar plate 05", Modifier: "weighted normals", Enable 'Auto Smooth' in Object Data Properties
ERROR (bke.modifier): ./source/blender/blenkernel/intern/modifier.cc:458 BKE_modifier_set_error: Object: "front cuirass row 4 bevelled lamellar plate 06", Modifier: "weighted normals", Enable 'Auto Smooth' in Object Data Properties
ERROR (bke.modifier): ./source/blender/blenkernel/intern/modifier.cc:458 BKE_modifier_set_error: Object: "front cuirass row 4 bevelled lamellar plate 07", Modifier: "weighted normals", Enable 'Auto Smooth' in Object Data Properties
ERROR (bke.modifier): ./source/blender/blenkernel/intern/modifier.cc:458 BKE_modifier_set_error: Object: "front cuirass row 4 bevelled lamellar plate 08", Modifier: "weighted normals", Enable 'Auto Smooth' in Object Data Properties
ERROR (bke.modifier): ./source/blender/blenkernel/intern/modifier.cc:458 BKE_modifier_set_error: Object: "rear cuirass row 4 bevelled lamellar plate 01", Modifier: "weighted normals", Enable 'Auto Smooth' in Object Data Properties
ERROR (bke.modifier): ./source/blender/blenkernel/intern/modifier.cc:458 BKE_modifier_set_error: Object: "rear cuirass row 4 bevelled lamellar plate 02", Modifier: "weighted normals", Enable 'Auto Smooth' in Object Data Properties
ERROR (bke.modifier): ./source/blender/blenkernel/intern/modifier.cc:458 BKE_modifier_set_error: Object: "rear cuirass row 4 bevelled lamellar plate 03", Modifier: "weighted normals", Enable 'Auto Smooth' in Object Data Properties
ERROR (bke.modifier): ./source/blender/blenkernel/intern/modifier.cc:458 BKE_modifier_set_error: Object: "rear cuirass row 4 bevelled lamellar plate 04", Modifier: "weighted normals", Enable 'Auto Smooth' in Object Data Properties
ERROR (bke.modifier): ./source/blender/blenkernel/intern/modifier.cc:458 BKE_modifier_set_error: Object: "rear cuirass row 4 bevelled lamellar plate 05", Modifier: "weighted normals", Enable 'Auto Smooth' in Object Data Properties
ERROR (bke.modifier): ./source/blender/blenkernel/intern/modifier.cc:458 BKE_modifier_set_error: Object: "rear cuirass row 4 bevelled lamellar plate 06", Modifier: "weighted normals", Enable 'Auto Smooth' in Object Data Properties
ERROR (bke.modifier): ./source/blender/blenkernel/intern/modifier.cc:458 BKE_modifier_set_error: Object: "rear cuirass row 4 bevelled lamellar plate 07", Modifier: "weighted normals", Enable 'Auto Smooth' in Object Data Properties
ERROR (bke.modifier): ./source/blender/blenkernel/intern/modifier.cc:458 BKE_modifier_set_error: Object: "rear cuirass row 4 bevelled lamellar plate 08", Modifier: "weighted normals", Enable 'Auto Smooth' in Object Data Properties
ERROR (bke.modifier): ./source/blender/blenkernel/intern/modifier.cc:458 BKE_modifier_set_error: Object: "front cuirass row 5 bevelled lamellar plate 01", Modifier: "weighted normals", Enable 'Auto Smooth' in Object Data Properties
ERROR (bke.modifier): ./source/blender/blenkernel/intern/modifier.cc:458 BKE_modifier_set_error: Object: "front cuirass row 5 bevelled lamellar plate 02", Modifier: "weighted normals", Enable 'Auto Smooth' in Object Data Properties
ERROR (bke.modifier): ./source/blender/blenkernel/intern/modifier.cc:458 BKE_modifier_set_error: Object: "front cuirass row 5 bevelled lamellar plate 03", Modifier: "weighted normals", Enable 'Auto Smooth' in Object Data Properties
ERROR (bke.modifier): ./source/blender/blenkernel/intern/modifier.cc:458 BKE_modifier_set_error: Object: "front cuirass row 5 bevelled lamellar plate 04", Modifier: "weighted normals", Enable 'Auto Smooth' in Object Data Properties
ERROR (bke.modifier): ./source/blender/blenkernel/intern/modifier.cc:458 BKE_modifier_set_error: Object: "front cuirass row 5 bevelled lamellar plate 05", Modifier: "weighted normals", Enable 'Auto Smooth' in Object Data Properties
ERROR (bke.modifier): ./source/blender/blenkernel/intern/modifier.cc:458 BKE_modifier_set_error: Object: "front cuirass row 5 bevelled lamellar plate 06", Modifier: "weighted normals", Enable 'Auto Smooth' in Object Data Properties
ERROR (bke.modifier): ./source/blender/blenkernel/intern/modifier.cc:458 BKE_modifier_set_error: Object: "front cuirass row 5 bevelled lamellar plate 07", Modifier: "weighted normals", Enable 'Auto Smooth' in Object Data Properties
ERROR (bke.modifier): ./source/blender/blenkernel/intern/modifier.cc:458 BKE_modifier_set_error: Object: "front cuirass row 5 bevelled lamellar plate 08", Modifier: "weighted normals", Enable 'Auto Smooth' in Object Data Properties
ERROR (bke.modifier): ./source/blender/blenkernel/intern/modifier.cc:458 BKE_modifier_set_error: Object: "rear cuirass row 5 bevelled lamellar plate 01", Modifier: "weighted normals", Enable 'Auto Smooth' in Object Data Properties
ERROR (bke.modifier): ./source/blender/blenkernel/intern/modifier.cc:458 BKE_modifier_set_error: Object: "rear cuirass row 5 bevelled lamellar plate 02", Modifier: "weighted normals", Enable 'Auto Smooth' in Object Data Properties
ERROR (bke.modifier): ./source/blender/blenkernel/intern/modifier.cc:458 BKE_modifier_set_error: Object: "rear cuirass row 5 bevelled lamellar plate 03", Modifier: "weighted normals", Enable 'Auto Smooth' in Object Data Properties
ERROR (bke.modifier): ./source/blender/blenkernel/intern/modifier.cc:458 BKE_modifier_set_error: Object: "rear cuirass row 5 bevelled lamellar plate 04", Modifier: "weighted normals", Enable 'Auto Smooth' in Object Data Properties
ERROR (bke.modifier): ./source/blender/blenkernel/intern/modifier.cc:458 BKE_modifier_set_error: Object: "rear cuirass row 5 bevelled lamellar plate 05", Modifier: "weighted normals", Enable 'Auto Smooth' in Object Data Properties
ERROR (bke.modifier): ./source/blender/blenkernel/intern/modifier.cc:458 BKE_modifier_set_error: Object: "rear cuirass row 5 bevelled lamellar plate 06", Modifier: "weighted normals", Enable 'Auto Smooth' in Object Data Properties
ERROR (bke.modifier): ./source/blender/blenkernel/intern/modifier.cc:458 BKE_modifier_set_error: Object: "rear cuirass row 5 bevelled lamellar plate 07", Modifier: "weighted normals", Enable 'Auto Smooth' in Object Data Properties
ERROR (bke.modifier): ./source/blender/blenkernel/intern/modifier.cc:458 BKE_modifier_set_error: Object: "rear cuirass row 5 bevelled lamellar plate 08", Modifier: "weighted normals", Enable 'Auto Smooth' in Object Data Properties
ERROR (bke.modifier): ./source/blender/blenkernel/intern/modifier.cc:458 BKE_modifier_set_error: Object: "left side cuirass plate 1", Modifier: "weighted normals", Enable 'Auto Smooth' in Object Data Properties
ERROR (bke.modifier): ./source/blender/blenkernel/intern/modifier.cc:458 BKE_modifier_set_error: Object: "left side cuirass plate 2", Modifier: "weighted normals", Enable 'Auto Smooth' in Object Data Properties
ERROR (bke.modifier): ./source/blender/blenkernel/intern/modifier.cc:458 BKE_modifier_set_error: Object: "left side cuirass plate 3", Modifier: "weighted normals", Enable 'Auto Smooth' in Object Data Properties
ERROR (bke.modifier): ./source/blender/blenkernel/intern/modifier.cc:458 BKE_modifier_set_error: Object: "right side cuirass plate 1", Modifier: "weighted normals", Enable 'Auto Smooth' in Object Data Properties
ERROR (bke.modifier): ./source/blender/blenkernel/intern/modifier.cc:458 BKE_modifier_set_error: Object: "right side cuirass plate 2", Modifier: "weighted normals", Enable 'Auto Smooth' in Object Data Properties
ERROR (bke.modifier): ./source/blender/blenkernel/intern/modifier.cc:458 BKE_modifier_set_error: Object: "right side cuirass plate 3", Modifier: "weighted normals", Enable 'Auto Smooth' in Object Data Properties
ERROR (bke.modifier): ./source/blender/blenkernel/intern/modifier.cc:458 BKE_modifier_set_error: Object: "left shoulder undercloth", Modifier: "weighted normals", Enable 'Auto Smooth' in Object Data Properties
ERROR (bke.modifier): ./source/blender/blenkernel/intern/modifier.cc:458 BKE_modifier_set_error: Object: "left hanging sode shoulder plate 1", Modifier: "weighted normals", Enable 'Auto Smooth' in Object Data Properties
ERROR (bke.modifier): ./source/blender/blenkernel/intern/modifier.cc:458 BKE_modifier_set_error: Object: "left hanging sode shoulder plate 2", Modifier: "weighted normals", Enable 'Auto Smooth' in Object Data Properties
ERROR (bke.modifier): ./source/blender/blenkernel/intern/modifier.cc:458 BKE_modifier_set_error: Object: "left hanging sode shoulder plate 3", Modifier: "weighted normals", Enable 'Auto Smooth' in Object Data Properties
ERROR (bke.modifier): ./source/blender/blenkernel/intern/modifier.cc:458 BKE_modifier_set_error: Object: "left hanging sode shoulder plate 4", Modifier: "weighted normals", Enable 'Auto Smooth' in Object Data Properties
ERROR (bke.modifier): ./source/blender/blenkernel/intern/modifier.cc:458 BKE_modifier_set_error: Object: "left armored upper arm", Modifier: "weighted normals", Enable 'Auto Smooth' in Object Data Properties
ERROR (bke.modifier): ./source/blender/blenkernel/intern/modifier.cc:458 BKE_modifier_set_error: Object: "left sode shoulder armor", Modifier: "weighted normals", Enable 'Auto Smooth' in Object Data Properties
ERROR (bke.modifier): ./source/blender/blenkernel/intern/modifier.cc:458 BKE_modifier_set_error: Object: "left kote forearm guard", Modifier: "weighted normals", Enable 'Auto Smooth' in Object Data Properties
ERROR (bke.modifier): ./source/blender/blenkernel/intern/modifier.cc:458 BKE_modifier_set_error: Object: "left leather palm volume", Modifier: "weighted normals", Enable 'Auto Smooth' in Object Data Properties
ERROR (bke.modifier): ./source/blender/blenkernel/intern/modifier.cc:458 BKE_modifier_set_error: Object: "left index fingertip", Modifier: "weighted normals", Enable 'Auto Smooth' in Object Data Properties
ERROR (bke.modifier): ./source/blender/blenkernel/intern/modifier.cc:458 BKE_modifier_set_error: Object: "left middle fingertip", Modifier: "weighted normals", Enable 'Auto Smooth' in Object Data Properties
ERROR (bke.modifier): ./source/blender/blenkernel/intern/modifier.cc:458 BKE_modifier_set_error: Object: "left ring fingertip", Modifier: "weighted normals", Enable 'Auto Smooth' in Object Data Properties
ERROR (bke.modifier): ./source/blender/blenkernel/intern/modifier.cc:458 BKE_modifier_set_error: Object: "left pinky fingertip", Modifier: "weighted normals", Enable 'Auto Smooth' in Object Data Properties
ERROR (bke.modifier): ./source/blender/blenkernel/intern/modifier.cc:458 BKE_modifier_set_error: Object: "left thumb fingertip", Modifier: "weighted normals", Enable 'Auto Smooth' in Object Data Properties
ERROR (bke.modifier): ./source/blender/blenkernel/intern/modifier.cc:458 BKE_modifier_set_error: Object: "right shoulder undercloth", Modifier: "weighted normals", Enable 'Auto Smooth' in Object Data Properties
ERROR (bke.modifier): ./source/blender/blenkernel/intern/modifier.cc:458 BKE_modifier_set_error: Object: "right hanging sode shoulder plate 1", Modifier: "weighted normals", Enable 'Auto Smooth' in Object Data Properties
ERROR (bke.modifier): ./source/blender/blenkernel/intern/modifier.cc:458 BKE_modifier_set_error: Object: "right hanging sode shoulder plate 2", Modifier: "weighted normals", Enable 'Auto Smooth' in Object Data Properties
ERROR (bke.modifier): ./source/blender/blenkernel/intern/modifier.cc:458 BKE_modifier_set_error: Object: "right hanging sode shoulder plate 3", Modifier: "weighted normals", Enable 'Auto Smooth' in Object Data Properties
ERROR (bke.modifier): ./source/blender/blenkernel/intern/modifier.cc:458 BKE_modifier_set_error: Object: "right hanging sode shoulder plate 4", Modifier: "weighted normals", Enable 'Auto Smooth' in Object Data Properties
ERROR (bke.modifier): ./source/blender/blenkernel/intern/modifier.cc:458 BKE_modifier_set_error: Object: "right armored upper arm", Modifier: "weighted normals", Enable 'Auto Smooth' in Object Data Properties
ERROR (bke.modifier): ./source/blender/blenkernel/intern/modifier.cc:458 BKE_modifier_set_error: Object: "right sode shoulder armor", Modifier: "weighted normals", Enable 'Auto Smooth' in Object Data Properties
ERROR (bke.modifier): ./source/blender/blenkernel/intern/modifier.cc:458 BKE_modifier_set_error: Object: "right kote forearm guard", Modifier: "weighted normals", Enable 'Auto Smooth' in Object Data Properties
ERROR (bke.modifier): ./source/blender/blenkernel/intern/modifier.cc:458 BKE_modifier_set_error: Object: "right leather palm volume", Modifier: "weighted normals", Enable 'Auto Smooth' in Object Data Properties
ERROR (bke.modifier): ./source/blender/blenkernel/intern/modifier.cc:458 BKE_modifier_set_error: Object: "right index fingertip", Modifier: "weighted normals", Enable 'Auto Smooth' in Object Data Properties
ERROR (bke.modifier): ./source/blender/blenkernel/intern/modifier.cc:458 BKE_modifier_set_error: Object: "right middle fingertip", Modifier: "weighted normals", Enable 'Auto Smooth' in Object Data Properties
ERROR (bke.modifier): ./source/blender/blenkernel/intern/modifier.cc:458 BKE_modifier_set_error: Object: "right ring fingertip", Modifier: "weighted normals", Enable 'Auto Smooth' in Object Data Properties
ERROR (bke.modifier): ./source/blender/blenkernel/intern/modifier.cc:458 BKE_modifier_set_error: Object: "right pinky fingertip", Modifier: "weighted normals", Enable 'Auto Smooth' in Object Data Properties
ERROR (bke.modifier): ./source/blender/blenkernel/intern/modifier.cc:458 BKE_modifier_set_error: Object: "right thumb fingertip", Modifier: "weighted normals", Enable 'Auto Smooth' in Object Data Properties
ERROR (bke.modifier): ./source/blender/blenkernel/intern/modifier.cc:458 BKE_modifier_set_error: Object: "kusazuri skirt plate -1 row 1", Modifier: "weighted normals", Enable 'Auto Smooth' in Object Data Properties
ERROR (bke.modifier): ./source/blender/blenkernel/intern/modifier.cc:458 BKE_modifier_set_error: Object: "rear kusazuri skirt plate -1 row 1", Modifier: "weighted normals", Enable 'Auto Smooth' in Object Data Properties
ERROR (bke.modifier): ./source/blender/blenkernel/intern/modifier.cc:458 BKE_modifier_set_error: Object: "kusazuri skirt plate -1 row 2", Modifier: "weighted normals", Enable 'Auto Smooth' in Object Data Properties
ERROR (bke.modifier): ./source/blender/blenkernel/intern/modifier.cc:458 BKE_modifier_set_error: Object: "rear kusazuri skirt plate -1 row 2", Modifier: "weighted normals", Enable 'Auto Smooth' in Object Data Properties
ERROR (bke.modifier): ./source/blender/blenkernel/intern/modifier.cc:458 BKE_modifier_set_error: Object: "kusazuri skirt plate -1 row 3", Modifier: "weighted normals", Enable 'Auto Smooth' in Object Data Properties
ERROR (bke.modifier): ./source/blender/blenkernel/intern/modifier.cc:458 BKE_modifier_set_error: Object: "rear kusazuri skirt plate -1 row 3", Modifier: "weighted normals", Enable 'Auto Smooth' in Object Data Properties
ERROR (bke.modifier): ./source/blender/blenkernel/intern/modifier.cc:458 BKE_modifier_set_error: Object: "kusazuri skirt plate +0 row 1", Modifier: "weighted normals", Enable 'Auto Smooth' in Object Data Properties
ERROR (bke.modifier): ./source/blender/blenkernel/intern/modifier.cc:458 BKE_modifier_set_error: Object: "rear kusazuri skirt plate +0 row 1", Modifier: "weighted normals", Enable 'Auto Smooth' in Object Data Properties
ERROR (bke.modifier): ./source/blender/blenkernel/intern/modifier.cc:458 BKE_modifier_set_error: Object: "kusazuri skirt plate +0 row 2", Modifier: "weighted normals", Enable 'Auto Smooth' in Object Data Properties
ERROR (bke.modifier): ./source/blender/blenkernel/intern/modifier.cc:458 BKE_modifier_set_error: Object: "rear kusazuri skirt plate +0 row 2", Modifier: "weighted normals", Enable 'Auto Smooth' in Object Data Properties
ERROR (bke.modifier): ./source/blender/blenkernel/intern/modifier.cc:458 BKE_modifier_set_error: Object: "kusazuri skirt plate +0 row 3", Modifier: "weighted normals", Enable 'Auto Smooth' in Object Data Properties
ERROR (bke.modifier): ./source/blender/blenkernel/intern/modifier.cc:458 BKE_modifier_set_error: Object: "rear kusazuri skirt plate +0 row 3", Modifier: "weighted normals", Enable 'Auto Smooth' in Object Data Properties
ERROR (bke.modifier): ./source/blender/blenkernel/intern/modifier.cc:458 BKE_modifier_set_error: Object: "kusazuri skirt plate +1 row 1", Modifier: "weighted normals", Enable 'Auto Smooth' in Object Data Properties
ERROR (bke.modifier): ./source/blender/blenkernel/intern/modifier.cc:458 BKE_modifier_set_error: Object: "rear kusazuri skirt plate +1 row 1", Modifier: "weighted normals", Enable 'Auto Smooth' in Object Data Properties
ERROR (bke.modifier): ./source/blender/blenkernel/intern/modifier.cc:458 BKE_modifier_set_error: Object: "kusazuri skirt plate +1 row 2", Modifier: "weighted normals", Enable 'Auto Smooth' in Object Data Properties
ERROR (bke.modifier): ./source/blender/blenkernel/intern/modifier.cc:458 BKE_modifier_set_error: Object: "rear kusazuri skirt plate +1 row 2", Modifier: "weighted normals", Enable 'Auto Smooth' in Object Data Properties
ERROR (bke.modifier): ./source/blender/blenkernel/intern/modifier.cc:458 BKE_modifier_set_error: Object: "kusazuri skirt plate +1 row 3", Modifier: "weighted normals", Enable 'Auto Smooth' in Object Data Properties
ERROR (bke.modifier): ./source/blender/blenkernel/intern/modifier.cc:458 BKE_modifier_set_error: Object: "rear kusazuri skirt plate +1 row 3", Modifier: "weighted normals", Enable 'Auto Smooth' in Object Data Properties
ERROR (bke.modifier): ./source/blender/blenkernel/intern/modifier.cc:458 BKE_modifier_set_error: Object: "left hanging hakama outer cloth", Modifier: "weighted normals", Enable 'Auto Smooth' in Object Data Properties
ERROR (bke.modifier): ./source/blender/blenkernel/intern/modifier.cc:458 BKE_modifier_set_error: Object: "left side hakama fold", Modifier: "weighted normals", Enable 'Auto Smooth' in Object Data Properties
ERROR (bke.modifier): ./source/blender/blenkernel/intern/modifier.cc:458 BKE_modifier_set_error: Object: "right hanging hakama outer cloth", Modifier: "weighted normals", Enable 'Auto Smooth' in Object Data Properties
ERROR (bke.modifier): ./source/blender/blenkernel/intern/modifier.cc:458 BKE_modifier_set_error: Object: "right side hakama fold", Modifier: "weighted normals", Enable 'Auto Smooth' in Object Data Properties
ERROR (bke.modifier): ./source/blender/blenkernel/intern/modifier.cc:458 BKE_modifier_set_error: Object: "left hakama trouser leg", Modifier: "weighted normals", Enable 'Auto Smooth' in Object Data Properties
ERROR (bke.modifier): ./source/blender/blenkernel/intern/modifier.cc:458 BKE_modifier_set_error: Object: "left shin greave", Modifier: "weighted normals", Enable 'Auto Smooth' in Object Data Properties
ERROR (bke.modifier): ./source/blender/blenkernel/intern/modifier.cc:458 BKE_modifier_set_error: Object: "left split-toe tabi foot volume", Modifier: "weighted normals", Enable 'Auto Smooth' in Object Data Properties
ERROR (bke.modifier): ./source/blender/blenkernel/intern/modifier.cc:458 BKE_modifier_set_error: Object: "left separated big toe", Modifier: "weighted normals", Enable 'Auto Smooth' in Object Data Properties
ERROR (bke.modifier): ./source/blender/blenkernel/intern/modifier.cc:458 BKE_modifier_set_error: Object: "left outer toe group", Modifier: "weighted normals", Enable 'Auto Smooth' in Object Data Properties
ERROR (bke.modifier): ./source/blender/blenkernel/intern/modifier.cc:458 BKE_modifier_set_error: Object: "left woven waraji sole grounded", Modifier: "weighted normals", Enable 'Auto Smooth' in Object Data Properties
ERROR (bke.modifier): ./source/blender/blenkernel/intern/modifier.cc:458 BKE_modifier_set_error: Object: "right hakama trouser leg", Modifier: "weighted normals", Enable 'Auto Smooth' in Object Data Properties
ERROR (bke.modifier): ./source/blender/blenkernel/intern/modifier.cc:458 BKE_modifier_set_error: Object: "right shin greave", Modifier: "weighted normals", Enable 'Auto Smooth' in Object Data Properties
ERROR (bke.modifier): ./source/blender/blenkernel/intern/modifier.cc:458 BKE_modifier_set_error: Object: "right split-toe tabi foot volume", Modifier: "weighted normals", Enable 'Auto Smooth' in Object Data Properties
ERROR (bke.modifier): ./source/blender/blenkernel/intern/modifier.cc:458 BKE_modifier_set_error: Object: "right separated big toe", Modifier: "weighted normals", Enable 'Auto Smooth' in Object Data Properties
ERROR (bke.modifier): ./source/blender/blenkernel/intern/modifier.cc:458 BKE_modifier_set_error: Object: "right outer toe group", Modifier: "weighted normals", Enable 'Auto Smooth' in Object Data Properties
ERROR (bke.modifier): ./source/blender/blenkernel/intern/modifier.cc:458 BKE_modifier_set_error: Object: "right woven waraji sole grounded", Modifier: "weighted normals", Enable 'Auto Smooth' in Object Data Properties
ERROR (bke.modifier): ./source/blender/blenkernel/intern/modifier.cc:458 BKE_modifier_set_error: Object: "wrapped katana grip", Modifier: "weighted normals", Enable 'Auto Smooth' in Object Data Properties
ERROR (bke.modifier): ./source/blender/blenkernel/intern/modifier.cc:458 BKE_modifier_set_error: Object: "square tsuba guard", Modifier: "weighted normals", Enable 'Auto Smooth' in Object Data Properties
ERROR (bke.modifier): ./source/blender/blenkernel/intern/modifier.cc:458 BKE_modifier_set_error: Object: "small lacquered sashimono crossbar", Modifier: "weighted normals", Enable 'Auto Smooth' in Object Data Properties
ERROR (bke.modifier): ./source/blender/blenkernel/intern/modifier.cc:458 BKE_modifier_set_error: Object: "cloth sashimono banner panel", Modifier: "weighted normals", Enable 'Auto Smooth' in Object Data Properties
ERROR (bke.modifier): ./source/blender/blenkernel/intern/modifier.cc:458 BKE_modifier_set_error: Object: "simple round clan mon on banner", Modifier: "weighted normals", Enable 'Auto Smooth' in Object Data Properties
Blender 3.4.1
Info: Total files 0 | Changed 0 | Failed 0
Info: Saved "samurai_character_source.blend"
03:17:04 | ERROR: Draco mesh compression is not available because library could not be found at /usr/bin/3.4/python/lib/python3.11/site-packages/libextern_draco.so
03:17:04 | INFO: Starting glTF 2.0 export
03:17:04 | INFO: Extracting primitive: Cube.001
03:17:04 | INFO: Primitives created: 1
03:17:04 | INFO: Extracting primitive: Sphere
03:17:04 | INFO: Primitives created: 1
03:17:04 | INFO: Extracting primitive: Sphere.001
03:17:04 | INFO: Primitives created: 1
03:17:04 | INFO: Extracting primitive: Sphere.002
03:17:04 | INFO: Primitives created: 1
03:17:04 | INFO: Extracting primitive: Cylinder
03:17:04 | INFO: Primitives created: 1
03:17:04 | INFO: Extracting primitive: Cylinder.001
03:17:04 | INFO: Primitives created: 1
03:17:04 | INFO: Extracting primitive: Sphere.003
03:17:04 | INFO: Primitives created: 1
03:17:04 | INFO: Extracting primitive: Cone
03:17:04 | INFO: Primitives created: 1
03:17:04 | INFO: Extracting primitive: Cone.001
03:17:04 | INFO: Primitives created: 1
03:17:04 | INFO: Extracting primitive: Cube.002
03:17:04 | INFO: Primitives created: 1
03:17:04 | INFO: Extracting primitive: Cube.003
03:17:04 | INFO: Primitives created: 1
03:17:04 | INFO: Extracting primitive: golden maedate crescent crest
03:17:04 | INFO: Primitives created: 1
03:17:04 | INFO: Extracting primitive: Cylinder.002
03:17:04 | INFO: Primitives created: 1
03:17:04 | INFO: Extracting primitive: Cube.004
03:17:04 | INFO: Primitives created: 1
03:17:04 | INFO: Extracting primitive: Cube.005
03:17:04 | INFO: Primitives created: 1
03:17:04 | INFO: Extracting primitive: Cube.006
03:17:04 | INFO: Primitives created: 1
03:17:04 | INFO: Extracting primitive: Cube.007
03:17:04 | INFO: Primitives created: 1
03:17:04 | INFO: Extracting primitive: Cube.008
03:17:04 | INFO: Primitives created: 1
03:17:04 | INFO: Extracting primitive: Cube.009
03:17:04 | INFO: Primitives created: 1
03:17:04 | INFO: Extracting primitive: Cube.010
03:17:04 | INFO: Primitives created: 1
03:17:04 | INFO: Extracting primitive: left mask moustache bristle
03:17:04 | INFO: Primitives created: 1
03:17:04 | INFO: Extracting primitive: right mask moustache bristle
03:17:04 | INFO: Primitives created: 1
03:17:04 | INFO: Extracting primitive: Cube.011
03:17:04 | INFO: Primitives created: 1
03:17:04 | INFO: Extracting primitive: Cube.012
03:17:04 | INFO: Primitives created: 1
03:17:04 | INFO: Extracting primitive: Cube.013
03:17:04 | INFO: Primitives created: 1
03:17:04 | INFO: Extracting primitive: Cube.014
03:17:04 | INFO: Primitives created: 1
03:17:04 | INFO: Extracting primitive: Cube.015
03:17:04 | INFO: Primitives created: 1
03:17:04 | INFO: Extracting primitive: Cube.016
03:17:04 | INFO: Primitives created: 1
03:17:04 | INFO: Extracting primitive: Cube.017
03:17:04 | INFO: Primitives created: 1
03:17:04 | INFO: Extracting primitive: Cube.018
03:17:04 | INFO: Primitives created: 1
03:17:04 | INFO: Extracting primitive: Cube.019
03:17:04 | INFO: Primitives created: 1
03:17:04 | INFO: Extracting primitive: Cube.020
03:17:04 | INFO: Primitives created: 1
03:17:04 | INFO: Extracting primitive: Cube.021
03:17:04 | INFO: Primitives created: 1
03:17:04 | INFO: Extracting primitive: Cube.022
03:17:04 | INFO: Primitives created: 1
03:17:04 | INFO: Extracting primitive: Cube.023
03:17:04 | INFO: Primitives created: 1
03:17:04 | INFO: Extracting primitive: Cube.024
03:17:04 | INFO: Primitives created: 1
03:17:04 | INFO: Extracting primitive: Cube.025
03:17:04 | INFO: Primitives created: 1
03:17:04 | INFO: Extracting primitive: Cube.026
03:17:04 | INFO: Primitives created: 1
03:17:04 | INFO: Extracting primitive: Cube.027
03:17:04 | INFO: Primitives created: 1
03:17:04 | INFO: Extracting primitive: Sphere.004
03:17:04 | INFO: Primitives created: 1
03:17:04 | INFO: Extracting primitive: Sphere.005
03:17:04 | INFO: Primitives created: 1
03:17:04 | INFO: Extracting primitive: Cube.028
03:17:04 | INFO: Primitives created: 1
03:17:04 | INFO: Extracting primitive: Cube.029
03:17:04 | INFO: Primitives created: 1
03:17:04 | INFO: Extracting primitive: Cube.030
03:17:04 | INFO: Primitives created: 1
03:17:04 | INFO: Extracting primitive: Cube.031
03:17:04 | INFO: Primitives created: 1
03:17:04 | INFO: Extracting primitive: Cube.032
03:17:04 | INFO: Primitives created: 1
03:17:04 | INFO: Extracting primitive: Cube.033
03:17:04 | INFO: Primitives created: 1
03:17:04 | INFO: Extracting primitive: Cube.034
03:17:04 | INFO: Primitives created: 1
03:17:04 | INFO: Extracting primitive: Cube.035
03:17:04 | INFO: Primitives created: 1
03:17:04 | INFO: Extracting primitive: Cube.036
03:17:04 | INFO: Primitives created: 1
03:17:04 | INFO: Extracting primitive: Cube.037
03:17:04 | INFO: Primitives created: 1
03:17:04 | INFO: Extracting primitive: Cube.038
03:17:04 | INFO: Primitives created: 1
03:17:04 | INFO: Extracting primitive: Cube.039
03:17:04 | INFO: Primitives created: 1
03:17:04 | INFO: Extracting primitive: Cube.040
03:17:04 | INFO: Primitives created: 1
03:17:04 | INFO: Extracting primitive: Cube.041
03:17:04 | INFO: Primitives created: 1
03:17:04 | INFO: Extracting primitive: Cube.042
03:17:04 | INFO: Primitives created: 1
03:17:04 | INFO: Extracting primitive: Cube.043
03:17:04 | INFO: Primitives created: 1
03:17:04 | INFO: Extracting primitive: Cube.044
03:17:04 | INFO: Primitives created: 1
03:17:04 | INFO: Extracting primitive: Cube.045
03:17:04 | INFO: Primitives created: 1
03:17:04 | INFO: Extracting primitive: Cube.046
03:17:04 | INFO: Primitives created: 1
03:17:04 | INFO: Extracting primitive: Cube.047
03:17:04 | INFO: Primitives created: 1
03:17:04 | INFO: Extracting primitive: Cube.048
03:17:04 | INFO: Primitives created: 1
03:17:04 | INFO: Extracting primitive: Cube.049
03:17:04 | INFO: Primitives created: 1
03:17:04 | INFO: Extracting primitive: Cube.050
03:17:04 | INFO: Primitives created: 1
03:17:04 | INFO: Extracting primitive: Cube.051
03:17:04 | INFO: Primitives created: 1
03:17:04 | INFO: Extracting primitive: Cube.052
03:17:04 | INFO: Primitives created: 1
03:17:04 | INFO: Extracting primitive: Cube.053
03:17:04 | INFO: Primitives created: 1
03:17:04 | INFO: Extracting primitive: Cube.054
03:17:04 | INFO: Primitives created: 1
03:17:04 | INFO: Extracting primitive: Cube.055
03:17:04 | INFO: Primitives created: 1
03:17:04 | INFO: Extracting primitive: Cube.056
03:17:04 | INFO: Primitives created: 1
03:17:04 | INFO: Extracting primitive: Cube.057
03:17:04 | INFO: Primitives created: 1
03:17:04 | INFO: Extracting primitive: Cube.058
03:17:04 | INFO: Primitives created: 1
03:17:04 | INFO: Extracting primitive: Cube.059
03:17:04 | INFO: Primitives created: 1
03:17:04 | INFO: Extracting primitive: Cube.060
03:17:04 | INFO: Primitives created: 1
03:17:04 | INFO: Extracting primitive: Cube.061
03:17:04 | INFO: Primitives created: 1
03:17:04 | INFO: Extracting primitive: Cube.062
03:17:04 | INFO: Primitives created: 1
03:17:04 | INFO: Extracting primitive: Cube.063
03:17:04 | INFO: Primitives created: 1
03:17:04 | INFO: Extracting primitive: Cube.064
03:17:04 | INFO: Primitives created: 1
03:17:04 | INFO: Extracting primitive: Cube.065
03:17:04 | INFO: Primitives created: 1
03:17:04 | INFO: Extracting primitive: Cube.066
03:17:04 | INFO: Primitives created: 1
03:17:04 | INFO: Extracting primitive: Cube.067
03:17:04 | INFO: Primitives created: 1
03:17:04 | INFO: Extracting primitive: Cube.068
03:17:04 | INFO: Primitives created: 1
03:17:04 | INFO: Extracting primitive: Cube.069
03:17:04 | INFO: Primitives created: 1
03:17:04 | INFO: Extracting primitive: Cube.070
03:17:04 | INFO: Primitives created: 1
03:17:04 | INFO: Extracting primitive: Cube.071
03:17:04 | INFO: Primitives created: 1
03:17:04 | INFO: Extracting primitive: Cube.072
03:17:04 | INFO: Primitives created: 1
03:17:04 | INFO: Extracting primitive: Cube.073
03:17:04 | INFO: Primitives created: 1
03:17:04 | INFO: Extracting primitive: Cube.074
03:17:04 | INFO: Primitives created: 1
03:17:04 | INFO: Extracting primitive: Cube.075
03:17:04 | INFO: Primitives created: 1
03:17:04 | INFO: Extracting primitive: Cube.076
03:17:04 | INFO: Primitives created: 1
03:17:04 | INFO: Extracting primitive: Cube.077
03:17:04 | INFO: Primitives created: 1
03:17:04 | INFO: Extracting primitive: Cube.078
03:17:04 | INFO: Primitives created: 1
03:17:04 | INFO: Extracting primitive: Cube.079
03:17:04 | INFO: Primitives created: 1
03:17:04 | INFO: Extracting primitive: Cube.080
03:17:04 | INFO: Primitives created: 1
03:17:04 | INFO: Extracting primitive: Cube.081
03:17:04 | INFO: Primitives created: 1
03:17:04 | INFO: Extracting primitive: Cube.082
03:17:04 | INFO: Primitives created: 1
03:17:04 | INFO: Extracting primitive: Cube.083
03:17:04 | INFO: Primitives created: 1
03:17:04 | INFO: Extracting primitive: Cube.084
03:17:04 | INFO: Primitives created: 1
03:17:04 | INFO: Extracting primitive: Cube.085
03:17:04 | INFO: Primitives created: 1
03:17:04 | INFO: Extracting primitive: Cube.086
03:17:04 | INFO: Primitives created: 1
03:17:04 | INFO: Extracting primitive: Cube.087
03:17:04 | INFO: Primitives created: 1
03:17:04 | INFO: Extracting primitive: Cube.088
03:17:04 | INFO: Primitives created: 1
03:17:04 | INFO: Extracting primitive: Cube.089
03:17:04 | INFO: Primitives created: 1
03:17:04 | INFO: Extracting primitive: Cube.090
03:17:04 | INFO: Primitives created: 1
03:17:04 | INFO: Extracting primitive: Cube.091
03:17:04 | INFO: Primitives created: 1
03:17:04 | INFO: Extracting primitive: Cube.092
03:17:04 | INFO: Primitives created: 1
03:17:04 | INFO: Extracting primitive: Cube.093
03:17:04 | INFO: Primitives created: 1
03:17:04 | INFO: Extracting primitive: Cube.094
03:17:04 | INFO: Primitives created: 1
03:17:04 | INFO: Extracting primitive: Cube.095
03:17:04 | INFO: Primitives created: 1
03:17:04 | INFO: Extracting primitive: Cube.096
03:17:04 | INFO: Primitives created: 1
03:17:04 | INFO: Extracting primitive: Cube.097
03:17:04 | INFO: Primitives created: 1
03:17:04 | INFO: Extracting primitive: Cube.098
03:17:04 | INFO: Primitives created: 1
03:17:04 | INFO: Extracting primitive: Cube.099
03:17:04 | INFO: Primitives created: 1
03:17:04 | INFO: Extracting primitive: Cube.100
03:17:04 | INFO: Primitives created: 1
03:17:04 | INFO: Extracting primitive: Cube.101
03:17:04 | INFO: Primitives created: 1
03:17:04 | INFO: Extracting primitive: Cube.102
03:17:04 | INFO: Primitives created: 1
03:17:04 | INFO: Extracting primitive: Cube.103
03:17:04 | INFO: Primitives created: 1
03:17:04 | INFO: Extracting primitive: Cube.104
03:17:04 | INFO: Primitives created: 1
03:17:04 | INFO: Extracting primitive: Cube.105
03:17:04 | INFO: Primitives created: 1
03:17:04 | INFO: Extracting primitive: Cube.106
03:17:04 | INFO: Primitives created: 1
03:17:04 | INFO: Extracting primitive: Cube.107
03:17:04 | INFO: Primitives created: 1
03:17:04 | INFO: Extracting primitive: front cuirass vertical odoshi lace 01
03:17:04 | INFO: Primitives created: 1
03:17:04 | INFO: Extracting primitive: front cuirass vertical odoshi lace 02
03:17:04 | INFO: Primitives created: 1
03:17:04 | INFO: Extracting primitive: front cuirass vertical odoshi lace 03
03:17:04 | INFO: Primitives created: 1
03:17:04 | INFO: Extracting primitive: front cuirass vertical odoshi lace 04
03:17:04 | INFO: Primitives created: 1
03:17:04 | INFO: Extracting primitive: front cuirass vertical odoshi lace 05
03:17:04 | INFO: Primitives created: 1
03:17:04 | INFO: Extracting primitive: front cuirass vertical odoshi lace 06
03:17:04 | INFO: Primitives created: 1
03:17:04 | INFO: Extracting primitive: rear cuirass vertical odoshi lace 01
03:17:04 | INFO: Primitives created: 1
03:17:04 | INFO: Extracting primitive: rear cuirass vertical odoshi lace 02
03:17:04 | INFO: Primitives created: 1
03:17:04 | INFO: Extracting primitive: rear cuirass vertical odoshi lace 03
03:17:04 | INFO: Primitives created: 1
03:17:04 | INFO: Extracting primitive: rear cuirass vertical odoshi lace 04
03:17:04 | INFO: Primitives created: 1
03:17:04 | INFO: Extracting primitive: rear cuirass vertical odoshi lace 05
03:17:04 | INFO: Primitives created: 1
03:17:04 | INFO: Extracting primitive: Cube.108
03:17:04 | INFO: Primitives created: 1
03:17:04 | INFO: Extracting primitive: Cube.109
03:17:04 | INFO: Primitives created: 1
03:17:04 | INFO: Extracting primitive: Cube.110
03:17:04 | INFO: Primitives created: 1
03:17:04 | INFO: Extracting primitive: Cube.111
03:17:04 | INFO: Primitives created: 1
03:17:04 | INFO: Extracting primitive: Cube.112
03:17:04 | INFO: Primitives created: 1
03:17:04 | INFO: Extracting primitive: Cube.113
03:17:04 | INFO: Primitives created: 1
03:17:04 | INFO: Extracting primitive: Sphere.006
03:17:04 | INFO: Primitives created: 1
03:17:04 | INFO: Extracting primitive: Cube.114
03:17:04 | INFO: Primitives created: 1
03:17:04 | INFO: Extracting primitive: Cube.115
03:17:04 | INFO: Primitives created: 1
03:17:04 | INFO: Extracting primitive: Cube.116
03:17:04 | INFO: Primitives created: 1
03:17:04 | INFO: Extracting primitive: Cube.117
03:17:04 | INFO: Primitives created: 1
03:17:04 | INFO: Extracting primitive: Sphere.007
03:17:04 | INFO: Primitives created: 1
03:17:04 | INFO: Extracting primitive: Sphere.008
03:17:04 | INFO: Primitives created: 1
03:17:04 | INFO: Extracting primitive: Sphere.009
03:17:04 | INFO: Primitives created: 1
03:17:04 | INFO: Extracting primitive: Sphere.010
03:17:04 | INFO: Primitives created: 1
03:17:04 | INFO: Extracting primitive: left articulated index finger
03:17:04 | INFO: Primitives created: 1
03:17:04 | INFO: Extracting primitive: Sphere.011
03:17:04 | INFO: Primitives created: 1
03:17:04 | INFO: Extracting primitive: left articulated middle finger
03:17:04 | INFO: Primitives created: 1
03:17:04 | INFO: Extracting primitive: Sphere.012
03:17:04 | INFO: Primitives created: 1
03:17:04 | INFO: Extracting primitive: left articulated ring finger
03:17:04 | INFO: Primitives created: 1
03:17:04 | INFO: Extracting primitive: Sphere.013
03:17:04 | INFO: Primitives created: 1
03:17:04 | INFO: Extracting primitive: left articulated pinky finger
03:17:04 | INFO: Primitives created: 1
03:17:04 | INFO: Extracting primitive: Sphere.014
03:17:04 | INFO: Primitives created: 1
03:17:04 | INFO: Extracting primitive: left opposed thumb
03:17:04 | INFO: Primitives created: 1
03:17:04 | INFO: Extracting primitive: Sphere.015
03:17:04 | INFO: Primitives created: 1
03:17:04 | INFO: Extracting primitive: Sphere.016
03:17:04 | INFO: Primitives created: 1
03:17:04 | INFO: Extracting primitive: Cube.118
03:17:04 | INFO: Primitives created: 1
03:17:04 | INFO: Extracting primitive: Cube.119
03:17:04 | INFO: Primitives created: 1
03:17:04 | INFO: Extracting primitive: Cube.120
03:17:04 | INFO: Primitives created: 1
03:17:04 | INFO: Extracting primitive: Cube.121
03:17:04 | INFO: Primitives created: 1
03:17:04 | INFO: Extracting primitive: Sphere.017
03:17:04 | INFO: Primitives created: 1
03:17:04 | INFO: Extracting primitive: Sphere.018
03:17:04 | INFO: Primitives created: 1
03:17:04 | INFO: Extracting primitive: Sphere.019
03:17:04 | INFO: Primitives created: 1
03:17:04 | INFO: Extracting primitive: Sphere.020
03:17:04 | INFO: Primitives created: 1
03:17:04 | INFO: Extracting primitive: right articulated index finger
03:17:04 | INFO: Primitives created: 1
03:17:04 | INFO: Extracting primitive: Sphere.021
03:17:04 | INFO: Primitives created: 1
03:17:04 | INFO: Extracting primitive: right articulated middle finger
03:17:04 | INFO: Primitives created: 1
03:17:04 | INFO: Extracting primitive: Sphere.022
03:17:04 | INFO: Primitives created: 1
03:17:04 | INFO: Extracting primitive: right articulated ring finger
03:17:04 | INFO: Primitives created: 1
03:17:04 | INFO: Extracting primitive: Sphere.023
03:17:04 | INFO: Primitives created: 1
03:17:04 | INFO: Extracting primitive: right articulated pinky finger
03:17:04 | INFO: Primitives created: 1
03:17:04 | INFO: Extracting primitive: Sphere.024
03:17:04 | INFO: Primitives created: 1
03:17:04 | INFO: Extracting primitive: right opposed thumb
03:17:04 | INFO: Primitives created: 1
03:17:04 | INFO: Extracting primitive: Sphere.025
03:17:04 | INFO: Primitives created: 1
03:17:04 | INFO: Extracting primitive: Cube.122
03:17:04 | INFO: Primitives created: 1
03:17:04 | INFO: Extracting primitive: Cube.123
ERROR (bke.modifier): ./source/blender/blenkernel/intern/modifier.cc:458 BKE_modifier_set_error: Object: "crest central rivet", Modifier: "weighted normals", Enable 'Auto Smooth' in Object Data Properties
ERROR (bke.modifier): ./source/blender/blenkernel/intern/modifier.cc:458 BKE_modifier_set_error: Object: "right side helmet flange", Modifier: "weighted normals", Enable 'Auto Smooth' in Object Data Properties
ERROR (bke.modifier): ./source/blender/blenkernel/intern/modifier.cc:458 BKE_modifier_set_error: Object: "left side helmet flange", Modifier: "weighted normals", Enable 'Auto Smooth' in Object Data Properties
ERROR (bke.modifier): ./source/blender/blenkernel/intern/modifier.cc:458 BKE_modifier_set_error: Object: "layered rear shikoro neck guard", Modifier: "weighted normals", Enable 'Auto Smooth' in Object Data Properties
ERROR (bke.modifier): ./source/blender/blenkernel/intern/modifier.cc:458 BKE_modifier_set_error: Object: "right angular mempo cheek plate", Modifier: "weighted normals", Enable 'Auto Smooth' in Object Data Properties
ERROR (bke.modifier): ./source/blender/blenkernel/intern/modifier.cc:458 BKE_modifier_set_error: Object: "wide kabuto brim", Modifier: "weighted normals", Enable 'Auto Smooth' in Object Data Properties
ERROR (bke.modifier): ./source/blender/blenkernel/intern/modifier.cc:458 BKE_modifier_set_error: Object: "segmented kabuto helmet bowl", Modifier: "weighted normals", Enable 'Auto Smooth' in Object Data Properties
ERROR (bke.modifier): ./source/blender/blenkernel/intern/modifier.cc:458 BKE_modifier_set_error: Object: "throat guard row 1 bevelled lamellar plate 01", Modifier: "weighted normals", Enable 'Auto Smooth' in Object Data Properties
ERROR (bke.modifier): ./source/blender/blenkernel/intern/modifier.cc:458 BKE_modifier_set_error: Object: "left narrow eye slit", Modifier: "weighted normals", Enable 'Auto Smooth' in Object Data Properties
ERROR (bke.modifier): ./source/blender/blenkernel/intern/modifier.cc:458 BKE_modifier_set_error: Object: "mempo chin guard", Modifier: "weighted normals", Enable 'Auto Smooth' in Object Data Properties
ERROR (bke.modifier): ./source/blender/blenkernel/intern/modifier.cc:458 BKE_modifier_set_error: Object: "neck guard collar", Modifier: "weighted normals", Enable 'Auto Smooth' in Object Data Properties
ERROR (bke.modifier): ./source/blender/blenkernel/intern/modifier.cc:458 BKE_modifier_set_error: Object: "thin exposed neck", Modifier: "weighted normals", Enable 'Auto Smooth' in Object Data Properties
ERROR (bke.modifier): ./source/blender/blenkernel/intern/modifier.cc:458 BKE_modifier_set_error: Object: "visible human forehead behind mempo", Modifier: "weighted normals", Enable 'Auto Smooth' in Object Data Properties
ERROR (bke.modifier): ./source/blender/blenkernel/intern/modifier.cc:458 BKE_modifier_set_error: Object: "narrow waist under-kimono volume", Modifier: "weighted normals", Enable 'Auto Smooth' in Object Data Properties
ERROR (bke.modifier): ./source/blender/blenkernel/intern/modifier.cc:458 BKE_modifier_set_error: Object: "mempo nose ridge", Modifier: "weighted normals", Enable 'Auto Smooth' in Object Data Properties
ERROR (bke.modifier): ./source/blender/blenkernel/intern/modifier.cc:458 BKE_modifier_set_error: Object: "mempo grim mouth slit", Modifier: "weighted normals", Enable 'Auto Smooth' in Object Data Properties
ERROR (bke.modifier): ./source/blender/blenkernel/intern/modifier.cc:458 BKE_modifier_set_error: Object: "ribcage under-kimono volume", Modifier: "weighted normals", Enable 'Auto Smooth' in Object Data Properties
ERROR (bke.modifier): ./source/blender/blenkernel/intern/modifier.cc:458 BKE_modifier_set_error: Object: "throat guard row 1 bevelled lamellar plate 05", Modifier: "weighted normals", Enable 'Auto Smooth' in Object Data Properties
ERROR (bke.modifier): ./source/blender/blenkernel/intern/modifier.cc:458 BKE_modifier_set_error: Object: "throat guard row 3 bevelled lamellar plate 02", Modifier: "weighted normals", Enable 'Auto Smooth' in Object Data Properties
ERROR (bke.modifier): ./source/blender/blenkernel/intern/modifier.cc:458 BKE_modifier_set_error: Object: "throat guard row 3 bevelled lamellar plate 01", Modifier: "weighted normals", Enable 'Auto Smooth' in Object Data Properties
ERROR (bke.modifier): ./source/blender/blenkernel/intern/modifier.cc:458 BKE_modifier_set_error: Object: "left angular mempo cheek plate", Modifier: "weighted normals", Enable 'Auto Smooth' in Object Data Properties
ERROR (bke.modifier): ./source/blender/blenkernel/intern/modifier.cc:458 BKE_modifier_set_error: Object: "matte charcoal inspection plinth", Modifier: "weighted normals", Enable 'Auto Smooth' in Object Data Properties
ERROR (bke.modifier): ./source/blender/blenkernel/intern/modifier.cc:458 BKE_modifier_set_error: Object: "upper do cuirass fitted shell", Modifier: "weighted normals", Enable 'Auto Smooth' in Object Data Properties
ERROR (bke.modifier): ./source/blender/blenkernel/intern/modifier.cc:458 BKE_modifier_set_error: Object: "simple round clan mon on banner", Modifier: "weighted normals", Enable 'Auto Smooth' in Object Data Properties
ERROR (bke.modifier): ./source/blender/blenkernel/intern/modifier.cc:458 BKE_modifier_set_error: Object: "throat guard row 2 bevelled lamellar plate 03", Modifier: "weighted normals", Enable 'Auto Smooth' in Object Data Properties
ERROR (bke.modifier): ./source/blender/blenkernel/intern/modifier.cc:458 BKE_modifier_set_error: Object: "throat guard row 1 bevelled lamellar plate 03", Modifier: "weighted normals", Enable 'Auto Smooth' in Object Data Properties
ERROR (bke.modifier): ./source/blender/blenkernel/intern/modifier.cc:458 BKE_modifier_set_error: Object: "throat guard row 3 bevelled lamellar plate 03", Modifier: "weighted normals", Enable 'Auto Smooth' in Object Data Properties
ERROR (bke.modifier): ./source/blender/blenkernel/intern/modifier.cc:458 BKE_modifier_set_error: Object: "lower do cuirass narrowed shell", Modifier: "weighted normals", Enable 'Auto Smooth' in Object Data Properties
ERROR (bke.modifier): ./source/blender/blenkernel/intern/modifier.cc:458 BKE_modifier_set_error: Object: "throat guard row 1 bevelled lamellar plate 04", Modifier: "weighted normals", Enable 'Auto Smooth' in Object Data Properties
ERROR (bke.modifier): ./source/blender/blenkernel/intern/modifier.cc:458 BKE_modifier_set_error: Object: "throat guard row 3 bevelled lamellar plate 04", Modifier: "weighted normals", Enable 'Auto Smooth' in Object Data Properties
ERROR (bke.modifier): ./source/blender/blenkernel/intern/modifier.cc:458 BKE_modifier_set_error: Object: "throat guard row 2 bevelled lamellar plate 05", Modifier: "weighted normals", Enable 'Auto Smooth' in Object Data Properties
ERROR (bke.modifier): ./source/blender/blenkernel/intern/modifier.cc:458 BKE_modifier_set_error: Object: "throat guard row 3 bevelled lamellar plate 05", Modifier: "weighted normals", Enable 'Auto Smooth' in Object Data Properties
ERROR (bke.modifier): ./source/blender/blenkernel/intern/modifier.cc:458 BKE_modifier_set_error: Object: "throat guard row 2 bevelled lamellar plate 04", Modifier: "weighted normals", Enable 'Auto Smooth' in Object Data Properties
ERROR (bke.modifier): ./source/blender/blenkernel/intern/modifier.cc:458 BKE_modifier_set_error: Object: "front under-kimono chest panel", Modifier: "weighted normals", Enable 'Auto Smooth' in Object Data Properties
ERROR (bke.modifier): ./source/blender/blenkernel/intern/modifier.cc:458 BKE_modifier_set_error: Object: "rear under-kimono back panel", Modifier: "weighted normals", Enable 'Auto Smooth' in Object Data Properties
ERROR (bke.modifier): ./source/blender/blenkernel/intern/modifier.cc:458 BKE_modifier_set_error: Object: "throat guard row 1 bevelled lamellar plate 02", Modifier: "weighted normals", Enable 'Auto Smooth' in Object Data Properties
ERROR (bke.modifier): ./source/blender/blenkernel/intern/modifier.cc:458 BKE_modifier_set_error: Object: "cloth sashimono banner panel", Modifier: "weighted normals", Enable 'Auto Smooth' in Object Data Properties
ERROR (bke.modifier): ./source/blender/blenkernel/intern/modifier.cc:458 BKE_modifier_set_error: Object: "right narrow eye slit", Modifier: "weighted normals", Enable 'Auto Smooth' in Object Data Properties
ERROR (bke.modifier): ./source/blender/blenkernel/intern/modifier.cc:458 BKE_modifier_set_error: Object: "front cuirass row 1 bevelled lamellar plate 03", Modifier: "weighted normals", Enable 'Auto Smooth' in Object Data Properties
ERROR (bke.modifier): ./source/blender/blenkernel/intern/modifier.cc:458 BKE_modifier_set_error: Object: "front cuirass row 1 bevelled lamellar plate 04", Modifier: "weighted normals", Enable 'Auto Smooth' in Object Data Properties
ERROR (bke.modifier): ./source/blender/blenkernel/intern/modifier.cc:458 BKE_modifier_set_error: Object: "front cuirass row 1 bevelled lamellar plate 06", Modifier: "weighted normals", Enable 'Auto Smooth' in Object Data Properties
ERROR (bke.modifier): ./source/blender/blenkernel/intern/modifier.cc:458 BKE_modifier_set_error: Object: "throat guard row 2 bevelled lamellar plate 02", Modifier: "weighted normals", Enable 'Auto Smooth' in Object Data Properties
ERROR (bke.modifier): ./source/blender/blenkernel/intern/modifier.cc:458 BKE_modifier_set_error: Object: "front cuirass row 1 bevelled lamellar plate 02", Modifier: "weighted normals", Enable 'Auto Smooth' in Object Data Properties
ERROR (bke.modifier): ./source/blender/blenkernel/intern/modifier.cc:458 BKE_modifier_set_error: Object: "throat guard row 2 bevelled lamellar plate 01", Modifier: "weighted normals", Enable 'Auto Smooth' in Object Data Properties
ERROR (bke.modifier): ./source/blender/blenkernel/intern/modifier.cc:458 BKE_modifier_set_error: Object: "small lacquered sashimono crossbar", Modifier: "weighted normals", Enable 'Auto Smooth' in Object Data Properties
ERROR (bke.modifier): ./source/blender/blenkernel/intern/modifier.cc:458 BKE_modifier_set_error: Object: "front cuirass row 1 bevelled lamellar plate 08", Modifier: "weighted normals", Enable 'Auto Smooth' in Object Data Properties
ERROR (bke.modifier): ./source/blender/blenkernel/intern/modifier.cc:458 BKE_modifier_set_error: Object: "rear cuirass row 1 bevelled lamellar plate 04", Modifier: "weighted normals", Enable 'Auto Smooth' in Object Data Properties
ERROR (bke.modifier): ./source/blender/blenkernel/intern/modifier.cc:458 BKE_modifier_set_error: Object: "rear cuirass row 1 bevelled lamellar plate 02", Modifier: "weighted normals", Enable 'Auto Smooth' in Object Data Properties
ERROR (bke.modifier): ./source/blender/blenkernel/intern/modifier.cc:458 BKE_modifier_set_error: Object: "front cuirass row 1 bevelled lamellar plate 05", Modifier: "weighted normals", Enable 'Auto Smooth' in Object Data Properties
ERROR (bke.modifier): ./source/blender/blenkernel/intern/modifier.cc:458 BKE_modifier_set_error: Object: "front cuirass row 1 bevelled lamellar plate 07", Modifier: "weighted normals", Enable 'Auto Smooth' in Object Data Properties
ERROR (bke.modifier): ./source/blender/blenkernel/intern/modifier.cc:458 BKE_modifier_set_error: Object: "rear cuirass row 1 bevelled lamellar plate 05", Modifier: "weighted normals", Enable 'Auto Smooth' in Object Data Properties
ERROR (bke.modifier): ./source/blender/blenkernel/intern/modifier.cc:458 BKE_modifier_set_error: Object: "rear cuirass row 1 bevelled lamellar plate 01", Modifier: "weighted normals", Enable 'Auto Smooth' in Object Data Properties
ERROR (bke.modifier): ./source/blender/blenkernel/intern/modifier.cc:458 BKE_modifier_set_error: Object: "front cuirass row 1 bevelled lamellar plate 01", Modifier: "weighted normals", Enable 'Auto Smooth' in Object Data Properties
ERROR (bke.modifier): ./source/blender/blenkernel/intern/modifier.cc:458 BKE_modifier_set_error: Object: "rear cuirass row 1 bevelled lamellar plate 03", Modifier: "weighted normals", Enable 'Auto Smooth' in Object Data Properties
ERROR (bke.modifier): ./source/blender/blenkernel/intern/modifier.cc:458 BKE_modifier_set_error: Object: "rear cuirass row 1 bevelled lamellar plate 06", Modifier: "weighted normals", Enable 'Auto Smooth' in Object Data Properties
ERROR (bke.modifier): ./source/blender/blenkernel/intern/modifier.cc:458 BKE_modifier_set_error: Object: "front cuirass row 2 bevelled lamellar plate 05", Modifier: "weighted normals", Enable 'Auto Smooth' in Object Data Properties
ERROR (bke.modifier): ./source/blender/blenkernel/intern/modifier.cc:458 BKE_modifier_set_error: Object: "rear cuirass row 1 bevelled lamellar plate 07", Modifier: "weighted normals", Enable 'Auto Smooth' in Object Data Properties
ERROR (bke.modifier): ./source/blender/blenkernel/intern/modifier.cc:458 BKE_modifier_set_error: Object: "rear cuirass row 1 bevelled lamellar plate 08", Modifier: "weighted normals", Enable 'Auto Smooth' in Object Data Properties
ERROR (bke.modifier): ./source/blender/blenkernel/intern/modifier.cc:458 BKE_modifier_set_error: Object: "front cuirass row 2 bevelled lamellar plate 01", Modifier: "weighted normals", Enable 'Auto Smooth' in Object Data Properties
ERROR (bke.modifier): ./source/blender/blenkernel/intern/modifier.cc:458 BKE_modifier_set_error: Object: "front cuirass row 2 bevelled lamellar plate 04", Modifier: "weighted normals", Enable 'Auto Smooth' in Object Data Properties
ERROR (bke.modifier): ./source/blender/blenkernel/intern/modifier.cc:458 BKE_modifier_set_error: Object: "front cuirass row 2 bevelled lamellar plate 03", Modifier: "weighted normals", Enable 'Auto Smooth' in Object Data Properties
ERROR (bke.modifier): ./source/blender/blenkernel/intern/modifier.cc:458 BKE_modifier_set_error: Object: "front cuirass row 2 bevelled lamellar plate 02", Modifier: "weighted normals", Enable 'Auto Smooth' in Object Data Properties
ERROR (bke.modifier): ./source/blender/blenkernel/intern/modifier.cc:458 BKE_modifier_set_error: Object: "front cuirass row 2 bevelled lamellar plate 06", Modifier: "weighted normals", Enable 'Auto Smooth' in Object Data Properties
ERROR (bke.modifier): ./source/blender/blenkernel/intern/modifier.cc:458 BKE_modifier_set_error: Object: "front cuirass row 2 bevelled lamellar plate 07", Modifier: "weighted normals", Enable 'Auto Smooth' in Object Data Properties
ERROR (bke.modifier): ./source/blender/blenkernel/intern/modifier.cc:458 BKE_modifier_set_error: Object: "rear cuirass row 2 bevelled lamellar plate 01", Modifier: "weighted normals", Enable 'Auto Smooth' in Object Data Properties
ERROR (bke.modifier): ./source/blender/blenkernel/intern/modifier.cc:458 BKE_modifier_set_error: Object: "front cuirass row 2 bevelled lamellar plate 08", Modifier: "weighted normals", Enable 'Auto Smooth' in Object Data Properties
ERROR (bke.modifier): ./source/blender/blenkernel/intern/modifier.cc:458 BKE_modifier_set_error: Object: "rear cuirass row 2 bevelled lamellar plate 06", Modifier: "weighted normals", Enable 'Auto Smooth' in Object Data Properties
ERROR (bke.modifier): ./source/blender/blenkernel/intern/modifier.cc:458 BKE_modifier_set_error: Object: "rear cuirass row 2 bevelled lamellar plate 02", Modifier: "weighted normals", Enable 'Auto Smooth' in Object Data Properties
ERROR (bke.modifier): ./source/blender/blenkernel/intern/modifier.cc:458 BKE_modifier_set_error: Object: "square tsuba guard", Modifier: "weighted normals", Enable 'Auto Smooth' in Object Data Properties
ERROR (bke.modifier): ./source/blender/blenkernel/intern/modifier.cc:458 BKE_modifier_set_error: Object: "rear cuirass row 2 bevelled lamellar plate 05", Modifier: "weighted normals", Enable 'Auto Smooth' in Object Data Properties
ERROR (bke.modifier): ./source/blender/blenkernel/intern/modifier.cc:458 BKE_modifier_set_error: Object: "wrapped katana grip", Modifier: "weighted normals", Enable 'Auto Smooth' in Object Data Properties
ERROR (bke.modifier): ./source/blender/blenkernel/intern/modifier.cc:458 BKE_modifier_set_error: Object: "rear cuirass row 2 bevelled lamellar plate 04", Modifier: "weighted normals", Enable 'Auto Smooth' in Object Data Properties
ERROR (bke.modifier): ./source/blender/blenkernel/intern/modifier.cc:458 BKE_modifier_set_error: Object: "rear cuirass row 2 bevelled lamellar plate 03", Modifier: "weighted normals", Enable 'Auto Smooth' in Object Data Properties
ERROR (bke.modifier): ./source/blender/blenkernel/intern/modifier.cc:458 BKE_modifier_set_error: Object: "rear cuirass row 2 bevelled lamellar plate 07", Modifier: "weighted normals", Enable 'Auto Smooth' in Object Data Properties
ERROR (bke.modifier): ./source/blender/blenkernel/intern/modifier.cc:458 BKE_modifier_set_error: Object: "rear cuirass row 2 bevelled lamellar plate 08", Modifier: "weighted normals", Enable 'Auto Smooth' in Object Data Properties
ERROR (bke.modifier): ./source/blender/blenkernel/intern/modifier.cc:458 BKE_modifier_set_error: Object: "front cuirass row 3 bevelled lamellar plate 01", Modifier: "weighted normals", Enable 'Auto Smooth' in Object Data Properties
ERROR (bke.modifier): ./source/blender/blenkernel/intern/modifier.cc:458 BKE_modifier_set_error: Object: "front cuirass row 3 bevelled lamellar plate 02", Modifier: "weighted normals", Enable 'Auto Smooth' in Object Data Properties
ERROR (bke.modifier): ./source/blender/blenkernel/intern/modifier.cc:458 BKE_modifier_set_error: Object: "rear cuirass row 3 bevelled lamellar plate 01", Modifier: "weighted normals", Enable 'Auto Smooth' in Object Data Properties
ERROR (bke.modifier): ./source/blender/blenkernel/intern/modifier.cc:458 BKE_modifier_set_error: Object: "front cuirass row 3 bevelled lamellar plate 03", Modifier: "weighted normals", Enable 'Auto Smooth' in Object Data Properties
ERROR (bke.modifier): ./source/blender/blenkernel/intern/modifier.cc:458 BKE_modifier_set_error: Object: "front cuirass row 3 bevelled lamellar plate 05", Modifier: "weighted normals", Enable 'Auto Smooth' in Object Data Properties
ERROR (bke.modifier): ./source/blender/blenkernel/intern/modifier.cc:458 BKE_modifier_set_error: Object: "front cuirass row 3 bevelled lamellar plate 04", Modifier: "weighted normals", Enable 'Auto Smooth' in Object Data Properties
ERROR (bke.modifier): ./source/blender/blenkernel/intern/modifier.cc:458 BKE_modifier_set_error: Object: "front cuirass row 3 bevelled lamellar plate 06", Modifier: "weighted normals", Enable 'Auto Smooth' in Object Data Properties
ERROR (bke.modifier): ./source/blender/blenkernel/intern/modifier.cc:458 BKE_modifier_set_error: Object: "front cuirass row 3 bevelled lamellar plate 07", Modifier: "weighted normals", Enable 'Auto Smooth' in Object Data Properties
ERROR (bke.modifier): ./source/blender/blenkernel/intern/modifier.cc:458 BKE_modifier_set_error: Object: "rear cuirass row 3 bevelled lamellar plate 05", Modifier: "weighted normals", Enable 'Auto Smooth' in Object Data Properties
ERROR (bke.modifier): ./source/blender/blenkernel/intern/modifier.cc:458 BKE_modifier_set_error: Object: "front cuirass row 3 bevelled lamellar plate 08", Modifier: "weighted normals", Enable 'Auto Smooth' in Object Data Properties
ERROR (bke.modifier): ./source/blender/blenkernel/intern/modifier.cc:458 BKE_modifier_set_error: Object: "front cuirass row 4 bevelled lamellar plate 02", Modifier: "weighted normals", Enable 'Auto Smooth' in Object Data Properties
ERROR (bke.modifier): ./source/blender/blenkernel/intern/modifier.cc:458 BKE_modifier_set_error: Object: "rear cuirass row 3 bevelled lamellar plate 03", Modifier: "weighted normals", Enable 'Auto Smooth' in Object Data Properties
ERROR (bke.modifier): ./source/blender/blenkernel/intern/modifier.cc:458 BKE_modifier_set_error: Object: "rear cuirass row 3 bevelled lamellar plate 02", Modifier: "weighted normals", Enable 'Auto Smooth' in Object Data Properties
ERROR (bke.modifier): ./source/blender/blenkernel/intern/modifier.cc:458 BKE_modifier_set_error: Object: "rear cuirass row 3 bevelled lamellar plate 04", Modifier: "weighted normals", Enable 'Auto Smooth' in Object Data Properties
ERROR (bke.modifier): ./source/blender/blenkernel/intern/modifier.cc:458 BKE_modifier_set_error: Object: "front cuirass row 4 bevelled lamellar plate 07", Modifier: "weighted normals", Enable 'Auto Smooth' in Object Data Properties
ERROR (bke.modifier): ./source/blender/blenkernel/intern/modifier.cc:458 BKE_modifier_set_error: Object: "rear cuirass row 3 bevelled lamellar plate 07", Modifier: "weighted normals", Enable 'Auto Smooth' in Object Data Properties
ERROR (bke.modifier): ./source/blender/blenkernel/intern/modifier.cc:458 BKE_modifier_set_error: Object: "rear cuirass row 3 bevelled lamellar plate 06", Modifier: "weighted normals", Enable 'Auto Smooth' in Object Data Properties
ERROR (bke.modifier): ./source/blender/blenkernel/intern/modifier.cc:458 BKE_modifier_set_error: Object: "front cuirass row 4 bevelled lamellar plate 01", Modifier: "weighted normals", Enable 'Auto Smooth' in Object Data Properties
ERROR (bke.modifier): ./source/blender/blenkernel/intern/modifier.cc:458 BKE_modifier_set_error: Object: "rear cuirass row 3 bevelled lamellar plate 08", Modifier: "weighted normals", Enable 'Auto Smooth' in Object Data Properties
ERROR (bke.modifier): ./source/blender/blenkernel/intern/modifier.cc:458 BKE_modifier_set_error: Object: "rear cuirass row 4 bevelled lamellar plate 02", Modifier: "weighted normals", Enable 'Auto Smooth' in Object Data Properties
ERROR (bke.modifier): ./source/blender/blenkernel/intern/modifier.cc:458 BKE_modifier_set_error: Object: "front cuirass row 4 bevelled lamellar plate 05", Modifier: "weighted normals", Enable 'Auto Smooth' in Object Data Properties
ERROR (bke.modifier): ./source/blender/blenkernel/intern/modifier.cc:458 BKE_modifier_set_error: Object: "front cuirass row 4 bevelled lamellar plate 06", Modifier: "weighted normals", Enable 'Auto Smooth' in Object Data Properties
ERROR (bke.modifier): ./source/blender/blenkernel/intern/modifier.cc:458 BKE_modifier_set_error: Object: "front cuirass row 4 bevelled lamellar plate 04", Modifier: "weighted normals", Enable 'Auto Smooth' in Object Data Properties
ERROR (bke.modifier): ./source/blender/blenkernel/intern/modifier.cc:458 BKE_modifier_set_error: Object: "front cuirass row 4 bevelled lamellar plate 03", Modifier: "weighted normals", Enable 'Auto Smooth' in Object Data Properties
ERROR (bke.modifier): ./source/blender/blenkernel/intern/modifier.cc:458 BKE_modifier_set_error: Object: "right woven waraji sole grounded", Modifier: "weighted normals", Enable 'Auto Smooth' in Object Data Properties
ERROR (bke.modifier): ./source/blender/blenkernel/intern/modifier.cc:458 BKE_modifier_set_error: Object: "front cuirass row 4 bevelled lamellar plate 08", Modifier: "weighted normals", Enable 'Auto Smooth' in Object Data Properties
ERROR (bke.modifier): ./source/blender/blenkernel/intern/modifier.cc:458 BKE_modifier_set_error: Object: "rear cuirass row 4 bevelled lamellar plate 06", Modifier: "weighted normals", Enable 'Auto Smooth' in Object Data Properties
ERROR (bke.modifier): ./source/blender/blenkernel/intern/modifier.cc:458 BKE_modifier_set_error: Object: "rear cuirass row 4 bevelled lamellar plate 01", Modifier: "weighted normals", Enable 'Auto Smooth' in Object Data Properties
ERROR (bke.modifier): ./source/blender/blenkernel/intern/modifier.cc:458 BKE_modifier_set_error: Object: "rear cuirass row 4 bevelled lamellar plate 04", Modifier: "weighted normals", Enable 'Auto Smooth' in Object Data Properties
ERROR (bke.modifier): ./source/blender/blenkernel/intern/modifier.cc:458 BKE_modifier_set_error: Object: "right outer toe group", Modifier: "weighted normals", Enable 'Auto Smooth' in Object Data Properties
ERROR (bke.modifier): ./source/blender/blenkernel/intern/modifier.cc:458 BKE_modifier_set_error: Object: "rear cuirass row 4 bevelled lamellar plate 03", Modifier: "weighted normals", Enable 'Auto Smooth' in Object Data Properties
ERROR (bke.modifier): ./source/blender/blenkernel/intern/modifier.cc:458 BKE_modifier_set_error: Object: "right separated big toe", Modifier: "weighted normals", Enable 'Auto Smooth' in Object Data Properties
ERROR (bke.modifier): ./source/blender/blenkernel/intern/modifier.cc:458 BKE_modifier_set_error: Object: "front cuirass row 5 bevelled lamellar plate 03", Modifier: "weighted normals", Enable 'Auto Smooth' in Object Data Properties
ERROR (bke.modifier): ./source/blender/blenkernel/intern/modifier.cc:458 BKE_modifier_set_error: Object: "rear cuirass row 4 bevelled lamellar plate 07", Modifier: "weighted normals", Enable 'Auto Smooth' in Object Data Properties
ERROR (bke.modifier): ./source/blender/blenkernel/intern/modifier.cc:458 BKE_modifier_set_error: Object: "rear cuirass row 4 bevelled lamellar plate 05", Modifier: "weighted normals", Enable 'Auto Smooth' in Object Data Properties
ERROR (bke.modifier): ./source/blender/blenkernel/intern/modifier.cc:458 BKE_modifier_set_error: Object: "right split-toe tabi foot volume", Modifier: "weighted normals", Enable 'Auto Smooth' in Object Data Properties
ERROR (bke.modifier): ./source/blender/blenkernel/intern/modifier.cc:458 BKE_modifier_set_error: Object: "rear cuirass row 4 bevelled lamellar plate 08", Modifier: "weighted normals", Enable 'Auto Smooth' in Object Data Properties
ERROR (bke.modifier): ./source/blender/blenkernel/intern/modifier.cc:458 BKE_modifier_set_error: Object: "front cuirass row 5 bevelled lamellar plate 01", Modifier: "weighted normals", Enable 'Auto Smooth' in Object Data Properties
ERROR (bke.modifier): ./source/blender/blenkernel/intern/modifier.cc:458 BKE_modifier_set_error: Object: "front cuirass row 5 bevelled lamellar plate 02", Modifier: "weighted normals", Enable 'Auto Smooth' in Object Data Properties
ERROR (bke.modifier): ./source/blender/blenkernel/intern/modifier.cc:458 BKE_modifier_set_error: Object: "right shin greave", Modifier: "weighted normals", Enable 'Auto Smooth' in Object Data Properties
ERROR (bke.modifier): ./source/blender/blenkernel/intern/modifier.cc:458 BKE_modifier_set_error: Object: "front cuirass row 5 bevelled lamellar plate 08", Modifier: "weighted normals", Enable 'Auto Smooth' in Object Data Properties
ERROR (bke.modifier): ./source/blender/blenkernel/intern/modifier.cc:458 BKE_modifier_set_error: Object: "front cuirass row 5 bevelled lamellar plate 05", Modifier: "weighted normals", Enable 'Auto Smooth' in Object Data Properties
ERROR (bke.modifier): ./source/blender/blenkernel/intern/modifier.cc:458 BKE_modifier_set_error: Object: "front cuirass row 5 bevelled lamellar plate 04", Modifier: "weighted normals", Enable 'Auto Smooth' in Object Data Properties
ERROR (bke.modifier): ./source/blender/blenkernel/intern/modifier.cc:458 BKE_modifier_set_error: Object: "right hakama trouser leg", Modifier: "weighted normals", Enable 'Auto Smooth' in Object Data Properties
ERROR (bke.modifier): ./source/blender/blenkernel/intern/modifier.cc:458 BKE_modifier_set_error: Object: "rear cuirass row 5 bevelled lamellar plate 05", Modifier: "weighted normals", Enable 'Auto Smooth' in Object Data Properties
ERROR (bke.modifier): ./source/blender/blenkernel/intern/modifier.cc:458 BKE_modifier_set_error: Object: "front cuirass row 5 bevelled lamellar plate 07", Modifier: "weighted normals", Enable 'Auto Smooth' in Object Data Properties
ERROR (bke.modifier): ./source/blender/blenkernel/intern/modifier.cc:458 BKE_modifier_set_error: Object: "rear cuirass row 5 bevelled lamellar plate 02", Modifier: "weighted normals", Enable 'Auto Smooth' in Object Data Properties
ERROR (bke.modifier): ./source/blender/blenkernel/intern/modifier.cc:458 BKE_modifier_set_error: Object: "front cuirass row 5 bevelled lamellar plate 06", Modifier: "weighted normals", Enable 'Auto Smooth' in Object Data Properties
ERROR (bke.modifier): ./source/blender/blenkernel/intern/modifier.cc:458 BKE_modifier_set_error: Object: "rear cuirass row 5 bevelled lamellar plate 01", Modifier: "weighted normals", Enable 'Auto Smooth' in Object Data Properties
ERROR (bke.modifier): ./source/blender/blenkernel/intern/modifier.cc:458 BKE_modifier_set_error: Object: "rear cuirass row 5 bevelled lamellar plate 03", Modifier: "weighted normals", Enable 'Auto Smooth' in Object Data Properties
ERROR (bke.modifier): ./source/blender/blenkernel/intern/modifier.cc:458 BKE_modifier_set_error: Object: "rear cuirass row 5 bevelled lamellar plate 06", Modifier: "weighted normals", Enable 'Auto Smooth' in Object Data Properties
ERROR (bke.modifier): ./source/blender/blenkernel/intern/modifier.cc:458 BKE_modifier_set_error: Object: "left shoulder undercloth", Modifier: "weighted normals", Enable 'Auto Smooth' in Object Data Properties
ERROR (bke.modifier): ./source/blender/blenkernel/intern/modifier.cc:458 BKE_modifier_set_error: Object: "rear cuirass row 5 bevelled lamellar plate 04", Modifier: "weighted normals", Enable 'Auto Smooth' in Object Data Properties
ERROR (bke.modifier): ./source/blender/blenkernel/intern/modifier.cc:458 BKE_modifier_set_error: Object: "rear cuirass row 5 bevelled lamellar plate 08", Modifier: "weighted normals", Enable 'Auto Smooth' in Object Data Properties
ERROR (bke.modifier): ./source/blender/blenkernel/intern/modifier.cc:458 BKE_modifier_set_error: Object: "left leather palm volume", Modifier: "weighted normals", Enable 'Auto Smooth' in Object Data Properties
ERROR (bke.modifier): ./source/blender/blenkernel/intern/modifier.cc:458 BKE_modifier_set_error: Object: "left armored upper arm", Modifier: "weighted normals", Enable 'Auto Smooth' in Object Data Properties
ERROR (bke.modifier): ./source/blender/blenkernel/intern/modifier.cc:458 BKE_modifier_set_error: Object: "left sode shoulder armor", Modifier: "weighted normals", Enable 'Auto Smooth' in Object Data Properties
ERROR (bke.modifier): ./source/blender/blenkernel/intern/modifier.cc:458 BKE_modifier_set_error: Object: "rear cuirass row 5 bevelled lamellar plate 07", Modifier: "weighted normals", Enable 'Auto Smooth' in Object Data Properties
ERROR (bke.modifier): ./source/blender/blenkernel/intern/modifier.cc:458 BKE_modifier_set_error: Object: "left side cuirass plate 2", Modifier: "weighted normals", Enable 'Auto Smooth' in Object Data Properties
ERROR (bke.modifier): ./source/blender/blenkernel/intern/modifier.cc:458 BKE_modifier_set_error: Object: "left index fingertip", Modifier: "weighted normals", Enable 'Auto Smooth' in Object Data Properties
ERROR (bke.modifier): ./source/blender/blenkernel/intern/modifier.cc:458 BKE_modifier_set_error: Object: "right side cuirass plate 3", Modifier: "weighted normals", Enable 'Auto Smooth' in Object Data Properties
ERROR (bke.modifier): ./source/blender/blenkernel/intern/modifier.cc:458 BKE_modifier_set_error: Object: "left middle fingertip", Modifier: "weighted normals", Enable 'Auto Smooth' in Object Data Properties
ERROR (bke.modifier): ./source/blender/blenkernel/intern/modifier.cc:458 BKE_modifier_set_error: Object: "left kote forearm guard", Modifier: "weighted normals", Enable 'Auto Smooth' in Object Data Properties
ERROR (bke.modifier): ./source/blender/blenkernel/intern/modifier.cc:458 BKE_modifier_set_error: Object: "left pinky fingertip", Modifier: "weighted normals", Enable 'Auto Smooth' in Object Data Properties
ERROR (bke.modifier): ./source/blender/blenkernel/intern/modifier.cc:458 BKE_modifier_set_error: Object: "left ring fingertip", Modifier: "weighted normals", Enable 'Auto Smooth' in Object Data Properties
ERROR (bke.modifier): ./source/blender/blenkernel/intern/modifier.cc:458 BKE_modifier_set_error: Object: "left side cuirass plate 1", Modifier: "weighted normals", Enable 'Auto Smooth' in Object Data Properties
ERROR (bke.modifier): ./source/blender/blenkernel/intern/modifier.cc:458 BKE_modifier_set_error: Object: "left thumb fingertip", Modifier: "weighted normals", Enable 'Auto Smooth' in Object Data Properties
ERROR (bke.modifier): ./source/blender/blenkernel/intern/modifier.cc:458 BKE_modifier_set_error: Object: "right side cuirass plate 1", Modifier: "weighted normals", Enable 'Auto Smooth' in Object Data Properties
ERROR (bke.modifier): ./source/blender/blenkernel/intern/modifier.cc:458 BKE_modifier_set_error: Object: "left hanging sode shoulder plate 1", Modifier: "weighted normals", Enable 'Auto Smooth' in Object Data Properties
ERROR (bke.modifier): ./source/blender/blenkernel/intern/modifier.cc:458 BKE_modifier_set_error: Object: "right shoulder undercloth", Modifier: "weighted normals", Enable 'Auto Smooth' in Object Data Properties
ERROR (bke.modifier): ./source/blender/blenkernel/intern/modifier.cc:458 BKE_modifier_set_error: Object: "right armored upper arm", Modifier: "weighted normals", Enable 'Auto Smooth' in Object Data Properties
ERROR (bke.modifier): ./source/blender/blenkernel/intern/modifier.cc:458 BKE_modifier_set_error: Object: "right sode shoulder armor", Modifier: "weighted normals", Enable 'Auto Smooth' in Object Data Properties
ERROR (bke.modifier): ./source/blender/blenkernel/intern/modifier.cc:458 BKE_modifier_set_error: Object: "left hanging sode shoulder plate 2", Modifier: "weighted normals", Enable 'Auto Smooth' in Object Data Properties
ERROR (bke.modifier): ./source/blender/blenkernel/intern/modifier.cc:458 BKE_modifier_set_error: Object: "right kote forearm guard", Modifier: "weighted normals", Enable 'Auto Smooth' in Object Data Properties
ERROR (bke.modifier): ./source/blender/blenkernel/intern/modifier.cc:458 BKE_modifier_set_error: Object: "right leather palm volume", Modifier: "weighted normals", Enable 'Auto Smooth' in Object Data Properties
ERROR (bke.modifier): ./source/blender/blenkernel/intern/modifier.cc:458 BKE_modifier_set_error: Object: "right index fingertip", Modifier: "weighted normals", Enable 'Auto Smooth' in Object Data Properties
ERROR (bke.modifier): ./source/blender/blenkernel/intern/modifier.cc:458 BKE_modifier_set_error: Object: "left side cuirass plate 3", Modifier: "weighted normals", Enable 'Auto Smooth' in Object Data Properties
ERROR (bke.modifier): ./source/blender/blenkernel/intern/modifier.cc:458 BKE_modifier_set_error: Object: "right middle fingertip", Modifier: "weighted normals", Enable 'Auto Smooth' in Object Data Properties
ERROR (bke.modifier): ./source/blender/blenkernel/intern/modifier.cc:458 BKE_modifier_set_error: Object: "left hanging sode shoulder plate 3", Modifier: "weighted normals", Enable 'Auto Smooth' in Object Data Properties
ERROR (bke.modifier): ./source/blender/blenkernel/intern/modifier.cc:458 BKE_modifier_set_error: Object: "right ring fingertip", Modifier: "weighted normals", Enable 'Auto Smooth' in Object Data Properties
ERROR (bke.modifier): ./source/blender/blenkernel/intern/modifier.cc:458 BKE_modifier_set_error: Object: "right side cuirass plate 2", Modifier: "weighted normals", Enable 'Auto Smooth' in Object Data Properties
ERROR (bke.modifier): ./source/blender/blenkernel/intern/modifier.cc:458 BKE_modifier_set_error: Object: "right pinky fingertip", Modifier: "weighted normals", Enable 'Auto Smooth' in Object Data Properties
ERROR (bke.modifier): ./source/blender/blenkernel/intern/modifier.cc:458 BKE_modifier_set_error: Object: "right thumb fingertip", Modifier: "weighted normals", Enable 'Auto Smooth' in Object Data Properties
ERROR (bke.modifier): ./source/blender/blenkernel/intern/modifier.cc:458 BKE_modifier_set_error: Object: "left hanging sode shoulder plate 4", Modifier: "weighted normals", Enable 'Auto Smooth' in Object Data Properties
ERROR (bke.modifier): ./source/blender/blenkernel/intern/modifier.cc:458 BKE_modifier_set_error: Object: "right hanging sode shoulder plate 2", Modifier: "weighted normals", Enable 'Auto Smooth' in Object Data Properties
ERROR (bke.modifier): ./source/blender/blenkernel/intern/modifier.cc:458 BKE_modifier_set_error: Object: "right hanging sode shoulder plate 3", Modifier: "weighted normals", Enable 'Auto Smooth' in Object Data Properties
ERROR (bke.modifier): ./source/blender/blenkernel/intern/modifier.cc:458 BKE_modifier_set_error: Object: "right hanging sode shoulder plate 1", Modifier: "weighted normals", Enable 'Auto Smooth' in Object Data Properties
ERROR (bke.modifier): ./source/blender/blenkernel/intern/modifier.cc:458 BKE_modifier_set_error: Object: "right hanging sode shoulder plate 4", Modifier: "weighted normals", Enable 'Auto Smooth' in Object Data Properties
ERROR (bke.modifier): ./source/blender/blenkernel/intern/modifier.cc:458 BKE_modifier_set_error: Object: "kusazuri skirt plate -1 row 2", Modifier: "weighted normals", Enable 'Auto Smooth' in Object Data Properties
ERROR (bke.modifier): ./source/blender/blenkernel/intern/modifier.cc:458 BKE_modifier_set_error: Object: "kusazuri skirt plate +0 row 1", Modifier: "weighted normals", Enable 'Auto Smooth' in Object Data Properties
ERROR (bke.modifier): ./source/blender/blenkernel/intern/modifier.cc:458 BKE_modifier_set_error: Object: "kusazuri skirt plate -1 row 1", Modifier: "weighted normals", Enable 'Auto Smooth' in Object Data Properties
ERROR (bke.modifier): ./source/blender/blenkernel/intern/modifier.cc:458 BKE_modifier_set_error: Object: "rear kusazuri skirt plate -1 row 3", Modifier: "weighted normals", Enable 'Auto Smooth' in Object Data Properties
ERROR (bke.modifier): ./source/blender/blenkernel/intern/modifier.cc:458 BKE_modifier_set_error: Object: "rear kusazuri skirt plate -1 row 2", Modifier: "weighted normals", Enable 'Auto Smooth' in Object Data Properties
ERROR (bke.modifier): ./source/blender/blenkernel/intern/modifier.cc:458 BKE_modifier_set_error: Object: "rear kusazuri skirt plate -1 row 1", Modifier: "weighted normals", Enable 'Auto Smooth' in Object Data Properties
ERROR (bke.modifier): ./source/blender/blenkernel/intern/modifier.cc:458 BKE_modifier_set_error: Object: "kusazuri skirt plate -1 row 3", Modifier: "weighted normals", Enable 'Auto Smooth' in Object Data Properties
ERROR (bke.modifier): ./source/blender/blenkernel/intern/modifier.cc:458 BKE_modifier_set_error: Object: "rear kusazuri skirt plate +0 row 2", Modifier: "weighted normals", Enable 'Auto Smooth' in Object Data Properties
ERROR (bke.modifier): ./source/blender/blenkernel/intern/modifier.cc:458 BKE_modifier_set_error: Object: "kusazuri skirt plate +0 row 2", Modifier: "weighted normals", Enable 'Auto Smooth' in Object Data Properties
ERROR (bke.modifier): ./source/blender/blenkernel/intern/modifier.cc:458 BKE_modifier_set_error: Object: "rear kusazuri skirt plate +0 row 1", Modifier: "weighted normals", Enable 'Auto Smooth' in Object Data Properties
ERROR (bke.modifier): ./source/blender/blenkernel/intern/modifier.cc:458 BKE_modifier_set_error: Object: "rear kusazuri skirt plate +1 row 1", Modifier: "weighted normals", Enable 'Auto Smooth' in Object Data Properties
ERROR (bke.modifier): ./source/blender/blenkernel/intern/modifier.cc:458 BKE_modifier_set_error: Object: "left woven waraji sole grounded", Modifier: "weighted normals", Enable 'Auto Smooth' in Object Data Properties
ERROR (bke.modifier): ./source/blender/blenkernel/intern/modifier.cc:458 BKE_modifier_set_error: Object: "left hakama trouser leg", Modifier: "weighted normals", Enable 'Auto Smooth' in Object Data Properties
ERROR (bke.modifier): ./source/blender/blenkernel/intern/modifier.cc:458 BKE_modifier_set_error: Object: "left split-toe tabi foot volume", Modifier: "weighted normals", Enable 'Auto Smooth' in Object Data Properties
ERROR (bke.modifier): ./source/blender/blenkernel/intern/modifier.cc:458 BKE_modifier_set_error: Object: "left shin greave", Modifier: "weighted normals", Enable 'Auto Smooth' in Object Data Properties
ERROR (bke.modifier): ./source/blender/blenkernel/intern/modifier.cc:458 BKE_modifier_set_error: Object: "left separated big toe", Modifier: "weighted normals", Enable 'Auto Smooth' in Object Data Properties
ERROR (bke.modifier): ./source/blender/blenkernel/intern/modifier.cc:458 BKE_modifier_set_error: Object: "kusazuri skirt plate +0 row 3", Modifier: "weighted normals", Enable 'Auto Smooth' in Object Data Properties
ERROR (bke.modifier): ./source/blender/blenkernel/intern/modifier.cc:458 BKE_modifier_set_error: Object: "kusazuri skirt plate +1 row 1", Modifier: "weighted normals", Enable 'Auto Smooth' in Object Data Properties
ERROR (bke.modifier): ./source/blender/blenkernel/intern/modifier.cc:458 BKE_modifier_set_error: Object: "left outer toe group", Modifier: "weighted normals", Enable 'Auto Smooth' in Object Data Properties
ERROR (bke.modifier): ./source/blender/blenkernel/intern/modifier.cc:458 BKE_modifier_set_error: Object: "rear kusazuri skirt plate +0 row 3", Modifier: "weighted normals", Enable 'Auto Smooth' in Object Data Properties
ERROR (bke.modifier): ./source/blender/blenkernel/intern/modifier.cc:458 BKE_modifier_set_error: Object: "kusazuri skirt plate +1 row 2", Modifier: "weighted normals", Enable 'Auto Smooth' in Object Data Properties
ERROR (bke.modifier): ./source/blender/blenkernel/intern/modifier.cc:458 BKE_modifier_set_error: Object: "rear kusazuri skirt plate +1 row 2", Modifier: "weighted normals", Enable 'Auto Smooth' in Object Data Properties
ERROR (bke.modifier): ./source/blender/blenkernel/intern/modifier.cc:458 BKE_modifier_set_error: Object: "rear kusazuri skirt plate +1 row 3", Modifier: "weighted normals", Enable 'Auto Smooth' in Object Data Properties
ERROR (bke.modifier): ./source/blender/blenkernel/intern/modifier.cc:458 BKE_modifier_set_error: Object: "kusazuri skirt plate +1 row 3", Modifier: "weighted normals", Enable 'Auto Smooth' in Object Data Properties
ERROR (bke.modifier): ./source/blender/blenkernel/intern/modifier.cc:458 BKE_modifier_set_error: Object: "left hanging hakama outer cloth", Modifier: "weighted normals", Enable 'Auto Smooth' in Object Data Properties
ERROR (bke.modifier): ./source/blender/blenkernel/intern/modifier.cc:458 BKE_modifier_set_error: Object: "left side hakama fold", Modifier: "weighted normals", Enable 'Auto Smooth' in Object Data Properties
ERROR (bke.modifier): ./source/blender/blenkernel/intern/modifier.cc:458 BKE_modifier_set_error: Object: "right hanging hakama outer cloth", Modifier: "weighted normals", Enable 'Auto Smooth' in Object Data Properties
ERROR (bke.modifier): ./source/blender/blenkernel/intern/modifier.cc:458 BKE_modifier_set_error: Object: "right side hakama fold", Modifier: "weighted normals", Enable 'Auto Smooth' in Object Data Properties
EGL Error (0x3001): EGL_NOT_INITIALIZED: EGL is not initialized, or could not be initialized, for the specified EGL display connection.

Managed to successfully fallback to surfaceless EGL rendering!

EGL Error (0x3009): EGL_BAD_MATCH: Arguments are inconsistent (for example, a valid context requires buffers not supplied by a valid surface).
EGL Error (0x3001): EGL_NOT_INITIALIZED: EGL is not initialized, or could not be initialized, for the specified EGL display connection.

Managed to successfully fallback to surfaceless EGL rendering!

Fra:1 Mem:48.59M (Peak 49.71M) | Time:00:00.25 | Syncing matte charcoal inspection plinth
Fra:1 Mem:48.61M (Peak 49.71M) | Time:00:00.26 | Syncing ribcage under-kimono volume
Fra:1 Mem:48.70M (Peak 49.71M) | Time:00:00.26 | Syncing narrow waist under-kimono volume
Fra:1 Mem:48.77M (Peak 49.71M) | Time:00:00.26 | Syncing visible human forehead behind mem
Fra:1 Mem:48.86M (Peak 49.71M) | Time:00:00.26 | Syncing thin exposed neck
Fra:1 Mem:48.87M (Peak 49.71M) | Time:00:00.26 | Syncing neck guard collar
Fra:1 Mem:48.88M (Peak 49.71M) | Time:00:00.26 | Syncing segmented kabuto helmet bowl
Fra:1 Mem:49.05M (Peak 49.71M) | Time:00:00.26 | Syncing wide kabuto brim
Fra:1 Mem:49.08M (Peak 49.71M) | Time:00:00.26 | Syncing layered rear shikoro neck guard
Fra:1 Mem:49.10M (Peak 49.71M) | Time:00:00.26 | Syncing left side helmet flange
Fra:1 Mem:49.11M (Peak 49.71M) | Time:00:00.26 | Syncing right side helmet flange
Fra:1 Mem:49.12M (Peak 49.71M) | Time:00:00.26 | Syncing golden maedate crescent crest
Fra:1 Mem:49.14M (Peak 49.71M) | Time:00:00.26 | Syncing crest central rivet
Fra:1 Mem:49.15M (Peak 49.71M) | Time:00:00.26 | Syncing left angular mempo cheek plate
Fra:1 Mem:49.17M (Peak 49.71M) | Time:00:00.26 | Syncing right angular mempo cheek plate
Fra:1 Mem:49.19M (Peak 49.71M) | Time:00:00.26 | Syncing mempo chin guard
Fra:1 Mem:49.21M (Peak 49.71M) | Time:00:00.27 | Syncing mempo nose ridge
Fra:1 Mem:49.22M (Peak 49.71M) | Time:00:00.27 | Syncing left narrow eye slit
Fra:1 Mem:49.24M (Peak 49.71M) | Time:00:00.27 | Syncing right narrow eye slit
Fra:1 Mem:49.25M (Peak 49.71M) | Time:00:00.27 | Syncing mempo grim mouth slit
Fra:1 Mem:49.26M (Peak 49.71M) | Time:00:00.27 | Syncing left mask moustache bristle
Fra:1 Mem:49.27M (Peak 49.71M) | Time:00:00.27 | Syncing right mask moustache bristle
Fra:1 Mem:49.28M (Peak 49.71M) | Time:00:00.27 | Syncing throat guard row 1 bevelled lamel
Fra:1 Mem:49.29M (Peak 49.71M) | Time:00:00.27 | Syncing throat guard row 1 bevelled lamel
Fra:1 Mem:49.31M (Peak 49.71M) | Time:00:00.27 | Syncing throat guard row 1 bevelled lamel
Fra:1 Mem:49.33M (Peak 49.71M) | Time:00:00.27 | Syncing throat guard row 1 bevelled lamel
Fra:1 Mem:49.35M (Peak 49.71M) | Time:00:00.27 | Syncing throat guard row 1 bevelled lamel
Fra:1 Mem:49.37M (Peak 49.71M) | Time:00:00.27 | Syncing throat guard row 2 bevelled lamel
Fra:1 Mem:49.39M (Peak 49.71M) | Time:00:00.27 | Syncing throat guard row 2 bevelled lamel
Fra:1 Mem:49.41M (Peak 49.71M) | Time:00:00.27 | Syncing throat guard row 2 bevelled lamel
Fra:1 Mem:49.43M (Peak 49.71M) | Time:00:00.27 | Syncing throat guard row 2 bevelled lamel
Fra:1 Mem:49.45M (Peak 49.71M) | Time:00:00.27 | Syncing throat guard row 2 bevelled lamel
Fra:1 Mem:49.47M (Peak 49.71M) | Time:00:00.27 | Syncing throat guard row 3 bevelled lamel
Fra:1 Mem:49.49M (Peak 49.71M) | Time:00:00.27 | Syncing throat guard row 3 bevelled lamel
Fra:1 Mem:49.51M (Peak 49.71M) | Time:00:00.27 | Syncing throat guard row 3 bevelled lamel
Fra:1 Mem:49.53M (Peak 49.71M) | Time:00:00.27 | Syncing throat guard row 3 bevelled lamel
Fra:1 Mem:49.55M (Peak 49.71M) | Time:00:00.27 | Syncing throat guard row 3 bevelled lamel
Fra:1 Mem:49.57M (Peak 49.71M) | Time:00:00.27 | Syncing front under-kimono chest panel
Fra:1 Mem:49.59M (Peak 49.71M) | Time:00:00.27 | Syncing rear under-kimono back panel
Fra:1 Mem:49.62M (Peak 49.71M) | Time:00:00.27 | Syncing upper do cuirass fitted shell
Fra:1 Mem:49.72M (Peak 49.72M) | Time:00:00.27 | Syncing lower do cuirass narrowed shell
Fra:1 Mem:49.80M (Peak 49.80M) | Time:00:00.27 | Syncing front cuirass row 1 bevelled lame
Fra:1 Mem:49.82M (Peak 49.82M) | Time:00:00.27 | Syncing front cuirass row 1 bevelled lame
Fra:1 Mem:49.84M (Peak 49.84M) | Time:00:00.27 | Syncing front cuirass row 1 bevelled lame
Fra:1 Mem:49.86M (Peak 49.86M) | Time:00:00.27 | Syncing front cuirass row 1 bevelled lame
Fra:1 Mem:49.88M (Peak 49.88M) | Time:00:00.27 | Syncing front cuirass row 1 bevelled lame
Fra:1 Mem:49.90M (Peak 49.90M) | Time:00:00.27 | Syncing front cuirass row 1 bevelled lame
Fra:1 Mem:49.92M (Peak 49.92M) | Time:00:00.27 | Syncing front cuirass row 1 bevelled lame
Fra:1 Mem:49.94M (Peak 49.94M) | Time:00:00.27 | Syncing front cuirass row 1 bevelled lame
Fra:1 Mem:49.96M (Peak 49.96M) | Time:00:00.27 | Syncing rear cuirass row 1 bevelled lamel
Fra:1 Mem:49.98M (Peak 49.98M) | Time:00:00.27 | Syncing rear cuirass row 1 bevelled lamel
Fra:1 Mem:50.00M (Peak 50.00M) | Time:00:00.27 | Syncing rear cuirass row 1 bevelled lamel
Fra:1 Mem:50.02M (Peak 50.02M) | Time:00:00.27 | Syncing rear cuirass row 1 bevelled lamel
Fra:1 Mem:50.04M (Peak 50.04M) | Time:00:00.27 | Syncing rear cuirass row 1 bevelled lamel
Fra:1 Mem:50.05M (Peak 50.05M) | Time:00:00.27 | Syncing rear cuirass row 1 bevelled lamel
Fra:1 Mem:50.07M (Peak 50.07M) | Time:00:00.27 | Syncing rear cuirass row 1 bevelled lamel
Fra:1 Mem:50.09M (Peak 50.09M) | Time:00:00.27 | Syncing rear cuirass row 1 bevelled lamel
Fra:1 Mem:50.11M (Peak 50.11M) | Time:00:00.27 | Syncing front cuirass row 2 bevelled lame
Fra:1 Mem:50.13M (Peak 50.13M) | Time:00:00.27 | Syncing front cuirass row 2 bevelled lame
Fra:1 Mem:50.15M (Peak 50.15M) | Time:00:00.27 | Syncing front cuirass row 2 bevelled lame
Fra:1 Mem:50.17M (Peak 50.17M) | Time:00:00.27 | Syncing front cuirass row 2 bevelled lame
Fra:1 Mem:50.19M (Peak 50.19M) | Time:00:00.27 | Syncing front cuirass row 2 bevelled lame
Fra:1 Mem:50.21M (Peak 50.21M) | Time:00:00.27 | Syncing front cuirass row 2 bevelled lame
Fra:1 Mem:50.23M (Peak 50.23M) | Time:00:00.27 | Syncing front cuirass row 2 bevelled lame
Fra:1 Mem:50.25M (Peak 50.25M) | Time:00:00.27 | Syncing front cuirass row 2 bevelled lame
Fra:1 Mem:50.27M (Peak 50.27M) | Time:00:00.27 | Syncing rear cuirass row 2 bevelled lamel
Fra:1 Mem:50.29M (Peak 50.29M) | Time:00:00.27 | Syncing rear cuirass row 2 bevelled lamel
Fra:1 Mem:50.31M (Peak 50.31M) | Time:00:00.27 | Syncing rear cuirass row 2 bevelled lamel
Fra:1 Mem:50.33M (Peak 50.33M) | Time:00:00.27 | Syncing rear cuirass row 2 bevelled lamel
Fra:1 Mem:50.35M (Peak 50.35M) | Time:00:00.27 | Syncing rear cuirass row 2 bevelled lamel
Fra:1 Mem:50.36M (Peak 50.36M) | Time:00:00.27 | Syncing rear cuirass row 2 bevelled lamel
Fra:1 Mem:50.38M (Peak 50.38M) | Time:00:00.27 | Syncing rear cuirass row 2 bevelled lamel
Fra:1 Mem:50.40M (Peak 50.40M) | Time:00:00.27 | Syncing rear cuirass row 2 bevelled lamel
Fra:1 Mem:50.42M (Peak 50.42M) | Time:00:00.27 | Syncing front cuirass row 3 bevelled lame
Fra:1 Mem:50.44M (Peak 50.44M) | Time:00:00.27 | Syncing front cuirass row 3 bevelled lame
Fra:1 Mem:50.46M (Peak 50.46M) | Time:00:00.27 | Syncing front cuirass row 3 bevelled lame
Fra:1 Mem:50.48M (Peak 50.48M) | Time:00:00.27 | Syncing front cuirass row 3 bevelled lame
Fra:1 Mem:50.50M (Peak 50.50M) | Time:00:00.27 | Syncing front cuirass row 3 bevelled lame
Fra:1 Mem:50.52M (Peak 50.52M) | Time:00:00.27 | Syncing front cuirass row 3 bevelled lame
Fra:1 Mem:50.54M (Peak 50.54M) | Time:00:00.27 | Syncing front cuirass row 3 bevelled lame
Fra:1 Mem:50.56M (Peak 50.56M) | Time:00:00.27 | Syncing front cuirass row 3 bevelled lame
Fra:1 Mem:50.58M (Peak 50.58M) | Time:00:00.27 | Syncing rear cuirass row 3 bevelled lamel
Fra:1 Mem:50.60M (Peak 50.60M) | Time:00:00.27 | Syncing rear cuirass row 3 bevelled lamel
Fra:1 Mem:50.62M (Peak 50.62M) | Time:00:00.27 | Syncing rear cuirass row 3 bevelled lamel
Fra:1 Mem:50.63M (Peak 50.63M) | Time:00:00.27 | Syncing rear cuirass row 3 bevelled lamel
Fra:1 Mem:50.65M (Peak 50.65M) | Time:00:00.27 | Syncing rear cuirass row 3 bevelled lamel
Fra:1 Mem:50.67M (Peak 50.67M) | Time:00:00.27 | Syncing rear cuirass row 3 bevelled lamel
Fra:1 Mem:50.69M (Peak 50.69M) | Time:00:00.27 | Syncing rear cuirass row 3 bevelled lamel
Fra:1 Mem:50.71M (Peak 50.71M) | Time:00:00.27 | Syncing rear cuirass row 3 bevelled lamel
Fra:1 Mem:50.73M (Peak 50.73M) | Time:00:00.27 | Syncing front cuirass row 4 bevelled lame
Fra:1 Mem:50.75M (Peak 50.75M) | Time:00:00.27 | Syncing front cuirass row 4 bevelled lame
Fra:1 Mem:50.77M (Peak 50.77M) | Time:00:00.27 | Syncing front cuirass row 4 bevelled lame
Fra:1 Mem:50.79M (Peak 50.79M) | Time:00:00.27 | Syncing front cuirass row 4 bevelled lame
Fra:1 Mem:50.81M (Peak 50.81M) | Time:00:00.27 | Syncing front cuirass row 4 bevelled lame
Fra:1 Mem:50.83M (Peak 50.83M) | Time:00:00.27 | Syncing front cuirass row 4 bevelled lame
Fra:1 Mem:50.85M (Peak 50.85M) | Time:00:00.27 | Syncing front cuirass row 4 bevelled lame
Fra:1 Mem:50.87M (Peak 50.87M) | Time:00:00.27 | Syncing front cuirass row 4 bevelled lame
Fra:1 Mem:50.89M (Peak 50.89M) | Time:00:00.27 | Syncing rear cuirass row 4 bevelled lamel
Fra:1 Mem:50.91M (Peak 50.91M) | Time:00:00.27 | Syncing rear cuirass row 4 bevelled lamel
Fra:1 Mem:50.92M (Peak 50.92M) | Time:00:00.27 | Syncing rear cuirass row 4 bevelled lamel
Fra:1 Mem:50.94M (Peak 50.94M) | Time:00:00.27 | Syncing rear cuirass row 4 bevelled lamel
Fra:1 Mem:50.96M (Peak 50.96M) | Time:00:00.27 | Syncing rear cuirass row 4 bevelled lamel
Fra:1 Mem:50.98M (Peak 50.98M) | Time:00:00.27 | Syncing rear cuirass row 4 bevelled lamel
Fra:1 Mem:51.00M (Peak 51.00M) | Time:00:00.27 | Syncing rear cuirass row 4 bevelled lamel
Fra:1 Mem:51.02M (Peak 51.02M) | Time:00:00.27 | Syncing rear cuirass row 4 bevelled lamel
Fra:1 Mem:51.04M (Peak 51.04M) | Time:00:00.28 | Syncing front cuirass row 5 bevelled lame
Fra:1 Mem:51.06M (Peak 51.06M) | Time:00:00.28 | Syncing front cuirass row 5 bevelled lame
Fra:1 Mem:51.08M (Peak 51.08M) | Time:00:00.28 | Syncing front cuirass row 5 bevelled lame
Fra:1 Mem:51.10M (Peak 51.10M) | Time:00:00.28 | Syncing front cuirass row 5 bevelled lame
Fra:1 Mem:51.12M (Peak 51.12M) | Time:00:00.28 | Syncing front cuirass row 5 bevelled lame
Fra:1 Mem:51.14M (Peak 51.14M) | Time:00:00.28 | Syncing front cuirass row 5 bevelled lame
Fra:1 Mem:51.16M (Peak 51.16M) | Time:00:00.28 | Syncing front cuirass row 5 bevelled lame
Fra:1 Mem:51.18M (Peak 51.18M) | Time:00:00.28 | Syncing front cuirass row 5 bevelled lame
Fra:1 Mem:51.19M (Peak 51.19M) | Time:00:00.28 | Syncing rear cuirass row 5 bevelled lamel
Fra:1 Mem:51.21M (Peak 51.21M) | Time:00:00.28 | Syncing rear cuirass row 5 bevelled lamel
Fra:1 Mem:51.23M (Peak 51.23M) | Time:00:00.28 | Syncing rear cuirass row 5 bevelled lamel
Fra:1 Mem:51.25M (Peak 51.25M) | Time:00:00.28 | Syncing rear cuirass row 5 bevelled lamel
Fra:1 Mem:51.27M (Peak 51.27M) | Time:00:00.28 | Syncing rear cuirass row 5 bevelled lamel
Fra:1 Mem:51.29M (Peak 51.29M) | Time:00:00.28 | Syncing rear cuirass row 5 bevelled lamel
Fra:1 Mem:51.31M (Peak 51.31M) | Time:00:00.28 | Syncing rear cuirass row 5 bevelled lamel
Fra:1 Mem:51.33M (Peak 51.33M) | Time:00:00.28 | Syncing rear cuirass row 5 bevelled lamel
Fra:1 Mem:51.34M (Peak 51.34M) | Time:00:00.28 | Syncing front cuirass vertical odoshi lac
Fra:1 Mem:51.35M (Peak 51.41M) | Time:00:00.28 | Syncing front cuirass vertical odoshi lac
Fra:1 Mem:51.36M (Peak 51.41M) | Time:00:00.28 | Syncing front cuirass vertical odoshi lac
Fra:1 Mem:51.36M (Peak 51.41M) | Time:00:00.28 | Syncing front cuirass vertical odoshi lac
Fra:1 Mem:51.37M (Peak 51.41M) | Time:00:00.28 | Syncing front cuirass vertical odoshi lac
Fra:1 Mem:51.37M (Peak 51.41M) | Time:00:00.28 | Syncing front cuirass vertical odoshi lac
Fra:1 Mem:51.38M (Peak 51.41M) | Time:00:00.28 | Syncing rear cuirass vertical odoshi lace
Fra:1 Mem:51.39M (Peak 51.41M) | Time:00:00.28 | Syncing rear cuirass vertical odoshi lace
Fra:1 Mem:51.39M (Peak 51.41M) | Time:00:00.28 | Syncing rear cuirass vertical odoshi lace
Fra:1 Mem:51.40M (Peak 51.41M) | Time:00:00.28 | Syncing rear cuirass vertical odoshi lace
Fra:1 Mem:51.41M (Peak 51.41M) | Time:00:00.28 | Syncing rear cuirass vertical odoshi lace
Fra:1 Mem:51.42M (Peak 51.42M) | Time:00:00.28 | Syncing left side cuirass plate 1
Fra:1 Mem:51.43M (Peak 51.43M) | Time:00:00.28 | Syncing left side cuirass plate 2
Fra:1 Mem:51.44M (Peak 51.44M) | Time:00:00.28 | Syncing left side cuirass plate 3
Fra:1 Mem:51.46M (Peak 51.46M) | Time:00:00.28 | Syncing right side cuirass plate 1
Fra:1 Mem:51.47M (Peak 51.47M) | Time:00:00.28 | Syncing right side cuirass plate 2
Fra:1 Mem:51.49M (Peak 51.49M) | Time:00:00.28 | Syncing right side cuirass plate 3
Fra:1 Mem:51.50M (Peak 51.50M) | Time:00:00.28 | Syncing left shoulder undercloth
Fra:1 Mem:51.55M (Peak 51.55M) | Time:00:00.28 | Syncing left hanging sode shoulder plate 
Fra:1 Mem:51.57M (Peak 51.57M) | Time:00:00.28 | Syncing left hanging sode shoulder plate 
Fra:1 Mem:51.59M (Peak 51.59M) | Time:00:00.28 | Syncing left hanging sode shoulder plate 
Fra:1 Mem:51.61M (Peak 51.61M) | Time:00:00.28 | Syncing left hanging sode shoulder plate 
Fra:1 Mem:51.63M (Peak 51.63M) | Time:00:00.28 | Syncing left armored upper arm
Fra:1 Mem:51.69M (Peak 51.69M) | Time:00:00.28 | Syncing left sode shoulder armor
Fra:1 Mem:51.73M (Peak 51.73M) | Time:00:00.28 | Syncing left kote forearm guard
Fra:1 Mem:51.78M (Peak 51.78M) | Time:00:00.28 | Syncing left leather palm volume
Fra:1 Mem:51.82M (Peak 51.84M) | Time:00:00.28 | Syncing left articulated index finger
Fra:1 Mem:51.83M (Peak 51.84M) | Time:00:00.28 | Syncing left index fingertip
Fra:1 Mem:51.84M (Peak 51.84M) | Time:00:00.28 | Syncing left articulated middle finger
Fra:1 Mem:51.85M (Peak 51.85M) | Time:00:00.28 | Syncing left middle fingertip
Fra:1 Mem:51.86M (Peak 51.87M) | Time:00:00.28 | Syncing left articulated ring finger
Fra:1 Mem:51.88M (Peak 51.88M) | Time:00:00.28 | Syncing left ring fingertip
Fra:1 Mem:51.92M (Peak 51.92M) | Time:00:00.28 | Syncing left articulated pinky finger
Fra:1 Mem:51.93M (Peak 51.93M) | Time:00:00.28 | Syncing left pinky fingertip
Fra:1 Mem:51.94M (Peak 51.94M) | Time:00:00.28 | Syncing left opposed thumb
Fra:1 Mem:51.95M (Peak 51.95M) | Time:00:00.28 | Syncing left thumb fingertip
Fra:1 Mem:51.96M (Peak 51.96M) | Time:00:00.28 | Syncing right shoulder undercloth
Fra:1 Mem:52.02M (Peak 52.02M) | Time:00:00.28 | Syncing right hanging sode shoulder plate
Fra:1 Mem:52.04M (Peak 52.04M) | Time:00:00.28 | Syncing right hanging sode shoulder plate
Fra:1 Mem:52.06M (Peak 52.06M) | Time:00:00.28 | Syncing right hanging sode shoulder plate
Fra:1 Mem:52.08M (Peak 52.08M) | Time:00:00.28 | Syncing right hanging sode shoulder plate
Fra:1 Mem:52.10M (Peak 52.10M) | Time:00:00.28 | Syncing right armored upper arm
Fra:1 Mem:52.15M (Peak 52.15M) | Time:00:00.28 | Syncing right sode shoulder armor
Fra:1 Mem:52.19M (Peak 52.19M) | Time:00:00.28 | Syncing right kote forearm guard
Fra:1 Mem:52.25M (Peak 52.25M) | Time:00:00.28 | Syncing right leather palm volume
Fra:1 Mem:52.29M (Peak 52.29M) | Time:00:00.28 | Syncing right articulated index finger
Fra:1 Mem:52.30M (Peak 52.30M) | Time:00:00.28 | Syncing right index fingertip
Fra:1 Mem:52.31M (Peak 52.31M) | Time:00:00.28 | Syncing right articulated middle finger
Fra:1 Mem:52.32M (Peak 52.32M) | Time:00:00.28 | Syncing right middle fingertip
Fra:1 Mem:52.33M (Peak 52.33M) | Time:00:00.28 | Syncing right articulated ring finger
Fra:1 Mem:52.34M (Peak 52.34M) | Time:00:00.28 | Syncing right ring fingertip
Fra:1 Mem:52.35M (Peak 52.35M) | Time:00:00.28 | Syncing right articulated pinky finger
Fra:1 Mem:52.36M (Peak 52.36M) | Time:00:00.28 | Syncing right pinky fingertip
Fra:1 Mem:52.37M (Peak 52.37M) | Time:00:00.28 | Syncing right opposed thumb
Fra:1 Mem:52.38M (Peak 52.38M) | Time:00:00.28 | Syncing right thumb fingertip
Fra:1 Mem:52.39M (Peak 52.39M) | Time:00:00.28 | Syncing kusazuri skirt plate -1 row 1
Fra:1 Mem:52.41M (Peak 52.41M) | Time:00:00.28 | Syncing rear kusazuri skirt plate -1 row 
Fra:1 Mem:52.42M (Peak 52.42M) | Time:00:00.28 | Syncing kusazuri skirt plate -1 row 2
Fra:1 Mem:52.44M (Peak 52.44M) | Time:00:00.28 | Syncing rear kusazuri skirt plate -1 row 
Fra:1 Mem:52.45M (Peak 52.45M) | Time:00:00.28 | Syncing kusazuri skirt plate -1 row 3
Fra:1 Mem:52.46M (Peak 52.46M) | Time:00:00.28 | Syncing rear kusazuri skirt plate -1 row 
Fra:1 Mem:52.48M (Peak 52.48M) | Time:00:00.28 | Syncing kusazuri skirt plate +0 row 1
Fra:1 Mem:52.49M (Peak 52.49M) | Time:00:00.28 | Syncing rear kusazuri skirt plate +0 row 
Fra:1 Mem:52.51M (Peak 52.51M) | Time:00:00.28 | Syncing kusazuri skirt plate +0 row 2
Fra:1 Mem:52.52M (Peak 52.52M) | Time:00:00.28 | Syncing rear kusazuri skirt plate +0 row 
Fra:1 Mem:52.53M (Peak 52.53M) | Time:00:00.28 | Syncing kusazuri skirt plate +0 row 3
Fra:1 Mem:52.55M (Peak 52.55M) | Time:00:00.28 | Syncing rear kusazuri skirt plate +0 row 
Fra:1 Mem:52.56M (Peak 52.56M) | Time:00:00.28 | Syncing kusazuri skirt plate +1 row 1
Fra:1 Mem:52.58M (Peak 52.58M) | Time:00:00.28 | Syncing rear kusazuri skirt plate +1 row 
Fra:1 Mem:52.59M (Peak 52.59M) | Time:00:00.28 | Syncing kusazuri skirt plate +1 row 2
Fra:1 Mem:52.60M (Peak 52.60M) | Time:00:00.28 | Syncing rear kusazuri skirt plate +1 row 
Fra:1 Mem:52.62M (Peak 52.62M) | Time:00:00.28 | Syncing kusazuri skirt plate +1 row 3
Fra:1 Mem:52.63M (Peak 52.63M) | Time:00:00.28 | Syncing rear kusazuri skirt plate +1 row 
Fra:1 Mem:52.65M (Peak 52.65M) | Time:00:00.28 | Syncing left hanging hakama outer cloth
Fra:1 Mem:52.67M (Peak 52.67M) | Time:00:00.28 | Syncing left side hakama fold
Fra:1 Mem:52.70M (Peak 52.70M) | Time:00:00.28 | Syncing right hanging hakama outer cloth
Fra:1 Mem:52.72M (Peak 52.72M) | Time:00:00.28 | Syncing right side hakama fold
Fra:1 Mem:52.75M (Peak 52.75M) | Time:00:00.28 | Syncing left hakama trouser leg
Fra:1 Mem:52.81M (Peak 52.81M) | Time:00:00.28 | Syncing left shin greave
Fra:1 Mem:52.86M (Peak 52.86M) | Time:00:00.28 | Syncing left split-toe tabi foot volume
Fra:1 Mem:52.91M (Peak 52.91M) | Time:00:00.28 | Syncing left separated big toe
Fra:1 Mem:52.93M (Peak 52.93M) | Time:00:00.28 | Syncing left outer toe group
Fra:1 Mem:52.95M (Peak 52.95M) | Time:00:00.28 | Syncing left woven waraji sole grounded
Fra:1 Mem:52.96M (Peak 52.96M) | Time:00:00.28 | Syncing left sandal toe strap
Fra:1 Mem:52.96M (Peak 52.96M) | Time:00:00.28 | Syncing left heel strap
Fra:1 Mem:52.97M (Peak 52.97M) | Time:00:00.28 | Syncing left hakama pleat 1
Fra:1 Mem:52.98M (Peak 52.98M) | Time:00:00.28 | Syncing left hakama pleat 2
Fra:1 Mem:52.98M (Peak 52.98M) | Time:00:00.28 | Syncing left hakama pleat 3
Fra:1 Mem:52.99M (Peak 52.99M) | Time:00:00.28 | Syncing right hakama trouser leg
Fra:1 Mem:53.05M (Peak 53.05M) | Time:00:00.28 | Syncing right shin greave
Fra:1 Mem:53.10M (Peak 53.10M) | Time:00:00.28 | Syncing right split-toe tabi foot volume
Fra:1 Mem:53.15M (Peak 53.15M) | Time:00:00.28 | Syncing right separated big toe
Fra:1 Mem:53.17M (Peak 53.17M) | Time:00:00.28 | Syncing right outer toe group
Fra:1 Mem:53.19M (Peak 53.19M) | Time:00:00.28 | Syncing right woven waraji sole grounded
Fra:1 Mem:53.20M (Peak 53.20M) | Time:00:00.28 | Syncing right sandal toe strap
Fra:1 Mem:53.21M (Peak 53.21M) | Time:00:00.28 | Syncing right heel strap
Fra:1 Mem:53.21M (Peak 53.21M) | Time:00:00.28 | Syncing right hakama pleat 1
Fra:1 Mem:53.22M (Peak 53.22M) | Time:00:00.28 | Syncing right hakama pleat 2
Fra:1 Mem:53.22M (Peak 53.22M) | Time:00:00.28 | Syncing right hakama pleat 3
Fra:1 Mem:53.23M (Peak 53.23M) | Time:00:00.28 | Syncing drawn katana blade spine
Fra:1 Mem:53.24M (Peak 53.29M) | Time:00:00.28 | Syncing bright sharpened katana edge
Fra:1 Mem:53.25M (Peak 53.61M) | Time:00:00.29 | Syncing wrapped katana grip
Fra:1 Mem:53.26M (Peak 53.61M) | Time:00:00.29 | Syncing square tsuba guard
Fra:1 Mem:53.27M (Peak 53.61M) | Time:00:00.29 | Syncing lacquered saya scabbard at left h
Fra:1 Mem:53.27M (Peak 53.61M) | Time:00:00.29 | Syncing waist sash tying armor
Fra:1 Mem:53.28M (Peak 53.61M) | Time:00:00.29 | Syncing bamboo sashimono back pole
Fra:1 Mem:53.29M (Peak 53.61M) | Time:00:00.29 | Syncing small lacquered sashimono crossba
Fra:1 Mem:53.30M (Peak 53.61M) | Time:00:00.29 | Syncing cloth sashimono banner panel
Fra:1 Mem:53.32M (Peak 53.61M) | Time:00:00.29 | Syncing simple round clan mon on banner
Fra:1 Mem:53.36M (Peak 53.61M) | Time:00:00.29 | Syncing cool key
Fra:1 Mem:53.36M (Peak 53.61M) | Time:00:00.29 | Syncing rim
Fra:1 Mem:53.36M (Peak 53.61M) | Time:00:00.29 | Syncing hero cam
Fra:1 Mem:53.36M (Peak 53.61M) | Time:00:00.29 | Syncing samurai_v2_provenance
Fra:1 Mem:53.44M (Peak 53.61M) | Time:00:00.30 | Rendering 1 / 32 samples
Fra:1 Mem:50.93M (Peak 53.61M) | Time:00:02.85 | Rendering 26 / 32 samples
Fra:1 Mem:50.93M (Peak 53.61M) | Time:00:03.28 | Rendering 32 / 32 samples
Saved: '/tmp/factoryx-v23-render/samurai-repaired-full-20-v23/takeda-01/samurai_character_hero.png'
 Time: 00:03.48 (Saving: 00:00.13)

ERROR (bke.modifier): ./source/blender/blenkernel/intern/modifier.cc:458 BKE_modifier_set_error: Object: "visible human forehead behind mempo", Modifier: "weighted normals", Enable 'Auto Smooth' in Object Data Properties
ERROR (bke.modifier): ./source/blender/blenkernel/intern/modifier.cc:458 BKE_modifier_set_error: Object: "narrow waist under-kimono volume", Modifier: "weighted normals", Enable 'Auto Smooth' in Object Data Properties
ERROR (bke.modifier): ./source/blender/blenkernel/intern/modifier.cc:458 BKE_modifier_set_error: Object: "ribcage under-kimono volume", Modifier: "weighted normals", Enable 'Auto Smooth' in Object Data Properties
ERROR (bke.modifier): ./source/blender/blenkernel/intern/modifier.cc:458 BKE_modifier_set_error: Object: "thin exposed neck", Modifier: "weighted normals", Enable 'Auto Smooth' in Object Data Properties
ERROR (bke.modifier): ./source/blender/blenkernel/intern/modifier.cc:458 BKE_modifier_set_error: Object: "segmented kabuto helmet bowl", Modifier: "weighted normals", Enable 'Auto Smooth' in Object Data Properties
ERROR (bke.modifier): ./source/blender/blenkernel/intern/modifier.cc:458 BKE_modifier_set_error: Object: "wide kabuto brim", Modifier: "weighted normals", Enable 'Auto Smooth' in Object Data Properties
ERROR (bke.modifier): ./source/blender/blenkernel/intern/modifier.cc:458 BKE_modifier_set_error: Object: "neck guard collar", Modifier: "weighted normals", Enable 'Auto Smooth' in Object Data Properties
ERROR (bke.modifier): ./source/blender/blenkernel/intern/modifier.cc:458 BKE_modifier_set_error: Object: "crest central rivet", Modifier: "weighted normals", Enable 'Auto Smooth' in Object Data Properties
ERROR (bke.modifier): ./source/blender/blenkernel/intern/modifier.cc:458 BKE_modifier_set_error: Object: "layered rear shikoro neck guard", Modifier: "weighted normals", Enable 'Auto Smooth' in Object Data Properties
ERROR (bke.modifier): ./source/blender/blenkernel/intern/modifier.cc:458 BKE_modifier_set_error: Object: "simple round clan mon on banner", Modifier: "weighted normals", Enable 'Auto Smooth' in Object Data Properties
ERROR (bke.modifier): ./source/blender/blenkernel/intern/modifier.cc:458 BKE_modifier_set_error: Object: "right side helmet flange", Modifier: "weighted normals", Enable 'Auto Smooth' in Object Data Properties
ERROR (bke.modifier): ./source/blender/blenkernel/intern/modifier.cc:458 BKE_modifier_set_error: Object: "mempo chin guard", Modifier: "weighted normals", Enable 'Auto Smooth' in Object Data Properties
ERROR (bke.modifier): ./source/blender/blenkernel/intern/modifier.cc:458 BKE_modifier_set_error: Object: "mempo nose ridge", Modifier: "weighted normals", Enable 'Auto Smooth' in Object Data Properties
ERROR (bke.modifier): ./source/blender/blenkernel/intern/modifier.cc:458 BKE_modifier_set_error: Object: "left narrow eye slit", Modifier: "weighted normals", Enable 'Auto Smooth' in Object Data Properties
ERROR (bke.modifier): ./source/blender/blenkernel/intern/modifier.cc:458 BKE_modifier_set_error: Object: "matte charcoal inspection plinth", Modifier: "weighted normals", Enable 'Auto Smooth' in Object Data Properties
ERROR (bke.modifier): ./source/blender/blenkernel/intern/modifier.cc:458 BKE_modifier_set_error: Object: "mempo grim mouth slit", Modifier: "weighted normals", Enable 'Auto Smooth' in Object Data Properties
ERROR (bke.modifier): ./source/blender/blenkernel/intern/modifier.cc:458 BKE_modifier_set_error: Object: "left angular mempo cheek plate", Modifier: "weighted normals", Enable 'Auto Smooth' in Object Data Properties
ERROR (bke.modifier): ./source/blender/blenkernel/intern/modifier.cc:458 BKE_modifier_set_error: Object: "cloth sashimono banner panel", Modifier: "weighted normals", Enable 'Auto Smooth' in Object Data Properties
ERROR (bke.modifier): ./source/blender/blenkernel/intern/modifier.cc:458 BKE_modifier_set_error: Object: "left side helmet flange", Modifier: "weighted normals", Enable 'Auto Smooth' in Object Data Properties
ERROR (bke.modifier): ./source/blender/blenkernel/intern/modifier.cc:458 BKE_modifier_set_error: Object: "throat guard row 1 bevelled lamellar plate 02", Modifier: "weighted normals", Enable 'Auto Smooth' in Object Data Properties
ERROR (bke.modifier): ./source/blender/blenkernel/intern/modifier.cc:458 BKE_modifier_set_error: Object: "throat guard row 1 bevelled lamellar plate 05", Modifier: "weighted normals", Enable 'Auto Smooth' in Object Data Properties
ERROR (bke.modifier): ./source/blender/blenkernel/intern/modifier.cc:458 BKE_modifier_set_error: Object: "throat guard row 1 bevelled lamellar plate 04", Modifier: "weighted normals", Enable 'Auto Smooth' in Object Data Properties
ERROR (bke.modifier): ./source/blender/blenkernel/intern/modifier.cc:458 BKE_modifier_set_error: Object: "throat guard row 1 bevelled lamellar plate 03", Modifier: "weighted normals", Enable 'Auto Smooth' in Object Data Properties
ERROR (bke.modifier): ./source/blender/blenkernel/intern/modifier.cc:458 BKE_modifier_set_error: Object: "throat guard row 2 bevelled lamellar plate 03", Modifier: "weighted normals", Enable 'Auto Smooth' in Object Data Properties
ERROR (bke.modifier): ./source/blender/blenkernel/intern/modifier.cc:458 BKE_modifier_set_error: Object: "right angular mempo cheek plate", Modifier: "weighted normals", Enable 'Auto Smooth' in Object Data Properties
ERROR (bke.modifier): ./source/blender/blenkernel/intern/modifier.cc:458 BKE_modifier_set_error: Object: "throat guard row 2 bevelled lamellar plate 01", Modifier: "weighted normals", Enable 'Auto Smooth' in Object Data Properties
ERROR (bke.modifier): ./source/blender/blenkernel/intern/modifier.cc:458 BKE_modifier_set_error: Object: "upper do cuirass fitted shell", Modifier: "weighted normals", Enable 'Auto Smooth' in Object Data Properties
ERROR (bke.modifier): ./source/blender/blenkernel/intern/modifier.cc:458 BKE_modifier_set_error: Object: "right narrow eye slit", Modifier: "weighted normals", Enable 'Auto Smooth' in Object Data Properties
ERROR (bke.modifier): ./source/blender/blenkernel/intern/modifier.cc:458 BKE_modifier_set_error: Object: "lower do cuirass narrowed shell", Modifier: "weighted normals", Enable 'Auto Smooth' in Object Data Properties
ERROR (bke.modifier): ./source/blender/blenkernel/intern/modifier.cc:458 BKE_modifier_set_error: Object: "throat guard row 2 bevelled lamellar plate 02", Modifier: "weighted normals", Enable 'Auto Smooth' in Object Data Properties
ERROR (bke.modifier): ./source/blender/blenkernel/intern/modifier.cc:458 BKE_modifier_set_error: Object: "throat guard row 1 bevelled lamellar plate 01", Modifier: "weighted normals", Enable 'Auto Smooth' in Object Data Properties
ERROR (bke.modifier): ./source/blender/blenkernel/intern/modifier.cc:458 BKE_modifier_set_error: Object: "small lacquered sashimono crossbar", Modifier: "weighted normals", Enable 'Auto Smooth' in Object Data Properties
ERROR (bke.modifier): ./source/blender/blenkernel/intern/modifier.cc:458 BKE_modifier_set_error: Object: "throat guard row 2 bevelled lamellar plate 05", Modifier: "weighted normals", Enable 'Auto Smooth' in Object Data Properties
ERROR (bke.modifier): ./source/blender/blenkernel/intern/modifier.cc:458 BKE_modifier_set_error: Object: "rear under-kimono back panel", Modifier: "weighted normals", Enable 'Auto Smooth' in Object Data Properties
ERROR (bke.modifier): ./source/blender/blenkernel/intern/modifier.cc:458 BKE_modifier_set_error: Object: "front cuirass row 1 bevelled lamellar plate 02", Modifier: "weighted normals", Enable 'Auto Smooth' in Object Data Properties
ERROR (bke.modifier): ./source/blender/blenkernel/intern/modifier.cc:458 BKE_modifier_set_error: Object: "throat guard row 3 bevelled lamellar plate 02", Modifier: "weighted normals", Enable 'Auto Smooth' in Object Data Properties
ERROR (bke.modifier): ./source/blender/blenkernel/intern/modifier.cc:458 BKE_modifier_set_error: Object: "throat guard row 2 bevelled lamellar plate 04", Modifier: "weighted normals", Enable 'Auto Smooth' in Object Data Properties
ERROR (bke.modifier): ./source/blender/blenkernel/intern/modifier.cc:458 BKE_modifier_set_error: Object: "front cuirass row 1 bevelled lamellar plate 03", Modifier: "weighted normals", Enable 'Auto Smooth' in Object Data Properties
ERROR (bke.modifier): ./source/blender/blenkernel/intern/modifier.cc:458 BKE_modifier_set_error: Object: "throat guard row 3 bevelled lamellar plate 05", Modifier: "weighted normals", Enable 'Auto Smooth' in Object Data Properties
ERROR (bke.modifier): ./source/blender/blenkernel/intern/modifier.cc:458 BKE_modifier_set_error: Object: "front cuirass row 1 bevelled lamellar plate 06", Modifier: "weighted normals", Enable 'Auto Smooth' in Object Data Properties
ERROR (bke.modifier): ./source/blender/blenkernel/intern/modifier.cc:458 BKE_modifier_set_error: Object: "throat guard row 3 bevelled lamellar plate 01", Modifier: "weighted normals", Enable 'Auto Smooth' in Object Data Properties
ERROR (bke.modifier): ./source/blender/blenkernel/intern/modifier.cc:458 BKE_modifier_set_error: Object: "front cuirass row 1 bevelled lamellar plate 05", Modifier: "weighted normals", Enable 'Auto Smooth' in Object Data Properties
ERROR (bke.modifier): ./source/blender/blenkernel/intern/modifier.cc:458 BKE_modifier_set_error: Object: "throat guard row 3 bevelled lamellar plate 04", Modifier: "weighted normals", Enable 'Auto Smooth' in Object Data Properties
ERROR (bke.modifier): ./source/blender/blenkernel/intern/modifier.cc:458 BKE_modifier_set_error: Object: "front cuirass row 1 bevelled lamellar plate 01", Modifier: "weighted normals", Enable 'Auto Smooth' in Object Data Properties
ERROR (bke.modifier): ./source/blender/blenkernel/intern/modifier.cc:458 BKE_modifier_set_error: Object: "front under-kimono chest panel", Modifier: "weighted normals", Enable 'Auto Smooth' in Object Data Properties
ERROR (bke.modifier): ./source/blender/blenkernel/intern/modifier.cc:458 BKE_modifier_set_error: Object: "front cuirass row 1 bevelled lamellar plate 07", Modifier: "weighted normals", Enable 'Auto Smooth' in Object Data Properties
ERROR (bke.modifier): ./source/blender/blenkernel/intern/modifier.cc:458 BKE_modifier_set_error: Object: "throat guard row 3 bevelled lamellar plate 03", Modifier: "weighted normals", Enable 'Auto Smooth' in Object Data Properties
ERROR (bke.modifier): ./source/blender/blenkernel/intern/modifier.cc:458 BKE_modifier_set_error: Object: "front cuirass row 1 bevelled lamellar plate 04", Modifier: "weighted normals", Enable 'Auto Smooth' in Object Data Properties
ERROR (bke.modifier): ./source/blender/blenkernel/intern/modifier.cc:458 BKE_modifier_set_error: Object: "front cuirass row 1 bevelled lamellar plate 08", Modifier: "weighted normals", Enable 'Auto Smooth' in Object Data Properties
ERROR (bke.modifier): ./source/blender/blenkernel/intern/modifier.cc:458 BKE_modifier_set_error: Object: "rear cuirass row 1 bevelled lamellar plate 01", Modifier: "weighted normals", Enable 'Auto Smooth' in Object Data Properties
ERROR (bke.modifier): ./source/blender/blenkernel/intern/modifier.cc:458 BKE_modifier_set_error: Object: "rear cuirass row 1 bevelled lamellar plate 08", Modifier: "weighted normals", Enable 'Auto Smooth' in Object Data Properties
ERROR (bke.modifier): ./source/blender/blenkernel/intern/modifier.cc:458 BKE_modifier_set_error: Object: "rear cuirass row 1 bevelled lamellar plate 02", Modifier: "weighted normals", Enable 'Auto Smooth' in Object Data Properties
ERROR (bke.modifier): ./source/blender/blenkernel/intern/modifier.cc:458 BKE_modifier_set_error: Object: "rear cuirass row 1 bevelled lamellar plate 03", Modifier: "weighted normals", Enable 'Auto Smooth' in Object Data Properties
ERROR (bke.modifier): ./source/blender/blenkernel/intern/modifier.cc:458 BKE_modifier_set_error: Object: "rear cuirass row 1 bevelled lamellar plate 05", Modifier: "weighted normals", Enable 'Auto Smooth' in Object Data Properties
ERROR (bke.modifier): ./source/blender/blenkernel/intern/modifier.cc:458 BKE_modifier_set_error: Object: "rear cuirass row 1 bevelled lamellar plate 04", Modifier: "weighted normals", Enable 'Auto Smooth' in Object Data Properties
ERROR (bke.modifier): ./source/blender/blenkernel/intern/modifier.cc:458 BKE_modifier_set_error: Object: "rear cuirass row 1 bevelled lamellar plate 06", Modifier: "weighted normals", Enable 'Auto Smooth' in Object Data Properties
ERROR (bke.modifier): ./source/blender/blenkernel/intern/modifier.cc:458 BKE_modifier_set_error: Object: "rear cuirass row 1 bevelled lamellar plate 07", Modifier: "weighted normals", Enable 'Auto Smooth' in Object Data Properties
ERROR (bke.modifier): ./source/blender/blenkernel/intern/modifier.cc:458 BKE_modifier_set_error: Object: "square tsuba guard", Modifier: "weighted normals", Enable 'Auto Smooth' in Object Data Properties
ERROR (bke.modifier): ./source/blender/blenkernel/intern/modifier.cc:458 BKE_modifier_set_error: Object: "front cuirass row 2 bevelled lamellar plate 02", Modifier: "weighted normals", Enable 'Auto Smooth' in Object Data Properties
ERROR (bke.modifier): ./source/blender/blenkernel/intern/modifier.cc:458 BKE_modifier_set_error: Object: "wrapped katana grip", Modifier: "weighted normals", Enable 'Auto Smooth' in Object Data Properties
ERROR (bke.modifier): ./source/blender/blenkernel/intern/modifier.cc:458 BKE_modifier_set_error: Object: "front cuirass row 2 bevelled lamellar plate 04", Modifier: "weighted normals", Enable 'Auto Smooth' in Object Data Properties
ERROR (bke.modifier): ./source/blender/blenkernel/intern/modifier.cc:458 BKE_modifier_set_error: Object: "rear cuirass row 2 bevelled lamellar plate 01", Modifier: "weighted normals", Enable 'Auto Smooth' in Object Data Properties
ERROR (bke.modifier): ./source/blender/blenkernel/intern/modifier.cc:458 BKE_modifier_set_error: Object: "front cuirass row 2 bevelled lamellar plate 05", Modifier: "weighted normals", Enable 'Auto Smooth' in Object Data Properties
ERROR (bke.modifier): ./source/blender/blenkernel/intern/modifier.cc:458 BKE_modifier_set_error: Object: "front cuirass row 2 bevelled lamellar plate 03", Modifier: "weighted normals", Enable 'Auto Smooth' in Object Data Properties
ERROR (bke.modifier): ./source/blender/blenkernel/intern/modifier.cc:458 BKE_modifier_set_error: Object: "front cuirass row 2 bevelled lamellar plate 01", Modifier: "weighted normals", Enable 'Auto Smooth' in Object Data Properties
ERROR (bke.modifier): ./source/blender/blenkernel/intern/modifier.cc:458 BKE_modifier_set_error: Object: "front cuirass row 2 bevelled lamellar plate 06", Modifier: "weighted normals", Enable 'Auto Smooth' in Object Data Properties
ERROR (bke.modifier): ./source/blender/blenkernel/intern/modifier.cc:458 BKE_modifier_set_error: Object: "front cuirass row 2 bevelled lamellar plate 07", Modifier: "weighted normals", Enable 'Auto Smooth' in Object Data Properties
ERROR (bke.modifier): ./source/blender/blenkernel/intern/modifier.cc:458 BKE_modifier_set_error: Object: "front cuirass row 2 bevelled lamellar plate 08", Modifier: "weighted normals", Enable 'Auto Smooth' in Object Data Properties
ERROR (bke.modifier): ./source/blender/blenkernel/intern/modifier.cc:458 BKE_modifier_set_error: Object: "rear cuirass row 2 bevelled lamellar plate 02", Modifier: "weighted normals", Enable 'Auto Smooth' in Object Data Properties
ERROR (bke.modifier): ./source/blender/blenkernel/intern/modifier.cc:458 BKE_modifier_set_error: Object: "front cuirass row 3 bevelled lamellar plate 02", Modifier: "weighted normals", Enable 'Auto Smooth' in Object Data Properties
ERROR (bke.modifier): ./source/blender/blenkernel/intern/modifier.cc:458 BKE_modifier_set_error: Object: "rear cuirass row 2 bevelled lamellar plate 07", Modifier: "weighted normals", Enable 'Auto Smooth' in Object Data Properties
ERROR (bke.modifier): ./source/blender/blenkernel/intern/modifier.cc:458 BKE_modifier_set_error: Object: "rear cuirass row 2 bevelled lamellar plate 03", Modifier: "weighted normals", Enable 'Auto Smooth' in Object Data Properties
ERROR (bke.modifier): ./source/blender/blenkernel/intern/modifier.cc:458 BKE_modifier_set_error: Object: "rear cuirass row 2 bevelled lamellar plate 05", Modifier: "weighted normals", Enable 'Auto Smooth' in Object Data Properties
ERROR (bke.modifier): ./source/blender/blenkernel/intern/modifier.cc:458 BKE_modifier_set_error: Object: "rear cuirass row 2 bevelled lamellar plate 06", Modifier: "weighted normals", Enable 'Auto Smooth' in Object Data Properties
ERROR (bke.modifier): ./source/blender/blenkernel/intern/modifier.cc:458 BKE_modifier_set_error: Object: "front cuirass row 3 bevelled lamellar plate 05", Modifier: "weighted normals", Enable 'Auto Smooth' in Object Data Properties
ERROR (bke.modifier): ./source/blender/blenkernel/intern/modifier.cc:458 BKE_modifier_set_error: Object: "rear cuirass row 2 bevelled lamellar plate 08", Modifier: "weighted normals", Enable 'Auto Smooth' in Object Data Properties
ERROR (bke.modifier): ./source/blender/blenkernel/intern/modifier.cc:458 BKE_modifier_set_error: Object: "front cuirass row 3 bevelled lamellar plate 06", Modifier: "weighted normals", Enable 'Auto Smooth' in Object Data Properties
ERROR (bke.modifier): ./source/blender/blenkernel/intern/modifier.cc:458 BKE_modifier_set_error: Object: "front cuirass row 3 bevelled lamellar plate 01", Modifier: "weighted normals", Enable 'Auto Smooth' in Object Data Properties
ERROR (bke.modifier): ./source/blender/blenkernel/intern/modifier.cc:458 BKE_modifier_set_error: Object: "rear cuirass row 2 bevelled lamellar plate 04", Modifier: "weighted normals", Enable 'Auto Smooth' in Object Data Properties
ERROR (bke.modifier): ./source/blender/blenkernel/intern/modifier.cc:458 BKE_modifier_set_error: Object: "front cuirass row 3 bevelled lamellar plate 03", Modifier: "weighted normals", Enable 'Auto Smooth' in Object Data Properties
ERROR (bke.modifier): ./source/blender/blenkernel/intern/modifier.cc:458 BKE_modifier_set_error: Object: "rear cuirass row 3 bevelled lamellar plate 07", Modifier: "weighted normals", Enable 'Auto Smooth' in Object Data Properties
ERROR (bke.modifier): ./source/blender/blenkernel/intern/modifier.cc:458 BKE_modifier_set_error: Object: "front cuirass row 3 bevelled lamellar plate 07", Modifier: "weighted normals", Enable 'Auto Smooth' in Object Data Properties
ERROR (bke.modifier): ./source/blender/blenkernel/intern/modifier.cc:458 BKE_modifier_set_error: Object: "rear cuirass row 3 bevelled lamellar plate 06", Modifier: "weighted normals", Enable 'Auto Smooth' in Object Data Properties
ERROR (bke.modifier): ./source/blender/blenkernel/intern/modifier.cc:458 BKE_modifier_set_error: Object: "front cuirass row 3 bevelled lamellar plate 04", Modifier: "weighted normals", Enable 'Auto Smooth' in Object Data Properties
ERROR (bke.modifier): ./source/blender/blenkernel/intern/modifier.cc:458 BKE_modifier_set_error: Object: "rear cuirass row 3 bevelled lamellar plate 02", Modifier: "weighted normals", Enable 'Auto Smooth' in Object Data Properties
ERROR (bke.modifier): ./source/blender/blenkernel/intern/modifier.cc:458 BKE_modifier_set_error: Object: "rear cuirass row 3 bevelled lamellar plate 04", Modifier: "weighted normals", Enable 'Auto Smooth' in Object Data Properties
ERROR (bke.modifier): ./source/blender/blenkernel/intern/modifier.cc:458 BKE_modifier_set_error: Object: "front cuirass row 3 bevelled lamellar plate 08", Modifier: "weighted normals", Enable 'Auto Smooth' in Object Data Properties
ERROR (bke.modifier): ./source/blender/blenkernel/intern/modifier.cc:458 BKE_modifier_set_error: Object: "rear cuirass row 3 bevelled lamellar plate 01", Modifier: "weighted normals", Enable 'Auto Smooth' in Object Data Properties
ERROR (bke.modifier): ./source/blender/blenkernel/intern/modifier.cc:458 BKE_modifier_set_error: Object: "rear cuirass row 3 bevelled lamellar plate 08", Modifier: "weighted normals", Enable 'Auto Smooth' in Object Data Properties
ERROR (bke.modifier): ./source/blender/blenkernel/intern/modifier.cc:458 BKE_modifier_set_error: Object: "front cuirass row 4 bevelled lamellar plate 01", Modifier: "weighted normals", Enable 'Auto Smooth' in Object Data Properties
ERROR (bke.modifier): ./source/blender/blenkernel/intern/modifier.cc:458 BKE_modifier_set_error: Object: "rear cuirass row 3 bevelled lamellar plate 03", Modifier: "weighted normals", Enable 'Auto Smooth' in Object Data Properties
ERROR (bke.modifier): ./source/blender/blenkernel/intern/modifier.cc:458 BKE_modifier_set_error: Object: "right woven waraji sole grounded", Modifier: "weighted normals", Enable 'Auto Smooth' in Object Data Properties
ERROR (bke.modifier): ./source/blender/blenkernel/intern/modifier.cc:458 BKE_modifier_set_error: Object: "rear cuirass row 3 bevelled lamellar plate 05", Modifier: "weighted normals", Enable 'Auto Smooth' in Object Data Properties
ERROR (bke.modifier): ./source/blender/blenkernel/intern/modifier.cc:458 BKE_modifier_set_error: Object: "right outer toe group", Modifier: "weighted normals", Enable 'Auto Smooth' in Object Data Properties
ERROR (bke.modifier): ./source/blender/blenkernel/intern/modifier.cc:458 BKE_modifier_set_error: Object: "front cuirass row 4 bevelled lamellar plate 02", Modifier: "weighted normals", Enable 'Auto Smooth' in Object Data Properties
ERROR (bke.modifier): ./source/blender/blenkernel/intern/modifier.cc:458 BKE_modifier_set_error: Object: "front cuirass row 4 bevelled lamellar plate 03", Modifier: "weighted normals", Enable 'Auto Smooth' in Object Data Properties
ERROR (bke.modifier): ./source/blender/blenkernel/intern/modifier.cc:458 BKE_modifier_set_error: Object: "front cuirass row 4 bevelled lamellar plate 04", Modifier: "weighted normals", Enable 'Auto Smooth' in Object Data Properties
ERROR (bke.modifier): ./source/blender/blenkernel/intern/modifier.cc:458 BKE_modifier_set_error: Object: "rear cuirass row 4 bevelled lamellar plate 02", Modifier: "weighted normals", Enable 'Auto Smooth' in Object Data Properties
ERROR (bke.modifier): ./source/blender/blenkernel/intern/modifier.cc:458 BKE_modifier_set_error: Object: "right separated big toe", Modifier: "weighted normals", Enable 'Auto Smooth' in Object Data Properties
ERROR (bke.modifier): ./source/blender/blenkernel/intern/modifier.cc:458 BKE_modifier_set_error: Object: "right split-toe tabi foot volume", Modifier: "weighted normals", Enable 'Auto Smooth' in Object Data Properties
ERROR (bke.modifier): ./source/blender/blenkernel/intern/modifier.cc:458 BKE_modifier_set_error: Object: "front cuirass row 4 bevelled lamellar plate 05", Modifier: "weighted normals", Enable 'Auto Smooth' in Object Data Properties
ERROR (bke.modifier): ./source/blender/blenkernel/intern/modifier.cc:458 BKE_modifier_set_error: Object: "front cuirass row 4 bevelled lamellar plate 07", Modifier: "weighted normals", Enable 'Auto Smooth' in Object Data Properties
ERROR (bke.modifier): ./source/blender/blenkernel/intern/modifier.cc:458 BKE_modifier_set_error: Object: "right shin greave", Modifier: "weighted normals", Enable 'Auto Smooth' in Object Data Properties
ERROR (bke.modifier): ./source/blender/blenkernel/intern/modifier.cc:458 BKE_modifier_set_error: Object: "rear cuirass row 4 bevelled lamellar plate 03", Modifier: "weighted normals", Enable 'Auto Smooth' in Object Data Properties
ERROR (bke.modifier): ./source/blender/blenkernel/intern/modifier.cc:458 BKE_modifier_set_error: Object: "front cuirass row 4 bevelled lamellar plate 06", Modifier: "weighted normals", Enable 'Auto Smooth' in Object Data Properties
ERROR (bke.modifier): ./source/blender/blenkernel/intern/modifier.cc:458 BKE_modifier_set_error: Object: "rear cuirass row 4 bevelled lamellar plate 01", Modifier: "weighted normals", Enable 'Auto Smooth' in Object Data Properties
ERROR (bke.modifier): ./source/blender/blenkernel/intern/modifier.cc:458 BKE_modifier_set_error: Object: "front cuirass row 4 bevelled lamellar plate 08", Modifier: "weighted normals", Enable 'Auto Smooth' in Object Data Properties
ERROR (bke.modifier): ./source/blender/blenkernel/intern/modifier.cc:458 BKE_modifier_set_error: Object: "right hakama trouser leg", Modifier: "weighted normals", Enable 'Auto Smooth' in Object Data Properties
ERROR (bke.modifier): ./source/blender/blenkernel/intern/modifier.cc:458 BKE_modifier_set_error: Object: "rear cuirass row 4 bevelled lamellar plate 04", Modifier: "weighted normals", Enable 'Auto Smooth' in Object Data Properties
ERROR (bke.modifier): ./source/blender/blenkernel/intern/modifier.cc:458 BKE_modifier_set_error: Object: "front cuirass row 5 bevelled lamellar plate 04", Modifier: "weighted normals", Enable 'Auto Smooth' in Object Data Properties
ERROR (bke.modifier): ./source/blender/blenkernel/intern/modifier.cc:458 BKE_modifier_set_error: Object: "rear cuirass row 4 bevelled lamellar plate 06", Modifier: "weighted normals", Enable 'Auto Smooth' in Object Data Properties
ERROR (bke.modifier): ./source/blender/blenkernel/intern/modifier.cc:458 BKE_modifier_set_error: Object: "rear cuirass row 4 bevelled lamellar plate 08", Modifier: "weighted normals", Enable 'Auto Smooth' in Object Data Properties
ERROR (bke.modifier): ./source/blender/blenkernel/intern/modifier.cc:458 BKE_modifier_set_error: Object: "front cuirass row 5 bevelled lamellar plate 01", Modifier: "weighted normals", Enable 'Auto Smooth' in Object Data Properties
ERROR (bke.modifier): ./source/blender/blenkernel/intern/modifier.cc:458 BKE_modifier_set_error: Object: "rear cuirass row 4 bevelled lamellar plate 07", Modifier: "weighted normals", Enable 'Auto Smooth' in Object Data Properties
ERROR (bke.modifier): ./source/blender/blenkernel/intern/modifier.cc:458 BKE_modifier_set_error: Object: "front cuirass row 5 bevelled lamellar plate 02", Modifier: "weighted normals", Enable 'Auto Smooth' in Object Data Properties
ERROR (bke.modifier): ./source/blender/blenkernel/intern/modifier.cc:458 BKE_modifier_set_error: Object: "rear cuirass row 4 bevelled lamellar plate 05", Modifier: "weighted normals", Enable 'Auto Smooth' in Object Data Properties
ERROR (bke.modifier): ./source/blender/blenkernel/intern/modifier.cc:458 BKE_modifier_set_error: Object: "rear cuirass row 5 bevelled lamellar plate 04", Modifier: "weighted normals", Enable 'Auto Smooth' in Object Data Properties
ERROR (bke.modifier): ./source/blender/blenkernel/intern/modifier.cc:458 BKE_modifier_set_error: Object: "front cuirass row 5 bevelled lamellar plate 03", Modifier: "weighted normals", Enable 'Auto Smooth' in Object Data Properties
ERROR (bke.modifier): ./source/blender/blenkernel/intern/modifier.cc:458 BKE_modifier_set_error: Object: "front cuirass row 5 bevelled lamellar plate 05", Modifier: "weighted normals", Enable 'Auto Smooth' in Object Data Properties
ERROR (bke.modifier): ./source/blender/blenkernel/intern/modifier.cc:458 BKE_modifier_set_error: Object: "front cuirass row 5 bevelled lamellar plate 06", Modifier: "weighted normals", Enable 'Auto Smooth' in Object Data Properties
ERROR (bke.modifier): ./source/blender/blenkernel/intern/modifier.cc:458 BKE_modifier_set_error: Object: "front cuirass row 5 bevelled lamellar plate 07", Modifier: "weighted normals", Enable 'Auto Smooth' in Object Data Properties
ERROR (bke.modifier): ./source/blender/blenkernel/intern/modifier.cc:458 BKE_modifier_set_error: Object: "rear cuirass row 5 bevelled lamellar plate 01", Modifier: "weighted normals", Enable 'Auto Smooth' in Object Data Properties
ERROR (bke.modifier): ./source/blender/blenkernel/intern/modifier.cc:458 BKE_modifier_set_error: Object: "rear cuirass row 5 bevelled lamellar plate 03", Modifier: "weighted normals", Enable 'Auto Smooth' in Object Data Properties
ERROR (bke.modifier): ./source/blender/blenkernel/intern/modifier.cc:458 BKE_modifier_set_error: Object: "left shoulder undercloth", Modifier: "weighted normals", Enable 'Auto Smooth' in Object Data Properties
ERROR (bke.modifier): ./source/blender/blenkernel/intern/modifier.cc:458 BKE_modifier_set_error: Object: "left side cuirass plate 1", Modifier: "weighted normals", Enable 'Auto Smooth' in Object Data Properties
ERROR (bke.modifier): ./source/blender/blenkernel/intern/modifier.cc:458 BKE_modifier_set_error: Object: "front cuirass row 5 bevelled lamellar plate 08", Modifier: "weighted normals", Enable 'Auto Smooth' in Object Data Properties
ERROR (bke.modifier): ./source/blender/blenkernel/intern/modifier.cc:458 BKE_modifier_set_error: Object: "rear cuirass row 5 bevelled lamellar plate 02", Modifier: "weighted normals", Enable 'Auto Smooth' in Object Data Properties
ERROR (bke.modifier): ./source/blender/blenkernel/intern/modifier.cc:458 BKE_modifier_set_error: Object: "rear cuirass row 5 bevelled lamellar plate 05", Modifier: "weighted normals", Enable 'Auto Smooth' in Object Data Properties
ERROR (bke.modifier): ./source/blender/blenkernel/intern/modifier.cc:458 BKE_modifier_set_error: Object: "left side cuirass plate 2", Modifier: "weighted normals", Enable 'Auto Smooth' in Object Data Properties
ERROR (bke.modifier): ./source/blender/blenkernel/intern/modifier.cc:458 BKE_modifier_set_error: Object: "rear cuirass row 5 bevelled lamellar plate 06", Modifier: "weighted normals", Enable 'Auto Smooth' in Object Data Properties
ERROR (bke.modifier): ./source/blender/blenkernel/intern/modifier.cc:458 BKE_modifier_set_error: Object: "left armored upper arm", Modifier: "weighted normals", Enable 'Auto Smooth' in Object Data Properties
ERROR (bke.modifier): ./source/blender/blenkernel/intern/modifier.cc:458 BKE_modifier_set_error: Object: "left sode shoulder armor", Modifier: "weighted normals", Enable 'Auto Smooth' in Object Data Properties
ERROR (bke.modifier): ./source/blender/blenkernel/intern/modifier.cc:458 BKE_modifier_set_error: Object: "left kote forearm guard", Modifier: "weighted normals", Enable 'Auto Smooth' in Object Data Properties
ERROR (bke.modifier): ./source/blender/blenkernel/intern/modifier.cc:458 BKE_modifier_set_error: Object: "left leather palm volume", Modifier: "weighted normals", Enable 'Auto Smooth' in Object Data Properties
ERROR (bke.modifier): ./source/blender/blenkernel/intern/modifier.cc:458 BKE_modifier_set_error: Object: "left side cuirass plate 3", Modifier: "weighted normals", Enable 'Auto Smooth' in Object Data Properties
ERROR (bke.modifier): ./source/blender/blenkernel/intern/modifier.cc:458 BKE_modifier_set_error: Object: "rear cuirass row 5 bevelled lamellar plate 07", Modifier: "weighted normals", Enable 'Auto Smooth' in Object Data Properties
ERROR (bke.modifier): ./source/blender/blenkernel/intern/modifier.cc:458 BKE_modifier_set_error: Object: "right side cuirass plate 1", Modifier: "weighted normals", Enable 'Auto Smooth' in Object Data Properties
ERROR (bke.modifier): ./source/blender/blenkernel/intern/modifier.cc:458 BKE_modifier_set_error: Object: "left index fingertip", Modifier: "weighted normals", Enable 'Auto Smooth' in Object Data Properties
ERROR (bke.modifier): ./source/blender/blenkernel/intern/modifier.cc:458 BKE_modifier_set_error: Object: "rear cuirass row 5 bevelled lamellar plate 08", Modifier: "weighted normals", Enable 'Auto Smooth' in Object Data Properties
ERROR (bke.modifier): ./source/blender/blenkernel/intern/modifier.cc:458 BKE_modifier_set_error: Object: "left middle fingertip", Modifier: "weighted normals", Enable 'Auto Smooth' in Object Data Properties
ERROR (bke.modifier): ./source/blender/blenkernel/intern/modifier.cc:458 BKE_modifier_set_error: Object: "left ring fingertip", Modifier: "weighted normals", Enable 'Auto Smooth' in Object Data Properties
ERROR (bke.modifier): ./source/blender/blenkernel/intern/modifier.cc:458 BKE_modifier_set_error: Object: "left hanging sode shoulder plate 3", Modifier: "weighted normals", Enable 'Auto Smooth' in Object Data Properties
ERROR (bke.modifier): ./source/blender/blenkernel/intern/modifier.cc:458 BKE_modifier_set_error: Object: "left pinky fingertip", Modifier: "weighted normals", Enable 'Auto Smooth' in Object Data Properties
ERROR (bke.modifier): ./source/blender/blenkernel/intern/modifier.cc:458 BKE_modifier_set_error: Object: "right side cuirass plate 2", Modifier: "weighted normals", Enable 'Auto Smooth' in Object Data Properties
ERROR (bke.modifier): ./source/blender/blenkernel/intern/modifier.cc:458 BKE_modifier_set_error: Object: "left thumb fingertip", Modifier: "weighted normals", Enable 'Auto Smooth' in Object Data Properties
ERROR (bke.modifier): ./source/blender/blenkernel/intern/modifier.cc:458 BKE_modifier_set_error: Object: "right shoulder undercloth", Modifier: "weighted normals", Enable 'Auto Smooth' in Object Data Properties
ERROR (bke.modifier): ./source/blender/blenkernel/intern/modifier.cc:458 BKE_modifier_set_error: Object: "right armored upper arm", Modifier: "weighted normals", Enable 'Auto Smooth' in Object Data Properties
ERROR (bke.modifier): ./source/blender/blenkernel/intern/modifier.cc:458 BKE_modifier_set_error: Object: "right sode shoulder armor", Modifier: "weighted normals", Enable 'Auto Smooth' in Object Data Properties
ERROR (bke.modifier): ./source/blender/blenkernel/intern/modifier.cc:458 BKE_modifier_set_error: Object: "right index fingertip", Modifier: "weighted normals", Enable 'Auto Smooth' in Object Data Properties
ERROR (bke.modifier): ./source/blender/blenkernel/intern/modifier.cc:458 BKE_modifier_set_error: Object: "right kote forearm guard", Modifier: "weighted normals", Enable 'Auto Smooth' in Object Data Properties
ERROR (bke.modifier): ./source/blender/blenkernel/intern/modifier.cc:458 BKE_modifier_set_error: Object: "right leather palm volume", Modifier: "weighted normals", Enable 'Auto Smooth' in Object Data Properties
ERROR (bke.modifier): ./source/blender/blenkernel/intern/modifier.cc:458 BKE_modifier_set_error: Object: "right middle fingertip", Modifier: "weighted normals", Enable 'Auto Smooth' in Object Data Properties
ERROR (bke.modifier): ./source/blender/blenkernel/intern/modifier.cc:458 BKE_modifier_set_error: Object: "right ring fingertip", Modifier: "weighted normals", Enable 'Auto Smooth' in Object Data Properties
ERROR (bke.modifier): ./source/blender/blenkernel/intern/modifier.cc:458 BKE_modifier_set_error: Object: "right side cuirass plate 3", Modifier: "weighted normals", Enable 'Auto Smooth' in Object Data Properties
ERROR (bke.modifier): ./source/blender/blenkernel/intern/modifier.cc:458 BKE_modifier_set_error: Object: "right pinky fingertip", Modifier: "weighted normals", Enable 'Auto Smooth' in Object Data Properties
ERROR (bke.modifier): ./source/blender/blenkernel/intern/modifier.cc:458 BKE_modifier_set_error: Object: "left hanging sode shoulder plate 2", Modifier: "weighted normals", Enable 'Auto Smooth' in Object Data Properties
ERROR (bke.modifier): ./source/blender/blenkernel/intern/modifier.cc:458 BKE_modifier_set_error: Object: "left hanging sode shoulder plate 1", Modifier: "weighted normals", Enable 'Auto Smooth' in Object Data Properties
ERROR (bke.modifier): ./source/blender/blenkernel/intern/modifier.cc:458 BKE_modifier_set_error: Object: "right thumb fingertip", Modifier: "weighted normals", Enable 'Auto Smooth' in Object Data Properties
ERROR (bke.modifier): ./source/blender/blenkernel/intern/modifier.cc:458 BKE_modifier_set_error: Object: "right hanging sode shoulder plate 3", Modifier: "weighted normals", Enable 'Auto Smooth' in Object Data Properties
ERROR (bke.modifier): ./source/blender/blenkernel/intern/modifier.cc:458 BKE_modifier_set_error: Object: "left woven waraji sole grounded", Modifier: "weighted normals", Enable 'Auto Smooth' in Object Data Properties
ERROR (bke.modifier): ./source/blender/blenkernel/intern/modifier.cc:458 BKE_modifier_set_error: Object: "left hanging sode shoulder plate 4", Modifier: "weighted normals", Enable 'Auto Smooth' in Object Data Properties
ERROR (bke.modifier): ./source/blender/blenkernel/intern/modifier.cc:458 BKE_modifier_set_error: Object: "left outer toe group", Modifier: "weighted normals", Enable 'Auto Smooth' in Object Data Properties
ERROR (bke.modifier): ./source/blender/blenkernel/intern/modifier.cc:458 BKE_modifier_set_error: Object: "left separated big toe", Modifier: "weighted normals", Enable 'Auto Smooth' in Object Data Properties
ERROR (bke.modifier): ./source/blender/blenkernel/intern/modifier.cc:458 BKE_modifier_set_error: Object: "rear kusazuri skirt plate +0 row 2", Modifier: "weighted normals", Enable 'Auto Smooth' in Object Data Properties
ERROR (bke.modifier): ./source/blender/blenkernel/intern/modifier.cc:458 BKE_modifier_set_error: Object: "right hanging sode shoulder plate 4", Modifier: "weighted normals", Enable 'Auto Smooth' in Object Data Properties
ERROR (bke.modifier): ./source/blender/blenkernel/intern/modifier.cc:458 BKE_modifier_set_error: Object: "right hanging sode shoulder plate 2", Modifier: "weighted normals", Enable 'Auto Smooth' in Object Data Properties
ERROR (bke.modifier): ./source/blender/blenkernel/intern/modifier.cc:458 BKE_modifier_set_error: Object: "right hanging sode shoulder plate 1", Modifier: "weighted normals", Enable 'Auto Smooth' in Object Data Properties
ERROR (bke.modifier): ./source/blender/blenkernel/intern/modifier.cc:458 BKE_modifier_set_error: Object: "left split-toe tabi foot volume", Modifier: "weighted normals", Enable 'Auto Smooth' in Object Data Properties
ERROR (bke.modifier): ./source/blender/blenkernel/intern/modifier.cc:458 BKE_modifier_set_error: Object: "rear kusazuri skirt plate -1 row 1", Modifier: "weighted normals", Enable 'Auto Smooth' in Object Data Properties
ERROR (bke.modifier): ./source/blender/blenkernel/intern/modifier.cc:458 BKE_modifier_set_error: Object: "kusazuri skirt plate +0 row 1", Modifier: "weighted normals", Enable 'Auto Smooth' in Object Data Properties
ERROR (bke.modifier): ./source/blender/blenkernel/intern/modifier.cc:458 BKE_modifier_set_error: Object: "left shin greave", Modifier: "weighted normals", Enable 'Auto Smooth' in Object Data Properties
ERROR (bke.modifier): ./source/blender/blenkernel/intern/modifier.cc:458 BKE_modifier_set_error: Object: "kusazuri skirt plate -1 row 2", Modifier: "weighted normals", Enable 'Auto Smooth' in Object Data Properties
ERROR (bke.modifier): ./source/blender/blenkernel/intern/modifier.cc:458 BKE_modifier_set_error: Object: "kusazuri skirt plate -1 row 1", Modifier: "weighted normals", Enable 'Auto Smooth' in Object Data Properties
ERROR (bke.modifier): ./source/blender/blenkernel/intern/modifier.cc:458 BKE_modifier_set_error: Object: "kusazuri skirt plate -1 row 3", Modifier: "weighted normals", Enable 'Auto Smooth' in Object Data Properties
ERROR (bke.modifier): ./source/blender/blenkernel/intern/modifier.cc:458 BKE_modifier_set_error: Object: "kusazuri skirt plate +1 row 1", Modifier: "weighted normals", Enable 'Auto Smooth' in Object Data Properties
ERROR (bke.modifier): ./source/blender/blenkernel/intern/modifier.cc:458 BKE_modifier_set_error: Object: "rear kusazuri skirt plate -1 row 2", Modifier: "weighted normals", Enable 'Auto Smooth' in Object Data Properties
ERROR (bke.modifier): ./source/blender/blenkernel/intern/modifier.cc:458 BKE_modifier_set_error: Object: "left hakama trouser leg", Modifier: "weighted normals", Enable 'Auto Smooth' in Object Data Properties
ERROR (bke.modifier): ./source/blender/blenkernel/intern/modifier.cc:458 BKE_modifier_set_error: Object: "rear kusazuri skirt plate -1 row 3", Modifier: "weighted normals", Enable 'Auto Smooth' in Object Data Properties
ERROR (bke.modifier): ./source/blender/blenkernel/intern/modifier.cc:458 BKE_modifier_set_error: Object: "rear kusazuri skirt plate +0 row 1", Modifier: "weighted normals", Enable 'Auto Smooth' in Object Data Properties
ERROR (bke.modifier): ./source/blender/blenkernel/intern/modifier.cc:458 BKE_modifier_set_error: Object: "kusazuri skirt plate +0 row 2", Modifier: "weighted normals", Enable 'Auto Smooth' in Object Data Properties
ERROR (bke.modifier): ./source/blender/blenkernel/intern/modifier.cc:458 BKE_modifier_set_error: Object: "kusazuri skirt plate +0 row 3", Modifier: "weighted normals", Enable 'Auto Smooth' in Object Data Properties
ERROR (bke.modifier): ./source/blender/blenkernel/intern/modifier.cc:458 BKE_modifier_set_error: Object: "rear kusazuri skirt plate +0 row 3", Modifier: "weighted normals", Enable 'Auto Smooth' in Object Data Properties
ERROR (bke.modifier): ./source/blender/blenkernel/intern/modifier.cc:458 BKE_modifier_set_error: Object: "right hanging hakama outer cloth", Modifier: "weighted normals", Enable 'Auto Smooth' in Object Data Properties
ERROR (bke.modifier): ./source/blender/blenkernel/intern/modifier.cc:458 BKE_modifier_set_error: Object: "kusazuri skirt plate +1 row 3", Modifier: "weighted normals", Enable 'Auto Smooth' in Object Data Properties
ERROR (bke.modifier): ./source/blender/blenkernel/intern/modifier.cc:458 BKE_modifier_set_error: Object: "rear kusazuri skirt plate +1 row 3", Modifier: "weighted normals", Enable 'Auto Smooth' in Object Data Properties
ERROR (bke.modifier): ./source/blender/blenkernel/intern/modifier.cc:458 BKE_modifier_set_error: Object: "rear kusazuri skirt plate +1 row 2", Modifier: "weighted normals", Enable 'Auto Smooth' in Object Data Properties
ERROR (bke.modifier): ./source/blender/blenkernel/intern/modifier.cc:458 BKE_modifier_set_error: Object: "left hanging hakama outer cloth", Modifier: "weighted normals", Enable 'Auto Smooth' in Object Data Properties
ERROR (bke.modifier): ./source/blender/blenkernel/intern/modifier.cc:458 BKE_modifier_set_error: Object: "right side hakama fold", Modifier: "weighted normals", Enable 'Auto Smooth' in Object Data Properties
ERROR (bke.modifier): ./source/blender/blenkernel/intern/modifier.cc:458 BKE_modifier_set_error: Object: "kusazuri skirt plate +1 row 2", Modifier: "weighted normals", Enable 'Auto Smooth' in Object Data Properties
ERROR (bke.modifier): ./source/blender/blenkernel/intern/modifier.cc:458 BKE_modifier_set_error: Object: "rear kusazuri skirt plate +1 row 1", Modifier: "weighted normals", Enable 'Auto Smooth' in Object Data Properties
ERROR (bke.modifier): ./source/blender/blenkernel/intern/modifier.cc:458 BKE_modifier_set_error: Object: "left side hakama fold", Modifier: "weighted normals", Enable 'Auto Smooth' in Object Data Properties
Fra:1 Mem:48.61M (Peak 48.63M) | Time:00:00.05 | Syncing matte charcoal inspection plinth
Fra:1 Mem:48.62M (Peak 48.67M) | Time:00:00.06 | Syncing ribcage under-kimono volume
Fra:1 Mem:48.71M (Peak 48.71M) | Time:00:00.06 | Syncing narrow waist under-kimono volume
Fra:1 Mem:48.78M (Peak 48.78M) | Time:00:00.06 | Syncing visible human forehead behind mem
Fra:1 Mem:48.87M (Peak 48.87M) | Time:00:00.06 | Syncing thin exposed neck
Fra:1 Mem:48.88M (Peak 48.89M) | Time:00:00.06 | Syncing neck guard collar
Fra:1 Mem:48.90M (Peak 48.94M) | Time:00:00.06 | Syncing segmented kabuto helmet bowl
Fra:1 Mem:49.06M (Peak 49.07M) | Time:00:00.06 | Syncing wide kabuto brim
Fra:1 Mem:49.09M (Peak 49.09M) | Time:00:00.06 | Syncing layered rear shikoro neck guard
Fra:1 Mem:49.11M (Peak 49.11M) | Time:00:00.06 | Syncing left side helmet flange
Fra:1 Mem:49.12M (Peak 49.12M) | Time:00:00.06 | Syncing right side helmet flange
Fra:1 Mem:49.13M (Peak 49.13M) | Time:00:00.06 | Syncing golden maedate crescent crest
Fra:1 Mem:49.15M (Peak 49.20M) | Time:00:00.06 | Syncing crest central rivet
Fra:1 Mem:49.16M (Peak 49.20M) | Time:00:00.06 | Syncing left angular mempo cheek plate
Fra:1 Mem:49.18M (Peak 49.22M) | Time:00:00.06 | Syncing right angular mempo cheek plate
Fra:1 Mem:49.20M (Peak 49.22M) | Time:00:00.06 | Syncing mempo chin guard
Fra:1 Mem:49.22M (Peak 49.22M) | Time:00:00.06 | Syncing mempo nose ridge
Fra:1 Mem:49.23M (Peak 49.23M) | Time:00:00.06 | Syncing left narrow eye slit
Fra:1 Mem:49.25M (Peak 49.25M) | Time:00:00.06 | Syncing right narrow eye slit
Fra:1 Mem:49.26M (Peak 49.26M) | Time:00:00.06 | Syncing mempo grim mouth slit
Fra:1 Mem:49.27M (Peak 49.27M) | Time:00:00.06 | Syncing left mask moustache bristle
Fra:1 Mem:49.28M (Peak 49.28M) | Time:00:00.06 | Syncing right mask moustache bristle
Fra:1 Mem:49.29M (Peak 49.29M) | Time:00:00.06 | Syncing throat guard row 1 bevelled lamel
Fra:1 Mem:49.31M (Peak 49.31M) | Time:00:00.06 | Syncing throat guard row 1 bevelled lamel
Fra:1 Mem:49.33M (Peak 49.33M) | Time:00:00.06 | Syncing throat guard row 1 bevelled lamel
Fra:1 Mem:49.34M (Peak 49.34M) | Time:00:00.06 | Syncing throat guard row 1 bevelled lamel
Fra:1 Mem:49.36M (Peak 49.36M) | Time:00:00.06 | Syncing throat guard row 1 bevelled lamel
Fra:1 Mem:49.38M (Peak 49.38M) | Time:00:00.06 | Syncing throat guard row 2 bevelled lamel
Fra:1 Mem:49.40M (Peak 49.40M) | Time:00:00.06 | Syncing throat guard row 2 bevelled lamel
Fra:1 Mem:49.42M (Peak 49.42M) | Time:00:00.06 | Syncing throat guard row 2 bevelled lamel
Fra:1 Mem:49.44M (Peak 49.44M) | Time:00:00.06 | Syncing throat guard row 2 bevelled lamel
Fra:1 Mem:49.46M (Peak 49.46M) | Time:00:00.06 | Syncing throat guard row 2 bevelled lamel
Fra:1 Mem:49.48M (Peak 49.48M) | Time:00:00.06 | Syncing throat guard row 3 bevelled lamel
Fra:1 Mem:49.50M (Peak 49.50M) | Time:00:00.06 | Syncing throat guard row 3 bevelled lamel
Fra:1 Mem:49.52M (Peak 49.52M) | Time:00:00.06 | Syncing throat guard row 3 bevelled lamel
Fra:1 Mem:49.54M (Peak 49.54M) | Time:00:00.06 | Syncing throat guard row 3 bevelled lamel
Fra:1 Mem:49.56M (Peak 49.56M) | Time:00:00.07 | Syncing throat guard row 3 bevelled lamel
Fra:1 Mem:49.58M (Peak 49.58M) | Time:00:00.07 | Syncing front under-kimono chest panel
Fra:1 Mem:49.60M (Peak 49.60M) | Time:00:00.07 | Syncing rear under-kimono back panel
Fra:1 Mem:49.63M (Peak 49.63M) | Time:00:00.07 | Syncing upper do cuirass fitted shell
Fra:1 Mem:49.73M (Peak 49.73M) | Time:00:00.07 | Syncing lower do cuirass narrowed shell
Fra:1 Mem:49.81M (Peak 49.81M) | Time:00:00.07 | Syncing front cuirass row 1 bevelled lame
Fra:1 Mem:49.83M (Peak 49.83M) | Time:00:00.07 | Syncing front cuirass row 1 bevelled lame
Fra:1 Mem:49.85M (Peak 49.85M) | Time:00:00.07 | Syncing front cuirass row 1 bevelled lame
Fra:1 Mem:49.87M (Peak 49.87M) | Time:00:00.07 | Syncing front cuirass row 1 bevelled lame
Fra:1 Mem:49.89M (Peak 49.89M) | Time:00:00.07 | Syncing front cuirass row 1 bevelled lame
Fra:1 Mem:49.91M (Peak 49.91M) | Time:00:00.07 | Syncing front cuirass row 1 bevelled lame
Fra:1 Mem:49.93M (Peak 49.93M) | Time:00:00.07 | Syncing front cuirass row 1 bevelled lame
Fra:1 Mem:49.95M (Peak 49.95M) | Time:00:00.07 | Syncing front cuirass row 1 bevelled lame
Fra:1 Mem:49.97M (Peak 49.97M) | Time:00:00.07 | Syncing rear cuirass row 1 bevelled lamel
Fra:1 Mem:49.99M (Peak 49.99M) | Time:00:00.07 | Syncing rear cuirass row 1 bevelled lamel
Fra:1 Mem:50.01M (Peak 50.01M) | Time:00:00.07 | Syncing rear cuirass row 1 bevelled lamel
Fra:1 Mem:50.03M (Peak 50.03M) | Time:00:00.07 | Syncing rear cuirass row 1 bevelled lamel
Fra:1 Mem:50.05M (Peak 50.05M) | Time:00:00.07 | Syncing rear cuirass row 1 bevelled lamel
Fra:1 Mem:50.07M (Peak 50.07M) | Time:00:00.07 | Syncing rear cuirass row 1 bevelled lamel
Fra:1 Mem:50.08M (Peak 50.08M) | Time:00:00.07 | Syncing rear cuirass row 1 bevelled lamel
Fra:1 Mem:50.10M (Peak 50.10M) | Time:00:00.07 | Syncing rear cuirass row 1 bevelled lamel
Fra:1 Mem:50.12M (Peak 50.12M) | Time:00:00.07 | Syncing front cuirass row 2 bevelled lame
Fra:1 Mem:50.14M (Peak 50.14M) | Time:00:00.07 | Syncing front cuirass row 2 bevelled lame
Fra:1 Mem:50.16M (Peak 50.16M) | Time:00:00.07 | Syncing front cuirass row 2 bevelled lame
Fra:1 Mem:50.18M (Peak 50.18M) | Time:00:00.07 | Syncing front cuirass row 2 bevelled lame
Fra:1 Mem:50.20M (Peak 50.20M) | Time:00:00.07 | Syncing front cuirass row 2 bevelled lame
Fra:1 Mem:50.22M (Peak 50.22M) | Time:00:00.07 | Syncing front cuirass row 2 bevelled lame
Fra:1 Mem:50.24M (Peak 50.24M) | Time:00:00.07 | Syncing front cuirass row 2 bevelled lame
Fra:1 Mem:50.26M (Peak 50.26M) | Time:00:00.07 | Syncing front cuirass row 2 bevelled lame
Fra:1 Mem:50.28M (Peak 50.28M) | Time:00:00.07 | Syncing rear cuirass row 2 bevelled lamel
Fra:1 Mem:50.30M (Peak 50.30M) | Time:00:00.07 | Syncing rear cuirass row 2 bevelled lamel
Fra:1 Mem:50.32M (Peak 50.32M) | Time:00:00.07 | Syncing rear cuirass row 2 bevelled lamel
Fra:1 Mem:50.34M (Peak 50.34M) | Time:00:00.07 | Syncing rear cuirass row 2 bevelled lamel
Fra:1 Mem:50.36M (Peak 50.36M) | Time:00:00.07 | Syncing rear cuirass row 2 bevelled lamel
Fra:1 Mem:50.38M (Peak 50.38M) | Time:00:00.07 | Syncing rear cuirass row 2 bevelled lamel
Fra:1 Mem:50.40M (Peak 50.40M) | Time:00:00.07 | Syncing rear cuirass row 2 bevelled lamel
Fra:1 Mem:50.41M (Peak 50.41M) | Time:00:00.07 | Syncing rear cuirass row 2 bevelled lamel
Fra:1 Mem:50.43M (Peak 50.43M) | Time:00:00.07 | Syncing front cuirass row 3 bevelled lame
Fra:1 Mem:50.45M (Peak 50.45M) | Time:00:00.07 | Syncing front cuirass row 3 bevelled lame
Fra:1 Mem:50.47M (Peak 50.47M) | Time:00:00.07 | Syncing front cuirass row 3 bevelled lame
Fra:1 Mem:50.49M (Peak 50.49M) | Time:00:00.07 | Syncing front cuirass row 3 bevelled lame
Fra:1 Mem:50.51M (Peak 50.51M) | Time:00:00.07 | Syncing front cuirass row 3 bevelled lame
Fra:1 Mem:50.53M (Peak 50.53M) | Time:00:00.07 | Syncing front cuirass row 3 bevelled lame
Fra:1 Mem:50.55M (Peak 50.55M) | Time:00:00.07 | Syncing front cuirass row 3 bevelled lame
Fra:1 Mem:50.57M (Peak 50.57M) | Time:00:00.07 | Syncing front cuirass row 3 bevelled lame
Fra:1 Mem:50.59M (Peak 50.59M) | Time:00:00.07 | Syncing rear cuirass row 3 bevelled lamel
Fra:1 Mem:50.61M (Peak 50.61M) | Time:00:00.07 | Syncing rear cuirass row 3 bevelled lamel
Fra:1 Mem:50.63M (Peak 50.63M) | Time:00:00.07 | Syncing rear cuirass row 3 bevelled lamel
Fra:1 Mem:50.65M (Peak 50.65M) | Time:00:00.07 | Syncing rear cuirass row 3 bevelled lamel
Fra:1 Mem:50.67M (Peak 50.67M) | Time:00:00.07 | Syncing rear cuirass row 3 bevelled lamel
Fra:1 Mem:50.68M (Peak 50.68M) | Time:00:00.07 | Syncing rear cuirass row 3 bevelled lamel
Fra:1 Mem:50.70M (Peak 50.70M) | Time:00:00.07 | Syncing rear cuirass row 3 bevelled lamel
Fra:1 Mem:50.72M (Peak 50.72M) | Time:00:00.07 | Syncing rear cuirass row 3 bevelled lamel
Fra:1 Mem:50.74M (Peak 50.74M) | Time:00:00.07 | Syncing front cuirass row 4 bevelled lame
Fra:1 Mem:50.76M (Peak 50.76M) | Time:00:00.07 | Syncing front cuirass row 4 bevelled lame
Fra:1 Mem:50.78M (Peak 50.78M) | Time:00:00.07 | Syncing front cuirass row 4 bevelled lame
Fra:1 Mem:50.80M (Peak 50.80M) | Time:00:00.07 | Syncing front cuirass row 4 bevelled lame
Fra:1 Mem:50.82M (Peak 50.82M) | Time:00:00.07 | Syncing front cuirass row 4 bevelled lame
Fra:1 Mem:50.84M (Peak 50.84M) | Time:00:00.07 | Syncing front cuirass row 4 bevelled lame
Fra:1 Mem:50.86M (Peak 50.86M) | Time:00:00.07 | Syncing front cuirass row 4 bevelled lame
Fra:1 Mem:50.88M (Peak 50.88M) | Time:00:00.07 | Syncing front cuirass row 4 bevelled lame
Fra:1 Mem:50.90M (Peak 50.90M) | Time:00:00.07 | Syncing rear cuirass row 4 bevelled lamel
Fra:1 Mem:50.92M (Peak 50.92M) | Time:00:00.07 | Syncing rear cuirass row 4 bevelled lamel
Fra:1 Mem:50.94M (Peak 50.94M) | Time:00:00.07 | Syncing rear cuirass row 4 bevelled lamel
Fra:1 Mem:50.95M (Peak 50.95M) | Time:00:00.07 | Syncing rear cuirass row 4 bevelled lamel
Fra:1 Mem:50.97M (Peak 50.97M) | Time:00:00.07 | Syncing rear cuirass row 4 bevelled lamel
Fra:1 Mem:50.99M (Peak 50.99M) | Time:00:00.07 | Syncing rear cuirass row 4 bevelled lamel
Fra:1 Mem:51.01M (Peak 51.01M) | Time:00:00.07 | Syncing rear cuirass row 4 bevelled lamel
Fra:1 Mem:51.03M (Peak 51.03M) | Time:00:00.07 | Syncing rear cuirass row 4 bevelled lamel
Fra:1 Mem:51.05M (Peak 51.05M) | Time:00:00.07 | Syncing front cuirass row 5 bevelled lame
Fra:1 Mem:51.07M (Peak 51.07M) | Time:00:00.07 | Syncing front cuirass row 5 bevelled lame
Fra:1 Mem:51.09M (Peak 51.09M) | Time:00:00.07 | Syncing front cuirass row 5 bevelled lame
Fra:1 Mem:51.11M (Peak 51.11M) | Time:00:00.07 | Syncing front cuirass row 5 bevelled lame
Fra:1 Mem:51.13M (Peak 51.13M) | Time:00:00.07 | Syncing front cuirass row 5 bevelled lame
Fra:1 Mem:51.15M (Peak 51.15M) | Time:00:00.07 | Syncing front cuirass row 5 bevelled lame
Fra:1 Mem:51.17M (Peak 51.17M) | Time:00:00.07 | Syncing front cuirass row 5 bevelled lame
Fra:1 Mem:51.19M (Peak 51.19M) | Time:00:00.07 | Syncing front cuirass row 5 bevelled lame
Fra:1 Mem:51.21M (Peak 51.21M) | Time:00:00.07 | Syncing rear cuirass row 5 bevelled lamel
Fra:1 Mem:51.23M (Peak 51.23M) | Time:00:00.07 | Syncing rear cuirass row 5 bevelled lamel
Fra:1 Mem:51.24M (Peak 51.24M) | Time:00:00.07 | Syncing rear cuirass row 5 bevelled lamel
Fra:1 Mem:51.26M (Peak 51.26M) | Time:00:00.07 | Syncing rear cuirass row 5 bevelled lamel
Fra:1 Mem:51.28M (Peak 51.28M) | Time:00:00.07 | Syncing rear cuirass row 5 bevelled lamel
Fra:1 Mem:51.30M (Peak 51.30M) | Time:00:00.07 | Syncing rear cuirass row 5 bevelled lamel
Fra:1 Mem:51.32M (Peak 51.32M) | Time:00:00.07 | Syncing rear cuirass row 5 bevelled lamel
Fra:1 Mem:51.34M (Peak 51.34M) | Time:00:00.07 | Syncing rear cuirass row 5 bevelled lamel
Fra:1 Mem:51.36M (Peak 51.36M) | Time:00:00.07 | Syncing front cuirass vertical odoshi lac
Fra:1 Mem:51.36M (Peak 51.42M) | Time:00:00.07 | Syncing front cuirass vertical odoshi lac
Fra:1 Mem:51.37M (Peak 51.42M) | Time:00:00.07 | Syncing front cuirass vertical odoshi lac
Fra:1 Mem:51.37M (Peak 51.42M) | Time:00:00.07 | Syncing front cuirass vertical odoshi lac
Fra:1 Mem:51.38M (Peak 51.42M) | Time:00:00.07 | Syncing front cuirass vertical odoshi lac
Fra:1 Mem:51.39M (Peak 51.42M) | Time:00:00.07 | Syncing front cuirass vertical odoshi lac
Fra:1 Mem:51.39M (Peak 51.42M) | Time:00:00.07 | Syncing rear cuirass vertical odoshi lace
Fra:1 Mem:51.40M (Peak 51.42M) | Time:00:00.07 | Syncing rear cuirass vertical odoshi lace
Fra:1 Mem:51.41M (Peak 51.42M) | Time:00:00.07 | Syncing rear cuirass vertical odoshi lace
Fra:1 Mem:51.41M (Peak 51.42M) | Time:00:00.07 | Syncing rear cuirass vertical odoshi lace
Fra:1 Mem:51.42M (Peak 51.42M) | Time:00:00.07 | Syncing rear cuirass vertical odoshi lace
Fra:1 Mem:51.43M (Peak 51.43M) | Time:00:00.07 | Syncing left side cuirass plate 1
Fra:1 Mem:51.44M (Peak 51.44M) | Time:00:00.07 | Syncing left side cuirass plate 2
Fra:1 Mem:51.45M (Peak 51.45M) | Time:00:00.07 | Syncing left side cuirass plate 3
Fra:1 Mem:51.47M (Peak 51.47M) | Time:00:00.07 | Syncing right side cuirass plate 1
Fra:1 Mem:51.48M (Peak 51.48M) | Time:00:00.07 | Syncing right side cuirass plate 2
Fra:1 Mem:51.50M (Peak 51.50M) | Time:00:00.07 | Syncing right side cuirass plate 3
Fra:1 Mem:51.51M (Peak 51.51M) | Time:00:00.07 | Syncing left shoulder undercloth
Fra:1 Mem:51.57M (Peak 51.57M) | Time:00:00.07 | Syncing left hanging sode shoulder plate 
Fra:1 Mem:51.58M (Peak 51.58M) | Time:00:00.07 | Syncing left hanging sode shoulder plate 
Fra:1 Mem:51.60M (Peak 51.60M) | Time:00:00.07 | Syncing left hanging sode shoulder plate 
Fra:1 Mem:51.62M (Peak 51.62M) | Time:00:00.07 | Syncing left hanging sode shoulder plate 
Fra:1 Mem:51.64M (Peak 51.64M) | Time:00:00.07 | Syncing left armored upper arm
Fra:1 Mem:51.70M (Peak 51.70M) | Time:00:00.07 | Syncing left sode shoulder armor
Fra:1 Mem:51.74M (Peak 51.74M) | Time:00:00.07 | Syncing left kote forearm guard
Fra:1 Mem:51.80M (Peak 51.80M) | Time:00:00.07 | Syncing left leather palm volume
Fra:1 Mem:51.83M (Peak 51.85M) | Time:00:00.08 | Syncing left articulated index finger
Fra:1 Mem:51.84M (Peak 51.85M) | Time:00:00.08 | Syncing left index fingertip
Fra:1 Mem:51.86M (Peak 51.86M) | Time:00:00.08 | Syncing left articulated middle finger
Fra:1 Mem:51.87M (Peak 51.87M) | Time:00:00.08 | Syncing left middle fingertip
Fra:1 Mem:51.88M (Peak 51.88M) | Time:00:00.08 | Syncing left articulated ring finger
Fra:1 Mem:51.89M (Peak 51.89M) | Time:00:00.08 | Syncing left ring fingertip
Fra:1 Mem:51.93M (Peak 51.93M) | Time:00:00.08 | Syncing left articulated pinky finger
Fra:1 Mem:51.94M (Peak 51.94M) | Time:00:00.08 | Syncing left pinky fingertip
Fra:1 Mem:51.95M (Peak 51.95M) | Time:00:00.08 | Syncing left opposed thumb
Fra:1 Mem:51.96M (Peak 51.96M) | Time:00:00.08 | Syncing left thumb fingertip
Fra:1 Mem:51.97M (Peak 51.97M) | Time:00:00.08 | Syncing right shoulder undercloth
Fra:1 Mem:52.03M (Peak 52.03M) | Time:00:00.08 | Syncing right hanging sode shoulder plate
Fra:1 Mem:52.05M (Peak 52.05M) | Time:00:00.08 | Syncing right hanging sode shoulder plate
Fra:1 Mem:52.07M (Peak 52.07M) | Time:00:00.08 | Syncing right hanging sode shoulder plate
Fra:1 Mem:52.09M (Peak 52.09M) | Time:00:00.08 | Syncing right hanging sode shoulder plate
Fra:1 Mem:52.11M (Peak 52.11M) | Time:00:00.08 | Syncing right armored upper arm
Fra:1 Mem:52.16M (Peak 52.16M) | Time:00:00.08 | Syncing right sode shoulder armor
Fra:1 Mem:52.20M (Peak 52.20M) | Time:00:00.08 | Syncing right kote forearm guard
Fra:1 Mem:52.26M (Peak 52.26M) | Time:00:00.08 | Syncing right leather palm volume
Fra:1 Mem:52.30M (Peak 52.30M) | Time:00:00.08 | Syncing right articulated index finger
Fra:1 Mem:52.31M (Peak 52.31M) | Time:00:00.08 | Syncing right index fingertip
Fra:1 Mem:52.32M (Peak 52.32M) | Time:00:00.08 | Syncing right articulated middle finger
Fra:1 Mem:52.33M (Peak 52.33M) | Time:00:00.08 | Syncing right middle fingertip
Fra:1 Mem:52.34M (Peak 52.34M) | Time:00:00.08 | Syncing right articulated ring finger
Fra:1 Mem:52.35M (Peak 52.35M) | Time:00:00.08 | Syncing right ring fingertip
Fra:1 Mem:52.36M (Peak 52.36M) | Time:00:00.08 | Syncing right articulated pinky finger
Fra:1 Mem:52.37M (Peak 52.37M) | Time:00:00.08 | Syncing right pinky fingertip
Fra:1 Mem:52.38M (Peak 52.38M) | Time:00:00.08 | Syncing right opposed thumb
Fra:1 Mem:52.39M (Peak 52.39M) | Time:00:00.08 | Syncing right thumb fingertip
Fra:1 Mem:52.41M (Peak 52.41M) | Time:00:00.08 | Syncing kusazuri skirt plate -1 row 1
Fra:1 Mem:52.42M (Peak 52.42M) | Time:00:00.08 | Syncing rear kusazuri skirt plate -1 row 
Fra:1 Mem:52.43M (Peak 52.43M) | Time:00:00.08 | Syncing kusazuri skirt plate -1 row 2
Fra:1 Mem:52.45M (Peak 52.45M) | Time:00:00.08 | Syncing rear kusazuri skirt plate -1 row 
Fra:1 Mem:52.46M (Peak 52.46M) | Time:00:00.08 | Syncing kusazuri skirt plate -1 row 3
Fra:1 Mem:52.48M (Peak 52.48M) | Time:00:00.08 | Syncing rear kusazuri skirt plate -1 row 
Fra:1 Mem:52.49M (Peak 52.49M) | Time:00:00.08 | Syncing kusazuri skirt plate +0 row 1
Fra:1 Mem:52.50M (Peak 52.50M) | Time:00:00.08 | Syncing rear kusazuri skirt plate +0 row 
Fra:1 Mem:52.52M (Peak 52.52M) | Time:00:00.08 | Syncing kusazuri skirt plate +0 row 2
Fra:1 Mem:52.53M (Peak 52.53M) | Time:00:00.08 | Syncing rear kusazuri skirt plate +0 row 
Fra:1 Mem:52.54M (Peak 52.54M) | Time:00:00.08 | Syncing kusazuri skirt plate +0 row 3
Fra:1 Mem:52.56M (Peak 52.56M) | Time:00:00.08 | Syncing rear kusazuri skirt plate +0 row 
Fra:1 Mem:52.57M (Peak 52.57M) | Time:00:00.08 | Syncing kusazuri skirt plate +1 row 1
Fra:1 Mem:52.59M (Peak 52.59M) | Time:00:00.08 | Syncing rear kusazuri skirt plate +1 row 
Fra:1 Mem:52.60M (Peak 52.60M) | Time:00:00.08 | Syncing kusazuri skirt plate +1 row 2
Fra:1 Mem:52.61M (Peak 52.61M) | Time:00:00.08 | Syncing rear kusazuri skirt plate +1 row 
Fra:1 Mem:52.63M (Peak 52.63M) | Time:00:00.08 | Syncing kusazuri skirt plate +1 row 3
Fra:1 Mem:52.64M (Peak 52.64M) | Time:00:00.08 | Syncing rear kusazuri skirt plate +1 row 
Fra:1 Mem:52.66M (Peak 52.66M) | Time:00:00.08 | Syncing left hanging hakama outer cloth
Fra:1 Mem:52.68M (Peak 52.68M) | Time:00:00.08 | Syncing left side hakama fold
Fra:1 Mem:52.71M (Peak 52.71M) | Time:00:00.08 | Syncing right hanging hakama outer cloth
Fra:1 Mem:52.74M (Peak 52.74M) | Time:00:00.08 | Syncing right side hakama fold
Fra:1 Mem:52.76M (Peak 52.76M) | Time:00:00.08 | Syncing left hakama trouser leg
Fra:1 Mem:52.82M (Peak 52.82M) | Time:00:00.08 | Syncing left shin greave
Fra:1 Mem:52.87M (Peak 52.87M) | Time:00:00.08 | Syncing left split-toe tabi foot volume
Fra:1 Mem:52.92M (Peak 52.92M) | Time:00:00.08 | Syncing left separated big toe
Fra:1 Mem:52.94M (Peak 52.94M) | Time:00:00.08 | Syncing left outer toe group
Fra:1 Mem:52.96M (Peak 52.96M) | Time:00:00.08 | Syncing left woven waraji sole grounded
Fra:1 Mem:52.97M (Peak 52.97M) | Time:00:00.08 | Syncing left sandal toe strap
Fra:1 Mem:52.98M (Peak 52.98M) | Time:00:00.08 | Syncing left heel strap
Fra:1 Mem:52.98M (Peak 52.98M) | Time:00:00.08 | Syncing left hakama pleat 1
Fra:1 Mem:52.99M (Peak 52.99M) | Time:00:00.08 | Syncing left hakama pleat 2
Fra:1 Mem:52.99M (Peak 52.99M) | Time:00:00.08 | Syncing left hakama pleat 3
Fra:1 Mem:53.00M (Peak 53.00M) | Time:00:00.08 | Syncing right hakama trouser leg
Fra:1 Mem:53.06M (Peak 53.06M) | Time:00:00.08 | Syncing right shin greave
Fra:1 Mem:53.11M (Peak 53.11M) | Time:00:00.08 | Syncing right split-toe tabi foot volume
Fra:1 Mem:53.16M (Peak 53.16M) | Time:00:00.08 | Syncing right separated big toe
Fra:1 Mem:53.18M (Peak 53.18M) | Time:00:00.08 | Syncing right outer toe group
Fra:1 Mem:53.20M (Peak 53.20M) | Time:00:00.08 | Syncing right woven waraji sole grounded
Fra:1 Mem:53.21M (Peak 53.21M) | Time:00:00.08 | Syncing right sandal toe strap
Fra:1 Mem:53.22M (Peak 53.22M) | Time:00:00.08 | Syncing right heel strap
Fra:1 Mem:53.22M (Peak 53.22M) | Time:00:00.08 | Syncing right hakama pleat 1
Fra:1 Mem:53.23M (Peak 53.23M) | Time:00:00.08 | Syncing right hakama pleat 2
Fra:1 Mem:53.23M (Peak 53.23M) | Time:00:00.08 | Syncing right hakama pleat 3
Fra:1 Mem:53.24M (Peak 53.24M) | Time:00:00.08 | Syncing drawn katana blade spine
Fra:1 Mem:53.25M (Peak 53.30M) | Time:00:00.08 | Syncing bright sharpened katana edge
Fra:1 Mem:53.26M (Peak 53.31M) | Time:00:00.08 | Syncing wrapped katana grip
Fra:1 Mem:53.27M (Peak 53.31M) | Time:00:00.08 | Syncing square tsuba guard
Fra:1 Mem:53.28M (Peak 53.31M) | Time:00:00.08 | Syncing lacquered saya scabbard at left h
Fra:1 Mem:53.28M (Peak 53.31M) | Time:00:00.08 | Syncing waist sash tying armor
Fra:1 Mem:53.29M (Peak 53.31M) | Time:00:00.08 | Syncing bamboo sashimono back pole
Fra:1 Mem:53.30M (Peak 53.31M) | Time:00:00.08 | Syncing small lacquered sashimono crossba
Fra:1 Mem:53.31M (Peak 53.31M) | Time:00:00.08 | Syncing cloth sashimono banner panel
Fra:1 Mem:53.33M (Peak 53.37M) | Time:00:00.08 | Syncing simple round clan mon on banner
Fra:1 Mem:53.37M (Peak 53.37M) | Time:00:00.08 | Syncing cool key
Fra:1 Mem:53.37M (Peak 53.37M) | Time:00:00.08 | Syncing rim
Fra:1 Mem:53.37M (Peak 53.37M) | Time:00:00.08 | Syncing hero cam
Fra:1 Mem:53.37M (Peak 53.37M) | Time:00:00.08 | Syncing samurai_v2_provenance
Fra:1 Mem:53.45M (Peak 53.55M) | Time:00:00.09 | Rendering 1 / 32 samples
Fra:1 Mem:50.93M (Peak 53.55M) | Time:00:02.54 | Rendering 26 / 32 samples
Fra:1 Mem:50.93M (Peak 53.55M) | Time:00:02.99 | Rendering 32 / 32 samples
Saved: '/tmp/factoryx-v23-render/samurai-repaired-full-20-v23/takeda-01/samurai_character_front.png'
 Time: 00:03.11 (Saving: 00:00.03)

ERROR (bke.modifier): ./source/blender/blenkernel/intern/modifier.cc:458 BKE_modifier_set_error: Object: "lower do cuirass narrowed shell", Modifier: "weighted normals", Enable 'Auto Smooth' in Object Data Properties
ERROR (bke.modifier): ./source/blender/blenkernel/intern/modifier.cc:458 BKE_modifier_set_error: Object: "upper do cuirass fitted shell", Modifier: "weighted normals", Enable 'Auto Smooth' in Object Data Properties
ERROR (bke.modifier): ./source/blender/blenkernel/intern/modifier.cc:458 BKE_modifier_set_error: Object: "throat guard row 2 bevelled lamellar plate 01", Modifier: "weighted normals", Enable 'Auto Smooth' in Object Data Properties
ERROR (bke.modifier): ./source/blender/blenkernel/intern/modifier.cc:458 BKE_modifier_set_error: Object: "throat guard row 1 bevelled lamellar plate 05", Modifier: "weighted normals", Enable 'Auto Smooth' in Object Data Properties
ERROR (bke.modifier): ./source/blender/blenkernel/intern/modifier.cc:458 BKE_modifier_set_error: Object: "throat guard row 2 bevelled lamellar plate 03", Modifier: "weighted normals", Enable 'Auto Smooth' in Object Data Properties
ERROR (bke.modifier): ./source/blender/blenkernel/intern/modifier.cc:458 BKE_modifier_set_error: Object: "throat guard row 2 bevelled lamellar plate 04", Modifier: "weighted normals", Enable 'Auto Smooth' in Object Data Properties
ERROR (bke.modifier): ./source/blender/blenkernel/intern/modifier.cc:458 BKE_modifier_set_error: Object: "throat guard row 2 bevelled lamellar plate 02", Modifier: "weighted normals", Enable 'Auto Smooth' in Object Data Properties
ERROR (bke.modifier): ./source/blender/blenkernel/intern/modifier.cc:458 BKE_modifier_set_error: Object: "throat guard row 3 bevelled lamellar plate 01", Modifier: "weighted normals", Enable 'Auto Smooth' in Object Data Properties
ERROR (bke.modifier): ./source/blender/blenkernel/intern/modifier.cc:458 BKE_modifier_set_error: Object: "throat guard row 3 bevelled lamellar plate 02", Modifier: "weighted normals", Enable 'Auto Smooth' in Object Data Properties
ERROR (bke.modifier): ./source/blender/blenkernel/intern/modifier.cc:458 BKE_modifier_set_error: Object: "throat guard row 3 bevelled lamellar plate 03", Modifier: "weighted normals", Enable 'Auto Smooth' in Object Data Properties
ERROR (bke.modifier): ./source/blender/blenkernel/intern/modifier.cc:458 BKE_modifier_set_error: Object: "throat guard row 3 bevelled lamellar plate 04", Modifier: "weighted normals", Enable 'Auto Smooth' in Object Data Properties
ERROR (bke.modifier): ./source/blender/blenkernel/intern/modifier.cc:458 BKE_modifier_set_error: Object: "throat guard row 2 bevelled lamellar plate 05", Modifier: "weighted normals", Enable 'Auto Smooth' in Object Data Properties
ERROR (bke.modifier): ./source/blender/blenkernel/intern/modifier.cc:458 BKE_modifier_set_error: Object: "front cuirass row 1 bevelled lamellar plate 01", Modifier: "weighted normals", Enable 'Auto Smooth' in Object Data Properties
ERROR (bke.modifier): ./source/blender/blenkernel/intern/modifier.cc:458 BKE_modifier_set_error: Object: "front under-kimono chest panel", Modifier: "weighted normals", Enable 'Auto Smooth' in Object Data Properties
ERROR (bke.modifier): ./source/blender/blenkernel/intern/modifier.cc:458 BKE_modifier_set_error: Object: "rear under-kimono back panel", Modifier: "weighted normals", Enable 'Auto Smooth' in Object Data Properties
ERROR (bke.modifier): ./source/blender/blenkernel/intern/modifier.cc:458 BKE_modifier_set_error: Object: "throat guard row 3 bevelled lamellar plate 05", Modifier: "weighted normals", Enable 'Auto Smooth' in Object Data Properties
ERROR (bke.modifier): ./source/blender/blenkernel/intern/modifier.cc:458 BKE_modifier_set_error: Object: "front cuirass row 1 bevelled lamellar plate 07", Modifier: "weighted normals", Enable 'Auto Smooth' in Object Data Properties
ERROR (bke.modifier): ./source/blender/blenkernel/intern/modifier.cc:458 BKE_modifier_set_error: Object: "throat guard row 1 bevelled lamellar plate 04", Modifier: "weighted normals", Enable 'Auto Smooth' in Object Data Properties
ERROR (bke.modifier): ./source/blender/blenkernel/intern/modifier.cc:458 BKE_modifier_set_error: Object: "front cuirass row 1 bevelled lamellar plate 03", Modifier: "weighted normals", Enable 'Auto Smooth' in Object Data Properties
ERROR (bke.modifier): ./source/blender/blenkernel/intern/modifier.cc:458 BKE_modifier_set_error: Object: "front cuirass row 1 bevelled lamellar plate 04", Modifier: "weighted normals", Enable 'Auto Smooth' in Object Data Properties
ERROR (bke.modifier): ./source/blender/blenkernel/intern/modifier.cc:458 BKE_modifier_set_error: Object: "rear cuirass row 1 bevelled lamellar plate 01", Modifier: "weighted normals", Enable 'Auto Smooth' in Object Data Properties
ERROR (bke.modifier): ./source/blender/blenkernel/intern/modifier.cc:458 BKE_modifier_set_error: Object: "front cuirass row 1 bevelled lamellar plate 06", Modifier: "weighted normals", Enable 'Auto Smooth' in Object Data Properties
ERROR (bke.modifier): ./source/blender/blenkernel/intern/modifier.cc:458 BKE_modifier_set_error: Object: "front cuirass row 1 bevelled lamellar plate 08", Modifier: "weighted normals", Enable 'Auto Smooth' in Object Data Properties
ERROR (bke.modifier): ./source/blender/blenkernel/intern/modifier.cc:458 BKE_modifier_set_error: Object: "rear cuirass row 1 bevelled lamellar plate 05", Modifier: "weighted normals", Enable 'Auto Smooth' in Object Data Properties
ERROR (bke.modifier): ./source/blender/blenkernel/intern/modifier.cc:458 BKE_modifier_set_error: Object: "front cuirass row 1 bevelled lamellar plate 05", Modifier: "weighted normals", Enable 'Auto Smooth' in Object Data Properties
ERROR (bke.modifier): ./source/blender/blenkernel/intern/modifier.cc:458 BKE_modifier_set_error: Object: "front cuirass row 1 bevelled lamellar plate 02", Modifier: "weighted normals", Enable 'Auto Smooth' in Object Data Properties
ERROR (bke.modifier): ./source/blender/blenkernel/intern/modifier.cc:458 BKE_modifier_set_error: Object: "rear cuirass row 1 bevelled lamellar plate 02", Modifier: "weighted normals", Enable 'Auto Smooth' in Object Data Properties
ERROR (bke.modifier): ./source/blender/blenkernel/intern/modifier.cc:458 BKE_modifier_set_error: Object: "rear cuirass row 1 bevelled lamellar plate 04", Modifier: "weighted normals", Enable 'Auto Smooth' in Object Data Properties
ERROR (bke.modifier): ./source/blender/blenkernel/intern/modifier.cc:458 BKE_modifier_set_error: Object: "rear cuirass row 1 bevelled lamellar plate 03", Modifier: "weighted normals", Enable 'Auto Smooth' in Object Data Properties
ERROR (bke.modifier): ./source/blender/blenkernel/intern/modifier.cc:458 BKE_modifier_set_error: Object: "throat guard row 1 bevelled lamellar plate 03", Modifier: "weighted normals", Enable 'Auto Smooth' in Object Data Properties
ERROR (bke.modifier): ./source/blender/blenkernel/intern/modifier.cc:458 BKE_modifier_set_error: Object: "rear cuirass row 1 bevelled lamellar plate 06", Modifier: "weighted normals", Enable 'Auto Smooth' in Object Data Properties
ERROR (bke.modifier): ./source/blender/blenkernel/intern/modifier.cc:458 BKE_modifier_set_error: Object: "front cuirass row 2 bevelled lamellar plate 01", Modifier: "weighted normals", Enable 'Auto Smooth' in Object Data Properties
ERROR (bke.modifier): ./source/blender/blenkernel/intern/modifier.cc:458 BKE_modifier_set_error: Object: "rear cuirass row 1 bevelled lamellar plate 07", Modifier: "weighted normals", Enable 'Auto Smooth' in Object Data Properties
ERROR (bke.modifier): ./source/blender/blenkernel/intern/modifier.cc:458 BKE_modifier_set_error: Object: "rear cuirass row 1 bevelled lamellar plate 08", Modifier: "weighted normals", Enable 'Auto Smooth' in Object Data Properties
ERROR (bke.modifier): ./source/blender/blenkernel/intern/modifier.cc:458 BKE_modifier_set_error: Object: "front cuirass row 2 bevelled lamellar plate 03", Modifier: "weighted normals", Enable 'Auto Smooth' in Object Data Properties
ERROR (bke.modifier): ./source/blender/blenkernel/intern/modifier.cc:458 BKE_modifier_set_error: Object: "front cuirass row 2 bevelled lamellar plate 02", Modifier: "weighted normals", Enable 'Auto Smooth' in Object Data Properties
ERROR (bke.modifier): ./source/blender/blenkernel/intern/modifier.cc:458 BKE_modifier_set_error: Object: "front cuirass row 2 bevelled lamellar plate 04", Modifier: "weighted normals", Enable 'Auto Smooth' in Object Data Properties
ERROR (bke.modifier): ./source/blender/blenkernel/intern/modifier.cc:458 BKE_modifier_set_error: Object: "front cuirass row 2 bevelled lamellar plate 05", Modifier: "weighted normals", Enable 'Auto Smooth' in Object Data Properties
ERROR (bke.modifier): ./source/blender/blenkernel/intern/modifier.cc:458 BKE_modifier_set_error: Object: "throat guard row 1 bevelled lamellar plate 02", Modifier: "weighted normals", Enable 'Auto Smooth' in Object Data Properties
ERROR (bke.modifier): ./source/blender/blenkernel/intern/modifier.cc:458 BKE_modifier_set_error: Object: "front cuirass row 2 bevelled lamellar plate 08", Modifier: "weighted normals", Enable 'Auto Smooth' in Object Data Properties
ERROR (bke.modifier): ./source/blender/blenkernel/intern/modifier.cc:458 BKE_modifier_set_error: Object: "front cuirass row 2 bevelled lamellar plate 07", Modifier: "weighted normals", Enable 'Auto Smooth' in Object Data Properties
ERROR (bke.modifier): ./source/blender/blenkernel/intern/modifier.cc:458 BKE_modifier_set_error: Object: "front cuirass row 2 bevelled lamellar plate 06", Modifier: "weighted normals", Enable 'Auto Smooth' in Object Data Properties
ERROR (bke.modifier): ./source/blender/blenkernel/intern/modifier.cc:458 BKE_modifier_set_error: Object: "rear cuirass row 2 bevelled lamellar plate 03", Modifier: "weighted normals", Enable 'Auto Smooth' in Object Data Properties
ERROR (bke.modifier): ./source/blender/blenkernel/intern/modifier.cc:458 BKE_modifier_set_error: Object: "rear cuirass row 2 bevelled lamellar plate 02", Modifier: "weighted normals", Enable 'Auto Smooth' in Object Data Properties
ERROR (bke.modifier): ./source/blender/blenkernel/intern/modifier.cc:458 BKE_modifier_set_error: Object: "rear cuirass row 2 bevelled lamellar plate 01", Modifier: "weighted normals", Enable 'Auto Smooth' in Object Data Properties
ERROR (bke.modifier): ./source/blender/blenkernel/intern/modifier.cc:458 BKE_modifier_set_error: Object: "rear cuirass row 2 bevelled lamellar plate 04", Modifier: "weighted normals", Enable 'Auto Smooth' in Object Data Properties
ERROR (bke.modifier): ./source/blender/blenkernel/intern/modifier.cc:458 BKE_modifier_set_error: Object: "rear cuirass row 2 bevelled lamellar plate 05", Modifier: "weighted normals", Enable 'Auto Smooth' in Object Data Properties
ERROR (bke.modifier): ./source/blender/blenkernel/intern/modifier.cc:458 BKE_modifier_set_error: Object: "rear cuirass row 2 bevelled lamellar plate 07", Modifier: "weighted normals", Enable 'Auto Smooth' in Object Data Properties
ERROR (bke.modifier): ./source/blender/blenkernel/intern/modifier.cc:458 BKE_modifier_set_error: Object: "rear cuirass row 2 bevelled lamellar plate 06", Modifier: "weighted normals", Enable 'Auto Smooth' in Object Data Properties
ERROR (bke.modifier): ./source/blender/blenkernel/intern/modifier.cc:458 BKE_modifier_set_error: Object: "throat guard row 1 bevelled lamellar plate 01", Modifier: "weighted normals", Enable 'Auto Smooth' in Object Data Properties
ERROR (bke.modifier): ./source/blender/blenkernel/intern/modifier.cc:458 BKE_modifier_set_error: Object: "rear cuirass row 2 bevelled lamellar plate 08", Modifier: "weighted normals", Enable 'Auto Smooth' in Object Data Properties
ERROR (bke.modifier): ./source/blender/blenkernel/intern/modifier.cc:458 BKE_modifier_set_error: Object: "front cuirass row 3 bevelled lamellar plate 01", Modifier: "weighted normals", Enable 'Auto Smooth' in Object Data Properties
ERROR (bke.modifier): ./source/blender/blenkernel/intern/modifier.cc:458 BKE_modifier_set_error: Object: "front cuirass row 3 bevelled lamellar plate 02", Modifier: "weighted normals", Enable 'Auto Smooth' in Object Data Properties
ERROR (bke.modifier): ./source/blender/blenkernel/intern/modifier.cc:458 BKE_modifier_set_error: Object: "front cuirass row 3 bevelled lamellar plate 03", Modifier: "weighted normals", Enable 'Auto Smooth' in Object Data Properties
ERROR (bke.modifier): ./source/blender/blenkernel/intern/modifier.cc:458 BKE_modifier_set_error: Object: "front cuirass row 3 bevelled lamellar plate 04", Modifier: "weighted normals", Enable 'Auto Smooth' in Object Data Properties
ERROR (bke.modifier): ./source/blender/blenkernel/intern/modifier.cc:458 BKE_modifier_set_error: Object: "front cuirass row 3 bevelled lamellar plate 05", Modifier: "weighted normals", Enable 'Auto Smooth' in Object Data Properties
ERROR (bke.modifier): ./source/blender/blenkernel/intern/modifier.cc:458 BKE_modifier_set_error: Object: "mempo grim mouth slit", Modifier: "weighted normals", Enable 'Auto Smooth' in Object Data Properties
ERROR (bke.modifier): ./source/blender/blenkernel/intern/modifier.cc:458 BKE_modifier_set_error: Object: "rear cuirass row 3 bevelled lamellar plate 05", Modifier: "weighted normals", Enable 'Auto Smooth' in Object Data Properties
ERROR (bke.modifier): ./source/blender/blenkernel/intern/modifier.cc:458 BKE_modifier_set_error: Object: "rear cuirass row 3 bevelled lamellar plate 04", Modifier: "weighted normals", Enable 'Auto Smooth' in Object Data Properties
ERROR (bke.modifier): ./source/blender/blenkernel/intern/modifier.cc:458 BKE_modifier_set_error: Object: "rear cuirass row 3 bevelled lamellar plate 01", Modifier: "weighted normals", Enable 'Auto Smooth' in Object Data Properties
ERROR (bke.modifier): ./source/blender/blenkernel/intern/modifier.cc:458 BKE_modifier_set_error: Object: "front cuirass row 3 bevelled lamellar plate 07", Modifier: "weighted normals", Enable 'Auto Smooth' in Object Data Properties
ERROR (bke.modifier): ./source/blender/blenkernel/intern/modifier.cc:458 BKE_modifier_set_error: Object: "front cuirass row 3 bevelled lamellar plate 06", Modifier: "weighted normals", Enable 'Auto Smooth' in Object Data Properties
ERROR (bke.modifier): ./source/blender/blenkernel/intern/modifier.cc:458 BKE_modifier_set_error: Object: "front cuirass row 3 bevelled lamellar plate 08", Modifier: "weighted normals", Enable 'Auto Smooth' in Object Data Properties
ERROR (bke.modifier): ./source/blender/blenkernel/intern/modifier.cc:458 BKE_modifier_set_error: Object: "rear cuirass row 3 bevelled lamellar plate 02", Modifier: "weighted normals", Enable 'Auto Smooth' in Object Data Properties
ERROR (bke.modifier): ./source/blender/blenkernel/intern/modifier.cc:458 BKE_modifier_set_error: Object: "rear cuirass row 3 bevelled lamellar plate 03", Modifier: "weighted normals", Enable 'Auto Smooth' in Object Data Properties
ERROR (bke.modifier): ./source/blender/blenkernel/intern/modifier.cc:458 BKE_modifier_set_error: Object: "front cuirass row 4 bevelled lamellar plate 03", Modifier: "weighted normals", Enable 'Auto Smooth' in Object Data Properties
ERROR (bke.modifier): ./source/blender/blenkernel/intern/modifier.cc:458 BKE_modifier_set_error: Object: "rear cuirass row 3 bevelled lamellar plate 06", Modifier: "weighted normals", Enable 'Auto Smooth' in Object Data Properties
ERROR (bke.modifier): ./source/blender/blenkernel/intern/modifier.cc:458 BKE_modifier_set_error: Object: "rear cuirass row 3 bevelled lamellar plate 07", Modifier: "weighted normals", Enable 'Auto Smooth' in Object Data Properties
ERROR (bke.modifier): ./source/blender/blenkernel/intern/modifier.cc:458 BKE_modifier_set_error: Object: "rear cuirass row 3 bevelled lamellar plate 08", Modifier: "weighted normals", Enable 'Auto Smooth' in Object Data Properties
ERROR (bke.modifier): ./source/blender/blenkernel/intern/modifier.cc:458 BKE_modifier_set_error: Object: "front cuirass row 4 bevelled lamellar plate 02", Modifier: "weighted normals", Enable 'Auto Smooth' in Object Data Properties
ERROR (bke.modifier): ./source/blender/blenkernel/intern/modifier.cc:458 BKE_modifier_set_error: Object: "front cuirass row 4 bevelled lamellar plate 01", Modifier: "weighted normals", Enable 'Auto Smooth' in Object Data Properties
ERROR (bke.modifier): ./source/blender/blenkernel/intern/modifier.cc:458 BKE_modifier_set_error: Object: "right narrow eye slit", Modifier: "weighted normals", Enable 'Auto Smooth' in Object Data Properties
ERROR (bke.modifier): ./source/blender/blenkernel/intern/modifier.cc:458 BKE_modifier_set_error: Object: "front cuirass row 4 bevelled lamellar plate 05", Modifier: "weighted normals", Enable 'Auto Smooth' in Object Data Properties
ERROR (bke.modifier): ./source/blender/blenkernel/intern/modifier.cc:458 BKE_modifier_set_error: Object: "front cuirass row 4 bevelled lamellar plate 07", Modifier: "weighted normals", Enable 'Auto Smooth' in Object Data Properties
ERROR (bke.modifier): ./source/blender/blenkernel/intern/modifier.cc:458 BKE_modifier_set_error: Object: "front cuirass row 4 bevelled lamellar plate 06", Modifier: "weighted normals", Enable 'Auto Smooth' in Object Data Properties
ERROR (bke.modifier): ./source/blender/blenkernel/intern/modifier.cc:458 BKE_modifier_set_error: Object: "front cuirass row 4 bevelled lamellar plate 04", Modifier: "weighted normals", Enable 'Auto Smooth' in Object Data Properties
ERROR (bke.modifier): ./source/blender/blenkernel/intern/modifier.cc:458 BKE_modifier_set_error: Object: "rear cuirass row 4 bevelled lamellar plate 01", Modifier: "weighted normals", Enable 'Auto Smooth' in Object Data Properties
ERROR (bke.modifier): ./source/blender/blenkernel/intern/modifier.cc:458 BKE_modifier_set_error: Object: "front cuirass row 4 bevelled lamellar plate 08", Modifier: "weighted normals", Enable 'Auto Smooth' in Object Data Properties
ERROR (bke.modifier): ./source/blender/blenkernel/intern/modifier.cc:458 BKE_modifier_set_error: Object: "front cuirass row 5 bevelled lamellar plate 02", Modifier: "weighted normals", Enable 'Auto Smooth' in Object Data Properties
ERROR (bke.modifier): ./source/blender/blenkernel/intern/modifier.cc:458 BKE_modifier_set_error: Object: "rear cuirass row 4 bevelled lamellar plate 02", Modifier: "weighted normals", Enable 'Auto Smooth' in Object Data Properties
ERROR (bke.modifier): ./source/blender/blenkernel/intern/modifier.cc:458 BKE_modifier_set_error: Object: "rear cuirass row 4 bevelled lamellar plate 03", Modifier: "weighted normals", Enable 'Auto Smooth' in Object Data Properties
ERROR (bke.modifier): ./source/blender/blenkernel/intern/modifier.cc:458 BKE_modifier_set_error: Object: "rear cuirass row 4 bevelled lamellar plate 04", Modifier: "weighted normals", Enable 'Auto Smooth' in Object Data Properties
ERROR (bke.modifier): ./source/blender/blenkernel/intern/modifier.cc:458 BKE_modifier_set_error: Object: "rear cuirass row 4 bevelled lamellar plate 05", Modifier: "weighted normals", Enable 'Auto Smooth' in Object Data Properties
ERROR (bke.modifier): ./source/blender/blenkernel/intern/modifier.cc:458 BKE_modifier_set_error: Object: "left narrow eye slit", Modifier: "weighted normals", Enable 'Auto Smooth' in Object Data Properties
ERROR (bke.modifier): ./source/blender/blenkernel/intern/modifier.cc:458 BKE_modifier_set_error: Object: "rear cuirass row 4 bevelled lamellar plate 06", Modifier: "weighted normals", Enable 'Auto Smooth' in Object Data Properties
ERROR (bke.modifier): ./source/blender/blenkernel/intern/modifier.cc:458 BKE_modifier_set_error: Object: "rear cuirass row 4 bevelled lamellar plate 08", Modifier: "weighted normals", Enable 'Auto Smooth' in Object Data Properties
ERROR (bke.modifier): ./source/blender/blenkernel/intern/modifier.cc:458 BKE_modifier_set_error: Object: "front cuirass row 5 bevelled lamellar plate 01", Modifier: "weighted normals", Enable 'Auto Smooth' in Object Data Properties
ERROR (bke.modifier): ./source/blender/blenkernel/intern/modifier.cc:458 BKE_modifier_set_error: Object: "rear cuirass row 4 bevelled lamellar plate 07", Modifier: "weighted normals", Enable 'Auto Smooth' in Object Data Properties
ERROR (bke.modifier): ./source/blender/blenkernel/intern/modifier.cc:458 BKE_modifier_set_error: Object: "front cuirass row 5 bevelled lamellar plate 03", Modifier: "weighted normals", Enable 'Auto Smooth' in Object Data Properties
ERROR (bke.modifier): ./source/blender/blenkernel/intern/modifier.cc:458 BKE_modifier_set_error: Object: "rear cuirass row 5 bevelled lamellar plate 02", Modifier: "weighted normals", Enable 'Auto Smooth' in Object Data Properties
ERROR (bke.modifier): ./source/blender/blenkernel/intern/modifier.cc:458 BKE_modifier_set_error: Object: "front cuirass row 5 bevelled lamellar plate 04", Modifier: "weighted normals", Enable 'Auto Smooth' in Object Data Properties
ERROR (bke.modifier): ./source/blender/blenkernel/intern/modifier.cc:458 BKE_modifier_set_error: Object: "front cuirass row 5 bevelled lamellar plate 05", Modifier: "weighted normals", Enable 'Auto Smooth' in Object Data Properties
ERROR (bke.modifier): ./source/blender/blenkernel/intern/modifier.cc:458 BKE_modifier_set_error: Object: "front cuirass row 5 bevelled lamellar plate 06", Modifier: "weighted normals", Enable 'Auto Smooth' in Object Data Properties
ERROR (bke.modifier): ./source/blender/blenkernel/intern/modifier.cc:458 BKE_modifier_set_error: Object: "front cuirass row 5 bevelled lamellar plate 07", Modifier: "weighted normals", Enable 'Auto Smooth' in Object Data Properties
ERROR (bke.modifier): ./source/blender/blenkernel/intern/modifier.cc:458 BKE_modifier_set_error: Object: "front cuirass row 5 bevelled lamellar plate 08", Modifier: "weighted normals", Enable 'Auto Smooth' in Object Data Properties
ERROR (bke.modifier): ./source/blender/blenkernel/intern/modifier.cc:458 BKE_modifier_set_error: Object: "rear cuirass row 5 bevelled lamellar plate 01", Modifier: "weighted normals", Enable 'Auto Smooth' in Object Data Properties
ERROR (bke.modifier): ./source/blender/blenkernel/intern/modifier.cc:458 BKE_modifier_set_error: Object: "mempo nose ridge", Modifier: "weighted normals", Enable 'Auto Smooth' in Object Data Properties
ERROR (bke.modifier): ./source/blender/blenkernel/intern/modifier.cc:458 BKE_modifier_set_error: Object: "rear cuirass row 5 bevelled lamellar plate 03", Modifier: "weighted normals", Enable 'Auto Smooth' in Object Data Properties
ERROR (bke.modifier): ./source/blender/blenkernel/intern/modifier.cc:458 BKE_modifier_set_error: Object: "left shoulder undercloth", Modifier: "weighted normals", Enable 'Auto Smooth' in Object Data Properties
ERROR (bke.modifier): ./source/blender/blenkernel/intern/modifier.cc:458 BKE_modifier_set_error: Object: "rear cuirass row 5 bevelled lamellar plate 05", Modifier: "weighted normals", Enable 'Auto Smooth' in Object Data Properties
ERROR (bke.modifier): ./source/blender/blenkernel/intern/modifier.cc:458 BKE_modifier_set_error: Object: "rear cuirass row 5 bevelled lamellar plate 04", Modifier: "weighted normals", Enable 'Auto Smooth' in Object Data Properties
ERROR (bke.modifier): ./source/blender/blenkernel/intern/modifier.cc:458 BKE_modifier_set_error: Object: "left armored upper arm", Modifier: "weighted normals", Enable 'Auto Smooth' in Object Data Properties
ERROR (bke.modifier): ./source/blender/blenkernel/intern/modifier.cc:458 BKE_modifier_set_error: Object: "rear cuirass row 5 bevelled lamellar plate 07", Modifier: "weighted normals", Enable 'Auto Smooth' in Object Data Properties
ERROR (bke.modifier): ./source/blender/blenkernel/intern/modifier.cc:458 BKE_modifier_set_error: Object: "rear cuirass row 5 bevelled lamellar plate 06", Modifier: "weighted normals", Enable 'Auto Smooth' in Object Data Properties
ERROR (bke.modifier): ./source/blender/blenkernel/intern/modifier.cc:458 BKE_modifier_set_error: Object: "right side cuirass plate 2", Modifier: "weighted normals", Enable 'Auto Smooth' in Object Data Properties
ERROR (bke.modifier): ./source/blender/blenkernel/intern/modifier.cc:458 BKE_modifier_set_error: Object: "left sode shoulder armor", Modifier: "weighted normals", Enable 'Auto Smooth' in Object Data Properties
ERROR (bke.modifier): ./source/blender/blenkernel/intern/modifier.cc:458 BKE_modifier_set_error: Object: "rear cuirass row 5 bevelled lamellar plate 08", Modifier: "weighted normals", Enable 'Auto Smooth' in Object Data Properties
ERROR (bke.modifier): ./source/blender/blenkernel/intern/modifier.cc:458 BKE_modifier_set_error: Object: "left kote forearm guard", Modifier: "weighted normals", Enable 'Auto Smooth' in Object Data Properties
ERROR (bke.modifier): ./source/blender/blenkernel/intern/modifier.cc:458 BKE_modifier_set_error: Object: "left leather palm volume", Modifier: "weighted normals", Enable 'Auto Smooth' in Object Data Properties
ERROR (bke.modifier): ./source/blender/blenkernel/intern/modifier.cc:458 BKE_modifier_set_error: Object: "right side cuirass plate 1", Modifier: "weighted normals", Enable 'Auto Smooth' in Object Data Properties
ERROR (bke.modifier): ./source/blender/blenkernel/intern/modifier.cc:458 BKE_modifier_set_error: Object: "left side cuirass plate 1", Modifier: "weighted normals", Enable 'Auto Smooth' in Object Data Properties
ERROR (bke.modifier): ./source/blender/blenkernel/intern/modifier.cc:458 BKE_modifier_set_error: Object: "left index fingertip", Modifier: "weighted normals", Enable 'Auto Smooth' in Object Data Properties
ERROR (bke.modifier): ./source/blender/blenkernel/intern/modifier.cc:458 BKE_modifier_set_error: Object: "left side cuirass plate 2", Modifier: "weighted normals", Enable 'Auto Smooth' in Object Data Properties
ERROR (bke.modifier): ./source/blender/blenkernel/intern/modifier.cc:458 BKE_modifier_set_error: Object: "mempo chin guard", Modifier: "weighted normals", Enable 'Auto Smooth' in Object Data Properties
ERROR (bke.modifier): ./source/blender/blenkernel/intern/modifier.cc:458 BKE_modifier_set_error: Object: "left middle fingertip", Modifier: "weighted normals", Enable 'Auto Smooth' in Object Data Properties
ERROR (bke.modifier): ./source/blender/blenkernel/intern/modifier.cc:458 BKE_modifier_set_error: Object: "left pinky fingertip", Modifier: "weighted normals", Enable 'Auto Smooth' in Object Data Properties
ERROR (bke.modifier): ./source/blender/blenkernel/intern/modifier.cc:458 BKE_modifier_set_error: Object: "left ring fingertip", Modifier: "weighted normals", Enable 'Auto Smooth' in Object Data Properties
ERROR (bke.modifier): ./source/blender/blenkernel/intern/modifier.cc:458 BKE_modifier_set_error: Object: "left thumb fingertip", Modifier: "weighted normals", Enable 'Auto Smooth' in Object Data Properties
ERROR (bke.modifier): ./source/blender/blenkernel/intern/modifier.cc:458 BKE_modifier_set_error: Object: "right shoulder undercloth", Modifier: "weighted normals", Enable 'Auto Smooth' in Object Data Properties
ERROR (bke.modifier): ./source/blender/blenkernel/intern/modifier.cc:458 BKE_modifier_set_error: Object: "right side cuirass plate 3", Modifier: "weighted normals", Enable 'Auto Smooth' in Object Data Properties
ERROR (bke.modifier): ./source/blender/blenkernel/intern/modifier.cc:458 BKE_modifier_set_error: Object: "left side cuirass plate 3", Modifier: "weighted normals", Enable 'Auto Smooth' in Object Data Properties
ERROR (bke.modifier): ./source/blender/blenkernel/intern/modifier.cc:458 BKE_modifier_set_error: Object: "left hanging sode shoulder plate 1", Modifier: "weighted normals", Enable 'Auto Smooth' in Object Data Properties
ERROR (bke.modifier): ./source/blender/blenkernel/intern/modifier.cc:458 BKE_modifier_set_error: Object: "right sode shoulder armor", Modifier: "weighted normals", Enable 'Auto Smooth' in Object Data Properties
ERROR (bke.modifier): ./source/blender/blenkernel/intern/modifier.cc:458 BKE_modifier_set_error: Object: "right armored upper arm", Modifier: "weighted normals", Enable 'Auto Smooth' in Object Data Properties
ERROR (bke.modifier): ./source/blender/blenkernel/intern/modifier.cc:458 BKE_modifier_set_error: Object: "right leather palm volume", Modifier: "weighted normals", Enable 'Auto Smooth' in Object Data Properties
ERROR (bke.modifier): ./source/blender/blenkernel/intern/modifier.cc:458 BKE_modifier_set_error: Object: "right kote forearm guard", Modifier: "weighted normals", Enable 'Auto Smooth' in Object Data Properties
ERROR (bke.modifier): ./source/blender/blenkernel/intern/modifier.cc:458 BKE_modifier_set_error: Object: "right index fingertip", Modifier: "weighted normals", Enable 'Auto Smooth' in Object Data Properties
ERROR (bke.modifier): ./source/blender/blenkernel/intern/modifier.cc:458 BKE_modifier_set_error: Object: "right middle fingertip", Modifier: "weighted normals", Enable 'Auto Smooth' in Object Data Properties
ERROR (bke.modifier): ./source/blender/blenkernel/intern/modifier.cc:458 BKE_modifier_set_error: Object: "right ring fingertip", Modifier: "weighted normals", Enable 'Auto Smooth' in Object Data Properties
ERROR (bke.modifier): ./source/blender/blenkernel/intern/modifier.cc:458 BKE_modifier_set_error: Object: "left hanging sode shoulder plate 2", Modifier: "weighted normals", Enable 'Auto Smooth' in Object Data Properties
ERROR (bke.modifier): ./source/blender/blenkernel/intern/modifier.cc:458 BKE_modifier_set_error: Object: "right pinky fingertip", Modifier: "weighted normals", Enable 'Auto Smooth' in Object Data Properties
ERROR (bke.modifier): ./source/blender/blenkernel/intern/modifier.cc:458 BKE_modifier_set_error: Object: "left hanging sode shoulder plate 3", Modifier: "weighted normals", Enable 'Auto Smooth' in Object Data Properties
ERROR (bke.modifier): ./source/blender/blenkernel/intern/modifier.cc:458 BKE_modifier_set_error: Object: "right thumb fingertip", Modifier: "weighted normals", Enable 'Auto Smooth' in Object Data Properties
ERROR (bke.modifier): ./source/blender/blenkernel/intern/modifier.cc:458 BKE_modifier_set_error: Object: "right hanging sode shoulder plate 2", Modifier: "weighted normals", Enable 'Auto Smooth' in Object Data Properties
ERROR (bke.modifier): ./source/blender/blenkernel/intern/modifier.cc:458 BKE_modifier_set_error: Object: "left hanging sode shoulder plate 4", Modifier: "weighted normals", Enable 'Auto Smooth' in Object Data Properties
ERROR (bke.modifier): ./source/blender/blenkernel/intern/modifier.cc:458 BKE_modifier_set_error: Object: "right angular mempo cheek plate", Modifier: "weighted normals", Enable 'Auto Smooth' in Object Data Properties
ERROR (bke.modifier): ./source/blender/blenkernel/intern/modifier.cc:458 BKE_modifier_set_error: Object: "right hanging sode shoulder plate 1", Modifier: "weighted normals", Enable 'Auto Smooth' in Object Data Properties
ERROR (bke.modifier): ./source/blender/blenkernel/intern/modifier.cc:458 BKE_modifier_set_error: Object: "right hanging sode shoulder plate 4", Modifier: "weighted normals", Enable 'Auto Smooth' in Object Data Properties
ERROR (bke.modifier): ./source/blender/blenkernel/intern/modifier.cc:458 BKE_modifier_set_error: Object: "kusazuri skirt plate +0 row 3", Modifier: "weighted normals", Enable 'Auto Smooth' in Object Data Properties
ERROR (bke.modifier): ./source/blender/blenkernel/intern/modifier.cc:458 BKE_modifier_set_error: Object: "right hanging sode shoulder plate 3", Modifier: "weighted normals", Enable 'Auto Smooth' in Object Data Properties
ERROR (bke.modifier): ./source/blender/blenkernel/intern/modifier.cc:458 BKE_modifier_set_error: Object: "kusazuri skirt plate -1 row 2", Modifier: "weighted normals", Enable 'Auto Smooth' in Object Data Properties
ERROR (bke.modifier): ./source/blender/blenkernel/intern/modifier.cc:458 BKE_modifier_set_error: Object: "kusazuri skirt plate -1 row 1", Modifier: "weighted normals", Enable 'Auto Smooth' in Object Data Properties
ERROR (bke.modifier): ./source/blender/blenkernel/intern/modifier.cc:458 BKE_modifier_set_error: Object: "rear kusazuri skirt plate -1 row 1", Modifier: "weighted normals", Enable 'Auto Smooth' in Object Data Properties
ERROR (bke.modifier): ./source/blender/blenkernel/intern/modifier.cc:458 BKE_modifier_set_error: Object: "kusazuri skirt plate -1 row 3", Modifier: "weighted normals", Enable 'Auto Smooth' in Object Data Properties
ERROR (bke.modifier): ./source/blender/blenkernel/intern/modifier.cc:458 BKE_modifier_set_error: Object: "rear kusazuri skirt plate -1 row 3", Modifier: "weighted normals", Enable 'Auto Smooth' in Object Data Properties
ERROR (bke.modifier): ./source/blender/blenkernel/intern/modifier.cc:458 BKE_modifier_set_error: Object: "kusazuri skirt plate +0 row 1", Modifier: "weighted normals", Enable 'Auto Smooth' in Object Data Properties
ERROR (bke.modifier): ./source/blender/blenkernel/intern/modifier.cc:458 BKE_modifier_set_error: Object: "rear kusazuri skirt plate +0 row 2", Modifier: "weighted normals", Enable 'Auto Smooth' in Object Data Properties
ERROR (bke.modifier): ./source/blender/blenkernel/intern/modifier.cc:458 BKE_modifier_set_error: Object: "rear kusazuri skirt plate -1 row 2", Modifier: "weighted normals", Enable 'Auto Smooth' in Object Data Properties
ERROR (bke.modifier): ./source/blender/blenkernel/intern/modifier.cc:458 BKE_modifier_set_error: Object: "rear kusazuri skirt plate +0 row 1", Modifier: "weighted normals", Enable 'Auto Smooth' in Object Data Properties
ERROR (bke.modifier): ./source/blender/blenkernel/intern/modifier.cc:458 BKE_modifier_set_error: Object: "kusazuri skirt plate +0 row 2", Modifier: "weighted normals", Enable 'Auto Smooth' in Object Data Properties
ERROR (bke.modifier): ./source/blender/blenkernel/intern/modifier.cc:458 BKE_modifier_set_error: Object: "kusazuri skirt plate +1 row 2", Modifier: "weighted normals", Enable 'Auto Smooth' in Object Data Properties
ERROR (bke.modifier): ./source/blender/blenkernel/intern/modifier.cc:458 BKE_modifier_set_error: Object: "left outer toe group", Modifier: "weighted normals", Enable 'Auto Smooth' in Object Data Properties
ERROR (bke.modifier): ./source/blender/blenkernel/intern/modifier.cc:458 BKE_modifier_set_error: Object: "left hakama trouser leg", Modifier: "weighted normals", Enable 'Auto Smooth' in Object Data Properties
ERROR (bke.modifier): ./source/blender/blenkernel/intern/modifier.cc:458 BKE_modifier_set_error: Object: "left split-toe tabi foot volume", Modifier: "weighted normals", Enable 'Auto Smooth' in Object Data Properties
ERROR (bke.modifier): ./source/blender/blenkernel/intern/modifier.cc:458 BKE_modifier_set_error: Object: "left separated big toe", Modifier: "weighted normals", Enable 'Auto Smooth' in Object Data Properties
ERROR (bke.modifier): ./source/blender/blenkernel/intern/modifier.cc:458 BKE_modifier_set_error: Object: "left shin greave", Modifier: "weighted normals", Enable 'Auto Smooth' in Object Data Properties
ERROR (bke.modifier): ./source/blender/blenkernel/intern/modifier.cc:458 BKE_modifier_set_error: Object: "kusazuri skirt plate +1 row 1", Modifier: "weighted normals", Enable 'Auto Smooth' in Object Data Properties
ERROR (bke.modifier): ./source/blender/blenkernel/intern/modifier.cc:458 BKE_modifier_set_error: Object: "left angular mempo cheek plate", Modifier: "weighted normals", Enable 'Auto Smooth' in Object Data Properties
ERROR (bke.modifier): ./source/blender/blenkernel/intern/modifier.cc:458 BKE_modifier_set_error: Object: "rear kusazuri skirt plate +1 row 1", Modifier: "weighted normals", Enable 'Auto Smooth' in Object Data Properties
ERROR (bke.modifier): ./source/blender/blenkernel/intern/modifier.cc:458 BKE_modifier_set_error: Object: "rear kusazuri skirt plate +0 row 3", Modifier: "weighted normals", Enable 'Auto Smooth' in Object Data Properties
ERROR (bke.modifier): ./source/blender/blenkernel/intern/modifier.cc:458 BKE_modifier_set_error: Object: "crest central rivet", Modifier: "weighted normals", Enable 'Auto Smooth' in Object Data Properties
ERROR (bke.modifier): ./source/blender/blenkernel/intern/modifier.cc:458 BKE_modifier_set_error: Object: "rear kusazuri skirt plate +1 row 2", Modifier: "weighted normals", Enable 'Auto Smooth' in Object Data Properties
ERROR (bke.modifier): ./source/blender/blenkernel/intern/modifier.cc:458 BKE_modifier_set_error: Object: "kusazuri skirt plate +1 row 3", Modifier: "weighted normals", Enable 'Auto Smooth' in Object Data Properties
ERROR (bke.modifier): ./source/blender/blenkernel/intern/modifier.cc:458 BKE_modifier_set_error: Object: "right outer toe group", Modifier: "weighted normals", Enable 'Auto Smooth' in Object Data Properties
ERROR (bke.modifier): ./source/blender/blenkernel/intern/modifier.cc:458 BKE_modifier_set_error: Object: "right separated big toe", Modifier: "weighted normals", Enable 'Auto Smooth' in Object Data Properties
ERROR (bke.modifier): ./source/blender/blenkernel/intern/modifier.cc:458 BKE_modifier_set_error: Object: "left woven waraji sole grounded", Modifier: "weighted normals", Enable 'Auto Smooth' in Object Data Properties
ERROR (bke.modifier): ./source/blender/blenkernel/intern/modifier.cc:458 BKE_modifier_set_error: Object: "right shin greave", Modifier: "weighted normals", Enable 'Auto Smooth' in Object Data Properties
ERROR (bke.modifier): ./source/blender/blenkernel/intern/modifier.cc:458 BKE_modifier_set_error: Object: "right hakama trouser leg", Modifier: "weighted normals", Enable 'Auto Smooth' in Object Data Properties
ERROR (bke.modifier): ./source/blender/blenkernel/intern/modifier.cc:458 BKE_modifier_set_error: Object: "wrapped katana grip", Modifier: "weighted normals", Enable 'Auto Smooth' in Object Data Properties
ERROR (bke.modifier): ./source/blender/blenkernel/intern/modifier.cc:458 BKE_modifier_set_error: Object: "right split-toe tabi foot volume", Modifier: "weighted normals", Enable 'Auto Smooth' in Object Data Properties
ERROR (bke.modifier): ./source/blender/blenkernel/intern/modifier.cc:458 BKE_modifier_set_error: Object: "rear kusazuri skirt plate +1 row 3", Modifier: "weighted normals", Enable 'Auto Smooth' in Object Data Properties
ERROR (bke.modifier): ./source/blender/blenkernel/intern/modifier.cc:458 BKE_modifier_set_error: Object: "visible human forehead behind mempo", Modifier: "weighted normals", Enable 'Auto Smooth' in Object Data Properties
ERROR (bke.modifier): ./source/blender/blenkernel/intern/modifier.cc:458 BKE_modifier_set_error: Object: "simple round clan mon on banner", Modifier: "weighted normals", Enable 'Auto Smooth' in Object Data Properties
ERROR (bke.modifier): ./source/blender/blenkernel/intern/modifier.cc:458 BKE_modifier_set_error: Object: "narrow waist under-kimono volume", Modifier: "weighted normals", Enable 'Auto Smooth' in Object Data Properties
ERROR (bke.modifier): ./source/blender/blenkernel/intern/modifier.cc:458 BKE_modifier_set_error: Object: "ribcage under-kimono volume", Modifier: "weighted normals", Enable 'Auto Smooth' in Object Data Properties
ERROR (bke.modifier): ./source/blender/blenkernel/intern/modifier.cc:458 BKE_modifier_set_error: Object: "thin exposed neck", Modifier: "weighted normals", Enable 'Auto Smooth' in Object Data Properties
ERROR (bke.modifier): ./source/blender/blenkernel/intern/modifier.cc:458 BKE_modifier_set_error: Object: "segmented kabuto helmet bowl", Modifier: "weighted normals", Enable 'Auto Smooth' in Object Data Properties
ERROR (bke.modifier): ./source/blender/blenkernel/intern/modifier.cc:458 BKE_modifier_set_error: Object: "layered rear shikoro neck guard", Modifier: "weighted normals", Enable 'Auto Smooth' in Object Data Properties
ERROR (bke.modifier): ./source/blender/blenkernel/intern/modifier.cc:458 BKE_modifier_set_error: Object: "wide kabuto brim", Modifier: "weighted normals", Enable 'Auto Smooth' in Object Data Properties
ERROR (bke.modifier): ./source/blender/blenkernel/intern/modifier.cc:458 BKE_modifier_set_error: Object: "neck guard collar", Modifier: "weighted normals", Enable 'Auto Smooth' in Object Data Properties
ERROR (bke.modifier): ./source/blender/blenkernel/intern/modifier.cc:458 BKE_modifier_set_error: Object: "right woven waraji sole grounded", Modifier: "weighted normals", Enable 'Auto Smooth' in Object Data Properties
ERROR (bke.modifier): ./source/blender/blenkernel/intern/modifier.cc:458 BKE_modifier_set_error: Object: "left hanging hakama outer cloth", Modifier: "weighted normals", Enable 'Auto Smooth' in Object Data Properties
ERROR (bke.modifier): ./source/blender/blenkernel/intern/modifier.cc:458 BKE_modifier_set_error: Object: "left side hakama fold", Modifier: "weighted normals", Enable 'Auto Smooth' in Object Data Properties
ERROR (bke.modifier): ./source/blender/blenkernel/intern/modifier.cc:458 BKE_modifier_set_error: Object: "right hanging hakama outer cloth", Modifier: "weighted normals", Enable 'Auto Smooth' in Object Data Properties
ERROR (bke.modifier): ./source/blender/blenkernel/intern/modifier.cc:458 BKE_modifier_set_error: Object: "right side hakama fold", Modifier: "weighted normals", Enable 'Auto Smooth' in Object Data Properties
ERROR (bke.modifier): ./source/blender/blenkernel/intern/modifier.cc:458 BKE_modifier_set_error: Object: "square tsuba guard", Modifier: "weighted normals", Enable 'Auto Smooth' in Object Data Properties
ERROR (bke.modifier): ./source/blender/blenkernel/intern/modifier.cc:458 BKE_modifier_set_error: Object: "cloth sashimono banner panel", Modifier: "weighted normals", Enable 'Auto Smooth' in Object Data Properties
ERROR (bke.modifier): ./source/blender/blenkernel/intern/modifier.cc:458 BKE_modifier_set_error: Object: "right side helmet flange", Modifier: "weighted normals", Enable 'Auto Smooth' in Object Data Properties
ERROR (bke.modifier): ./source/blender/blenkernel/intern/modifier.cc:458 BKE_modifier_set_error: Object: "small lacquered sashimono crossbar", Modifier: "weighted normals", Enable 'Auto Smooth' in Object Data Properties
ERROR (bke.modifier): ./source/blender/blenkernel/intern/modifier.cc:458 BKE_modifier_set_error: Object: "matte charcoal inspection plinth", Modifier: "weighted normals", Enable 'Auto Smooth' in Object Data Properties
ERROR (bke.modifier): ./source/blender/blenkernel/intern/modifier.cc:458 BKE_modifier_set_error: Object: "left side helmet flange", Modifier: "weighted normals", Enable 'Auto Smooth' in Object Data Properties
Fra:1 Mem:48.61M (Peak 48.63M) | Time:00:00.06 | Syncing matte charcoal inspection plinth
Fra:1 Mem:48.62M (Peak 48.67M) | Time:00:00.06 | Syncing ribcage under-kimono volume
Fra:1 Mem:48.71M (Peak 48.71M) | Time:00:00.06 | Syncing narrow waist under-kimono volume
Fra:1 Mem:48.78M (Peak 48.78M) | Time:00:00.06 | Syncing visible human forehead behind mem
Fra:1 Mem:48.87M (Peak 48.87M) | Time:00:00.06 | Syncing thin exposed neck
Fra:1 Mem:48.88M (Peak 48.89M) | Time:00:00.06 | Syncing neck guard collar
Fra:1 Mem:48.90M (Peak 48.94M) | Time:00:00.06 | Syncing segmented kabuto helmet bowl
Fra:1 Mem:49.06M (Peak 49.07M) | Time:00:00.06 | Syncing wide kabuto brim
Fra:1 Mem:49.09M (Peak 49.09M) | Time:00:00.06 | Syncing layered rear shikoro neck guard
Fra:1 Mem:49.11M (Peak 49.11M) | Time:00:00.06 | Syncing left side helmet flange
Fra:1 Mem:49.12M (Peak 49.12M) | Time:00:00.06 | Syncing right side helmet flange
Fra:1 Mem:49.13M (Peak 49.13M) | Time:00:00.06 | Syncing golden maedate crescent crest
Fra:1 Mem:49.15M (Peak 49.20M) | Time:00:00.06 | Syncing crest central rivet
Fra:1 Mem:49.16M (Peak 49.20M) | Time:00:00.06 | Syncing left angular mempo cheek plate
Fra:1 Mem:49.18M (Peak 49.22M) | Time:00:00.06 | Syncing right angular mempo cheek plate
Fra:1 Mem:49.20M (Peak 49.22M) | Time:00:00.06 | Syncing mempo chin guard
Fra:1 Mem:49.22M (Peak 49.22M) | Time:00:00.06 | Syncing mempo nose ridge
Fra:1 Mem:49.23M (Peak 49.23M) | Time:00:00.06 | Syncing left narrow eye slit
Fra:1 Mem:49.25M (Peak 49.25M) | Time:00:00.06 | Syncing right narrow eye slit
Fra:1 Mem:49.26M (Peak 49.26M) | Time:00:00.06 | Syncing mempo grim mouth slit
Fra:1 Mem:49.27M (Peak 49.27M) | Time:00:00.06 | Syncing left mask moustache bristle
Fra:1 Mem:49.28M (Peak 49.28M) | Time:00:00.06 | Syncing right mask moustache bristle
Fra:1 Mem:49.29M (Peak 49.29M) | Time:00:00.06 | Syncing throat guard row 1 bevelled lamel
Fra:1 Mem:49.31M (Peak 49.31M) | Time:00:00.06 | Syncing throat guard row 1 bevelled lamel
Fra:1 Mem:49.33M (Peak 49.33M) | Time:00:00.06 | Syncing throat guard row 1 bevelled lamel
Fra:1 Mem:49.34M (Peak 49.34M) | Time:00:00.06 | Syncing throat guard row 1 bevelled lamel
Fra:1 Mem:49.36M (Peak 49.36M) | Time:00:00.06 | Syncing throat guard row 1 bevelled lamel
Fra:1 Mem:49.38M (Peak 49.38M) | Time:00:00.06 | Syncing throat guard row 2 bevelled lamel
Fra:1 Mem:49.40M (Peak 49.40M) | Time:00:00.06 | Syncing throat guard row 2 bevelled lamel
Fra:1 Mem:49.42M (Peak 49.42M) | Time:00:00.06 | Syncing throat guard row 2 bevelled lamel
Fra:1 Mem:49.44M (Peak 49.44M) | Time:00:00.06 | Syncing throat guard row 2 bevelled lamel
Fra:1 Mem:49.46M (Peak 49.46M) | Time:00:00.06 | Syncing throat guard row 2 bevelled lamel
Fra:1 Mem:49.48M (Peak 49.48M) | Time:00:00.06 | Syncing throat guard row 3 bevelled lamel
Fra:1 Mem:49.50M (Peak 49.50M) | Time:00:00.06 | Syncing throat guard row 3 bevelled lamel
Fra:1 Mem:49.52M (Peak 49.52M) | Time:00:00.06 | Syncing throat guard row 3 bevelled lamel
Fra:1 Mem:49.54M (Peak 49.54M) | Time:00:00.06 | Syncing throat guard row 3 bevelled lamel
Fra:1 Mem:49.56M (Peak 49.56M) | Time:00:00.06 | Syncing throat guard row 3 bevelled lamel
Fra:1 Mem:49.58M (Peak 49.58M) | Time:00:00.06 | Syncing front under-kimono chest panel
Fra:1 Mem:49.60M (Peak 49.60M) | Time:00:00.06 | Syncing rear under-kimono back panel
Fra:1 Mem:49.63M (Peak 49.63M) | Time:00:00.06 | Syncing upper do cuirass fitted shell
Fra:1 Mem:49.73M (Peak 49.73M) | Time:00:00.06 | Syncing lower do cuirass narrowed shell
Fra:1 Mem:49.81M (Peak 49.81M) | Time:00:00.06 | Syncing front cuirass row 1 bevelled lame
Fra:1 Mem:49.83M (Peak 49.83M) | Time:00:00.06 | Syncing front cuirass row 1 bevelled lame
Fra:1 Mem:49.85M (Peak 49.85M) | Time:00:00.06 | Syncing front cuirass row 1 bevelled lame
Fra:1 Mem:49.87M (Peak 49.87M) | Time:00:00.06 | Syncing front cuirass row 1 bevelled lame
Fra:1 Mem:49.89M (Peak 49.89M) | Time:00:00.06 | Syncing front cuirass row 1 bevelled lame
Fra:1 Mem:49.91M (Peak 49.91M) | Time:00:00.06 | Syncing front cuirass row 1 bevelled lame
Fra:1 Mem:49.93M (Peak 49.93M) | Time:00:00.06 | Syncing front cuirass row 1 bevelled lame
Fra:1 Mem:49.95M (Peak 49.95M) | Time:00:00.06 | Syncing front cuirass row 1 bevelled lame
Fra:1 Mem:49.97M (Peak 49.97M) | Time:00:00.06 | Syncing rear cuirass row 1 bevelled lamel
Fra:1 Mem:49.99M (Peak 49.99M) | Time:00:00.06 | Syncing rear cuirass row 1 bevelled lamel
Fra:1 Mem:50.01M (Peak 50.01M) | Time:00:00.06 | Syncing rear cuirass row 1 bevelled lamel
Fra:1 Mem:50.03M (Peak 50.03M) | Time:00:00.06 | Syncing rear cuirass row 1 bevelled lamel
Fra:1 Mem:50.05M (Peak 50.05M) | Time:00:00.06 | Syncing rear cuirass row 1 bevelled lamel
Fra:1 Mem:50.07M (Peak 50.07M) | Time:00:00.06 | Syncing rear cuirass row 1 bevelled lamel
Fra:1 Mem:50.08M (Peak 50.08M) | Time:00:00.06 | Syncing rear cuirass row 1 bevelled lamel
Fra:1 Mem:50.10M (Peak 50.10M) | Time:00:00.06 | Syncing rear cuirass row 1 bevelled lamel
Fra:1 Mem:50.12M (Peak 50.12M) | Time:00:00.06 | Syncing front cuirass row 2 bevelled lame
Fra:1 Mem:50.14M (Peak 50.14M) | Time:00:00.06 | Syncing front cuirass row 2 bevelled lame
Fra:1 Mem:50.16M (Peak 50.16M) | Time:00:00.06 | Syncing front cuirass row 2 bevelled lame
Fra:1 Mem:50.18M (Peak 50.18M) | Time:00:00.06 | Syncing front cuirass row 2 bevelled lame
Fra:1 Mem:50.20M (Peak 50.20M) | Time:00:00.06 | Syncing front cuirass row 2 bevelled lame
Fra:1 Mem:50.22M (Peak 50.22M) | Time:00:00.06 | Syncing front cuirass row 2 bevelled lame
Fra:1 Mem:50.24M (Peak 50.24M) | Time:00:00.06 | Syncing front cuirass row 2 bevelled lame
Fra:1 Mem:50.26M (Peak 50.26M) | Time:00:00.06 | Syncing front cuirass row 2 bevelled lame
Fra:1 Mem:50.28M (Peak 50.28M) | Time:00:00.06 | Syncing rear cuirass row 2 bevelled lamel
Fra:1 Mem:50.30M (Peak 50.30M) | Time:00:00.06 | Syncing rear cuirass row 2 bevelled lamel
Fra:1 Mem:50.32M (Peak 50.32M) | Time:00:00.06 | Syncing rear cuirass row 2 bevelled lamel
Fra:1 Mem:50.34M (Peak 50.34M) | Time:00:00.06 | Syncing rear cuirass row 2 bevelled lamel
Fra:1 Mem:50.36M (Peak 50.36M) | Time:00:00.06 | Syncing rear cuirass row 2 bevelled lamel
Fra:1 Mem:50.38M (Peak 50.38M) | Time:00:00.06 | Syncing rear cuirass row 2 bevelled lamel
Fra:1 Mem:50.40M (Peak 50.40M) | Time:00:00.06 | Syncing rear cuirass row 2 bevelled lamel
Fra:1 Mem:50.41M (Peak 50.41M) | Time:00:00.06 | Syncing rear cuirass row 2 bevelled lamel
Fra:1 Mem:50.43M (Peak 50.43M) | Time:00:00.06 | Syncing front cuirass row 3 bevelled lame
Fra:1 Mem:50.45M (Peak 50.45M) | Time:00:00.06 | Syncing front cuirass row 3 bevelled lame
Fra:1 Mem:50.47M (Peak 50.47M) | Time:00:00.06 | Syncing front cuirass row 3 bevelled lame
Fra:1 Mem:50.49M (Peak 50.49M) | Time:00:00.06 | Syncing front cuirass row 3 bevelled lame
Fra:1 Mem:50.51M (Peak 50.51M) | Time:00:00.07 | Syncing front cuirass row 3 bevelled lame
Fra:1 Mem:50.53M (Peak 50.53M) | Time:00:00.07 | Syncing front cuirass row 3 bevelled lame
Fra:1 Mem:50.55M (Peak 50.55M) | Time:00:00.07 | Syncing front cuirass row 3 bevelled lame
Fra:1 Mem:50.57M (Peak 50.57M) | Time:00:00.07 | Syncing front cuirass row 3 bevelled lame
Fra:1 Mem:50.59M (Peak 50.59M) | Time:00:00.07 | Syncing rear cuirass row 3 bevelled lamel
Fra:1 Mem:50.61M (Peak 50.61M) | Time:00:00.07 | Syncing rear cuirass row 3 bevelled lamel
Fra:1 Mem:50.63M (Peak 50.63M) | Time:00:00.07 | Syncing rear cuirass row 3 bevelled lamel
Fra:1 Mem:50.65M (Peak 50.65M) | Time:00:00.07 | Syncing rear cuirass row 3 bevelled lamel
Fra:1 Mem:50.67M (Peak 50.67M) | Time:00:00.07 | Syncing rear cuirass row 3 bevelled lamel
Fra:1 Mem:50.68M (Peak 50.68M) | Time:00:00.07 | Syncing rear cuirass row 3 bevelled lamel
Fra:1 Mem:50.70M (Peak 50.70M) | Time:00:00.07 | Syncing rear cuirass row 3 bevelled lamel
Fra:1 Mem:50.72M (Peak 50.72M) | Time:00:00.07 | Syncing rear cuirass row 3 bevelled lamel
Fra:1 Mem:50.74M (Peak 50.74M) | Time:00:00.07 | Syncing front cuirass row 4 bevelled lame
Fra:1 Mem:50.76M (Peak 50.76M) | Time:00:00.07 | Syncing front cuirass row 4 bevelled lame
Fra:1 Mem:50.78M (Peak 50.78M) | Time:00:00.07 | Syncing front cuirass row 4 bevelled lame
Fra:1 Mem:50.80M (Peak 50.80M) | Time:00:00.07 | Syncing front cuirass row 4 bevelled lame
Fra:1 Mem:50.82M (Peak 50.82M) | Time:00:00.07 | Syncing front cuirass row 4 bevelled lame
Fra:1 Mem:50.84M (Peak 50.84M) | Time:00:00.07 | Syncing front cuirass row 4 bevelled lame
Fra:1 Mem:50.86M (Peak 50.86M) | Time:00:00.07 | Syncing front cuirass row 4 bevelled lame
Fra:1 Mem:50.88M (Peak 50.88M) | Time:00:00.07 | Syncing front cuirass row 4 bevelled lame
Fra:1 Mem:50.90M (Peak 50.90M) | Time:00:00.07 | Syncing rear cuirass row 4 bevelled lamel
Fra:1 Mem:50.92M (Peak 50.92M) | Time:00:00.07 | Syncing rear cuirass row 4 bevelled lamel
Fra:1 Mem:50.94M (Peak 50.94M) | Time:00:00.07 | Syncing rear cuirass row 4 bevelled lamel
Fra:1 Mem:50.95M (Peak 50.95M) | Time:00:00.07 | Syncing rear cuirass row 4 bevelled lamel
Fra:1 Mem:50.97M (Peak 50.97M) | Time:00:00.07 | Syncing rear cuirass row 4 bevelled lamel
Fra:1 Mem:50.99M (Peak 50.99M) | Time:00:00.07 | Syncing rear cuirass row 4 bevelled lamel
Fra:1 Mem:51.01M (Peak 51.01M) | Time:00:00.07 | Syncing rear cuirass row 4 bevelled lamel
Fra:1 Mem:51.03M (Peak 51.03M) | Time:00:00.07 | Syncing rear cuirass row 4 bevelled lamel
Fra:1 Mem:51.05M (Peak 51.05M) | Time:00:00.07 | Syncing front cuirass row 5 bevelled lame
Fra:1 Mem:51.07M (Peak 51.07M) | Time:00:00.07 | Syncing front cuirass row 5 bevelled lame
Fra:1 Mem:51.09M (Peak 51.09M) | Time:00:00.07 | Syncing front cuirass row 5 bevelled lame
Fra:1 Mem:51.11M (Peak 51.11M) | Time:00:00.07 | Syncing front cuirass row 5 bevelled lame
Fra:1 Mem:51.13M (Peak 51.13M) | Time:00:00.07 | Syncing front cuirass row 5 bevelled lame
Fra:1 Mem:51.15M (Peak 51.15M) | Time:00:00.07 | Syncing front cuirass row 5 bevelled lame
Fra:1 Mem:51.17M (Peak 51.17M) | Time:00:00.07 | Syncing front cuirass row 5 bevelled lame
Fra:1 Mem:51.19M (Peak 51.19M) | Time:00:00.07 | Syncing front cuirass row 5 bevelled lame
Fra:1 Mem:51.21M (Peak 51.21M) | Time:00:00.07 | Syncing rear cuirass row 5 bevelled lamel
Fra:1 Mem:51.23M (Peak 51.23M) | Time:00:00.07 | Syncing rear cuirass row 5 bevelled lamel
Fra:1 Mem:51.24M (Peak 51.24M) | Time:00:00.07 | Syncing rear cuirass row 5 bevelled lamel
Fra:1 Mem:51.26M (Peak 51.26M) | Time:00:00.07 | Syncing rear cuirass row 5 bevelled lamel
Fra:1 Mem:51.28M (Peak 51.28M) | Time:00:00.07 | Syncing rear cuirass row 5 bevelled lamel
Fra:1 Mem:51.30M (Peak 51.30M) | Time:00:00.07 | Syncing rear cuirass row 5 bevelled lamel
Fra:1 Mem:51.32M (Peak 51.32M) | Time:00:00.07 | Syncing rear cuirass row 5 bevelled lamel
Fra:1 Mem:51.34M (Peak 51.34M) | Time:00:00.07 | Syncing rear cuirass row 5 bevelled lamel
Fra:1 Mem:51.36M (Peak 51.36M) | Time:00:00.07 | Syncing front cuirass vertical odoshi lac
Fra:1 Mem:51.36M (Peak 51.42M) | Time:00:00.08 | Syncing front cuirass vertical odoshi lac
Fra:1 Mem:51.37M (Peak 51.42M) | Time:00:00.08 | Syncing front cuirass vertical odoshi lac
Fra:1 Mem:51.37M (Peak 51.42M) | Time:00:00.08 | Syncing front cuirass vertical odoshi lac
Fra:1 Mem:51.38M (Peak 51.42M) | Time:00:00.08 | Syncing front cuirass vertical odoshi lac
Fra:1 Mem:51.39M (Peak 51.42M) | Time:00:00.08 | Syncing front cuirass vertical odoshi lac
Fra:1 Mem:51.39M (Peak 51.42M) | Time:00:00.08 | Syncing rear cuirass vertical odoshi lace
Fra:1 Mem:51.40M (Peak 51.42M) | Time:00:00.08 | Syncing rear cuirass vertical odoshi lace
Fra:1 Mem:51.41M (Peak 51.42M) | Time:00:00.08 | Syncing rear cuirass vertical odoshi lace
Fra:1 Mem:51.41M (Peak 51.42M) | Time:00:00.08 | Syncing rear cuirass vertical odoshi lace
Fra:1 Mem:51.42M (Peak 51.42M) | Time:00:00.08 | Syncing rear cuirass vertical odoshi lace
Fra:1 Mem:51.43M (Peak 51.43M) | Time:00:00.08 | Syncing left side cuirass plate 1
Fra:1 Mem:51.44M (Peak 51.44M) | Time:00:00.08 | Syncing left side cuirass plate 2
Fra:1 Mem:51.45M (Peak 51.45M) | Time:00:00.08 | Syncing left side cuirass plate 3
Fra:1 Mem:51.47M (Peak 51.47M) | Time:00:00.08 | Syncing right side cuirass plate 1
Fra:1 Mem:51.48M (Peak 51.48M) | Time:00:00.08 | Syncing right side cuirass plate 2
Fra:1 Mem:51.50M (Peak 51.50M) | Time:00:00.08 | Syncing right side cuirass plate 3
Fra:1 Mem:51.51M (Peak 51.51M) | Time:00:00.08 | Syncing left shoulder undercloth
Fra:1 Mem:51.57M (Peak 51.57M) | Time:00:00.08 | Syncing left hanging sode shoulder plate 
Fra:1 Mem:51.58M (Peak 51.58M) | Time:00:00.08 | Syncing left hanging sode shoulder plate 
Fra:1 Mem:51.60M (Peak 51.60M) | Time:00:00.08 | Syncing left hanging sode shoulder plate 
Fra:1 Mem:51.62M (Peak 51.62M) | Time:00:00.08 | Syncing left hanging sode shoulder plate 
Fra:1 Mem:51.64M (Peak 51.64M) | Time:00:00.08 | Syncing left armored upper arm
Fra:1 Mem:51.70M (Peak 51.70M) | Time:00:00.08 | Syncing left sode shoulder armor
Fra:1 Mem:51.74M (Peak 51.74M) | Time:00:00.08 | Syncing left kote forearm guard
Fra:1 Mem:51.80M (Peak 51.80M) | Time:00:00.08 | Syncing left leather palm volume
Fra:1 Mem:51.83M (Peak 51.85M) | Time:00:00.08 | Syncing left articulated index finger
Fra:1 Mem:51.84M (Peak 51.85M) | Time:00:00.08 | Syncing left index fingertip
Fra:1 Mem:51.86M (Peak 51.86M) | Time:00:00.08 | Syncing left articulated middle finger
Fra:1 Mem:51.87M (Peak 51.87M) | Time:00:00.08 | Syncing left middle fingertip
Fra:1 Mem:51.88M (Peak 51.88M) | Time:00:00.08 | Syncing left articulated ring finger
Fra:1 Mem:51.89M (Peak 51.89M) | Time:00:00.08 | Syncing left ring fingertip
Fra:1 Mem:51.93M (Peak 51.93M) | Time:00:00.08 | Syncing left articulated pinky finger
Fra:1 Mem:51.94M (Peak 51.94M) | Time:00:00.08 | Syncing left pinky fingertip
Fra:1 Mem:51.95M (Peak 51.95M) | Time:00:00.08 | Syncing left opposed thumb
Fra:1 Mem:51.96M (Peak 51.96M) | Time:00:00.08 | Syncing left thumb fingertip
Fra:1 Mem:51.97M (Peak 51.97M) | Time:00:00.08 | Syncing right shoulder undercloth
Fra:1 Mem:52.03M (Peak 52.03M) | Time:00:00.08 | Syncing right hanging sode shoulder plate
Fra:1 Mem:52.05M (Peak 52.05M) | Time:00:00.08 | Syncing right hanging sode shoulder plate
Fra:1 Mem:52.07M (Peak 52.07M) | Time:00:00.08 | Syncing right hanging sode shoulder plate
Fra:1 Mem:52.09M (Peak 52.09M) | Time:00:00.08 | Syncing right hanging sode shoulder plate
Fra:1 Mem:52.11M (Peak 52.11M) | Time:00:00.08 | Syncing right armored upper arm
Fra:1 Mem:52.16M (Peak 52.16M) | Time:00:00.08 | Syncing right sode shoulder armor
Fra:1 Mem:52.20M (Peak 52.20M) | Time:00:00.08 | Syncing right kote forearm guard
Fra:1 Mem:52.26M (Peak 52.26M) | Time:00:00.08 | Syncing right leather palm volume
Fra:1 Mem:52.30M (Peak 52.30M) | Time:00:00.08 | Syncing right articulated index finger
Fra:1 Mem:52.31M (Peak 52.31M) | Time:00:00.08 | Syncing right index fingertip
Fra:1 Mem:52.32M (Peak 52.32M) | Time:00:00.08 | Syncing right articulated middle finger
Fra:1 Mem:52.33M (Peak 52.33M) | Time:00:00.08 | Syncing right middle fingertip
Fra:1 Mem:52.34M (Peak 52.34M) | Time:00:00.08 | Syncing right articulated ring finger
Fra:1 Mem:52.35M (Peak 52.35M) | Time:00:00.08 | Syncing right ring fingertip
Fra:1 Mem:52.36M (Peak 52.36M) | Time:00:00.08 | Syncing right articulated pinky finger
Fra:1 Mem:52.37M (Peak 52.37M) | Time:00:00.08 | Syncing right pinky fingertip
Fra:1 Mem:52.38M (Peak 52.38M) | Time:00:00.08 | Syncing right opposed thumb
Fra:1 Mem:52.39M (Peak 52.39M) | Time:00:00.08 | Syncing right thumb fingertip
Fra:1 Mem:52.41M (Peak 52.41M) | Time:00:00.08 | Syncing kusazuri skirt plate -1 row 1
Fra:1 Mem:52.42M (Peak 52.42M) | Time:00:00.08 | Syncing rear kusazuri skirt plate -1 row 
Fra:1 Mem:52.43M (Peak 52.43M) | Time:00:00.08 | Syncing kusazuri skirt plate -1 row 2
Fra:1 Mem:52.45M (Peak 52.45M) | Time:00:00.08 | Syncing rear kusazuri skirt plate -1 row 
Fra:1 Mem:52.46M (Peak 52.46M) | Time:00:00.08 | Syncing kusazuri skirt plate -1 row 3
Fra:1 Mem:52.48M (Peak 52.48M) | Time:00:00.08 | Syncing rear kusazuri skirt plate -1 row 
Fra:1 Mem:52.49M (Peak 52.49M) | Time:00:00.08 | Syncing kusazuri skirt plate +0 row 1
Fra:1 Mem:52.50M (Peak 52.50M) | Time:00:00.08 | Syncing rear kusazuri skirt plate +0 row 
Fra:1 Mem:52.52M (Peak 52.52M) | Time:00:00.08 | Syncing kusazuri skirt plate +0 row 2
Fra:1 Mem:52.53M (Peak 52.53M) | Time:00:00.08 | Syncing rear kusazuri skirt plate +0 row 
Fra:1 Mem:52.54M (Peak 52.54M) | Time:00:00.08 | Syncing kusazuri skirt plate +0 row 3
Fra:1 Mem:52.56M (Peak 52.56M) | Time:00:00.08 | Syncing rear kusazuri skirt plate +0 row 
Fra:1 Mem:52.57M (Peak 52.57M) | Time:00:00.08 | Syncing kusazuri skirt plate +1 row 1
Fra:1 Mem:52.59M (Peak 52.59M) | Time:00:00.08 | Syncing rear kusazuri skirt plate +1 row 
Fra:1 Mem:52.60M (Peak 52.60M) | Time:00:00.08 | Syncing kusazuri skirt plate +1 row 2
Fra:1 Mem:52.61M (Peak 52.61M) | Time:00:00.08 | Syncing rear kusazuri skirt plate +1 row 
Fra:1 Mem:52.63M (Peak 52.63M) | Time:00:00.08 | Syncing kusazuri skirt plate +1 row 3
Fra:1 Mem:52.64M (Peak 52.64M) | Time:00:00.08 | Syncing rear kusazuri skirt plate +1 row 
Fra:1 Mem:52.66M (Peak 52.66M) | Time:00:00.08 | Syncing left hanging hakama outer cloth
Fra:1 Mem:52.68M (Peak 52.68M) | Time:00:00.08 | Syncing left side hakama fold
Fra:1 Mem:52.71M (Peak 52.71M) | Time:00:00.08 | Syncing right hanging hakama outer cloth
Fra:1 Mem:52.74M (Peak 52.74M) | Time:00:00.08 | Syncing right side hakama fold
Fra:1 Mem:52.76M (Peak 52.76M) | Time:00:00.08 | Syncing left hakama trouser leg
Fra:1 Mem:52.82M (Peak 52.82M) | Time:00:00.08 | Syncing left shin greave
Fra:1 Mem:52.87M (Peak 52.87M) | Time:00:00.08 | Syncing left split-toe tabi foot volume
Fra:1 Mem:52.92M (Peak 52.92M) | Time:00:00.08 | Syncing left separated big toe
Fra:1 Mem:52.94M (Peak 52.94M) | Time:00:00.08 | Syncing left outer toe group
Fra:1 Mem:52.96M (Peak 52.96M) | Time:00:00.08 | Syncing left woven waraji sole grounded
Fra:1 Mem:52.97M (Peak 52.97M) | Time:00:00.08 | Syncing left sandal toe strap
Fra:1 Mem:52.98M (Peak 52.98M) | Time:00:00.08 | Syncing left heel strap
Fra:1 Mem:52.98M (Peak 52.98M) | Time:00:00.08 | Syncing left hakama pleat 1
Fra:1 Mem:52.99M (Peak 52.99M) | Time:00:00.08 | Syncing left hakama pleat 2
Fra:1 Mem:52.99M (Peak 52.99M) | Time:00:00.08 | Syncing left hakama pleat 3
Fra:1 Mem:53.00M (Peak 53.00M) | Time:00:00.08 | Syncing right hakama trouser leg
Fra:1 Mem:53.06M (Peak 53.06M) | Time:00:00.08 | Syncing right shin greave
Fra:1 Mem:53.11M (Peak 53.11M) | Time:00:00.08 | Syncing right split-toe tabi foot volume
Fra:1 Mem:53.16M (Peak 53.16M) | Time:00:00.08 | Syncing right separated big toe
Fra:1 Mem:53.18M (Peak 53.18M) | Time:00:00.08 | Syncing right outer toe group
Fra:1 Mem:53.20M (Peak 53.20M) | Time:00:00.08 | Syncing right woven waraji sole grounded
Fra:1 Mem:53.21M (Peak 53.21M) | Time:00:00.08 | Syncing right sandal toe strap
Fra:1 Mem:53.22M (Peak 53.22M) | Time:00:00.08 | Syncing right heel strap
Fra:1 Mem:53.22M (Peak 53.22M) | Time:00:00.08 | Syncing right hakama pleat 1
Fra:1 Mem:53.23M (Peak 53.23M) | Time:00:00.08 | Syncing right hakama pleat 2
Fra:1 Mem:53.23M (Peak 53.23M) | Time:00:00.08 | Syncing right hakama pleat 3
Fra:1 Mem:53.24M (Peak 53.24M) | Time:00:00.08 | Syncing drawn katana blade spine
Fra:1 Mem:53.25M (Peak 53.30M) | Time:00:00.08 | Syncing bright sharpened katana edge
Fra:1 Mem:53.26M (Peak 53.31M) | Time:00:00.08 | Syncing wrapped katana grip
Fra:1 Mem:53.27M (Peak 53.31M) | Time:00:00.08 | Syncing square tsuba guard
Fra:1 Mem:53.28M (Peak 53.31M) | Time:00:00.08 | Syncing lacquered saya scabbard at left h
Fra:1 Mem:53.28M (Peak 53.31M) | Time:00:00.08 | Syncing waist sash tying armor
Fra:1 Mem:53.29M (Peak 53.31M) | Time:00:00.08 | Syncing bamboo sashimono back pole
Fra:1 Mem:53.30M (Peak 53.31M) | Time:00:00.08 | Syncing small lacquered sashimono crossba
Fra:1 Mem:53.31M (Peak 53.31M) | Time:00:00.08 | Syncing cloth sashimono banner panel
Fra:1 Mem:53.33M (Peak 53.37M) | Time:00:00.09 | Syncing simple round clan mon on banner
Fra:1 Mem:53.37M (Peak 53.37M) | Time:00:00.09 | Syncing cool key
Fra:1 Mem:53.37M (Peak 53.37M) | Time:00:00.09 | Syncing rim
Fra:1 Mem:53.37M (Peak 53.37M) | Time:00:00.09 | Syncing hero cam
Fra:1 Mem:53.37M (Peak 53.37M) | Time:00:00.09 | Syncing samurai_v2_provenance
Fra:1 Mem:53.45M (Peak 53.55M) | Time:00:00.09 | Rendering 1 / 32 samples
Fra:1 Mem:50.93M (Peak 53.55M) | Time:00:02.23 | Rendering 26 / 32 samples
Fra:1 Mem:50.93M (Peak 53.55M) | Time:00:02.59 | Rendering 32 / 32 samples
Saved: '/tmp/factoryx-v23-render/samurai-repaired-full-20-v23/takeda-01/samurai_character_left.png'
 Time: 00:02.70 (Saving: 00:00.03)

ERROR (bke.modifier): ./source/blender/blenkernel/intern/modifier.cc:458 BKE_modifier_set_error: Object: "upper do cuirass fitted shell", Modifier: "weighted normals", Enable 'Auto Smooth' in Object Data Properties
ERROR (bke.modifier): ./source/blender/blenkernel/intern/modifier.cc:458 BKE_modifier_set_error: Object: "lower do cuirass narrowed shell", Modifier: "weighted normals", Enable 'Auto Smooth' in Object Data Properties
ERROR (bke.modifier): ./source/blender/blenkernel/intern/modifier.cc:458 BKE_modifier_set_error: Object: "throat guard row 1 bevelled lamellar plate 05", Modifier: "weighted normals", Enable 'Auto Smooth' in Object Data Properties
ERROR (bke.modifier): ./source/blender/blenkernel/intern/modifier.cc:458 BKE_modifier_set_error: Object: "throat guard row 2 bevelled lamellar plate 01", Modifier: "weighted normals", Enable 'Auto Smooth' in Object Data Properties
ERROR (bke.modifier): ./source/blender/blenkernel/intern/modifier.cc:458 BKE_modifier_set_error: Object: "throat guard row 2 bevelled lamellar plate 04", Modifier: "weighted normals", Enable 'Auto Smooth' in Object Data Properties
ERROR (bke.modifier): ./source/blender/blenkernel/intern/modifier.cc:458 BKE_modifier_set_error: Object: "throat guard row 3 bevelled lamellar plate 01", Modifier: "weighted normals", Enable 'Auto Smooth' in Object Data Properties
ERROR (bke.modifier): ./source/blender/blenkernel/intern/modifier.cc:458 BKE_modifier_set_error: Object: "throat guard row 2 bevelled lamellar plate 02", Modifier: "weighted normals", Enable 'Auto Smooth' in Object Data Properties
ERROR (bke.modifier): ./source/blender/blenkernel/intern/modifier.cc:458 BKE_modifier_set_error: Object: "throat guard row 3 bevelled lamellar plate 02", Modifier: "weighted normals", Enable 'Auto Smooth' in Object Data Properties
ERROR (bke.modifier): ./source/blender/blenkernel/intern/modifier.cc:458 BKE_modifier_set_error: Object: "front under-kimono chest panel", Modifier: "weighted normals", Enable 'Auto Smooth' in Object Data Properties
ERROR (bke.modifier): ./source/blender/blenkernel/intern/modifier.cc:458 BKE_modifier_set_error: Object: "throat guard row 2 bevelled lamellar plate 03", Modifier: "weighted normals", Enable 'Auto Smooth' in Object Data Properties
ERROR (bke.modifier): ./source/blender/blenkernel/intern/modifier.cc:458 BKE_modifier_set_error: Object: "throat guard row 3 bevelled lamellar plate 05", Modifier: "weighted normals", Enable 'Auto Smooth' in Object Data Properties
ERROR (bke.modifier): ./source/blender/blenkernel/intern/modifier.cc:458 BKE_modifier_set_error: Object: "throat guard row 3 bevelled lamellar plate 04", Modifier: "weighted normals", Enable 'Auto Smooth' in Object Data Properties
ERROR (bke.modifier): ./source/blender/blenkernel/intern/modifier.cc:458 BKE_modifier_set_error: Object: "rear under-kimono back panel", Modifier: "weighted normals", Enable 'Auto Smooth' in Object Data Properties
ERROR (bke.modifier): ./source/blender/blenkernel/intern/modifier.cc:458 BKE_modifier_set_error: Object: "throat guard row 2 bevelled lamellar plate 05", Modifier: "weighted normals", Enable 'Auto Smooth' in Object Data Properties
ERROR (bke.modifier): ./source/blender/blenkernel/intern/modifier.cc:458 BKE_modifier_set_error: Object: "front cuirass row 1 bevelled lamellar plate 01", Modifier: "weighted normals", Enable 'Auto Smooth' in Object Data Properties
ERROR (bke.modifier): ./source/blender/blenkernel/intern/modifier.cc:458 BKE_modifier_set_error: Object: "throat guard row 1 bevelled lamellar plate 04", Modifier: "weighted normals", Enable 'Auto Smooth' in Object Data Properties
ERROR (bke.modifier): ./source/blender/blenkernel/intern/modifier.cc:458 BKE_modifier_set_error: Object: "front cuirass row 1 bevelled lamellar plate 04", Modifier: "weighted normals", Enable 'Auto Smooth' in Object Data Properties
ERROR (bke.modifier): ./source/blender/blenkernel/intern/modifier.cc:458 BKE_modifier_set_error: Object: "throat guard row 3 bevelled lamellar plate 03", Modifier: "weighted normals", Enable 'Auto Smooth' in Object Data Properties
ERROR (bke.modifier): ./source/blender/blenkernel/intern/modifier.cc:458 BKE_modifier_set_error: Object: "front cuirass row 1 bevelled lamellar plate 02", Modifier: "weighted normals", Enable 'Auto Smooth' in Object Data Properties
ERROR (bke.modifier): ./source/blender/blenkernel/intern/modifier.cc:458 BKE_modifier_set_error: Object: "front cuirass row 1 bevelled lamellar plate 06", Modifier: "weighted normals", Enable 'Auto Smooth' in Object Data Properties
ERROR (bke.modifier): ./source/blender/blenkernel/intern/modifier.cc:458 BKE_modifier_set_error: Object: "rear cuirass row 1 bevelled lamellar plate 03", Modifier: "weighted normals", Enable 'Auto Smooth' in Object Data Properties
ERROR (bke.modifier): ./source/blender/blenkernel/intern/modifier.cc:458 BKE_modifier_set_error: Object: "front cuirass row 1 bevelled lamellar plate 05", Modifier: "weighted normals", Enable 'Auto Smooth' in Object Data Properties
ERROR (bke.modifier): ./source/blender/blenkernel/intern/modifier.cc:458 BKE_modifier_set_error: Object: "rear cuirass row 1 bevelled lamellar plate 02", Modifier: "weighted normals", Enable 'Auto Smooth' in Object Data Properties
ERROR (bke.modifier): ./source/blender/blenkernel/intern/modifier.cc:458 BKE_modifier_set_error: Object: "rear cuirass row 1 bevelled lamellar plate 05", Modifier: "weighted normals", Enable 'Auto Smooth' in Object Data Properties
ERROR (bke.modifier): ./source/blender/blenkernel/intern/modifier.cc:458 BKE_modifier_set_error: Object: "front cuirass row 1 bevelled lamellar plate 03", Modifier: "weighted normals", Enable 'Auto Smooth' in Object Data Properties
ERROR (bke.modifier): ./source/blender/blenkernel/intern/modifier.cc:458 BKE_modifier_set_error: Object: "rear cuirass row 1 bevelled lamellar plate 04", Modifier: "weighted normals", Enable 'Auto Smooth' in Object Data Properties
ERROR (bke.modifier): ./source/blender/blenkernel/intern/modifier.cc:458 BKE_modifier_set_error: Object: "rear cuirass row 1 bevelled lamellar plate 06", Modifier: "weighted normals", Enable 'Auto Smooth' in Object Data Properties
ERROR (bke.modifier): ./source/blender/blenkernel/intern/modifier.cc:458 BKE_modifier_set_error: Object: "rear cuirass row 1 bevelled lamellar plate 07", Modifier: "weighted normals", Enable 'Auto Smooth' in Object Data Properties
ERROR (bke.modifier): ./source/blender/blenkernel/intern/modifier.cc:458 BKE_modifier_set_error: Object: "front cuirass row 1 bevelled lamellar plate 08", Modifier: "weighted normals", Enable 'Auto Smooth' in Object Data Properties
ERROR (bke.modifier): ./source/blender/blenkernel/intern/modifier.cc:458 BKE_modifier_set_error: Object: "rear cuirass row 1 bevelled lamellar plate 01", Modifier: "weighted normals", Enable 'Auto Smooth' in Object Data Properties
ERROR (bke.modifier): ./source/blender/blenkernel/intern/modifier.cc:458 BKE_modifier_set_error: Object: "front cuirass row 1 bevelled lamellar plate 07", Modifier: "weighted normals", Enable 'Auto Smooth' in Object Data Properties
ERROR (bke.modifier): ./source/blender/blenkernel/intern/modifier.cc:458 BKE_modifier_set_error: Object: "front cuirass row 2 bevelled lamellar plate 01", Modifier: "weighted normals", Enable 'Auto Smooth' in Object Data Properties
ERROR (bke.modifier): ./source/blender/blenkernel/intern/modifier.cc:458 BKE_modifier_set_error: Object: "throat guard row 1 bevelled lamellar plate 03", Modifier: "weighted normals", Enable 'Auto Smooth' in Object Data Properties
ERROR (bke.modifier): ./source/blender/blenkernel/intern/modifier.cc:458 BKE_modifier_set_error: Object: "front cuirass row 2 bevelled lamellar plate 02", Modifier: "weighted normals", Enable 'Auto Smooth' in Object Data Properties
ERROR (bke.modifier): ./source/blender/blenkernel/intern/modifier.cc:458 BKE_modifier_set_error: Object: "front cuirass row 2 bevelled lamellar plate 08", Modifier: "weighted normals", Enable 'Auto Smooth' in Object Data Properties
ERROR (bke.modifier): ./source/blender/blenkernel/intern/modifier.cc:458 BKE_modifier_set_error: Object: "front cuirass row 2 bevelled lamellar plate 03", Modifier: "weighted normals", Enable 'Auto Smooth' in Object Data Properties
ERROR (bke.modifier): ./source/blender/blenkernel/intern/modifier.cc:458 BKE_modifier_set_error: Object: "rear cuirass row 1 bevelled lamellar plate 08", Modifier: "weighted normals", Enable 'Auto Smooth' in Object Data Properties
ERROR (bke.modifier): ./source/blender/blenkernel/intern/modifier.cc:458 BKE_modifier_set_error: Object: "front cuirass row 2 bevelled lamellar plate 06", Modifier: "weighted normals", Enable 'Auto Smooth' in Object Data Properties
ERROR (bke.modifier): ./source/blender/blenkernel/intern/modifier.cc:458 BKE_modifier_set_error: Object: "front cuirass row 2 bevelled lamellar plate 04", Modifier: "weighted normals", Enable 'Auto Smooth' in Object Data Properties
ERROR (bke.modifier): ./source/blender/blenkernel/intern/modifier.cc:458 BKE_modifier_set_error: Object: "front cuirass row 2 bevelled lamellar plate 07", Modifier: "weighted normals", Enable 'Auto Smooth' in Object Data Properties
ERROR (bke.modifier): ./source/blender/blenkernel/intern/modifier.cc:458 BKE_modifier_set_error: Object: "front cuirass row 2 bevelled lamellar plate 05", Modifier: "weighted normals", Enable 'Auto Smooth' in Object Data Properties
ERROR (bke.modifier): ./source/blender/blenkernel/intern/modifier.cc:458 BKE_modifier_set_error: Object: "rear cuirass row 2 bevelled lamellar plate 03", Modifier: "weighted normals", Enable 'Auto Smooth' in Object Data Properties
ERROR (bke.modifier): ./source/blender/blenkernel/intern/modifier.cc:458 BKE_modifier_set_error: Object: "rear cuirass row 2 bevelled lamellar plate 01", Modifier: "weighted normals", Enable 'Auto Smooth' in Object Data Properties
ERROR (bke.modifier): ./source/blender/blenkernel/intern/modifier.cc:458 BKE_modifier_set_error: Object: "rear cuirass row 2 bevelled lamellar plate 02", Modifier: "weighted normals", Enable 'Auto Smooth' in Object Data Properties
ERROR (bke.modifier): ./source/blender/blenkernel/intern/modifier.cc:458 BKE_modifier_set_error: Object: "front cuirass row 3 bevelled lamellar plate 01", Modifier: "weighted normals", Enable 'Auto Smooth' in Object Data Properties
ERROR (bke.modifier): ./source/blender/blenkernel/intern/modifier.cc:458 BKE_modifier_set_error: Object: "rear cuirass row 2 bevelled lamellar plate 05", Modifier: "weighted normals", Enable 'Auto Smooth' in Object Data Properties
ERROR (bke.modifier): ./source/blender/blenkernel/intern/modifier.cc:458 BKE_modifier_set_error: Object: "rear cuirass row 2 bevelled lamellar plate 04", Modifier: "weighted normals", Enable 'Auto Smooth' in Object Data Properties
ERROR (bke.modifier): ./source/blender/blenkernel/intern/modifier.cc:458 BKE_modifier_set_error: Object: "rear cuirass row 2 bevelled lamellar plate 08", Modifier: "weighted normals", Enable 'Auto Smooth' in Object Data Properties
ERROR (bke.modifier): ./source/blender/blenkernel/intern/modifier.cc:458 BKE_modifier_set_error: Object: "throat guard row 1 bevelled lamellar plate 02", Modifier: "weighted normals", Enable 'Auto Smooth' in Object Data Properties
ERROR (bke.modifier): ./source/blender/blenkernel/intern/modifier.cc:458 BKE_modifier_set_error: Object: "rear cuirass row 2 bevelled lamellar plate 06", Modifier: "weighted normals", Enable 'Auto Smooth' in Object Data Properties
ERROR (bke.modifier): ./source/blender/blenkernel/intern/modifier.cc:458 BKE_modifier_set_error: Object: "rear cuirass row 2 bevelled lamellar plate 07", Modifier: "weighted normals", Enable 'Auto Smooth' in Object Data Properties
ERROR (bke.modifier): ./source/blender/blenkernel/intern/modifier.cc:458 BKE_modifier_set_error: Object: "front cuirass row 3 bevelled lamellar plate 02", Modifier: "weighted normals", Enable 'Auto Smooth' in Object Data Properties
ERROR (bke.modifier): ./source/blender/blenkernel/intern/modifier.cc:458 BKE_modifier_set_error: Object: "front cuirass row 3 bevelled lamellar plate 03", Modifier: "weighted normals", Enable 'Auto Smooth' in Object Data Properties
ERROR (bke.modifier): ./source/blender/blenkernel/intern/modifier.cc:458 BKE_modifier_set_error: Object: "front cuirass row 3 bevelled lamellar plate 04", Modifier: "weighted normals", Enable 'Auto Smooth' in Object Data Properties
ERROR (bke.modifier): ./source/blender/blenkernel/intern/modifier.cc:458 BKE_modifier_set_error: Object: "rear cuirass row 3 bevelled lamellar plate 03", Modifier: "weighted normals", Enable 'Auto Smooth' in Object Data Properties
ERROR (bke.modifier): ./source/blender/blenkernel/intern/modifier.cc:458 BKE_modifier_set_error: Object: "front cuirass row 3 bevelled lamellar plate 07", Modifier: "weighted normals", Enable 'Auto Smooth' in Object Data Properties
ERROR (bke.modifier): ./source/blender/blenkernel/intern/modifier.cc:458 BKE_modifier_set_error: Object: "front cuirass row 3 bevelled lamellar plate 08", Modifier: "weighted normals", Enable 'Auto Smooth' in Object Data Properties
ERROR (bke.modifier): ./source/blender/blenkernel/intern/modifier.cc:458 BKE_modifier_set_error: Object: "front cuirass row 3 bevelled lamellar plate 05", Modifier: "weighted normals", Enable 'Auto Smooth' in Object Data Properties
ERROR (bke.modifier): ./source/blender/blenkernel/intern/modifier.cc:458 BKE_modifier_set_error: Object: "front cuirass row 3 bevelled lamellar plate 06", Modifier: "weighted normals", Enable 'Auto Smooth' in Object Data Properties
ERROR (bke.modifier): ./source/blender/blenkernel/intern/modifier.cc:458 BKE_modifier_set_error: Object: "rear cuirass row 3 bevelled lamellar plate 01", Modifier: "weighted normals", Enable 'Auto Smooth' in Object Data Properties
ERROR (bke.modifier): ./source/blender/blenkernel/intern/modifier.cc:458 BKE_modifier_set_error: Object: "rear cuirass row 3 bevelled lamellar plate 02", Modifier: "weighted normals", Enable 'Auto Smooth' in Object Data Properties
ERROR (bke.modifier): ./source/blender/blenkernel/intern/modifier.cc:458 BKE_modifier_set_error: Object: "rear cuirass row 3 bevelled lamellar plate 08", Modifier: "weighted normals", Enable 'Auto Smooth' in Object Data Properties
ERROR (bke.modifier): ./source/blender/blenkernel/intern/modifier.cc:458 BKE_modifier_set_error: Object: "rear cuirass row 3 bevelled lamellar plate 05", Modifier: "weighted normals", Enable 'Auto Smooth' in Object Data Properties
ERROR (bke.modifier): ./source/blender/blenkernel/intern/modifier.cc:458 BKE_modifier_set_error: Object: "front cuirass row 4 bevelled lamellar plate 01", Modifier: "weighted normals", Enable 'Auto Smooth' in Object Data Properties
ERROR (bke.modifier): ./source/blender/blenkernel/intern/modifier.cc:458 BKE_modifier_set_error: Object: "rear cuirass row 3 bevelled lamellar plate 04", Modifier: "weighted normals", Enable 'Auto Smooth' in Object Data Properties
ERROR (bke.modifier): ./source/blender/blenkernel/intern/modifier.cc:458 BKE_modifier_set_error: Object: "rear cuirass row 3 bevelled lamellar plate 07", Modifier: "weighted normals", Enable 'Auto Smooth' in Object Data Properties
ERROR (bke.modifier): ./source/blender/blenkernel/intern/modifier.cc:458 BKE_modifier_set_error: Object: "throat guard row 1 bevelled lamellar plate 01", Modifier: "weighted normals", Enable 'Auto Smooth' in Object Data Properties
ERROR (bke.modifier): ./source/blender/blenkernel/intern/modifier.cc:458 BKE_modifier_set_error: Object: "rear cuirass row 3 bevelled lamellar plate 06", Modifier: "weighted normals", Enable 'Auto Smooth' in Object Data Properties
ERROR (bke.modifier): ./source/blender/blenkernel/intern/modifier.cc:458 BKE_modifier_set_error: Object: "front cuirass row 4 bevelled lamellar plate 04", Modifier: "weighted normals", Enable 'Auto Smooth' in Object Data Properties
ERROR (bke.modifier): ./source/blender/blenkernel/intern/modifier.cc:458 BKE_modifier_set_error: Object: "front cuirass row 4 bevelled lamellar plate 05", Modifier: "weighted normals", Enable 'Auto Smooth' in Object Data Properties
ERROR (bke.modifier): ./source/blender/blenkernel/intern/modifier.cc:458 BKE_modifier_set_error: Object: "front cuirass row 4 bevelled lamellar plate 02", Modifier: "weighted normals", Enable 'Auto Smooth' in Object Data Properties
ERROR (bke.modifier): ./source/blender/blenkernel/intern/modifier.cc:458 BKE_modifier_set_error: Object: "rear cuirass row 4 bevelled lamellar plate 01", Modifier: "weighted normals", Enable 'Auto Smooth' in Object Data Properties
ERROR (bke.modifier): ./source/blender/blenkernel/intern/modifier.cc:458 BKE_modifier_set_error: Object: "front cuirass row 4 bevelled lamellar plate 03", Modifier: "weighted normals", Enable 'Auto Smooth' in Object Data Properties
ERROR (bke.modifier): ./source/blender/blenkernel/intern/modifier.cc:458 BKE_modifier_set_error: Object: "rear cuirass row 4 bevelled lamellar plate 02", Modifier: "weighted normals", Enable 'Auto Smooth' in Object Data Properties
ERROR (bke.modifier): ./source/blender/blenkernel/intern/modifier.cc:458 BKE_modifier_set_error: Object: "front cuirass row 4 bevelled lamellar plate 06", Modifier: "weighted normals", Enable 'Auto Smooth' in Object Data Properties
ERROR (bke.modifier): ./source/blender/blenkernel/intern/modifier.cc:458 BKE_modifier_set_error: Object: "rear cuirass row 4 bevelled lamellar plate 04", Modifier: "weighted normals", Enable 'Auto Smooth' in Object Data Properties
ERROR (bke.modifier): ./source/blender/blenkernel/intern/modifier.cc:458 BKE_modifier_set_error: Object: "rear cuirass row 4 bevelled lamellar plate 03", Modifier: "weighted normals", Enable 'Auto Smooth' in Object Data Properties
ERROR (bke.modifier): ./source/blender/blenkernel/intern/modifier.cc:458 BKE_modifier_set_error: Object: "front cuirass row 5 bevelled lamellar plate 01", Modifier: "weighted normals", Enable 'Auto Smooth' in Object Data Properties
ERROR (bke.modifier): ./source/blender/blenkernel/intern/modifier.cc:458 BKE_modifier_set_error: Object: "front cuirass row 4 bevelled lamellar plate 08", Modifier: "weighted normals", Enable 'Auto Smooth' in Object Data Properties
ERROR (bke.modifier): ./source/blender/blenkernel/intern/modifier.cc:458 BKE_modifier_set_error: Object: "rear cuirass row 4 bevelled lamellar plate 05", Modifier: "weighted normals", Enable 'Auto Smooth' in Object Data Properties
ERROR (bke.modifier): ./source/blender/blenkernel/intern/modifier.cc:458 BKE_modifier_set_error: Object: "front cuirass row 4 bevelled lamellar plate 07", Modifier: "weighted normals", Enable 'Auto Smooth' in Object Data Properties
ERROR (bke.modifier): ./source/blender/blenkernel/intern/modifier.cc:458 BKE_modifier_set_error: Object: "rear cuirass row 4 bevelled lamellar plate 06", Modifier: "weighted normals", Enable 'Auto Smooth' in Object Data Properties
ERROR (bke.modifier): ./source/blender/blenkernel/intern/modifier.cc:458 BKE_modifier_set_error: Object: "rear cuirass row 4 bevelled lamellar plate 07", Modifier: "weighted normals", Enable 'Auto Smooth' in Object Data Properties
ERROR (bke.modifier): ./source/blender/blenkernel/intern/modifier.cc:458 BKE_modifier_set_error: Object: "rear cuirass row 4 bevelled lamellar plate 08", Modifier: "weighted normals", Enable 'Auto Smooth' in Object Data Properties
ERROR (bke.modifier): ./source/blender/blenkernel/intern/modifier.cc:458 BKE_modifier_set_error: Object: "front cuirass row 5 bevelled lamellar plate 02", Modifier: "weighted normals", Enable 'Auto Smooth' in Object Data Properties
ERROR (bke.modifier): ./source/blender/blenkernel/intern/modifier.cc:458 BKE_modifier_set_error: Object: "mempo grim mouth slit", Modifier: "weighted normals", Enable 'Auto Smooth' in Object Data Properties
ERROR (bke.modifier): ./source/blender/blenkernel/intern/modifier.cc:458 BKE_modifier_set_error: Object: "front cuirass row 5 bevelled lamellar plate 03", Modifier: "weighted normals", Enable 'Auto Smooth' in Object Data Properties
ERROR (bke.modifier): ./source/blender/blenkernel/intern/modifier.cc:458 BKE_modifier_set_error: Object: "rear cuirass row 5 bevelled lamellar plate 02", Modifier: "weighted normals", Enable 'Auto Smooth' in Object Data Properties
ERROR (bke.modifier): ./source/blender/blenkernel/intern/modifier.cc:458 BKE_modifier_set_error: Object: "front cuirass row 5 bevelled lamellar plate 04", Modifier: "weighted normals", Enable 'Auto Smooth' in Object Data Properties
ERROR (bke.modifier): ./source/blender/blenkernel/intern/modifier.cc:458 BKE_modifier_set_error: Object: "front cuirass row 5 bevelled lamellar plate 05", Modifier: "weighted normals", Enable 'Auto Smooth' in Object Data Properties
ERROR (bke.modifier): ./source/blender/blenkernel/intern/modifier.cc:458 BKE_modifier_set_error: Object: "front cuirass row 5 bevelled lamellar plate 06", Modifier: "weighted normals", Enable 'Auto Smooth' in Object Data Properties
ERROR (bke.modifier): ./source/blender/blenkernel/intern/modifier.cc:458 BKE_modifier_set_error: Object: "front cuirass row 5 bevelled lamellar plate 08", Modifier: "weighted normals", Enable 'Auto Smooth' in Object Data Properties
ERROR (bke.modifier): ./source/blender/blenkernel/intern/modifier.cc:458 BKE_modifier_set_error: Object: "front cuirass row 5 bevelled lamellar plate 07", Modifier: "weighted normals", Enable 'Auto Smooth' in Object Data Properties
ERROR (bke.modifier): ./source/blender/blenkernel/intern/modifier.cc:458 BKE_modifier_set_error: Object: "rear cuirass row 5 bevelled lamellar plate 01", Modifier: "weighted normals", Enable 'Auto Smooth' in Object Data Properties
ERROR (bke.modifier): ./source/blender/blenkernel/intern/modifier.cc:458 BKE_modifier_set_error: Object: "rear cuirass row 5 bevelled lamellar plate 03", Modifier: "weighted normals", Enable 'Auto Smooth' in Object Data Properties
ERROR (bke.modifier): ./source/blender/blenkernel/intern/modifier.cc:458 BKE_modifier_set_error: Object: "rear cuirass row 5 bevelled lamellar plate 04", Modifier: "weighted normals", Enable 'Auto Smooth' in Object Data Properties
ERROR (bke.modifier): ./source/blender/blenkernel/intern/modifier.cc:458 BKE_modifier_set_error: Object: "rear cuirass row 5 bevelled lamellar plate 05", Modifier: "weighted normals", Enable 'Auto Smooth' in Object Data Properties
ERROR (bke.modifier): ./source/blender/blenkernel/intern/modifier.cc:458 BKE_modifier_set_error: Object: "rear cuirass row 5 bevelled lamellar plate 06", Modifier: "weighted normals", Enable 'Auto Smooth' in Object Data Properties
ERROR (bke.modifier): ./source/blender/blenkernel/intern/modifier.cc:458 BKE_modifier_set_error: Object: "right narrow eye slit", Modifier: "weighted normals", Enable 'Auto Smooth' in Object Data Properties
ERROR (bke.modifier): ./source/blender/blenkernel/intern/modifier.cc:458 BKE_modifier_set_error: Object: "rear cuirass row 5 bevelled lamellar plate 07", Modifier: "weighted normals", Enable 'Auto Smooth' in Object Data Properties
ERROR (bke.modifier): ./source/blender/blenkernel/intern/modifier.cc:458 BKE_modifier_set_error: Object: "left shoulder undercloth", Modifier: "weighted normals", Enable 'Auto Smooth' in Object Data Properties
ERROR (bke.modifier): ./source/blender/blenkernel/intern/modifier.cc:458 BKE_modifier_set_error: Object: "rear cuirass row 5 bevelled lamellar plate 08", Modifier: "weighted normals", Enable 'Auto Smooth' in Object Data Properties
ERROR (bke.modifier): ./source/blender/blenkernel/intern/modifier.cc:458 BKE_modifier_set_error: Object: "left armored upper arm", Modifier: "weighted normals", Enable 'Auto Smooth' in Object Data Properties
ERROR (bke.modifier): ./source/blender/blenkernel/intern/modifier.cc:458 BKE_modifier_set_error: Object: "left sode shoulder armor", Modifier: "weighted normals", Enable 'Auto Smooth' in Object Data Properties
ERROR (bke.modifier): ./source/blender/blenkernel/intern/modifier.cc:458 BKE_modifier_set_error: Object: "left kote forearm guard", Modifier: "weighted normals", Enable 'Auto Smooth' in Object Data Properties
ERROR (bke.modifier): ./source/blender/blenkernel/intern/modifier.cc:458 BKE_modifier_set_error: Object: "left side cuirass plate 1", Modifier: "weighted normals", Enable 'Auto Smooth' in Object Data Properties
ERROR (bke.modifier): ./source/blender/blenkernel/intern/modifier.cc:458 BKE_modifier_set_error: Object: "left leather palm volume", Modifier: "weighted normals", Enable 'Auto Smooth' in Object Data Properties
ERROR (bke.modifier): ./source/blender/blenkernel/intern/modifier.cc:458 BKE_modifier_set_error: Object: "left index fingertip", Modifier: "weighted normals", Enable 'Auto Smooth' in Object Data Properties
ERROR (bke.modifier): ./source/blender/blenkernel/intern/modifier.cc:458 BKE_modifier_set_error: Object: "left middle fingertip", Modifier: "weighted normals", Enable 'Auto Smooth' in Object Data Properties
ERROR (bke.modifier): ./source/blender/blenkernel/intern/modifier.cc:458 BKE_modifier_set_error: Object: "left ring fingertip", Modifier: "weighted normals", Enable 'Auto Smooth' in Object Data Properties
ERROR (bke.modifier): ./source/blender/blenkernel/intern/modifier.cc:458 BKE_modifier_set_error: Object: "left pinky fingertip", Modifier: "weighted normals", Enable 'Auto Smooth' in Object Data Properties
ERROR (bke.modifier): ./source/blender/blenkernel/intern/modifier.cc:458 BKE_modifier_set_error: Object: "right side cuirass plate 1", Modifier: "weighted normals", Enable 'Auto Smooth' in Object Data Properties
ERROR (bke.modifier): ./source/blender/blenkernel/intern/modifier.cc:458 BKE_modifier_set_error: Object: "left thumb fingertip", Modifier: "weighted normals", Enable 'Auto Smooth' in Object Data Properties
ERROR (bke.modifier): ./source/blender/blenkernel/intern/modifier.cc:458 BKE_modifier_set_error: Object: "right side cuirass plate 3", Modifier: "weighted normals", Enable 'Auto Smooth' in Object Data Properties
ERROR (bke.modifier): ./source/blender/blenkernel/intern/modifier.cc:458 BKE_modifier_set_error: Object: "right shoulder undercloth", Modifier: "weighted normals", Enable 'Auto Smooth' in Object Data Properties
ERROR (bke.modifier): ./source/blender/blenkernel/intern/modifier.cc:458 BKE_modifier_set_error: Object: "left narrow eye slit", Modifier: "weighted normals", Enable 'Auto Smooth' in Object Data Properties
ERROR (bke.modifier): ./source/blender/blenkernel/intern/modifier.cc:458 BKE_modifier_set_error: Object: "left side cuirass plate 3", Modifier: "weighted normals", Enable 'Auto Smooth' in Object Data Properties
ERROR (bke.modifier): ./source/blender/blenkernel/intern/modifier.cc:458 BKE_modifier_set_error: Object: "right armored upper arm", Modifier: "weighted normals", Enable 'Auto Smooth' in Object Data Properties
ERROR (bke.modifier): ./source/blender/blenkernel/intern/modifier.cc:458 BKE_modifier_set_error: Object: "right kote forearm guard", Modifier: "weighted normals", Enable 'Auto Smooth' in Object Data Properties
ERROR (bke.modifier): ./source/blender/blenkernel/intern/modifier.cc:458 BKE_modifier_set_error: Object: "left side cuirass plate 2", Modifier: "weighted normals", Enable 'Auto Smooth' in Object Data Properties
ERROR (bke.modifier): ./source/blender/blenkernel/intern/modifier.cc:458 BKE_modifier_set_error: Object: "right sode shoulder armor", Modifier: "weighted normals", Enable 'Auto Smooth' in Object Data Properties
ERROR (bke.modifier): ./source/blender/blenkernel/intern/modifier.cc:458 BKE_modifier_set_error: Object: "right leather palm volume", Modifier: "weighted normals", Enable 'Auto Smooth' in Object Data Properties
ERROR (bke.modifier): ./source/blender/blenkernel/intern/modifier.cc:458 BKE_modifier_set_error: Object: "right index fingertip", Modifier: "weighted normals", Enable 'Auto Smooth' in Object Data Properties
ERROR (bke.modifier): ./source/blender/blenkernel/intern/modifier.cc:458 BKE_modifier_set_error: Object: "left hanging sode shoulder plate 1", Modifier: "weighted normals", Enable 'Auto Smooth' in Object Data Properties
ERROR (bke.modifier): ./source/blender/blenkernel/intern/modifier.cc:458 BKE_modifier_set_error: Object: "right side cuirass plate 2", Modifier: "weighted normals", Enable 'Auto Smooth' in Object Data Properties
ERROR (bke.modifier): ./source/blender/blenkernel/intern/modifier.cc:458 BKE_modifier_set_error: Object: "left hanging sode shoulder plate 2", Modifier: "weighted normals", Enable 'Auto Smooth' in Object Data Properties
ERROR (bke.modifier): ./source/blender/blenkernel/intern/modifier.cc:458 BKE_modifier_set_error: Object: "right middle fingertip", Modifier: "weighted normals", Enable 'Auto Smooth' in Object Data Properties
ERROR (bke.modifier): ./source/blender/blenkernel/intern/modifier.cc:458 BKE_modifier_set_error: Object: "right ring fingertip", Modifier: "weighted normals", Enable 'Auto Smooth' in Object Data Properties
ERROR (bke.modifier): ./source/blender/blenkernel/intern/modifier.cc:458 BKE_modifier_set_error: Object: "right pinky fingertip", Modifier: "weighted normals", Enable 'Auto Smooth' in Object Data Properties
ERROR (bke.modifier): ./source/blender/blenkernel/intern/modifier.cc:458 BKE_modifier_set_error: Object: "right thumb fingertip", Modifier: "weighted normals", Enable 'Auto Smooth' in Object Data Properties
ERROR (bke.modifier): ./source/blender/blenkernel/intern/modifier.cc:458 BKE_modifier_set_error: Object: "left hanging sode shoulder plate 3", Modifier: "weighted normals", Enable 'Auto Smooth' in Object Data Properties
ERROR (bke.modifier): ./source/blender/blenkernel/intern/modifier.cc:458 BKE_modifier_set_error: Object: "left hanging sode shoulder plate 4", Modifier: "weighted normals", Enable 'Auto Smooth' in Object Data Properties
ERROR (bke.modifier): ./source/blender/blenkernel/intern/modifier.cc:458 BKE_modifier_set_error: Object: "right hanging sode shoulder plate 1", Modifier: "weighted normals", Enable 'Auto Smooth' in Object Data Properties
ERROR (bke.modifier): ./source/blender/blenkernel/intern/modifier.cc:458 BKE_modifier_set_error: Object: "mempo nose ridge", Modifier: "weighted normals", Enable 'Auto Smooth' in Object Data Properties
ERROR (bke.modifier): ./source/blender/blenkernel/intern/modifier.cc:458 BKE_modifier_set_error: Object: "right hanging sode shoulder plate 2", Modifier: "weighted normals", Enable 'Auto Smooth' in Object Data Properties
ERROR (bke.modifier): ./source/blender/blenkernel/intern/modifier.cc:458 BKE_modifier_set_error: Object: "right hanging sode shoulder plate 4", Modifier: "weighted normals", Enable 'Auto Smooth' in Object Data Properties
ERROR (bke.modifier): ./source/blender/blenkernel/intern/modifier.cc:458 BKE_modifier_set_error: Object: "right hanging sode shoulder plate 3", Modifier: "weighted normals", Enable 'Auto Smooth' in Object Data Properties
ERROR (bke.modifier): ./source/blender/blenkernel/intern/modifier.cc:458 BKE_modifier_set_error: Object: "rear kusazuri skirt plate +0 row 1", Modifier: "weighted normals", Enable 'Auto Smooth' in Object Data Properties
ERROR (bke.modifier): ./source/blender/blenkernel/intern/modifier.cc:458 BKE_modifier_set_error: Object: "rear kusazuri skirt plate -1 row 3", Modifier: "weighted normals", Enable 'Auto Smooth' in Object Data Properties
ERROR (bke.modifier): ./source/blender/blenkernel/intern/modifier.cc:458 BKE_modifier_set_error: Object: "rear kusazuri skirt plate -1 row 2", Modifier: "weighted normals", Enable 'Auto Smooth' in Object Data Properties
ERROR (bke.modifier): ./source/blender/blenkernel/intern/modifier.cc:458 BKE_modifier_set_error: Object: "kusazuri skirt plate +0 row 1", Modifier: "weighted normals", Enable 'Auto Smooth' in Object Data Properties
ERROR (bke.modifier): ./source/blender/blenkernel/intern/modifier.cc:458 BKE_modifier_set_error: Object: "kusazuri skirt plate -1 row 1", Modifier: "weighted normals", Enable 'Auto Smooth' in Object Data Properties
ERROR (bke.modifier): ./source/blender/blenkernel/intern/modifier.cc:458 BKE_modifier_set_error: Object: "kusazuri skirt plate -1 row 2", Modifier: "weighted normals", Enable 'Auto Smooth' in Object Data Properties
ERROR (bke.modifier): ./source/blender/blenkernel/intern/modifier.cc:458 BKE_modifier_set_error: Object: "rear kusazuri skirt plate -1 row 1", Modifier: "weighted normals", Enable 'Auto Smooth' in Object Data Properties
ERROR (bke.modifier): ./source/blender/blenkernel/intern/modifier.cc:458 BKE_modifier_set_error: Object: "kusazuri skirt plate -1 row 3", Modifier: "weighted normals", Enable 'Auto Smooth' in Object Data Properties
ERROR (bke.modifier): ./source/blender/blenkernel/intern/modifier.cc:458 BKE_modifier_set_error: Object: "kusazuri skirt plate +0 row 2", Modifier: "weighted normals", Enable 'Auto Smooth' in Object Data Properties
ERROR (bke.modifier): ./source/blender/blenkernel/intern/modifier.cc:458 BKE_modifier_set_error: Object: "rear kusazuri skirt plate +1 row 2", Modifier: "weighted normals", Enable 'Auto Smooth' in Object Data Properties
ERROR (bke.modifier): ./source/blender/blenkernel/intern/modifier.cc:458 BKE_modifier_set_error: Object: "rear kusazuri skirt plate +0 row 2", Modifier: "weighted normals", Enable 'Auto Smooth' in Object Data Properties
ERROR (bke.modifier): ./source/blender/blenkernel/intern/modifier.cc:458 BKE_modifier_set_error: Object: "kusazuri skirt plate +0 row 3", Modifier: "weighted normals", Enable 'Auto Smooth' in Object Data Properties
ERROR (bke.modifier): ./source/blender/blenkernel/intern/modifier.cc:458 BKE_modifier_set_error: Object: "left shin greave", Modifier: "weighted normals", Enable 'Auto Smooth' in Object Data Properties
ERROR (bke.modifier): ./source/blender/blenkernel/intern/modifier.cc:458 BKE_modifier_set_error: Object: "left hakama trouser leg", Modifier: "weighted normals", Enable 'Auto Smooth' in Object Data Properties
ERROR (bke.modifier): ./source/blender/blenkernel/intern/modifier.cc:458 BKE_modifier_set_error: Object: "kusazuri skirt plate +1 row 1", Modifier: "weighted normals", Enable 'Auto Smooth' in Object Data Properties
ERROR (bke.modifier): ./source/blender/blenkernel/intern/modifier.cc:458 BKE_modifier_set_error: Object: "left split-toe tabi foot volume", Modifier: "weighted normals", Enable 'Auto Smooth' in Object Data Properties
ERROR (bke.modifier): ./source/blender/blenkernel/intern/modifier.cc:458 BKE_modifier_set_error: Object: "rear kusazuri skirt plate +1 row 1", Modifier: "weighted normals", Enable 'Auto Smooth' in Object Data Properties
ERROR (bke.modifier): ./source/blender/blenkernel/intern/modifier.cc:458 BKE_modifier_set_error: Object: "left separated big toe", Modifier: "weighted normals", Enable 'Auto Smooth' in Object Data Properties
ERROR (bke.modifier): ./source/blender/blenkernel/intern/modifier.cc:458 BKE_modifier_set_error: Object: "left outer toe group", Modifier: "weighted normals", Enable 'Auto Smooth' in Object Data Properties
ERROR (bke.modifier): ./source/blender/blenkernel/intern/modifier.cc:458 BKE_modifier_set_error: Object: "rear kusazuri skirt plate +0 row 3", Modifier: "weighted normals", Enable 'Auto Smooth' in Object Data Properties
ERROR (bke.modifier): ./source/blender/blenkernel/intern/modifier.cc:458 BKE_modifier_set_error: Object: "kusazuri skirt plate +1 row 3", Modifier: "weighted normals", Enable 'Auto Smooth' in Object Data Properties
ERROR (bke.modifier): ./source/blender/blenkernel/intern/modifier.cc:458 BKE_modifier_set_error: Object: "mempo chin guard", Modifier: "weighted normals", Enable 'Auto Smooth' in Object Data Properties
ERROR (bke.modifier): ./source/blender/blenkernel/intern/modifier.cc:458 BKE_modifier_set_error: Object: "kusazuri skirt plate +1 row 2", Modifier: "weighted normals", Enable 'Auto Smooth' in Object Data Properties
ERROR (bke.modifier): ./source/blender/blenkernel/intern/modifier.cc:458 BKE_modifier_set_error: Object: "right shin greave", Modifier: "weighted normals", Enable 'Auto Smooth' in Object Data Properties
ERROR (bke.modifier): ./source/blender/blenkernel/intern/modifier.cc:458 BKE_modifier_set_error: Object: "right hakama trouser leg", Modifier: "weighted normals", Enable 'Auto Smooth' in Object Data Properties
ERROR (bke.modifier): ./source/blender/blenkernel/intern/modifier.cc:458 BKE_modifier_set_error: Object: "right split-toe tabi foot volume", Modifier: "weighted normals", Enable 'Auto Smooth' in Object Data Properties
ERROR (bke.modifier): ./source/blender/blenkernel/intern/modifier.cc:458 BKE_modifier_set_error: Object: "right separated big toe", Modifier: "weighted normals", Enable 'Auto Smooth' in Object Data Properties
ERROR (bke.modifier): ./source/blender/blenkernel/intern/modifier.cc:458 BKE_modifier_set_error: Object: "right outer toe group", Modifier: "weighted normals", Enable 'Auto Smooth' in Object Data Properties
ERROR (bke.modifier): ./source/blender/blenkernel/intern/modifier.cc:458 BKE_modifier_set_error: Object: "rear kusazuri skirt plate +1 row 3", Modifier: "weighted normals", Enable 'Auto Smooth' in Object Data Properties
ERROR (bke.modifier): ./source/blender/blenkernel/intern/modifier.cc:458 BKE_modifier_set_error: Object: "left woven waraji sole grounded", Modifier: "weighted normals", Enable 'Auto Smooth' in Object Data Properties
ERROR (bke.modifier): ./source/blender/blenkernel/intern/modifier.cc:458 BKE_modifier_set_error: Object: "wrapped katana grip", Modifier: "weighted normals", Enable 'Auto Smooth' in Object Data Properties
ERROR (bke.modifier): ./source/blender/blenkernel/intern/modifier.cc:458 BKE_modifier_set_error: Object: "left hanging hakama outer cloth", Modifier: "weighted normals", Enable 'Auto Smooth' in Object Data Properties
ERROR (bke.modifier): ./source/blender/blenkernel/intern/modifier.cc:458 BKE_modifier_set_error: Object: "narrow waist under-kimono volume", Modifier: "weighted normals", Enable 'Auto Smooth' in Object Data Properties
ERROR (bke.modifier): ./source/blender/blenkernel/intern/modifier.cc:458 BKE_modifier_set_error: Object: "ribcage under-kimono volume", Modifier: "weighted normals", Enable 'Auto Smooth' in Object Data Properties
ERROR (bke.modifier): ./source/blender/blenkernel/intern/modifier.cc:458 BKE_modifier_set_error: Object: "right side hakama fold", Modifier: "weighted normals", Enable 'Auto Smooth' in Object Data Properties
ERROR (bke.modifier): ./source/blender/blenkernel/intern/modifier.cc:458 BKE_modifier_set_error: Object: "visible human forehead behind mempo", Modifier: "weighted normals", Enable 'Auto Smooth' in Object Data Properties
ERROR (bke.modifier): ./source/blender/blenkernel/intern/modifier.cc:458 BKE_modifier_set_error: Object: "simple round clan mon on banner", Modifier: "weighted normals", Enable 'Auto Smooth' in Object Data Properties
ERROR (bke.modifier): ./source/blender/blenkernel/intern/modifier.cc:458 BKE_modifier_set_error: Object: "segmented kabuto helmet bowl", Modifier: "weighted normals", Enable 'Auto Smooth' in Object Data Properties
ERROR (bke.modifier): ./source/blender/blenkernel/intern/modifier.cc:458 BKE_modifier_set_error: Object: "left side hakama fold", Modifier: "weighted normals", Enable 'Auto Smooth' in Object Data Properties
ERROR (bke.modifier): ./source/blender/blenkernel/intern/modifier.cc:458 BKE_modifier_set_error: Object: "wide kabuto brim", Modifier: "weighted normals", Enable 'Auto Smooth' in Object Data Properties
ERROR (bke.modifier): ./source/blender/blenkernel/intern/modifier.cc:458 BKE_modifier_set_error: Object: "thin exposed neck", Modifier: "weighted normals", Enable 'Auto Smooth' in Object Data Properties
ERROR (bke.modifier): ./source/blender/blenkernel/intern/modifier.cc:458 BKE_modifier_set_error: Object: "layered rear shikoro neck guard", Modifier: "weighted normals", Enable 'Auto Smooth' in Object Data Properties
ERROR (bke.modifier): ./source/blender/blenkernel/intern/modifier.cc:458 BKE_modifier_set_error: Object: "crest central rivet", Modifier: "weighted normals", Enable 'Auto Smooth' in Object Data Properties
ERROR (bke.modifier): ./source/blender/blenkernel/intern/modifier.cc:458 BKE_modifier_set_error: Object: "neck guard collar", Modifier: "weighted normals", Enable 'Auto Smooth' in Object Data Properties
ERROR (bke.modifier): ./source/blender/blenkernel/intern/modifier.cc:458 BKE_modifier_set_error: Object: "right hanging hakama outer cloth", Modifier: "weighted normals", Enable 'Auto Smooth' in Object Data Properties
ERROR (bke.modifier): ./source/blender/blenkernel/intern/modifier.cc:458 BKE_modifier_set_error: Object: "right woven waraji sole grounded", Modifier: "weighted normals", Enable 'Auto Smooth' in Object Data Properties
ERROR (bke.modifier): ./source/blender/blenkernel/intern/modifier.cc:458 BKE_modifier_set_error: Object: "cloth sashimono banner panel", Modifier: "weighted normals", Enable 'Auto Smooth' in Object Data Properties
ERROR (bke.modifier): ./source/blender/blenkernel/intern/modifier.cc:458 BKE_modifier_set_error: Object: "right angular mempo cheek plate", Modifier: "weighted normals", Enable 'Auto Smooth' in Object Data Properties
ERROR (bke.modifier): ./source/blender/blenkernel/intern/modifier.cc:458 BKE_modifier_set_error: Object: "square tsuba guard", Modifier: "weighted normals", Enable 'Auto Smooth' in Object Data Properties
ERROR (bke.modifier): ./source/blender/blenkernel/intern/modifier.cc:458 BKE_modifier_set_error: Object: "small lacquered sashimono crossbar", Modifier: "weighted normals", Enable 'Auto Smooth' in Object Data Properties
ERROR (bke.modifier): ./source/blender/blenkernel/intern/modifier.cc:458 BKE_modifier_set_error: Object: "left side helmet flange", Modifier: "weighted normals", Enable 'Auto Smooth' in Object Data Properties
ERROR (bke.modifier): ./source/blender/blenkernel/intern/modifier.cc:458 BKE_modifier_set_error: Object: "right side helmet flange", Modifier: "weighted normals", Enable 'Auto Smooth' in Object Data Properties
ERROR (bke.modifier): ./source/blender/blenkernel/intern/modifier.cc:458 BKE_modifier_set_error: Object: "matte charcoal inspection plinth", Modifier: "weighted normals", Enable 'Auto Smooth' in Object Data Properties
ERROR (bke.modifier): ./source/blender/blenkernel/intern/modifier.cc:458 BKE_modifier_set_error: Object: "left angular mempo cheek plate", Modifier: "weighted normals", Enable 'Auto Smooth' in Object Data Properties
Fra:1 Mem:48.61M (Peak 48.63M) | Time:00:00.05 | Syncing matte charcoal inspection plinth
Fra:1 Mem:48.62M (Peak 48.67M) | Time:00:00.05 | Syncing ribcage under-kimono volume
Fra:1 Mem:48.71M (Peak 48.71M) | Time:00:00.05 | Syncing narrow waist under-kimono volume
Fra:1 Mem:48.78M (Peak 48.78M) | Time:00:00.05 | Syncing visible human forehead behind mem
Fra:1 Mem:48.87M (Peak 48.87M) | Time:00:00.05 | Syncing thin exposed neck
Fra:1 Mem:48.88M (Peak 48.89M) | Time:00:00.05 | Syncing neck guard collar
Fra:1 Mem:48.90M (Peak 48.94M) | Time:00:00.05 | Syncing segmented kabuto helmet bowl
Fra:1 Mem:49.06M (Peak 49.07M) | Time:00:00.05 | Syncing wide kabuto brim
Fra:1 Mem:49.09M (Peak 49.09M) | Time:00:00.05 | Syncing layered rear shikoro neck guard
Fra:1 Mem:49.11M (Peak 49.11M) | Time:00:00.05 | Syncing left side helmet flange
Fra:1 Mem:49.12M (Peak 49.12M) | Time:00:00.05 | Syncing right side helmet flange
Fra:1 Mem:49.13M (Peak 49.13M) | Time:00:00.05 | Syncing golden maedate crescent crest
Fra:1 Mem:49.15M (Peak 49.20M) | Time:00:00.05 | Syncing crest central rivet
Fra:1 Mem:49.16M (Peak 49.20M) | Time:00:00.05 | Syncing left angular mempo cheek plate
Fra:1 Mem:49.18M (Peak 49.22M) | Time:00:00.05 | Syncing right angular mempo cheek plate
Fra:1 Mem:49.20M (Peak 49.22M) | Time:00:00.06 | Syncing mempo chin guard
Fra:1 Mem:49.22M (Peak 49.22M) | Time:00:00.06 | Syncing mempo nose ridge
Fra:1 Mem:49.23M (Peak 49.23M) | Time:00:00.06 | Syncing left narrow eye slit
Fra:1 Mem:49.25M (Peak 49.25M) | Time:00:00.06 | Syncing right narrow eye slit
Fra:1 Mem:49.26M (Peak 49.26M) | Time:00:00.06 | Syncing mempo grim mouth slit
Fra:1 Mem:49.27M (Peak 49.27M) | Time:00:00.06 | Syncing left mask moustache bristle
Fra:1 Mem:49.28M (Peak 49.28M) | Time:00:00.06 | Syncing right mask moustache bristle
Fra:1 Mem:49.29M (Peak 49.29M) | Time:00:00.06 | Syncing throat guard row 1 bevelled lamel
Fra:1 Mem:49.31M (Peak 49.31M) | Time:00:00.06 | Syncing throat guard row 1 bevelled lamel
Fra:1 Mem:49.33M (Peak 49.33M) | Time:00:00.06 | Syncing throat guard row 1 bevelled lamel
Fra:1 Mem:49.34M (Peak 49.34M) | Time:00:00.06 | Syncing throat guard row 1 bevelled lamel
Fra:1 Mem:49.36M (Peak 49.36M) | Time:00:00.06 | Syncing throat guard row 1 bevelled lamel
Fra:1 Mem:49.38M (Peak 49.38M) | Time:00:00.06 | Syncing throat guard row 2 bevelled lamel
Fra:1 Mem:49.40M (Peak 49.40M) | Time:00:00.06 | Syncing throat guard row 2 bevelled lamel
Fra:1 Mem:49.42M (Peak 49.42M) | Time:00:00.06 | Syncing throat guard row 2 bevelled lamel
Fra:1 Mem:49.44M (Peak 49.44M) | Time:00:00.06 | Syncing throat guard row 2 bevelled lamel
Fra:1 Mem:49.46M (Peak 49.46M) | Time:00:00.06 | Syncing throat guard row 2 bevelled lamel
Fra:1 Mem:49.48M (Peak 49.48M) | Time:00:00.06 | Syncing throat guard row 3 bevelled lamel
Fra:1 Mem:49.50M (Peak 49.50M) | Time:00:00.06 | Syncing throat guard row 3 bevelled lamel
Fra:1 Mem:49.52M (Peak 49.52M) | Time:00:00.06 | Syncing throat guard row 3 bevelled lamel
Fra:1 Mem:49.54M (Peak 49.54M) | Time:00:00.06 | Syncing throat guard row 3 bevelled lamel
Fra:1 Mem:49.56M (Peak 49.56M) | Time:00:00.06 | Syncing throat guard row 3 bevelled lamel
Fra:1 Mem:49.58M (Peak 49.58M) | Time:00:00.06 | Syncing front under-kimono chest panel
Fra:1 Mem:49.60M (Peak 49.60M) | Time:00:00.06 | Syncing rear under-kimono back panel
Fra:1 Mem:49.63M (Peak 49.63M) | Time:00:00.06 | Syncing upper do cuirass fitted shell
Fra:1 Mem:49.73M (Peak 49.73M) | Time:00:00.06 | Syncing lower do cuirass narrowed shell
Fra:1 Mem:49.81M (Peak 49.81M) | Time:00:00.06 | Syncing front cuirass row 1 bevelled lame
Fra:1 Mem:49.83M (Peak 49.83M) | Time:00:00.06 | Syncing front cuirass row 1 bevelled lame
Fra:1 Mem:49.85M (Peak 49.85M) | Time:00:00.06 | Syncing front cuirass row 1 bevelled lame
Fra:1 Mem:49.87M (Peak 49.87M) | Time:00:00.06 | Syncing front cuirass row 1 bevelled lame
Fra:1 Mem:49.89M (Peak 49.89M) | Time:00:00.06 | Syncing front cuirass row 1 bevelled lame
Fra:1 Mem:49.91M (Peak 49.91M) | Time:00:00.06 | Syncing front cuirass row 1 bevelled lame
Fra:1 Mem:49.93M (Peak 49.93M) | Time:00:00.06 | Syncing front cuirass row 1 bevelled lame
Fra:1 Mem:49.95M (Peak 49.95M) | Time:00:00.06 | Syncing front cuirass row 1 bevelled lame
Fra:1 Mem:49.97M (Peak 49.97M) | Time:00:00.06 | Syncing rear cuirass row 1 bevelled lamel
Fra:1 Mem:49.99M (Peak 49.99M) | Time:00:00.06 | Syncing rear cuirass row 1 bevelled lamel
Fra:1 Mem:50.01M (Peak 50.01M) | Time:00:00.06 | Syncing rear cuirass row 1 bevelled lamel
Fra:1 Mem:50.03M (Peak 50.03M) | Time:00:00.06 | Syncing rear cuirass row 1 bevelled lamel
Fra:1 Mem:50.05M (Peak 50.05M) | Time:00:00.06 | Syncing rear cuirass row 1 bevelled lamel
Fra:1 Mem:50.07M (Peak 50.07M) | Time:00:00.06 | Syncing rear cuirass row 1 bevelled lamel
Fra:1 Mem:50.08M (Peak 50.08M) | Time:00:00.06 | Syncing rear cuirass row 1 bevelled lamel
Fra:1 Mem:50.10M (Peak 50.10M) | Time:00:00.06 | Syncing rear cuirass row 1 bevelled lamel
Fra:1 Mem:50.12M (Peak 50.12M) | Time:00:00.06 | Syncing front cuirass row 2 bevelled lame
Fra:1 Mem:50.14M (Peak 50.14M) | Time:00:00.06 | Syncing front cuirass row 2 bevelled lame
Fra:1 Mem:50.16M (Peak 50.16M) | Time:00:00.06 | Syncing front cuirass row 2 bevelled lame
Fra:1 Mem:50.18M (Peak 50.18M) | Time:00:00.06 | Syncing front cuirass row 2 bevelled lame
Fra:1 Mem:50.20M (Peak 50.20M) | Time:00:00.06 | Syncing front cuirass row 2 bevelled lame
Fra:1 Mem:50.22M (Peak 50.22M) | Time:00:00.06 | Syncing front cuirass row 2 bevelled lame
Fra:1 Mem:50.24M (Peak 50.24M) | Time:00:00.06 | Syncing front cuirass row 2 bevelled lame
Fra:1 Mem:50.26M (Peak 50.26M) | Time:00:00.06 | Syncing front cuirass row 2 bevelled lame
Fra:1 Mem:50.28M (Peak 50.28M) | Time:00:00.06 | Syncing rear cuirass row 2 bevelled lamel
Fra:1 Mem:50.30M (Peak 50.30M) | Time:00:00.06 | Syncing rear cuirass row 2 bevelled lamel
Fra:1 Mem:50.32M (Peak 50.32M) | Time:00:00.06 | Syncing rear cuirass row 2 bevelled lamel
Fra:1 Mem:50.34M (Peak 50.34M) | Time:00:00.06 | Syncing rear cuirass row 2 bevelled lamel
Fra:1 Mem:50.36M (Peak 50.36M) | Time:00:00.06 | Syncing rear cuirass row 2 bevelled lamel
Fra:1 Mem:50.38M (Peak 50.38M) | Time:00:00.06 | Syncing rear cuirass row 2 bevelled lamel
Fra:1 Mem:50.40M (Peak 50.40M) | Time:00:00.06 | Syncing rear cuirass row 2 bevelled lamel
Fra:1 Mem:50.41M (Peak 50.41M) | Time:00:00.06 | Syncing rear cuirass row 2 bevelled lamel
Fra:1 Mem:50.43M (Peak 50.43M) | Time:00:00.06 | Syncing front cuirass row 3 bevelled lame
Fra:1 Mem:50.45M (Peak 50.45M) | Time:00:00.06 | Syncing front cuirass row 3 bevelled lame
Fra:1 Mem:50.47M (Peak 50.47M) | Time:00:00.06 | Syncing front cuirass row 3 bevelled lame
Fra:1 Mem:50.49M (Peak 50.49M) | Time:00:00.06 | Syncing front cuirass row 3 bevelled lame
Fra:1 Mem:50.51M (Peak 50.51M) | Time:00:00.06 | Syncing front cuirass row 3 bevelled lame
Fra:1 Mem:50.53M (Peak 50.53M) | Time:00:00.06 | Syncing front cuirass row 3 bevelled lame
Fra:1 Mem:50.55M (Peak 50.55M) | Time:00:00.06 | Syncing front cuirass row 3 bevelled lame
Fra:1 Mem:50.57M (Peak 50.57M) | Time:00:00.06 | Syncing front cuirass row 3 bevelled lame
Fra:1 Mem:50.59M (Peak 50.59M) | Time:00:00.06 | Syncing rear cuirass row 3 bevelled lamel
Fra:1 Mem:50.61M (Peak 50.61M) | Time:00:00.06 | Syncing rear cuirass row 3 bevelled lamel
Fra:1 Mem:50.63M (Peak 50.63M) | Time:00:00.06 | Syncing rear cuirass row 3 bevelled lamel
Fra:1 Mem:50.65M (Peak 50.65M) | Time:00:00.06 | Syncing rear cuirass row 3 bevelled lamel
Fra:1 Mem:50.67M (Peak 50.67M) | Time:00:00.06 | Syncing rear cuirass row 3 bevelled lamel
Fra:1 Mem:50.68M (Peak 50.68M) | Time:00:00.06 | Syncing rear cuirass row 3 bevelled lamel
Fra:1 Mem:50.70M (Peak 50.70M) | Time:00:00.06 | Syncing rear cuirass row 3 bevelled lamel
Fra:1 Mem:50.72M (Peak 50.72M) | Time:00:00.06 | Syncing rear cuirass row 3 bevelled lamel
Fra:1 Mem:50.74M (Peak 50.74M) | Time:00:00.06 | Syncing front cuirass row 4 bevelled lame
Fra:1 Mem:50.76M (Peak 50.76M) | Time:00:00.06 | Syncing front cuirass row 4 bevelled lame
Fra:1 Mem:50.78M (Peak 50.78M) | Time:00:00.06 | Syncing front cuirass row 4 bevelled lame
Fra:1 Mem:50.80M (Peak 50.80M) | Time:00:00.06 | Syncing front cuirass row 4 bevelled lame
Fra:1 Mem:50.82M (Peak 50.82M) | Time:00:00.06 | Syncing front cuirass row 4 bevelled lame
Fra:1 Mem:50.84M (Peak 50.84M) | Time:00:00.06 | Syncing front cuirass row 4 bevelled lame
Fra:1 Mem:50.86M (Peak 50.86M) | Time:00:00.06 | Syncing front cuirass row 4 bevelled lame
Fra:1 Mem:50.88M (Peak 50.88M) | Time:00:00.06 | Syncing front cuirass row 4 bevelled lame
Fra:1 Mem:50.90M (Peak 50.90M) | Time:00:00.06 | Syncing rear cuirass row 4 bevelled lamel
Fra:1 Mem:50.92M (Peak 50.92M) | Time:00:00.06 | Syncing rear cuirass row 4 bevelled lamel
Fra:1 Mem:50.94M (Peak 50.94M) | Time:00:00.06 | Syncing rear cuirass row 4 bevelled lamel
Fra:1 Mem:50.95M (Peak 50.95M) | Time:00:00.06 | Syncing rear cuirass row 4 bevelled lamel
Fra:1 Mem:50.97M (Peak 50.97M) | Time:00:00.06 | Syncing rear cuirass row 4 bevelled lamel
Fra:1 Mem:50.99M (Peak 50.99M) | Time:00:00.06 | Syncing rear cuirass row 4 bevelled lamel
Fra:1 Mem:51.01M (Peak 51.01M) | Time:00:00.06 | Syncing rear cuirass row 4 bevelled lamel
Fra:1 Mem:51.03M (Peak 51.03M) | Time:00:00.06 | Syncing rear cuirass row 4 bevelled lamel
Fra:1 Mem:51.05M (Peak 51.05M) | Time:00:00.06 | Syncing front cuirass row 5 bevelled lame
Fra:1 Mem:51.07M (Peak 51.07M) | Time:00:00.06 | Syncing front cuirass row 5 bevelled lame
Fra:1 Mem:51.09M (Peak 51.09M) | Time:00:00.06 | Syncing front cuirass row 5 bevelled lame
Fra:1 Mem:51.11M (Peak 51.11M) | Time:00:00.06 | Syncing front cuirass row 5 bevelled lame
Fra:1 Mem:51.13M (Peak 51.13M) | Time:00:00.06 | Syncing front cuirass row 5 bevelled lame
Fra:1 Mem:51.15M (Peak 51.15M) | Time:00:00.06 | Syncing front cuirass row 5 bevelled lame
Fra:1 Mem:51.17M (Peak 51.17M) | Time:00:00.06 | Syncing front cuirass row 5 bevelled lame
Fra:1 Mem:51.19M (Peak 51.19M) | Time:00:00.06 | Syncing front cuirass row 5 bevelled lame
Fra:1 Mem:51.21M (Peak 51.21M) | Time:00:00.06 | Syncing rear cuirass row 5 bevelled lamel
Fra:1 Mem:51.23M (Peak 51.23M) | Time:00:00.06 | Syncing rear cuirass row 5 bevelled lamel
Fra:1 Mem:51.24M (Peak 51.24M) | Time:00:00.06 | Syncing rear cuirass row 5 bevelled lamel
Fra:1 Mem:51.26M (Peak 51.26M) | Time:00:00.06 | Syncing rear cuirass row 5 bevelled lamel
Fra:1 Mem:51.28M (Peak 51.28M) | Time:00:00.06 | Syncing rear cuirass row 5 bevelled lamel
Fra:1 Mem:51.30M (Peak 51.30M) | Time:00:00.06 | Syncing rear cuirass row 5 bevelled lamel
Fra:1 Mem:51.32M (Peak 51.32M) | Time:00:00.06 | Syncing rear cuirass row 5 bevelled lamel
Fra:1 Mem:51.34M (Peak 51.34M) | Time:00:00.06 | Syncing rear cuirass row 5 bevelled lamel
Fra:1 Mem:51.36M (Peak 51.36M) | Time:00:00.06 | Syncing front cuirass vertical odoshi lac
Fra:1 Mem:51.36M (Peak 51.42M) | Time:00:00.06 | Syncing front cuirass vertical odoshi lac
Fra:1 Mem:51.37M (Peak 51.42M) | Time:00:00.06 | Syncing front cuirass vertical odoshi lac
Fra:1 Mem:51.37M (Peak 51.42M) | Time:00:00.06 | Syncing front cuirass vertical odoshi lac
Fra:1 Mem:51.38M (Peak 51.42M) | Time:00:00.06 | Syncing front cuirass vertical odoshi lac
Fra:1 Mem:51.39M (Peak 51.42M) | Time:00:00.06 | Syncing front cuirass vertical odoshi lac
Fra:1 Mem:51.39M (Peak 51.42M) | Time:00:00.06 | Syncing rear cuirass vertical odoshi lace
Fra:1 Mem:51.40M (Peak 51.42M) | Time:00:00.06 | Syncing rear cuirass vertical odoshi lace
Fra:1 Mem:51.41M (Peak 51.42M) | Time:00:00.06 | Syncing rear cuirass vertical odoshi lace
Fra:1 Mem:51.41M (Peak 51.42M) | Time:00:00.06 | Syncing rear cuirass vertical odoshi lace
Fra:1 Mem:51.42M (Peak 51.42M) | Time:00:00.06 | Syncing rear cuirass vertical odoshi lace
Fra:1 Mem:51.43M (Peak 51.43M) | Time:00:00.06 | Syncing left side cuirass plate 1
Fra:1 Mem:51.44M (Peak 51.44M) | Time:00:00.06 | Syncing left side cuirass plate 2
Fra:1 Mem:51.45M (Peak 51.45M) | Time:00:00.06 | Syncing left side cuirass plate 3
Fra:1 Mem:51.47M (Peak 51.47M) | Time:00:00.06 | Syncing right side cuirass plate 1
Fra:1 Mem:51.48M (Peak 51.48M) | Time:00:00.06 | Syncing right side cuirass plate 2
Fra:1 Mem:51.50M (Peak 51.50M) | Time:00:00.06 | Syncing right side cuirass plate 3
Fra:1 Mem:51.51M (Peak 51.51M) | Time:00:00.06 | Syncing left shoulder undercloth
Fra:1 Mem:51.57M (Peak 51.57M) | Time:00:00.06 | Syncing left hanging sode shoulder plate 
Fra:1 Mem:51.58M (Peak 51.58M) | Time:00:00.06 | Syncing left hanging sode shoulder plate 
Fra:1 Mem:51.60M (Peak 51.60M) | Time:00:00.06 | Syncing left hanging sode shoulder plate 
Fra:1 Mem:51.62M (Peak 51.62M) | Time:00:00.06 | Syncing left hanging sode shoulder plate 
Fra:1 Mem:51.64M (Peak 51.64M) | Time:00:00.06 | Syncing left armored upper arm
Fra:1 Mem:51.70M (Peak 51.70M) | Time:00:00.06 | Syncing left sode shoulder armor
Fra:1 Mem:51.74M (Peak 51.74M) | Time:00:00.06 | Syncing left kote forearm guard
Fra:1 Mem:51.80M (Peak 51.80M) | Time:00:00.06 | Syncing left leather palm volume
Fra:1 Mem:51.83M (Peak 51.85M) | Time:00:00.06 | Syncing left articulated index finger
Fra:1 Mem:51.84M (Peak 51.85M) | Time:00:00.06 | Syncing left index fingertip
Fra:1 Mem:51.86M (Peak 51.86M) | Time:00:00.06 | Syncing left articulated middle finger
Fra:1 Mem:51.87M (Peak 51.87M) | Time:00:00.06 | Syncing left middle fingertip
Fra:1 Mem:51.88M (Peak 51.88M) | Time:00:00.06 | Syncing left articulated ring finger
Fra:1 Mem:51.89M (Peak 51.89M) | Time:00:00.06 | Syncing left ring fingertip
Fra:1 Mem:51.93M (Peak 51.93M) | Time:00:00.06 | Syncing left articulated pinky finger
Fra:1 Mem:51.94M (Peak 51.94M) | Time:00:00.06 | Syncing left pinky fingertip
Fra:1 Mem:51.95M (Peak 51.95M) | Time:00:00.06 | Syncing left opposed thumb
Fra:1 Mem:51.96M (Peak 51.96M) | Time:00:00.06 | Syncing left thumb fingertip
Fra:1 Mem:51.97M (Peak 51.97M) | Time:00:00.07 | Syncing right shoulder undercloth
Fra:1 Mem:52.03M (Peak 52.03M) | Time:00:00.07 | Syncing right hanging sode shoulder plate
Fra:1 Mem:52.05M (Peak 52.05M) | Time:00:00.07 | Syncing right hanging sode shoulder plate
Fra:1 Mem:52.07M (Peak 52.07M) | Time:00:00.07 | Syncing right hanging sode shoulder plate
Fra:1 Mem:52.09M (Peak 52.09M) | Time:00:00.07 | Syncing right hanging sode shoulder plate
Fra:1 Mem:52.11M (Peak 52.11M) | Time:00:00.07 | Syncing right armored upper arm
Fra:1 Mem:52.16M (Peak 52.16M) | Time:00:00.07 | Syncing right sode shoulder armor
Fra:1 Mem:52.20M (Peak 52.20M) | Time:00:00.07 | Syncing right kote forearm guard
Fra:1 Mem:52.26M (Peak 52.26M) | Time:00:00.07 | Syncing right leather palm volume
Fra:1 Mem:52.30M (Peak 52.30M) | Time:00:00.07 | Syncing right articulated index finger
Fra:1 Mem:52.31M (Peak 52.31M) | Time:00:00.07 | Syncing right index fingertip
Fra:1 Mem:52.32M (Peak 52.32M) | Time:00:00.07 | Syncing right articulated middle finger
Fra:1 Mem:52.33M (Peak 52.33M) | Time:00:00.07 | Syncing right middle fingertip
Fra:1 Mem:52.34M (Peak 52.34M) | Time:00:00.07 | Syncing right articulated ring finger
Fra:1 Mem:52.35M (Peak 52.35M) | Time:00:00.07 | Syncing right ring fingertip
Fra:1 Mem:52.36M (Peak 52.36M) | Time:00:00.07 | Syncing right articulated pinky finger
Fra:1 Mem:52.37M (Peak 52.37M) | Time:00:00.07 | Syncing right pinky fingertip
Fra:1 Mem:52.38M (Peak 52.38M) | Time:00:00.07 | Syncing right opposed thumb
Fra:1 Mem:52.39M (Peak 52.39M) | Time:00:00.07 | Syncing right thumb fingertip
Fra:1 Mem:52.41M (Peak 52.41M) | Time:00:00.07 | Syncing kusazuri skirt plate -1 row 1
Fra:1 Mem:52.42M (Peak 52.42M) | Time:00:00.07 | Syncing rear kusazuri skirt plate -1 row 
Fra:1 Mem:52.43M (Peak 52.43M) | Time:00:00.07 | Syncing kusazuri skirt plate -1 row 2
Fra:1 Mem:52.45M (Peak 52.45M) | Time:00:00.07 | Syncing rear kusazuri skirt plate -1 row 
Fra:1 Mem:52.46M (Peak 52.46M) | Time:00:00.07 | Syncing kusazuri skirt plate -1 row 3
Fra:1 Mem:52.48M (Peak 52.48M) | Time:00:00.07 | Syncing rear kusazuri skirt plate -1 row 
Fra:1 Mem:52.49M (Peak 52.49M) | Time:00:00.07 | Syncing kusazuri skirt plate +0 row 1
Fra:1 Mem:52.50M (Peak 52.50M) | Time:00:00.07 | Syncing rear kusazuri skirt plate +0 row 
Fra:1 Mem:52.52M (Peak 52.52M) | Time:00:00.07 | Syncing kusazuri skirt plate +0 row 2
Fra:1 Mem:52.53M (Peak 52.53M) | Time:00:00.07 | Syncing rear kusazuri skirt plate +0 row 
Fra:1 Mem:52.54M (Peak 52.54M) | Time:00:00.07 | Syncing kusazuri skirt plate +0 row 3
Fra:1 Mem:52.56M (Peak 52.56M) | Time:00:00.07 | Syncing rear kusazuri skirt plate +0 row 
Fra:1 Mem:52.57M (Peak 52.57M) | Time:00:00.07 | Syncing kusazuri skirt plate +1 row 1
Fra:1 Mem:52.59M (Peak 52.59M) | Time:00:00.07 | Syncing rear kusazuri skirt plate +1 row 
Fra:1 Mem:52.60M (Peak 52.60M) | Time:00:00.07 | Syncing kusazuri skirt plate +1 row 2
Fra:1 Mem:52.61M (Peak 52.61M) | Time:00:00.07 | Syncing rear kusazuri skirt plate +1 row 
Fra:1 Mem:52.63M (Peak 52.63M) | Time:00:00.07 | Syncing kusazuri skirt plate +1 row 3
Fra:1 Mem:52.64M (Peak 52.64M) | Time:00:00.07 | Syncing rear kusazuri skirt plate +1 row 
Fra:1 Mem:52.66M (Peak 52.66M) | Time:00:00.07 | Syncing left hanging hakama outer cloth
Fra:1 Mem:52.68M (Peak 52.68M) | Time:00:00.07 | Syncing left side hakama fold
Fra:1 Mem:52.71M (Peak 52.71M) | Time:00:00.07 | Syncing right hanging hakama outer cloth
Fra:1 Mem:52.74M (Peak 52.74M) | Time:00:00.07 | Syncing right side hakama fold
Fra:1 Mem:52.76M (Peak 52.76M) | Time:00:00.07 | Syncing left hakama trouser leg
Fra:1 Mem:52.82M (Peak 52.82M) | Time:00:00.07 | Syncing left shin greave
Fra:1 Mem:52.87M (Peak 52.87M) | Time:00:00.07 | Syncing left split-toe tabi foot volume
Fra:1 Mem:52.92M (Peak 52.92M) | Time:00:00.07 | Syncing left separated big toe
Fra:1 Mem:52.94M (Peak 52.94M) | Time:00:00.07 | Syncing left outer toe group
Fra:1 Mem:52.96M (Peak 52.96M) | Time:00:00.07 | Syncing left woven waraji sole grounded
Fra:1 Mem:52.97M (Peak 52.97M) | Time:00:00.07 | Syncing left sandal toe strap
Fra:1 Mem:52.98M (Peak 52.98M) | Time:00:00.07 | Syncing left heel strap
Fra:1 Mem:52.98M (Peak 52.98M) | Time:00:00.07 | Syncing left hakama pleat 1
Fra:1 Mem:52.99M (Peak 52.99M) | Time:00:00.07 | Syncing left hakama pleat 2
Fra:1 Mem:52.99M (Peak 52.99M) | Time:00:00.07 | Syncing left hakama pleat 3
Fra:1 Mem:53.00M (Peak 53.00M) | Time:00:00.07 | Syncing right hakama trouser leg
Fra:1 Mem:53.06M (Peak 53.06M) | Time:00:00.07 | Syncing right shin greave
Fra:1 Mem:53.11M (Peak 53.11M) | Time:00:00.07 | Syncing right split-toe tabi foot volume
Fra:1 Mem:53.16M (Peak 53.16M) | Time:00:00.07 | Syncing right separated big toe
Fra:1 Mem:53.18M (Peak 53.18M) | Time:00:00.07 | Syncing right outer toe group
Fra:1 Mem:53.20M (Peak 53.20M) | Time:00:00.07 | Syncing right woven waraji sole grounded
Fra:1 Mem:53.21M (Peak 53.21M) | Time:00:00.07 | Syncing right sandal toe strap
Fra:1 Mem:53.22M (Peak 53.22M) | Time:00:00.07 | Syncing right heel strap
Fra:1 Mem:53.22M (Peak 53.22M) | Time:00:00.07 | Syncing right hakama pleat 1
Fra:1 Mem:53.23M (Peak 53.23M) | Time:00:00.07 | Syncing right hakama pleat 2
Fra:1 Mem:53.23M (Peak 53.23M) | Time:00:00.07 | Syncing right hakama pleat 3
Fra:1 Mem:53.24M (Peak 53.24M) | Time:00:00.07 | Syncing drawn katana blade spine
Fra:1 Mem:53.25M (Peak 53.30M) | Time:00:00.07 | Syncing bright sharpened katana edge
Fra:1 Mem:53.26M (Peak 53.31M) | Time:00:00.07 | Syncing wrapped katana grip
Fra:1 Mem:53.27M (Peak 53.31M) | Time:00:00.07 | Syncing square tsuba guard
Fra:1 Mem:53.28M (Peak 53.31M) | Time:00:00.07 | Syncing lacquered saya scabbard at left h
Fra:1 Mem:53.28M (Peak 53.31M) | Time:00:00.07 | Syncing waist sash tying armor
Fra:1 Mem:53.29M (Peak 53.31M) | Time:00:00.07 | Syncing bamboo sashimono back pole
Fra:1 Mem:53.30M (Peak 53.31M) | Time:00:00.07 | Syncing small lacquered sashimono crossba
Fra:1 Mem:53.31M (Peak 53.31M) | Time:00:00.07 | Syncing cloth sashimono banner panel
Fra:1 Mem:53.33M (Peak 53.37M) | Time:00:00.07 | Syncing simple round clan mon on banner
Fra:1 Mem:53.37M (Peak 53.37M) | Time:00:00.07 | Syncing cool key
Fra:1 Mem:53.37M (Peak 53.37M) | Time:00:00.07 | Syncing rim
Fra:1 Mem:53.37M (Peak 53.37M) | Time:00:00.07 | Syncing hero cam
Fra:1 Mem:53.37M (Peak 53.37M) | Time:00:00.07 | Syncing samurai_v2_provenance
Fra:1 Mem:53.45M (Peak 53.55M) | Time:00:00.08 | Rendering 1 / 32 samples
Fra:1 Mem:50.93M (Peak 53.55M) | Time:00:02.44 | Rendering 26 / 32 samples
Fra:1 Mem:50.93M (Peak 53.55M) | Time:00:02.86 | Rendering 32 / 32 samples
Saved: '/tmp/factoryx-v23-render/samurai-repaired-full-20-v23/takeda-01/samurai_character_rear.png'
 Time: 00:02.97 (Saving: 00:00.03)

ERROR (bke.modifier): ./source/blender/blenkernel/intern/modifier.cc:458 BKE_modifier_set_error: Object: "mempo grim mouth slit", Modifier: "weighted normals", Enable 'Auto Smooth' in Object Data Properties
ERROR (bke.modifier): ./source/blender/blenkernel/intern/modifier.cc:458 BKE_modifier_set_error: Object: "mempo nose ridge", Modifier: "weighted normals", Enable 'Auto Smooth' in Object Data Properties
ERROR (bke.modifier): ./source/blender/blenkernel/intern/modifier.cc:458 BKE_modifier_set_error: Object: "right narrow eye slit", Modifier: "weighted normals", Enable 'Auto Smooth' in Object Data Properties
ERROR (bke.modifier): ./source/blender/blenkernel/intern/modifier.cc:458 BKE_modifier_set_error: Object: "left narrow eye slit", Modifier: "weighted normals", Enable 'Auto Smooth' in Object Data Properties
ERROR (bke.modifier): ./source/blender/blenkernel/intern/modifier.cc:458 BKE_modifier_set_error: Object: "throat guard row 1 bevelled lamellar plate 03", Modifier: "weighted normals", Enable 'Auto Smooth' in Object Data Properties
ERROR (bke.modifier): ./source/blender/blenkernel/intern/modifier.cc:458 BKE_modifier_set_error: Object: "throat guard row 1 bevelled lamellar plate 05", Modifier: "weighted normals", Enable 'Auto Smooth' in Object Data Properties
ERROR (bke.modifier): ./source/blender/blenkernel/intern/modifier.cc:458 BKE_modifier_set_error: Object: "throat guard row 1 bevelled lamellar plate 01", Modifier: "weighted normals", Enable 'Auto Smooth' in Object Data Properties
ERROR (bke.modifier): ./source/blender/blenkernel/intern/modifier.cc:458 BKE_modifier_set_error: Object: "throat guard row 2 bevelled lamellar plate 01", Modifier: "weighted normals", Enable 'Auto Smooth' in Object Data Properties
ERROR (bke.modifier): ./source/blender/blenkernel/intern/modifier.cc:458 BKE_modifier_set_error: Object: "throat guard row 2 bevelled lamellar plate 04", Modifier: "weighted normals", Enable 'Auto Smooth' in Object Data Properties
ERROR (bke.modifier): ./source/blender/blenkernel/intern/modifier.cc:458 BKE_modifier_set_error: Object: "throat guard row 2 bevelled lamellar plate 05", Modifier: "weighted normals", Enable 'Auto Smooth' in Object Data Properties
ERROR (bke.modifier): ./source/blender/blenkernel/intern/modifier.cc:458 BKE_modifier_set_error: Object: "upper do cuirass fitted shell", Modifier: "weighted normals", Enable 'Auto Smooth' in Object Data Properties
ERROR (bke.modifier): ./source/blender/blenkernel/intern/modifier.cc:458 BKE_modifier_set_error: Object: "throat guard row 3 bevelled lamellar plate 01", Modifier: "weighted normals", Enable 'Auto Smooth' in Object Data Properties
ERROR (bke.modifier): ./source/blender/blenkernel/intern/modifier.cc:458 BKE_modifier_set_error: Object: "throat guard row 3 bevelled lamellar plate 03", Modifier: "weighted normals", Enable 'Auto Smooth' in Object Data Properties
ERROR (bke.modifier): ./source/blender/blenkernel/intern/modifier.cc:458 BKE_modifier_set_error: Object: "mempo chin guard", Modifier: "weighted normals", Enable 'Auto Smooth' in Object Data Properties
ERROR (bke.modifier): ./source/blender/blenkernel/intern/modifier.cc:458 BKE_modifier_set_error: Object: "throat guard row 1 bevelled lamellar plate 02", Modifier: "weighted normals", Enable 'Auto Smooth' in Object Data Properties
ERROR (bke.modifier): ./source/blender/blenkernel/intern/modifier.cc:458 BKE_modifier_set_error: Object: "throat guard row 2 bevelled lamellar plate 02", Modifier: "weighted normals", Enable 'Auto Smooth' in Object Data Properties
ERROR (bke.modifier): ./source/blender/blenkernel/intern/modifier.cc:458 BKE_modifier_set_error: Object: "throat guard row 3 bevelled lamellar plate 05", Modifier: "weighted normals", Enable 'Auto Smooth' in Object Data Properties
ERROR (bke.modifier): ./source/blender/blenkernel/intern/modifier.cc:458 BKE_modifier_set_error: Object: "lower do cuirass narrowed shell", Modifier: "weighted normals", Enable 'Auto Smooth' in Object Data Properties
ERROR (bke.modifier): ./source/blender/blenkernel/intern/modifier.cc:458 BKE_modifier_set_error: Object: "throat guard row 2 bevelled lamellar plate 03", Modifier: "weighted normals", Enable 'Auto Smooth' in Object Data Properties
ERROR (bke.modifier): ./source/blender/blenkernel/intern/modifier.cc:458 BKE_modifier_set_error: Object: "throat guard row 1 bevelled lamellar plate 04", Modifier: "weighted normals", Enable 'Auto Smooth' in Object Data Properties
ERROR (bke.modifier): ./source/blender/blenkernel/intern/modifier.cc:458 BKE_modifier_set_error: Object: "throat guard row 3 bevelled lamellar plate 04", Modifier: "weighted normals", Enable 'Auto Smooth' in Object Data Properties
ERROR (bke.modifier): ./source/blender/blenkernel/intern/modifier.cc:458 BKE_modifier_set_error: Object: "throat guard row 3 bevelled lamellar plate 02", Modifier: "weighted normals", Enable 'Auto Smooth' in Object Data Properties
ERROR (bke.modifier): ./source/blender/blenkernel/intern/modifier.cc:458 BKE_modifier_set_error: Object: "front under-kimono chest panel", Modifier: "weighted normals", Enable 'Auto Smooth' in Object Data Properties
ERROR (bke.modifier): ./source/blender/blenkernel/intern/modifier.cc:458 BKE_modifier_set_error: Object: "front cuirass row 1 bevelled lamellar plate 01", Modifier: "weighted normals", Enable 'Auto Smooth' in Object Data Properties
ERROR (bke.modifier): ./source/blender/blenkernel/intern/modifier.cc:458 BKE_modifier_set_error: Object: "rear under-kimono back panel", Modifier: "weighted normals", Enable 'Auto Smooth' in Object Data Properties
ERROR (bke.modifier): ./source/blender/blenkernel/intern/modifier.cc:458 BKE_modifier_set_error: Object: "front cuirass row 1 bevelled lamellar plate 02", Modifier: "weighted normals", Enable 'Auto Smooth' in Object Data Properties
ERROR (bke.modifier): ./source/blender/blenkernel/intern/modifier.cc:458 BKE_modifier_set_error: Object: "front cuirass row 1 bevelled lamellar plate 03", Modifier: "weighted normals", Enable 'Auto Smooth' in Object Data Properties
ERROR (bke.modifier): ./source/blender/blenkernel/intern/modifier.cc:458 BKE_modifier_set_error: Object: "front cuirass row 1 bevelled lamellar plate 05", Modifier: "weighted normals", Enable 'Auto Smooth' in Object Data Properties
ERROR (bke.modifier): ./source/blender/blenkernel/intern/modifier.cc:458 BKE_modifier_set_error: Object: "right angular mempo cheek plate", Modifier: "weighted normals", Enable 'Auto Smooth' in Object Data Properties
ERROR (bke.modifier): ./source/blender/blenkernel/intern/modifier.cc:458 BKE_modifier_set_error: Object: "front cuirass row 1 bevelled lamellar plate 07", Modifier: "weighted normals", Enable 'Auto Smooth' in Object Data Properties
ERROR (bke.modifier): ./source/blender/blenkernel/intern/modifier.cc:458 BKE_modifier_set_error: Object: "front cuirass row 1 bevelled lamellar plate 08", Modifier: "weighted normals", Enable 'Auto Smooth' in Object Data Properties
ERROR (bke.modifier): ./source/blender/blenkernel/intern/modifier.cc:458 BKE_modifier_set_error: Object: "front cuirass row 1 bevelled lamellar plate 04", Modifier: "weighted normals", Enable 'Auto Smooth' in Object Data Properties
ERROR (bke.modifier): ./source/blender/blenkernel/intern/modifier.cc:458 BKE_modifier_set_error: Object: "rear cuirass row 1 bevelled lamellar plate 01", Modifier: "weighted normals", Enable 'Auto Smooth' in Object Data Properties
ERROR (bke.modifier): ./source/blender/blenkernel/intern/modifier.cc:458 BKE_modifier_set_error: Object: "rear cuirass row 1 bevelled lamellar plate 04", Modifier: "weighted normals", Enable 'Auto Smooth' in Object Data Properties
ERROR (bke.modifier): ./source/blender/blenkernel/intern/modifier.cc:458 BKE_modifier_set_error: Object: "front cuirass row 1 bevelled lamellar plate 06", Modifier: "weighted normals", Enable 'Auto Smooth' in Object Data Properties
ERROR (bke.modifier): ./source/blender/blenkernel/intern/modifier.cc:458 BKE_modifier_set_error: Object: "rear cuirass row 1 bevelled lamellar plate 03", Modifier: "weighted normals", Enable 'Auto Smooth' in Object Data Properties
ERROR (bke.modifier): ./source/blender/blenkernel/intern/modifier.cc:458 BKE_modifier_set_error: Object: "rear cuirass row 1 bevelled lamellar plate 02", Modifier: "weighted normals", Enable 'Auto Smooth' in Object Data Properties
ERROR (bke.modifier): ./source/blender/blenkernel/intern/modifier.cc:458 BKE_modifier_set_error: Object: "rear cuirass row 1 bevelled lamellar plate 05", Modifier: "weighted normals", Enable 'Auto Smooth' in Object Data Properties
ERROR (bke.modifier): ./source/blender/blenkernel/intern/modifier.cc:458 BKE_modifier_set_error: Object: "rear cuirass row 1 bevelled lamellar plate 08", Modifier: "weighted normals", Enable 'Auto Smooth' in Object Data Properties
ERROR (bke.modifier): ./source/blender/blenkernel/intern/modifier.cc:458 BKE_modifier_set_error: Object: "rear cuirass row 1 bevelled lamellar plate 07", Modifier: "weighted normals", Enable 'Auto Smooth' in Object Data Properties
ERROR (bke.modifier): ./source/blender/blenkernel/intern/modifier.cc:458 BKE_modifier_set_error: Object: "front cuirass row 2 bevelled lamellar plate 01", Modifier: "weighted normals", Enable 'Auto Smooth' in Object Data Properties
ERROR (bke.modifier): ./source/blender/blenkernel/intern/modifier.cc:458 BKE_modifier_set_error: Object: "rear cuirass row 1 bevelled lamellar plate 06", Modifier: "weighted normals", Enable 'Auto Smooth' in Object Data Properties
ERROR (bke.modifier): ./source/blender/blenkernel/intern/modifier.cc:458 BKE_modifier_set_error: Object: "front cuirass row 2 bevelled lamellar plate 02", Modifier: "weighted normals", Enable 'Auto Smooth' in Object Data Properties
ERROR (bke.modifier): ./source/blender/blenkernel/intern/modifier.cc:458 BKE_modifier_set_error: Object: "front cuirass row 2 bevelled lamellar plate 03", Modifier: "weighted normals", Enable 'Auto Smooth' in Object Data Properties
ERROR (bke.modifier): ./source/blender/blenkernel/intern/modifier.cc:458 BKE_modifier_set_error: Object: "left angular mempo cheek plate", Modifier: "weighted normals", Enable 'Auto Smooth' in Object Data Properties
ERROR (bke.modifier): ./source/blender/blenkernel/intern/modifier.cc:458 BKE_modifier_set_error: Object: "front cuirass row 2 bevelled lamellar plate 04", Modifier: "weighted normals", Enable 'Auto Smooth' in Object Data Properties
ERROR (bke.modifier): ./source/blender/blenkernel/intern/modifier.cc:458 BKE_modifier_set_error: Object: "crest central rivet", Modifier: "weighted normals", Enable 'Auto Smooth' in Object Data Properties
ERROR (bke.modifier): ./source/blender/blenkernel/intern/modifier.cc:458 BKE_modifier_set_error: Object: "front cuirass row 2 bevelled lamellar plate 05", Modifier: "weighted normals", Enable 'Auto Smooth' in Object Data Properties
ERROR (bke.modifier): ./source/blender/blenkernel/intern/modifier.cc:458 BKE_modifier_set_error: Object: "front cuirass row 2 bevelled lamellar plate 08", Modifier: "weighted normals", Enable 'Auto Smooth' in Object Data Properties
ERROR (bke.modifier): ./source/blender/blenkernel/intern/modifier.cc:458 BKE_modifier_set_error: Object: "front cuirass row 2 bevelled lamellar plate 06", Modifier: "weighted normals", Enable 'Auto Smooth' in Object Data Properties
ERROR (bke.modifier): ./source/blender/blenkernel/intern/modifier.cc:458 BKE_modifier_set_error: Object: "front cuirass row 2 bevelled lamellar plate 07", Modifier: "weighted normals", Enable 'Auto Smooth' in Object Data Properties
ERROR (bke.modifier): ./source/blender/blenkernel/intern/modifier.cc:458 BKE_modifier_set_error: Object: "rear cuirass row 2 bevelled lamellar plate 01", Modifier: "weighted normals", Enable 'Auto Smooth' in Object Data Properties
ERROR (bke.modifier): ./source/blender/blenkernel/intern/modifier.cc:458 BKE_modifier_set_error: Object: "rear cuirass row 2 bevelled lamellar plate 02", Modifier: "weighted normals", Enable 'Auto Smooth' in Object Data Properties
ERROR (bke.modifier): ./source/blender/blenkernel/intern/modifier.cc:458 BKE_modifier_set_error: Object: "rear cuirass row 2 bevelled lamellar plate 04", Modifier: "weighted normals", Enable 'Auto Smooth' in Object Data Properties
ERROR (bke.modifier): ./source/blender/blenkernel/intern/modifier.cc:458 BKE_modifier_set_error: Object: "rear cuirass row 2 bevelled lamellar plate 03", Modifier: "weighted normals", Enable 'Auto Smooth' in Object Data Properties
ERROR (bke.modifier): ./source/blender/blenkernel/intern/modifier.cc:458 BKE_modifier_set_error: Object: "rear cuirass row 2 bevelled lamellar plate 08", Modifier: "weighted normals", Enable 'Auto Smooth' in Object Data Properties
ERROR (bke.modifier): ./source/blender/blenkernel/intern/modifier.cc:458 BKE_modifier_set_error: Object: "rear cuirass row 2 bevelled lamellar plate 05", Modifier: "weighted normals", Enable 'Auto Smooth' in Object Data Properties
ERROR (bke.modifier): ./source/blender/blenkernel/intern/modifier.cc:458 BKE_modifier_set_error: Object: "rear cuirass row 2 bevelled lamellar plate 06", Modifier: "weighted normals", Enable 'Auto Smooth' in Object Data Properties
ERROR (bke.modifier): ./source/blender/blenkernel/intern/modifier.cc:458 BKE_modifier_set_error: Object: "rear cuirass row 2 bevelled lamellar plate 07", Modifier: "weighted normals", Enable 'Auto Smooth' in Object Data Properties
ERROR (bke.modifier): ./source/blender/blenkernel/intern/modifier.cc:458 BKE_modifier_set_error: Object: "front cuirass row 3 bevelled lamellar plate 03", Modifier: "weighted normals", Enable 'Auto Smooth' in Object Data Properties
ERROR (bke.modifier): ./source/blender/blenkernel/intern/modifier.cc:458 BKE_modifier_set_error: Object: "front cuirass row 3 bevelled lamellar plate 01", Modifier: "weighted normals", Enable 'Auto Smooth' in Object Data Properties
ERROR (bke.modifier): ./source/blender/blenkernel/intern/modifier.cc:458 BKE_modifier_set_error: Object: "rear cuirass row 3 bevelled lamellar plate 02", Modifier: "weighted normals", Enable 'Auto Smooth' in Object Data Properties
ERROR (bke.modifier): ./source/blender/blenkernel/intern/modifier.cc:458 BKE_modifier_set_error: Object: "rear cuirass row 3 bevelled lamellar plate 03", Modifier: "weighted normals", Enable 'Auto Smooth' in Object Data Properties
ERROR (bke.modifier): ./source/blender/blenkernel/intern/modifier.cc:458 BKE_modifier_set_error: Object: "front cuirass row 3 bevelled lamellar plate 02", Modifier: "weighted normals", Enable 'Auto Smooth' in Object Data Properties
ERROR (bke.modifier): ./source/blender/blenkernel/intern/modifier.cc:458 BKE_modifier_set_error: Object: "front cuirass row 3 bevelled lamellar plate 07", Modifier: "weighted normals", Enable 'Auto Smooth' in Object Data Properties
ERROR (bke.modifier): ./source/blender/blenkernel/intern/modifier.cc:458 BKE_modifier_set_error: Object: "front cuirass row 3 bevelled lamellar plate 04", Modifier: "weighted normals", Enable 'Auto Smooth' in Object Data Properties
ERROR (bke.modifier): ./source/blender/blenkernel/intern/modifier.cc:458 BKE_modifier_set_error: Object: "rear cuirass row 3 bevelled lamellar plate 01", Modifier: "weighted normals", Enable 'Auto Smooth' in Object Data Properties
ERROR (bke.modifier): ./source/blender/blenkernel/intern/modifier.cc:458 BKE_modifier_set_error: Object: "front cuirass row 3 bevelled lamellar plate 08", Modifier: "weighted normals", Enable 'Auto Smooth' in Object Data Properties
ERROR (bke.modifier): ./source/blender/blenkernel/intern/modifier.cc:458 BKE_modifier_set_error: Object: "rear cuirass row 3 bevelled lamellar plate 05", Modifier: "weighted normals", Enable 'Auto Smooth' in Object Data Properties
ERROR (bke.modifier): ./source/blender/blenkernel/intern/modifier.cc:458 BKE_modifier_set_error: Object: "front cuirass row 3 bevelled lamellar plate 06", Modifier: "weighted normals", Enable 'Auto Smooth' in Object Data Properties
ERROR (bke.modifier): ./source/blender/blenkernel/intern/modifier.cc:458 BKE_modifier_set_error: Object: "right side helmet flange", Modifier: "weighted normals", Enable 'Auto Smooth' in Object Data Properties
ERROR (bke.modifier): ./source/blender/blenkernel/intern/modifier.cc:458 BKE_modifier_set_error: Object: "rear cuirass row 3 bevelled lamellar plate 04", Modifier: "weighted normals", Enable 'Auto Smooth' in Object Data Properties
ERROR (bke.modifier): ./source/blender/blenkernel/intern/modifier.cc:458 BKE_modifier_set_error: Object: "front cuirass row 3 bevelled lamellar plate 05", Modifier: "weighted normals", Enable 'Auto Smooth' in Object Data Properties
ERROR (bke.modifier): ./source/blender/blenkernel/intern/modifier.cc:458 BKE_modifier_set_error: Object: "rear cuirass row 3 bevelled lamellar plate 06", Modifier: "weighted normals", Enable 'Auto Smooth' in Object Data Properties
ERROR (bke.modifier): ./source/blender/blenkernel/intern/modifier.cc:458 BKE_modifier_set_error: Object: "front cuirass row 4 bevelled lamellar plate 03", Modifier: "weighted normals", Enable 'Auto Smooth' in Object Data Properties
ERROR (bke.modifier): ./source/blender/blenkernel/intern/modifier.cc:458 BKE_modifier_set_error: Object: "rear cuirass row 3 bevelled lamellar plate 08", Modifier: "weighted normals", Enable 'Auto Smooth' in Object Data Properties
ERROR (bke.modifier): ./source/blender/blenkernel/intern/modifier.cc:458 BKE_modifier_set_error: Object: "rear cuirass row 3 bevelled lamellar plate 07", Modifier: "weighted normals", Enable 'Auto Smooth' in Object Data Properties
ERROR (bke.modifier): ./source/blender/blenkernel/intern/modifier.cc:458 BKE_modifier_set_error: Object: "front cuirass row 4 bevelled lamellar plate 01", Modifier: "weighted normals", Enable 'Auto Smooth' in Object Data Properties
ERROR (bke.modifier): ./source/blender/blenkernel/intern/modifier.cc:458 BKE_modifier_set_error: Object: "front cuirass row 4 bevelled lamellar plate 02", Modifier: "weighted normals", Enable 'Auto Smooth' in Object Data Properties
ERROR (bke.modifier): ./source/blender/blenkernel/intern/modifier.cc:458 BKE_modifier_set_error: Object: "front cuirass row 4 bevelled lamellar plate 04", Modifier: "weighted normals", Enable 'Auto Smooth' in Object Data Properties
ERROR (bke.modifier): ./source/blender/blenkernel/intern/modifier.cc:458 BKE_modifier_set_error: Object: "rear cuirass row 4 bevelled lamellar plate 06", Modifier: "weighted normals", Enable 'Auto Smooth' in Object Data Properties
ERROR (bke.modifier): ./source/blender/blenkernel/intern/modifier.cc:458 BKE_modifier_set_error: Object: "left side helmet flange", Modifier: "weighted normals", Enable 'Auto Smooth' in Object Data Properties
ERROR (bke.modifier): ./source/blender/blenkernel/intern/modifier.cc:458 BKE_modifier_set_error: Object: "front cuirass row 4 bevelled lamellar plate 05", Modifier: "weighted normals", Enable 'Auto Smooth' in Object Data Properties
ERROR (bke.modifier): ./source/blender/blenkernel/intern/modifier.cc:458 BKE_modifier_set_error: Object: "layered rear shikoro neck guard", Modifier: "weighted normals", Enable 'Auto Smooth' in Object Data Properties
ERROR (bke.modifier): ./source/blender/blenkernel/intern/modifier.cc:458 BKE_modifier_set_error: Object: "rear cuirass row 4 bevelled lamellar plate 03", Modifier: "weighted normals", Enable 'Auto Smooth' in Object Data Properties
ERROR (bke.modifier): ./source/blender/blenkernel/intern/modifier.cc:458 BKE_modifier_set_error: Object: "rear cuirass row 4 bevelled lamellar plate 05", Modifier: "weighted normals", Enable 'Auto Smooth' in Object Data Properties
ERROR (bke.modifier): ./source/blender/blenkernel/intern/modifier.cc:458 BKE_modifier_set_error: Object: "front cuirass row 4 bevelled lamellar plate 06", Modifier: "weighted normals", Enable 'Auto Smooth' in Object Data Properties
ERROR (bke.modifier): ./source/blender/blenkernel/intern/modifier.cc:458 BKE_modifier_set_error: Object: "front cuirass row 4 bevelled lamellar plate 08", Modifier: "weighted normals", Enable 'Auto Smooth' in Object Data Properties
ERROR (bke.modifier): ./source/blender/blenkernel/intern/modifier.cc:458 BKE_modifier_set_error: Object: "front cuirass row 4 bevelled lamellar plate 07", Modifier: "weighted normals", Enable 'Auto Smooth' in Object Data Properties
ERROR (bke.modifier): ./source/blender/blenkernel/intern/modifier.cc:458 BKE_modifier_set_error: Object: "rear cuirass row 4 bevelled lamellar plate 02", Modifier: "weighted normals", Enable 'Auto Smooth' in Object Data Properties
ERROR (bke.modifier): ./source/blender/blenkernel/intern/modifier.cc:458 BKE_modifier_set_error: Object: "rear cuirass row 4 bevelled lamellar plate 01", Modifier: "weighted normals", Enable 'Auto Smooth' in Object Data Properties
ERROR (bke.modifier): ./source/blender/blenkernel/intern/modifier.cc:458 BKE_modifier_set_error: Object: "wide kabuto brim", Modifier: "weighted normals", Enable 'Auto Smooth' in Object Data Properties
ERROR (bke.modifier): ./source/blender/blenkernel/intern/modifier.cc:458 BKE_modifier_set_error: Object: "rear cuirass row 4 bevelled lamellar plate 04", Modifier: "weighted normals", Enable 'Auto Smooth' in Object Data Properties
ERROR (bke.modifier): ./source/blender/blenkernel/intern/modifier.cc:458 BKE_modifier_set_error: Object: "segmented kabuto helmet bowl", Modifier: "weighted normals", Enable 'Auto Smooth' in Object Data Properties
ERROR (bke.modifier): ./source/blender/blenkernel/intern/modifier.cc:458 BKE_modifier_set_error: Object: "rear cuirass row 4 bevelled lamellar plate 08", Modifier: "weighted normals", Enable 'Auto Smooth' in Object Data Properties
ERROR (bke.modifier): ./source/blender/blenkernel/intern/modifier.cc:458 BKE_modifier_set_error: Object: "front cuirass row 5 bevelled lamellar plate 01", Modifier: "weighted normals", Enable 'Auto Smooth' in Object Data Properties
ERROR (bke.modifier): ./source/blender/blenkernel/intern/modifier.cc:458 BKE_modifier_set_error: Object: "front cuirass row 5 bevelled lamellar plate 04", Modifier: "weighted normals", Enable 'Auto Smooth' in Object Data Properties
ERROR (bke.modifier): ./source/blender/blenkernel/intern/modifier.cc:458 BKE_modifier_set_error: Object: "front cuirass row 5 bevelled lamellar plate 02", Modifier: "weighted normals", Enable 'Auto Smooth' in Object Data Properties
ERROR (bke.modifier): ./source/blender/blenkernel/intern/modifier.cc:458 BKE_modifier_set_error: Object: "rear cuirass row 4 bevelled lamellar plate 07", Modifier: "weighted normals", Enable 'Auto Smooth' in Object Data Properties
ERROR (bke.modifier): ./source/blender/blenkernel/intern/modifier.cc:458 BKE_modifier_set_error: Object: "neck guard collar", Modifier: "weighted normals", Enable 'Auto Smooth' in Object Data Properties
ERROR (bke.modifier): ./source/blender/blenkernel/intern/modifier.cc:458 BKE_modifier_set_error: Object: "front cuirass row 5 bevelled lamellar plate 03", Modifier: "weighted normals", Enable 'Auto Smooth' in Object Data Properties
ERROR (bke.modifier): ./source/blender/blenkernel/intern/modifier.cc:458 BKE_modifier_set_error: Object: "thin exposed neck", Modifier: "weighted normals", Enable 'Auto Smooth' in Object Data Properties
ERROR (bke.modifier): ./source/blender/blenkernel/intern/modifier.cc:458 BKE_modifier_set_error: Object: "visible human forehead behind mempo", Modifier: "weighted normals", Enable 'Auto Smooth' in Object Data Properties
ERROR (bke.modifier): ./source/blender/blenkernel/intern/modifier.cc:458 BKE_modifier_set_error: Object: "front cuirass row 5 bevelled lamellar plate 05", Modifier: "weighted normals", Enable 'Auto Smooth' in Object Data Properties
ERROR (bke.modifier): ./source/blender/blenkernel/intern/modifier.cc:458 BKE_modifier_set_error: Object: "rear cuirass row 5 bevelled lamellar plate 03", Modifier: "weighted normals", Enable 'Auto Smooth' in Object Data Properties
ERROR (bke.modifier): ./source/blender/blenkernel/intern/modifier.cc:458 BKE_modifier_set_error: Object: "rear cuirass row 5 bevelled lamellar plate 01", Modifier: "weighted normals", Enable 'Auto Smooth' in Object Data Properties
ERROR (bke.modifier): ./source/blender/blenkernel/intern/modifier.cc:458 BKE_modifier_set_error: Object: "narrow waist under-kimono volume", Modifier: "weighted normals", Enable 'Auto Smooth' in Object Data Properties
ERROR (bke.modifier): ./source/blender/blenkernel/intern/modifier.cc:458 BKE_modifier_set_error: Object: "front cuirass row 5 bevelled lamellar plate 08", Modifier: "weighted normals", Enable 'Auto Smooth' in Object Data Properties
ERROR (bke.modifier): ./source/blender/blenkernel/intern/modifier.cc:458 BKE_modifier_set_error: Object: "front cuirass row 5 bevelled lamellar plate 06", Modifier: "weighted normals", Enable 'Auto Smooth' in Object Data Properties
ERROR (bke.modifier): ./source/blender/blenkernel/intern/modifier.cc:458 BKE_modifier_set_error: Object: "ribcage under-kimono volume", Modifier: "weighted normals", Enable 'Auto Smooth' in Object Data Properties
ERROR (bke.modifier): ./source/blender/blenkernel/intern/modifier.cc:458 BKE_modifier_set_error: Object: "rear cuirass row 5 bevelled lamellar plate 05", Modifier: "weighted normals", Enable 'Auto Smooth' in Object Data Properties
ERROR (bke.modifier): ./source/blender/blenkernel/intern/modifier.cc:458 BKE_modifier_set_error: Object: "rear cuirass row 5 bevelled lamellar plate 08", Modifier: "weighted normals", Enable 'Auto Smooth' in Object Data Properties
ERROR (bke.modifier): ./source/blender/blenkernel/intern/modifier.cc:458 BKE_modifier_set_error: Object: "front cuirass row 5 bevelled lamellar plate 07", Modifier: "weighted normals", Enable 'Auto Smooth' in Object Data Properties
ERROR (bke.modifier): ./source/blender/blenkernel/intern/modifier.cc:458 BKE_modifier_set_error: Object: "left shoulder undercloth", Modifier: "weighted normals", Enable 'Auto Smooth' in Object Data Properties
ERROR (bke.modifier): ./source/blender/blenkernel/intern/modifier.cc:458 BKE_modifier_set_error: Object: "rear cuirass row 5 bevelled lamellar plate 04", Modifier: "weighted normals", Enable 'Auto Smooth' in Object Data Properties
ERROR (bke.modifier): ./source/blender/blenkernel/intern/modifier.cc:458 BKE_modifier_set_error: Object: "rear cuirass row 5 bevelled lamellar plate 02", Modifier: "weighted normals", Enable 'Auto Smooth' in Object Data Properties
ERROR (bke.modifier): ./source/blender/blenkernel/intern/modifier.cc:458 BKE_modifier_set_error: Object: "left armored upper arm", Modifier: "weighted normals", Enable 'Auto Smooth' in Object Data Properties
ERROR (bke.modifier): ./source/blender/blenkernel/intern/modifier.cc:458 BKE_modifier_set_error: Object: "left sode shoulder armor", Modifier: "weighted normals", Enable 'Auto Smooth' in Object Data Properties
ERROR (bke.modifier): ./source/blender/blenkernel/intern/modifier.cc:458 BKE_modifier_set_error: Object: "rear cuirass row 5 bevelled lamellar plate 06", Modifier: "weighted normals", Enable 'Auto Smooth' in Object Data Properties
ERROR (bke.modifier): ./source/blender/blenkernel/intern/modifier.cc:458 BKE_modifier_set_error: Object: "rear cuirass row 5 bevelled lamellar plate 07", Modifier: "weighted normals", Enable 'Auto Smooth' in Object Data Properties
ERROR (bke.modifier): ./source/blender/blenkernel/intern/modifier.cc:458 BKE_modifier_set_error: Object: "left side cuirass plate 1", Modifier: "weighted normals", Enable 'Auto Smooth' in Object Data Properties
ERROR (bke.modifier): ./source/blender/blenkernel/intern/modifier.cc:458 BKE_modifier_set_error: Object: "left kote forearm guard", Modifier: "weighted normals", Enable 'Auto Smooth' in Object Data Properties
ERROR (bke.modifier): ./source/blender/blenkernel/intern/modifier.cc:458 BKE_modifier_set_error: Object: "left side cuirass plate 3", Modifier: "weighted normals", Enable 'Auto Smooth' in Object Data Properties
ERROR (bke.modifier): ./source/blender/blenkernel/intern/modifier.cc:458 BKE_modifier_set_error: Object: "left side cuirass plate 2", Modifier: "weighted normals", Enable 'Auto Smooth' in Object Data Properties
ERROR (bke.modifier): ./source/blender/blenkernel/intern/modifier.cc:458 BKE_modifier_set_error: Object: "left leather palm volume", Modifier: "weighted normals", Enable 'Auto Smooth' in Object Data Properties
ERROR (bke.modifier): ./source/blender/blenkernel/intern/modifier.cc:458 BKE_modifier_set_error: Object: "left index fingertip", Modifier: "weighted normals", Enable 'Auto Smooth' in Object Data Properties
ERROR (bke.modifier): ./source/blender/blenkernel/intern/modifier.cc:458 BKE_modifier_set_error: Object: "right side cuirass plate 1", Modifier: "weighted normals", Enable 'Auto Smooth' in Object Data Properties
ERROR (bke.modifier): ./source/blender/blenkernel/intern/modifier.cc:458 BKE_modifier_set_error: Object: "left middle fingertip", Modifier: "weighted normals", Enable 'Auto Smooth' in Object Data Properties
ERROR (bke.modifier): ./source/blender/blenkernel/intern/modifier.cc:458 BKE_modifier_set_error: Object: "left ring fingertip", Modifier: "weighted normals", Enable 'Auto Smooth' in Object Data Properties
ERROR (bke.modifier): ./source/blender/blenkernel/intern/modifier.cc:458 BKE_modifier_set_error: Object: "left pinky fingertip", Modifier: "weighted normals", Enable 'Auto Smooth' in Object Data Properties
ERROR (bke.modifier): ./source/blender/blenkernel/intern/modifier.cc:458 BKE_modifier_set_error: Object: "right shoulder undercloth", Modifier: "weighted normals", Enable 'Auto Smooth' in Object Data Properties
ERROR (bke.modifier): ./source/blender/blenkernel/intern/modifier.cc:458 BKE_modifier_set_error: Object: "left thumb fingertip", Modifier: "weighted normals", Enable 'Auto Smooth' in Object Data Properties
ERROR (bke.modifier): ./source/blender/blenkernel/intern/modifier.cc:458 BKE_modifier_set_error: Object: "right side cuirass plate 2", Modifier: "weighted normals", Enable 'Auto Smooth' in Object Data Properties
ERROR (bke.modifier): ./source/blender/blenkernel/intern/modifier.cc:458 BKE_modifier_set_error: Object: "right side cuirass plate 3", Modifier: "weighted normals", Enable 'Auto Smooth' in Object Data Properties
ERROR (bke.modifier): ./source/blender/blenkernel/intern/modifier.cc:458 BKE_modifier_set_error: Object: "right armored upper arm", Modifier: "weighted normals", Enable 'Auto Smooth' in Object Data Properties
ERROR (bke.modifier): ./source/blender/blenkernel/intern/modifier.cc:458 BKE_modifier_set_error: Object: "right sode shoulder armor", Modifier: "weighted normals", Enable 'Auto Smooth' in Object Data Properties
ERROR (bke.modifier): ./source/blender/blenkernel/intern/modifier.cc:458 BKE_modifier_set_error: Object: "right leather palm volume", Modifier: "weighted normals", Enable 'Auto Smooth' in Object Data Properties
ERROR (bke.modifier): ./source/blender/blenkernel/intern/modifier.cc:458 BKE_modifier_set_error: Object: "right index fingertip", Modifier: "weighted normals", Enable 'Auto Smooth' in Object Data Properties
ERROR (bke.modifier): ./source/blender/blenkernel/intern/modifier.cc:458 BKE_modifier_set_error: Object: "right kote forearm guard", Modifier: "weighted normals", Enable 'Auto Smooth' in Object Data Properties
ERROR (bke.modifier): ./source/blender/blenkernel/intern/modifier.cc:458 BKE_modifier_set_error: Object: "right middle fingertip", Modifier: "weighted normals", Enable 'Auto Smooth' in Object Data Properties
ERROR (bke.modifier): ./source/blender/blenkernel/intern/modifier.cc:458 BKE_modifier_set_error: Object: "matte charcoal inspection plinth", Modifier: "weighted normals", Enable 'Auto Smooth' in Object Data Properties
ERROR (bke.modifier): ./source/blender/blenkernel/intern/modifier.cc:458 BKE_modifier_set_error: Object: "left hanging sode shoulder plate 1", Modifier: "weighted normals", Enable 'Auto Smooth' in Object Data Properties
ERROR (bke.modifier): ./source/blender/blenkernel/intern/modifier.cc:458 BKE_modifier_set_error: Object: "right ring fingertip", Modifier: "weighted normals", Enable 'Auto Smooth' in Object Data Properties
ERROR (bke.modifier): ./source/blender/blenkernel/intern/modifier.cc:458 BKE_modifier_set_error: Object: "right pinky fingertip", Modifier: "weighted normals", Enable 'Auto Smooth' in Object Data Properties
ERROR (bke.modifier): ./source/blender/blenkernel/intern/modifier.cc:458 BKE_modifier_set_error: Object: "right thumb fingertip", Modifier: "weighted normals", Enable 'Auto Smooth' in Object Data Properties
ERROR (bke.modifier): ./source/blender/blenkernel/intern/modifier.cc:458 BKE_modifier_set_error: Object: "left hanging sode shoulder plate 2", Modifier: "weighted normals", Enable 'Auto Smooth' in Object Data Properties
ERROR (bke.modifier): ./source/blender/blenkernel/intern/modifier.cc:458 BKE_modifier_set_error: Object: "simple round clan mon on banner", Modifier: "weighted normals", Enable 'Auto Smooth' in Object Data Properties
ERROR (bke.modifier): ./source/blender/blenkernel/intern/modifier.cc:458 BKE_modifier_set_error: Object: "left hanging sode shoulder plate 4", Modifier: "weighted normals", Enable 'Auto Smooth' in Object Data Properties
ERROR (bke.modifier): ./source/blender/blenkernel/intern/modifier.cc:458 BKE_modifier_set_error: Object: "right hanging sode shoulder plate 3", Modifier: "weighted normals", Enable 'Auto Smooth' in Object Data Properties
ERROR (bke.modifier): ./source/blender/blenkernel/intern/modifier.cc:458 BKE_modifier_set_error: Object: "left hanging sode shoulder plate 3", Modifier: "weighted normals", Enable 'Auto Smooth' in Object Data Properties
ERROR (bke.modifier): ./source/blender/blenkernel/intern/modifier.cc:458 BKE_modifier_set_error: Object: "right hanging sode shoulder plate 1", Modifier: "weighted normals", Enable 'Auto Smooth' in Object Data Properties
ERROR (bke.modifier): ./source/blender/blenkernel/intern/modifier.cc:458 BKE_modifier_set_error: Object: "right hanging sode shoulder plate 2", Modifier: "weighted normals", Enable 'Auto Smooth' in Object Data Properties
ERROR (bke.modifier): ./source/blender/blenkernel/intern/modifier.cc:458 BKE_modifier_set_error: Object: "kusazuri skirt plate -1 row 2", Modifier: "weighted normals", Enable 'Auto Smooth' in Object Data Properties
ERROR (bke.modifier): ./source/blender/blenkernel/intern/modifier.cc:458 BKE_modifier_set_error: Object: "right hanging sode shoulder plate 4", Modifier: "weighted normals", Enable 'Auto Smooth' in Object Data Properties
ERROR (bke.modifier): ./source/blender/blenkernel/intern/modifier.cc:458 BKE_modifier_set_error: Object: "kusazuri skirt plate +0 row 3", Modifier: "weighted normals", Enable 'Auto Smooth' in Object Data Properties
ERROR (bke.modifier): ./source/blender/blenkernel/intern/modifier.cc:458 BKE_modifier_set_error: Object: "kusazuri skirt plate +0 row 1", Modifier: "weighted normals", Enable 'Auto Smooth' in Object Data Properties
ERROR (bke.modifier): ./source/blender/blenkernel/intern/modifier.cc:458 BKE_modifier_set_error: Object: "kusazuri skirt plate -1 row 1", Modifier: "weighted normals", Enable 'Auto Smooth' in Object Data Properties
ERROR (bke.modifier): ./source/blender/blenkernel/intern/modifier.cc:458 BKE_modifier_set_error: Object: "kusazuri skirt plate -1 row 3", Modifier: "weighted normals", Enable 'Auto Smooth' in Object Data Properties
ERROR (bke.modifier): ./source/blender/blenkernel/intern/modifier.cc:458 BKE_modifier_set_error: Object: "rear kusazuri skirt plate -1 row 3", Modifier: "weighted normals", Enable 'Auto Smooth' in Object Data Properties
ERROR (bke.modifier): ./source/blender/blenkernel/intern/modifier.cc:458 BKE_modifier_set_error: Object: "rear kusazuri skirt plate -1 row 2", Modifier: "weighted normals", Enable 'Auto Smooth' in Object Data Properties
ERROR (bke.modifier): ./source/blender/blenkernel/intern/modifier.cc:458 BKE_modifier_set_error: Object: "rear kusazuri skirt plate -1 row 1", Modifier: "weighted normals", Enable 'Auto Smooth' in Object Data Properties
ERROR (bke.modifier): ./source/blender/blenkernel/intern/modifier.cc:458 BKE_modifier_set_error: Object: "rear kusazuri skirt plate +0 row 1", Modifier: "weighted normals", Enable 'Auto Smooth' in Object Data Properties
ERROR (bke.modifier): ./source/blender/blenkernel/intern/modifier.cc:458 BKE_modifier_set_error: Object: "kusazuri skirt plate +0 row 2", Modifier: "weighted normals", Enable 'Auto Smooth' in Object Data Properties
ERROR (bke.modifier): ./source/blender/blenkernel/intern/modifier.cc:458 BKE_modifier_set_error: Object: "rear kusazuri skirt plate +0 row 3", Modifier: "weighted normals", Enable 'Auto Smooth' in Object Data Properties
ERROR (bke.modifier): ./source/blender/blenkernel/intern/modifier.cc:458 BKE_modifier_set_error: Object: "cloth sashimono banner panel", Modifier: "weighted normals", Enable 'Auto Smooth' in Object Data Properties
ERROR (bke.modifier): ./source/blender/blenkernel/intern/modifier.cc:458 BKE_modifier_set_error: Object: "rear kusazuri skirt plate +1 row 1", Modifier: "weighted normals", Enable 'Auto Smooth' in Object Data Properties
ERROR (bke.modifier): ./source/blender/blenkernel/intern/modifier.cc:458 BKE_modifier_set_error: Object: "rear kusazuri skirt plate +0 row 2", Modifier: "weighted normals", Enable 'Auto Smooth' in Object Data Properties
ERROR (bke.modifier): ./source/blender/blenkernel/intern/modifier.cc:458 BKE_modifier_set_error: Object: "left hakama trouser leg", Modifier: "weighted normals", Enable 'Auto Smooth' in Object Data Properties
ERROR (bke.modifier): ./source/blender/blenkernel/intern/modifier.cc:458 BKE_modifier_set_error: Object: "left split-toe tabi foot volume", Modifier: "weighted normals", Enable 'Auto Smooth' in Object Data Properties
ERROR (bke.modifier): ./source/blender/blenkernel/intern/modifier.cc:458 BKE_modifier_set_error: Object: "left shin greave", Modifier: "weighted normals", Enable 'Auto Smooth' in Object Data Properties
ERROR (bke.modifier): ./source/blender/blenkernel/intern/modifier.cc:458 BKE_modifier_set_error: Object: "kusazuri skirt plate +1 row 1", Modifier: "weighted normals", Enable 'Auto Smooth' in Object Data Properties
ERROR (bke.modifier): ./source/blender/blenkernel/intern/modifier.cc:458 BKE_modifier_set_error: Object: "left outer toe group", Modifier: "weighted normals", Enable 'Auto Smooth' in Object Data Properties
ERROR (bke.modifier): ./source/blender/blenkernel/intern/modifier.cc:458 BKE_modifier_set_error: Object: "kusazuri skirt plate +1 row 3", Modifier: "weighted normals", Enable 'Auto Smooth' in Object Data Properties
ERROR (bke.modifier): ./source/blender/blenkernel/intern/modifier.cc:458 BKE_modifier_set_error: Object: "kusazuri skirt plate +1 row 2", Modifier: "weighted normals", Enable 'Auto Smooth' in Object Data Properties
ERROR (bke.modifier): ./source/blender/blenkernel/intern/modifier.cc:458 BKE_modifier_set_error: Object: "left separated big toe", Modifier: "weighted normals", Enable 'Auto Smooth' in Object Data Properties
ERROR (bke.modifier): ./source/blender/blenkernel/intern/modifier.cc:458 BKE_modifier_set_error: Object: "right shin greave", Modifier: "weighted normals", Enable 'Auto Smooth' in Object Data Properties
ERROR (bke.modifier): ./source/blender/blenkernel/intern/modifier.cc:458 BKE_modifier_set_error: Object: "right hakama trouser leg", Modifier: "weighted normals", Enable 'Auto Smooth' in Object Data Properties
ERROR (bke.modifier): ./source/blender/blenkernel/intern/modifier.cc:458 BKE_modifier_set_error: Object: "right split-toe tabi foot volume", Modifier: "weighted normals", Enable 'Auto Smooth' in Object Data Properties
ERROR (bke.modifier): ./source/blender/blenkernel/intern/modifier.cc:458 BKE_modifier_set_error: Object: "rear kusazuri skirt plate +1 row 3", Modifier: "weighted normals", Enable 'Auto Smooth' in Object Data Properties
ERROR (bke.modifier): ./source/blender/blenkernel/intern/modifier.cc:458 BKE_modifier_set_error: Object: "right separated big toe", Modifier: "weighted normals", Enable 'Auto Smooth' in Object Data Properties
ERROR (bke.modifier): ./source/blender/blenkernel/intern/modifier.cc:458 BKE_modifier_set_error: Object: "right outer toe group", Modifier: "weighted normals", Enable 'Auto Smooth' in Object Data Properties
ERROR (bke.modifier): ./source/blender/blenkernel/intern/modifier.cc:458 BKE_modifier_set_error: Object: "rear kusazuri skirt plate +1 row 2", Modifier: "weighted normals", Enable 'Auto Smooth' in Object Data Properties
ERROR (bke.modifier): ./source/blender/blenkernel/intern/modifier.cc:458 BKE_modifier_set_error: Object: "wrapped katana grip", Modifier: "weighted normals", Enable 'Auto Smooth' in Object Data Properties
ERROR (bke.modifier): ./source/blender/blenkernel/intern/modifier.cc:458 BKE_modifier_set_error: Object: "left hanging hakama outer cloth", Modifier: "weighted normals", Enable 'Auto Smooth' in Object Data Properties
ERROR (bke.modifier): ./source/blender/blenkernel/intern/modifier.cc:458 BKE_modifier_set_error: Object: "right hanging hakama outer cloth", Modifier: "weighted normals", Enable 'Auto Smooth' in Object Data Properties
ERROR (bke.modifier): ./source/blender/blenkernel/intern/modifier.cc:458 BKE_modifier_set_error: Object: "left side hakama fold", Modifier: "weighted normals", Enable 'Auto Smooth' in Object Data Properties
ERROR (bke.modifier): ./source/blender/blenkernel/intern/modifier.cc:458 BKE_modifier_set_error: Object: "left woven waraji sole grounded", Modifier: "weighted normals", Enable 'Auto Smooth' in Object Data Properties
ERROR (bke.modifier): ./source/blender/blenkernel/intern/modifier.cc:458 BKE_modifier_set_error: Object: "small lacquered sashimono crossbar", Modifier: "weighted normals", Enable 'Auto Smooth' in Object Data Properties
ERROR (bke.modifier): ./source/blender/blenkernel/intern/modifier.cc:458 BKE_modifier_set_error: Object: "right woven waraji sole grounded", Modifier: "weighted normals", Enable 'Auto Smooth' in Object Data Properties
ERROR (bke.modifier): ./source/blender/blenkernel/intern/modifier.cc:458 BKE_modifier_set_error: Object: "right side hakama fold", Modifier: "weighted normals", Enable 'Auto Smooth' in Object Data Properties
ERROR (bke.modifier): ./source/blender/blenkernel/intern/modifier.cc:458 BKE_modifier_set_error: Object: "square tsuba guard", Modifier: "weighted normals", Enable 'Auto Smooth' in Object Data Properties
Fra:1 Mem:48.61M (Peak 48.63M) | Time:00:00.06 | Syncing matte charcoal inspection plinth
Fra:1 Mem:48.62M (Peak 48.67M) | Time:00:00.06 | Syncing ribcage under-kimono volume
Fra:1 Mem:48.71M (Peak 48.71M) | Time:00:00.06 | Syncing narrow waist under-kimono volume
Fra:1 Mem:48.78M (Peak 48.78M) | Time:00:00.06 | Syncing visible human forehead behind mem
Fra:1 Mem:48.87M (Peak 48.87M) | Time:00:00.06 | Syncing thin exposed neck
Fra:1 Mem:48.88M (Peak 48.89M) | Time:00:00.06 | Syncing neck guard collar
Fra:1 Mem:48.90M (Peak 48.94M) | Time:00:00.06 | Syncing segmented kabuto helmet bowl
Fra:1 Mem:49.06M (Peak 49.07M) | Time:00:00.06 | Syncing wide kabuto brim
Fra:1 Mem:49.09M (Peak 49.09M) | Time:00:00.06 | Syncing layered rear shikoro neck guard
Fra:1 Mem:49.11M (Peak 49.11M) | Time:00:00.06 | Syncing left side helmet flange
Fra:1 Mem:49.12M (Peak 49.12M) | Time:00:00.06 | Syncing right side helmet flange
Fra:1 Mem:49.13M (Peak 49.13M) | Time:00:00.06 | Syncing golden maedate crescent crest
Fra:1 Mem:49.15M (Peak 49.20M) | Time:00:00.06 | Syncing crest central rivet
Fra:1 Mem:49.16M (Peak 49.20M) | Time:00:00.06 | Syncing left angular mempo cheek plate
Fra:1 Mem:49.18M (Peak 49.22M) | Time:00:00.06 | Syncing right angular mempo cheek plate
Fra:1 Mem:49.20M (Peak 49.22M) | Time:00:00.06 | Syncing mempo chin guard
Fra:1 Mem:49.22M (Peak 49.22M) | Time:00:00.06 | Syncing mempo nose ridge
Fra:1 Mem:49.23M (Peak 49.23M) | Time:00:00.06 | Syncing left narrow eye slit
Fra:1 Mem:49.25M (Peak 49.25M) | Time:00:00.06 | Syncing right narrow eye slit
Fra:1 Mem:49.26M (Peak 49.26M) | Time:00:00.06 | Syncing mempo grim mouth slit
Fra:1 Mem:49.27M (Peak 49.27M) | Time:00:00.06 | Syncing left mask moustache bristle
Fra:1 Mem:49.28M (Peak 49.28M) | Time:00:00.06 | Syncing right mask moustache bristle
Fra:1 Mem:49.29M (Peak 49.29M) | Time:00:00.06 | Syncing throat guard row 1 bevelled lamel
Fra:1 Mem:49.31M (Peak 49.31M) | Time:00:00.06 | Syncing throat guard row 1 bevelled lamel
Fra:1 Mem:49.33M (Peak 49.33M) | Time:00:00.06 | Syncing throat guard row 1 bevelled lamel
Fra:1 Mem:49.34M (Peak 49.34M) | Time:00:00.06 | Syncing throat guard row 1 bevelled lamel
Fra:1 Mem:49.36M (Peak 49.36M) | Time:00:00.06 | Syncing throat guard row 1 bevelled lamel
Fra:1 Mem:49.38M (Peak 49.38M) | Time:00:00.06 | Syncing throat guard row 2 bevelled lamel
Fra:1 Mem:49.40M (Peak 49.40M) | Time:00:00.06 | Syncing throat guard row 2 bevelled lamel
Fra:1 Mem:49.42M (Peak 49.42M) | Time:00:00.06 | Syncing throat guard row 2 bevelled lamel
Fra:1 Mem:49.44M (Peak 49.44M) | Time:00:00.06 | Syncing throat guard row 2 bevelled lamel
Fra:1 Mem:49.46M (Peak 49.46M) | Time:00:00.06 | Syncing throat guard row 2 bevelled lamel
Fra:1 Mem:49.48M (Peak 49.48M) | Time:00:00.06 | Syncing throat guard row 3 bevelled lamel
Fra:1 Mem:49.50M (Peak 49.50M) | Time:00:00.06 | Syncing throat guard row 3 bevelled lamel
Fra:1 Mem:49.52M (Peak 49.52M) | Time:00:00.06 | Syncing throat guard row 3 bevelled lamel
Fra:1 Mem:49.54M (Peak 49.54M) | Time:00:00.06 | Syncing throat guard row 3 bevelled lamel
Fra:1 Mem:49.56M (Peak 49.56M) | Time:00:00.06 | Syncing throat guard row 3 bevelled lamel
Fra:1 Mem:49.58M (Peak 49.58M) | Time:00:00.06 | Syncing front under-kimono chest panel
Fra:1 Mem:49.60M (Peak 49.60M) | Time:00:00.06 | Syncing rear under-kimono back panel
Fra:1 Mem:49.63M (Peak 49.63M) | Time:00:00.06 | Syncing upper do cuirass fitted shell
Fra:1 Mem:49.73M (Peak 49.73M) | Time:00:00.06 | Syncing lower do cuirass narrowed shell
Fra:1 Mem:49.81M (Peak 49.81M) | Time:00:00.06 | Syncing front cuirass row 1 bevelled lame
Fra:1 Mem:49.83M (Peak 49.83M) | Time:00:00.06 | Syncing front cuirass row 1 bevelled lame
Fra:1 Mem:49.85M (Peak 49.85M) | Time:00:00.06 | Syncing front cuirass row 1 bevelled lame
Fra:1 Mem:49.87M (Peak 49.87M) | Time:00:00.06 | Syncing front cuirass row 1 bevelled lame
Fra:1 Mem:49.89M (Peak 49.89M) | Time:00:00.06 | Syncing front cuirass row 1 bevelled lame
Fra:1 Mem:49.91M (Peak 49.91M) | Time:00:00.06 | Syncing front cuirass row 1 bevelled lame
Fra:1 Mem:49.93M (Peak 49.93M) | Time:00:00.06 | Syncing front cuirass row 1 bevelled lame
Fra:1 Mem:49.95M (Peak 49.95M) | Time:00:00.06 | Syncing front cuirass row 1 bevelled lame
Fra:1 Mem:49.97M (Peak 49.97M) | Time:00:00.06 | Syncing rear cuirass row 1 bevelled lamel
Fra:1 Mem:49.99M (Peak 49.99M) | Time:00:00.06 | Syncing rear cuirass row 1 bevelled lamel
Fra:1 Mem:50.01M (Peak 50.01M) | Time:00:00.06 | Syncing rear cuirass row 1 bevelled lamel
Fra:1 Mem:50.03M (Peak 50.03M) | Time:00:00.06 | Syncing rear cuirass row 1 bevelled lamel
Fra:1 Mem:50.05M (Peak 50.05M) | Time:00:00.06 | Syncing rear cuirass row 1 bevelled lamel
Fra:1 Mem:50.07M (Peak 50.07M) | Time:00:00.06 | Syncing rear cuirass row 1 bevelled lamel
Fra:1 Mem:50.08M (Peak 50.08M) | Time:00:00.06 | Syncing rear cuirass row 1 bevelled lamel
Fra:1 Mem:50.10M (Peak 50.10M) | Time:00:00.06 | Syncing rear cuirass row 1 bevelled lamel
Fra:1 Mem:50.12M (Peak 50.12M) | Time:00:00.06 | Syncing front cuirass row 2 bevelled lame
Fra:1 Mem:50.14M (Peak 50.14M) | Time:00:00.06 | Syncing front cuirass row 2 bevelled lame
Fra:1 Mem:50.16M (Peak 50.16M) | Time:00:00.06 | Syncing front cuirass row 2 bevelled lame
Fra:1 Mem:50.18M (Peak 50.18M) | Time:00:00.06 | Syncing front cuirass row 2 bevelled lame
Fra:1 Mem:50.20M (Peak 50.20M) | Time:00:00.06 | Syncing front cuirass row 2 bevelled lame
Fra:1 Mem:50.22M (Peak 50.22M) | Time:00:00.06 | Syncing front cuirass row 2 bevelled lame
Fra:1 Mem:50.24M (Peak 50.24M) | Time:00:00.06 | Syncing front cuirass row 2 bevelled lame
Fra:1 Mem:50.26M (Peak 50.26M) | Time:00:00.06 | Syncing front cuirass row 2 bevelled lame
Fra:1 Mem:50.28M (Peak 50.28M) | Time:00:00.06 | Syncing rear cuirass row 2 bevelled lamel
Fra:1 Mem:50.30M (Peak 50.30M) | Time:00:00.06 | Syncing rear cuirass row 2 bevelled lamel
Fra:1 Mem:50.32M (Peak 50.32M) | Time:00:00.06 | Syncing rear cuirass row 2 bevelled lamel
Fra:1 Mem:50.34M (Peak 50.34M) | Time:00:00.06 | Syncing rear cuirass row 2 bevelled lamel
Fra:1 Mem:50.36M (Peak 50.36M) | Time:00:00.06 | Syncing rear cuirass row 2 bevelled lamel
Fra:1 Mem:50.38M (Peak 50.38M) | Time:00:00.07 | Syncing rear cuirass row 2 bevelled lamel
Fra:1 Mem:50.40M (Peak 50.40M) | Time:00:00.07 | Syncing rear cuirass row 2 bevelled lamel
Fra:1 Mem:50.41M (Peak 50.41M) | Time:00:00.07 | Syncing rear cuirass row 2 bevelled lamel
Fra:1 Mem:50.43M (Peak 50.43M) | Time:00:00.07 | Syncing front cuirass row 3 bevelled lame
Fra:1 Mem:50.45M (Peak 50.45M) | Time:00:00.07 | Syncing front cuirass row 3 bevelled lame
Fra:1 Mem:50.47M (Peak 50.47M) | Time:00:00.07 | Syncing front cuirass row 3 bevelled lame
Fra:1 Mem:50.49M (Peak 50.49M) | Time:00:00.07 | Syncing front cuirass row 3 bevelled lame
Fra:1 Mem:50.51M (Peak 50.51M) | Time:00:00.07 | Syncing front cuirass row 3 bevelled lame
Fra:1 Mem:50.53M (Peak 50.53M) | Time:00:00.07 | Syncing front cuirass row 3 bevelled lame
Fra:1 Mem:50.55M (Peak 50.55M) | Time:00:00.07 | Syncing front cuirass row 3 bevelled lame
Fra:1 Mem:50.57M (Peak 50.57M) | Time:00:00.07 | Syncing front cuirass row 3 bevelled lame
Fra:1 Mem:50.59M (Peak 50.59M) | Time:00:00.07 | Syncing rear cuirass row 3 bevelled lamel
Fra:1 Mem:50.61M (Peak 50.61M) | Time:00:00.07 | Syncing rear cuirass row 3 bevelled lamel
Fra:1 Mem:50.63M (Peak 50.63M) | Time:00:00.07 | Syncing rear cuirass row 3 bevelled lamel
Fra:1 Mem:50.65M (Peak 50.65M) | Time:00:00.07 | Syncing rear cuirass row 3 bevelled lamel
Fra:1 Mem:50.67M (Peak 50.67M) | Time:00:00.07 | Syncing rear cuirass row 3 bevelled lamel
Fra:1 Mem:50.68M (Peak 50.68M) | Time:00:00.07 | Syncing rear cuirass row 3 bevelled lamel
Fra:1 Mem:50.70M (Peak 50.70M) | Time:00:00.07 | Syncing rear cuirass row 3 bevelled lamel
Fra:1 Mem:50.72M (Peak 50.72M) | Time:00:00.07 | Syncing rear cuirass row 3 bevelled lamel
Fra:1 Mem:50.74M (Peak 50.74M) | Time:00:00.07 | Syncing front cuirass row 4 bevelled lame
Fra:1 Mem:50.76M (Peak 50.76M) | Time:00:00.07 | Syncing front cuirass row 4 bevelled lame
Fra:1 Mem:50.78M (Peak 50.78M) | Time:00:00.07 | Syncing front cuirass row 4 bevelled lame
Fra:1 Mem:50.80M (Peak 50.80M) | Time:00:00.07 | Syncing front cuirass row 4 bevelled lame
Fra:1 Mem:50.82M (Peak 50.82M) | Time:00:00.07 | Syncing front cuirass row 4 bevelled lame
Fra:1 Mem:50.84M (Peak 50.84M) | Time:00:00.07 | Syncing front cuirass row 4 bevelled lame
Fra:1 Mem:50.86M (Peak 50.86M) | Time:00:00.07 | Syncing front cuirass row 4 bevelled lame
Fra:1 Mem:50.88M (Peak 50.88M) | Time:00:00.07 | Syncing front cuirass row 4 bevelled lame
Fra:1 Mem:50.90M (Peak 50.90M) | Time:00:00.07 | Syncing rear cuirass row 4 bevelled lamel
Fra:1 Mem:50.92M (Peak 50.92M) | Time:00:00.07 | Syncing rear cuirass row 4 bevelled lamel
Fra:1 Mem:50.94M (Peak 50.94M) | Time:00:00.07 | Syncing rear cuirass row 4 bevelled lamel
Fra:1 Mem:50.95M (Peak 50.95M) | Time:00:00.07 | Syncing rear cuirass row 4 bevelled lamel
Fra:1 Mem:50.97M (Peak 50.97M) | Time:00:00.07 | Syncing rear cuirass row 4 bevelled lamel
Fra:1 Mem:50.99M (Peak 50.99M) | Time:00:00.07 | Syncing rear cuirass row 4 bevelled lamel
Fra:1 Mem:51.01M (Peak 51.01M) | Time:00:00.07 | Syncing rear cuirass row 4 bevelled lamel
Fra:1 Mem:51.03M (Peak 51.03M) | Time:00:00.07 | Syncing rear cuirass row 4 bevelled lamel
Fra:1 Mem:51.05M (Peak 51.05M) | Time:00:00.07 | Syncing front cuirass row 5 bevelled lame
Fra:1 Mem:51.07M (Peak 51.07M) | Time:00:00.07 | Syncing front cuirass row 5 bevelled lame
Fra:1 Mem:51.09M (Peak 51.09M) | Time:00:00.07 | Syncing front cuirass row 5 bevelled lame
Fra:1 Mem:51.11M (Peak 51.11M) | Time:00:00.07 | Syncing front cuirass row 5 bevelled lame
Fra:1 Mem:51.13M (Peak 51.13M) | Time:00:00.07 | Syncing front cuirass row 5 bevelled lame
Fra:1 Mem:51.15M (Peak 51.15M) | Time:00:00.07 | Syncing front cuirass row 5 bevelled lame
Fra:1 Mem:51.17M (Peak 51.17M) | Time:00:00.07 | Syncing front cuirass row 5 bevelled lame
Fra:1 Mem:51.19M (Peak 51.19M) | Time:00:00.07 | Syncing front cuirass row 5 bevelled lame
Fra:1 Mem:51.21M (Peak 51.21M) | Time:00:00.07 | Syncing rear cuirass row 5 bevelled lamel
Fra:1 Mem:51.23M (Peak 51.23M) | Time:00:00.07 | Syncing rear cuirass row 5 bevelled lamel
Fra:1 Mem:51.24M (Peak 51.24M) | Time:00:00.07 | Syncing rear cuirass row 5 bevelled lamel
Fra:1 Mem:51.26M (Peak 51.26M) | Time:00:00.07 | Syncing rear cuirass row 5 bevelled lamel
Fra:1 Mem:51.28M (Peak 51.28M) | Time:00:00.07 | Syncing rear cuirass row 5 bevelled lamel
Fra:1 Mem:51.30M (Peak 51.30M) | Time:00:00.07 | Syncing rear cuirass row 5 bevelled lamel
Fra:1 Mem:51.32M (Peak 51.32M) | Time:00:00.07 | Syncing rear cuirass row 5 bevelled lamel
Fra:1 Mem:51.34M (Peak 51.34M) | Time:00:00.07 | Syncing rear cuirass row 5 bevelled lamel
Fra:1 Mem:51.36M (Peak 51.36M) | Time:00:00.07 | Syncing front cuirass vertical odoshi lac
Fra:1 Mem:51.36M (Peak 51.42M) | Time:00:00.07 | Syncing front cuirass vertical odoshi lac
Fra:1 Mem:51.37M (Peak 51.42M) | Time:00:00.07 | Syncing front cuirass vertical odoshi lac
Fra:1 Mem:51.37M (Peak 51.42M) | Time:00:00.07 | Syncing front cuirass vertical odoshi lac
Fra:1 Mem:51.38M (Peak 51.42M) | Time:00:00.07 | Syncing front cuirass vertical odoshi lac
Fra:1 Mem:51.39M (Peak 51.42M) | Time:00:00.07 | Syncing front cuirass vertical odoshi lac
Fra:1 Mem:51.39M (Peak 51.42M) | Time:00:00.07 | Syncing rear cuirass vertical odoshi lace
Fra:1 Mem:51.40M (Peak 51.42M) | Time:00:00.07 | Syncing rear cuirass vertical odoshi lace
Fra:1 Mem:51.41M (Peak 51.42M) | Time:00:00.07 | Syncing rear cuirass vertical odoshi lace
Fra:1 Mem:51.41M (Peak 51.42M) | Time:00:00.07 | Syncing rear cuirass vertical odoshi lace
Fra:1 Mem:51.42M (Peak 51.42M) | Time:00:00.07 | Syncing rear cuirass vertical odoshi lace
Fra:1 Mem:51.43M (Peak 51.43M) | Time:00:00.07 | Syncing left side cuirass plate 1
Fra:1 Mem:51.44M (Peak 51.44M) | Time:00:00.07 | Syncing left side cuirass plate 2
Fra:1 Mem:51.45M (Peak 51.45M) | Time:00:00.07 | Syncing left side cuirass plate 3
Fra:1 Mem:51.47M (Peak 51.47M) | Time:00:00.07 | Syncing right side cuirass plate 1
Fra:1 Mem:51.48M (Peak 51.48M) | Time:00:00.07 | Syncing right side cuirass plate 2
Fra:1 Mem:51.50M (Peak 51.50M) | Time:00:00.07 | Syncing right side cuirass plate 3
Fra:1 Mem:51.51M (Peak 51.51M) | Time:00:00.07 | Syncing left shoulder undercloth
Fra:1 Mem:51.57M (Peak 51.57M) | Time:00:00.07 | Syncing left hanging sode shoulder plate 
Fra:1 Mem:51.58M (Peak 51.58M) | Time:00:00.07 | Syncing left hanging sode shoulder plate 
Fra:1 Mem:51.60M (Peak 51.60M) | Time:00:00.07 | Syncing left hanging sode shoulder plate 
Fra:1 Mem:51.62M (Peak 51.62M) | Time:00:00.07 | Syncing left hanging sode shoulder plate 
Fra:1 Mem:51.64M (Peak 51.64M) | Time:00:00.07 | Syncing left armored upper arm
Fra:1 Mem:51.70M (Peak 51.70M) | Time:00:00.07 | Syncing left sode shoulder armor
Fra:1 Mem:51.74M (Peak 51.74M) | Time:00:00.07 | Syncing left kote forearm guard
Fra:1 Mem:51.80M (Peak 51.80M) | Time:00:00.07 | Syncing left leather palm volume
Fra:1 Mem:51.83M (Peak 51.85M) | Time:00:00.07 | Syncing left articulated index finger
Fra:1 Mem:51.84M (Peak 51.85M) | Time:00:00.07 | Syncing left index fingertip
Fra:1 Mem:51.86M (Peak 51.86M) | Time:00:00.07 | Syncing left articulated middle finger
Fra:1 Mem:51.87M (Peak 51.87M) | Time:00:00.07 | Syncing left middle fingertip
Fra:1 Mem:51.88M (Peak 51.88M) | Time:00:00.07 | Syncing left articulated ring finger
Fra:1 Mem:51.89M (Peak 51.89M) | Time:00:00.07 | Syncing left ring fingertip
Fra:1 Mem:51.93M (Peak 51.93M) | Time:00:00.07 | Syncing left articulated pinky finger
Fra:1 Mem:51.94M (Peak 51.94M) | Time:00:00.07 | Syncing left pinky fingertip
Fra:1 Mem:51.95M (Peak 51.95M) | Time:00:00.07 | Syncing left opposed thumb
Fra:1 Mem:51.96M (Peak 51.96M) | Time:00:00.07 | Syncing left thumb fingertip
Fra:1 Mem:51.97M (Peak 51.97M) | Time:00:00.07 | Syncing right shoulder undercloth
Fra:1 Mem:52.03M (Peak 52.03M) | Time:00:00.07 | Syncing right hanging sode shoulder plate
Fra:1 Mem:52.05M (Peak 52.05M) | Time:00:00.07 | Syncing right hanging sode shoulder plate
Fra:1 Mem:52.07M (Peak 52.07M) | Time:00:00.07 | Syncing right hanging sode shoulder plate
Fra:1 Mem:52.09M (Peak 52.09M) | Time:00:00.07 | Syncing right hanging sode shoulder plate
Fra:1 Mem:52.11M (Peak 52.11M) | Time:00:00.07 | Syncing right armored upper arm
Fra:1 Mem:52.16M (Peak 52.16M) | Time:00:00.07 | Syncing right sode shoulder armor
Fra:1 Mem:52.20M (Peak 52.20M) | Time:00:00.07 | Syncing right kote forearm guard
Fra:1 Mem:52.26M (Peak 52.26M) | Time:00:00.07 | Syncing right leather palm volume
Fra:1 Mem:52.30M (Peak 52.30M) | Time:00:00.07 | Syncing right articulated index finger
Fra:1 Mem:52.31M (Peak 52.31M) | Time:00:00.07 | Syncing right index fingertip
Fra:1 Mem:52.32M (Peak 52.32M) | Time:00:00.07 | Syncing right articulated middle finger
Fra:1 Mem:52.33M (Peak 52.33M) | Time:00:00.07 | Syncing right middle fingertip
Fra:1 Mem:52.34M (Peak 52.34M) | Time:00:00.07 | Syncing right articulated ring finger
Fra:1 Mem:52.35M (Peak 52.35M) | Time:00:00.07 | Syncing right ring fingertip
Fra:1 Mem:52.36M (Peak 52.36M) | Time:00:00.07 | Syncing right articulated pinky finger
Fra:1 Mem:52.37M (Peak 52.37M) | Time:00:00.07 | Syncing right pinky fingertip
Fra:1 Mem:52.38M (Peak 52.38M) | Time:00:00.07 | Syncing right opposed thumb
Fra:1 Mem:52.39M (Peak 52.39M) | Time:00:00.07 | Syncing right thumb fingertip
Fra:1 Mem:52.41M (Peak 52.41M) | Time:00:00.07 | Syncing kusazuri skirt plate -1 row 1
Fra:1 Mem:52.42M (Peak 52.42M) | Time:00:00.07 | Syncing rear kusazuri skirt plate -1 row 
Fra:1 Mem:52.43M (Peak 52.43M) | Time:00:00.07 | Syncing kusazuri skirt plate -1 row 2
Fra:1 Mem:52.45M (Peak 52.45M) | Time:00:00.07 | Syncing rear kusazuri skirt plate -1 row 
Fra:1 Mem:52.46M (Peak 52.46M) | Time:00:00.07 | Syncing kusazuri skirt plate -1 row 3
Fra:1 Mem:52.48M (Peak 52.48M) | Time:00:00.07 | Syncing rear kusazuri skirt plate -1 row 
Fra:1 Mem:52.49M (Peak 52.49M) | Time:00:00.08 | Syncing kusazuri skirt plate +0 row 1
Fra:1 Mem:52.50M (Peak 52.50M) | Time:00:00.08 | Syncing rear kusazuri skirt plate +0 row 
Fra:1 Mem:52.52M (Peak 52.52M) | Time:00:00.08 | Syncing kusazuri skirt plate +0 row 2
Fra:1 Mem:52.53M (Peak 52.53M) | Time:00:00.08 | Syncing rear kusazuri skirt plate +0 row 
Fra:1 Mem:52.54M (Peak 52.54M) | Time:00:00.08 | Syncing kusazuri skirt plate +0 row 3
Fra:1 Mem:52.56M (Peak 52.56M) | Time:00:00.08 | Syncing rear kusazuri skirt plate +0 row 
Fra:1 Mem:52.57M (Peak 52.57M) | Time:00:00.08 | Syncing kusazuri skirt plate +1 row 1
Fra:1 Mem:52.59M (Peak 52.59M) | Time:00:00.08 | Syncing rear kusazuri skirt plate +1 row 
Fra:1 Mem:52.60M (Peak 52.60M) | Time:00:00.08 | Syncing kusazuri skirt plate +1 row 2
Fra:1 Mem:52.61M (Peak 52.61M) | Time:00:00.08 | Syncing rear kusazuri skirt plate +1 row 
Fra:1 Mem:52.63M (Peak 52.63M) | Time:00:00.08 | Syncing kusazuri skirt plate +1 row 3
Fra:1 Mem:52.64M (Peak 52.64M) | Time:00:00.08 | Syncing rear kusazuri skirt plate +1 row 
Fra:1 Mem:52.66M (Peak 52.66M) | Time:00:00.08 | Syncing left hanging hakama outer cloth
Fra:1 Mem:52.68M (Peak 52.68M) | Time:00:00.08 | Syncing left side hakama fold
Fra:1 Mem:52.71M (Peak 52.71M) | Time:00:00.08 | Syncing right hanging hakama outer cloth
Fra:1 Mem:52.74M (Peak 52.74M) | Time:00:00.08 | Syncing right side hakama fold
Fra:1 Mem:52.76M (Peak 52.76M) | Time:00:00.08 | Syncing left hakama trouser leg
Fra:1 Mem:52.82M (Peak 52.82M) | Time:00:00.08 | Syncing left shin greave
Fra:1 Mem:52.87M (Peak 52.87M) | Time:00:00.08 | Syncing left split-toe tabi foot volume
Fra:1 Mem:52.92M (Peak 52.92M) | Time:00:00.08 | Syncing left separated big toe
Fra:1 Mem:52.94M (Peak 52.94M) | Time:00:00.08 | Syncing left outer toe group
Fra:1 Mem:52.96M (Peak 52.96M) | Time:00:00.08 | Syncing left woven waraji sole grounded
Fra:1 Mem:52.97M (Peak 52.97M) | Time:00:00.08 | Syncing left sandal toe strap
Fra:1 Mem:52.98M (Peak 52.98M) | Time:00:00.08 | Syncing left heel strap
Fra:1 Mem:52.98M (Peak 52.98M) | Time:00:00.08 | Syncing left hakama pleat 1
Fra:1 Mem:52.99M (Peak 52.99M) | Time:00:00.08 | Syncing left hakama pleat 2
Fra:1 Mem:52.99M (Peak 52.99M) | Time:00:00.08 | Syncing left hakama pleat 3
Fra:1 Mem:53.00M (Peak 53.00M) | Time:00:00.08 | Syncing right hakama trouser leg
Fra:1 Mem:53.06M (Peak 53.06M) | Time:00:00.08 | Syncing right shin greave
Fra:1 Mem:53.11M (Peak 53.11M) | Time:00:00.08 | Syncing right split-toe tabi foot volume
Fra:1 Mem:53.16M (Peak 53.16M) | Time:00:00.08 | Syncing right separated big toe
Fra:1 Mem:53.18M (Peak 53.18M) | Time:00:00.08 | Syncing right outer toe group
Fra:1 Mem:53.20M (Peak 53.20M) | Time:00:00.08 | Syncing right woven waraji sole grounded
Fra:1 Mem:53.21M (Peak 53.21M) | Time:00:00.08 | Syncing right sandal toe strap
Fra:1 Mem:53.22M (Peak 53.22M) | Time:00:00.08 | Syncing right heel strap
Fra:1 Mem:53.22M (Peak 53.22M) | Time:00:00.08 | Syncing right hakama pleat 1
Fra:1 Mem:53.23M (Peak 53.23M) | Time:00:00.08 | Syncing right hakama pleat 2
Fra:1 Mem:53.23M (Peak 53.23M) | Time:00:00.08 | Syncing right hakama pleat 3
Fra:1 Mem:53.24M (Peak 53.24M) | Time:00:00.08 | Syncing drawn katana blade spine
Fra:1 Mem:53.25M (Peak 53.30M) | Time:00:00.08 | Syncing bright sharpened katana edge
Fra:1 Mem:53.26M (Peak 53.31M) | Time:00:00.08 | Syncing wrapped katana grip
Fra:1 Mem:53.27M (Peak 53.31M) | Time:00:00.08 | Syncing square tsuba guard
Fra:1 Mem:53.28M (Peak 53.31M) | Time:00:00.08 | Syncing lacquered saya scabbard at left h
Fra:1 Mem:53.28M (Peak 53.31M) | Time:00:00.08 | Syncing waist sash tying armor
Fra:1 Mem:53.29M (Peak 53.31M) | Time:00:00.08 | Syncing bamboo sashimono back pole
Fra:1 Mem:53.30M (Peak 53.31M) | Time:00:00.08 | Syncing small lacquered sashimono crossba
Fra:1 Mem:53.31M (Peak 53.31M) | Time:00:00.08 | Syncing cloth sashimono banner panel
Fra:1 Mem:53.33M (Peak 53.37M) | Time:00:00.08 | Syncing simple round clan mon on banner
Fra:1 Mem:53.37M (Peak 53.37M) | Time:00:00.08 | Syncing cool key
Fra:1 Mem:53.37M (Peak 53.37M) | Time:00:00.08 | Syncing rim
Fra:1 Mem:53.37M (Peak 53.37M) | Time:00:00.08 | Syncing hero cam
Fra:1 Mem:53.37M (Peak 53.37M) | Time:00:00.08 | Syncing samurai_v2_provenance
Fra:1 Mem:53.45M (Peak 53.55M) | Time:00:00.09 | Rendering 1 / 32 samples
Fra:1 Mem:50.93M (Peak 53.55M) | Time:00:03.41 | Rendering 26 / 32 samples
Fra:1 Mem:50.93M (Peak 53.55M) | Time:00:04.04 | Rendering 32 / 32 samples
Saved: '/tmp/factoryx-v23-render/samurai-repaired-full-20-v23/takeda-01/samurai_character_top.png'
 Time: 00:04.19 (Saving: 00:00.03)

ERROR (bke.modifier): ./source/blender/blenkernel/intern/modifier.cc:458 BKE_modifier_set_error: Object: "crest central rivet", Modifier: "weighted normals", Enable 'Auto Smooth' in Object Data Properties
ERROR (bke.modifier): ./source/blender/blenkernel/intern/modifier.cc:458 BKE_modifier_set_error: Object: "right side helmet flange", Modifier: "weighted normals", Enable 'Auto Smooth' in Object Data Properties
ERROR (bke.modifier): ./source/blender/blenkernel/intern/modifier.cc:458 BKE_modifier_set_error: Object: "mempo nose ridge", Modifier: "weighted normals", Enable 'Auto Smooth' in Object Data Properties
ERROR (bke.modifier): ./source/blender/blenkernel/intern/modifier.cc:458 BKE_modifier_set_error: Object: "left narrow eye slit", Modifier: "weighted normals", Enable 'Auto Smooth' in Object Data Properties
ERROR (bke.modifier): ./source/blender/blenkernel/intern/modifier.cc:458 BKE_modifier_set_error: Object: "mempo chin guard", Modifier: "weighted normals", Enable 'Auto Smooth' in Object Data Properties
ERROR (bke.modifier): ./source/blender/blenkernel/intern/modifier.cc:458 BKE_modifier_set_error: Object: "left side helmet flange", Modifier: "weighted normals", Enable 'Auto Smooth' in Object Data Properties
ERROR (bke.modifier): ./source/blender/blenkernel/intern/modifier.cc:458 BKE_modifier_set_error: Object: "layered rear shikoro neck guard", Modifier: "weighted normals", Enable 'Auto Smooth' in Object Data Properties
ERROR (bke.modifier): ./source/blender/blenkernel/intern/modifier.cc:458 BKE_modifier_set_error: Object: "right angular mempo cheek plate", Modifier: "weighted normals", Enable 'Auto Smooth' in Object Data Properties
ERROR (bke.modifier): ./source/blender/blenkernel/intern/modifier.cc:458 BKE_modifier_set_error: Object: "right narrow eye slit", Modifier: "weighted normals", Enable 'Auto Smooth' in Object Data Properties
ERROR (bke.modifier): ./source/blender/blenkernel/intern/modifier.cc:458 BKE_modifier_set_error: Object: "wide kabuto brim", Modifier: "weighted normals", Enable 'Auto Smooth' in Object Data Properties
ERROR (bke.modifier): ./source/blender/blenkernel/intern/modifier.cc:458 BKE_modifier_set_error: Object: "throat guard row 1 bevelled lamellar plate 02", Modifier: "weighted normals", Enable 'Auto Smooth' in Object Data Properties
ERROR (bke.modifier): ./source/blender/blenkernel/intern/modifier.cc:458 BKE_modifier_set_error: Object: "mempo grim mouth slit", Modifier: "weighted normals", Enable 'Auto Smooth' in Object Data Properties
ERROR (bke.modifier): ./source/blender/blenkernel/intern/modifier.cc:458 BKE_modifier_set_error: Object: "left angular mempo cheek plate", Modifier: "weighted normals", Enable 'Auto Smooth' in Object Data Properties
ERROR (bke.modifier): ./source/blender/blenkernel/intern/modifier.cc:458 BKE_modifier_set_error: Object: "segmented kabuto helmet bowl", Modifier: "weighted normals", Enable 'Auto Smooth' in Object Data Properties
ERROR (bke.modifier): ./source/blender/blenkernel/intern/modifier.cc:458 BKE_modifier_set_error: Object: "throat guard row 1 bevelled lamellar plate 01", Modifier: "weighted normals", Enable 'Auto Smooth' in Object Data Properties
ERROR (bke.modifier): ./source/blender/blenkernel/intern/modifier.cc:458 BKE_modifier_set_error: Object: "throat guard row 1 bevelled lamellar plate 05", Modifier: "weighted normals", Enable 'Auto Smooth' in Object Data Properties
ERROR (bke.modifier): ./source/blender/blenkernel/intern/modifier.cc:458 BKE_modifier_set_error: Object: "throat guard row 2 bevelled lamellar plate 02", Modifier: "weighted normals", Enable 'Auto Smooth' in Object Data Properties
ERROR (bke.modifier): ./source/blender/blenkernel/intern/modifier.cc:458 BKE_modifier_set_error: Object: "throat guard row 2 bevelled lamellar plate 03", Modifier: "weighted normals", Enable 'Auto Smooth' in Object Data Properties
ERROR (bke.modifier): ./source/blender/blenkernel/intern/modifier.cc:458 BKE_modifier_set_error: Object: "throat guard row 2 bevelled lamellar plate 01", Modifier: "weighted normals", Enable 'Auto Smooth' in Object Data Properties
ERROR (bke.modifier): ./source/blender/blenkernel/intern/modifier.cc:458 BKE_modifier_set_error: Object: "throat guard row 2 bevelled lamellar plate 05", Modifier: "weighted normals", Enable 'Auto Smooth' in Object Data Properties
ERROR (bke.modifier): ./source/blender/blenkernel/intern/modifier.cc:458 BKE_modifier_set_error: Object: "upper do cuirass fitted shell", Modifier: "weighted normals", Enable 'Auto Smooth' in Object Data Properties
ERROR (bke.modifier): ./source/blender/blenkernel/intern/modifier.cc:458 BKE_modifier_set_error: Object: "lower do cuirass narrowed shell", Modifier: "weighted normals", Enable 'Auto Smooth' in Object Data Properties
ERROR (bke.modifier): ./source/blender/blenkernel/intern/modifier.cc:458 BKE_modifier_set_error: Object: "throat guard row 2 bevelled lamellar plate 04", Modifier: "weighted normals", Enable 'Auto Smooth' in Object Data Properties
ERROR (bke.modifier): ./source/blender/blenkernel/intern/modifier.cc:458 BKE_modifier_set_error: Object: "neck guard collar", Modifier: "weighted normals", Enable 'Auto Smooth' in Object Data Properties
ERROR (bke.modifier): ./source/blender/blenkernel/intern/modifier.cc:458 BKE_modifier_set_error: Object: "throat guard row 3 bevelled lamellar plate 02", Modifier: "weighted normals", Enable 'Auto Smooth' in Object Data Properties
ERROR (bke.modifier): ./source/blender/blenkernel/intern/modifier.cc:458 BKE_modifier_set_error: Object: "throat guard row 1 bevelled lamellar plate 04", Modifier: "weighted normals", Enable 'Auto Smooth' in Object Data Properties
ERROR (bke.modifier): ./source/blender/blenkernel/intern/modifier.cc:458 BKE_modifier_set_error: Object: "throat guard row 3 bevelled lamellar plate 04", Modifier: "weighted normals", Enable 'Auto Smooth' in Object Data Properties
ERROR (bke.modifier): ./source/blender/blenkernel/intern/modifier.cc:458 BKE_modifier_set_error: Object: "throat guard row 3 bevelled lamellar plate 01", Modifier: "weighted normals", Enable 'Auto Smooth' in Object Data Properties
ERROR (bke.modifier): ./source/blender/blenkernel/intern/modifier.cc:458 BKE_modifier_set_error: Object: "throat guard row 1 bevelled lamellar plate 03", Modifier: "weighted normals", Enable 'Auto Smooth' in Object Data Properties
ERROR (bke.modifier): ./source/blender/blenkernel/intern/modifier.cc:458 BKE_modifier_set_error: Object: "thin exposed neck", Modifier: "weighted normals", Enable 'Auto Smooth' in Object Data Properties
ERROR (bke.modifier): ./source/blender/blenkernel/intern/modifier.cc:458 BKE_modifier_set_error: Object: "visible human forehead behind mempo", Modifier: "weighted normals", Enable 'Auto Smooth' in Object Data Properties
ERROR (bke.modifier): ./source/blender/blenkernel/intern/modifier.cc:458 BKE_modifier_set_error: Object: "throat guard row 3 bevelled lamellar plate 05", Modifier: "weighted normals", Enable 'Auto Smooth' in Object Data Properties
ERROR (bke.modifier): ./source/blender/blenkernel/intern/modifier.cc:458 BKE_modifier_set_error: Object: "narrow waist under-kimono volume", Modifier: "weighted normals", Enable 'Auto Smooth' in Object Data Properties
ERROR (bke.modifier): ./source/blender/blenkernel/intern/modifier.cc:458 BKE_modifier_set_error: Object: "front cuirass row 1 bevelled lamellar plate 03", Modifier: "weighted normals", Enable 'Auto Smooth' in Object Data Properties
ERROR (bke.modifier): ./source/blender/blenkernel/intern/modifier.cc:458 BKE_modifier_set_error: Object: "throat guard row 3 bevelled lamellar plate 03", Modifier: "weighted normals", Enable 'Auto Smooth' in Object Data Properties
ERROR (bke.modifier): ./source/blender/blenkernel/intern/modifier.cc:458 BKE_modifier_set_error: Object: "front under-kimono chest panel", Modifier: "weighted normals", Enable 'Auto Smooth' in Object Data Properties
ERROR (bke.modifier): ./source/blender/blenkernel/intern/modifier.cc:458 BKE_modifier_set_error: Object: "rear under-kimono back panel", Modifier: "weighted normals", Enable 'Auto Smooth' in Object Data Properties
ERROR (bke.modifier): ./source/blender/blenkernel/intern/modifier.cc:458 BKE_modifier_set_error: Object: "ribcage under-kimono volume", Modifier: "weighted normals", Enable 'Auto Smooth' in Object Data Properties
ERROR (bke.modifier): ./source/blender/blenkernel/intern/modifier.cc:458 BKE_modifier_set_error: Object: "front cuirass row 1 bevelled lamellar plate 02", Modifier: "weighted normals", Enable 'Auto Smooth' in Object Data Properties
ERROR (bke.modifier): ./source/blender/blenkernel/intern/modifier.cc:458 BKE_modifier_set_error: Object: "front cuirass row 1 bevelled lamellar plate 01", Modifier: "weighted normals", Enable 'Auto Smooth' in Object Data Properties
ERROR (bke.modifier): ./source/blender/blenkernel/intern/modifier.cc:458 BKE_modifier_set_error: Object: "front cuirass row 1 bevelled lamellar plate 04", Modifier: "weighted normals", Enable 'Auto Smooth' in Object Data Properties
ERROR (bke.modifier): ./source/blender/blenkernel/intern/modifier.cc:458 BKE_modifier_set_error: Object: "front cuirass row 1 bevelled lamellar plate 05", Modifier: "weighted normals", Enable 'Auto Smooth' in Object Data Properties
ERROR (bke.modifier): ./source/blender/blenkernel/intern/modifier.cc:458 BKE_modifier_set_error: Object: "front cuirass row 1 bevelled lamellar plate 06", Modifier: "weighted normals", Enable 'Auto Smooth' in Object Data Properties
ERROR (bke.modifier): ./source/blender/blenkernel/intern/modifier.cc:458 BKE_modifier_set_error: Object: "front cuirass row 1 bevelled lamellar plate 07", Modifier: "weighted normals", Enable 'Auto Smooth' in Object Data Properties
ERROR (bke.modifier): ./source/blender/blenkernel/intern/modifier.cc:458 BKE_modifier_set_error: Object: "rear cuirass row 1 bevelled lamellar plate 01", Modifier: "weighted normals", Enable 'Auto Smooth' in Object Data Properties
ERROR (bke.modifier): ./source/blender/blenkernel/intern/modifier.cc:458 BKE_modifier_set_error: Object: "rear cuirass row 1 bevelled lamellar plate 05", Modifier: "weighted normals", Enable 'Auto Smooth' in Object Data Properties
ERROR (bke.modifier): ./source/blender/blenkernel/intern/modifier.cc:458 BKE_modifier_set_error: Object: "front cuirass row 1 bevelled lamellar plate 08", Modifier: "weighted normals", Enable 'Auto Smooth' in Object Data Properties
ERROR (bke.modifier): ./source/blender/blenkernel/intern/modifier.cc:458 BKE_modifier_set_error: Object: "rear cuirass row 1 bevelled lamellar plate 02", Modifier: "weighted normals", Enable 'Auto Smooth' in Object Data Properties
ERROR (bke.modifier): ./source/blender/blenkernel/intern/modifier.cc:458 BKE_modifier_set_error: Object: "rear cuirass row 1 bevelled lamellar plate 03", Modifier: "weighted normals", Enable 'Auto Smooth' in Object Data Properties
ERROR (bke.modifier): ./source/blender/blenkernel/intern/modifier.cc:458 BKE_modifier_set_error: Object: "rear cuirass row 1 bevelled lamellar plate 04", Modifier: "weighted normals", Enable 'Auto Smooth' in Object Data Properties
ERROR (bke.modifier): ./source/blender/blenkernel/intern/modifier.cc:458 BKE_modifier_set_error: Object: "rear cuirass row 1 bevelled lamellar plate 06", Modifier: "weighted normals", Enable 'Auto Smooth' in Object Data Properties
ERROR (bke.modifier): ./source/blender/blenkernel/intern/modifier.cc:458 BKE_modifier_set_error: Object: "rear cuirass row 1 bevelled lamellar plate 07", Modifier: "weighted normals", Enable 'Auto Smooth' in Object Data Properties
ERROR (bke.modifier): ./source/blender/blenkernel/intern/modifier.cc:458 BKE_modifier_set_error: Object: "matte charcoal inspection plinth", Modifier: "weighted normals", Enable 'Auto Smooth' in Object Data Properties
ERROR (bke.modifier): ./source/blender/blenkernel/intern/modifier.cc:458 BKE_modifier_set_error: Object: "front cuirass row 2 bevelled lamellar plate 07", Modifier: "weighted normals", Enable 'Auto Smooth' in Object Data Properties
ERROR (bke.modifier): ./source/blender/blenkernel/intern/modifier.cc:458 BKE_modifier_set_error: Object: "front cuirass row 2 bevelled lamellar plate 01", Modifier: "weighted normals", Enable 'Auto Smooth' in Object Data Properties
ERROR (bke.modifier): ./source/blender/blenkernel/intern/modifier.cc:458 BKE_modifier_set_error: Object: "simple round clan mon on banner", Modifier: "weighted normals", Enable 'Auto Smooth' in Object Data Properties
ERROR (bke.modifier): ./source/blender/blenkernel/intern/modifier.cc:458 BKE_modifier_set_error: Object: "front cuirass row 2 bevelled lamellar plate 04", Modifier: "weighted normals", Enable 'Auto Smooth' in Object Data Properties
ERROR (bke.modifier): ./source/blender/blenkernel/intern/modifier.cc:458 BKE_modifier_set_error: Object: "front cuirass row 2 bevelled lamellar plate 02", Modifier: "weighted normals", Enable 'Auto Smooth' in Object Data Properties
ERROR (bke.modifier): ./source/blender/blenkernel/intern/modifier.cc:458 BKE_modifier_set_error: Object: "rear cuirass row 1 bevelled lamellar plate 08", Modifier: "weighted normals", Enable 'Auto Smooth' in Object Data Properties
ERROR (bke.modifier): ./source/blender/blenkernel/intern/modifier.cc:458 BKE_modifier_set_error: Object: "front cuirass row 2 bevelled lamellar plate 05", Modifier: "weighted normals", Enable 'Auto Smooth' in Object Data Properties
ERROR (bke.modifier): ./source/blender/blenkernel/intern/modifier.cc:458 BKE_modifier_set_error: Object: "front cuirass row 2 bevelled lamellar plate 06", Modifier: "weighted normals", Enable 'Auto Smooth' in Object Data Properties
ERROR (bke.modifier): ./source/blender/blenkernel/intern/modifier.cc:458 BKE_modifier_set_error: Object: "front cuirass row 2 bevelled lamellar plate 03", Modifier: "weighted normals", Enable 'Auto Smooth' in Object Data Properties
ERROR (bke.modifier): ./source/blender/blenkernel/intern/modifier.cc:458 BKE_modifier_set_error: Object: "rear cuirass row 2 bevelled lamellar plate 04", Modifier: "weighted normals", Enable 'Auto Smooth' in Object Data Properties
ERROR (bke.modifier): ./source/blender/blenkernel/intern/modifier.cc:458 BKE_modifier_set_error: Object: "rear cuirass row 2 bevelled lamellar plate 05", Modifier: "weighted normals", Enable 'Auto Smooth' in Object Data Properties
ERROR (bke.modifier): ./source/blender/blenkernel/intern/modifier.cc:458 BKE_modifier_set_error: Object: "rear cuirass row 2 bevelled lamellar plate 01", Modifier: "weighted normals", Enable 'Auto Smooth' in Object Data Properties
ERROR (bke.modifier): ./source/blender/blenkernel/intern/modifier.cc:458 BKE_modifier_set_error: Object: "rear cuirass row 2 bevelled lamellar plate 07", Modifier: "weighted normals", Enable 'Auto Smooth' in Object Data Properties
ERROR (bke.modifier): ./source/blender/blenkernel/intern/modifier.cc:458 BKE_modifier_set_error: Object: "front cuirass row 2 bevelled lamellar plate 08", Modifier: "weighted normals", Enable 'Auto Smooth' in Object Data Properties
ERROR (bke.modifier): ./source/blender/blenkernel/intern/modifier.cc:458 BKE_modifier_set_error: Object: "rear cuirass row 2 bevelled lamellar plate 02", Modifier: "weighted normals", Enable 'Auto Smooth' in Object Data Properties
ERROR (bke.modifier): ./source/blender/blenkernel/intern/modifier.cc:458 BKE_modifier_set_error: Object: "rear cuirass row 2 bevelled lamellar plate 03", Modifier: "weighted normals", Enable 'Auto Smooth' in Object Data Properties
ERROR (bke.modifier): ./source/blender/blenkernel/intern/modifier.cc:458 BKE_modifier_set_error: Object: "front cuirass row 3 bevelled lamellar plate 05", Modifier: "weighted normals", Enable 'Auto Smooth' in Object Data Properties
ERROR (bke.modifier): ./source/blender/blenkernel/intern/modifier.cc:458 BKE_modifier_set_error: Object: "front cuirass row 3 bevelled lamellar plate 01", Modifier: "weighted normals", Enable 'Auto Smooth' in Object Data Properties
ERROR (bke.modifier): ./source/blender/blenkernel/intern/modifier.cc:458 BKE_modifier_set_error: Object: "rear cuirass row 2 bevelled lamellar plate 06", Modifier: "weighted normals", Enable 'Auto Smooth' in Object Data Properties
ERROR (bke.modifier): ./source/blender/blenkernel/intern/modifier.cc:458 BKE_modifier_set_error: Object: "rear cuirass row 2 bevelled lamellar plate 08", Modifier: "weighted normals", Enable 'Auto Smooth' in Object Data Properties
ERROR (bke.modifier): ./source/blender/blenkernel/intern/modifier.cc:458 BKE_modifier_set_error: Object: "cloth sashimono banner panel", Modifier: "weighted normals", Enable 'Auto Smooth' in Object Data Properties
ERROR (bke.modifier): ./source/blender/blenkernel/intern/modifier.cc:458 BKE_modifier_set_error: Object: "front cuirass row 3 bevelled lamellar plate 07", Modifier: "weighted normals", Enable 'Auto Smooth' in Object Data Properties
ERROR (bke.modifier): ./source/blender/blenkernel/intern/modifier.cc:458 BKE_modifier_set_error: Object: "rear cuirass row 3 bevelled lamellar plate 01", Modifier: "weighted normals", Enable 'Auto Smooth' in Object Data Properties
ERROR (bke.modifier): ./source/blender/blenkernel/intern/modifier.cc:458 BKE_modifier_set_error: Object: "front cuirass row 3 bevelled lamellar plate 04", Modifier: "weighted normals", Enable 'Auto Smooth' in Object Data Properties
ERROR (bke.modifier): ./source/blender/blenkernel/intern/modifier.cc:458 BKE_modifier_set_error: Object: "front cuirass row 3 bevelled lamellar plate 06", Modifier: "weighted normals", Enable 'Auto Smooth' in Object Data Properties
ERROR (bke.modifier): ./source/blender/blenkernel/intern/modifier.cc:458 BKE_modifier_set_error: Object: "front cuirass row 3 bevelled lamellar plate 08", Modifier: "weighted normals", Enable 'Auto Smooth' in Object Data Properties
ERROR (bke.modifier): ./source/blender/blenkernel/intern/modifier.cc:458 BKE_modifier_set_error: Object: "front cuirass row 3 bevelled lamellar plate 02", Modifier: "weighted normals", Enable 'Auto Smooth' in Object Data Properties
ERROR (bke.modifier): ./source/blender/blenkernel/intern/modifier.cc:458 BKE_modifier_set_error: Object: "rear cuirass row 3 bevelled lamellar plate 02", Modifier: "weighted normals", Enable 'Auto Smooth' in Object Data Properties
ERROR (bke.modifier): ./source/blender/blenkernel/intern/modifier.cc:458 BKE_modifier_set_error: Object: "rear cuirass row 3 bevelled lamellar plate 06", Modifier: "weighted normals", Enable 'Auto Smooth' in Object Data Properties
ERROR (bke.modifier): ./source/blender/blenkernel/intern/modifier.cc:458 BKE_modifier_set_error: Object: "front cuirass row 3 bevelled lamellar plate 03", Modifier: "weighted normals", Enable 'Auto Smooth' in Object Data Properties
ERROR (bke.modifier): ./source/blender/blenkernel/intern/modifier.cc:458 BKE_modifier_set_error: Object: "rear cuirass row 3 bevelled lamellar plate 04", Modifier: "weighted normals", Enable 'Auto Smooth' in Object Data Properties
ERROR (bke.modifier): ./source/blender/blenkernel/intern/modifier.cc:458 BKE_modifier_set_error: Object: "rear cuirass row 3 bevelled lamellar plate 03", Modifier: "weighted normals", Enable 'Auto Smooth' in Object Data Properties
ERROR (bke.modifier): ./source/blender/blenkernel/intern/modifier.cc:458 BKE_modifier_set_error: Object: "rear cuirass row 3 bevelled lamellar plate 05", Modifier: "weighted normals", Enable 'Auto Smooth' in Object Data Properties
ERROR (bke.modifier): ./source/blender/blenkernel/intern/modifier.cc:458 BKE_modifier_set_error: Object: "rear cuirass row 3 bevelled lamellar plate 07", Modifier: "weighted normals", Enable 'Auto Smooth' in Object Data Properties
ERROR (bke.modifier): ./source/blender/blenkernel/intern/modifier.cc:458 BKE_modifier_set_error: Object: "front cuirass row 4 bevelled lamellar plate 03", Modifier: "weighted normals", Enable 'Auto Smooth' in Object Data Properties
ERROR (bke.modifier): ./source/blender/blenkernel/intern/modifier.cc:458 BKE_modifier_set_error: Object: "front cuirass row 4 bevelled lamellar plate 01", Modifier: "weighted normals", Enable 'Auto Smooth' in Object Data Properties
ERROR (bke.modifier): ./source/blender/blenkernel/intern/modifier.cc:458 BKE_modifier_set_error: Object: "small lacquered sashimono crossbar", Modifier: "weighted normals", Enable 'Auto Smooth' in Object Data Properties
ERROR (bke.modifier): ./source/blender/blenkernel/intern/modifier.cc:458 BKE_modifier_set_error: Object: "front cuirass row 4 bevelled lamellar plate 08", Modifier: "weighted normals", Enable 'Auto Smooth' in Object Data Properties
ERROR (bke.modifier): ./source/blender/blenkernel/intern/modifier.cc:458 BKE_modifier_set_error: Object: "rear cuirass row 3 bevelled lamellar plate 08", Modifier: "weighted normals", Enable 'Auto Smooth' in Object Data Properties
ERROR (bke.modifier): ./source/blender/blenkernel/intern/modifier.cc:458 BKE_modifier_set_error: Object: "front cuirass row 4 bevelled lamellar plate 02", Modifier: "weighted normals", Enable 'Auto Smooth' in Object Data Properties
ERROR (bke.modifier): ./source/blender/blenkernel/intern/modifier.cc:458 BKE_modifier_set_error: Object: "front cuirass row 4 bevelled lamellar plate 06", Modifier: "weighted normals", Enable 'Auto Smooth' in Object Data Properties
ERROR (bke.modifier): ./source/blender/blenkernel/intern/modifier.cc:458 BKE_modifier_set_error: Object: "rear cuirass row 4 bevelled lamellar plate 01", Modifier: "weighted normals", Enable 'Auto Smooth' in Object Data Properties
ERROR (bke.modifier): ./source/blender/blenkernel/intern/modifier.cc:458 BKE_modifier_set_error: Object: "front cuirass row 4 bevelled lamellar plate 04", Modifier: "weighted normals", Enable 'Auto Smooth' in Object Data Properties
ERROR (bke.modifier): ./source/blender/blenkernel/intern/modifier.cc:458 BKE_modifier_set_error: Object: "rear cuirass row 4 bevelled lamellar plate 02", Modifier: "weighted normals", Enable 'Auto Smooth' in Object Data Properties
ERROR (bke.modifier): ./source/blender/blenkernel/intern/modifier.cc:458 BKE_modifier_set_error: Object: "front cuirass row 4 bevelled lamellar plate 05", Modifier: "weighted normals", Enable 'Auto Smooth' in Object Data Properties
ERROR (bke.modifier): ./source/blender/blenkernel/intern/modifier.cc:458 BKE_modifier_set_error: Object: "front cuirass row 4 bevelled lamellar plate 07", Modifier: "weighted normals", Enable 'Auto Smooth' in Object Data Properties
ERROR (bke.modifier): ./source/blender/blenkernel/intern/modifier.cc:458 BKE_modifier_set_error: Object: "rear cuirass row 4 bevelled lamellar plate 03", Modifier: "weighted normals", Enable 'Auto Smooth' in Object Data Properties
ERROR (bke.modifier): ./source/blender/blenkernel/intern/modifier.cc:458 BKE_modifier_set_error: Object: "rear cuirass row 4 bevelled lamellar plate 05", Modifier: "weighted normals", Enable 'Auto Smooth' in Object Data Properties
ERROR (bke.modifier): ./source/blender/blenkernel/intern/modifier.cc:458 BKE_modifier_set_error: Object: "rear cuirass row 4 bevelled lamellar plate 04", Modifier: "weighted normals", Enable 'Auto Smooth' in Object Data Properties
ERROR (bke.modifier): ./source/blender/blenkernel/intern/modifier.cc:458 BKE_modifier_set_error: Object: "front cuirass row 5 bevelled lamellar plate 01", Modifier: "weighted normals", Enable 'Auto Smooth' in Object Data Properties
ERROR (bke.modifier): ./source/blender/blenkernel/intern/modifier.cc:458 BKE_modifier_set_error: Object: "rear cuirass row 4 bevelled lamellar plate 07", Modifier: "weighted normals", Enable 'Auto Smooth' in Object Data Properties
ERROR (bke.modifier): ./source/blender/blenkernel/intern/modifier.cc:458 BKE_modifier_set_error: Object: "rear cuirass row 4 bevelled lamellar plate 06", Modifier: "weighted normals", Enable 'Auto Smooth' in Object Data Properties
ERROR (bke.modifier): ./source/blender/blenkernel/intern/modifier.cc:458 BKE_modifier_set_error: Object: "rear cuirass row 4 bevelled lamellar plate 08", Modifier: "weighted normals", Enable 'Auto Smooth' in Object Data Properties
ERROR (bke.modifier): ./source/blender/blenkernel/intern/modifier.cc:458 BKE_modifier_set_error: Object: "front cuirass row 5 bevelled lamellar plate 02", Modifier: "weighted normals", Enable 'Auto Smooth' in Object Data Properties
ERROR (bke.modifier): ./source/blender/blenkernel/intern/modifier.cc:458 BKE_modifier_set_error: Object: "front cuirass row 5 bevelled lamellar plate 04", Modifier: "weighted normals", Enable 'Auto Smooth' in Object Data Properties
ERROR (bke.modifier): ./source/blender/blenkernel/intern/modifier.cc:458 BKE_modifier_set_error: Object: "front cuirass row 5 bevelled lamellar plate 03", Modifier: "weighted normals", Enable 'Auto Smooth' in Object Data Properties
ERROR (bke.modifier): ./source/blender/blenkernel/intern/modifier.cc:458 BKE_modifier_set_error: Object: "front cuirass row 5 bevelled lamellar plate 05", Modifier: "weighted normals", Enable 'Auto Smooth' in Object Data Properties
ERROR (bke.modifier): ./source/blender/blenkernel/intern/modifier.cc:458 BKE_modifier_set_error: Object: "front cuirass row 5 bevelled lamellar plate 06", Modifier: "weighted normals", Enable 'Auto Smooth' in Object Data Properties
ERROR (bke.modifier): ./source/blender/blenkernel/intern/modifier.cc:458 BKE_modifier_set_error: Object: "rear cuirass row 5 bevelled lamellar plate 04", Modifier: "weighted normals", Enable 'Auto Smooth' in Object Data Properties
ERROR (bke.modifier): ./source/blender/blenkernel/intern/modifier.cc:458 BKE_modifier_set_error: Object: "rear cuirass row 5 bevelled lamellar plate 05", Modifier: "weighted normals", Enable 'Auto Smooth' in Object Data Properties
ERROR (bke.modifier): ./source/blender/blenkernel/intern/modifier.cc:458 BKE_modifier_set_error: Object: "rear cuirass row 5 bevelled lamellar plate 06", Modifier: "weighted normals", Enable 'Auto Smooth' in Object Data Properties
ERROR (bke.modifier): ./source/blender/blenkernel/intern/modifier.cc:458 BKE_modifier_set_error: Object: "front cuirass row 5 bevelled lamellar plate 08", Modifier: "weighted normals", Enable 'Auto Smooth' in Object Data Properties
ERROR (bke.modifier): ./source/blender/blenkernel/intern/modifier.cc:458 BKE_modifier_set_error: Object: "front cuirass row 5 bevelled lamellar plate 07", Modifier: "weighted normals", Enable 'Auto Smooth' in Object Data Properties
ERROR (bke.modifier): ./source/blender/blenkernel/intern/modifier.cc:458 BKE_modifier_set_error: Object: "square tsuba guard", Modifier: "weighted normals", Enable 'Auto Smooth' in Object Data Properties
ERROR (bke.modifier): ./source/blender/blenkernel/intern/modifier.cc:458 BKE_modifier_set_error: Object: "rear cuirass row 5 bevelled lamellar plate 01", Modifier: "weighted normals", Enable 'Auto Smooth' in Object Data Properties
ERROR (bke.modifier): ./source/blender/blenkernel/intern/modifier.cc:458 BKE_modifier_set_error: Object: "rear cuirass row 5 bevelled lamellar plate 02", Modifier: "weighted normals", Enable 'Auto Smooth' in Object Data Properties
ERROR (bke.modifier): ./source/blender/blenkernel/intern/modifier.cc:458 BKE_modifier_set_error: Object: "rear cuirass row 5 bevelled lamellar plate 03", Modifier: "weighted normals", Enable 'Auto Smooth' in Object Data Properties
ERROR (bke.modifier): ./source/blender/blenkernel/intern/modifier.cc:458 BKE_modifier_set_error: Object: "rear cuirass row 5 bevelled lamellar plate 07", Modifier: "weighted normals", Enable 'Auto Smooth' in Object Data Properties
ERROR (bke.modifier): ./source/blender/blenkernel/intern/modifier.cc:458 BKE_modifier_set_error: Object: "rear cuirass row 5 bevelled lamellar plate 08", Modifier: "weighted normals", Enable 'Auto Smooth' in Object Data Properties
ERROR (bke.modifier): ./source/blender/blenkernel/intern/modifier.cc:458 BKE_modifier_set_error: Object: "wrapped katana grip", Modifier: "weighted normals", Enable 'Auto Smooth' in Object Data Properties
ERROR (bke.modifier): ./source/blender/blenkernel/intern/modifier.cc:458 BKE_modifier_set_error: Object: "left shoulder undercloth", Modifier: "weighted normals", Enable 'Auto Smooth' in Object Data Properties
ERROR (bke.modifier): ./source/blender/blenkernel/intern/modifier.cc:458 BKE_modifier_set_error: Object: "left sode shoulder armor", Modifier: "weighted normals", Enable 'Auto Smooth' in Object Data Properties
ERROR (bke.modifier): ./source/blender/blenkernel/intern/modifier.cc:458 BKE_modifier_set_error: Object: "left kote forearm guard", Modifier: "weighted normals", Enable 'Auto Smooth' in Object Data Properties
ERROR (bke.modifier): ./source/blender/blenkernel/intern/modifier.cc:458 BKE_modifier_set_error: Object: "left armored upper arm", Modifier: "weighted normals", Enable 'Auto Smooth' in Object Data Properties
ERROR (bke.modifier): ./source/blender/blenkernel/intern/modifier.cc:458 BKE_modifier_set_error: Object: "left leather palm volume", Modifier: "weighted normals", Enable 'Auto Smooth' in Object Data Properties
ERROR (bke.modifier): ./source/blender/blenkernel/intern/modifier.cc:458 BKE_modifier_set_error: Object: "left side cuirass plate 3", Modifier: "weighted normals", Enable 'Auto Smooth' in Object Data Properties
ERROR (bke.modifier): ./source/blender/blenkernel/intern/modifier.cc:458 BKE_modifier_set_error: Object: "left index fingertip", Modifier: "weighted normals", Enable 'Auto Smooth' in Object Data Properties
ERROR (bke.modifier): ./source/blender/blenkernel/intern/modifier.cc:458 BKE_modifier_set_error: Object: "left middle fingertip", Modifier: "weighted normals", Enable 'Auto Smooth' in Object Data Properties
ERROR (bke.modifier): ./source/blender/blenkernel/intern/modifier.cc:458 BKE_modifier_set_error: Object: "right side cuirass plate 2", Modifier: "weighted normals", Enable 'Auto Smooth' in Object Data Properties
ERROR (bke.modifier): ./source/blender/blenkernel/intern/modifier.cc:458 BKE_modifier_set_error: Object: "left ring fingertip", Modifier: "weighted normals", Enable 'Auto Smooth' in Object Data Properties
ERROR (bke.modifier): ./source/blender/blenkernel/intern/modifier.cc:458 BKE_modifier_set_error: Object: "left pinky fingertip", Modifier: "weighted normals", Enable 'Auto Smooth' in Object Data Properties
ERROR (bke.modifier): ./source/blender/blenkernel/intern/modifier.cc:458 BKE_modifier_set_error: Object: "left thumb fingertip", Modifier: "weighted normals", Enable 'Auto Smooth' in Object Data Properties
ERROR (bke.modifier): ./source/blender/blenkernel/intern/modifier.cc:458 BKE_modifier_set_error: Object: "right shoulder undercloth", Modifier: "weighted normals", Enable 'Auto Smooth' in Object Data Properties
ERROR (bke.modifier): ./source/blender/blenkernel/intern/modifier.cc:458 BKE_modifier_set_error: Object: "right side cuirass plate 1", Modifier: "weighted normals", Enable 'Auto Smooth' in Object Data Properties
ERROR (bke.modifier): ./source/blender/blenkernel/intern/modifier.cc:458 BKE_modifier_set_error: Object: "right armored upper arm", Modifier: "weighted normals", Enable 'Auto Smooth' in Object Data Properties
ERROR (bke.modifier): ./source/blender/blenkernel/intern/modifier.cc:458 BKE_modifier_set_error: Object: "right kote forearm guard", Modifier: "weighted normals", Enable 'Auto Smooth' in Object Data Properties
ERROR (bke.modifier): ./source/blender/blenkernel/intern/modifier.cc:458 BKE_modifier_set_error: Object: "left side cuirass plate 1", Modifier: "weighted normals", Enable 'Auto Smooth' in Object Data Properties
ERROR (bke.modifier): ./source/blender/blenkernel/intern/modifier.cc:458 BKE_modifier_set_error: Object: "right leather palm volume", Modifier: "weighted normals", Enable 'Auto Smooth' in Object Data Properties
ERROR (bke.modifier): ./source/blender/blenkernel/intern/modifier.cc:458 BKE_modifier_set_error: Object: "left side cuirass plate 2", Modifier: "weighted normals", Enable 'Auto Smooth' in Object Data Properties
ERROR (bke.modifier): ./source/blender/blenkernel/intern/modifier.cc:458 BKE_modifier_set_error: Object: "right sode shoulder armor", Modifier: "weighted normals", Enable 'Auto Smooth' in Object Data Properties
ERROR (bke.modifier): ./source/blender/blenkernel/intern/modifier.cc:458 BKE_modifier_set_error: Object: "right side cuirass plate 3", Modifier: "weighted normals", Enable 'Auto Smooth' in Object Data Properties
ERROR (bke.modifier): ./source/blender/blenkernel/intern/modifier.cc:458 BKE_modifier_set_error: Object: "left hanging sode shoulder plate 2", Modifier: "weighted normals", Enable 'Auto Smooth' in Object Data Properties
ERROR (bke.modifier): ./source/blender/blenkernel/intern/modifier.cc:458 BKE_modifier_set_error: Object: "right index fingertip", Modifier: "weighted normals", Enable 'Auto Smooth' in Object Data Properties
ERROR (bke.modifier): ./source/blender/blenkernel/intern/modifier.cc:458 BKE_modifier_set_error: Object: "left hanging sode shoulder plate 1", Modifier: "weighted normals", Enable 'Auto Smooth' in Object Data Properties
ERROR (bke.modifier): ./source/blender/blenkernel/intern/modifier.cc:458 BKE_modifier_set_error: Object: "right pinky fingertip", Modifier: "weighted normals", Enable 'Auto Smooth' in Object Data Properties
ERROR (bke.modifier): ./source/blender/blenkernel/intern/modifier.cc:458 BKE_modifier_set_error: Object: "right thumb fingertip", Modifier: "weighted normals", Enable 'Auto Smooth' in Object Data Properties
ERROR (bke.modifier): ./source/blender/blenkernel/intern/modifier.cc:458 BKE_modifier_set_error: Object: "right ring fingertip", Modifier: "weighted normals", Enable 'Auto Smooth' in Object Data Properties
ERROR (bke.modifier): ./source/blender/blenkernel/intern/modifier.cc:458 BKE_modifier_set_error: Object: "right middle fingertip", Modifier: "weighted normals", Enable 'Auto Smooth' in Object Data Properties
ERROR (bke.modifier): ./source/blender/blenkernel/intern/modifier.cc:458 BKE_modifier_set_error: Object: "left hanging sode shoulder plate 4", Modifier: "weighted normals", Enable 'Auto Smooth' in Object Data Properties
ERROR (bke.modifier): ./source/blender/blenkernel/intern/modifier.cc:458 BKE_modifier_set_error: Object: "left hanging sode shoulder plate 3", Modifier: "weighted normals", Enable 'Auto Smooth' in Object Data Properties
ERROR (bke.modifier): ./source/blender/blenkernel/intern/modifier.cc:458 BKE_modifier_set_error: Object: "right hanging sode shoulder plate 3", Modifier: "weighted normals", Enable 'Auto Smooth' in Object Data Properties
ERROR (bke.modifier): ./source/blender/blenkernel/intern/modifier.cc:458 BKE_modifier_set_error: Object: "right hanging sode shoulder plate 2", Modifier: "weighted normals", Enable 'Auto Smooth' in Object Data Properties
ERROR (bke.modifier): ./source/blender/blenkernel/intern/modifier.cc:458 BKE_modifier_set_error: Object: "right hanging sode shoulder plate 1", Modifier: "weighted normals", Enable 'Auto Smooth' in Object Data Properties
ERROR (bke.modifier): ./source/blender/blenkernel/intern/modifier.cc:458 BKE_modifier_set_error: Object: "kusazuri skirt plate -1 row 1", Modifier: "weighted normals", Enable 'Auto Smooth' in Object Data Properties
ERROR (bke.modifier): ./source/blender/blenkernel/intern/modifier.cc:458 BKE_modifier_set_error: Object: "rear kusazuri skirt plate -1 row 1", Modifier: "weighted normals", Enable 'Auto Smooth' in Object Data Properties
ERROR (bke.modifier): ./source/blender/blenkernel/intern/modifier.cc:458 BKE_modifier_set_error: Object: "right hanging sode shoulder plate 4", Modifier: "weighted normals", Enable 'Auto Smooth' in Object Data Properties
ERROR (bke.modifier): ./source/blender/blenkernel/intern/modifier.cc:458 BKE_modifier_set_error: Object: "kusazuri skirt plate +0 row 2", Modifier: "weighted normals", Enable 'Auto Smooth' in Object Data Properties
ERROR (bke.modifier): ./source/blender/blenkernel/intern/modifier.cc:458 BKE_modifier_set_error: Object: "kusazuri skirt plate +0 row 1", Modifier: "weighted normals", Enable 'Auto Smooth' in Object Data Properties
ERROR (bke.modifier): ./source/blender/blenkernel/intern/modifier.cc:458 BKE_modifier_set_error: Object: "rear kusazuri skirt plate -1 row 2", Modifier: "weighted normals", Enable 'Auto Smooth' in Object Data Properties
ERROR (bke.modifier): ./source/blender/blenkernel/intern/modifier.cc:458 BKE_modifier_set_error: Object: "rear kusazuri skirt plate -1 row 3", Modifier: "weighted normals", Enable 'Auto Smooth' in Object Data Properties
ERROR (bke.modifier): ./source/blender/blenkernel/intern/modifier.cc:458 BKE_modifier_set_error: Object: "rear kusazuri skirt plate +0 row 1", Modifier: "weighted normals", Enable 'Auto Smooth' in Object Data Properties
ERROR (bke.modifier): ./source/blender/blenkernel/intern/modifier.cc:458 BKE_modifier_set_error: Object: "kusazuri skirt plate -1 row 2", Modifier: "weighted normals", Enable 'Auto Smooth' in Object Data Properties
ERROR (bke.modifier): ./source/blender/blenkernel/intern/modifier.cc:458 BKE_modifier_set_error: Object: "kusazuri skirt plate +0 row 3", Modifier: "weighted normals", Enable 'Auto Smooth' in Object Data Properties
ERROR (bke.modifier): ./source/blender/blenkernel/intern/modifier.cc:458 BKE_modifier_set_error: Object: "kusazuri skirt plate -1 row 3", Modifier: "weighted normals", Enable 'Auto Smooth' in Object Data Properties
ERROR (bke.modifier): ./source/blender/blenkernel/intern/modifier.cc:458 BKE_modifier_set_error: Object: "left shin greave", Modifier: "weighted normals", Enable 'Auto Smooth' in Object Data Properties
ERROR (bke.modifier): ./source/blender/blenkernel/intern/modifier.cc:458 BKE_modifier_set_error: Object: "left hakama trouser leg", Modifier: "weighted normals", Enable 'Auto Smooth' in Object Data Properties
ERROR (bke.modifier): ./source/blender/blenkernel/intern/modifier.cc:458 BKE_modifier_set_error: Object: "rear kusazuri skirt plate +1 row 2", Modifier: "weighted normals", Enable 'Auto Smooth' in Object Data Properties
ERROR (bke.modifier): ./source/blender/blenkernel/intern/modifier.cc:458 BKE_modifier_set_error: Object: "kusazuri skirt plate +1 row 1", Modifier: "weighted normals", Enable 'Auto Smooth' in Object Data Properties
ERROR (bke.modifier): ./source/blender/blenkernel/intern/modifier.cc:458 BKE_modifier_set_error: Object: "rear kusazuri skirt plate +1 row 1", Modifier: "weighted normals", Enable 'Auto Smooth' in Object Data Properties
ERROR (bke.modifier): ./source/blender/blenkernel/intern/modifier.cc:458 BKE_modifier_set_error: Object: "rear kusazuri skirt plate +0 row 2", Modifier: "weighted normals", Enable 'Auto Smooth' in Object Data Properties
ERROR (bke.modifier): ./source/blender/blenkernel/intern/modifier.cc:458 BKE_modifier_set_error: Object: "left split-toe tabi foot volume", Modifier: "weighted normals", Enable 'Auto Smooth' in Object Data Properties
ERROR (bke.modifier): ./source/blender/blenkernel/intern/modifier.cc:458 BKE_modifier_set_error: Object: "rear kusazuri skirt plate +1 row 3", Modifier: "weighted normals", Enable 'Auto Smooth' in Object Data Properties
ERROR (bke.modifier): ./source/blender/blenkernel/intern/modifier.cc:458 BKE_modifier_set_error: Object: "left separated big toe", Modifier: "weighted normals", Enable 'Auto Smooth' in Object Data Properties
ERROR (bke.modifier): ./source/blender/blenkernel/intern/modifier.cc:458 BKE_modifier_set_error: Object: "left outer toe group", Modifier: "weighted normals", Enable 'Auto Smooth' in Object Data Properties
ERROR (bke.modifier): ./source/blender/blenkernel/intern/modifier.cc:458 BKE_modifier_set_error: Object: "right woven waraji sole grounded", Modifier: "weighted normals", Enable 'Auto Smooth' in Object Data Properties
ERROR (bke.modifier): ./source/blender/blenkernel/intern/modifier.cc:458 BKE_modifier_set_error: Object: "right split-toe tabi foot volume", Modifier: "weighted normals", Enable 'Auto Smooth' in Object Data Properties
ERROR (bke.modifier): ./source/blender/blenkernel/intern/modifier.cc:458 BKE_modifier_set_error: Object: "kusazuri skirt plate +1 row 3", Modifier: "weighted normals", Enable 'Auto Smooth' in Object Data Properties
ERROR (bke.modifier): ./source/blender/blenkernel/intern/modifier.cc:458 BKE_modifier_set_error: Object: "rear kusazuri skirt plate +0 row 3", Modifier: "weighted normals", Enable 'Auto Smooth' in Object Data Properties
ERROR (bke.modifier): ./source/blender/blenkernel/intern/modifier.cc:458 BKE_modifier_set_error: Object: "right shin greave", Modifier: "weighted normals", Enable 'Auto Smooth' in Object Data Properties
ERROR (bke.modifier): ./source/blender/blenkernel/intern/modifier.cc:458 BKE_modifier_set_error: Object: "kusazuri skirt plate +1 row 2", Modifier: "weighted normals", Enable 'Auto Smooth' in Object Data Properties
ERROR (bke.modifier): ./source/blender/blenkernel/intern/modifier.cc:458 BKE_modifier_set_error: Object: "right hakama trouser leg", Modifier: "weighted normals", Enable 'Auto Smooth' in Object Data Properties
ERROR (bke.modifier): ./source/blender/blenkernel/intern/modifier.cc:458 BKE_modifier_set_error: Object: "right outer toe group", Modifier: "weighted normals", Enable 'Auto Smooth' in Object Data Properties
ERROR (bke.modifier): ./source/blender/blenkernel/intern/modifier.cc:458 BKE_modifier_set_error: Object: "right separated big toe", Modifier: "weighted normals", Enable 'Auto Smooth' in Object Data Properties
ERROR (bke.modifier): ./source/blender/blenkernel/intern/modifier.cc:458 BKE_modifier_set_error: Object: "left hanging hakama outer cloth", Modifier: "weighted normals", Enable 'Auto Smooth' in Object Data Properties
ERROR (bke.modifier): ./source/blender/blenkernel/intern/modifier.cc:458 BKE_modifier_set_error: Object: "left side hakama fold", Modifier: "weighted normals", Enable 'Auto Smooth' in Object Data Properties
ERROR (bke.modifier): ./source/blender/blenkernel/intern/modifier.cc:458 BKE_modifier_set_error: Object: "right hanging hakama outer cloth", Modifier: "weighted normals", Enable 'Auto Smooth' in Object Data Properties
ERROR (bke.modifier): ./source/blender/blenkernel/intern/modifier.cc:458 BKE_modifier_set_error: Object: "left woven waraji sole grounded", Modifier: "weighted normals", Enable 'Auto Smooth' in Object Data Properties
ERROR (bke.modifier): ./source/blender/blenkernel/intern/modifier.cc:458 BKE_modifier_set_error: Object: "right side hakama fold", Modifier: "weighted normals", Enable 'Auto Smooth' in Object Data Properties
Fra:1 Mem:48.61M (Peak 48.63M) | Time:00:00.05 | Syncing matte charcoal inspection plinth
Fra:1 Mem:48.62M (Peak 48.67M) | Time:00:00.05 | Syncing ribcage under-kimono volume
Fra:1 Mem:48.71M (Peak 48.71M) | Time:00:00.05 | Syncing narrow waist under-kimono volume
Fra:1 Mem:48.78M (Peak 48.78M) | Time:00:00.05 | Syncing visible human forehead behind mem
Fra:1 Mem:48.87M (Peak 48.87M) | Time:00:00.05 | Syncing thin exposed neck
Fra:1 Mem:48.88M (Peak 48.89M) | Time:00:00.05 | Syncing neck guard collar
Fra:1 Mem:48.90M (Peak 48.94M) | Time:00:00.05 | Syncing segmented kabuto helmet bowl
Fra:1 Mem:49.06M (Peak 49.07M) | Time:00:00.05 | Syncing wide kabuto brim
Fra:1 Mem:49.09M (Peak 49.09M) | Time:00:00.05 | Syncing layered rear shikoro neck guard
Fra:1 Mem:49.11M (Peak 49.11M) | Time:00:00.05 | Syncing left side helmet flange
Fra:1 Mem:49.12M (Peak 49.12M) | Time:00:00.05 | Syncing right side helmet flange
Fra:1 Mem:49.13M (Peak 49.13M) | Time:00:00.05 | Syncing golden maedate crescent crest
Fra:1 Mem:49.15M (Peak 49.20M) | Time:00:00.05 | Syncing crest central rivet
Fra:1 Mem:49.16M (Peak 49.20M) | Time:00:00.05 | Syncing left angular mempo cheek plate
Fra:1 Mem:49.18M (Peak 49.22M) | Time:00:00.05 | Syncing right angular mempo cheek plate
Fra:1 Mem:49.20M (Peak 49.22M) | Time:00:00.06 | Syncing mempo chin guard
Fra:1 Mem:49.22M (Peak 49.22M) | Time:00:00.06 | Syncing mempo nose ridge
Fra:1 Mem:49.23M (Peak 49.23M) | Time:00:00.06 | Syncing left narrow eye slit
Fra:1 Mem:49.25M (Peak 49.25M) | Time:00:00.06 | Syncing right narrow eye slit
Fra:1 Mem:49.26M (Peak 49.26M) | Time:00:00.06 | Syncing mempo grim mouth slit
Fra:1 Mem:49.27M (Peak 49.27M) | Time:00:00.06 | Syncing left mask moustache bristle
Fra:1 Mem:49.28M (Peak 49.28M) | Time:00:00.06 | Syncing right mask moustache bristle
Fra:1 Mem:49.29M (Peak 49.29M) | Time:00:00.06 | Syncing throat guard row 1 bevelled lamel
Fra:1 Mem:49.31M (Peak 49.31M) | Time:00:00.06 | Syncing throat guard row 1 bevelled lamel
Fra:1 Mem:49.33M (Peak 49.33M) | Time:00:00.06 | Syncing throat guard row 1 bevelled lamel
Fra:1 Mem:49.34M (Peak 49.34M) | Time:00:00.06 | Syncing throat guard row 1 bevelled lamel
Fra:1 Mem:49.36M (Peak 49.36M) | Time:00:00.06 | Syncing throat guard row 1 bevelled lamel
Fra:1 Mem:49.38M (Peak 49.38M) | Time:00:00.06 | Syncing throat guard row 2 bevelled lamel
Fra:1 Mem:49.40M (Peak 49.40M) | Time:00:00.06 | Syncing throat guard row 2 bevelled lamel
Fra:1 Mem:49.42M (Peak 49.42M) | Time:00:00.06 | Syncing throat guard row 2 bevelled lamel
Fra:1 Mem:49.44M (Peak 49.44M) | Time:00:00.06 | Syncing throat guard row 2 bevelled lamel
Fra:1 Mem:49.46M (Peak 49.46M) | Time:00:00.06 | Syncing throat guard row 2 bevelled lamel
Fra:1 Mem:49.48M (Peak 49.48M) | Time:00:00.06 | Syncing throat guard row 3 bevelled lamel
Fra:1 Mem:49.50M (Peak 49.50M) | Time:00:00.06 | Syncing throat guard row 3 bevelled lamel
Fra:1 Mem:49.52M (Peak 49.52M) | Time:00:00.06 | Syncing throat guard row 3 bevelled lamel
Fra:1 Mem:49.54M (Peak 49.54M) | Time:00:00.06 | Syncing throat guard row 3 bevelled lamel
Fra:1 Mem:49.56M (Peak 49.56M) | Time:00:00.06 | Syncing throat guard row 3 bevelled lamel
Fra:1 Mem:49.58M (Peak 49.58M) | Time:00:00.06 | Syncing front under-kimono chest panel
Fra:1 Mem:49.60M (Peak 49.60M) | Time:00:00.06 | Syncing rear under-kimono back panel
Fra:1 Mem:49.63M (Peak 49.63M) | Time:00:00.06 | Syncing upper do cuirass fitted shell
Fra:1 Mem:49.73M (Peak 49.73M) | Time:00:00.06 | Syncing lower do cuirass narrowed shell
Fra:1 Mem:49.81M (Peak 49.81M) | Time:00:00.06 | Syncing front cuirass row 1 bevelled lame
Fra:1 Mem:49.83M (Peak 49.83M) | Time:00:00.06 | Syncing front cuirass row 1 bevelled lame
Fra:1 Mem:49.85M (Peak 49.85M) | Time:00:00.06 | Syncing front cuirass row 1 bevelled lame
Fra:1 Mem:49.87M (Peak 49.87M) | Time:00:00.06 | Syncing front cuirass row 1 bevelled lame
Fra:1 Mem:49.89M (Peak 49.89M) | Time:00:00.06 | Syncing front cuirass row 1 bevelled lame
Fra:1 Mem:49.91M (Peak 49.91M) | Time:00:00.06 | Syncing front cuirass row 1 bevelled lame
Fra:1 Mem:49.93M (Peak 49.93M) | Time:00:00.06 | Syncing front cuirass row 1 bevelled lame
Fra:1 Mem:49.95M (Peak 49.95M) | Time:00:00.06 | Syncing front cuirass row 1 bevelled lame
Fra:1 Mem:49.97M (Peak 49.97M) | Time:00:00.06 | Syncing rear cuirass row 1 bevelled lamel
Fra:1 Mem:49.99M (Peak 49.99M) | Time:00:00.06 | Syncing rear cuirass row 1 bevelled lamel
Fra:1 Mem:50.01M (Peak 50.01M) | Time:00:00.06 | Syncing rear cuirass row 1 bevelled lamel
Fra:1 Mem:50.03M (Peak 50.03M) | Time:00:00.06 | Syncing rear cuirass row 1 bevelled lamel
Fra:1 Mem:50.05M (Peak 50.05M) | Time:00:00.06 | Syncing rear cuirass row 1 bevelled lamel
Fra:1 Mem:50.07M (Peak 50.07M) | Time:00:00.06 | Syncing rear cuirass row 1 bevelled lamel
Fra:1 Mem:50.08M (Peak 50.08M) | Time:00:00.06 | Syncing rear cuirass row 1 bevelled lamel
Fra:1 Mem:50.10M (Peak 50.10M) | Time:00:00.06 | Syncing rear cuirass row 1 bevelled lamel
Fra:1 Mem:50.12M (Peak 50.12M) | Time:00:00.06 | Syncing front cuirass row 2 bevelled lame
Fra:1 Mem:50.14M (Peak 50.14M) | Time:00:00.06 | Syncing front cuirass row 2 bevelled lame
Fra:1 Mem:50.16M (Peak 50.16M) | Time:00:00.06 | Syncing front cuirass row 2 bevelled lame
Fra:1 Mem:50.18M (Peak 50.18M) | Time:00:00.06 | Syncing front cuirass row 2 bevelled lame
Fra:1 Mem:50.20M (Peak 50.20M) | Time:00:00.06 | Syncing front cuirass row 2 bevelled lame
Fra:1 Mem:50.22M (Peak 50.22M) | Time:00:00.06 | Syncing front cuirass row 2 bevelled lame
Fra:1 Mem:50.24M (Peak 50.24M) | Time:00:00.06 | Syncing front cuirass row 2 bevelled lame
Fra:1 Mem:50.26M (Peak 50.26M) | Time:00:00.06 | Syncing front cuirass row 2 bevelled lame
Fra:1 Mem:50.28M (Peak 50.28M) | Time:00:00.06 | Syncing rear cuirass row 2 bevelled lamel
Fra:1 Mem:50.30M (Peak 50.30M) | Time:00:00.06 | Syncing rear cuirass row 2 bevelled lamel
Fra:1 Mem:50.32M (Peak 50.32M) | Time:00:00.06 | Syncing rear cuirass row 2 bevelled lamel
Fra:1 Mem:50.34M (Peak 50.34M) | Time:00:00.06 | Syncing rear cuirass row 2 bevelled lamel
Fra:1 Mem:50.36M (Peak 50.36M) | Time:00:00.06 | Syncing rear cuirass row 2 bevelled lamel
Fra:1 Mem:50.38M (Peak 50.38M) | Time:00:00.06 | Syncing rear cuirass row 2 bevelled lamel
Fra:1 Mem:50.40M (Peak 50.40M) | Time:00:00.06 | Syncing rear cuirass row 2 bevelled lamel
Fra:1 Mem:50.41M (Peak 50.41M) | Time:00:00.06 | Syncing rear cuirass row 2 bevelled lamel
Fra:1 Mem:50.43M (Peak 50.43M) | Time:00:00.06 | Syncing front cuirass row 3 bevelled lame
Fra:1 Mem:50.45M (Peak 50.45M) | Time:00:00.06 | Syncing front cuirass row 3 bevelled lame
Fra:1 Mem:50.47M (Peak 50.47M) | Time:00:00.06 | Syncing front cuirass row 3 bevelled lame
Fra:1 Mem:50.49M (Peak 50.49M) | Time:00:00.06 | Syncing front cuirass row 3 bevelled lame
Fra:1 Mem:50.51M (Peak 50.51M) | Time:00:00.06 | Syncing front cuirass row 3 bevelled lame
Fra:1 Mem:50.53M (Peak 50.53M) | Time:00:00.06 | Syncing front cuirass row 3 bevelled lame
Fra:1 Mem:50.55M (Peak 50.55M) | Time:00:00.06 | Syncing front cuirass row 3 bevelled lame
Fra:1 Mem:50.57M (Peak 50.57M) | Time:00:00.06 | Syncing front cuirass row 3 bevelled lame
Fra:1 Mem:50.59M (Peak 50.59M) | Time:00:00.06 | Syncing rear cuirass row 3 bevelled lamel
Fra:1 Mem:50.61M (Peak 50.61M) | Time:00:00.06 | Syncing rear cuirass row 3 bevelled lamel
Fra:1 Mem:50.63M (Peak 50.63M) | Time:00:00.07 | Syncing rear cuirass row 3 bevelled lamel
Fra:1 Mem:50.65M (Peak 50.65M) | Time:00:00.07 | Syncing rear cuirass row 3 bevelled lamel
Fra:1 Mem:50.67M (Peak 50.67M) | Time:00:00.07 | Syncing rear cuirass row 3 bevelled lamel
Fra:1 Mem:50.68M (Peak 50.68M) | Time:00:00.07 | Syncing rear cuirass row 3 bevelled lamel
Fra:1 Mem:50.70M (Peak 50.70M) | Time:00:00.07 | Syncing rear cuirass row 3 bevelled lamel
Fra:1 Mem:50.72M (Peak 50.72M) | Time:00:00.07 | Syncing rear cuirass row 3 bevelled lamel
Fra:1 Mem:50.74M (Peak 50.74M) | Time:00:00.07 | Syncing front cuirass row 4 bevelled lame
Fra:1 Mem:50.76M (Peak 50.76M) | Time:00:00.07 | Syncing front cuirass row 4 bevelled lame
Fra:1 Mem:50.78M (Peak 50.78M) | Time:00:00.07 | Syncing front cuirass row 4 bevelled lame
Fra:1 Mem:50.80M (Peak 50.80M) | Time:00:00.07 | Syncing front cuirass row 4 bevelled lame
Fra:1 Mem:50.82M (Peak 50.82M) | Time:00:00.07 | Syncing front cuirass row 4 bevelled lame
Fra:1 Mem:50.84M (Peak 50.84M) | Time:00:00.07 | Syncing front cuirass row 4 bevelled lame
Fra:1 Mem:50.86M (Peak 50.86M) | Time:00:00.07 | Syncing front cuirass row 4 bevelled lame
Fra:1 Mem:50.88M (Peak 50.88M) | Time:00:00.07 | Syncing front cuirass row 4 bevelled lame
Fra:1 Mem:50.90M (Peak 50.90M) | Time:00:00.07 | Syncing rear cuirass row 4 bevelled lamel
Fra:1 Mem:50.92M (Peak 50.92M) | Time:00:00.07 | Syncing rear cuirass row 4 bevelled lamel
Fra:1 Mem:50.94M (Peak 50.94M) | Time:00:00.07 | Syncing rear cuirass row 4 bevelled lamel
Fra:1 Mem:50.95M (Peak 50.95M) | Time:00:00.07 | Syncing rear cuirass row 4 bevelled lamel
Fra:1 Mem:50.97M (Peak 50.97M) | Time:00:00.07 | Syncing rear cuirass row 4 bevelled lamel
Fra:1 Mem:50.99M (Peak 50.99M) | Time:00:00.07 | Syncing rear cuirass row 4 bevelled lamel
Fra:1 Mem:51.01M (Peak 51.01M) | Time:00:00.07 | Syncing rear cuirass row 4 bevelled lamel
Fra:1 Mem:51.03M (Peak 51.03M) | Time:00:00.07 | Syncing rear cuirass row 4 bevelled lamel
Fra:1 Mem:51.05M (Peak 51.05M) | Time:00:00.07 | Syncing front cuirass row 5 bevelled lame
Fra:1 Mem:51.07M (Peak 51.07M) | Time:00:00.07 | Syncing front cuirass row 5 bevelled lame
Fra:1 Mem:51.09M (Peak 51.09M) | Time:00:00.07 | Syncing front cuirass row 5 bevelled lame
Fra:1 Mem:51.11M (Peak 51.11M) | Time:00:00.07 | Syncing front cuirass row 5 bevelled lame
Fra:1 Mem:51.13M (Peak 51.13M) | Time:00:00.07 | Syncing front cuirass row 5 bevelled lame
Fra:1 Mem:51.15M (Peak 51.15M) | Time:00:00.07 | Syncing front cuirass row 5 bevelled lame
Fra:1 Mem:51.17M (Peak 51.17M) | Time:00:00.07 | Syncing front cuirass row 5 bevelled lame
Fra:1 Mem:51.19M (Peak 51.19M) | Time:00:00.07 | Syncing front cuirass row 5 bevelled lame
Fra:1 Mem:51.21M (Peak 51.21M) | Time:00:00.07 | Syncing rear cuirass row 5 bevelled lamel
Fra:1 Mem:51.23M (Peak 51.23M) | Time:00:00.07 | Syncing rear cuirass row 5 bevelled lamel
Fra:1 Mem:51.24M (Peak 51.24M) | Time:00:00.07 | Syncing rear cuirass row 5 bevelled lamel
Fra:1 Mem:51.26M (Peak 51.26M) | Time:00:00.07 | Syncing rear cuirass row 5 bevelled lamel
Fra:1 Mem:51.28M (Peak 51.28M) | Time:00:00.07 | Syncing rear cuirass row 5 bevelled lamel
Fra:1 Mem:51.30M (Peak 51.30M) | Time:00:00.07 | Syncing rear cuirass row 5 bevelled lamel
Fra:1 Mem:51.32M (Peak 51.32M) | Time:00:00.07 | Syncing rear cuirass row 5 bevelled lamel
Fra:1 Mem:51.34M (Peak 51.34M) | Time:00:00.07 | Syncing rear cuirass row 5 bevelled lamel
Fra:1 Mem:51.36M (Peak 51.36M) | Time:00:00.07 | Syncing front cuirass vertical odoshi lac
Fra:1 Mem:51.36M (Peak 51.42M) | Time:00:00.07 | Syncing front cuirass vertical odoshi lac
Fra:1 Mem:51.37M (Peak 51.42M) | Time:00:00.07 | Syncing front cuirass vertical odoshi lac
Fra:1 Mem:51.37M (Peak 51.42M) | Time:00:00.07 | Syncing front cuirass vertical odoshi lac
Fra:1 Mem:51.38M (Peak 51.42M) | Time:00:00.07 | Syncing front cuirass vertical odoshi lac
Fra:1 Mem:51.39M (Peak 51.42M) | Time:00:00.07 | Syncing front cuirass vertical odoshi lac
Fra:1 Mem:51.39M (Peak 51.42M) | Time:00:00.07 | Syncing rear cuirass vertical odoshi lace
Fra:1 Mem:51.40M (Peak 51.42M) | Time:00:00.07 | Syncing rear cuirass vertical odoshi lace
Fra:1 Mem:51.41M (Peak 51.42M) | Time:00:00.07 | Syncing rear cuirass vertical odoshi lace
Fra:1 Mem:51.41M (Peak 51.42M) | Time:00:00.07 | Syncing rear cuirass vertical odoshi lace
Fra:1 Mem:51.42M (Peak 51.42M) | Time:00:00.07 | Syncing rear cuirass vertical odoshi lace
Fra:1 Mem:51.43M (Peak 51.43M) | Time:00:00.07 | Syncing left side cuirass plate 1
Fra:1 Mem:51.44M (Peak 51.44M) | Time:00:00.07 | Syncing left side cuirass plate 2
Fra:1 Mem:51.45M (Peak 51.45M) | Time:00:00.07 | Syncing left side cuirass plate 3
Fra:1 Mem:51.47M (Peak 51.47M) | Time:00:00.07 | Syncing right side cuirass plate 1
Fra:1 Mem:51.48M (Peak 51.48M) | Time:00:00.07 | Syncing right side cuirass plate 2
Fra:1 Mem:51.50M (Peak 51.50M) | Time:00:00.07 | Syncing right side cuirass plate 3
Fra:1 Mem:51.51M (Peak 51.51M) | Time:00:00.07 | Syncing left shoulder undercloth
Fra:1 Mem:51.57M (Peak 51.57M) | Time:00:00.07 | Syncing left hanging sode shoulder plate 
Fra:1 Mem:51.58M (Peak 51.58M) | Time:00:00.07 | Syncing left hanging sode shoulder plate 
Fra:1 Mem:51.60M (Peak 51.60M) | Time:00:00.07 | Syncing left hanging sode shoulder plate 
Fra:1 Mem:51.62M (Peak 51.62M) | Time:00:00.07 | Syncing left hanging sode shoulder plate 
Fra:1 Mem:51.64M (Peak 51.64M) | Time:00:00.07 | Syncing left armored upper arm
Fra:1 Mem:51.70M (Peak 51.70M) | Time:00:00.07 | Syncing left sode shoulder armor
Fra:1 Mem:51.74M (Peak 51.74M) | Time:00:00.07 | Syncing left kote forearm guard
Fra:1 Mem:51.80M (Peak 51.80M) | Time:00:00.07 | Syncing left leather palm volume
Fra:1 Mem:51.83M (Peak 51.85M) | Time:00:00.07 | Syncing left articulated index finger
Fra:1 Mem:51.84M (Peak 51.85M) | Time:00:00.07 | Syncing left index fingertip
Fra:1 Mem:51.86M (Peak 51.86M) | Time:00:00.07 | Syncing left articulated middle finger
Fra:1 Mem:51.87M (Peak 51.87M) | Time:00:00.07 | Syncing left middle fingertip
Fra:1 Mem:51.88M (Peak 51.88M) | Time:00:00.07 | Syncing left articulated ring finger
Fra:1 Mem:51.89M (Peak 51.89M) | Time:00:00.07 | Syncing left ring fingertip
Fra:1 Mem:51.93M (Peak 51.93M) | Time:00:00.07 | Syncing left articulated pinky finger
Fra:1 Mem:51.94M (Peak 51.94M) | Time:00:00.07 | Syncing left pinky fingertip
Fra:1 Mem:51.95M (Peak 51.95M) | Time:00:00.07 | Syncing left opposed thumb
Fra:1 Mem:51.96M (Peak 51.96M) | Time:00:00.07 | Syncing left thumb fingertip
Fra:1 Mem:51.97M (Peak 51.97M) | Time:00:00.07 | Syncing right shoulder undercloth
Fra:1 Mem:52.03M (Peak 52.03M) | Time:00:00.07 | Syncing right hanging sode shoulder plate
Fra:1 Mem:52.05M (Peak 52.05M) | Time:00:00.07 | Syncing right hanging sode shoulder plate
Fra:1 Mem:52.07M (Peak 52.07M) | Time:00:00.07 | Syncing right hanging sode shoulder plate
Fra:1 Mem:52.09M (Peak 52.09M) | Time:00:00.07 | Syncing right hanging sode shoulder plate
Fra:1 Mem:52.11M (Peak 52.11M) | Time:00:00.07 | Syncing right armored upper arm
Fra:1 Mem:52.16M (Peak 52.16M) | Time:00:00.07 | Syncing right sode shoulder armor
Fra:1 Mem:52.20M (Peak 52.20M) | Time:00:00.07 | Syncing right kote forearm guard
Fra:1 Mem:52.26M (Peak 52.26M) | Time:00:00.07 | Syncing right leather palm volume
Fra:1 Mem:52.30M (Peak 52.30M) | Time:00:00.07 | Syncing right articulated index finger
Fra:1 Mem:52.31M (Peak 52.31M) | Time:00:00.07 | Syncing right index fingertip
Fra:1 Mem:52.32M (Peak 52.32M) | Time:00:00.07 | Syncing right articulated middle finger
Fra:1 Mem:52.33M (Peak 52.33M) | Time:00:00.07 | Syncing right middle fingertip
Fra:1 Mem:52.34M (Peak 52.34M) | Time:00:00.07 | Syncing right articulated ring finger
Fra:1 Mem:52.35M (Peak 52.35M) | Time:00:00.07 | Syncing right ring fingertip
Fra:1 Mem:52.36M (Peak 52.36M) | Time:00:00.07 | Syncing right articulated pinky finger
Fra:1 Mem:52.37M (Peak 52.37M) | Time:00:00.07 | Syncing right pinky fingertip
Fra:1 Mem:52.38M (Peak 52.38M) | Time:00:00.07 | Syncing right opposed thumb
Fra:1 Mem:52.39M (Peak 52.39M) | Time:00:00.07 | Syncing right thumb fingertip
Fra:1 Mem:52.41M (Peak 52.41M) | Time:00:00.07 | Syncing kusazuri skirt plate -1 row 1
Fra:1 Mem:52.42M (Peak 52.42M) | Time:00:00.07 | Syncing rear kusazuri skirt plate -1 row 
Fra:1 Mem:52.43M (Peak 52.43M) | Time:00:00.07 | Syncing kusazuri skirt plate -1 row 2
Fra:1 Mem:52.45M (Peak 52.45M) | Time:00:00.07 | Syncing rear kusazuri skirt plate -1 row 
Fra:1 Mem:52.46M (Peak 52.46M) | Time:00:00.07 | Syncing kusazuri skirt plate -1 row 3
Fra:1 Mem:52.48M (Peak 52.48M) | Time:00:00.07 | Syncing rear kusazuri skirt plate -1 row 
Fra:1 Mem:52.49M (Peak 52.49M) | Time:00:00.07 | Syncing kusazuri skirt plate +0 row 1
Fra:1 Mem:52.50M (Peak 52.50M) | Time:00:00.07 | Syncing rear kusazuri skirt plate +0 row 
Fra:1 Mem:52.52M (Peak 52.52M) | Time:00:00.08 | Syncing kusazuri skirt plate +0 row 2
Fra:1 Mem:52.53M (Peak 52.53M) | Time:00:00.08 | Syncing rear kusazuri skirt plate +0 row 
Fra:1 Mem:52.54M (Peak 52.54M) | Time:00:00.08 | Syncing kusazuri skirt plate +0 row 3
Fra:1 Mem:52.56M (Peak 52.56M) | Time:00:00.08 | Syncing rear kusazuri skirt plate +0 row 
Fra:1 Mem:52.57M (Peak 52.57M) | Time:00:00.08 | Syncing kusazuri skirt plate +1 row 1
Fra:1 Mem:52.59M (Peak 52.59M) | Time:00:00.08 | Syncing rear kusazuri skirt plate +1 row 
Fra:1 Mem:52.60M (Peak 52.60M) | Time:00:00.08 | Syncing kusazuri skirt plate +1 row 2
Fra:1 Mem:52.61M (Peak 52.61M) | Time:00:00.08 | Syncing rear kusazuri skirt plate +1 row 
Fra:1 Mem:52.63M (Peak 52.63M) | Time:00:00.08 | Syncing kusazuri skirt plate +1 row 3
Fra:1 Mem:52.64M (Peak 52.64M) | Time:00:00.08 | Syncing rear kusazuri skirt plate +1 row 
Fra:1 Mem:52.66M (Peak 52.66M) | Time:00:00.08 | Syncing left hanging hakama outer cloth
Fra:1 Mem:52.68M (Peak 52.68M) | Time:00:00.08 | Syncing left side hakama fold
Fra:1 Mem:52.71M (Peak 52.71M) | Time:00:00.08 | Syncing right hanging hakama outer cloth
Fra:1 Mem:52.74M (Peak 52.74M) | Time:00:00.08 | Syncing right side hakama fold
Fra:1 Mem:52.76M (Peak 52.76M) | Time:00:00.08 | Syncing left hakama trouser leg
Fra:1 Mem:52.82M (Peak 52.82M) | Time:00:00.08 | Syncing left shin greave
Fra:1 Mem:52.87M (Peak 52.87M) | Time:00:00.08 | Syncing left split-toe tabi foot volume
Fra:1 Mem:52.92M (Peak 52.92M) | Time:00:00.08 | Syncing left separated big toe
Fra:1 Mem:52.94M (Peak 52.94M) | Time:00:00.08 | Syncing left outer toe group
Fra:1 Mem:52.96M (Peak 52.96M) | Time:00:00.08 | Syncing left woven waraji sole grounded
Fra:1 Mem:52.97M (Peak 52.97M) | Time:00:00.08 | Syncing left sandal toe strap
Fra:1 Mem:52.98M (Peak 52.98M) | Time:00:00.08 | Syncing left heel strap
Fra:1 Mem:52.98M (Peak 52.98M) | Time:00:00.08 | Syncing left hakama pleat 1
Fra:1 Mem:52.99M (Peak 52.99M) | Time:00:00.08 | Syncing left hakama pleat 2
Fra:1 Mem:52.99M (Peak 52.99M) | Time:00:00.08 | Syncing left hakama pleat 3
Fra:1 Mem:53.00M (Peak 53.00M) | Time:00:00.08 | Syncing right hakama trouser leg
Fra:1 Mem:53.06M (Peak 53.06M) | Time:00:00.08 | Syncing right shin greave
Fra:1 Mem:53.11M (Peak 53.11M) | Time:00:00.08 | Syncing right split-toe tabi foot volume
Fra:1 Mem:53.16M (Peak 53.16M) | Time:00:00.08 | Syncing right separated big toe
Fra:1 Mem:53.18M (Peak 53.18M) | Time:00:00.08 | Syncing right outer toe group
Fra:1 Mem:53.20M (Peak 53.20M) | Time:00:00.08 | Syncing right woven waraji sole grounded
Fra:1 Mem:53.21M (Peak 53.21M) | Time:00:00.08 | Syncing right sandal toe strap
Fra:1 Mem:53.22M (Peak 53.22M) | Time:00:00.08 | Syncing right heel strap
Fra:1 Mem:53.22M (Peak 53.22M) | Time:00:00.08 | Syncing right hakama pleat 1
Fra:1 Mem:53.23M (Peak 53.23M) | Time:00:00.08 | Syncing right hakama pleat 2
Fra:1 Mem:53.23M (Peak 53.23M) | Time:00:00.08 | Syncing right hakama pleat 3
Fra:1 Mem:53.24M (Peak 53.24M) | Time:00:00.08 | Syncing drawn katana blade spine
Fra:1 Mem:53.25M (Peak 53.30M) | Time:00:00.08 | Syncing bright sharpened katana edge
Fra:1 Mem:53.26M (Peak 53.31M) | Time:00:00.08 | Syncing wrapped katana grip
Fra:1 Mem:53.27M (Peak 53.31M) | Time:00:00.08 | Syncing square tsuba guard
Fra:1 Mem:53.28M (Peak 53.31M) | Time:00:00.08 | Syncing lacquered saya scabbard at left h
Fra:1 Mem:53.28M (Peak 53.31M) | Time:00:00.08 | Syncing waist sash tying armor
Fra:1 Mem:53.29M (Peak 53.31M) | Time:00:00.08 | Syncing bamboo sashimono back pole
Fra:1 Mem:53.30M (Peak 53.31M) | Time:00:00.08 | Syncing small lacquered sashimono crossba
Fra:1 Mem:53.31M (Peak 53.31M) | Time:00:00.08 | Syncing cloth sashimono banner panel
Fra:1 Mem:53.33M (Peak 53.37M) | Time:00:00.08 | Syncing simple round clan mon on banner
Fra:1 Mem:53.37M (Peak 53.37M) | Time:00:00.08 | Syncing cool key
Fra:1 Mem:53.37M (Peak 53.37M) | Time:00:00.08 | Syncing rim
Fra:1 Mem:53.37M (Peak 53.37M) | Time:00:00.08 | Syncing hero cam
Fra:1 Mem:53.37M (Peak 53.37M) | Time:00:00.08 | Syncing samurai_v2_provenance
Fra:1 Mem:53.45M (Peak 53.55M) | Time:00:00.09 | Rendering 1 / 32 samples
Fra:1 Mem:50.93M (Peak 53.55M) | Time:00:02.44 | Rendering 26 / 32 samples
Fra:1 Mem:50.93M (Peak 53.55M) | Time:00:02.87 | Rendering 32 / 32 samples
Saved: '/tmp/factoryx-v23-render/samurai-repaired-full-20-v23/takeda-01/samurai_character_three_quarter.png'
 Time: 00:02.98 (Saving: 00:00.03)

ERROR (bke.modifier): ./source/blender/blenkernel/intern/modifier.cc:458 BKE_modifier_set_error: Object: "crest central rivet", Modifier: "weighted normals", Enable 'Auto Smooth' in Object Data Properties
ERROR (bke.modifier): ./source/blender/blenkernel/intern/modifier.cc:458 BKE_modifier_set_error: Object: "left narrow eye slit", Modifier: "weighted normals", Enable 'Auto Smooth' in Object Data Properties
ERROR (bke.modifier): ./source/blender/blenkernel/intern/modifier.cc:458 BKE_modifier_set_error: Object: "right narrow eye slit", Modifier: "weighted normals", Enable 'Auto Smooth' in Object Data Properties
ERROR (bke.modifier): ./source/blender/blenkernel/intern/modifier.cc:458 BKE_modifier_set_error: Object: "right side helmet flange", Modifier: "weighted normals", Enable 'Auto Smooth' in Object Data Properties
ERROR (bke.modifier): ./source/blender/blenkernel/intern/modifier.cc:458 BKE_modifier_set_error: Object: "mempo grim mouth slit", Modifier: "weighted normals", Enable 'Auto Smooth' in Object Data Properties
ERROR (bke.modifier): ./source/blender/blenkernel/intern/modifier.cc:458 BKE_modifier_set_error: Object: "right angular mempo cheek plate", Modifier: "weighted normals", Enable 'Auto Smooth' in Object Data Properties
ERROR (bke.modifier): ./source/blender/blenkernel/intern/modifier.cc:458 BKE_modifier_set_error: Object: "mempo chin guard", Modifier: "weighted normals", Enable 'Auto Smooth' in Object Data Properties
ERROR (bke.modifier): ./source/blender/blenkernel/intern/modifier.cc:458 BKE_modifier_set_error: Object: "left angular mempo cheek plate", Modifier: "weighted normals", Enable 'Auto Smooth' in Object Data Properties
ERROR (bke.modifier): ./source/blender/blenkernel/intern/modifier.cc:458 BKE_modifier_set_error: Object: "throat guard row 1 bevelled lamellar plate 02", Modifier: "weighted normals", Enable 'Auto Smooth' in Object Data Properties
ERROR (bke.modifier): ./source/blender/blenkernel/intern/modifier.cc:458 BKE_modifier_set_error: Object: "throat guard row 1 bevelled lamellar plate 03", Modifier: "weighted normals", Enable 'Auto Smooth' in Object Data Properties
ERROR (bke.modifier): ./source/blender/blenkernel/intern/modifier.cc:458 BKE_modifier_set_error: Object: "throat guard row 2 bevelled lamellar plate 01", Modifier: "weighted normals", Enable 'Auto Smooth' in Object Data Properties
ERROR (bke.modifier): ./source/blender/blenkernel/intern/modifier.cc:458 BKE_modifier_set_error: Object: "mempo nose ridge", Modifier: "weighted normals", Enable 'Auto Smooth' in Object Data Properties
ERROR (bke.modifier): ./source/blender/blenkernel/intern/modifier.cc:458 BKE_modifier_set_error: Object: "throat guard row 1 bevelled lamellar plate 04", Modifier: "weighted normals", Enable 'Auto Smooth' in Object Data Properties
ERROR (bke.modifier): ./source/blender/blenkernel/intern/modifier.cc:458 BKE_modifier_set_error: Object: "throat guard row 2 bevelled lamellar plate 04", Modifier: "weighted normals", Enable 'Auto Smooth' in Object Data Properties
ERROR (bke.modifier): ./source/blender/blenkernel/intern/modifier.cc:458 BKE_modifier_set_error: Object: "upper do cuirass fitted shell", Modifier: "weighted normals", Enable 'Auto Smooth' in Object Data Properties
ERROR (bke.modifier): ./source/blender/blenkernel/intern/modifier.cc:458 BKE_modifier_set_error: Object: "left side helmet flange", Modifier: "weighted normals", Enable 'Auto Smooth' in Object Data Properties
ERROR (bke.modifier): ./source/blender/blenkernel/intern/modifier.cc:458 BKE_modifier_set_error: Object: "throat guard row 2 bevelled lamellar plate 05", Modifier: "weighted normals", Enable 'Auto Smooth' in Object Data Properties
ERROR (bke.modifier): ./source/blender/blenkernel/intern/modifier.cc:458 BKE_modifier_set_error: Object: "lower do cuirass narrowed shell", Modifier: "weighted normals", Enable 'Auto Smooth' in Object Data Properties
ERROR (bke.modifier): ./source/blender/blenkernel/intern/modifier.cc:458 BKE_modifier_set_error: Object: "throat guard row 1 bevelled lamellar plate 05", Modifier: "weighted normals", Enable 'Auto Smooth' in Object Data Properties
ERROR (bke.modifier): ./source/blender/blenkernel/intern/modifier.cc:458 BKE_modifier_set_error: Object: "throat guard row 3 bevelled lamellar plate 04", Modifier: "weighted normals", Enable 'Auto Smooth' in Object Data Properties
ERROR (bke.modifier): ./source/blender/blenkernel/intern/modifier.cc:458 BKE_modifier_set_error: Object: "layered rear shikoro neck guard", Modifier: "weighted normals", Enable 'Auto Smooth' in Object Data Properties
ERROR (bke.modifier): ./source/blender/blenkernel/intern/modifier.cc:458 BKE_modifier_set_error: Object: "throat guard row 1 bevelled lamellar plate 01", Modifier: "weighted normals", Enable 'Auto Smooth' in Object Data Properties
ERROR (bke.modifier): ./source/blender/blenkernel/intern/modifier.cc:458 BKE_modifier_set_error: Object: "throat guard row 3 bevelled lamellar plate 03", Modifier: "weighted normals", Enable 'Auto Smooth' in Object Data Properties
ERROR (bke.modifier): ./source/blender/blenkernel/intern/modifier.cc:458 BKE_modifier_set_error: Object: "throat guard row 3 bevelled lamellar plate 02", Modifier: "weighted normals", Enable 'Auto Smooth' in Object Data Properties
ERROR (bke.modifier): ./source/blender/blenkernel/intern/modifier.cc:458 BKE_modifier_set_error: Object: "wide kabuto brim", Modifier: "weighted normals", Enable 'Auto Smooth' in Object Data Properties
ERROR (bke.modifier): ./source/blender/blenkernel/intern/modifier.cc:458 BKE_modifier_set_error: Object: "throat guard row 2 bevelled lamellar plate 02", Modifier: "weighted normals", Enable 'Auto Smooth' in Object Data Properties
ERROR (bke.modifier): ./source/blender/blenkernel/intern/modifier.cc:458 BKE_modifier_set_error: Object: "throat guard row 2 bevelled lamellar plate 03", Modifier: "weighted normals", Enable 'Auto Smooth' in Object Data Properties
ERROR (bke.modifier): ./source/blender/blenkernel/intern/modifier.cc:458 BKE_modifier_set_error: Object: "throat guard row 3 bevelled lamellar plate 01", Modifier: "weighted normals", Enable 'Auto Smooth' in Object Data Properties
ERROR (bke.modifier): ./source/blender/blenkernel/intern/modifier.cc:458 BKE_modifier_set_error: Object: "segmented kabuto helmet bowl", Modifier: "weighted normals", Enable 'Auto Smooth' in Object Data Properties
ERROR (bke.modifier): ./source/blender/blenkernel/intern/modifier.cc:458 BKE_modifier_set_error: Object: "rear under-kimono back panel", Modifier: "weighted normals", Enable 'Auto Smooth' in Object Data Properties
ERROR (bke.modifier): ./source/blender/blenkernel/intern/modifier.cc:458 BKE_modifier_set_error: Object: "front under-kimono chest panel", Modifier: "weighted normals", Enable 'Auto Smooth' in Object Data Properties
ERROR (bke.modifier): ./source/blender/blenkernel/intern/modifier.cc:458 BKE_modifier_set_error: Object: "front cuirass row 1 bevelled lamellar plate 06", Modifier: "weighted normals", Enable 'Auto Smooth' in Object Data Properties
ERROR (bke.modifier): ./source/blender/blenkernel/intern/modifier.cc:458 BKE_modifier_set_error: Object: "neck guard collar", Modifier: "weighted normals", Enable 'Auto Smooth' in Object Data Properties
ERROR (bke.modifier): ./source/blender/blenkernel/intern/modifier.cc:458 BKE_modifier_set_error: Object: "throat guard row 3 bevelled lamellar plate 05", Modifier: "weighted normals", Enable 'Auto Smooth' in Object Data Properties
ERROR (bke.modifier): ./source/blender/blenkernel/intern/modifier.cc:458 BKE_modifier_set_error: Object: "thin exposed neck", Modifier: "weighted normals", Enable 'Auto Smooth' in Object Data Properties
ERROR (bke.modifier): ./source/blender/blenkernel/intern/modifier.cc:458 BKE_modifier_set_error: Object: "visible human forehead behind mempo", Modifier: "weighted normals", Enable 'Auto Smooth' in Object Data Properties
ERROR (bke.modifier): ./source/blender/blenkernel/intern/modifier.cc:458 BKE_modifier_set_error: Object: "front cuirass row 1 bevelled lamellar plate 01", Modifier: "weighted normals", Enable 'Auto Smooth' in Object Data Properties
ERROR (bke.modifier): ./source/blender/blenkernel/intern/modifier.cc:458 BKE_modifier_set_error: Object: "front cuirass row 1 bevelled lamellar plate 02", Modifier: "weighted normals", Enable 'Auto Smooth' in Object Data Properties
ERROR (bke.modifier): ./source/blender/blenkernel/intern/modifier.cc:458 BKE_modifier_set_error: Object: "narrow waist under-kimono volume", Modifier: "weighted normals", Enable 'Auto Smooth' in Object Data Properties
ERROR (bke.modifier): ./source/blender/blenkernel/intern/modifier.cc:458 BKE_modifier_set_error: Object: "front cuirass row 1 bevelled lamellar plate 04", Modifier: "weighted normals", Enable 'Auto Smooth' in Object Data Properties
ERROR (bke.modifier): ./source/blender/blenkernel/intern/modifier.cc:458 BKE_modifier_set_error: Object: "front cuirass row 1 bevelled lamellar plate 05", Modifier: "weighted normals", Enable 'Auto Smooth' in Object Data Properties
ERROR (bke.modifier): ./source/blender/blenkernel/intern/modifier.cc:458 BKE_modifier_set_error: Object: "front cuirass row 1 bevelled lamellar plate 03", Modifier: "weighted normals", Enable 'Auto Smooth' in Object Data Properties
ERROR (bke.modifier): ./source/blender/blenkernel/intern/modifier.cc:458 BKE_modifier_set_error: Object: "front cuirass row 1 bevelled lamellar plate 08", Modifier: "weighted normals", Enable 'Auto Smooth' in Object Data Properties
ERROR (bke.modifier): ./source/blender/blenkernel/intern/modifier.cc:458 BKE_modifier_set_error: Object: "rear cuirass row 1 bevelled lamellar plate 03", Modifier: "weighted normals", Enable 'Auto Smooth' in Object Data Properties
ERROR (bke.modifier): ./source/blender/blenkernel/intern/modifier.cc:458 BKE_modifier_set_error: Object: "rear cuirass row 1 bevelled lamellar plate 07", Modifier: "weighted normals", Enable 'Auto Smooth' in Object Data Properties
ERROR (bke.modifier): ./source/blender/blenkernel/intern/modifier.cc:458 BKE_modifier_set_error: Object: "rear cuirass row 1 bevelled lamellar plate 02", Modifier: "weighted normals", Enable 'Auto Smooth' in Object Data Properties
ERROR (bke.modifier): ./source/blender/blenkernel/intern/modifier.cc:458 BKE_modifier_set_error: Object: "ribcage under-kimono volume", Modifier: "weighted normals", Enable 'Auto Smooth' in Object Data Properties
ERROR (bke.modifier): ./source/blender/blenkernel/intern/modifier.cc:458 BKE_modifier_set_error: Object: "rear cuirass row 1 bevelled lamellar plate 05", Modifier: "weighted normals", Enable 'Auto Smooth' in Object Data Properties
ERROR (bke.modifier): ./source/blender/blenkernel/intern/modifier.cc:458 BKE_modifier_set_error: Object: "front cuirass row 1 bevelled lamellar plate 07", Modifier: "weighted normals", Enable 'Auto Smooth' in Object Data Properties
ERROR (bke.modifier): ./source/blender/blenkernel/intern/modifier.cc:458 BKE_modifier_set_error: Object: "rear cuirass row 1 bevelled lamellar plate 06", Modifier: "weighted normals", Enable 'Auto Smooth' in Object Data Properties
ERROR (bke.modifier): ./source/blender/blenkernel/intern/modifier.cc:458 BKE_modifier_set_error: Object: "rear cuirass row 1 bevelled lamellar plate 04", Modifier: "weighted normals", Enable 'Auto Smooth' in Object Data Properties
ERROR (bke.modifier): ./source/blender/blenkernel/intern/modifier.cc:458 BKE_modifier_set_error: Object: "rear cuirass row 1 bevelled lamellar plate 01", Modifier: "weighted normals", Enable 'Auto Smooth' in Object Data Properties
ERROR (bke.modifier): ./source/blender/blenkernel/intern/modifier.cc:458 BKE_modifier_set_error: Object: "front cuirass row 2 bevelled lamellar plate 01", Modifier: "weighted normals", Enable 'Auto Smooth' in Object Data Properties
ERROR (bke.modifier): ./source/blender/blenkernel/intern/modifier.cc:458 BKE_modifier_set_error: Object: "rear cuirass row 1 bevelled lamellar plate 08", Modifier: "weighted normals", Enable 'Auto Smooth' in Object Data Properties
ERROR (bke.modifier): ./source/blender/blenkernel/intern/modifier.cc:458 BKE_modifier_set_error: Object: "rear cuirass row 2 bevelled lamellar plate 05", Modifier: "weighted normals", Enable 'Auto Smooth' in Object Data Properties
ERROR (bke.modifier): ./source/blender/blenkernel/intern/modifier.cc:458 BKE_modifier_set_error: Object: "rear cuirass row 2 bevelled lamellar plate 01", Modifier: "weighted normals", Enable 'Auto Smooth' in Object Data Properties
ERROR (bke.modifier): ./source/blender/blenkernel/intern/modifier.cc:458 BKE_modifier_set_error: Object: "rear cuirass row 2 bevelled lamellar plate 03", Modifier: "weighted normals", Enable 'Auto Smooth' in Object Data Properties
ERROR (bke.modifier): ./source/blender/blenkernel/intern/modifier.cc:458 BKE_modifier_set_error: Object: "front cuirass row 2 bevelled lamellar plate 03", Modifier: "weighted normals", Enable 'Auto Smooth' in Object Data Properties
ERROR (bke.modifier): ./source/blender/blenkernel/intern/modifier.cc:458 BKE_modifier_set_error: Object: "rear cuirass row 2 bevelled lamellar plate 02", Modifier: "weighted normals", Enable 'Auto Smooth' in Object Data Properties
ERROR (bke.modifier): ./source/blender/blenkernel/intern/modifier.cc:458 BKE_modifier_set_error: Object: "front cuirass row 2 bevelled lamellar plate 08", Modifier: "weighted normals", Enable 'Auto Smooth' in Object Data Properties
ERROR (bke.modifier): ./source/blender/blenkernel/intern/modifier.cc:458 BKE_modifier_set_error: Object: "front cuirass row 2 bevelled lamellar plate 02", Modifier: "weighted normals", Enable 'Auto Smooth' in Object Data Properties
ERROR (bke.modifier): ./source/blender/blenkernel/intern/modifier.cc:458 BKE_modifier_set_error: Object: "front cuirass row 2 bevelled lamellar plate 05", Modifier: "weighted normals", Enable 'Auto Smooth' in Object Data Properties
ERROR (bke.modifier): ./source/blender/blenkernel/intern/modifier.cc:458 BKE_modifier_set_error: Object: "matte charcoal inspection plinth", Modifier: "weighted normals", Enable 'Auto Smooth' in Object Data Properties
ERROR (bke.modifier): ./source/blender/blenkernel/intern/modifier.cc:458 BKE_modifier_set_error: Object: "front cuirass row 2 bevelled lamellar plate 07", Modifier: "weighted normals", Enable 'Auto Smooth' in Object Data Properties
ERROR (bke.modifier): ./source/blender/blenkernel/intern/modifier.cc:458 BKE_modifier_set_error: Object: "front cuirass row 2 bevelled lamellar plate 04", Modifier: "weighted normals", Enable 'Auto Smooth' in Object Data Properties
ERROR (bke.modifier): ./source/blender/blenkernel/intern/modifier.cc:458 BKE_modifier_set_error: Object: "simple round clan mon on banner", Modifier: "weighted normals", Enable 'Auto Smooth' in Object Data Properties
ERROR (bke.modifier): ./source/blender/blenkernel/intern/modifier.cc:458 BKE_modifier_set_error: Object: "front cuirass row 2 bevelled lamellar plate 06", Modifier: "weighted normals", Enable 'Auto Smooth' in Object Data Properties
ERROR (bke.modifier): ./source/blender/blenkernel/intern/modifier.cc:458 BKE_modifier_set_error: Object: "rear cuirass row 2 bevelled lamellar plate 07", Modifier: "weighted normals", Enable 'Auto Smooth' in Object Data Properties
ERROR (bke.modifier): ./source/blender/blenkernel/intern/modifier.cc:458 BKE_modifier_set_error: Object: "rear cuirass row 2 bevelled lamellar plate 04", Modifier: "weighted normals", Enable 'Auto Smooth' in Object Data Properties
ERROR (bke.modifier): ./source/blender/blenkernel/intern/modifier.cc:458 BKE_modifier_set_error: Object: "rear cuirass row 2 bevelled lamellar plate 06", Modifier: "weighted normals", Enable 'Auto Smooth' in Object Data Properties
ERROR (bke.modifier): ./source/blender/blenkernel/intern/modifier.cc:458 BKE_modifier_set_error: Object: "front cuirass row 3 bevelled lamellar plate 04", Modifier: "weighted normals", Enable 'Auto Smooth' in Object Data Properties
ERROR (bke.modifier): ./source/blender/blenkernel/intern/modifier.cc:458 BKE_modifier_set_error: Object: "rear cuirass row 2 bevelled lamellar plate 08", Modifier: "weighted normals", Enable 'Auto Smooth' in Object Data Properties
ERROR (bke.modifier): ./source/blender/blenkernel/intern/modifier.cc:458 BKE_modifier_set_error: Object: "front cuirass row 3 bevelled lamellar plate 01", Modifier: "weighted normals", Enable 'Auto Smooth' in Object Data Properties
ERROR (bke.modifier): ./source/blender/blenkernel/intern/modifier.cc:458 BKE_modifier_set_error: Object: "front cuirass row 3 bevelled lamellar plate 03", Modifier: "weighted normals", Enable 'Auto Smooth' in Object Data Properties
ERROR (bke.modifier): ./source/blender/blenkernel/intern/modifier.cc:458 BKE_modifier_set_error: Object: "front cuirass row 3 bevelled lamellar plate 05", Modifier: "weighted normals", Enable 'Auto Smooth' in Object Data Properties
ERROR (bke.modifier): ./source/blender/blenkernel/intern/modifier.cc:458 BKE_modifier_set_error: Object: "rear cuirass row 3 bevelled lamellar plate 04", Modifier: "weighted normals", Enable 'Auto Smooth' in Object Data Properties
ERROR (bke.modifier): ./source/blender/blenkernel/intern/modifier.cc:458 BKE_modifier_set_error: Object: "front cuirass row 3 bevelled lamellar plate 02", Modifier: "weighted normals", Enable 'Auto Smooth' in Object Data Properties
ERROR (bke.modifier): ./source/blender/blenkernel/intern/modifier.cc:458 BKE_modifier_set_error: Object: "rear cuirass row 3 bevelled lamellar plate 01", Modifier: "weighted normals", Enable 'Auto Smooth' in Object Data Properties
ERROR (bke.modifier): ./source/blender/blenkernel/intern/modifier.cc:458 BKE_modifier_set_error: Object: "front cuirass row 3 bevelled lamellar plate 06", Modifier: "weighted normals", Enable 'Auto Smooth' in Object Data Properties
ERROR (bke.modifier): ./source/blender/blenkernel/intern/modifier.cc:458 BKE_modifier_set_error: Object: "front cuirass row 3 bevelled lamellar plate 08", Modifier: "weighted normals", Enable 'Auto Smooth' in Object Data Properties
ERROR (bke.modifier): ./source/blender/blenkernel/intern/modifier.cc:458 BKE_modifier_set_error: Object: "front cuirass row 3 bevelled lamellar plate 07", Modifier: "weighted normals", Enable 'Auto Smooth' in Object Data Properties
ERROR (bke.modifier): ./source/blender/blenkernel/intern/modifier.cc:458 BKE_modifier_set_error: Object: "cloth sashimono banner panel", Modifier: "weighted normals", Enable 'Auto Smooth' in Object Data Properties
ERROR (bke.modifier): ./source/blender/blenkernel/intern/modifier.cc:458 BKE_modifier_set_error: Object: "rear cuirass row 3 bevelled lamellar plate 07", Modifier: "weighted normals", Enable 'Auto Smooth' in Object Data Properties
ERROR (bke.modifier): ./source/blender/blenkernel/intern/modifier.cc:458 BKE_modifier_set_error: Object: "rear cuirass row 3 bevelled lamellar plate 03", Modifier: "weighted normals", Enable 'Auto Smooth' in Object Data Properties
ERROR (bke.modifier): ./source/blender/blenkernel/intern/modifier.cc:458 BKE_modifier_set_error: Object: "rear cuirass row 3 bevelled lamellar plate 02", Modifier: "weighted normals", Enable 'Auto Smooth' in Object Data Properties
ERROR (bke.modifier): ./source/blender/blenkernel/intern/modifier.cc:458 BKE_modifier_set_error: Object: "rear cuirass row 3 bevelled lamellar plate 06", Modifier: "weighted normals", Enable 'Auto Smooth' in Object Data Properties
ERROR (bke.modifier): ./source/blender/blenkernel/intern/modifier.cc:458 BKE_modifier_set_error: Object: "rear cuirass row 3 bevelled lamellar plate 05", Modifier: "weighted normals", Enable 'Auto Smooth' in Object Data Properties
ERROR (bke.modifier): ./source/blender/blenkernel/intern/modifier.cc:458 BKE_modifier_set_error: Object: "front cuirass row 4 bevelled lamellar plate 05", Modifier: "weighted normals", Enable 'Auto Smooth' in Object Data Properties
ERROR (bke.modifier): ./source/blender/blenkernel/intern/modifier.cc:458 BKE_modifier_set_error: Object: "rear cuirass row 3 bevelled lamellar plate 08", Modifier: "weighted normals", Enable 'Auto Smooth' in Object Data Properties
ERROR (bke.modifier): ./source/blender/blenkernel/intern/modifier.cc:458 BKE_modifier_set_error: Object: "front cuirass row 4 bevelled lamellar plate 01", Modifier: "weighted normals", Enable 'Auto Smooth' in Object Data Properties
ERROR (bke.modifier): ./source/blender/blenkernel/intern/modifier.cc:458 BKE_modifier_set_error: Object: "front cuirass row 4 bevelled lamellar plate 02", Modifier: "weighted normals", Enable 'Auto Smooth' in Object Data Properties
ERROR (bke.modifier): ./source/blender/blenkernel/intern/modifier.cc:458 BKE_modifier_set_error: Object: "front cuirass row 4 bevelled lamellar plate 03", Modifier: "weighted normals", Enable 'Auto Smooth' in Object Data Properties
ERROR (bke.modifier): ./source/blender/blenkernel/intern/modifier.cc:458 BKE_modifier_set_error: Object: "rear cuirass row 4 bevelled lamellar plate 02", Modifier: "weighted normals", Enable 'Auto Smooth' in Object Data Properties
ERROR (bke.modifier): ./source/blender/blenkernel/intern/modifier.cc:458 BKE_modifier_set_error: Object: "front cuirass row 4 bevelled lamellar plate 06", Modifier: "weighted normals", Enable 'Auto Smooth' in Object Data Properties
ERROR (bke.modifier): ./source/blender/blenkernel/intern/modifier.cc:458 BKE_modifier_set_error: Object: "small lacquered sashimono crossbar", Modifier: "weighted normals", Enable 'Auto Smooth' in Object Data Properties
ERROR (bke.modifier): ./source/blender/blenkernel/intern/modifier.cc:458 BKE_modifier_set_error: Object: "rear cuirass row 4 bevelled lamellar plate 07", Modifier: "weighted normals", Enable 'Auto Smooth' in Object Data Properties
ERROR (bke.modifier): ./source/blender/blenkernel/intern/modifier.cc:458 BKE_modifier_set_error: Object: "front cuirass row 4 bevelled lamellar plate 04", Modifier: "weighted normals", Enable 'Auto Smooth' in Object Data Properties
ERROR (bke.modifier): ./source/blender/blenkernel/intern/modifier.cc:458 BKE_modifier_set_error: Object: "front cuirass row 4 bevelled lamellar plate 07", Modifier: "weighted normals", Enable 'Auto Smooth' in Object Data Properties
ERROR (bke.modifier): ./source/blender/blenkernel/intern/modifier.cc:458 BKE_modifier_set_error: Object: "front cuirass row 4 bevelled lamellar plate 08", Modifier: "weighted normals", Enable 'Auto Smooth' in Object Data Properties
ERROR (bke.modifier): ./source/blender/blenkernel/intern/modifier.cc:458 BKE_modifier_set_error: Object: "rear cuirass row 4 bevelled lamellar plate 01", Modifier: "weighted normals", Enable 'Auto Smooth' in Object Data Properties
ERROR (bke.modifier): ./source/blender/blenkernel/intern/modifier.cc:458 BKE_modifier_set_error: Object: "rear cuirass row 4 bevelled lamellar plate 05", Modifier: "weighted normals", Enable 'Auto Smooth' in Object Data Properties
ERROR (bke.modifier): ./source/blender/blenkernel/intern/modifier.cc:458 BKE_modifier_set_error: Object: "rear cuirass row 4 bevelled lamellar plate 04", Modifier: "weighted normals", Enable 'Auto Smooth' in Object Data Properties
ERROR (bke.modifier): ./source/blender/blenkernel/intern/modifier.cc:458 BKE_modifier_set_error: Object: "rear cuirass row 4 bevelled lamellar plate 06", Modifier: "weighted normals", Enable 'Auto Smooth' in Object Data Properties
ERROR (bke.modifier): ./source/blender/blenkernel/intern/modifier.cc:458 BKE_modifier_set_error: Object: "rear cuirass row 4 bevelled lamellar plate 03", Modifier: "weighted normals", Enable 'Auto Smooth' in Object Data Properties
ERROR (bke.modifier): ./source/blender/blenkernel/intern/modifier.cc:458 BKE_modifier_set_error: Object: "rear cuirass row 4 bevelled lamellar plate 08", Modifier: "weighted normals", Enable 'Auto Smooth' in Object Data Properties
ERROR (bke.modifier): ./source/blender/blenkernel/intern/modifier.cc:458 BKE_modifier_set_error: Object: "front cuirass row 5 bevelled lamellar plate 06", Modifier: "weighted normals", Enable 'Auto Smooth' in Object Data Properties
ERROR (bke.modifier): ./source/blender/blenkernel/intern/modifier.cc:458 BKE_modifier_set_error: Object: "square tsuba guard", Modifier: "weighted normals", Enable 'Auto Smooth' in Object Data Properties
ERROR (bke.modifier): ./source/blender/blenkernel/intern/modifier.cc:458 BKE_modifier_set_error: Object: "front cuirass row 5 bevelled lamellar plate 04", Modifier: "weighted normals", Enable 'Auto Smooth' in Object Data Properties
ERROR (bke.modifier): ./source/blender/blenkernel/intern/modifier.cc:458 BKE_modifier_set_error: Object: "front cuirass row 5 bevelled lamellar plate 01", Modifier: "weighted normals", Enable 'Auto Smooth' in Object Data Properties
ERROR (bke.modifier): ./source/blender/blenkernel/intern/modifier.cc:458 BKE_modifier_set_error: Object: "front cuirass row 5 bevelled lamellar plate 02", Modifier: "weighted normals", Enable 'Auto Smooth' in Object Data Properties
ERROR (bke.modifier): ./source/blender/blenkernel/intern/modifier.cc:458 BKE_modifier_set_error: Object: "front cuirass row 5 bevelled lamellar plate 05", Modifier: "weighted normals", Enable 'Auto Smooth' in Object Data Properties
ERROR (bke.modifier): ./source/blender/blenkernel/intern/modifier.cc:458 BKE_modifier_set_error: Object: "wrapped katana grip", Modifier: "weighted normals", Enable 'Auto Smooth' in Object Data Properties
ERROR (bke.modifier): ./source/blender/blenkernel/intern/modifier.cc:458 BKE_modifier_set_error: Object: "front cuirass row 5 bevelled lamellar plate 03", Modifier: "weighted normals", Enable 'Auto Smooth' in Object Data Properties
ERROR (bke.modifier): ./source/blender/blenkernel/intern/modifier.cc:458 BKE_modifier_set_error: Object: "front cuirass row 5 bevelled lamellar plate 07", Modifier: "weighted normals", Enable 'Auto Smooth' in Object Data Properties
ERROR (bke.modifier): ./source/blender/blenkernel/intern/modifier.cc:458 BKE_modifier_set_error: Object: "front cuirass row 5 bevelled lamellar plate 08", Modifier: "weighted normals", Enable 'Auto Smooth' in Object Data Properties
ERROR (bke.modifier): ./source/blender/blenkernel/intern/modifier.cc:458 BKE_modifier_set_error: Object: "rear cuirass row 5 bevelled lamellar plate 08", Modifier: "weighted normals", Enable 'Auto Smooth' in Object Data Properties
ERROR (bke.modifier): ./source/blender/blenkernel/intern/modifier.cc:458 BKE_modifier_set_error: Object: "rear cuirass row 5 bevelled lamellar plate 01", Modifier: "weighted normals", Enable 'Auto Smooth' in Object Data Properties
ERROR (bke.modifier): ./source/blender/blenkernel/intern/modifier.cc:458 BKE_modifier_set_error: Object: "rear cuirass row 5 bevelled lamellar plate 04", Modifier: "weighted normals", Enable 'Auto Smooth' in Object Data Properties
ERROR (bke.modifier): ./source/blender/blenkernel/intern/modifier.cc:458 BKE_modifier_set_error: Object: "rear cuirass row 5 bevelled lamellar plate 02", Modifier: "weighted normals", Enable 'Auto Smooth' in Object Data Properties
ERROR (bke.modifier): ./source/blender/blenkernel/intern/modifier.cc:458 BKE_modifier_set_error: Object: "rear cuirass row 5 bevelled lamellar plate 06", Modifier: "weighted normals", Enable 'Auto Smooth' in Object Data Properties
ERROR (bke.modifier): ./source/blender/blenkernel/intern/modifier.cc:458 BKE_modifier_set_error: Object: "rear cuirass row 5 bevelled lamellar plate 03", Modifier: "weighted normals", Enable 'Auto Smooth' in Object Data Properties
ERROR (bke.modifier): ./source/blender/blenkernel/intern/modifier.cc:458 BKE_modifier_set_error: Object: "left shoulder undercloth", Modifier: "weighted normals", Enable 'Auto Smooth' in Object Data Properties
ERROR (bke.modifier): ./source/blender/blenkernel/intern/modifier.cc:458 BKE_modifier_set_error: Object: "rear cuirass row 5 bevelled lamellar plate 07", Modifier: "weighted normals", Enable 'Auto Smooth' in Object Data Properties
ERROR (bke.modifier): ./source/blender/blenkernel/intern/modifier.cc:458 BKE_modifier_set_error: Object: "rear cuirass row 5 bevelled lamellar plate 05", Modifier: "weighted normals", Enable 'Auto Smooth' in Object Data Properties
ERROR (bke.modifier): ./source/blender/blenkernel/intern/modifier.cc:458 BKE_modifier_set_error: Object: "left side cuirass plate 3", Modifier: "weighted normals", Enable 'Auto Smooth' in Object Data Properties
ERROR (bke.modifier): ./source/blender/blenkernel/intern/modifier.cc:458 BKE_modifier_set_error: Object: "left sode shoulder armor", Modifier: "weighted normals", Enable 'Auto Smooth' in Object Data Properties
ERROR (bke.modifier): ./source/blender/blenkernel/intern/modifier.cc:458 BKE_modifier_set_error: Object: "left armored upper arm", Modifier: "weighted normals", Enable 'Auto Smooth' in Object Data Properties
ERROR (bke.modifier): ./source/blender/blenkernel/intern/modifier.cc:458 BKE_modifier_set_error: Object: "left kote forearm guard", Modifier: "weighted normals", Enable 'Auto Smooth' in Object Data Properties
ERROR (bke.modifier): ./source/blender/blenkernel/intern/modifier.cc:458 BKE_modifier_set_error: Object: "left index fingertip", Modifier: "weighted normals", Enable 'Auto Smooth' in Object Data Properties
ERROR (bke.modifier): ./source/blender/blenkernel/intern/modifier.cc:458 BKE_modifier_set_error: Object: "left leather palm volume", Modifier: "weighted normals", Enable 'Auto Smooth' in Object Data Properties
ERROR (bke.modifier): ./source/blender/blenkernel/intern/modifier.cc:458 BKE_modifier_set_error: Object: "left middle fingertip", Modifier: "weighted normals", Enable 'Auto Smooth' in Object Data Properties
ERROR (bke.modifier): ./source/blender/blenkernel/intern/modifier.cc:458 BKE_modifier_set_error: Object: "left ring fingertip", Modifier: "weighted normals", Enable 'Auto Smooth' in Object Data Properties
ERROR (bke.modifier): ./source/blender/blenkernel/intern/modifier.cc:458 BKE_modifier_set_error: Object: "left pinky fingertip", Modifier: "weighted normals", Enable 'Auto Smooth' in Object Data Properties
ERROR (bke.modifier): ./source/blender/blenkernel/intern/modifier.cc:458 BKE_modifier_set_error: Object: "left thumb fingertip", Modifier: "weighted normals", Enable 'Auto Smooth' in Object Data Properties
ERROR (bke.modifier): ./source/blender/blenkernel/intern/modifier.cc:458 BKE_modifier_set_error: Object: "right shoulder undercloth", Modifier: "weighted normals", Enable 'Auto Smooth' in Object Data Properties
ERROR (bke.modifier): ./source/blender/blenkernel/intern/modifier.cc:458 BKE_modifier_set_error: Object: "left side cuirass plate 2", Modifier: "weighted normals", Enable 'Auto Smooth' in Object Data Properties
ERROR (bke.modifier): ./source/blender/blenkernel/intern/modifier.cc:458 BKE_modifier_set_error: Object: "left side cuirass plate 1", Modifier: "weighted normals", Enable 'Auto Smooth' in Object Data Properties
ERROR (bke.modifier): ./source/blender/blenkernel/intern/modifier.cc:458 BKE_modifier_set_error: Object: "right side cuirass plate 3", Modifier: "weighted normals", Enable 'Auto Smooth' in Object Data Properties
ERROR (bke.modifier): ./source/blender/blenkernel/intern/modifier.cc:458 BKE_modifier_set_error: Object: "right armored upper arm", Modifier: "weighted normals", Enable 'Auto Smooth' in Object Data Properties
ERROR (bke.modifier): ./source/blender/blenkernel/intern/modifier.cc:458 BKE_modifier_set_error: Object: "right side cuirass plate 1", Modifier: "weighted normals", Enable 'Auto Smooth' in Object Data Properties
ERROR (bke.modifier): ./source/blender/blenkernel/intern/modifier.cc:458 BKE_modifier_set_error: Object: "right side cuirass plate 2", Modifier: "weighted normals", Enable 'Auto Smooth' in Object Data Properties
ERROR (bke.modifier): ./source/blender/blenkernel/intern/modifier.cc:458 BKE_modifier_set_error: Object: "right sode shoulder armor", Modifier: "weighted normals", Enable 'Auto Smooth' in Object Data Properties
ERROR (bke.modifier): ./source/blender/blenkernel/intern/modifier.cc:458 BKE_modifier_set_error: Object: "right kote forearm guard", Modifier: "weighted normals", Enable 'Auto Smooth' in Object Data Properties
ERROR (bke.modifier): ./source/blender/blenkernel/intern/modifier.cc:458 BKE_modifier_set_error: Object: "right leather palm volume", Modifier: "weighted normals", Enable 'Auto Smooth' in Object Data Properties
ERROR (bke.modifier): ./source/blender/blenkernel/intern/modifier.cc:458 BKE_modifier_set_error: Object: "right index fingertip", Modifier: "weighted normals", Enable 'Auto Smooth' in Object Data Properties
ERROR (bke.modifier): ./source/blender/blenkernel/intern/modifier.cc:458 BKE_modifier_set_error: Object: "right middle fingertip", Modifier: "weighted normals", Enable 'Auto Smooth' in Object Data Properties
ERROR (bke.modifier): ./source/blender/blenkernel/intern/modifier.cc:458 BKE_modifier_set_error: Object: "left hanging sode shoulder plate 1", Modifier: "weighted normals", Enable 'Auto Smooth' in Object Data Properties
ERROR (bke.modifier): ./source/blender/blenkernel/intern/modifier.cc:458 BKE_modifier_set_error: Object: "left hanging sode shoulder plate 2", Modifier: "weighted normals", Enable 'Auto Smooth' in Object Data Properties
ERROR (bke.modifier): ./source/blender/blenkernel/intern/modifier.cc:458 BKE_modifier_set_error: Object: "right thumb fingertip", Modifier: "weighted normals", Enable 'Auto Smooth' in Object Data Properties
ERROR (bke.modifier): ./source/blender/blenkernel/intern/modifier.cc:458 BKE_modifier_set_error: Object: "left hanging sode shoulder plate 4", Modifier: "weighted normals", Enable 'Auto Smooth' in Object Data Properties
ERROR (bke.modifier): ./source/blender/blenkernel/intern/modifier.cc:458 BKE_modifier_set_error: Object: "right pinky fingertip", Modifier: "weighted normals", Enable 'Auto Smooth' in Object Data Properties
ERROR (bke.modifier): ./source/blender/blenkernel/intern/modifier.cc:458 BKE_modifier_set_error: Object: "left hanging sode shoulder plate 3", Modifier: "weighted normals", Enable 'Auto Smooth' in Object Data Properties
ERROR (bke.modifier): ./source/blender/blenkernel/intern/modifier.cc:458 BKE_modifier_set_error: Object: "right woven waraji sole grounded", Modifier: "weighted normals", Enable 'Auto Smooth' in Object Data Properties
ERROR (bke.modifier): ./source/blender/blenkernel/intern/modifier.cc:458 BKE_modifier_set_error: Object: "right ring fingertip", Modifier: "weighted normals", Enable 'Auto Smooth' in Object Data Properties
ERROR (bke.modifier): ./source/blender/blenkernel/intern/modifier.cc:458 BKE_modifier_set_error: Object: "right hanging sode shoulder plate 1", Modifier: "weighted normals", Enable 'Auto Smooth' in Object Data Properties
ERROR (bke.modifier): ./source/blender/blenkernel/intern/modifier.cc:458 BKE_modifier_set_error: Object: "right outer toe group", Modifier: "weighted normals", Enable 'Auto Smooth' in Object Data Properties
ERROR (bke.modifier): ./source/blender/blenkernel/intern/modifier.cc:458 BKE_modifier_set_error: Object: "kusazuri skirt plate -1 row 1", Modifier: "weighted normals", Enable 'Auto Smooth' in Object Data Properties
ERROR (bke.modifier): ./source/blender/blenkernel/intern/modifier.cc:458 BKE_modifier_set_error: Object: "right separated big toe", Modifier: "weighted normals", Enable 'Auto Smooth' in Object Data Properties
ERROR (bke.modifier): ./source/blender/blenkernel/intern/modifier.cc:458 BKE_modifier_set_error: Object: "right hanging sode shoulder plate 3", Modifier: "weighted normals", Enable 'Auto Smooth' in Object Data Properties
ERROR (bke.modifier): ./source/blender/blenkernel/intern/modifier.cc:458 BKE_modifier_set_error: Object: "rear kusazuri skirt plate -1 row 1", Modifier: "weighted normals", Enable 'Auto Smooth' in Object Data Properties
ERROR (bke.modifier): ./source/blender/blenkernel/intern/modifier.cc:458 BKE_modifier_set_error: Object: "right hanging sode shoulder plate 2", Modifier: "weighted normals", Enable 'Auto Smooth' in Object Data Properties
ERROR (bke.modifier): ./source/blender/blenkernel/intern/modifier.cc:458 BKE_modifier_set_error: Object: "right split-toe tabi foot volume", Modifier: "weighted normals", Enable 'Auto Smooth' in Object Data Properties
ERROR (bke.modifier): ./source/blender/blenkernel/intern/modifier.cc:458 BKE_modifier_set_error: Object: "right hanging sode shoulder plate 4", Modifier: "weighted normals", Enable 'Auto Smooth' in Object Data Properties
ERROR (bke.modifier): ./source/blender/blenkernel/intern/modifier.cc:458 BKE_modifier_set_error: Object: "rear kusazuri skirt plate -1 row 3", Modifier: "weighted normals", Enable 'Auto Smooth' in Object Data Properties
ERROR (bke.modifier): ./source/blender/blenkernel/intern/modifier.cc:458 BKE_modifier_set_error: Object: "rear kusazuri skirt plate -1 row 2", Modifier: "weighted normals", Enable 'Auto Smooth' in Object Data Properties
ERROR (bke.modifier): ./source/blender/blenkernel/intern/modifier.cc:458 BKE_modifier_set_error: Object: "rear kusazuri skirt plate +0 row 3", Modifier: "weighted normals", Enable 'Auto Smooth' in Object Data Properties
ERROR (bke.modifier): ./source/blender/blenkernel/intern/modifier.cc:458 BKE_modifier_set_error: Object: "kusazuri skirt plate -1 row 3", Modifier: "weighted normals", Enable 'Auto Smooth' in Object Data Properties
ERROR (bke.modifier): ./source/blender/blenkernel/intern/modifier.cc:458 BKE_modifier_set_error: Object: "right shin greave", Modifier: "weighted normals", Enable 'Auto Smooth' in Object Data Properties
ERROR (bke.modifier): ./source/blender/blenkernel/intern/modifier.cc:458 BKE_modifier_set_error: Object: "kusazuri skirt plate -1 row 2", Modifier: "weighted normals", Enable 'Auto Smooth' in Object Data Properties
ERROR (bke.modifier): ./source/blender/blenkernel/intern/modifier.cc:458 BKE_modifier_set_error: Object: "kusazuri skirt plate +0 row 1", Modifier: "weighted normals", Enable 'Auto Smooth' in Object Data Properties
ERROR (bke.modifier): ./source/blender/blenkernel/intern/modifier.cc:458 BKE_modifier_set_error: Object: "right hakama trouser leg", Modifier: "weighted normals", Enable 'Auto Smooth' in Object Data Properties
ERROR (bke.modifier): ./source/blender/blenkernel/intern/modifier.cc:458 BKE_modifier_set_error: Object: "rear kusazuri skirt plate +0 row 1", Modifier: "weighted normals", Enable 'Auto Smooth' in Object Data Properties
ERROR (bke.modifier): ./source/blender/blenkernel/intern/modifier.cc:458 BKE_modifier_set_error: Object: "rear kusazuri skirt plate +0 row 2", Modifier: "weighted normals", Enable 'Auto Smooth' in Object Data Properties
ERROR (bke.modifier): ./source/blender/blenkernel/intern/modifier.cc:458 BKE_modifier_set_error: Object: "kusazuri skirt plate +0 row 2", Modifier: "weighted normals", Enable 'Auto Smooth' in Object Data Properties
ERROR (bke.modifier): ./source/blender/blenkernel/intern/modifier.cc:458 BKE_modifier_set_error: Object: "kusazuri skirt plate +0 row 3", Modifier: "weighted normals", Enable 'Auto Smooth' in Object Data Properties
ERROR (bke.modifier): ./source/blender/blenkernel/intern/modifier.cc:458 BKE_modifier_set_error: Object: "left hakama trouser leg", Modifier: "weighted normals", Enable 'Auto Smooth' in Object Data Properties
ERROR (bke.modifier): ./source/blender/blenkernel/intern/modifier.cc:458 BKE_modifier_set_error: Object: "left shin greave", Modifier: "weighted normals", Enable 'Auto Smooth' in Object Data Properties
ERROR (bke.modifier): ./source/blender/blenkernel/intern/modifier.cc:458 BKE_modifier_set_error: Object: "left separated big toe", Modifier: "weighted normals", Enable 'Auto Smooth' in Object Data Properties
ERROR (bke.modifier): ./source/blender/blenkernel/intern/modifier.cc:458 BKE_modifier_set_error: Object: "left split-toe tabi foot volume", Modifier: "weighted normals", Enable 'Auto Smooth' in Object Data Properties
ERROR (bke.modifier): ./source/blender/blenkernel/intern/modifier.cc:458 BKE_modifier_set_error: Object: "left outer toe group", Modifier: "weighted normals", Enable 'Auto Smooth' in Object Data Properties
ERROR (bke.modifier): ./source/blender/blenkernel/intern/modifier.cc:458 BKE_modifier_set_error: Object: "rear kusazuri skirt plate +1 row 1", Modifier: "weighted normals", Enable 'Auto Smooth' in Object Data Properties
ERROR (bke.modifier): ./source/blender/blenkernel/intern/modifier.cc:458 BKE_modifier_set_error: Object: "kusazuri skirt plate +1 row 1", Modifier: "weighted normals", Enable 'Auto Smooth' in Object Data Properties
ERROR (bke.modifier): ./source/blender/blenkernel/intern/modifier.cc:458 BKE_modifier_set_error: Object: "left side hakama fold", Modifier: "weighted normals", Enable 'Auto Smooth' in Object Data Properties
ERROR (bke.modifier): ./source/blender/blenkernel/intern/modifier.cc:458 BKE_modifier_set_error: Object: "rear kusazuri skirt plate +1 row 2", Modifier: "weighted normals", Enable 'Auto Smooth' in Object Data Properties
ERROR (bke.modifier): ./source/blender/blenkernel/intern/modifier.cc:458 BKE_modifier_set_error: Object: "kusazuri skirt plate +1 row 2", Modifier: "weighted normals", Enable 'Auto Smooth' in Object Data Properties
ERROR (bke.modifier): ./source/blender/blenkernel/intern/modifier.cc:458 BKE_modifier_set_error: Object: "kusazuri skirt plate +1 row 3", Modifier: "weighted normals", Enable 'Auto Smooth' in Object Data Properties
ERROR (bke.modifier): ./source/blender/blenkernel/intern/modifier.cc:458 BKE_modifier_set_error: Object: "rear kusazuri skirt plate +1 row 3", Modifier: "weighted normals", Enable 'Auto Smooth' in Object Data Properties
ERROR (bke.modifier): ./source/blender/blenkernel/intern/modifier.cc:458 BKE_modifier_set_error: Object: "left hanging hakama outer cloth", Modifier: "weighted normals", Enable 'Auto Smooth' in Object Data Properties
ERROR (bke.modifier): ./source/blender/blenkernel/intern/modifier.cc:458 BKE_modifier_set_error: Object: "left woven waraji sole grounded", Modifier: "weighted normals", Enable 'Auto Smooth' in Object Data Properties
ERROR (bke.modifier): ./source/blender/blenkernel/intern/modifier.cc:458 BKE_modifier_set_error: Object: "right hanging hakama outer cloth", Modifier: "weighted normals", Enable 'Auto Smooth' in Object Data Properties
ERROR (bke.modifier): ./source/blender/blenkernel/intern/modifier.cc:458 BKE_modifier_set_error: Object: "right side hakama fold", Modifier: "weighted normals", Enable 'Auto Smooth' in Object Data Properties
Fra:1 Mem:48.61M (Peak 48.63M) | Time:00:00.05 | Syncing matte charcoal inspection plinth
Fra:1 Mem:48.62M (Peak 48.67M) | Time:00:00.05 | Syncing ribcage under-kimono volume
Fra:1 Mem:48.71M (Peak 48.71M) | Time:00:00.05 | Syncing narrow waist under-kimono volume
Fra:1 Mem:48.78M (Peak 48.78M) | Time:00:00.05 | Syncing visible human forehead behind mem
Fra:1 Mem:48.87M (Peak 48.87M) | Time:00:00.05 | Syncing thin exposed neck
Fra:1 Mem:48.88M (Peak 48.89M) | Time:00:00.05 | Syncing neck guard collar
Fra:1 Mem:48.90M (Peak 48.94M) | Time:00:00.05 | Syncing segmented kabuto helmet bowl
Fra:1 Mem:49.06M (Peak 49.07M) | Time:00:00.05 | Syncing wide kabuto brim
Fra:1 Mem:49.09M (Peak 49.09M) | Time:00:00.05 | Syncing layered rear shikoro neck guard
Fra:1 Mem:49.11M (Peak 49.11M) | Time:00:00.05 | Syncing left side helmet flange
Fra:1 Mem:49.12M (Peak 49.12M) | Time:00:00.05 | Syncing right side helmet flange
Fra:1 Mem:49.13M (Peak 49.13M) | Time:00:00.05 | Syncing golden maedate crescent crest
Fra:1 Mem:49.15M (Peak 49.20M) | Time:00:00.05 | Syncing crest central rivet
Fra:1 Mem:49.16M (Peak 49.20M) | Time:00:00.05 | Syncing left angular mempo cheek plate
Fra:1 Mem:49.18M (Peak 49.22M) | Time:00:00.05 | Syncing right angular mempo cheek plate
Fra:1 Mem:49.20M (Peak 49.22M) | Time:00:00.05 | Syncing mempo chin guard
Fra:1 Mem:49.22M (Peak 49.22M) | Time:00:00.05 | Syncing mempo nose ridge
Fra:1 Mem:49.23M (Peak 49.23M) | Time:00:00.05 | Syncing left narrow eye slit
Fra:1 Mem:49.25M (Peak 49.25M) | Time:00:00.05 | Syncing right narrow eye slit
Fra:1 Mem:49.26M (Peak 49.26M) | Time:00:00.05 | Syncing mempo grim mouth slit
Fra:1 Mem:49.27M (Peak 49.27M) | Time:00:00.05 | Syncing left mask moustache bristle
Fra:1 Mem:49.28M (Peak 49.28M) | Time:00:00.05 | Syncing right mask moustache bristle
Fra:1 Mem:49.29M (Peak 49.29M) | Time:00:00.05 | Syncing throat guard row 1 bevelled lamel
Fra:1 Mem:49.31M (Peak 49.31M) | Time:00:00.05 | Syncing throat guard row 1 bevelled lamel
Fra:1 Mem:49.33M (Peak 49.33M) | Time:00:00.05 | Syncing throat guard row 1 bevelled lamel
Fra:1 Mem:49.34M (Peak 49.34M) | Time:00:00.05 | Syncing throat guard row 1 bevelled lamel
Fra:1 Mem:49.36M (Peak 49.36M) | Time:00:00.05 | Syncing throat guard row 1 bevelled lamel
Fra:1 Mem:49.38M (Peak 49.38M) | Time:00:00.05 | Syncing throat guard row 2 bevelled lamel
Fra:1 Mem:49.40M (Peak 49.40M) | Time:00:00.05 | Syncing throat guard row 2 bevelled lamel
Fra:1 Mem:49.42M (Peak 49.42M) | Time:00:00.05 | Syncing throat guard row 2 bevelled lamel
Fra:1 Mem:49.44M (Peak 49.44M) | Time:00:00.05 | Syncing throat guard row 2 bevelled lamel
Fra:1 Mem:49.46M (Peak 49.46M) | Time:00:00.05 | Syncing throat guard row 2 bevelled lamel
Fra:1 Mem:49.48M (Peak 49.48M) | Time:00:00.05 | Syncing throat guard row 3 bevelled lamel
Fra:1 Mem:49.50M (Peak 49.50M) | Time:00:00.05 | Syncing throat guard row 3 bevelled lamel
Fra:1 Mem:49.52M (Peak 49.52M) | Time:00:00.05 | Syncing throat guard row 3 bevelled lamel
Fra:1 Mem:49.54M (Peak 49.54M) | Time:00:00.05 | Syncing throat guard row 3 bevelled lamel
Fra:1 Mem:49.56M (Peak 49.56M) | Time:00:00.05 | Syncing throat guard row 3 bevelled lamel
Fra:1 Mem:49.58M (Peak 49.58M) | Time:00:00.05 | Syncing front under-kimono chest panel
Fra:1 Mem:49.60M (Peak 49.60M) | Time:00:00.05 | Syncing rear under-kimono back panel
Fra:1 Mem:49.63M (Peak 49.63M) | Time:00:00.05 | Syncing upper do cuirass fitted shell
Fra:1 Mem:49.73M (Peak 49.73M) | Time:00:00.06 | Syncing lower do cuirass narrowed shell
Fra:1 Mem:49.81M (Peak 49.81M) | Time:00:00.06 | Syncing front cuirass row 1 bevelled lame
Fra:1 Mem:49.83M (Peak 49.83M) | Time:00:00.06 | Syncing front cuirass row 1 bevelled lame
Fra:1 Mem:49.85M (Peak 49.85M) | Time:00:00.06 | Syncing front cuirass row 1 bevelled lame
Fra:1 Mem:49.87M (Peak 49.87M) | Time:00:00.06 | Syncing front cuirass row 1 bevelled lame
Fra:1 Mem:49.89M (Peak 49.89M) | Time:00:00.06 | Syncing front cuirass row 1 bevelled lame
Fra:1 Mem:49.91M (Peak 49.91M) | Time:00:00.06 | Syncing front cuirass row 1 bevelled lame
Fra:1 Mem:49.93M (Peak 49.93M) | Time:00:00.06 | Syncing front cuirass row 1 bevelled lame
Fra:1 Mem:49.95M (Peak 49.95M) | Time:00:00.06 | Syncing front cuirass row 1 bevelled lame
Fra:1 Mem:49.97M (Peak 49.97M) | Time:00:00.06 | Syncing rear cuirass row 1 bevelled lamel
Fra:1 Mem:49.99M (Peak 49.99M) | Time:00:00.06 | Syncing rear cuirass row 1 bevelled lamel
Fra:1 Mem:50.01M (Peak 50.01M) | Time:00:00.06 | Syncing rear cuirass row 1 bevelled lamel
Fra:1 Mem:50.03M (Peak 50.03M) | Time:00:00.06 | Syncing rear cuirass row 1 bevelled lamel
Fra:1 Mem:50.05M (Peak 50.05M) | Time:00:00.06 | Syncing rear cuirass row 1 bevelled lamel
Fra:1 Mem:50.07M (Peak 50.07M) | Time:00:00.06 | Syncing rear cuirass row 1 bevelled lamel
Fra:1 Mem:50.08M (Peak 50.08M) | Time:00:00.06 | Syncing rear cuirass row 1 bevelled lamel
Fra:1 Mem:50.10M (Peak 50.10M) | Time:00:00.06 | Syncing rear cuirass row 1 bevelled lamel
Fra:1 Mem:50.12M (Peak 50.12M) | Time:00:00.06 | Syncing front cuirass row 2 bevelled lame
Fra:1 Mem:50.14M (Peak 50.14M) | Time:00:00.06 | Syncing front cuirass row 2 bevelled lame
Fra:1 Mem:50.16M (Peak 50.16M) | Time:00:00.06 | Syncing front cuirass row 2 bevelled lame
Fra:1 Mem:50.18M (Peak 50.18M) | Time:00:00.06 | Syncing front cuirass row 2 bevelled lame
Fra:1 Mem:50.20M (Peak 50.20M) | Time:00:00.06 | Syncing front cuirass row 2 bevelled lame
Fra:1 Mem:50.22M (Peak 50.22M) | Time:00:00.06 | Syncing front cuirass row 2 bevelled lame
Fra:1 Mem:50.24M (Peak 50.24M) | Time:00:00.06 | Syncing front cuirass row 2 bevelled lame
Fra:1 Mem:50.26M (Peak 50.26M) | Time:00:00.06 | Syncing front cuirass row 2 bevelled lame
Fra:1 Mem:50.28M (Peak 50.28M) | Time:00:00.06 | Syncing rear cuirass row 2 bevelled lamel
Fra:1 Mem:50.30M (Peak 50.30M) | Time:00:00.06 | Syncing rear cuirass row 2 bevelled lamel
Fra:1 Mem:50.32M (Peak 50.32M) | Time:00:00.06 | Syncing rear cuirass row 2 bevelled lamel
Fra:1 Mem:50.34M (Peak 50.34M) | Time:00:00.06 | Syncing rear cuirass row 2 bevelled lamel
Fra:1 Mem:50.36M (Peak 50.36M) | Time:00:00.06 | Syncing rear cuirass row 2 bevelled lamel
Fra:1 Mem:50.38M (Peak 50.38M) | Time:00:00.06 | Syncing rear cuirass row 2 bevelled lamel
Fra:1 Mem:50.40M (Peak 50.40M) | Time:00:00.06 | Syncing rear cuirass row 2 bevelled lamel
Fra:1 Mem:50.41M (Peak 50.41M) | Time:00:00.06 | Syncing rear cuirass row 2 bevelled lamel
Fra:1 Mem:50.43M (Peak 50.43M) | Time:00:00.06 | Syncing front cuirass row 3 bevelled lame
Fra:1 Mem:50.45M (Peak 50.45M) | Time:00:00.06 | Syncing front cuirass row 3 bevelled lame
Fra:1 Mem:50.47M (Peak 50.47M) | Time:00:00.06 | Syncing front cuirass row 3 bevelled lame
Fra:1 Mem:50.49M (Peak 50.49M) | Time:00:00.06 | Syncing front cuirass row 3 bevelled lame
Fra:1 Mem:50.51M (Peak 50.51M) | Time:00:00.06 | Syncing front cuirass row 3 bevelled lame
Fra:1 Mem:50.53M (Peak 50.53M) | Time:00:00.06 | Syncing front cuirass row 3 bevelled lame
Fra:1 Mem:50.55M (Peak 50.55M) | Time:00:00.06 | Syncing front cuirass row 3 bevelled lame
Fra:1 Mem:50.57M (Peak 50.57M) | Time:00:00.06 | Syncing front cuirass row 3 bevelled lame
Fra:1 Mem:50.59M (Peak 50.59M) | Time:00:00.06 | Syncing rear cuirass row 3 bevelled lamel
Fra:1 Mem:50.61M (Peak 50.61M) | Time:00:00.06 | Syncing rear cuirass row 3 bevelled lamel
Fra:1 Mem:50.63M (Peak 50.63M) | Time:00:00.06 | Syncing rear cuirass row 3 bevelled lamel
Fra:1 Mem:50.65M (Peak 50.65M) | Time:00:00.06 | Syncing rear cuirass row 3 bevelled lamel
Fra:1 Mem:50.67M (Peak 50.67M) | Time:00:00.06 | Syncing rear cuirass row 3 bevelled lamel
Fra:1 Mem:50.68M (Peak 50.68M) | Time:00:00.06 | Syncing rear cuirass row 3 bevelled lamel
Fra:1 Mem:50.70M (Peak 50.70M) | Time:00:00.06 | Syncing rear cuirass row 3 bevelled lamel
Fra:1 Mem:50.72M (Peak 50.72M) | Time:00:00.06 | Syncing rear cuirass row 3 bevelled lamel
Fra:1 Mem:50.74M (Peak 50.74M) | Time:00:00.06 | Syncing front cuirass row 4 bevelled lame
Fra:1 Mem:50.76M (Peak 50.76M) | Time:00:00.06 | Syncing front cuirass row 4 bevelled lame
Fra:1 Mem:50.78M (Peak 50.78M) | Time:00:00.06 | Syncing front cuirass row 4 bevelled lame
Fra:1 Mem:50.80M (Peak 50.80M) | Time:00:00.06 | Syncing front cuirass row 4 bevelled lame
Fra:1 Mem:50.82M (Peak 50.82M) | Time:00:00.06 | Syncing front cuirass row 4 bevelled lame
Fra:1 Mem:50.84M (Peak 50.84M) | Time:00:00.06 | Syncing front cuirass row 4 bevelled lame
Fra:1 Mem:50.86M (Peak 50.86M) | Time:00:00.06 | Syncing front cuirass row 4 bevelled lame
Fra:1 Mem:50.88M (Peak 50.88M) | Time:00:00.06 | Syncing front cuirass row 4 bevelled lame
Fra:1 Mem:50.90M (Peak 50.90M) | Time:00:00.06 | Syncing rear cuirass row 4 bevelled lamel
Fra:1 Mem:50.92M (Peak 50.92M) | Time:00:00.06 | Syncing rear cuirass row 4 bevelled lamel
Fra:1 Mem:50.94M (Peak 50.94M) | Time:00:00.06 | Syncing rear cuirass row 4 bevelled lamel
Fra:1 Mem:50.95M (Peak 50.95M) | Time:00:00.06 | Syncing rear cuirass row 4 bevelled lamel
Fra:1 Mem:50.97M (Peak 50.97M) | Time:00:00.06 | Syncing rear cuirass row 4 bevelled lamel
Fra:1 Mem:50.99M (Peak 50.99M) | Time:00:00.06 | Syncing rear cuirass row 4 bevelled lamel
Fra:1 Mem:51.01M (Peak 51.01M) | Time:00:00.06 | Syncing rear cuirass row 4 bevelled lamel
Fra:1 Mem:51.03M (Peak 51.03M) | Time:00:00.06 | Syncing rear cuirass row 4 bevelled lamel
Fra:1 Mem:51.05M (Peak 51.05M) | Time:00:00.06 | Syncing front cuirass row 5 bevelled lame
Fra:1 Mem:51.07M (Peak 51.07M) | Time:00:00.06 | Syncing front cuirass row 5 bevelled lame
Fra:1 Mem:51.09M (Peak 51.09M) | Time:00:00.06 | Syncing front cuirass row 5 bevelled lame
Fra:1 Mem:51.11M (Peak 51.11M) | Time:00:00.06 | Syncing front cuirass row 5 bevelled lame
Fra:1 Mem:51.13M (Peak 51.13M) | Time:00:00.06 | Syncing front cuirass row 5 bevelled lame
Fra:1 Mem:51.15M (Peak 51.15M) | Time:00:00.06 | Syncing front cuirass row 5 bevelled lame
Fra:1 Mem:51.17M (Peak 51.17M) | Time:00:00.06 | Syncing front cuirass row 5 bevelled lame
Fra:1 Mem:51.19M (Peak 51.19M) | Time:00:00.06 | Syncing front cuirass row 5 bevelled lame
Fra:1 Mem:51.21M (Peak 51.21M) | Time:00:00.06 | Syncing rear cuirass row 5 bevelled lamel
Fra:1 Mem:51.23M (Peak 51.23M) | Time:00:00.06 | Syncing rear cuirass row 5 bevelled lamel
Fra:1 Mem:51.24M (Peak 51.24M) | Time:00:00.06 | Syncing rear cuirass row 5 bevelled lamel
Fra:1 Mem:51.26M (Peak 51.26M) | Time:00:00.06 | Syncing rear cuirass row 5 bevelled lamel
Fra:1 Mem:51.28M (Peak 51.28M) | Time:00:00.06 | Syncing rear cuirass row 5 bevelled lamel
Fra:1 Mem:51.30M (Peak 51.30M) | Time:00:00.06 | Syncing rear cuirass row 5 bevelled lamel
Fra:1 Mem:51.32M (Peak 51.32M) | Time:00:00.06 | Syncing rear cuirass row 5 bevelled lamel
Fra:1 Mem:51.34M (Peak 51.34M) | Time:00:00.06 | Syncing rear cuirass row 5 bevelled lamel
Fra:1 Mem:51.36M (Peak 51.36M) | Time:00:00.06 | Syncing front cuirass vertical odoshi lac
Fra:1 Mem:51.36M (Peak 51.42M) | Time:00:00.06 | Syncing front cuirass vertical odoshi lac
Fra:1 Mem:51.37M (Peak 51.42M) | Time:00:00.06 | Syncing front cuirass vertical odoshi lac
Fra:1 Mem:51.37M (Peak 51.42M) | Time:00:00.06 | Syncing front cuirass vertical odoshi lac
Fra:1 Mem:51.38M (Peak 51.42M) | Time:00:00.06 | Syncing front cuirass vertical odoshi lac
Fra:1 Mem:51.39M (Peak 51.42M) | Time:00:00.06 | Syncing front cuirass vertical odoshi lac
Fra:1 Mem:51.39M (Peak 51.42M) | Time:00:00.06 | Syncing rear cuirass vertical odoshi lace
Fra:1 Mem:51.40M (Peak 51.42M) | Time:00:00.06 | Syncing rear cuirass vertical odoshi lace
Fra:1 Mem:51.41M (Peak 51.42M) | Time:00:00.06 | Syncing rear cuirass vertical odoshi lace
Fra:1 Mem:51.41M (Peak 51.42M) | Time:00:00.06 | Syncing rear cuirass vertical odoshi lace
Fra:1 Mem:51.42M (Peak 51.42M) | Time:00:00.06 | Syncing rear cuirass vertical odoshi lace
Fra:1 Mem:51.43M (Peak 51.43M) | Time:00:00.06 | Syncing left side cuirass plate 1
Fra:1 Mem:51.44M (Peak 51.44M) | Time:00:00.06 | Syncing left side cuirass plate 2
Fra:1 Mem:51.45M (Peak 51.45M) | Time:00:00.06 | Syncing left side cuirass plate 3
Fra:1 Mem:51.47M (Peak 51.47M) | Time:00:00.06 | Syncing right side cuirass plate 1
Fra:1 Mem:51.48M (Peak 51.48M) | Time:00:00.06 | Syncing right side cuirass plate 2
Fra:1 Mem:51.50M (Peak 51.50M) | Time:00:00.06 | Syncing right side cuirass plate 3
Fra:1 Mem:51.51M (Peak 51.51M) | Time:00:00.06 | Syncing left shoulder undercloth
Fra:1 Mem:51.57M (Peak 51.57M) | Time:00:00.06 | Syncing left hanging sode shoulder plate 
Fra:1 Mem:51.58M (Peak 51.58M) | Time:00:00.06 | Syncing left hanging sode shoulder plate 
Fra:1 Mem:51.60M (Peak 51.60M) | Time:00:00.06 | Syncing left hanging sode shoulder plate 
Fra:1 Mem:51.62M (Peak 51.62M) | Time:00:00.07 | Syncing left hanging sode shoulder plate 
Fra:1 Mem:51.64M (Peak 51.64M) | Time:00:00.07 | Syncing left armored upper arm
Fra:1 Mem:51.70M (Peak 51.70M) | Time:00:00.07 | Syncing left sode shoulder armor
Fra:1 Mem:51.74M (Peak 51.74M) | Time:00:00.07 | Syncing left kote forearm guard
Fra:1 Mem:51.80M (Peak 51.80M) | Time:00:00.07 | Syncing left leather palm volume
Fra:1 Mem:51.83M (Peak 51.85M) | Time:00:00.07 | Syncing left articulated index finger
Fra:1 Mem:51.84M (Peak 51.85M) | Time:00:00.07 | Syncing left index fingertip
Fra:1 Mem:51.86M (Peak 51.86M) | Time:00:00.07 | Syncing left articulated middle finger
Fra:1 Mem:51.87M (Peak 51.87M) | Time:00:00.07 | Syncing left middle fingertip
Fra:1 Mem:51.88M (Peak 51.88M) | Time:00:00.07 | Syncing left articulated ring finger
Fra:1 Mem:51.89M (Peak 51.89M) | Time:00:00.07 | Syncing left ring fingertip
Fra:1 Mem:51.93M (Peak 51.93M) | Time:00:00.07 | Syncing left articulated pinky finger
Fra:1 Mem:51.94M (Peak 51.94M) | Time:00:00.07 | Syncing left pinky fingertip
Fra:1 Mem:51.95M (Peak 51.95M) | Time:00:00.07 | Syncing left opposed thumb
Fra:1 Mem:51.96M (Peak 51.96M) | Time:00:00.07 | Syncing left thumb fingertip
Fra:1 Mem:51.97M (Peak 51.97M) | Time:00:00.07 | Syncing right shoulder undercloth
Fra:1 Mem:52.03M (Peak 52.03M) | Time:00:00.07 | Syncing right hanging sode shoulder plate
Fra:1 Mem:52.05M (Peak 52.05M) | Time:00:00.07 | Syncing right hanging sode shoulder plate
Fra:1 Mem:52.07M (Peak 52.07M) | Time:00:00.07 | Syncing right hanging sode shoulder plate
Fra:1 Mem:52.09M (Peak 52.09M) | Time:00:00.07 | Syncing right hanging sode shoulder plate
Fra:1 Mem:52.11M (Peak 52.11M) | Time:00:00.07 | Syncing right armored upper arm
Fra:1 Mem:52.16M (Peak 52.16M) | Time:00:00.07 | Syncing right sode shoulder armor
Fra:1 Mem:52.20M (Peak 52.20M) | Time:00:00.07 | Syncing right kote forearm guard
Fra:1 Mem:52.26M (Peak 52.26M) | Time:00:00.07 | Syncing right leather palm volume
Fra:1 Mem:52.30M (Peak 52.30M) | Time:00:00.07 | Syncing right articulated index finger
Fra:1 Mem:52.31M (Peak 52.31M) | Time:00:00.07 | Syncing right index fingertip
Fra:1 Mem:52.32M (Peak 52.32M) | Time:00:00.07 | Syncing right articulated middle finger
Fra:1 Mem:52.33M (Peak 52.33M) | Time:00:00.07 | Syncing right middle fingertip
Fra:1 Mem:52.34M (Peak 52.34M) | Time:00:00.07 | Syncing right articulated ring finger
Fra:1 Mem:52.35M (Peak 52.35M) | Time:00:00.07 | Syncing right ring fingertip
Fra:1 Mem:52.36M (Peak 52.36M) | Time:00:00.07 | Syncing right articulated pinky finger
Fra:1 Mem:52.37M (Peak 52.37M) | Time:00:00.07 | Syncing right pinky fingertip
Fra:1 Mem:52.38M (Peak 52.38M) | Time:00:00.07 | Syncing right opposed thumb
Fra:1 Mem:52.39M (Peak 52.39M) | Time:00:00.07 | Syncing right thumb fingertip
Fra:1 Mem:52.41M (Peak 52.41M) | Time:00:00.07 | Syncing kusazuri skirt plate -1 row 1
Fra:1 Mem:52.42M (Peak 52.42M) | Time:00:00.07 | Syncing rear kusazuri skirt plate -1 row 
Fra:1 Mem:52.43M (Peak 52.43M) | Time:00:00.07 | Syncing kusazuri skirt plate -1 row 2
Fra:1 Mem:52.45M (Peak 52.45M) | Time:00:00.07 | Syncing rear kusazuri skirt plate -1 row 
Fra:1 Mem:52.46M (Peak 52.46M) | Time:00:00.07 | Syncing kusazuri skirt plate -1 row 3
Fra:1 Mem:52.48M (Peak 52.48M) | Time:00:00.07 | Syncing rear kusazuri skirt plate -1 row 
Fra:1 Mem:52.49M (Peak 52.49M) | Time:00:00.07 | Syncing kusazuri skirt plate +0 row 1
Fra:1 Mem:52.50M (Peak 52.50M) | Time:00:00.07 | Syncing rear kusazuri skirt plate +0 row 
Fra:1 Mem:52.52M (Peak 52.52M) | Time:00:00.07 | Syncing kusazuri skirt plate +0 row 2
Fra:1 Mem:52.53M (Peak 52.53M) | Time:00:00.07 | Syncing rear kusazuri skirt plate +0 row 
Fra:1 Mem:52.54M (Peak 52.54M) | Time:00:00.07 | Syncing kusazuri skirt plate +0 row 3
Fra:1 Mem:52.56M (Peak 52.56M) | Time:00:00.07 | Syncing rear kusazuri skirt plate +0 row 
Fra:1 Mem:52.57M (Peak 52.57M) | Time:00:00.07 | Syncing kusazuri skirt plate +1 row 1
Fra:1 Mem:52.59M (Peak 52.59M) | Time:00:00.07 | Syncing rear kusazuri skirt plate +1 row 
Fra:1 Mem:52.60M (Peak 52.60M) | Time:00:00.07 | Syncing kusazuri skirt plate +1 row 2
Fra:1 Mem:52.61M (Peak 52.61M) | Time:00:00.07 | Syncing rear kusazuri skirt plate +1 row 
Fra:1 Mem:52.63M (Peak 52.63M) | Time:00:00.07 | Syncing kusazuri skirt plate +1 row 3
Fra:1 Mem:52.64M (Peak 52.64M) | Time:00:00.07 | Syncing rear kusazuri skirt plate +1 row 
Fra:1 Mem:52.66M (Peak 52.66M) | Time:00:00.07 | Syncing left hanging hakama outer cloth
Fra:1 Mem:52.68M (Peak 52.68M) | Time:00:00.07 | Syncing left side hakama fold
Fra:1 Mem:52.71M (Peak 52.71M) | Time:00:00.07 | Syncing right hanging hakama outer cloth
Fra:1 Mem:52.74M (Peak 52.74M) | Time:00:00.07 | Syncing right side hakama fold
Fra:1 Mem:52.76M (Peak 52.76M) | Time:00:00.07 | Syncing left hakama trouser leg
Fra:1 Mem:52.82M (Peak 52.82M) | Time:00:00.07 | Syncing left shin greave
Fra:1 Mem:52.87M (Peak 52.87M) | Time:00:00.07 | Syncing left split-toe tabi foot volume
Fra:1 Mem:52.92M (Peak 52.92M) | Time:00:00.07 | Syncing left separated big toe
Fra:1 Mem:52.94M (Peak 52.94M) | Time:00:00.07 | Syncing left outer toe group
Fra:1 Mem:52.96M (Peak 52.96M) | Time:00:00.07 | Syncing left woven waraji sole grounded
Fra:1 Mem:52.97M (Peak 52.97M) | Time:00:00.07 | Syncing left sandal toe strap
Fra:1 Mem:52.98M (Peak 52.98M) | Time:00:00.07 | Syncing left heel strap
Fra:1 Mem:52.98M (Peak 52.98M) | Time:00:00.07 | Syncing left hakama pleat 1
Fra:1 Mem:52.99M (Peak 52.99M) | Time:00:00.07 | Syncing left hakama pleat 2
Fra:1 Mem:52.99M (Peak 52.99M) | Time:00:00.07 | Syncing left hakama pleat 3
Fra:1 Mem:53.00M (Peak 53.00M) | Time:00:00.07 | Syncing right hakama trouser leg
Fra:1 Mem:53.06M (Peak 53.06M) | Time:00:00.07 | Syncing right shin greave
Fra:1 Mem:53.11M (Peak 53.11M) | Time:00:00.07 | Syncing right split-toe tabi foot volume
Fra:1 Mem:53.16M (Peak 53.16M) | Time:00:00.07 | Syncing right separated big toe
Fra:1 Mem:53.18M (Peak 53.18M) | Time:00:00.07 | Syncing right outer toe group
Fra:1 Mem:53.20M (Peak 53.20M) | Time:00:00.07 | Syncing right woven waraji sole grounded
Fra:1 Mem:53.21M (Peak 53.21M) | Time:00:00.07 | Syncing right sandal toe strap
Fra:1 Mem:53.22M (Peak 53.22M) | Time:00:00.07 | Syncing right heel strap
Fra:1 Mem:53.22M (Peak 53.22M) | Time:00:00.07 | Syncing right hakama pleat 1
Fra:1 Mem:53.23M (Peak 53.23M) | Time:00:00.07 | Syncing right hakama pleat 2
Fra:1 Mem:53.23M (Peak 53.23M) | Time:00:00.07 | Syncing right hakama pleat 3
Fra:1 Mem:53.24M (Peak 53.24M) | Time:00:00.07 | Syncing drawn katana blade spine
Fra:1 Mem:53.25M (Peak 53.30M) | Time:00:00.07 | Syncing bright sharpened katana edge
Fra:1 Mem:53.26M (Peak 53.31M) | Time:00:00.07 | Syncing wrapped katana grip
Fra:1 Mem:53.27M (Peak 53.31M) | Time:00:00.07 | Syncing square tsuba guard
Fra:1 Mem:53.28M (Peak 53.31M) | Time:00:00.07 | Syncing lacquered saya scabbard at left h
Fra:1 Mem:53.28M (Peak 53.31M) | Time:00:00.07 | Syncing waist sash tying armor
Fra:1 Mem:53.29M (Peak 53.31M) | Time:00:00.07 | Syncing bamboo sashimono back pole
Fra:1 Mem:53.30M (Peak 53.31M) | Time:00:00.07 | Syncing small lacquered sashimono crossba
Fra:1 Mem:53.31M (Peak 53.31M) | Time:00:00.07 | Syncing cloth sashimono banner panel
Fra:1 Mem:53.33M (Peak 53.37M) | Time:00:00.07 | Syncing simple round clan mon on banner
Fra:1 Mem:53.37M (Peak 53.37M) | Time:00:00.07 | Syncing cool key
Fra:1 Mem:53.37M (Peak 53.37M) | Time:00:00.07 | Syncing rim
Fra:1 Mem:53.37M (Peak 53.37M) | Time:00:00.07 | Syncing hero cam
Fra:1 Mem:53.37M (Peak 53.37M) | Time:00:00.07 | Syncing samurai_v2_provenance
Fra:1 Mem:53.45M (Peak 53.55M) | Time:00:00.08 | Rendering 1 / 32 samples
Fra:1 Mem:50.93M (Peak 53.55M) | Time:00:02.55 | Rendering 26 / 32 samples
Fra:1 Mem:50.93M (Peak 53.55M) | Time:00:03.01 | Rendering 32 / 32 samples
Saved: '/tmp/factoryx-v23-render/samurai-repaired-full-20-v23/takeda-01/turntable_000.png'
 Time: 00:03.13 (Saving: 00:00.03)

ERROR (bke.modifier): ./source/blender/blenkernel/intern/modifier.cc:458 BKE_modifier_set_error: Object: "crest central rivet", Modifier: "weighted normals", Enable 'Auto Smooth' in Object Data Properties
ERROR (bke.modifier): ./source/blender/blenkernel/intern/modifier.cc:458 BKE_modifier_set_error: Object: "left angular mempo cheek plate", Modifier: "weighted normals", Enable 'Auto Smooth' in Object Data Properties
ERROR (bke.modifier): ./source/blender/blenkernel/intern/modifier.cc:458 BKE_modifier_set_error: Object: "left narrow eye slit", Modifier: "weighted normals", Enable 'Auto Smooth' in Object Data Properties
ERROR (bke.modifier): ./source/blender/blenkernel/intern/modifier.cc:458 BKE_modifier_set_error: Object: "right side helmet flange", Modifier: "weighted normals", Enable 'Auto Smooth' in Object Data Properties
ERROR (bke.modifier): ./source/blender/blenkernel/intern/modifier.cc:458 BKE_modifier_set_error: Object: "right angular mempo cheek plate", Modifier: "weighted normals", Enable 'Auto Smooth' in Object Data Properties
ERROR (bke.modifier): ./source/blender/blenkernel/intern/modifier.cc:458 BKE_modifier_set_error: Object: "mempo chin guard", Modifier: "weighted normals", Enable 'Auto Smooth' in Object Data Properties
ERROR (bke.modifier): ./source/blender/blenkernel/intern/modifier.cc:458 BKE_modifier_set_error: Object: "right narrow eye slit", Modifier: "weighted normals", Enable 'Auto Smooth' in Object Data Properties
ERROR (bke.modifier): ./source/blender/blenkernel/intern/modifier.cc:458 BKE_modifier_set_error: Object: "mempo nose ridge", Modifier: "weighted normals", Enable 'Auto Smooth' in Object Data Properties
ERROR (bke.modifier): ./source/blender/blenkernel/intern/modifier.cc:458 BKE_modifier_set_error: Object: "mempo grim mouth slit", Modifier: "weighted normals", Enable 'Auto Smooth' in Object Data Properties
ERROR (bke.modifier): ./source/blender/blenkernel/intern/modifier.cc:458 BKE_modifier_set_error: Object: "throat guard row 2 bevelled lamellar plate 04", Modifier: "weighted normals", Enable 'Auto Smooth' in Object Data Properties
ERROR (bke.modifier): ./source/blender/blenkernel/intern/modifier.cc:458 BKE_modifier_set_error: Object: "throat guard row 1 bevelled lamellar plate 04", Modifier: "weighted normals", Enable 'Auto Smooth' in Object Data Properties
ERROR (bke.modifier): ./source/blender/blenkernel/intern/modifier.cc:458 BKE_modifier_set_error: Object: "throat guard row 1 bevelled lamellar plate 03", Modifier: "weighted normals", Enable 'Auto Smooth' in Object Data Properties
ERROR (bke.modifier): ./source/blender/blenkernel/intern/modifier.cc:458 BKE_modifier_set_error: Object: "throat guard row 2 bevelled lamellar plate 03", Modifier: "weighted normals", Enable 'Auto Smooth' in Object Data Properties
ERROR (bke.modifier): ./source/blender/blenkernel/intern/modifier.cc:458 BKE_modifier_set_error: Object: "throat guard row 2 bevelled lamellar plate 02", Modifier: "weighted normals", Enable 'Auto Smooth' in Object Data Properties
ERROR (bke.modifier): ./source/blender/blenkernel/intern/modifier.cc:458 BKE_modifier_set_error: Object: "throat guard row 3 bevelled lamellar plate 01", Modifier: "weighted normals", Enable 'Auto Smooth' in Object Data Properties
ERROR (bke.modifier): ./source/blender/blenkernel/intern/modifier.cc:458 BKE_modifier_set_error: Object: "upper do cuirass fitted shell", Modifier: "weighted normals", Enable 'Auto Smooth' in Object Data Properties
ERROR (bke.modifier): ./source/blender/blenkernel/intern/modifier.cc:458 BKE_modifier_set_error: Object: "throat guard row 2 bevelled lamellar plate 01", Modifier: "weighted normals", Enable 'Auto Smooth' in Object Data Properties
ERROR (bke.modifier): ./source/blender/blenkernel/intern/modifier.cc:458 BKE_modifier_set_error: Object: "lower do cuirass narrowed shell", Modifier: "weighted normals", Enable 'Auto Smooth' in Object Data Properties
ERROR (bke.modifier): ./source/blender/blenkernel/intern/modifier.cc:458 BKE_modifier_set_error: Object: "left side helmet flange", Modifier: "weighted normals", Enable 'Auto Smooth' in Object Data Properties
ERROR (bke.modifier): ./source/blender/blenkernel/intern/modifier.cc:458 BKE_modifier_set_error: Object: "throat guard row 1 bevelled lamellar plate 02", Modifier: "weighted normals", Enable 'Auto Smooth' in Object Data Properties
ERROR (bke.modifier): ./source/blender/blenkernel/intern/modifier.cc:458 BKE_modifier_set_error: Object: "throat guard row 2 bevelled lamellar plate 05", Modifier: "weighted normals", Enable 'Auto Smooth' in Object Data Properties
ERROR (bke.modifier): ./source/blender/blenkernel/intern/modifier.cc:458 BKE_modifier_set_error: Object: "throat guard row 1 bevelled lamellar plate 01", Modifier: "weighted normals", Enable 'Auto Smooth' in Object Data Properties
ERROR (bke.modifier): ./source/blender/blenkernel/intern/modifier.cc:458 BKE_modifier_set_error: Object: "layered rear shikoro neck guard", Modifier: "weighted normals", Enable 'Auto Smooth' in Object Data Properties
ERROR (bke.modifier): ./source/blender/blenkernel/intern/modifier.cc:458 BKE_modifier_set_error: Object: "throat guard row 3 bevelled lamellar plate 03", Modifier: "weighted normals", Enable 'Auto Smooth' in Object Data Properties
ERROR (bke.modifier): ./source/blender/blenkernel/intern/modifier.cc:458 BKE_modifier_set_error: Object: "wide kabuto brim", Modifier: "weighted normals", Enable 'Auto Smooth' in Object Data Properties
ERROR (bke.modifier): ./source/blender/blenkernel/intern/modifier.cc:458 BKE_modifier_set_error: Object: "throat guard row 3 bevelled lamellar plate 02", Modifier: "weighted normals", Enable 'Auto Smooth' in Object Data Properties
ERROR (bke.modifier): ./source/blender/blenkernel/intern/modifier.cc:458 BKE_modifier_set_error: Object: "throat guard row 3 bevelled lamellar plate 04", Modifier: "weighted normals", Enable 'Auto Smooth' in Object Data Properties
ERROR (bke.modifier): ./source/blender/blenkernel/intern/modifier.cc:458 BKE_modifier_set_error: Object: "segmented kabuto helmet bowl", Modifier: "weighted normals", Enable 'Auto Smooth' in Object Data Properties
ERROR (bke.modifier): ./source/blender/blenkernel/intern/modifier.cc:458 BKE_modifier_set_error: Object: "throat guard row 1 bevelled lamellar plate 05", Modifier: "weighted normals", Enable 'Auto Smooth' in Object Data Properties
ERROR (bke.modifier): ./source/blender/blenkernel/intern/modifier.cc:458 BKE_modifier_set_error: Object: "rear under-kimono back panel", Modifier: "weighted normals", Enable 'Auto Smooth' in Object Data Properties
ERROR (bke.modifier): ./source/blender/blenkernel/intern/modifier.cc:458 BKE_modifier_set_error: Object: "throat guard row 3 bevelled lamellar plate 05", Modifier: "weighted normals", Enable 'Auto Smooth' in Object Data Properties
ERROR (bke.modifier): ./source/blender/blenkernel/intern/modifier.cc:458 BKE_modifier_set_error: Object: "front under-kimono chest panel", Modifier: "weighted normals", Enable 'Auto Smooth' in Object Data Properties
ERROR (bke.modifier): ./source/blender/blenkernel/intern/modifier.cc:458 BKE_modifier_set_error: Object: "neck guard collar", Modifier: "weighted normals", Enable 'Auto Smooth' in Object Data Properties
ERROR (bke.modifier): ./source/blender/blenkernel/intern/modifier.cc:458 BKE_modifier_set_error: Object: "front cuirass row 1 bevelled lamellar plate 02", Modifier: "weighted normals", Enable 'Auto Smooth' in Object Data Properties
ERROR (bke.modifier): ./source/blender/blenkernel/intern/modifier.cc:458 BKE_modifier_set_error: Object: "thin exposed neck", Modifier: "weighted normals", Enable 'Auto Smooth' in Object Data Properties
ERROR (bke.modifier): ./source/blender/blenkernel/intern/modifier.cc:458 BKE_modifier_set_error: Object: "front cuirass row 1 bevelled lamellar plate 03", Modifier: "weighted normals", Enable 'Auto Smooth' in Object Data Properties
ERROR (bke.modifier): ./source/blender/blenkernel/intern/modifier.cc:458 BKE_modifier_set_error: Object: "visible human forehead behind mempo", Modifier: "weighted normals", Enable 'Auto Smooth' in Object Data Properties
ERROR (bke.modifier): ./source/blender/blenkernel/intern/modifier.cc:458 BKE_modifier_set_error: Object: "front cuirass row 1 bevelled lamellar plate 01", Modifier: "weighted normals", Enable 'Auto Smooth' in Object Data Properties
ERROR (bke.modifier): ./source/blender/blenkernel/intern/modifier.cc:458 BKE_modifier_set_error: Object: "front cuirass row 1 bevelled lamellar plate 04", Modifier: "weighted normals", Enable 'Auto Smooth' in Object Data Properties
ERROR (bke.modifier): ./source/blender/blenkernel/intern/modifier.cc:458 BKE_modifier_set_error: Object: "rear cuirass row 1 bevelled lamellar plate 04", Modifier: "weighted normals", Enable 'Auto Smooth' in Object Data Properties
ERROR (bke.modifier): ./source/blender/blenkernel/intern/modifier.cc:458 BKE_modifier_set_error: Object: "front cuirass row 1 bevelled lamellar plate 05", Modifier: "weighted normals", Enable 'Auto Smooth' in Object Data Properties
ERROR (bke.modifier): ./source/blender/blenkernel/intern/modifier.cc:458 BKE_modifier_set_error: Object: "front cuirass row 1 bevelled lamellar plate 07", Modifier: "weighted normals", Enable 'Auto Smooth' in Object Data Properties
ERROR (bke.modifier): ./source/blender/blenkernel/intern/modifier.cc:458 BKE_modifier_set_error: Object: "narrow waist under-kimono volume", Modifier: "weighted normals", Enable 'Auto Smooth' in Object Data Properties
ERROR (bke.modifier): ./source/blender/blenkernel/intern/modifier.cc:458 BKE_modifier_set_error: Object: "front cuirass row 1 bevelled lamellar plate 08", Modifier: "weighted normals", Enable 'Auto Smooth' in Object Data Properties
ERROR (bke.modifier): ./source/blender/blenkernel/intern/modifier.cc:458 BKE_modifier_set_error: Object: "rear cuirass row 1 bevelled lamellar plate 02", Modifier: "weighted normals", Enable 'Auto Smooth' in Object Data Properties
ERROR (bke.modifier): ./source/blender/blenkernel/intern/modifier.cc:458 BKE_modifier_set_error: Object: "rear cuirass row 1 bevelled lamellar plate 01", Modifier: "weighted normals", Enable 'Auto Smooth' in Object Data Properties
ERROR (bke.modifier): ./source/blender/blenkernel/intern/modifier.cc:458 BKE_modifier_set_error: Object: "front cuirass row 1 bevelled lamellar plate 06", Modifier: "weighted normals", Enable 'Auto Smooth' in Object Data Properties
ERROR (bke.modifier): ./source/blender/blenkernel/intern/modifier.cc:458 BKE_modifier_set_error: Object: "ribcage under-kimono volume", Modifier: "weighted normals", Enable 'Auto Smooth' in Object Data Properties
ERROR (bke.modifier): ./source/blender/blenkernel/intern/modifier.cc:458 BKE_modifier_set_error: Object: "rear cuirass row 1 bevelled lamellar plate 03", Modifier: "weighted normals", Enable 'Auto Smooth' in Object Data Properties
ERROR (bke.modifier): ./source/blender/blenkernel/intern/modifier.cc:458 BKE_modifier_set_error: Object: "rear cuirass row 1 bevelled lamellar plate 06", Modifier: "weighted normals", Enable 'Auto Smooth' in Object Data Properties
ERROR (bke.modifier): ./source/blender/blenkernel/intern/modifier.cc:458 BKE_modifier_set_error: Object: "rear cuirass row 1 bevelled lamellar plate 07", Modifier: "weighted normals", Enable 'Auto Smooth' in Object Data Properties
ERROR (bke.modifier): ./source/blender/blenkernel/intern/modifier.cc:458 BKE_modifier_set_error: Object: "front cuirass row 2 bevelled lamellar plate 04", Modifier: "weighted normals", Enable 'Auto Smooth' in Object Data Properties
ERROR (bke.modifier): ./source/blender/blenkernel/intern/modifier.cc:458 BKE_modifier_set_error: Object: "rear cuirass row 1 bevelled lamellar plate 08", Modifier: "weighted normals", Enable 'Auto Smooth' in Object Data Properties
ERROR (bke.modifier): ./source/blender/blenkernel/intern/modifier.cc:458 BKE_modifier_set_error: Object: "rear cuirass row 1 bevelled lamellar plate 05", Modifier: "weighted normals", Enable 'Auto Smooth' in Object Data Properties
ERROR (bke.modifier): ./source/blender/blenkernel/intern/modifier.cc:458 BKE_modifier_set_error: Object: "front cuirass row 2 bevelled lamellar plate 01", Modifier: "weighted normals", Enable 'Auto Smooth' in Object Data Properties
ERROR (bke.modifier): ./source/blender/blenkernel/intern/modifier.cc:458 BKE_modifier_set_error: Object: "front cuirass row 2 bevelled lamellar plate 03", Modifier: "weighted normals", Enable 'Auto Smooth' in Object Data Properties
ERROR (bke.modifier): ./source/blender/blenkernel/intern/modifier.cc:458 BKE_modifier_set_error: Object: "front cuirass row 2 bevelled lamellar plate 05", Modifier: "weighted normals", Enable 'Auto Smooth' in Object Data Properties
ERROR (bke.modifier): ./source/blender/blenkernel/intern/modifier.cc:458 BKE_modifier_set_error: Object: "front cuirass row 2 bevelled lamellar plate 02", Modifier: "weighted normals", Enable 'Auto Smooth' in Object Data Properties
ERROR (bke.modifier): ./source/blender/blenkernel/intern/modifier.cc:458 BKE_modifier_set_error: Object: "front cuirass row 2 bevelled lamellar plate 06", Modifier: "weighted normals", Enable 'Auto Smooth' in Object Data Properties
ERROR (bke.modifier): ./source/blender/blenkernel/intern/modifier.cc:458 BKE_modifier_set_error: Object: "front cuirass row 2 bevelled lamellar plate 08", Modifier: "weighted normals", Enable 'Auto Smooth' in Object Data Properties
ERROR (bke.modifier): ./source/blender/blenkernel/intern/modifier.cc:458 BKE_modifier_set_error: Object: "rear cuirass row 2 bevelled lamellar plate 05", Modifier: "weighted normals", Enable 'Auto Smooth' in Object Data Properties
ERROR (bke.modifier): ./source/blender/blenkernel/intern/modifier.cc:458 BKE_modifier_set_error: Object: "rear cuirass row 2 bevelled lamellar plate 08", Modifier: "weighted normals", Enable 'Auto Smooth' in Object Data Properties
ERROR (bke.modifier): ./source/blender/blenkernel/intern/modifier.cc:458 BKE_modifier_set_error: Object: "rear cuirass row 2 bevelled lamellar plate 03", Modifier: "weighted normals", Enable 'Auto Smooth' in Object Data Properties
ERROR (bke.modifier): ./source/blender/blenkernel/intern/modifier.cc:458 BKE_modifier_set_error: Object: "rear cuirass row 2 bevelled lamellar plate 07", Modifier: "weighted normals", Enable 'Auto Smooth' in Object Data Properties
ERROR (bke.modifier): ./source/blender/blenkernel/intern/modifier.cc:458 BKE_modifier_set_error: Object: "matte charcoal inspection plinth", Modifier: "weighted normals", Enable 'Auto Smooth' in Object Data Properties
ERROR (bke.modifier): ./source/blender/blenkernel/intern/modifier.cc:458 BKE_modifier_set_error: Object: "rear cuirass row 2 bevelled lamellar plate 01", Modifier: "weighted normals", Enable 'Auto Smooth' in Object Data Properties
ERROR (bke.modifier): ./source/blender/blenkernel/intern/modifier.cc:458 BKE_modifier_set_error: Object: "front cuirass row 2 bevelled lamellar plate 07", Modifier: "weighted normals", Enable 'Auto Smooth' in Object Data Properties
ERROR (bke.modifier): ./source/blender/blenkernel/intern/modifier.cc:458 BKE_modifier_set_error: Object: "rear cuirass row 2 bevelled lamellar plate 02", Modifier: "weighted normals", Enable 'Auto Smooth' in Object Data Properties
ERROR (bke.modifier): ./source/blender/blenkernel/intern/modifier.cc:458 BKE_modifier_set_error: Object: "rear cuirass row 2 bevelled lamellar plate 06", Modifier: "weighted normals", Enable 'Auto Smooth' in Object Data Properties
ERROR (bke.modifier): ./source/blender/blenkernel/intern/modifier.cc:458 BKE_modifier_set_error: Object: "simple round clan mon on banner", Modifier: "weighted normals", Enable 'Auto Smooth' in Object Data Properties
ERROR (bke.modifier): ./source/blender/blenkernel/intern/modifier.cc:458 BKE_modifier_set_error: Object: "rear cuirass row 2 bevelled lamellar plate 04", Modifier: "weighted normals", Enable 'Auto Smooth' in Object Data Properties
ERROR (bke.modifier): ./source/blender/blenkernel/intern/modifier.cc:458 BKE_modifier_set_error: Object: "front cuirass row 3 bevelled lamellar plate 01", Modifier: "weighted normals", Enable 'Auto Smooth' in Object Data Properties
ERROR (bke.modifier): ./source/blender/blenkernel/intern/modifier.cc:458 BKE_modifier_set_error: Object: "front cuirass row 3 bevelled lamellar plate 03", Modifier: "weighted normals", Enable 'Auto Smooth' in Object Data Properties
ERROR (bke.modifier): ./source/blender/blenkernel/intern/modifier.cc:458 BKE_modifier_set_error: Object: "front cuirass row 3 bevelled lamellar plate 02", Modifier: "weighted normals", Enable 'Auto Smooth' in Object Data Properties
ERROR (bke.modifier): ./source/blender/blenkernel/intern/modifier.cc:458 BKE_modifier_set_error: Object: "front cuirass row 3 bevelled lamellar plate 04", Modifier: "weighted normals", Enable 'Auto Smooth' in Object Data Properties
ERROR (bke.modifier): ./source/blender/blenkernel/intern/modifier.cc:458 BKE_modifier_set_error: Object: "front cuirass row 3 bevelled lamellar plate 05", Modifier: "weighted normals", Enable 'Auto Smooth' in Object Data Properties
ERROR (bke.modifier): ./source/blender/blenkernel/intern/modifier.cc:458 BKE_modifier_set_error: Object: "front cuirass row 3 bevelled lamellar plate 06", Modifier: "weighted normals", Enable 'Auto Smooth' in Object Data Properties
ERROR (bke.modifier): ./source/blender/blenkernel/intern/modifier.cc:458 BKE_modifier_set_error: Object: "front cuirass row 3 bevelled lamellar plate 08", Modifier: "weighted normals", Enable 'Auto Smooth' in Object Data Properties
ERROR (bke.modifier): ./source/blender/blenkernel/intern/modifier.cc:458 BKE_modifier_set_error: Object: "front cuirass row 3 bevelled lamellar plate 07", Modifier: "weighted normals", Enable 'Auto Smooth' in Object Data Properties
ERROR (bke.modifier): ./source/blender/blenkernel/intern/modifier.cc:458 BKE_modifier_set_error: Object: "rear cuirass row 3 bevelled lamellar plate 01", Modifier: "weighted normals", Enable 'Auto Smooth' in Object Data Properties
ERROR (bke.modifier): ./source/blender/blenkernel/intern/modifier.cc:458 BKE_modifier_set_error: Object: "front cuirass row 4 bevelled lamellar plate 01", Modifier: "weighted normals", Enable 'Auto Smooth' in Object Data Properties
ERROR (bke.modifier): ./source/blender/blenkernel/intern/modifier.cc:458 BKE_modifier_set_error: Object: "rear cuirass row 3 bevelled lamellar plate 03", Modifier: "weighted normals", Enable 'Auto Smooth' in Object Data Properties
ERROR (bke.modifier): ./source/blender/blenkernel/intern/modifier.cc:458 BKE_modifier_set_error: Object: "rear cuirass row 3 bevelled lamellar plate 02", Modifier: "weighted normals", Enable 'Auto Smooth' in Object Data Properties
ERROR (bke.modifier): ./source/blender/blenkernel/intern/modifier.cc:458 BKE_modifier_set_error: Object: "cloth sashimono banner panel", Modifier: "weighted normals", Enable 'Auto Smooth' in Object Data Properties
ERROR (bke.modifier): ./source/blender/blenkernel/intern/modifier.cc:458 BKE_modifier_set_error: Object: "rear cuirass row 3 bevelled lamellar plate 04", Modifier: "weighted normals", Enable 'Auto Smooth' in Object Data Properties
ERROR (bke.modifier): ./source/blender/blenkernel/intern/modifier.cc:458 BKE_modifier_set_error: Object: "rear cuirass row 3 bevelled lamellar plate 05", Modifier: "weighted normals", Enable 'Auto Smooth' in Object Data Properties
ERROR (bke.modifier): ./source/blender/blenkernel/intern/modifier.cc:458 BKE_modifier_set_error: Object: "rear cuirass row 3 bevelled lamellar plate 06", Modifier: "weighted normals", Enable 'Auto Smooth' in Object Data Properties
ERROR (bke.modifier): ./source/blender/blenkernel/intern/modifier.cc:458 BKE_modifier_set_error: Object: "rear cuirass row 3 bevelled lamellar plate 07", Modifier: "weighted normals", Enable 'Auto Smooth' in Object Data Properties
ERROR (bke.modifier): ./source/blender/blenkernel/intern/modifier.cc:458 BKE_modifier_set_error: Object: "rear cuirass row 3 bevelled lamellar plate 08", Modifier: "weighted normals", Enable 'Auto Smooth' in Object Data Properties
ERROR (bke.modifier): ./source/blender/blenkernel/intern/modifier.cc:458 BKE_modifier_set_error: Object: "front cuirass row 4 bevelled lamellar plate 02", Modifier: "weighted normals", Enable 'Auto Smooth' in Object Data Properties
ERROR (bke.modifier): ./source/blender/blenkernel/intern/modifier.cc:458 BKE_modifier_set_error: Object: "rear cuirass row 4 bevelled lamellar plate 01", Modifier: "weighted normals", Enable 'Auto Smooth' in Object Data Properties
ERROR (bke.modifier): ./source/blender/blenkernel/intern/modifier.cc:458 BKE_modifier_set_error: Object: "front cuirass row 4 bevelled lamellar plate 03", Modifier: "weighted normals", Enable 'Auto Smooth' in Object Data Properties
ERROR (bke.modifier): ./source/blender/blenkernel/intern/modifier.cc:458 BKE_modifier_set_error: Object: "front cuirass row 4 bevelled lamellar plate 06", Modifier: "weighted normals", Enable 'Auto Smooth' in Object Data Properties
ERROR (bke.modifier): ./source/blender/blenkernel/intern/modifier.cc:458 BKE_modifier_set_error: Object: "front cuirass row 4 bevelled lamellar plate 05", Modifier: "weighted normals", Enable 'Auto Smooth' in Object Data Properties
ERROR (bke.modifier): ./source/blender/blenkernel/intern/modifier.cc:458 BKE_modifier_set_error: Object: "front cuirass row 4 bevelled lamellar plate 04", Modifier: "weighted normals", Enable 'Auto Smooth' in Object Data Properties
ERROR (bke.modifier): ./source/blender/blenkernel/intern/modifier.cc:458 BKE_modifier_set_error: Object: "front cuirass row 4 bevelled lamellar plate 07", Modifier: "weighted normals", Enable 'Auto Smooth' in Object Data Properties
ERROR (bke.modifier): ./source/blender/blenkernel/intern/modifier.cc:458 BKE_modifier_set_error: Object: "front cuirass row 4 bevelled lamellar plate 08", Modifier: "weighted normals", Enable 'Auto Smooth' in Object Data Properties
ERROR (bke.modifier): ./source/blender/blenkernel/intern/modifier.cc:458 BKE_modifier_set_error: Object: "small lacquered sashimono crossbar", Modifier: "weighted normals", Enable 'Auto Smooth' in Object Data Properties
ERROR (bke.modifier): ./source/blender/blenkernel/intern/modifier.cc:458 BKE_modifier_set_error: Object: "rear cuirass row 4 bevelled lamellar plate 02", Modifier: "weighted normals", Enable 'Auto Smooth' in Object Data Properties
ERROR (bke.modifier): ./source/blender/blenkernel/intern/modifier.cc:458 BKE_modifier_set_error: Object: "rear cuirass row 4 bevelled lamellar plate 04", Modifier: "weighted normals", Enable 'Auto Smooth' in Object Data Properties
ERROR (bke.modifier): ./source/blender/blenkernel/intern/modifier.cc:458 BKE_modifier_set_error: Object: "front cuirass row 5 bevelled lamellar plate 02", Modifier: "weighted normals", Enable 'Auto Smooth' in Object Data Properties
ERROR (bke.modifier): ./source/blender/blenkernel/intern/modifier.cc:458 BKE_modifier_set_error: Object: "rear cuirass row 4 bevelled lamellar plate 03", Modifier: "weighted normals", Enable 'Auto Smooth' in Object Data Properties
ERROR (bke.modifier): ./source/blender/blenkernel/intern/modifier.cc:458 BKE_modifier_set_error: Object: "rear cuirass row 4 bevelled lamellar plate 05", Modifier: "weighted normals", Enable 'Auto Smooth' in Object Data Properties
ERROR (bke.modifier): ./source/blender/blenkernel/intern/modifier.cc:458 BKE_modifier_set_error: Object: "rear cuirass row 4 bevelled lamellar plate 06", Modifier: "weighted normals", Enable 'Auto Smooth' in Object Data Properties
ERROR (bke.modifier): ./source/blender/blenkernel/intern/modifier.cc:458 BKE_modifier_set_error: Object: "front cuirass row 5 bevelled lamellar plate 05", Modifier: "weighted normals", Enable 'Auto Smooth' in Object Data Properties
ERROR (bke.modifier): ./source/blender/blenkernel/intern/modifier.cc:458 BKE_modifier_set_error: Object: "rear cuirass row 4 bevelled lamellar plate 08", Modifier: "weighted normals", Enable 'Auto Smooth' in Object Data Properties
ERROR (bke.modifier): ./source/blender/blenkernel/intern/modifier.cc:458 BKE_modifier_set_error: Object: "rear cuirass row 4 bevelled lamellar plate 07", Modifier: "weighted normals", Enable 'Auto Smooth' in Object Data Properties
ERROR (bke.modifier): ./source/blender/blenkernel/intern/modifier.cc:458 BKE_modifier_set_error: Object: "front cuirass row 5 bevelled lamellar plate 01", Modifier: "weighted normals", Enable 'Auto Smooth' in Object Data Properties
ERROR (bke.modifier): ./source/blender/blenkernel/intern/modifier.cc:458 BKE_modifier_set_error: Object: "front cuirass row 5 bevelled lamellar plate 08", Modifier: "weighted normals", Enable 'Auto Smooth' in Object Data Properties
ERROR (bke.modifier): ./source/blender/blenkernel/intern/modifier.cc:458 BKE_modifier_set_error: Object: "front cuirass row 5 bevelled lamellar plate 03", Modifier: "weighted normals", Enable 'Auto Smooth' in Object Data Properties
ERROR (bke.modifier): ./source/blender/blenkernel/intern/modifier.cc:458 BKE_modifier_set_error: Object: "front cuirass row 5 bevelled lamellar plate 06", Modifier: "weighted normals", Enable 'Auto Smooth' in Object Data Properties
ERROR (bke.modifier): ./source/blender/blenkernel/intern/modifier.cc:458 BKE_modifier_set_error: Object: "front cuirass row 5 bevelled lamellar plate 04", Modifier: "weighted normals", Enable 'Auto Smooth' in Object Data Properties
ERROR (bke.modifier): ./source/blender/blenkernel/intern/modifier.cc:458 BKE_modifier_set_error: Object: "rear cuirass row 5 bevelled lamellar plate 06", Modifier: "weighted normals", Enable 'Auto Smooth' in Object Data Properties
ERROR (bke.modifier): ./source/blender/blenkernel/intern/modifier.cc:458 BKE_modifier_set_error: Object: "rear cuirass row 5 bevelled lamellar plate 03", Modifier: "weighted normals", Enable 'Auto Smooth' in Object Data Properties
ERROR (bke.modifier): ./source/blender/blenkernel/intern/modifier.cc:458 BKE_modifier_set_error: Object: "rear cuirass row 5 bevelled lamellar plate 01", Modifier: "weighted normals", Enable 'Auto Smooth' in Object Data Properties
ERROR (bke.modifier): ./source/blender/blenkernel/intern/modifier.cc:458 BKE_modifier_set_error: Object: "rear cuirass row 5 bevelled lamellar plate 02", Modifier: "weighted normals", Enable 'Auto Smooth' in Object Data Properties
ERROR (bke.modifier): ./source/blender/blenkernel/intern/modifier.cc:458 BKE_modifier_set_error: Object: "front cuirass row 5 bevelled lamellar plate 07", Modifier: "weighted normals", Enable 'Auto Smooth' in Object Data Properties
ERROR (bke.modifier): ./source/blender/blenkernel/intern/modifier.cc:458 BKE_modifier_set_error: Object: "left shoulder undercloth", Modifier: "weighted normals", Enable 'Auto Smooth' in Object Data Properties
ERROR (bke.modifier): ./source/blender/blenkernel/intern/modifier.cc:458 BKE_modifier_set_error: Object: "rear cuirass row 5 bevelled lamellar plate 04", Modifier: "weighted normals", Enable 'Auto Smooth' in Object Data Properties
ERROR (bke.modifier): ./source/blender/blenkernel/intern/modifier.cc:458 BKE_modifier_set_error: Object: "rear cuirass row 5 bevelled lamellar plate 05", Modifier: "weighted normals", Enable 'Auto Smooth' in Object Data Properties
ERROR (bke.modifier): ./source/blender/blenkernel/intern/modifier.cc:458 BKE_modifier_set_error: Object: "rear cuirass row 5 bevelled lamellar plate 07", Modifier: "weighted normals", Enable 'Auto Smooth' in Object Data Properties
ERROR (bke.modifier): ./source/blender/blenkernel/intern/modifier.cc:458 BKE_modifier_set_error: Object: "left side cuirass plate 2", Modifier: "weighted normals", Enable 'Auto Smooth' in Object Data Properties
ERROR (bke.modifier): ./source/blender/blenkernel/intern/modifier.cc:458 BKE_modifier_set_error: Object: "left sode shoulder armor", Modifier: "weighted normals", Enable 'Auto Smooth' in Object Data Properties
ERROR (bke.modifier): ./source/blender/blenkernel/intern/modifier.cc:458 BKE_modifier_set_error: Object: "left armored upper arm", Modifier: "weighted normals", Enable 'Auto Smooth' in Object Data Properties
ERROR (bke.modifier): ./source/blender/blenkernel/intern/modifier.cc:458 BKE_modifier_set_error: Object: "left kote forearm guard", Modifier: "weighted normals", Enable 'Auto Smooth' in Object Data Properties
ERROR (bke.modifier): ./source/blender/blenkernel/intern/modifier.cc:458 BKE_modifier_set_error: Object: "rear cuirass row 5 bevelled lamellar plate 08", Modifier: "weighted normals", Enable 'Auto Smooth' in Object Data Properties
ERROR (bke.modifier): ./source/blender/blenkernel/intern/modifier.cc:458 BKE_modifier_set_error: Object: "left side cuirass plate 3", Modifier: "weighted normals", Enable 'Auto Smooth' in Object Data Properties
ERROR (bke.modifier): ./source/blender/blenkernel/intern/modifier.cc:458 BKE_modifier_set_error: Object: "left leather palm volume", Modifier: "weighted normals", Enable 'Auto Smooth' in Object Data Properties
ERROR (bke.modifier): ./source/blender/blenkernel/intern/modifier.cc:458 BKE_modifier_set_error: Object: "left index fingertip", Modifier: "weighted normals", Enable 'Auto Smooth' in Object Data Properties
ERROR (bke.modifier): ./source/blender/blenkernel/intern/modifier.cc:458 BKE_modifier_set_error: Object: "square tsuba guard", Modifier: "weighted normals", Enable 'Auto Smooth' in Object Data Properties
ERROR (bke.modifier): ./source/blender/blenkernel/intern/modifier.cc:458 BKE_modifier_set_error: Object: "left middle fingertip", Modifier: "weighted normals", Enable 'Auto Smooth' in Object Data Properties
ERROR (bke.modifier): ./source/blender/blenkernel/intern/modifier.cc:458 BKE_modifier_set_error: Object: "left ring fingertip", Modifier: "weighted normals", Enable 'Auto Smooth' in Object Data Properties
ERROR (bke.modifier): ./source/blender/blenkernel/intern/modifier.cc:458 BKE_modifier_set_error: Object: "left pinky fingertip", Modifier: "weighted normals", Enable 'Auto Smooth' in Object Data Properties
ERROR (bke.modifier): ./source/blender/blenkernel/intern/modifier.cc:458 BKE_modifier_set_error: Object: "wrapped katana grip", Modifier: "weighted normals", Enable 'Auto Smooth' in Object Data Properties
ERROR (bke.modifier): ./source/blender/blenkernel/intern/modifier.cc:458 BKE_modifier_set_error: Object: "right side cuirass plate 1", Modifier: "weighted normals", Enable 'Auto Smooth' in Object Data Properties
ERROR (bke.modifier): ./source/blender/blenkernel/intern/modifier.cc:458 BKE_modifier_set_error: Object: "left thumb fingertip", Modifier: "weighted normals", Enable 'Auto Smooth' in Object Data Properties
ERROR (bke.modifier): ./source/blender/blenkernel/intern/modifier.cc:458 BKE_modifier_set_error: Object: "left side cuirass plate 1", Modifier: "weighted normals", Enable 'Auto Smooth' in Object Data Properties
ERROR (bke.modifier): ./source/blender/blenkernel/intern/modifier.cc:458 BKE_modifier_set_error: Object: "right side cuirass plate 2", Modifier: "weighted normals", Enable 'Auto Smooth' in Object Data Properties
ERROR (bke.modifier): ./source/blender/blenkernel/intern/modifier.cc:458 BKE_modifier_set_error: Object: "right shoulder undercloth", Modifier: "weighted normals", Enable 'Auto Smooth' in Object Data Properties
ERROR (bke.modifier): ./source/blender/blenkernel/intern/modifier.cc:458 BKE_modifier_set_error: Object: "right armored upper arm", Modifier: "weighted normals", Enable 'Auto Smooth' in Object Data Properties
ERROR (bke.modifier): ./source/blender/blenkernel/intern/modifier.cc:458 BKE_modifier_set_error: Object: "right sode shoulder armor", Modifier: "weighted normals", Enable 'Auto Smooth' in Object Data Properties
ERROR (bke.modifier): ./source/blender/blenkernel/intern/modifier.cc:458 BKE_modifier_set_error: Object: "right kote forearm guard", Modifier: "weighted normals", Enable 'Auto Smooth' in Object Data Properties
ERROR (bke.modifier): ./source/blender/blenkernel/intern/modifier.cc:458 BKE_modifier_set_error: Object: "right side cuirass plate 3", Modifier: "weighted normals", Enable 'Auto Smooth' in Object Data Properties
ERROR (bke.modifier): ./source/blender/blenkernel/intern/modifier.cc:458 BKE_modifier_set_error: Object: "left hanging sode shoulder plate 1", Modifier: "weighted normals", Enable 'Auto Smooth' in Object Data Properties
ERROR (bke.modifier): ./source/blender/blenkernel/intern/modifier.cc:458 BKE_modifier_set_error: Object: "right leather palm volume", Modifier: "weighted normals", Enable 'Auto Smooth' in Object Data Properties
ERROR (bke.modifier): ./source/blender/blenkernel/intern/modifier.cc:458 BKE_modifier_set_error: Object: "right index fingertip", Modifier: "weighted normals", Enable 'Auto Smooth' in Object Data Properties
ERROR (bke.modifier): ./source/blender/blenkernel/intern/modifier.cc:458 BKE_modifier_set_error: Object: "left hanging sode shoulder plate 2", Modifier: "weighted normals", Enable 'Auto Smooth' in Object Data Properties
ERROR (bke.modifier): ./source/blender/blenkernel/intern/modifier.cc:458 BKE_modifier_set_error: Object: "left hanging sode shoulder plate 4", Modifier: "weighted normals", Enable 'Auto Smooth' in Object Data Properties
ERROR (bke.modifier): ./source/blender/blenkernel/intern/modifier.cc:458 BKE_modifier_set_error: Object: "right middle fingertip", Modifier: "weighted normals", Enable 'Auto Smooth' in Object Data Properties
ERROR (bke.modifier): ./source/blender/blenkernel/intern/modifier.cc:458 BKE_modifier_set_error: Object: "right ring fingertip", Modifier: "weighted normals", Enable 'Auto Smooth' in Object Data Properties
ERROR (bke.modifier): ./source/blender/blenkernel/intern/modifier.cc:458 BKE_modifier_set_error: Object: "right pinky fingertip", Modifier: "weighted normals", Enable 'Auto Smooth' in Object Data Properties
ERROR (bke.modifier): ./source/blender/blenkernel/intern/modifier.cc:458 BKE_modifier_set_error: Object: "left hanging sode shoulder plate 3", Modifier: "weighted normals", Enable 'Auto Smooth' in Object Data Properties
ERROR (bke.modifier): ./source/blender/blenkernel/intern/modifier.cc:458 BKE_modifier_set_error: Object: "right thumb fingertip", Modifier: "weighted normals", Enable 'Auto Smooth' in Object Data Properties
ERROR (bke.modifier): ./source/blender/blenkernel/intern/modifier.cc:458 BKE_modifier_set_error: Object: "right hanging sode shoulder plate 1", Modifier: "weighted normals", Enable 'Auto Smooth' in Object Data Properties
ERROR (bke.modifier): ./source/blender/blenkernel/intern/modifier.cc:458 BKE_modifier_set_error: Object: "right hanging sode shoulder plate 4", Modifier: "weighted normals", Enable 'Auto Smooth' in Object Data Properties
ERROR (bke.modifier): ./source/blender/blenkernel/intern/modifier.cc:458 BKE_modifier_set_error: Object: "kusazuri skirt plate -1 row 2", Modifier: "weighted normals", Enable 'Auto Smooth' in Object Data Properties
ERROR (bke.modifier): ./source/blender/blenkernel/intern/modifier.cc:458 BKE_modifier_set_error: Object: "rear kusazuri skirt plate -1 row 2", Modifier: "weighted normals", Enable 'Auto Smooth' in Object Data Properties
ERROR (bke.modifier): ./source/blender/blenkernel/intern/modifier.cc:458 BKE_modifier_set_error: Object: "rear kusazuri skirt plate +0 row 2", Modifier: "weighted normals", Enable 'Auto Smooth' in Object Data Properties
ERROR (bke.modifier): ./source/blender/blenkernel/intern/modifier.cc:458 BKE_modifier_set_error: Object: "kusazuri skirt plate -1 row 1", Modifier: "weighted normals", Enable 'Auto Smooth' in Object Data Properties
ERROR (bke.modifier): ./source/blender/blenkernel/intern/modifier.cc:458 BKE_modifier_set_error: Object: "kusazuri skirt plate +0 row 1", Modifier: "weighted normals", Enable 'Auto Smooth' in Object Data Properties
ERROR (bke.modifier): ./source/blender/blenkernel/intern/modifier.cc:458 BKE_modifier_set_error: Object: "rear kusazuri skirt plate -1 row 3", Modifier: "weighted normals", Enable 'Auto Smooth' in Object Data Properties
ERROR (bke.modifier): ./source/blender/blenkernel/intern/modifier.cc:458 BKE_modifier_set_error: Object: "right hanging sode shoulder plate 3", Modifier: "weighted normals", Enable 'Auto Smooth' in Object Data Properties
ERROR (bke.modifier): ./source/blender/blenkernel/intern/modifier.cc:458 BKE_modifier_set_error: Object: "kusazuri skirt plate +0 row 3", Modifier: "weighted normals", Enable 'Auto Smooth' in Object Data Properties
ERROR (bke.modifier): ./source/blender/blenkernel/intern/modifier.cc:458 BKE_modifier_set_error: Object: "rear kusazuri skirt plate +1 row 1", Modifier: "weighted normals", Enable 'Auto Smooth' in Object Data Properties
ERROR (bke.modifier): ./source/blender/blenkernel/intern/modifier.cc:458 BKE_modifier_set_error: Object: "rear kusazuri skirt plate -1 row 1", Modifier: "weighted normals", Enable 'Auto Smooth' in Object Data Properties
ERROR (bke.modifier): ./source/blender/blenkernel/intern/modifier.cc:458 BKE_modifier_set_error: Object: "kusazuri skirt plate -1 row 3", Modifier: "weighted normals", Enable 'Auto Smooth' in Object Data Properties
ERROR (bke.modifier): ./source/blender/blenkernel/intern/modifier.cc:458 BKE_modifier_set_error: Object: "rear kusazuri skirt plate +0 row 3", Modifier: "weighted normals", Enable 'Auto Smooth' in Object Data Properties
ERROR (bke.modifier): ./source/blender/blenkernel/intern/modifier.cc:458 BKE_modifier_set_error: Object: "left shin greave", Modifier: "weighted normals", Enable 'Auto Smooth' in Object Data Properties
ERROR (bke.modifier): ./source/blender/blenkernel/intern/modifier.cc:458 BKE_modifier_set_error: Object: "left hakama trouser leg", Modifier: "weighted normals", Enable 'Auto Smooth' in Object Data Properties
ERROR (bke.modifier): ./source/blender/blenkernel/intern/modifier.cc:458 BKE_modifier_set_error: Object: "kusazuri skirt plate +1 row 1", Modifier: "weighted normals", Enable 'Auto Smooth' in Object Data Properties
ERROR (bke.modifier): ./source/blender/blenkernel/intern/modifier.cc:458 BKE_modifier_set_error: Object: "rear kusazuri skirt plate +0 row 1", Modifier: "weighted normals", Enable 'Auto Smooth' in Object Data Properties
ERROR (bke.modifier): ./source/blender/blenkernel/intern/modifier.cc:458 BKE_modifier_set_error: Object: "kusazuri skirt plate +0 row 2", Modifier: "weighted normals", Enable 'Auto Smooth' in Object Data Properties
ERROR (bke.modifier): ./source/blender/blenkernel/intern/modifier.cc:458 BKE_modifier_set_error: Object: "kusazuri skirt plate +1 row 2", Modifier: "weighted normals", Enable 'Auto Smooth' in Object Data Properties
ERROR (bke.modifier): ./source/blender/blenkernel/intern/modifier.cc:458 BKE_modifier_set_error: Object: "left split-toe tabi foot volume", Modifier: "weighted normals", Enable 'Auto Smooth' in Object Data Properties
ERROR (bke.modifier): ./source/blender/blenkernel/intern/modifier.cc:458 BKE_modifier_set_error: Object: "rear kusazuri skirt plate +1 row 2", Modifier: "weighted normals", Enable 'Auto Smooth' in Object Data Properties
ERROR (bke.modifier): ./source/blender/blenkernel/intern/modifier.cc:458 BKE_modifier_set_error: Object: "left separated big toe", Modifier: "weighted normals", Enable 'Auto Smooth' in Object Data Properties
ERROR (bke.modifier): ./source/blender/blenkernel/intern/modifier.cc:458 BKE_modifier_set_error: Object: "left outer toe group", Modifier: "weighted normals", Enable 'Auto Smooth' in Object Data Properties
ERROR (bke.modifier): ./source/blender/blenkernel/intern/modifier.cc:458 BKE_modifier_set_error: Object: "right hakama trouser leg", Modifier: "weighted normals", Enable 'Auto Smooth' in Object Data Properties
ERROR (bke.modifier): ./source/blender/blenkernel/intern/modifier.cc:458 BKE_modifier_set_error: Object: "right shin greave", Modifier: "weighted normals", Enable 'Auto Smooth' in Object Data Properties
ERROR (bke.modifier): ./source/blender/blenkernel/intern/modifier.cc:458 BKE_modifier_set_error: Object: "right side hakama fold", Modifier: "weighted normals", Enable 'Auto Smooth' in Object Data Properties
ERROR (bke.modifier): ./source/blender/blenkernel/intern/modifier.cc:458 BKE_modifier_set_error: Object: "right split-toe tabi foot volume", Modifier: "weighted normals", Enable 'Auto Smooth' in Object Data Properties
ERROR (bke.modifier): ./source/blender/blenkernel/intern/modifier.cc:458 BKE_modifier_set_error: Object: "right separated big toe", Modifier: "weighted normals", Enable 'Auto Smooth' in Object Data Properties
ERROR (bke.modifier): ./source/blender/blenkernel/intern/modifier.cc:458 BKE_modifier_set_error: Object: "right hanging sode shoulder plate 2", Modifier: "weighted normals", Enable 'Auto Smooth' in Object Data Properties
ERROR (bke.modifier): ./source/blender/blenkernel/intern/modifier.cc:458 BKE_modifier_set_error: Object: "rear kusazuri skirt plate +1 row 3", Modifier: "weighted normals", Enable 'Auto Smooth' in Object Data Properties
ERROR (bke.modifier): ./source/blender/blenkernel/intern/modifier.cc:458 BKE_modifier_set_error: Object: "right outer toe group", Modifier: "weighted normals", Enable 'Auto Smooth' in Object Data Properties
ERROR (bke.modifier): ./source/blender/blenkernel/intern/modifier.cc:458 BKE_modifier_set_error: Object: "left hanging hakama outer cloth", Modifier: "weighted normals", Enable 'Auto Smooth' in Object Data Properties
ERROR (bke.modifier): ./source/blender/blenkernel/intern/modifier.cc:458 BKE_modifier_set_error: Object: "right hanging hakama outer cloth", Modifier: "weighted normals", Enable 'Auto Smooth' in Object Data Properties
ERROR (bke.modifier): ./source/blender/blenkernel/intern/modifier.cc:458 BKE_modifier_set_error: Object: "kusazuri skirt plate +1 row 3", Modifier: "weighted normals", Enable 'Auto Smooth' in Object Data Properties
ERROR (bke.modifier): ./source/blender/blenkernel/intern/modifier.cc:458 BKE_modifier_set_error: Object: "left side hakama fold", Modifier: "weighted normals", Enable 'Auto Smooth' in Object Data Properties
ERROR (bke.modifier): ./source/blender/blenkernel/intern/modifier.cc:458 BKE_modifier_set_error: Object: "right woven waraji sole grounded", Modifier: "weighted normals", Enable 'Auto Smooth' in Object Data Properties
ERROR (bke.modifier): ./source/blender/blenkernel/intern/modifier.cc:458 BKE_modifier_set_error: Object: "left woven waraji sole grounded", Modifier: "weighted normals", Enable 'Auto Smooth' in Object Data Properties
Fra:1 Mem:48.61M (Peak 48.63M) | Time:00:00.05 | Syncing matte charcoal inspection plinth
Fra:1 Mem:48.62M (Peak 48.67M) | Time:00:00.05 | Syncing ribcage under-kimono volume
Fra:1 Mem:48.71M (Peak 48.71M) | Time:00:00.05 | Syncing narrow waist under-kimono volume
Fra:1 Mem:48.78M (Peak 48.78M) | Time:00:00.05 | Syncing visible human forehead behind mem
Fra:1 Mem:48.87M (Peak 48.87M) | Time:00:00.05 | Syncing thin exposed neck
Fra:1 Mem:48.88M (Peak 48.89M) | Time:00:00.05 | Syncing neck guard collar
Fra:1 Mem:48.90M (Peak 48.94M) | Time:00:00.05 | Syncing segmented kabuto helmet bowl
Fra:1 Mem:49.06M (Peak 49.07M) | Time:00:00.05 | Syncing wide kabuto brim
Fra:1 Mem:49.09M (Peak 49.09M) | Time:00:00.05 | Syncing layered rear shikoro neck guard
Fra:1 Mem:49.11M (Peak 49.11M) | Time:00:00.05 | Syncing left side helmet flange
Fra:1 Mem:49.12M (Peak 49.12M) | Time:00:00.06 | Syncing right side helmet flange
Fra:1 Mem:49.13M (Peak 49.13M) | Time:00:00.06 | Syncing golden maedate crescent crest
Fra:1 Mem:49.15M (Peak 49.20M) | Time:00:00.06 | Syncing crest central rivet
Fra:1 Mem:49.16M (Peak 49.20M) | Time:00:00.06 | Syncing left angular mempo cheek plate
Fra:1 Mem:49.18M (Peak 49.22M) | Time:00:00.06 | Syncing right angular mempo cheek plate
Fra:1 Mem:49.20M (Peak 49.22M) | Time:00:00.06 | Syncing mempo chin guard
Fra:1 Mem:49.22M (Peak 49.22M) | Time:00:00.06 | Syncing mempo nose ridge
Fra:1 Mem:49.23M (Peak 49.23M) | Time:00:00.06 | Syncing left narrow eye slit
Fra:1 Mem:49.25M (Peak 49.25M) | Time:00:00.06 | Syncing right narrow eye slit
Fra:1 Mem:49.26M (Peak 49.26M) | Time:00:00.06 | Syncing mempo grim mouth slit
Fra:1 Mem:49.27M (Peak 49.27M) | Time:00:00.06 | Syncing left mask moustache bristle
Fra:1 Mem:49.28M (Peak 49.28M) | Time:00:00.06 | Syncing right mask moustache bristle
Fra:1 Mem:49.29M (Peak 49.29M) | Time:00:00.06 | Syncing throat guard row 1 bevelled lamel
Fra:1 Mem:49.31M (Peak 49.31M) | Time:00:00.06 | Syncing throat guard row 1 bevelled lamel
Fra:1 Mem:49.33M (Peak 49.33M) | Time:00:00.06 | Syncing throat guard row 1 bevelled lamel
Fra:1 Mem:49.34M (Peak 49.34M) | Time:00:00.06 | Syncing throat guard row 1 bevelled lamel
Fra:1 Mem:49.36M (Peak 49.36M) | Time:00:00.06 | Syncing throat guard row 1 bevelled lamel
Fra:1 Mem:49.38M (Peak 49.38M) | Time:00:00.06 | Syncing throat guard row 2 bevelled lamel
Fra:1 Mem:49.40M (Peak 49.40M) | Time:00:00.06 | Syncing throat guard row 2 bevelled lamel
Fra:1 Mem:49.42M (Peak 49.42M) | Time:00:00.06 | Syncing throat guard row 2 bevelled lamel
Fra:1 Mem:49.44M (Peak 49.44M) | Time:00:00.06 | Syncing throat guard row 2 bevelled lamel
Fra:1 Mem:49.46M (Peak 49.46M) | Time:00:00.06 | Syncing throat guard row 2 bevelled lamel
Fra:1 Mem:49.48M (Peak 49.48M) | Time:00:00.06 | Syncing throat guard row 3 bevelled lamel
Fra:1 Mem:49.50M (Peak 49.50M) | Time:00:00.06 | Syncing throat guard row 3 bevelled lamel
Fra:1 Mem:49.52M (Peak 49.52M) | Time:00:00.06 | Syncing throat guard row 3 bevelled lamel
Fra:1 Mem:49.54M (Peak 49.54M) | Time:00:00.06 | Syncing throat guard row 3 bevelled lamel
Fra:1 Mem:49.56M (Peak 49.56M) | Time:00:00.06 | Syncing throat guard row 3 bevelled lamel
Fra:1 Mem:49.58M (Peak 49.58M) | Time:00:00.06 | Syncing front under-kimono chest panel
Fra:1 Mem:49.60M (Peak 49.60M) | Time:00:00.06 | Syncing rear under-kimono back panel
Fra:1 Mem:49.63M (Peak 49.63M) | Time:00:00.06 | Syncing upper do cuirass fitted shell
Fra:1 Mem:49.73M (Peak 49.73M) | Time:00:00.06 | Syncing lower do cuirass narrowed shell
Fra:1 Mem:49.81M (Peak 49.81M) | Time:00:00.06 | Syncing front cuirass row 1 bevelled lame
Fra:1 Mem:49.83M (Peak 49.83M) | Time:00:00.06 | Syncing front cuirass row 1 bevelled lame
Fra:1 Mem:49.85M (Peak 49.85M) | Time:00:00.06 | Syncing front cuirass row 1 bevelled lame
Fra:1 Mem:49.87M (Peak 49.87M) | Time:00:00.06 | Syncing front cuirass row 1 bevelled lame
Fra:1 Mem:49.89M (Peak 49.89M) | Time:00:00.06 | Syncing front cuirass row 1 bevelled lame
Fra:1 Mem:49.91M (Peak 49.91M) | Time:00:00.06 | Syncing front cuirass row 1 bevelled lame
Fra:1 Mem:49.93M (Peak 49.93M) | Time:00:00.06 | Syncing front cuirass row 1 bevelled lame
Fra:1 Mem:49.95M (Peak 49.95M) | Time:00:00.06 | Syncing front cuirass row 1 bevelled lame
Fra:1 Mem:49.97M (Peak 49.97M) | Time:00:00.06 | Syncing rear cuirass row 1 bevelled lamel
Fra:1 Mem:49.99M (Peak 49.99M) | Time:00:00.06 | Syncing rear cuirass row 1 bevelled lamel
Fra:1 Mem:50.01M (Peak 50.01M) | Time:00:00.06 | Syncing rear cuirass row 1 bevelled lamel
Fra:1 Mem:50.03M (Peak 50.03M) | Time:00:00.06 | Syncing rear cuirass row 1 bevelled lamel
Fra:1 Mem:50.05M (Peak 50.05M) | Time:00:00.06 | Syncing rear cuirass row 1 bevelled lamel
Fra:1 Mem:50.07M (Peak 50.07M) | Time:00:00.06 | Syncing rear cuirass row 1 bevelled lamel
Fra:1 Mem:50.08M (Peak 50.08M) | Time:00:00.06 | Syncing rear cuirass row 1 bevelled lamel
Fra:1 Mem:50.10M (Peak 50.10M) | Time:00:00.06 | Syncing rear cuirass row 1 bevelled lamel
Fra:1 Mem:50.12M (Peak 50.12M) | Time:00:00.06 | Syncing front cuirass row 2 bevelled lame
Fra:1 Mem:50.14M (Peak 50.14M) | Time:00:00.06 | Syncing front cuirass row 2 bevelled lame
Fra:1 Mem:50.16M (Peak 50.16M) | Time:00:00.06 | Syncing front cuirass row 2 bevelled lame
Fra:1 Mem:50.18M (Peak 50.18M) | Time:00:00.06 | Syncing front cuirass row 2 bevelled lame
Fra:1 Mem:50.20M (Peak 50.20M) | Time:00:00.06 | Syncing front cuirass row 2 bevelled lame
Fra:1 Mem:50.22M (Peak 50.22M) | Time:00:00.06 | Syncing front cuirass row 2 bevelled lame
Fra:1 Mem:50.24M (Peak 50.24M) | Time:00:00.06 | Syncing front cuirass row 2 bevelled lame
Fra:1 Mem:50.26M (Peak 50.26M) | Time:00:00.06 | Syncing front cuirass row 2 bevelled lame
Fra:1 Mem:50.28M (Peak 50.28M) | Time:00:00.06 | Syncing rear cuirass row 2 bevelled lamel
Fra:1 Mem:50.30M (Peak 50.30M) | Time:00:00.06 | Syncing rear cuirass row 2 bevelled lamel
Fra:1 Mem:50.32M (Peak 50.32M) | Time:00:00.06 | Syncing rear cuirass row 2 bevelled lamel
Fra:1 Mem:50.34M (Peak 50.34M) | Time:00:00.06 | Syncing rear cuirass row 2 bevelled lamel
Fra:1 Mem:50.36M (Peak 50.36M) | Time:00:00.06 | Syncing rear cuirass row 2 bevelled lamel
Fra:1 Mem:50.38M (Peak 50.38M) | Time:00:00.06 | Syncing rear cuirass row 2 bevelled lamel
Fra:1 Mem:50.40M (Peak 50.40M) | Time:00:00.06 | Syncing rear cuirass row 2 bevelled lamel
Fra:1 Mem:50.41M (Peak 50.41M) | Time:00:00.06 | Syncing rear cuirass row 2 bevelled lamel
Fra:1 Mem:50.43M (Peak 50.43M) | Time:00:00.06 | Syncing front cuirass row 3 bevelled lame
Fra:1 Mem:50.45M (Peak 50.45M) | Time:00:00.06 | Syncing front cuirass row 3 bevelled lame
Fra:1 Mem:50.47M (Peak 50.47M) | Time:00:00.06 | Syncing front cuirass row 3 bevelled lame
Fra:1 Mem:50.49M (Peak 50.49M) | Time:00:00.06 | Syncing front cuirass row 3 bevelled lame
Fra:1 Mem:50.51M (Peak 50.51M) | Time:00:00.06 | Syncing front cuirass row 3 bevelled lame
Fra:1 Mem:50.53M (Peak 50.53M) | Time:00:00.06 | Syncing front cuirass row 3 bevelled lame
Fra:1 Mem:50.55M (Peak 50.55M) | Time:00:00.06 | Syncing front cuirass row 3 bevelled lame
Fra:1 Mem:50.57M (Peak 50.57M) | Time:00:00.06 | Syncing front cuirass row 3 bevelled lame
Fra:1 Mem:50.59M (Peak 50.59M) | Time:00:00.06 | Syncing rear cuirass row 3 bevelled lamel
Fra:1 Mem:50.61M (Peak 50.61M) | Time:00:00.06 | Syncing rear cuirass row 3 bevelled lamel
Fra:1 Mem:50.63M (Peak 50.63M) | Time:00:00.06 | Syncing rear cuirass row 3 bevelled lamel
Fra:1 Mem:50.65M (Peak 50.65M) | Time:00:00.06 | Syncing rear cuirass row 3 bevelled lamel
Fra:1 Mem:50.67M (Peak 50.67M) | Time:00:00.06 | Syncing rear cuirass row 3 bevelled lamel
Fra:1 Mem:50.68M (Peak 50.68M) | Time:00:00.06 | Syncing rear cuirass row 3 bevelled lamel
Fra:1 Mem:50.70M (Peak 50.70M) | Time:00:00.06 | Syncing rear cuirass row 3 bevelled lamel
Fra:1 Mem:50.72M (Peak 50.72M) | Time:00:00.06 | Syncing rear cuirass row 3 bevelled lamel
Fra:1 Mem:50.74M (Peak 50.74M) | Time:00:00.06 | Syncing front cuirass row 4 bevelled lame
Fra:1 Mem:50.76M (Peak 50.76M) | Time:00:00.06 | Syncing front cuirass row 4 bevelled lame
Fra:1 Mem:50.78M (Peak 50.78M) | Time:00:00.06 | Syncing front cuirass row 4 bevelled lame
Fra:1 Mem:50.80M (Peak 50.80M) | Time:00:00.06 | Syncing front cuirass row 4 bevelled lame
Fra:1 Mem:50.82M (Peak 50.82M) | Time:00:00.06 | Syncing front cuirass row 4 bevelled lame
Fra:1 Mem:50.84M (Peak 50.84M) | Time:00:00.06 | Syncing front cuirass row 4 bevelled lame
Fra:1 Mem:50.86M (Peak 50.86M) | Time:00:00.06 | Syncing front cuirass row 4 bevelled lame
Fra:1 Mem:50.88M (Peak 50.88M) | Time:00:00.06 | Syncing front cuirass row 4 bevelled lame
Fra:1 Mem:50.90M (Peak 50.90M) | Time:00:00.06 | Syncing rear cuirass row 4 bevelled lamel
Fra:1 Mem:50.92M (Peak 50.92M) | Time:00:00.06 | Syncing rear cuirass row 4 bevelled lamel
Fra:1 Mem:50.94M (Peak 50.94M) | Time:00:00.06 | Syncing rear cuirass row 4 bevelled lamel
Fra:1 Mem:50.95M (Peak 50.95M) | Time:00:00.06 | Syncing rear cuirass row 4 bevelled lamel
Fra:1 Mem:50.97M (Peak 50.97M) | Time:00:00.06 | Syncing rear cuirass row 4 bevelled lamel
Fra:1 Mem:50.99M (Peak 50.99M) | Time:00:00.06 | Syncing rear cuirass row 4 bevelled lamel
Fra:1 Mem:51.01M (Peak 51.01M) | Time:00:00.06 | Syncing rear cuirass row 4 bevelled lamel
Fra:1 Mem:51.03M (Peak 51.03M) | Time:00:00.07 | Syncing rear cuirass row 4 bevelled lamel
Fra:1 Mem:51.05M (Peak 51.05M) | Time:00:00.07 | Syncing front cuirass row 5 bevelled lame
Fra:1 Mem:51.07M (Peak 51.07M) | Time:00:00.07 | Syncing front cuirass row 5 bevelled lame
Fra:1 Mem:51.09M (Peak 51.09M) | Time:00:00.07 | Syncing front cuirass row 5 bevelled lame
Fra:1 Mem:51.11M (Peak 51.11M) | Time:00:00.07 | Syncing front cuirass row 5 bevelled lame
Fra:1 Mem:51.13M (Peak 51.13M) | Time:00:00.07 | Syncing front cuirass row 5 bevelled lame
Fra:1 Mem:51.15M (Peak 51.15M) | Time:00:00.07 | Syncing front cuirass row 5 bevelled lame
Fra:1 Mem:51.17M (Peak 51.17M) | Time:00:00.07 | Syncing front cuirass row 5 bevelled lame
Fra:1 Mem:51.19M (Peak 51.19M) | Time:00:00.07 | Syncing front cuirass row 5 bevelled lame
Fra:1 Mem:51.21M (Peak 51.21M) | Time:00:00.07 | Syncing rear cuirass row 5 bevelled lamel
Fra:1 Mem:51.23M (Peak 51.23M) | Time:00:00.07 | Syncing rear cuirass row 5 bevelled lamel
Fra:1 Mem:51.24M (Peak 51.24M) | Time:00:00.07 | Syncing rear cuirass row 5 bevelled lamel
Fra:1 Mem:51.26M (Peak 51.26M) | Time:00:00.07 | Syncing rear cuirass row 5 bevelled lamel
Fra:1 Mem:51.28M (Peak 51.28M) | Time:00:00.07 | Syncing rear cuirass row 5 bevelled lamel
Fra:1 Mem:51.30M (Peak 51.30M) | Time:00:00.07 | Syncing rear cuirass row 5 bevelled lamel
Fra:1 Mem:51.32M (Peak 51.32M) | Time:00:00.07 | Syncing rear cuirass row 5 bevelled lamel
Fra:1 Mem:51.34M (Peak 51.34M) | Time:00:00.07 | Syncing rear cuirass row 5 bevelled lamel
Fra:1 Mem:51.36M (Peak 51.36M) | Time:00:00.07 | Syncing front cuirass vertical odoshi lac
Fra:1 Mem:51.36M (Peak 51.42M) | Time:00:00.07 | Syncing front cuirass vertical odoshi lac
Fra:1 Mem:51.37M (Peak 51.42M) | Time:00:00.07 | Syncing front cuirass vertical odoshi lac
Fra:1 Mem:51.37M (Peak 51.42M) | Time:00:00.07 | Syncing front cuirass vertical odoshi lac
Fra:1 Mem:51.38M (Peak 51.42M) | Time:00:00.07 | Syncing front cuirass vertical odoshi lac
Fra:1 Mem:51.39M (Peak 51.42M) | Time:00:00.07 | Syncing front cuirass vertical odoshi lac
Fra:1 Mem:51.39M (Peak 51.42M) | Time:00:00.07 | Syncing rear cuirass vertical odoshi lace
Fra:1 Mem:51.40M (Peak 51.42M) | Time:00:00.07 | Syncing rear cuirass vertical odoshi lace
Fra:1 Mem:51.41M (Peak 51.42M) | Time:00:00.07 | Syncing rear cuirass vertical odoshi lace
Fra:1 Mem:51.41M (Peak 51.42M) | Time:00:00.07 | Syncing rear cuirass vertical odoshi lace
Fra:1 Mem:51.42M (Peak 51.42M) | Time:00:00.07 | Syncing rear cuirass vertical odoshi lace
Fra:1 Mem:51.43M (Peak 51.43M) | Time:00:00.07 | Syncing left side cuirass plate 1
Fra:1 Mem:51.44M (Peak 51.44M) | Time:00:00.07 | Syncing left side cuirass plate 2
Fra:1 Mem:51.45M (Peak 51.45M) | Time:00:00.07 | Syncing left side cuirass plate 3
Fra:1 Mem:51.47M (Peak 51.47M) | Time:00:00.07 | Syncing right side cuirass plate 1
Fra:1 Mem:51.48M (Peak 51.48M) | Time:00:00.07 | Syncing right side cuirass plate 2
Fra:1 Mem:51.50M (Peak 51.50M) | Time:00:00.07 | Syncing right side cuirass plate 3
Fra:1 Mem:51.51M (Peak 51.51M) | Time:00:00.07 | Syncing left shoulder undercloth
Fra:1 Mem:51.57M (Peak 51.57M) | Time:00:00.07 | Syncing left hanging sode shoulder plate 
Fra:1 Mem:51.58M (Peak 51.58M) | Time:00:00.07 | Syncing left hanging sode shoulder plate 
Fra:1 Mem:51.60M (Peak 51.60M) | Time:00:00.07 | Syncing left hanging sode shoulder plate 
Fra:1 Mem:51.62M (Peak 51.62M) | Time:00:00.07 | Syncing left hanging sode shoulder plate 
Fra:1 Mem:51.64M (Peak 51.64M) | Time:00:00.07 | Syncing left armored upper arm
Fra:1 Mem:51.70M (Peak 51.70M) | Time:00:00.07 | Syncing left sode shoulder armor
Fra:1 Mem:51.74M (Peak 51.74M) | Time:00:00.07 | Syncing left kote forearm guard
Fra:1 Mem:51.80M (Peak 51.80M) | Time:00:00.07 | Syncing left leather palm volume
Fra:1 Mem:51.83M (Peak 51.85M) | Time:00:00.07 | Syncing left articulated index finger
Fra:1 Mem:51.84M (Peak 51.85M) | Time:00:00.07 | Syncing left index fingertip
Fra:1 Mem:51.86M (Peak 51.86M) | Time:00:00.07 | Syncing left articulated middle finger
Fra:1 Mem:51.87M (Peak 51.87M) | Time:00:00.07 | Syncing left middle fingertip
Fra:1 Mem:51.88M (Peak 51.88M) | Time:00:00.07 | Syncing left articulated ring finger
Fra:1 Mem:51.89M (Peak 51.89M) | Time:00:00.07 | Syncing left ring fingertip
Fra:1 Mem:51.93M (Peak 51.93M) | Time:00:00.07 | Syncing left articulated pinky finger
Fra:1 Mem:51.94M (Peak 51.94M) | Time:00:00.07 | Syncing left pinky fingertip
Fra:1 Mem:51.95M (Peak 51.95M) | Time:00:00.07 | Syncing left opposed thumb
Fra:1 Mem:51.96M (Peak 51.96M) | Time:00:00.07 | Syncing left thumb fingertip
Fra:1 Mem:51.97M (Peak 51.97M) | Time:00:00.07 | Syncing right shoulder undercloth
Fra:1 Mem:52.03M (Peak 52.03M) | Time:00:00.07 | Syncing right hanging sode shoulder plate
Fra:1 Mem:52.05M (Peak 52.05M) | Time:00:00.07 | Syncing right hanging sode shoulder plate
Fra:1 Mem:52.07M (Peak 52.07M) | Time:00:00.07 | Syncing right hanging sode shoulder plate
Fra:1 Mem:52.09M (Peak 52.09M) | Time:00:00.07 | Syncing right hanging sode shoulder plate
Fra:1 Mem:52.11M (Peak 52.11M) | Time:00:00.07 | Syncing right armored upper arm
Fra:1 Mem:52.16M (Peak 52.16M) | Time:00:00.07 | Syncing right sode shoulder armor
Fra:1 Mem:52.20M (Peak 52.20M) | Time:00:00.07 | Syncing right kote forearm guard
Fra:1 Mem:52.26M (Peak 52.26M) | Time:00:00.07 | Syncing right leather palm volume
Fra:1 Mem:52.30M (Peak 52.30M) | Time:00:00.07 | Syncing right articulated index finger
Fra:1 Mem:52.31M (Peak 52.31M) | Time:00:00.07 | Syncing right index fingertip
Fra:1 Mem:52.32M (Peak 52.32M) | Time:00:00.07 | Syncing right articulated middle finger
Fra:1 Mem:52.33M (Peak 52.33M) | Time:00:00.07 | Syncing right middle fingertip
Fra:1 Mem:52.34M (Peak 52.34M) | Time:00:00.07 | Syncing right articulated ring finger
Fra:1 Mem:52.35M (Peak 52.35M) | Time:00:00.07 | Syncing right ring fingertip
Fra:1 Mem:52.36M (Peak 52.36M) | Time:00:00.07 | Syncing right articulated pinky finger
Fra:1 Mem:52.37M (Peak 52.37M) | Time:00:00.07 | Syncing right pinky fingertip
Fra:1 Mem:52.38M (Peak 52.38M) | Time:00:00.07 | Syncing right opposed thumb
Fra:1 Mem:52.39M (Peak 52.39M) | Time:00:00.07 | Syncing right thumb fingertip
Fra:1 Mem:52.41M (Peak 52.41M) | Time:00:00.07 | Syncing kusazuri skirt plate -1 row 1
Fra:1 Mem:52.42M (Peak 52.42M) | Time:00:00.07 | Syncing rear kusazuri skirt plate -1 row 
Fra:1 Mem:52.43M (Peak 52.43M) | Time:00:00.07 | Syncing kusazuri skirt plate -1 row 2
Fra:1 Mem:52.45M (Peak 52.45M) | Time:00:00.07 | Syncing rear kusazuri skirt plate -1 row 
Fra:1 Mem:52.46M (Peak 52.46M) | Time:00:00.07 | Syncing kusazuri skirt plate -1 row 3
Fra:1 Mem:52.48M (Peak 52.48M) | Time:00:00.07 | Syncing rear kusazuri skirt plate -1 row 
Fra:1 Mem:52.49M (Peak 52.49M) | Time:00:00.07 | Syncing kusazuri skirt plate +0 row 1
Fra:1 Mem:52.50M (Peak 52.50M) | Time:00:00.07 | Syncing rear kusazuri skirt plate +0 row 
Fra:1 Mem:52.52M (Peak 52.52M) | Time:00:00.07 | Syncing kusazuri skirt plate +0 row 2
Fra:1 Mem:52.53M (Peak 52.53M) | Time:00:00.07 | Syncing rear kusazuri skirt plate +0 row 
Fra:1 Mem:52.54M (Peak 52.54M) | Time:00:00.07 | Syncing kusazuri skirt plate +0 row 3
Fra:1 Mem:52.56M (Peak 52.56M) | Time:00:00.07 | Syncing rear kusazuri skirt plate +0 row 
Fra:1 Mem:52.57M (Peak 52.57M) | Time:00:00.07 | Syncing kusazuri skirt plate +1 row 1
Fra:1 Mem:52.59M (Peak 52.59M) | Time:00:00.07 | Syncing rear kusazuri skirt plate +1 row 
Fra:1 Mem:52.60M (Peak 52.60M) | Time:00:00.07 | Syncing kusazuri skirt plate +1 row 2
Fra:1 Mem:52.61M (Peak 52.61M) | Time:00:00.07 | Syncing rear kusazuri skirt plate +1 row 
Fra:1 Mem:52.63M (Peak 52.63M) | Time:00:00.07 | Syncing kusazuri skirt plate +1 row 3
Fra:1 Mem:52.64M (Peak 52.64M) | Time:00:00.07 | Syncing rear kusazuri skirt plate +1 row 
Fra:1 Mem:52.66M (Peak 52.66M) | Time:00:00.07 | Syncing left hanging hakama outer cloth
Fra:1 Mem:52.68M (Peak 52.68M) | Time:00:00.07 | Syncing left side hakama fold
Fra:1 Mem:52.71M (Peak 52.71M) | Time:00:00.07 | Syncing right hanging hakama outer cloth
Fra:1 Mem:52.74M (Peak 52.74M) | Time:00:00.07 | Syncing right side hakama fold
Fra:1 Mem:52.76M (Peak 52.76M) | Time:00:00.07 | Syncing left hakama trouser leg
Fra:1 Mem:52.82M (Peak 52.82M) | Time:00:00.07 | Syncing left shin greave
Fra:1 Mem:52.87M (Peak 52.87M) | Time:00:00.07 | Syncing left split-toe tabi foot volume
Fra:1 Mem:52.92M (Peak 52.92M) | Time:00:00.07 | Syncing left separated big toe
Fra:1 Mem:52.94M (Peak 52.94M) | Time:00:00.07 | Syncing left outer toe group
Fra:1 Mem:52.96M (Peak 52.96M) | Time:00:00.07 | Syncing left woven waraji sole grounded
Fra:1 Mem:52.97M (Peak 52.97M) | Time:00:00.07 | Syncing left sandal toe strap
Fra:1 Mem:52.98M (Peak 52.98M) | Time:00:00.07 | Syncing left heel strap
Fra:1 Mem:52.98M (Peak 52.98M) | Time:00:00.07 | Syncing left hakama pleat 1
Fra:1 Mem:52.99M (Peak 52.99M) | Time:00:00.07 | Syncing left hakama pleat 2
Fra:1 Mem:52.99M (Peak 52.99M) | Time:00:00.07 | Syncing left hakama pleat 3
Fra:1 Mem:53.00M (Peak 53.00M) | Time:00:00.07 | Syncing right hakama trouser leg
Fra:1 Mem:53.06M (Peak 53.06M) | Time:00:00.07 | Syncing right shin greave
Fra:1 Mem:53.11M (Peak 53.11M) | Time:00:00.07 | Syncing right split-toe tabi foot volume
Fra:1 Mem:53.16M (Peak 53.16M) | Time:00:00.07 | Syncing right separated big toe
Fra:1 Mem:53.18M (Peak 53.18M) | Time:00:00.07 | Syncing right outer toe group
Fra:1 Mem:53.20M (Peak 53.20M) | Time:00:00.07 | Syncing right woven waraji sole grounded
Fra:1 Mem:53.21M (Peak 53.21M) | Time:00:00.07 | Syncing right sandal toe strap
Fra:1 Mem:53.22M (Peak 53.22M) | Time:00:00.07 | Syncing right heel strap
Fra:1 Mem:53.22M (Peak 53.22M) | Time:00:00.07 | Syncing right hakama pleat 1
Fra:1 Mem:53.23M (Peak 53.23M) | Time:00:00.07 | Syncing right hakama pleat 2
Fra:1 Mem:53.23M (Peak 53.23M) | Time:00:00.07 | Syncing right hakama pleat 3
Fra:1 Mem:53.24M (Peak 53.24M) | Time:00:00.07 | Syncing drawn katana blade spine
Fra:1 Mem:53.25M (Peak 53.30M) | Time:00:00.07 | Syncing bright sharpened katana edge
Fra:1 Mem:53.26M (Peak 53.31M) | Time:00:00.07 | Syncing wrapped katana grip
Fra:1 Mem:53.27M (Peak 53.31M) | Time:00:00.07 | Syncing square tsuba guard
Fra:1 Mem:53.28M (Peak 53.31M) | Time:00:00.07 | Syncing lacquered saya scabbard at left h
Fra:1 Mem:53.28M (Peak 53.31M) | Time:00:00.07 | Syncing waist sash tying armor
Fra:1 Mem:53.29M (Peak 53.31M) | Time:00:00.07 | Syncing bamboo sashimono back pole
Fra:1 Mem:53.30M (Peak 53.31M) | Time:00:00.07 | Syncing small lacquered sashimono crossba
Fra:1 Mem:53.31M (Peak 53.31M) | Time:00:00.07 | Syncing cloth sashimono banner panel
Fra:1 Mem:53.33M (Peak 53.37M) | Time:00:00.07 | Syncing simple round clan mon on banner
Fra:1 Mem:53.37M (Peak 53.37M) | Time:00:00.07 | Syncing cool key
Fra:1 Mem:53.37M (Peak 53.37M) | Time:00:00.07 | Syncing rim
Fra:1 Mem:53.37M (Peak 53.37M) | Time:00:00.07 | Syncing hero cam
Fra:1 Mem:53.37M (Peak 53.37M) | Time:00:00.07 | Syncing samurai_v2_provenance
Fra:1 Mem:53.45M (Peak 53.55M) | Time:00:00.08 | Rendering 1 / 32 samples
Fra:1 Mem:50.93M (Peak 53.55M) | Time:00:02.46 | Rendering 26 / 32 samples
Fra:1 Mem:50.93M (Peak 53.55M) | Time:00:02.92 | Rendering 32 / 32 samples
Saved: '/tmp/factoryx-v23-render/samurai-repaired-full-20-v23/takeda-01/turntable_001.png'
 Time: 00:03.03 (Saving: 00:00.03)

ERROR (bke.modifier): ./source/blender/blenkernel/intern/modifier.cc:458 BKE_modifier_set_error: Object: "throat guard row 1 bevelled lamellar plate 02", Modifier: "weighted normals", Enable 'Auto Smooth' in Object Data Properties
ERROR (bke.modifier): ./source/blender/blenkernel/intern/modifier.cc:458 BKE_modifier_set_error: Object: "throat guard row 1 bevelled lamellar plate 05", Modifier: "weighted normals", Enable 'Auto Smooth' in Object Data Properties
ERROR (bke.modifier): ./source/blender/blenkernel/intern/modifier.cc:458 BKE_modifier_set_error: Object: "throat guard row 1 bevelled lamellar plate 04", Modifier: "weighted normals", Enable 'Auto Smooth' in Object Data Properties
ERROR (bke.modifier): ./source/blender/blenkernel/intern/modifier.cc:458 BKE_modifier_set_error: Object: "throat guard row 1 bevelled lamellar plate 03", Modifier: "weighted normals", Enable 'Auto Smooth' in Object Data Properties
ERROR (bke.modifier): ./source/blender/blenkernel/intern/modifier.cc:458 BKE_modifier_set_error: Object: "throat guard row 2 bevelled lamellar plate 01", Modifier: "weighted normals", Enable 'Auto Smooth' in Object Data Properties
ERROR (bke.modifier): ./source/blender/blenkernel/intern/modifier.cc:458 BKE_modifier_set_error: Object: "throat guard row 2 bevelled lamellar plate 04", Modifier: "weighted normals", Enable 'Auto Smooth' in Object Data Properties
ERROR (bke.modifier): ./source/blender/blenkernel/intern/modifier.cc:458 BKE_modifier_set_error: Object: "throat guard row 2 bevelled lamellar plate 03", Modifier: "weighted normals", Enable 'Auto Smooth' in Object Data Properties
ERROR (bke.modifier): ./source/blender/blenkernel/intern/modifier.cc:458 BKE_modifier_set_error: Object: "upper do cuirass fitted shell", Modifier: "weighted normals", Enable 'Auto Smooth' in Object Data Properties
ERROR (bke.modifier): ./source/blender/blenkernel/intern/modifier.cc:458 BKE_modifier_set_error: Object: "lower do cuirass narrowed shell", Modifier: "weighted normals", Enable 'Auto Smooth' in Object Data Properties
ERROR (bke.modifier): ./source/blender/blenkernel/intern/modifier.cc:458 BKE_modifier_set_error: Object: "throat guard row 2 bevelled lamellar plate 05", Modifier: "weighted normals", Enable 'Auto Smooth' in Object Data Properties
ERROR (bke.modifier): ./source/blender/blenkernel/intern/modifier.cc:458 BKE_modifier_set_error: Object: "throat guard row 3 bevelled lamellar plate 01", Modifier: "weighted normals", Enable 'Auto Smooth' in Object Data Properties
ERROR (bke.modifier): ./source/blender/blenkernel/intern/modifier.cc:458 BKE_modifier_set_error: Object: "throat guard row 2 bevelled lamellar plate 02", Modifier: "weighted normals", Enable 'Auto Smooth' in Object Data Properties
ERROR (bke.modifier): ./source/blender/blenkernel/intern/modifier.cc:458 BKE_modifier_set_error: Object: "throat guard row 3 bevelled lamellar plate 03", Modifier: "weighted normals", Enable 'Auto Smooth' in Object Data Properties
ERROR (bke.modifier): ./source/blender/blenkernel/intern/modifier.cc:458 BKE_modifier_set_error: Object: "throat guard row 3 bevelled lamellar plate 05", Modifier: "weighted normals", Enable 'Auto Smooth' in Object Data Properties
ERROR (bke.modifier): ./source/blender/blenkernel/intern/modifier.cc:458 BKE_modifier_set_error: Object: "front under-kimono chest panel", Modifier: "weighted normals", Enable 'Auto Smooth' in Object Data Properties
ERROR (bke.modifier): ./source/blender/blenkernel/intern/modifier.cc:458 BKE_modifier_set_error: Object: "throat guard row 1 bevelled lamellar plate 01", Modifier: "weighted normals", Enable 'Auto Smooth' in Object Data Properties
ERROR (bke.modifier): ./source/blender/blenkernel/intern/modifier.cc:458 BKE_modifier_set_error: Object: "throat guard row 3 bevelled lamellar plate 04", Modifier: "weighted normals", Enable 'Auto Smooth' in Object Data Properties
ERROR (bke.modifier): ./source/blender/blenkernel/intern/modifier.cc:458 BKE_modifier_set_error: Object: "throat guard row 3 bevelled lamellar plate 02", Modifier: "weighted normals", Enable 'Auto Smooth' in Object Data Properties
ERROR (bke.modifier): ./source/blender/blenkernel/intern/modifier.cc:458 BKE_modifier_set_error: Object: "front cuirass row 1 bevelled lamellar plate 01", Modifier: "weighted normals", Enable 'Auto Smooth' in Object Data Properties
ERROR (bke.modifier): ./source/blender/blenkernel/intern/modifier.cc:458 BKE_modifier_set_error: Object: "front cuirass row 1 bevelled lamellar plate 02", Modifier: "weighted normals", Enable 'Auto Smooth' in Object Data Properties
ERROR (bke.modifier): ./source/blender/blenkernel/intern/modifier.cc:458 BKE_modifier_set_error: Object: "rear under-kimono back panel", Modifier: "weighted normals", Enable 'Auto Smooth' in Object Data Properties
ERROR (bke.modifier): ./source/blender/blenkernel/intern/modifier.cc:458 BKE_modifier_set_error: Object: "front cuirass row 1 bevelled lamellar plate 05", Modifier: "weighted normals", Enable 'Auto Smooth' in Object Data Properties
ERROR (bke.modifier): ./source/blender/blenkernel/intern/modifier.cc:458 BKE_modifier_set_error: Object: "rear cuirass row 1 bevelled lamellar plate 02", Modifier: "weighted normals", Enable 'Auto Smooth' in Object Data Properties
ERROR (bke.modifier): ./source/blender/blenkernel/intern/modifier.cc:458 BKE_modifier_set_error: Object: "front cuirass row 1 bevelled lamellar plate 07", Modifier: "weighted normals", Enable 'Auto Smooth' in Object Data Properties
ERROR (bke.modifier): ./source/blender/blenkernel/intern/modifier.cc:458 BKE_modifier_set_error: Object: "front cuirass row 1 bevelled lamellar plate 04", Modifier: "weighted normals", Enable 'Auto Smooth' in Object Data Properties
ERROR (bke.modifier): ./source/blender/blenkernel/intern/modifier.cc:458 BKE_modifier_set_error: Object: "rear cuirass row 1 bevelled lamellar plate 01", Modifier: "weighted normals", Enable 'Auto Smooth' in Object Data Properties
ERROR (bke.modifier): ./source/blender/blenkernel/intern/modifier.cc:458 BKE_modifier_set_error: Object: "front cuirass row 1 bevelled lamellar plate 06", Modifier: "weighted normals", Enable 'Auto Smooth' in Object Data Properties
ERROR (bke.modifier): ./source/blender/blenkernel/intern/modifier.cc:458 BKE_modifier_set_error: Object: "front cuirass row 1 bevelled lamellar plate 03", Modifier: "weighted normals", Enable 'Auto Smooth' in Object Data Properties
ERROR (bke.modifier): ./source/blender/blenkernel/intern/modifier.cc:458 BKE_modifier_set_error: Object: "front cuirass row 1 bevelled lamellar plate 08", Modifier: "weighted normals", Enable 'Auto Smooth' in Object Data Properties
ERROR (bke.modifier): ./source/blender/blenkernel/intern/modifier.cc:458 BKE_modifier_set_error: Object: "rear cuirass row 1 bevelled lamellar plate 03", Modifier: "weighted normals", Enable 'Auto Smooth' in Object Data Properties
ERROR (bke.modifier): ./source/blender/blenkernel/intern/modifier.cc:458 BKE_modifier_set_error: Object: "rear cuirass row 1 bevelled lamellar plate 04", Modifier: "weighted normals", Enable 'Auto Smooth' in Object Data Properties
ERROR (bke.modifier): ./source/blender/blenkernel/intern/modifier.cc:458 BKE_modifier_set_error: Object: "mempo grim mouth slit", Modifier: "weighted normals", Enable 'Auto Smooth' in Object Data Properties
ERROR (bke.modifier): ./source/blender/blenkernel/intern/modifier.cc:458 BKE_modifier_set_error: Object: "rear cuirass row 1 bevelled lamellar plate 07", Modifier: "weighted normals", Enable 'Auto Smooth' in Object Data Properties
ERROR (bke.modifier): ./source/blender/blenkernel/intern/modifier.cc:458 BKE_modifier_set_error: Object: "rear cuirass row 1 bevelled lamellar plate 05", Modifier: "weighted normals", Enable 'Auto Smooth' in Object Data Properties
ERROR (bke.modifier): ./source/blender/blenkernel/intern/modifier.cc:458 BKE_modifier_set_error: Object: "front cuirass row 2 bevelled lamellar plate 02", Modifier: "weighted normals", Enable 'Auto Smooth' in Object Data Properties
ERROR (bke.modifier): ./source/blender/blenkernel/intern/modifier.cc:458 BKE_modifier_set_error: Object: "rear cuirass row 1 bevelled lamellar plate 06", Modifier: "weighted normals", Enable 'Auto Smooth' in Object Data Properties
ERROR (bke.modifier): ./source/blender/blenkernel/intern/modifier.cc:458 BKE_modifier_set_error: Object: "rear cuirass row 1 bevelled lamellar plate 08", Modifier: "weighted normals", Enable 'Auto Smooth' in Object Data Properties
ERROR (bke.modifier): ./source/blender/blenkernel/intern/modifier.cc:458 BKE_modifier_set_error: Object: "front cuirass row 2 bevelled lamellar plate 01", Modifier: "weighted normals", Enable 'Auto Smooth' in Object Data Properties
ERROR (bke.modifier): ./source/blender/blenkernel/intern/modifier.cc:458 BKE_modifier_set_error: Object: "front cuirass row 2 bevelled lamellar plate 07", Modifier: "weighted normals", Enable 'Auto Smooth' in Object Data Properties
ERROR (bke.modifier): ./source/blender/blenkernel/intern/modifier.cc:458 BKE_modifier_set_error: Object: "front cuirass row 2 bevelled lamellar plate 05", Modifier: "weighted normals", Enable 'Auto Smooth' in Object Data Properties
ERROR (bke.modifier): ./source/blender/blenkernel/intern/modifier.cc:458 BKE_modifier_set_error: Object: "front cuirass row 2 bevelled lamellar plate 04", Modifier: "weighted normals", Enable 'Auto Smooth' in Object Data Properties
ERROR (bke.modifier): ./source/blender/blenkernel/intern/modifier.cc:458 BKE_modifier_set_error: Object: "front cuirass row 2 bevelled lamellar plate 03", Modifier: "weighted normals", Enable 'Auto Smooth' in Object Data Properties
ERROR (bke.modifier): ./source/blender/blenkernel/intern/modifier.cc:458 BKE_modifier_set_error: Object: "right narrow eye slit", Modifier: "weighted normals", Enable 'Auto Smooth' in Object Data Properties
ERROR (bke.modifier): ./source/blender/blenkernel/intern/modifier.cc:458 BKE_modifier_set_error: Object: "front cuirass row 2 bevelled lamellar plate 06", Modifier: "weighted normals", Enable 'Auto Smooth' in Object Data Properties
ERROR (bke.modifier): ./source/blender/blenkernel/intern/modifier.cc:458 BKE_modifier_set_error: Object: "rear cuirass row 2 bevelled lamellar plate 01", Modifier: "weighted normals", Enable 'Auto Smooth' in Object Data Properties
ERROR (bke.modifier): ./source/blender/blenkernel/intern/modifier.cc:458 BKE_modifier_set_error: Object: "front cuirass row 2 bevelled lamellar plate 08", Modifier: "weighted normals", Enable 'Auto Smooth' in Object Data Properties
ERROR (bke.modifier): ./source/blender/blenkernel/intern/modifier.cc:458 BKE_modifier_set_error: Object: "rear cuirass row 2 bevelled lamellar plate 02", Modifier: "weighted normals", Enable 'Auto Smooth' in Object Data Properties
ERROR (bke.modifier): ./source/blender/blenkernel/intern/modifier.cc:458 BKE_modifier_set_error: Object: "rear cuirass row 2 bevelled lamellar plate 03", Modifier: "weighted normals", Enable 'Auto Smooth' in Object Data Properties
ERROR (bke.modifier): ./source/blender/blenkernel/intern/modifier.cc:458 BKE_modifier_set_error: Object: "rear cuirass row 2 bevelled lamellar plate 04", Modifier: "weighted normals", Enable 'Auto Smooth' in Object Data Properties
ERROR (bke.modifier): ./source/blender/blenkernel/intern/modifier.cc:458 BKE_modifier_set_error: Object: "rear cuirass row 2 bevelled lamellar plate 07", Modifier: "weighted normals", Enable 'Auto Smooth' in Object Data Properties
ERROR (bke.modifier): ./source/blender/blenkernel/intern/modifier.cc:458 BKE_modifier_set_error: Object: "rear cuirass row 2 bevelled lamellar plate 05", Modifier: "weighted normals", Enable 'Auto Smooth' in Object Data Properties
ERROR (bke.modifier): ./source/blender/blenkernel/intern/modifier.cc:458 BKE_modifier_set_error: Object: "rear cuirass row 2 bevelled lamellar plate 06", Modifier: "weighted normals", Enable 'Auto Smooth' in Object Data Properties
ERROR (bke.modifier): ./source/blender/blenkernel/intern/modifier.cc:458 BKE_modifier_set_error: Object: "left narrow eye slit", Modifier: "weighted normals", Enable 'Auto Smooth' in Object Data Properties
ERROR (bke.modifier): ./source/blender/blenkernel/intern/modifier.cc:458 BKE_modifier_set_error: Object: "front cuirass row 3 bevelled lamellar plate 02", Modifier: "weighted normals", Enable 'Auto Smooth' in Object Data Properties
ERROR (bke.modifier): ./source/blender/blenkernel/intern/modifier.cc:458 BKE_modifier_set_error: Object: "front cuirass row 3 bevelled lamellar plate 01", Modifier: "weighted normals", Enable 'Auto Smooth' in Object Data Properties
ERROR (bke.modifier): ./source/blender/blenkernel/intern/modifier.cc:458 BKE_modifier_set_error: Object: "front cuirass row 3 bevelled lamellar plate 03", Modifier: "weighted normals", Enable 'Auto Smooth' in Object Data Properties
ERROR (bke.modifier): ./source/blender/blenkernel/intern/modifier.cc:458 BKE_modifier_set_error: Object: "rear cuirass row 2 bevelled lamellar plate 08", Modifier: "weighted normals", Enable 'Auto Smooth' in Object Data Properties
ERROR (bke.modifier): ./source/blender/blenkernel/intern/modifier.cc:458 BKE_modifier_set_error: Object: "front cuirass row 3 bevelled lamellar plate 04", Modifier: "weighted normals", Enable 'Auto Smooth' in Object Data Properties
ERROR (bke.modifier): ./source/blender/blenkernel/intern/modifier.cc:458 BKE_modifier_set_error: Object: "rear cuirass row 3 bevelled lamellar plate 01", Modifier: "weighted normals", Enable 'Auto Smooth' in Object Data Properties
ERROR (bke.modifier): ./source/blender/blenkernel/intern/modifier.cc:458 BKE_modifier_set_error: Object: "front cuirass row 3 bevelled lamellar plate 05", Modifier: "weighted normals", Enable 'Auto Smooth' in Object Data Properties
ERROR (bke.modifier): ./source/blender/blenkernel/intern/modifier.cc:458 BKE_modifier_set_error: Object: "front cuirass row 3 bevelled lamellar plate 08", Modifier: "weighted normals", Enable 'Auto Smooth' in Object Data Properties
ERROR (bke.modifier): ./source/blender/blenkernel/intern/modifier.cc:458 BKE_modifier_set_error: Object: "front cuirass row 3 bevelled lamellar plate 07", Modifier: "weighted normals", Enable 'Auto Smooth' in Object Data Properties
ERROR (bke.modifier): ./source/blender/blenkernel/intern/modifier.cc:458 BKE_modifier_set_error: Object: "rear cuirass row 3 bevelled lamellar plate 02", Modifier: "weighted normals", Enable 'Auto Smooth' in Object Data Properties
ERROR (bke.modifier): ./source/blender/blenkernel/intern/modifier.cc:458 BKE_modifier_set_error: Object: "front cuirass row 3 bevelled lamellar plate 06", Modifier: "weighted normals", Enable 'Auto Smooth' in Object Data Properties
ERROR (bke.modifier): ./source/blender/blenkernel/intern/modifier.cc:458 BKE_modifier_set_error: Object: "rear cuirass row 3 bevelled lamellar plate 03", Modifier: "weighted normals", Enable 'Auto Smooth' in Object Data Properties
ERROR (bke.modifier): ./source/blender/blenkernel/intern/modifier.cc:458 BKE_modifier_set_error: Object: "mempo nose ridge", Modifier: "weighted normals", Enable 'Auto Smooth' in Object Data Properties
ERROR (bke.modifier): ./source/blender/blenkernel/intern/modifier.cc:458 BKE_modifier_set_error: Object: "rear cuirass row 3 bevelled lamellar plate 05", Modifier: "weighted normals", Enable 'Auto Smooth' in Object Data Properties
ERROR (bke.modifier): ./source/blender/blenkernel/intern/modifier.cc:458 BKE_modifier_set_error: Object: "rear cuirass row 3 bevelled lamellar plate 04", Modifier: "weighted normals", Enable 'Auto Smooth' in Object Data Properties
ERROR (bke.modifier): ./source/blender/blenkernel/intern/modifier.cc:458 BKE_modifier_set_error: Object: "rear cuirass row 3 bevelled lamellar plate 07", Modifier: "weighted normals", Enable 'Auto Smooth' in Object Data Properties
ERROR (bke.modifier): ./source/blender/blenkernel/intern/modifier.cc:458 BKE_modifier_set_error: Object: "front cuirass row 4 bevelled lamellar plate 04", Modifier: "weighted normals", Enable 'Auto Smooth' in Object Data Properties
ERROR (bke.modifier): ./source/blender/blenkernel/intern/modifier.cc:458 BKE_modifier_set_error: Object: "front cuirass row 4 bevelled lamellar plate 03", Modifier: "weighted normals", Enable 'Auto Smooth' in Object Data Properties
ERROR (bke.modifier): ./source/blender/blenkernel/intern/modifier.cc:458 BKE_modifier_set_error: Object: "front cuirass row 4 bevelled lamellar plate 07", Modifier: "weighted normals", Enable 'Auto Smooth' in Object Data Properties
ERROR (bke.modifier): ./source/blender/blenkernel/intern/modifier.cc:458 BKE_modifier_set_error: Object: "rear cuirass row 3 bevelled lamellar plate 06", Modifier: "weighted normals", Enable 'Auto Smooth' in Object Data Properties
ERROR (bke.modifier): ./source/blender/blenkernel/intern/modifier.cc:458 BKE_modifier_set_error: Object: "front cuirass row 4 bevelled lamellar plate 02", Modifier: "weighted normals", Enable 'Auto Smooth' in Object Data Properties
ERROR (bke.modifier): ./source/blender/blenkernel/intern/modifier.cc:458 BKE_modifier_set_error: Object: "rear cuirass row 3 bevelled lamellar plate 08", Modifier: "weighted normals", Enable 'Auto Smooth' in Object Data Properties
ERROR (bke.modifier): ./source/blender/blenkernel/intern/modifier.cc:458 BKE_modifier_set_error: Object: "front cuirass row 4 bevelled lamellar plate 08", Modifier: "weighted normals", Enable 'Auto Smooth' in Object Data Properties
ERROR (bke.modifier): ./source/blender/blenkernel/intern/modifier.cc:458 BKE_modifier_set_error: Object: "mempo chin guard", Modifier: "weighted normals", Enable 'Auto Smooth' in Object Data Properties
ERROR (bke.modifier): ./source/blender/blenkernel/intern/modifier.cc:458 BKE_modifier_set_error: Object: "front cuirass row 4 bevelled lamellar plate 01", Modifier: "weighted normals", Enable 'Auto Smooth' in Object Data Properties
ERROR (bke.modifier): ./source/blender/blenkernel/intern/modifier.cc:458 BKE_modifier_set_error: Object: "rear cuirass row 4 bevelled lamellar plate 01", Modifier: "weighted normals", Enable 'Auto Smooth' in Object Data Properties
ERROR (bke.modifier): ./source/blender/blenkernel/intern/modifier.cc:458 BKE_modifier_set_error: Object: "front cuirass row 4 bevelled lamellar plate 06", Modifier: "weighted normals", Enable 'Auto Smooth' in Object Data Properties
ERROR (bke.modifier): ./source/blender/blenkernel/intern/modifier.cc:458 BKE_modifier_set_error: Object: "rear cuirass row 4 bevelled lamellar plate 02", Modifier: "weighted normals", Enable 'Auto Smooth' in Object Data Properties
ERROR (bke.modifier): ./source/blender/blenkernel/intern/modifier.cc:458 BKE_modifier_set_error: Object: "front cuirass row 4 bevelled lamellar plate 05", Modifier: "weighted normals", Enable 'Auto Smooth' in Object Data Properties
ERROR (bke.modifier): ./source/blender/blenkernel/intern/modifier.cc:458 BKE_modifier_set_error: Object: "rear cuirass row 4 bevelled lamellar plate 04", Modifier: "weighted normals", Enable 'Auto Smooth' in Object Data Properties
ERROR (bke.modifier): ./source/blender/blenkernel/intern/modifier.cc:458 BKE_modifier_set_error: Object: "rear cuirass row 4 bevelled lamellar plate 03", Modifier: "weighted normals", Enable 'Auto Smooth' in Object Data Properties
ERROR (bke.modifier): ./source/blender/blenkernel/intern/modifier.cc:458 BKE_modifier_set_error: Object: "rear cuirass row 4 bevelled lamellar plate 05", Modifier: "weighted normals", Enable 'Auto Smooth' in Object Data Properties
ERROR (bke.modifier): ./source/blender/blenkernel/intern/modifier.cc:458 BKE_modifier_set_error: Object: "right angular mempo cheek plate", Modifier: "weighted normals", Enable 'Auto Smooth' in Object Data Properties
ERROR (bke.modifier): ./source/blender/blenkernel/intern/modifier.cc:458 BKE_modifier_set_error: Object: "rear cuirass row 4 bevelled lamellar plate 06", Modifier: "weighted normals", Enable 'Auto Smooth' in Object Data Properties
ERROR (bke.modifier): ./source/blender/blenkernel/intern/modifier.cc:458 BKE_modifier_set_error: Object: "rear cuirass row 4 bevelled lamellar plate 08", Modifier: "weighted normals", Enable 'Auto Smooth' in Object Data Properties
ERROR (bke.modifier): ./source/blender/blenkernel/intern/modifier.cc:458 BKE_modifier_set_error: Object: "rear cuirass row 4 bevelled lamellar plate 07", Modifier: "weighted normals", Enable 'Auto Smooth' in Object Data Properties
ERROR (bke.modifier): ./source/blender/blenkernel/intern/modifier.cc:458 BKE_modifier_set_error: Object: "front cuirass row 5 bevelled lamellar plate 01", Modifier: "weighted normals", Enable 'Auto Smooth' in Object Data Properties
ERROR (bke.modifier): ./source/blender/blenkernel/intern/modifier.cc:458 BKE_modifier_set_error: Object: "front cuirass row 5 bevelled lamellar plate 04", Modifier: "weighted normals", Enable 'Auto Smooth' in Object Data Properties
ERROR (bke.modifier): ./source/blender/blenkernel/intern/modifier.cc:458 BKE_modifier_set_error: Object: "front cuirass row 5 bevelled lamellar plate 02", Modifier: "weighted normals", Enable 'Auto Smooth' in Object Data Properties
ERROR (bke.modifier): ./source/blender/blenkernel/intern/modifier.cc:458 BKE_modifier_set_error: Object: "front cuirass row 5 bevelled lamellar plate 05", Modifier: "weighted normals", Enable 'Auto Smooth' in Object Data Properties
ERROR (bke.modifier): ./source/blender/blenkernel/intern/modifier.cc:458 BKE_modifier_set_error: Object: "front cuirass row 5 bevelled lamellar plate 06", Modifier: "weighted normals", Enable 'Auto Smooth' in Object Data Properties
ERROR (bke.modifier): ./source/blender/blenkernel/intern/modifier.cc:458 BKE_modifier_set_error: Object: "front cuirass row 5 bevelled lamellar plate 03", Modifier: "weighted normals", Enable 'Auto Smooth' in Object Data Properties
ERROR (bke.modifier): ./source/blender/blenkernel/intern/modifier.cc:458 BKE_modifier_set_error: Object: "rear cuirass row 5 bevelled lamellar plate 01", Modifier: "weighted normals", Enable 'Auto Smooth' in Object Data Properties
ERROR (bke.modifier): ./source/blender/blenkernel/intern/modifier.cc:458 BKE_modifier_set_error: Object: "front cuirass row 5 bevelled lamellar plate 07", Modifier: "weighted normals", Enable 'Auto Smooth' in Object Data Properties
ERROR (bke.modifier): ./source/blender/blenkernel/intern/modifier.cc:458 BKE_modifier_set_error: Object: "left angular mempo cheek plate", Modifier: "weighted normals", Enable 'Auto Smooth' in Object Data Properties
ERROR (bke.modifier): ./source/blender/blenkernel/intern/modifier.cc:458 BKE_modifier_set_error: Object: "crest central rivet", Modifier: "weighted normals", Enable 'Auto Smooth' in Object Data Properties
ERROR (bke.modifier): ./source/blender/blenkernel/intern/modifier.cc:458 BKE_modifier_set_error: Object: "front cuirass row 5 bevelled lamellar plate 08", Modifier: "weighted normals", Enable 'Auto Smooth' in Object Data Properties
ERROR (bke.modifier): ./source/blender/blenkernel/intern/modifier.cc:458 BKE_modifier_set_error: Object: "rear cuirass row 5 bevelled lamellar plate 02", Modifier: "weighted normals", Enable 'Auto Smooth' in Object Data Properties
ERROR (bke.modifier): ./source/blender/blenkernel/intern/modifier.cc:458 BKE_modifier_set_error: Object: "rear cuirass row 5 bevelled lamellar plate 03", Modifier: "weighted normals", Enable 'Auto Smooth' in Object Data Properties
ERROR (bke.modifier): ./source/blender/blenkernel/intern/modifier.cc:458 BKE_modifier_set_error: Object: "left shoulder undercloth", Modifier: "weighted normals", Enable 'Auto Smooth' in Object Data Properties
ERROR (bke.modifier): ./source/blender/blenkernel/intern/modifier.cc:458 BKE_modifier_set_error: Object: "rear cuirass row 5 bevelled lamellar plate 04", Modifier: "weighted normals", Enable 'Auto Smooth' in Object Data Properties
ERROR (bke.modifier): ./source/blender/blenkernel/intern/modifier.cc:458 BKE_modifier_set_error: Object: "rear cuirass row 5 bevelled lamellar plate 05", Modifier: "weighted normals", Enable 'Auto Smooth' in Object Data Properties
ERROR (bke.modifier): ./source/blender/blenkernel/intern/modifier.cc:458 BKE_modifier_set_error: Object: "rear cuirass row 5 bevelled lamellar plate 06", Modifier: "weighted normals", Enable 'Auto Smooth' in Object Data Properties
ERROR (bke.modifier): ./source/blender/blenkernel/intern/modifier.cc:458 BKE_modifier_set_error: Object: "rear cuirass row 5 bevelled lamellar plate 07", Modifier: "weighted normals", Enable 'Auto Smooth' in Object Data Properties
ERROR (bke.modifier): ./source/blender/blenkernel/intern/modifier.cc:458 BKE_modifier_set_error: Object: "right side helmet flange", Modifier: "weighted normals", Enable 'Auto Smooth' in Object Data Properties
ERROR (bke.modifier): ./source/blender/blenkernel/intern/modifier.cc:458 BKE_modifier_set_error: Object: "left armored upper arm", Modifier: "weighted normals", Enable 'Auto Smooth' in Object Data Properties
ERROR (bke.modifier): ./source/blender/blenkernel/intern/modifier.cc:458 BKE_modifier_set_error: Object: "rear cuirass row 5 bevelled lamellar plate 08", Modifier: "weighted normals", Enable 'Auto Smooth' in Object Data Properties
ERROR (bke.modifier): ./source/blender/blenkernel/intern/modifier.cc:458 BKE_modifier_set_error: Object: "left sode shoulder armor", Modifier: "weighted normals", Enable 'Auto Smooth' in Object Data Properties
ERROR (bke.modifier): ./source/blender/blenkernel/intern/modifier.cc:458 BKE_modifier_set_error: Object: "left kote forearm guard", Modifier: "weighted normals", Enable 'Auto Smooth' in Object Data Properties
ERROR (bke.modifier): ./source/blender/blenkernel/intern/modifier.cc:458 BKE_modifier_set_error: Object: "left leather palm volume", Modifier: "weighted normals", Enable 'Auto Smooth' in Object Data Properties
ERROR (bke.modifier): ./source/blender/blenkernel/intern/modifier.cc:458 BKE_modifier_set_error: Object: "left middle fingertip", Modifier: "weighted normals", Enable 'Auto Smooth' in Object Data Properties
ERROR (bke.modifier): ./source/blender/blenkernel/intern/modifier.cc:458 BKE_modifier_set_error: Object: "left index fingertip", Modifier: "weighted normals", Enable 'Auto Smooth' in Object Data Properties
ERROR (bke.modifier): ./source/blender/blenkernel/intern/modifier.cc:458 BKE_modifier_set_error: Object: "left side cuirass plate 2", Modifier: "weighted normals", Enable 'Auto Smooth' in Object Data Properties
ERROR (bke.modifier): ./source/blender/blenkernel/intern/modifier.cc:458 BKE_modifier_set_error: Object: "left side cuirass plate 3", Modifier: "weighted normals", Enable 'Auto Smooth' in Object Data Properties
ERROR (bke.modifier): ./source/blender/blenkernel/intern/modifier.cc:458 BKE_modifier_set_error: Object: "left ring fingertip", Modifier: "weighted normals", Enable 'Auto Smooth' in Object Data Properties
ERROR (bke.modifier): ./source/blender/blenkernel/intern/modifier.cc:458 BKE_modifier_set_error: Object: "left pinky fingertip", Modifier: "weighted normals", Enable 'Auto Smooth' in Object Data Properties
ERROR (bke.modifier): ./source/blender/blenkernel/intern/modifier.cc:458 BKE_modifier_set_error: Object: "right side cuirass plate 3", Modifier: "weighted normals", Enable 'Auto Smooth' in Object Data Properties
ERROR (bke.modifier): ./source/blender/blenkernel/intern/modifier.cc:458 BKE_modifier_set_error: Object: "right side cuirass plate 1", Modifier: "weighted normals", Enable 'Auto Smooth' in Object Data Properties
ERROR (bke.modifier): ./source/blender/blenkernel/intern/modifier.cc:458 BKE_modifier_set_error: Object: "left side helmet flange", Modifier: "weighted normals", Enable 'Auto Smooth' in Object Data Properties
ERROR (bke.modifier): ./source/blender/blenkernel/intern/modifier.cc:458 BKE_modifier_set_error: Object: "left thumb fingertip", Modifier: "weighted normals", Enable 'Auto Smooth' in Object Data Properties
ERROR (bke.modifier): ./source/blender/blenkernel/intern/modifier.cc:458 BKE_modifier_set_error: Object: "right shoulder undercloth", Modifier: "weighted normals", Enable 'Auto Smooth' in Object Data Properties
ERROR (bke.modifier): ./source/blender/blenkernel/intern/modifier.cc:458 BKE_modifier_set_error: Object: "right side cuirass plate 2", Modifier: "weighted normals", Enable 'Auto Smooth' in Object Data Properties
ERROR (bke.modifier): ./source/blender/blenkernel/intern/modifier.cc:458 BKE_modifier_set_error: Object: "layered rear shikoro neck guard", Modifier: "weighted normals", Enable 'Auto Smooth' in Object Data Properties
ERROR (bke.modifier): ./source/blender/blenkernel/intern/modifier.cc:458 BKE_modifier_set_error: Object: "right armored upper arm", Modifier: "weighted normals", Enable 'Auto Smooth' in Object Data Properties
ERROR (bke.modifier): ./source/blender/blenkernel/intern/modifier.cc:458 BKE_modifier_set_error: Object: "wide kabuto brim", Modifier: "weighted normals", Enable 'Auto Smooth' in Object Data Properties
ERROR (bke.modifier): ./source/blender/blenkernel/intern/modifier.cc:458 BKE_modifier_set_error: Object: "left side cuirass plate 1", Modifier: "weighted normals", Enable 'Auto Smooth' in Object Data Properties
ERROR (bke.modifier): ./source/blender/blenkernel/intern/modifier.cc:458 BKE_modifier_set_error: Object: "right sode shoulder armor", Modifier: "weighted normals", Enable 'Auto Smooth' in Object Data Properties
ERROR (bke.modifier): ./source/blender/blenkernel/intern/modifier.cc:458 BKE_modifier_set_error: Object: "left hanging sode shoulder plate 1", Modifier: "weighted normals", Enable 'Auto Smooth' in Object Data Properties
ERROR (bke.modifier): ./source/blender/blenkernel/intern/modifier.cc:458 BKE_modifier_set_error: Object: "right kote forearm guard", Modifier: "weighted normals", Enable 'Auto Smooth' in Object Data Properties
ERROR (bke.modifier): ./source/blender/blenkernel/intern/modifier.cc:458 BKE_modifier_set_error: Object: "segmented kabuto helmet bowl", Modifier: "weighted normals", Enable 'Auto Smooth' in Object Data Properties
ERROR (bke.modifier): ./source/blender/blenkernel/intern/modifier.cc:458 BKE_modifier_set_error: Object: "right leather palm volume", Modifier: "weighted normals", Enable 'Auto Smooth' in Object Data Properties
ERROR (bke.modifier): ./source/blender/blenkernel/intern/modifier.cc:458 BKE_modifier_set_error: Object: "left hanging sode shoulder plate 4", Modifier: "weighted normals", Enable 'Auto Smooth' in Object Data Properties
ERROR (bke.modifier): ./source/blender/blenkernel/intern/modifier.cc:458 BKE_modifier_set_error: Object: "right index fingertip", Modifier: "weighted normals", Enable 'Auto Smooth' in Object Data Properties
ERROR (bke.modifier): ./source/blender/blenkernel/intern/modifier.cc:458 BKE_modifier_set_error: Object: "left hanging sode shoulder plate 3", Modifier: "weighted normals", Enable 'Auto Smooth' in Object Data Properties
ERROR (bke.modifier): ./source/blender/blenkernel/intern/modifier.cc:458 BKE_modifier_set_error: Object: "right middle fingertip", Modifier: "weighted normals", Enable 'Auto Smooth' in Object Data Properties
ERROR (bke.modifier): ./source/blender/blenkernel/intern/modifier.cc:458 BKE_modifier_set_error: Object: "right ring fingertip", Modifier: "weighted normals", Enable 'Auto Smooth' in Object Data Properties
ERROR (bke.modifier): ./source/blender/blenkernel/intern/modifier.cc:458 BKE_modifier_set_error: Object: "left hanging sode shoulder plate 2", Modifier: "weighted normals", Enable 'Auto Smooth' in Object Data Properties
ERROR (bke.modifier): ./source/blender/blenkernel/intern/modifier.cc:458 BKE_modifier_set_error: Object: "right pinky fingertip", Modifier: "weighted normals", Enable 'Auto Smooth' in Object Data Properties
ERROR (bke.modifier): ./source/blender/blenkernel/intern/modifier.cc:458 BKE_modifier_set_error: Object: "right thumb fingertip", Modifier: "weighted normals", Enable 'Auto Smooth' in Object Data Properties
ERROR (bke.modifier): ./source/blender/blenkernel/intern/modifier.cc:458 BKE_modifier_set_error: Object: "neck guard collar", Modifier: "weighted normals", Enable 'Auto Smooth' in Object Data Properties
ERROR (bke.modifier): ./source/blender/blenkernel/intern/modifier.cc:458 BKE_modifier_set_error: Object: "right hanging sode shoulder plate 1", Modifier: "weighted normals", Enable 'Auto Smooth' in Object Data Properties
ERROR (bke.modifier): ./source/blender/blenkernel/intern/modifier.cc:458 BKE_modifier_set_error: Object: "thin exposed neck", Modifier: "weighted normals", Enable 'Auto Smooth' in Object Data Properties
ERROR (bke.modifier): ./source/blender/blenkernel/intern/modifier.cc:458 BKE_modifier_set_error: Object: "right hanging sode shoulder plate 3", Modifier: "weighted normals", Enable 'Auto Smooth' in Object Data Properties
ERROR (bke.modifier): ./source/blender/blenkernel/intern/modifier.cc:458 BKE_modifier_set_error: Object: "visible human forehead behind mempo", Modifier: "weighted normals", Enable 'Auto Smooth' in Object Data Properties
ERROR (bke.modifier): ./source/blender/blenkernel/intern/modifier.cc:458 BKE_modifier_set_error: Object: "right hanging sode shoulder plate 4", Modifier: "weighted normals", Enable 'Auto Smooth' in Object Data Properties
ERROR (bke.modifier): ./source/blender/blenkernel/intern/modifier.cc:458 BKE_modifier_set_error: Object: "right hanging sode shoulder plate 2", Modifier: "weighted normals", Enable 'Auto Smooth' in Object Data Properties
ERROR (bke.modifier): ./source/blender/blenkernel/intern/modifier.cc:458 BKE_modifier_set_error: Object: "narrow waist under-kimono volume", Modifier: "weighted normals", Enable 'Auto Smooth' in Object Data Properties
ERROR (bke.modifier): ./source/blender/blenkernel/intern/modifier.cc:458 BKE_modifier_set_error: Object: "kusazuri skirt plate -1 row 1", Modifier: "weighted normals", Enable 'Auto Smooth' in Object Data Properties
ERROR (bke.modifier): ./source/blender/blenkernel/intern/modifier.cc:458 BKE_modifier_set_error: Object: "kusazuri skirt plate +0 row 1", Modifier: "weighted normals", Enable 'Auto Smooth' in Object Data Properties
ERROR (bke.modifier): ./source/blender/blenkernel/intern/modifier.cc:458 BKE_modifier_set_error: Object: "ribcage under-kimono volume", Modifier: "weighted normals", Enable 'Auto Smooth' in Object Data Properties
ERROR (bke.modifier): ./source/blender/blenkernel/intern/modifier.cc:458 BKE_modifier_set_error: Object: "rear kusazuri skirt plate +0 row 2", Modifier: "weighted normals", Enable 'Auto Smooth' in Object Data Properties
ERROR (bke.modifier): ./source/blender/blenkernel/intern/modifier.cc:458 BKE_modifier_set_error: Object: "kusazuri skirt plate +0 row 3", Modifier: "weighted normals", Enable 'Auto Smooth' in Object Data Properties
ERROR (bke.modifier): ./source/blender/blenkernel/intern/modifier.cc:458 BKE_modifier_set_error: Object: "rear kusazuri skirt plate +0 row 3", Modifier: "weighted normals", Enable 'Auto Smooth' in Object Data Properties
ERROR (bke.modifier): ./source/blender/blenkernel/intern/modifier.cc:458 BKE_modifier_set_error: Object: "kusazuri skirt plate -1 row 3", Modifier: "weighted normals", Enable 'Auto Smooth' in Object Data Properties
ERROR (bke.modifier): ./source/blender/blenkernel/intern/modifier.cc:458 BKE_modifier_set_error: Object: "kusazuri skirt plate -1 row 2", Modifier: "weighted normals", Enable 'Auto Smooth' in Object Data Properties
ERROR (bke.modifier): ./source/blender/blenkernel/intern/modifier.cc:458 BKE_modifier_set_error: Object: "rear kusazuri skirt plate -1 row 1", Modifier: "weighted normals", Enable 'Auto Smooth' in Object Data Properties
ERROR (bke.modifier): ./source/blender/blenkernel/intern/modifier.cc:458 BKE_modifier_set_error: Object: "rear kusazuri skirt plate -1 row 2", Modifier: "weighted normals", Enable 'Auto Smooth' in Object Data Properties
ERROR (bke.modifier): ./source/blender/blenkernel/intern/modifier.cc:458 BKE_modifier_set_error: Object: "rear kusazuri skirt plate -1 row 3", Modifier: "weighted normals", Enable 'Auto Smooth' in Object Data Properties
ERROR (bke.modifier): ./source/blender/blenkernel/intern/modifier.cc:458 BKE_modifier_set_error: Object: "kusazuri skirt plate +0 row 2", Modifier: "weighted normals", Enable 'Auto Smooth' in Object Data Properties
ERROR (bke.modifier): ./source/blender/blenkernel/intern/modifier.cc:458 BKE_modifier_set_error: Object: "rear kusazuri skirt plate +0 row 1", Modifier: "weighted normals", Enable 'Auto Smooth' in Object Data Properties
ERROR (bke.modifier): ./source/blender/blenkernel/intern/modifier.cc:458 BKE_modifier_set_error: Object: "left hakama trouser leg", Modifier: "weighted normals", Enable 'Auto Smooth' in Object Data Properties
ERROR (bke.modifier): ./source/blender/blenkernel/intern/modifier.cc:458 BKE_modifier_set_error: Object: "left shin greave", Modifier: "weighted normals", Enable 'Auto Smooth' in Object Data Properties
ERROR (bke.modifier): ./source/blender/blenkernel/intern/modifier.cc:458 BKE_modifier_set_error: Object: "left separated big toe", Modifier: "weighted normals", Enable 'Auto Smooth' in Object Data Properties
ERROR (bke.modifier): ./source/blender/blenkernel/intern/modifier.cc:458 BKE_modifier_set_error: Object: "left split-toe tabi foot volume", Modifier: "weighted normals", Enable 'Auto Smooth' in Object Data Properties
ERROR (bke.modifier): ./source/blender/blenkernel/intern/modifier.cc:458 BKE_modifier_set_error: Object: "left outer toe group", Modifier: "weighted normals", Enable 'Auto Smooth' in Object Data Properties
ERROR (bke.modifier): ./source/blender/blenkernel/intern/modifier.cc:458 BKE_modifier_set_error: Object: "kusazuri skirt plate +1 row 1", Modifier: "weighted normals", Enable 'Auto Smooth' in Object Data Properties
ERROR (bke.modifier): ./source/blender/blenkernel/intern/modifier.cc:458 BKE_modifier_set_error: Object: "rear kusazuri skirt plate +1 row 2", Modifier: "weighted normals", Enable 'Auto Smooth' in Object Data Properties
ERROR (bke.modifier): ./source/blender/blenkernel/intern/modifier.cc:458 BKE_modifier_set_error: Object: "rear kusazuri skirt plate +1 row 3", Modifier: "weighted normals", Enable 'Auto Smooth' in Object Data Properties
ERROR (bke.modifier): ./source/blender/blenkernel/intern/modifier.cc:458 BKE_modifier_set_error: Object: "rear kusazuri skirt plate +1 row 1", Modifier: "weighted normals", Enable 'Auto Smooth' in Object Data Properties
ERROR (bke.modifier): ./source/blender/blenkernel/intern/modifier.cc:458 BKE_modifier_set_error: Object: "kusazuri skirt plate +1 row 3", Modifier: "weighted normals", Enable 'Auto Smooth' in Object Data Properties
ERROR (bke.modifier): ./source/blender/blenkernel/intern/modifier.cc:458 BKE_modifier_set_error: Object: "matte charcoal inspection plinth", Modifier: "weighted normals", Enable 'Auto Smooth' in Object Data Properties
ERROR (bke.modifier): ./source/blender/blenkernel/intern/modifier.cc:458 BKE_modifier_set_error: Object: "right hakama trouser leg", Modifier: "weighted normals", Enable 'Auto Smooth' in Object Data Properties
ERROR (bke.modifier): ./source/blender/blenkernel/intern/modifier.cc:458 BKE_modifier_set_error: Object: "right shin greave", Modifier: "weighted normals", Enable 'Auto Smooth' in Object Data Properties
ERROR (bke.modifier): ./source/blender/blenkernel/intern/modifier.cc:458 BKE_modifier_set_error: Object: "left hanging hakama outer cloth", Modifier: "weighted normals", Enable 'Auto Smooth' in Object Data Properties
ERROR (bke.modifier): ./source/blender/blenkernel/intern/modifier.cc:458 BKE_modifier_set_error: Object: "right split-toe tabi foot volume", Modifier: "weighted normals", Enable 'Auto Smooth' in Object Data Properties
ERROR (bke.modifier): ./source/blender/blenkernel/intern/modifier.cc:458 BKE_modifier_set_error: Object: "kusazuri skirt plate +1 row 2", Modifier: "weighted normals", Enable 'Auto Smooth' in Object Data Properties
ERROR (bke.modifier): ./source/blender/blenkernel/intern/modifier.cc:458 BKE_modifier_set_error: Object: "right separated big toe", Modifier: "weighted normals", Enable 'Auto Smooth' in Object Data Properties
ERROR (bke.modifier): ./source/blender/blenkernel/intern/modifier.cc:458 BKE_modifier_set_error: Object: "simple round clan mon on banner", Modifier: "weighted normals", Enable 'Auto Smooth' in Object Data Properties
ERROR (bke.modifier): ./source/blender/blenkernel/intern/modifier.cc:458 BKE_modifier_set_error: Object: "right outer toe group", Modifier: "weighted normals", Enable 'Auto Smooth' in Object Data Properties
ERROR (bke.modifier): ./source/blender/blenkernel/intern/modifier.cc:458 BKE_modifier_set_error: Object: "wrapped katana grip", Modifier: "weighted normals", Enable 'Auto Smooth' in Object Data Properties
ERROR (bke.modifier): ./source/blender/blenkernel/intern/modifier.cc:458 BKE_modifier_set_error: Object: "left side hakama fold", Modifier: "weighted normals", Enable 'Auto Smooth' in Object Data Properties
ERROR (bke.modifier): ./source/blender/blenkernel/intern/modifier.cc:458 BKE_modifier_set_error: Object: "square tsuba guard", Modifier: "weighted normals", Enable 'Auto Smooth' in Object Data Properties
ERROR (bke.modifier): ./source/blender/blenkernel/intern/modifier.cc:458 BKE_modifier_set_error: Object: "right side hakama fold", Modifier: "weighted normals", Enable 'Auto Smooth' in Object Data Properties
ERROR (bke.modifier): ./source/blender/blenkernel/intern/modifier.cc:458 BKE_modifier_set_error: Object: "cloth sashimono banner panel", Modifier: "weighted normals", Enable 'Auto Smooth' in Object Data Properties
ERROR (bke.modifier): ./source/blender/blenkernel/intern/modifier.cc:458 BKE_modifier_set_error: Object: "right hanging hakama outer cloth", Modifier: "weighted normals", Enable 'Auto Smooth' in Object Data Properties
ERROR (bke.modifier): ./source/blender/blenkernel/intern/modifier.cc:458 BKE_modifier_set_error: Object: "left woven waraji sole grounded", Modifier: "weighted normals", Enable 'Auto Smooth' in Object Data Properties
ERROR (bke.modifier): ./source/blender/blenkernel/intern/modifier.cc:458 BKE_modifier_set_error: Object: "right woven waraji sole grounded", Modifier: "weighted normals", Enable 'Auto Smooth' in Object Data Properties
ERROR (bke.modifier): ./source/blender/blenkernel/intern/modifier.cc:458 BKE_modifier_set_error: Object: "small lacquered sashimono crossbar", Modifier: "weighted normals", Enable 'Auto Smooth' in Object Data Properties
Fra:1 Mem:48.61M (Peak 48.63M) | Time:00:00.06 | Syncing matte charcoal inspection plinth
Fra:1 Mem:48.62M (Peak 48.67M) | Time:00:00.06 | Syncing ribcage under-kimono volume
Fra:1 Mem:48.71M (Peak 48.71M) | Time:00:00.06 | Syncing narrow waist under-kimono volume
Fra:1 Mem:48.78M (Peak 48.78M) | Time:00:00.06 | Syncing visible human forehead behind mem
Fra:1 Mem:48.87M (Peak 48.87M) | Time:00:00.06 | Syncing thin exposed neck
Fra:1 Mem:48.88M (Peak 48.89M) | Time:00:00.06 | Syncing neck guard collar
Fra:1 Mem:48.90M (Peak 48.94M) | Time:00:00.06 | Syncing segmented kabuto helmet bowl
Fra:1 Mem:49.06M (Peak 49.07M) | Time:00:00.06 | Syncing wide kabuto brim
Fra:1 Mem:49.09M (Peak 49.09M) | Time:00:00.06 | Syncing layered rear shikoro neck guard
Fra:1 Mem:49.11M (Peak 49.11M) | Time:00:00.06 | Syncing left side helmet flange
Fra:1 Mem:49.12M (Peak 49.12M) | Time:00:00.06 | Syncing right side helmet flange
Fra:1 Mem:49.13M (Peak 49.13M) | Time:00:00.06 | Syncing golden maedate crescent crest
Fra:1 Mem:49.15M (Peak 49.20M) | Time:00:00.06 | Syncing crest central rivet
Fra:1 Mem:49.16M (Peak 49.20M) | Time:00:00.06 | Syncing left angular mempo cheek plate
Fra:1 Mem:49.18M (Peak 49.22M) | Time:00:00.06 | Syncing right angular mempo cheek plate
Fra:1 Mem:49.20M (Peak 49.22M) | Time:00:00.06 | Syncing mempo chin guard
Fra:1 Mem:49.22M (Peak 49.22M) | Time:00:00.06 | Syncing mempo nose ridge
Fra:1 Mem:49.23M (Peak 49.23M) | Time:00:00.06 | Syncing left narrow eye slit
Fra:1 Mem:49.25M (Peak 49.25M) | Time:00:00.06 | Syncing right narrow eye slit
Fra:1 Mem:49.26M (Peak 49.26M) | Time:00:00.06 | Syncing mempo grim mouth slit
Fra:1 Mem:49.27M (Peak 49.27M) | Time:00:00.06 | Syncing left mask moustache bristle
Fra:1 Mem:49.28M (Peak 49.28M) | Time:00:00.06 | Syncing right mask moustache bristle
Fra:1 Mem:49.29M (Peak 49.29M) | Time:00:00.06 | Syncing throat guard row 1 bevelled lamel
Fra:1 Mem:49.31M (Peak 49.31M) | Time:00:00.06 | Syncing throat guard row 1 bevelled lamel
Fra:1 Mem:49.33M (Peak 49.33M) | Time:00:00.06 | Syncing throat guard row 1 bevelled lamel
Fra:1 Mem:49.34M (Peak 49.34M) | Time:00:00.06 | Syncing throat guard row 1 bevelled lamel
Fra:1 Mem:49.36M (Peak 49.36M) | Time:00:00.06 | Syncing throat guard row 1 bevelled lamel
Fra:1 Mem:49.38M (Peak 49.38M) | Time:00:00.06 | Syncing throat guard row 2 bevelled lamel
Fra:1 Mem:49.40M (Peak 49.40M) | Time:00:00.06 | Syncing throat guard row 2 bevelled lamel
Fra:1 Mem:49.42M (Peak 49.42M) | Time:00:00.06 | Syncing throat guard row 2 bevelled lamel
Fra:1 Mem:49.44M (Peak 49.44M) | Time:00:00.06 | Syncing throat guard row 2 bevelled lamel
Fra:1 Mem:49.46M (Peak 49.46M) | Time:00:00.06 | Syncing throat guard row 2 bevelled lamel
Fra:1 Mem:49.48M (Peak 49.48M) | Time:00:00.06 | Syncing throat guard row 3 bevelled lamel
Fra:1 Mem:49.50M (Peak 49.50M) | Time:00:00.07 | Syncing throat guard row 3 bevelled lamel
Fra:1 Mem:49.52M (Peak 49.52M) | Time:00:00.07 | Syncing throat guard row 3 bevelled lamel
Fra:1 Mem:49.54M (Peak 49.54M) | Time:00:00.07 | Syncing throat guard row 3 bevelled lamel
Fra:1 Mem:49.56M (Peak 49.56M) | Time:00:00.07 | Syncing throat guard row 3 bevelled lamel
Fra:1 Mem:49.58M (Peak 49.58M) | Time:00:00.07 | Syncing front under-kimono chest panel
Fra:1 Mem:49.60M (Peak 49.60M) | Time:00:00.07 | Syncing rear under-kimono back panel
Fra:1 Mem:49.63M (Peak 49.63M) | Time:00:00.07 | Syncing upper do cuirass fitted shell
Fra:1 Mem:49.73M (Peak 49.73M) | Time:00:00.07 | Syncing lower do cuirass narrowed shell
Fra:1 Mem:49.81M (Peak 49.81M) | Time:00:00.07 | Syncing front cuirass row 1 bevelled lame
Fra:1 Mem:49.83M (Peak 49.83M) | Time:00:00.07 | Syncing front cuirass row 1 bevelled lame
Fra:1 Mem:49.85M (Peak 49.85M) | Time:00:00.07 | Syncing front cuirass row 1 bevelled lame
Fra:1 Mem:49.87M (Peak 49.87M) | Time:00:00.07 | Syncing front cuirass row 1 bevelled lame
Fra:1 Mem:49.89M (Peak 49.89M) | Time:00:00.07 | Syncing front cuirass row 1 bevelled lame
Fra:1 Mem:49.91M (Peak 49.91M) | Time:00:00.07 | Syncing front cuirass row 1 bevelled lame
Fra:1 Mem:49.93M (Peak 49.93M) | Time:00:00.07 | Syncing front cuirass row 1 bevelled lame
Fra:1 Mem:49.95M (Peak 49.95M) | Time:00:00.07 | Syncing front cuirass row 1 bevelled lame
Fra:1 Mem:49.97M (Peak 49.97M) | Time:00:00.07 | Syncing rear cuirass row 1 bevelled lamel
Fra:1 Mem:49.99M (Peak 49.99M) | Time:00:00.07 | Syncing rear cuirass row 1 bevelled lamel
Fra:1 Mem:50.01M (Peak 50.01M) | Time:00:00.07 | Syncing rear cuirass row 1 bevelled lamel
Fra:1 Mem:50.03M (Peak 50.03M) | Time:00:00.07 | Syncing rear cuirass row 1 bevelled lamel
Fra:1 Mem:50.05M (Peak 50.05M) | Time:00:00.07 | Syncing rear cuirass row 1 bevelled lamel
Fra:1 Mem:50.07M (Peak 50.07M) | Time:00:00.07 | Syncing rear cuirass row 1 bevelled lamel
Fra:1 Mem:50.08M (Peak 50.08M) | Time:00:00.07 | Syncing rear cuirass row 1 bevelled lamel
Fra:1 Mem:50.10M (Peak 50.10M) | Time:00:00.07 | Syncing rear cuirass row 1 bevelled lamel
Fra:1 Mem:50.12M (Peak 50.12M) | Time:00:00.07 | Syncing front cuirass row 2 bevelled lame
Fra:1 Mem:50.14M (Peak 50.14M) | Time:00:00.07 | Syncing front cuirass row 2 bevelled lame
Fra:1 Mem:50.16M (Peak 50.16M) | Time:00:00.07 | Syncing front cuirass row 2 bevelled lame
Fra:1 Mem:50.18M (Peak 50.18M) | Time:00:00.07 | Syncing front cuirass row 2 bevelled lame
Fra:1 Mem:50.20M (Peak 50.20M) | Time:00:00.07 | Syncing front cuirass row 2 bevelled lame
Fra:1 Mem:50.22M (Peak 50.22M) | Time:00:00.07 | Syncing front cuirass row 2 bevelled lame
Fra:1 Mem:50.24M (Peak 50.24M) | Time:00:00.07 | Syncing front cuirass row 2 bevelled lame
Fra:1 Mem:50.26M (Peak 50.26M) | Time:00:00.07 | Syncing front cuirass row 2 bevelled lame
Fra:1 Mem:50.28M (Peak 50.28M) | Time:00:00.07 | Syncing rear cuirass row 2 bevelled lamel
Fra:1 Mem:50.30M (Peak 50.30M) | Time:00:00.07 | Syncing rear cuirass row 2 bevelled lamel
Fra:1 Mem:50.32M (Peak 50.32M) | Time:00:00.07 | Syncing rear cuirass row 2 bevelled lamel
Fra:1 Mem:50.34M (Peak 50.34M) | Time:00:00.07 | Syncing rear cuirass row 2 bevelled lamel
Fra:1 Mem:50.36M (Peak 50.36M) | Time:00:00.07 | Syncing rear cuirass row 2 bevelled lamel
Fra:1 Mem:50.38M (Peak 50.38M) | Time:00:00.07 | Syncing rear cuirass row 2 bevelled lamel
Fra:1 Mem:50.40M (Peak 50.40M) | Time:00:00.07 | Syncing rear cuirass row 2 bevelled lamel
Fra:1 Mem:50.41M (Peak 50.41M) | Time:00:00.07 | Syncing rear cuirass row 2 bevelled lamel
Fra:1 Mem:50.43M (Peak 50.43M) | Time:00:00.07 | Syncing front cuirass row 3 bevelled lame
Fra:1 Mem:50.45M (Peak 50.45M) | Time:00:00.07 | Syncing front cuirass row 3 bevelled lame
Fra:1 Mem:50.47M (Peak 50.47M) | Time:00:00.07 | Syncing front cuirass row 3 bevelled lame
Fra:1 Mem:50.49M (Peak 50.49M) | Time:00:00.07 | Syncing front cuirass row 3 bevelled lame
Fra:1 Mem:50.51M (Peak 50.51M) | Time:00:00.07 | Syncing front cuirass row 3 bevelled lame
Fra:1 Mem:50.53M (Peak 50.53M) | Time:00:00.07 | Syncing front cuirass row 3 bevelled lame
Fra:1 Mem:50.55M (Peak 50.55M) | Time:00:00.07 | Syncing front cuirass row 3 bevelled lame
Fra:1 Mem:50.57M (Peak 50.57M) | Time:00:00.07 | Syncing front cuirass row 3 bevelled lame
Fra:1 Mem:50.59M (Peak 50.59M) | Time:00:00.07 | Syncing rear cuirass row 3 bevelled lamel
Fra:1 Mem:50.61M (Peak 50.61M) | Time:00:00.07 | Syncing rear cuirass row 3 bevelled lamel
Fra:1 Mem:50.63M (Peak 50.63M) | Time:00:00.07 | Syncing rear cuirass row 3 bevelled lamel
Fra:1 Mem:50.65M (Peak 50.65M) | Time:00:00.07 | Syncing rear cuirass row 3 bevelled lamel
Fra:1 Mem:50.67M (Peak 50.67M) | Time:00:00.07 | Syncing rear cuirass row 3 bevelled lamel
Fra:1 Mem:50.68M (Peak 50.68M) | Time:00:00.07 | Syncing rear cuirass row 3 bevelled lamel
Fra:1 Mem:50.70M (Peak 50.70M) | Time:00:00.07 | Syncing rear cuirass row 3 bevelled lamel
Fra:1 Mem:50.72M (Peak 50.72M) | Time:00:00.07 | Syncing rear cuirass row 3 bevelled lamel
Fra:1 Mem:50.74M (Peak 50.74M) | Time:00:00.07 | Syncing front cuirass row 4 bevelled lame
Fra:1 Mem:50.76M (Peak 50.76M) | Time:00:00.07 | Syncing front cuirass row 4 bevelled lame
Fra:1 Mem:50.78M (Peak 50.78M) | Time:00:00.07 | Syncing front cuirass row 4 bevelled lame
Fra:1 Mem:50.80M (Peak 50.80M) | Time:00:00.07 | Syncing front cuirass row 4 bevelled lame
Fra:1 Mem:50.82M (Peak 50.82M) | Time:00:00.07 | Syncing front cuirass row 4 bevelled lame
Fra:1 Mem:50.84M (Peak 50.84M) | Time:00:00.07 | Syncing front cuirass row 4 bevelled lame
Fra:1 Mem:50.86M (Peak 50.86M) | Time:00:00.07 | Syncing front cuirass row 4 bevelled lame
Fra:1 Mem:50.88M (Peak 50.88M) | Time:00:00.07 | Syncing front cuirass row 4 bevelled lame
Fra:1 Mem:50.90M (Peak 50.90M) | Time:00:00.07 | Syncing rear cuirass row 4 bevelled lamel
Fra:1 Mem:50.92M (Peak 50.92M) | Time:00:00.07 | Syncing rear cuirass row 4 bevelled lamel
Fra:1 Mem:50.94M (Peak 50.94M) | Time:00:00.07 | Syncing rear cuirass row 4 bevelled lamel
Fra:1 Mem:50.95M (Peak 50.95M) | Time:00:00.07 | Syncing rear cuirass row 4 bevelled lamel
Fra:1 Mem:50.97M (Peak 50.97M) | Time:00:00.07 | Syncing rear cuirass row 4 bevelled lamel
Fra:1 Mem:50.99M (Peak 50.99M) | Time:00:00.07 | Syncing rear cuirass row 4 bevelled lamel
Fra:1 Mem:51.01M (Peak 51.01M) | Time:00:00.07 | Syncing rear cuirass row 4 bevelled lamel
Fra:1 Mem:51.03M (Peak 51.03M) | Time:00:00.07 | Syncing rear cuirass row 4 bevelled lamel
Fra:1 Mem:51.05M (Peak 51.05M) | Time:00:00.07 | Syncing front cuirass row 5 bevelled lame
Fra:1 Mem:51.07M (Peak 51.07M) | Time:00:00.07 | Syncing front cuirass row 5 bevelled lame
Fra:1 Mem:51.09M (Peak 51.09M) | Time:00:00.07 | Syncing front cuirass row 5 bevelled lame
Fra:1 Mem:51.11M (Peak 51.11M) | Time:00:00.07 | Syncing front cuirass row 5 bevelled lame
Fra:1 Mem:51.13M (Peak 51.13M) | Time:00:00.07 | Syncing front cuirass row 5 bevelled lame
Fra:1 Mem:51.15M (Peak 51.15M) | Time:00:00.07 | Syncing front cuirass row 5 bevelled lame
Fra:1 Mem:51.17M (Peak 51.17M) | Time:00:00.07 | Syncing front cuirass row 5 bevelled lame
Fra:1 Mem:51.19M (Peak 51.19M) | Time:00:00.07 | Syncing front cuirass row 5 bevelled lame
Fra:1 Mem:51.21M (Peak 51.21M) | Time:00:00.07 | Syncing rear cuirass row 5 bevelled lamel
Fra:1 Mem:51.23M (Peak 51.23M) | Time:00:00.07 | Syncing rear cuirass row 5 bevelled lamel
Fra:1 Mem:51.24M (Peak 51.24M) | Time:00:00.07 | Syncing rear cuirass row 5 bevelled lamel
Fra:1 Mem:51.26M (Peak 51.26M) | Time:00:00.07 | Syncing rear cuirass row 5 bevelled lamel
Fra:1 Mem:51.28M (Peak 51.28M) | Time:00:00.07 | Syncing rear cuirass row 5 bevelled lamel
Fra:1 Mem:51.30M (Peak 51.30M) | Time:00:00.07 | Syncing rear cuirass row 5 bevelled lamel
Fra:1 Mem:51.32M (Peak 51.32M) | Time:00:00.07 | Syncing rear cuirass row 5 bevelled lamel
Fra:1 Mem:51.34M (Peak 51.34M) | Time:00:00.07 | Syncing rear cuirass row 5 bevelled lamel
Fra:1 Mem:51.36M (Peak 51.36M) | Time:00:00.07 | Syncing front cuirass vertical odoshi lac
Fra:1 Mem:51.36M (Peak 51.42M) | Time:00:00.07 | Syncing front cuirass vertical odoshi lac
Fra:1 Mem:51.37M (Peak 51.42M) | Time:00:00.07 | Syncing front cuirass vertical odoshi lac
Fra:1 Mem:51.37M (Peak 51.42M) | Time:00:00.07 | Syncing front cuirass vertical odoshi lac
Fra:1 Mem:51.38M (Peak 51.42M) | Time:00:00.07 | Syncing front cuirass vertical odoshi lac
Fra:1 Mem:51.39M (Peak 51.42M) | Time:00:00.07 | Syncing front cuirass vertical odoshi lac
Fra:1 Mem:51.39M (Peak 51.42M) | Time:00:00.07 | Syncing rear cuirass vertical odoshi lace
Fra:1 Mem:51.40M (Peak 51.42M) | Time:00:00.07 | Syncing rear cuirass vertical odoshi lace
Fra:1 Mem:51.41M (Peak 51.42M) | Time:00:00.07 | Syncing rear cuirass vertical odoshi lace
Fra:1 Mem:51.41M (Peak 51.42M) | Time:00:00.07 | Syncing rear cuirass vertical odoshi lace
Fra:1 Mem:51.42M (Peak 51.42M) | Time:00:00.07 | Syncing rear cuirass vertical odoshi lace
Fra:1 Mem:51.43M (Peak 51.43M) | Time:00:00.07 | Syncing left side cuirass plate 1
Fra:1 Mem:51.44M (Peak 51.44M) | Time:00:00.07 | Syncing left side cuirass plate 2
Fra:1 Mem:51.45M (Peak 51.45M) | Time:00:00.07 | Syncing left side cuirass plate 3
Fra:1 Mem:51.47M (Peak 51.47M) | Time:00:00.07 | Syncing right side cuirass plate 1
Fra:1 Mem:51.48M (Peak 51.48M) | Time:00:00.07 | Syncing right side cuirass plate 2
Fra:1 Mem:51.50M (Peak 51.50M) | Time:00:00.07 | Syncing right side cuirass plate 3
Fra:1 Mem:51.51M (Peak 51.51M) | Time:00:00.08 | Syncing left shoulder undercloth
Fra:1 Mem:51.57M (Peak 51.57M) | Time:00:00.08 | Syncing left hanging sode shoulder plate 
Fra:1 Mem:51.58M (Peak 51.58M) | Time:00:00.08 | Syncing left hanging sode shoulder plate 
Fra:1 Mem:51.60M (Peak 51.60M) | Time:00:00.08 | Syncing left hanging sode shoulder plate 
Fra:1 Mem:51.62M (Peak 51.62M) | Time:00:00.08 | Syncing left hanging sode shoulder plate 
Fra:1 Mem:51.64M (Peak 51.64M) | Time:00:00.08 | Syncing left armored upper arm
Fra:1 Mem:51.70M (Peak 51.70M) | Time:00:00.08 | Syncing left sode shoulder armor
Fra:1 Mem:51.74M (Peak 51.74M) | Time:00:00.08 | Syncing left kote forearm guard
Fra:1 Mem:51.80M (Peak 51.80M) | Time:00:00.08 | Syncing left leather palm volume
Fra:1 Mem:51.83M (Peak 51.85M) | Time:00:00.08 | Syncing left articulated index finger
Fra:1 Mem:51.84M (Peak 51.85M) | Time:00:00.08 | Syncing left index fingertip
Fra:1 Mem:51.86M (Peak 51.86M) | Time:00:00.08 | Syncing left articulated middle finger
Fra:1 Mem:51.87M (Peak 51.87M) | Time:00:00.08 | Syncing left middle fingertip
Fra:1 Mem:51.88M (Peak 51.88M) | Time:00:00.08 | Syncing left articulated ring finger
Fra:1 Mem:51.89M (Peak 51.89M) | Time:00:00.08 | Syncing left ring fingertip
Fra:1 Mem:51.93M (Peak 51.93M) | Time:00:00.08 | Syncing left articulated pinky finger
Fra:1 Mem:51.94M (Peak 51.94M) | Time:00:00.08 | Syncing left pinky fingertip
Fra:1 Mem:51.95M (Peak 51.95M) | Time:00:00.08 | Syncing left opposed thumb
Fra:1 Mem:51.96M (Peak 51.96M) | Time:00:00.08 | Syncing left thumb fingertip
Fra:1 Mem:51.97M (Peak 51.97M) | Time:00:00.08 | Syncing right shoulder undercloth
Fra:1 Mem:52.03M (Peak 52.03M) | Time:00:00.08 | Syncing right hanging sode shoulder plate
Fra:1 Mem:52.05M (Peak 52.05M) | Time:00:00.08 | Syncing right hanging sode shoulder plate
Fra:1 Mem:52.07M (Peak 52.07M) | Time:00:00.08 | Syncing right hanging sode shoulder plate
Fra:1 Mem:52.09M (Peak 52.09M) | Time:00:00.08 | Syncing right hanging sode shoulder plate
Fra:1 Mem:52.11M (Peak 52.11M) | Time:00:00.08 | Syncing right armored upper arm
Fra:1 Mem:52.16M (Peak 52.16M) | Time:00:00.08 | Syncing right sode shoulder armor
Fra:1 Mem:52.20M (Peak 52.20M) | Time:00:00.08 | Syncing right kote forearm guard
Fra:1 Mem:52.26M (Peak 52.26M) | Time:00:00.08 | Syncing right leather palm volume
Fra:1 Mem:52.30M (Peak 52.30M) | Time:00:00.08 | Syncing right articulated index finger
Fra:1 Mem:52.31M (Peak 52.31M) | Time:00:00.08 | Syncing right index fingertip
Fra:1 Mem:52.32M (Peak 52.32M) | Time:00:00.08 | Syncing right articulated middle finger
Fra:1 Mem:52.33M (Peak 52.33M) | Time:00:00.08 | Syncing right middle fingertip
Fra:1 Mem:52.34M (Peak 52.34M) | Time:00:00.08 | Syncing right articulated ring finger
Fra:1 Mem:52.35M (Peak 52.35M) | Time:00:00.08 | Syncing right ring fingertip
Fra:1 Mem:52.36M (Peak 52.36M) | Time:00:00.08 | Syncing right articulated pinky finger
Fra:1 Mem:52.37M (Peak 52.37M) | Time:00:00.08 | Syncing right pinky fingertip
Fra:1 Mem:52.38M (Peak 52.38M) | Time:00:00.08 | Syncing right opposed thumb
Fra:1 Mem:52.39M (Peak 52.39M) | Time:00:00.08 | Syncing right thumb fingertip
Fra:1 Mem:52.41M (Peak 52.41M) | Time:00:00.08 | Syncing kusazuri skirt plate -1 row 1
Fra:1 Mem:52.42M (Peak 52.42M) | Time:00:00.08 | Syncing rear kusazuri skirt plate -1 row 
Fra:1 Mem:52.43M (Peak 52.43M) | Time:00:00.08 | Syncing kusazuri skirt plate -1 row 2
Fra:1 Mem:52.45M (Peak 52.45M) | Time:00:00.08 | Syncing rear kusazuri skirt plate -1 row 
Fra:1 Mem:52.46M (Peak 52.46M) | Time:00:00.08 | Syncing kusazuri skirt plate -1 row 3
Fra:1 Mem:52.48M (Peak 52.48M) | Time:00:00.08 | Syncing rear kusazuri skirt plate -1 row 
Fra:1 Mem:52.49M (Peak 52.49M) | Time:00:00.08 | Syncing kusazuri skirt plate +0 row 1
Fra:1 Mem:52.50M (Peak 52.50M) | Time:00:00.08 | Syncing rear kusazuri skirt plate +0 row 
Fra:1 Mem:52.52M (Peak 52.52M) | Time:00:00.08 | Syncing kusazuri skirt plate +0 row 2
Fra:1 Mem:52.53M (Peak 52.53M) | Time:00:00.08 | Syncing rear kusazuri skirt plate +0 row 
Fra:1 Mem:52.54M (Peak 52.54M) | Time:00:00.08 | Syncing kusazuri skirt plate +0 row 3
Fra:1 Mem:52.56M (Peak 52.56M) | Time:00:00.08 | Syncing rear kusazuri skirt plate +0 row 
Fra:1 Mem:52.57M (Peak 52.57M) | Time:00:00.08 | Syncing kusazuri skirt plate +1 row 1
Fra:1 Mem:52.59M (Peak 52.59M) | Time:00:00.08 | Syncing rear kusazuri skirt plate +1 row 
Fra:1 Mem:52.60M (Peak 52.60M) | Time:00:00.08 | Syncing kusazuri skirt plate +1 row 2
Fra:1 Mem:52.61M (Peak 52.61M) | Time:00:00.08 | Syncing rear kusazuri skirt plate +1 row 
Fra:1 Mem:52.63M (Peak 52.63M) | Time:00:00.08 | Syncing kusazuri skirt plate +1 row 3
Fra:1 Mem:52.64M (Peak 52.64M) | Time:00:00.08 | Syncing rear kusazuri skirt plate +1 row 
Fra:1 Mem:52.66M (Peak 52.66M) | Time:00:00.08 | Syncing left hanging hakama outer cloth
Fra:1 Mem:52.68M (Peak 52.68M) | Time:00:00.08 | Syncing left side hakama fold
Fra:1 Mem:52.71M (Peak 52.71M) | Time:00:00.08 | Syncing right hanging hakama outer cloth
Fra:1 Mem:52.74M (Peak 52.74M) | Time:00:00.08 | Syncing right side hakama fold
Fra:1 Mem:52.76M (Peak 52.76M) | Time:00:00.08 | Syncing left hakama trouser leg
Fra:1 Mem:52.82M (Peak 52.82M) | Time:00:00.08 | Syncing left shin greave
Fra:1 Mem:52.87M (Peak 52.87M) | Time:00:00.08 | Syncing left split-toe tabi foot volume
Fra:1 Mem:52.92M (Peak 52.92M) | Time:00:00.08 | Syncing left separated big toe
Fra:1 Mem:52.94M (Peak 52.94M) | Time:00:00.08 | Syncing left outer toe group
Fra:1 Mem:52.96M (Peak 52.96M) | Time:00:00.08 | Syncing left woven waraji sole grounded
Fra:1 Mem:52.97M (Peak 52.97M) | Time:00:00.08 | Syncing left sandal toe strap
Fra:1 Mem:52.98M (Peak 52.98M) | Time:00:00.08 | Syncing left heel strap
Fra:1 Mem:52.98M (Peak 52.98M) | Time:00:00.08 | Syncing left hakama pleat 1
Fra:1 Mem:52.99M (Peak 52.99M) | Time:00:00.08 | Syncing left hakama pleat 2
Fra:1 Mem:52.99M (Peak 52.99M) | Time:00:00.08 | Syncing left hakama pleat 3
Fra:1 Mem:53.00M (Peak 53.00M) | Time:00:00.08 | Syncing right hakama trouser leg
Fra:1 Mem:53.06M (Peak 53.06M) | Time:00:00.08 | Syncing right shin greave
Fra:1 Mem:53.11M (Peak 53.11M) | Time:00:00.08 | Syncing right split-toe tabi foot volume
Fra:1 Mem:53.16M (Peak 53.16M) | Time:00:00.08 | Syncing right separated big toe
Fra:1 Mem:53.18M (Peak 53.18M) | Time:00:00.08 | Syncing right outer toe group
Fra:1 Mem:53.20M (Peak 53.20M) | Time:00:00.08 | Syncing right woven waraji sole grounded
Fra:1 Mem:53.21M (Peak 53.21M) | Time:00:00.08 | Syncing right sandal toe strap
Fra:1 Mem:53.22M (Peak 53.22M) | Time:00:00.08 | Syncing right heel strap
Fra:1 Mem:53.22M (Peak 53.22M) | Time:00:00.08 | Syncing right hakama pleat 1
Fra:1 Mem:53.23M (Peak 53.23M) | Time:00:00.08 | Syncing right hakama pleat 2
Fra:1 Mem:53.23M (Peak 53.23M) | Time:00:00.08 | Syncing right hakama pleat 3
Fra:1 Mem:53.24M (Peak 53.24M) | Time:00:00.08 | Syncing drawn katana blade spine
Fra:1 Mem:53.25M (Peak 53.30M) | Time:00:00.09 | Syncing bright sharpened katana edge
Fra:1 Mem:53.26M (Peak 53.31M) | Time:00:00.09 | Syncing wrapped katana grip
Fra:1 Mem:53.27M (Peak 53.31M) | Time:00:00.09 | Syncing square tsuba guard
Fra:1 Mem:53.28M (Peak 53.31M) | Time:00:00.09 | Syncing lacquered saya scabbard at left h
Fra:1 Mem:53.28M (Peak 53.31M) | Time:00:00.09 | Syncing waist sash tying armor
Fra:1 Mem:53.29M (Peak 53.31M) | Time:00:00.09 | Syncing bamboo sashimono back pole
Fra:1 Mem:53.30M (Peak 53.31M) | Time:00:00.09 | Syncing small lacquered sashimono crossba
Fra:1 Mem:53.31M (Peak 53.31M) | Time:00:00.09 | Syncing cloth sashimono banner panel
Fra:1 Mem:53.33M (Peak 53.37M) | Time:00:00.09 | Syncing simple round clan mon on banner
Fra:1 Mem:53.37M (Peak 53.37M) | Time:00:00.09 | Syncing cool key
Fra:1 Mem:53.37M (Peak 53.37M) | Time:00:00.09 | Syncing rim
Fra:1 Mem:53.37M (Peak 53.37M) | Time:00:00.09 | Syncing hero cam
Fra:1 Mem:53.37M (Peak 53.37M) | Time:00:00.09 | Syncing samurai_v2_provenance
Fra:1 Mem:53.45M (Peak 53.55M) | Time:00:00.09 | Rendering 1 / 32 samples
Fra:1 Mem:50.93M (Peak 53.55M) | Time:00:02.33 | Rendering 26 / 32 samples
Fra:1 Mem:50.93M (Peak 53.55M) | Time:00:02.72 | Rendering 32 / 32 samples
Saved: '/tmp/factoryx-v23-render/samurai-repaired-full-20-v23/takeda-01/turntable_002.png'
 Time: 00:02.83 (Saving: 00:00.03)

ERROR (bke.modifier): ./source/blender/blenkernel/intern/modifier.cc:458 BKE_modifier_set_error: Object: "neck guard collar", Modifier: "weighted normals", Enable 'Auto Smooth' in Object Data Properties
ERROR (bke.modifier): ./source/blender/blenkernel/intern/modifier.cc:458 BKE_modifier_set_error: Object: "wide kabuto brim", Modifier: "weighted normals", Enable 'Auto Smooth' in Object Data Properties
ERROR (bke.modifier): ./source/blender/blenkernel/intern/modifier.cc:458 BKE_modifier_set_error: Object: "segmented kabuto helmet bowl", Modifier: "weighted normals", Enable 'Auto Smooth' in Object Data Properties
ERROR (bke.modifier): ./source/blender/blenkernel/intern/modifier.cc:458 BKE_modifier_set_error: Object: "thin exposed neck", Modifier: "weighted normals", Enable 'Auto Smooth' in Object Data Properties
ERROR (bke.modifier): ./source/blender/blenkernel/intern/modifier.cc:458 BKE_modifier_set_error: Object: "layered rear shikoro neck guard", Modifier: "weighted normals", Enable 'Auto Smooth' in Object Data Properties
ERROR (bke.modifier): ./source/blender/blenkernel/intern/modifier.cc:458 BKE_modifier_set_error: Object: "visible human forehead behind mempo", Modifier: "weighted normals", Enable 'Auto Smooth' in Object Data Properties
ERROR (bke.modifier): ./source/blender/blenkernel/intern/modifier.cc:458 BKE_modifier_set_error: Object: "narrow waist under-kimono volume", Modifier: "weighted normals", Enable 'Auto Smooth' in Object Data Properties
ERROR (bke.modifier): ./source/blender/blenkernel/intern/modifier.cc:458 BKE_modifier_set_error: Object: "crest central rivet", Modifier: "weighted normals", Enable 'Auto Smooth' in Object Data Properties
ERROR (bke.modifier): ./source/blender/blenkernel/intern/modifier.cc:458 BKE_modifier_set_error: Object: "ribcage under-kimono volume", Modifier: "weighted normals", Enable 'Auto Smooth' in Object Data Properties
ERROR (bke.modifier): ./source/blender/blenkernel/intern/modifier.cc:458 BKE_modifier_set_error: Object: "right side helmet flange", Modifier: "weighted normals", Enable 'Auto Smooth' in Object Data Properties
ERROR (bke.modifier): ./source/blender/blenkernel/intern/modifier.cc:458 BKE_modifier_set_error: Object: "right narrow eye slit", Modifier: "weighted normals", Enable 'Auto Smooth' in Object Data Properties
ERROR (bke.modifier): ./source/blender/blenkernel/intern/modifier.cc:458 BKE_modifier_set_error: Object: "left narrow eye slit", Modifier: "weighted normals", Enable 'Auto Smooth' in Object Data Properties
ERROR (bke.modifier): ./source/blender/blenkernel/intern/modifier.cc:458 BKE_modifier_set_error: Object: "mempo chin guard", Modifier: "weighted normals", Enable 'Auto Smooth' in Object Data Properties
ERROR (bke.modifier): ./source/blender/blenkernel/intern/modifier.cc:458 BKE_modifier_set_error: Object: "left angular mempo cheek plate", Modifier: "weighted normals", Enable 'Auto Smooth' in Object Data Properties
ERROR (bke.modifier): ./source/blender/blenkernel/intern/modifier.cc:458 BKE_modifier_set_error: Object: "matte charcoal inspection plinth", Modifier: "weighted normals", Enable 'Auto Smooth' in Object Data Properties
ERROR (bke.modifier): ./source/blender/blenkernel/intern/modifier.cc:458 BKE_modifier_set_error: Object: "mempo grim mouth slit", Modifier: "weighted normals", Enable 'Auto Smooth' in Object Data Properties
ERROR (bke.modifier): ./source/blender/blenkernel/intern/modifier.cc:458 BKE_modifier_set_error: Object: "left side helmet flange", Modifier: "weighted normals", Enable 'Auto Smooth' in Object Data Properties
ERROR (bke.modifier): ./source/blender/blenkernel/intern/modifier.cc:458 BKE_modifier_set_error: Object: "simple round clan mon on banner", Modifier: "weighted normals", Enable 'Auto Smooth' in Object Data Properties
ERROR (bke.modifier): ./source/blender/blenkernel/intern/modifier.cc:458 BKE_modifier_set_error: Object: "throat guard row 1 bevelled lamellar plate 01", Modifier: "weighted normals", Enable 'Auto Smooth' in Object Data Properties
ERROR (bke.modifier): ./source/blender/blenkernel/intern/modifier.cc:458 BKE_modifier_set_error: Object: "throat guard row 1 bevelled lamellar plate 02", Modifier: "weighted normals", Enable 'Auto Smooth' in Object Data Properties
ERROR (bke.modifier): ./source/blender/blenkernel/intern/modifier.cc:458 BKE_modifier_set_error: Object: "throat guard row 1 bevelled lamellar plate 03", Modifier: "weighted normals", Enable 'Auto Smooth' in Object Data Properties
ERROR (bke.modifier): ./source/blender/blenkernel/intern/modifier.cc:458 BKE_modifier_set_error: Object: "throat guard row 1 bevelled lamellar plate 05", Modifier: "weighted normals", Enable 'Auto Smooth' in Object Data Properties
ERROR (bke.modifier): ./source/blender/blenkernel/intern/modifier.cc:458 BKE_modifier_set_error: Object: "mempo nose ridge", Modifier: "weighted normals", Enable 'Auto Smooth' in Object Data Properties
ERROR (bke.modifier): ./source/blender/blenkernel/intern/modifier.cc:458 BKE_modifier_set_error: Object: "right angular mempo cheek plate", Modifier: "weighted normals", Enable 'Auto Smooth' in Object Data Properties
ERROR (bke.modifier): ./source/blender/blenkernel/intern/modifier.cc:458 BKE_modifier_set_error: Object: "upper do cuirass fitted shell", Modifier: "weighted normals", Enable 'Auto Smooth' in Object Data Properties
ERROR (bke.modifier): ./source/blender/blenkernel/intern/modifier.cc:458 BKE_modifier_set_error: Object: "throat guard row 1 bevelled lamellar plate 04", Modifier: "weighted normals", Enable 'Auto Smooth' in Object Data Properties
ERROR (bke.modifier): ./source/blender/blenkernel/intern/modifier.cc:458 BKE_modifier_set_error: Object: "throat guard row 2 bevelled lamellar plate 01", Modifier: "weighted normals", Enable 'Auto Smooth' in Object Data Properties
ERROR (bke.modifier): ./source/blender/blenkernel/intern/modifier.cc:458 BKE_modifier_set_error: Object: "lower do cuirass narrowed shell", Modifier: "weighted normals", Enable 'Auto Smooth' in Object Data Properties
ERROR (bke.modifier): ./source/blender/blenkernel/intern/modifier.cc:458 BKE_modifier_set_error: Object: "throat guard row 2 bevelled lamellar plate 04", Modifier: "weighted normals", Enable 'Auto Smooth' in Object Data Properties
ERROR (bke.modifier): ./source/blender/blenkernel/intern/modifier.cc:458 BKE_modifier_set_error: Object: "throat guard row 2 bevelled lamellar plate 02", Modifier: "weighted normals", Enable 'Auto Smooth' in Object Data Properties
ERROR (bke.modifier): ./source/blender/blenkernel/intern/modifier.cc:458 BKE_modifier_set_error: Object: "throat guard row 3 bevelled lamellar plate 01", Modifier: "weighted normals", Enable 'Auto Smooth' in Object Data Properties
ERROR (bke.modifier): ./source/blender/blenkernel/intern/modifier.cc:458 BKE_modifier_set_error: Object: "throat guard row 2 bevelled lamellar plate 05", Modifier: "weighted normals", Enable 'Auto Smooth' in Object Data Properties
ERROR (bke.modifier): ./source/blender/blenkernel/intern/modifier.cc:458 BKE_modifier_set_error: Object: "throat guard row 3 bevelled lamellar plate 02", Modifier: "weighted normals", Enable 'Auto Smooth' in Object Data Properties
ERROR (bke.modifier): ./source/blender/blenkernel/intern/modifier.cc:458 BKE_modifier_set_error: Object: "cloth sashimono banner panel", Modifier: "weighted normals", Enable 'Auto Smooth' in Object Data Properties
ERROR (bke.modifier): ./source/blender/blenkernel/intern/modifier.cc:458 BKE_modifier_set_error: Object: "throat guard row 2 bevelled lamellar plate 03", Modifier: "weighted normals", Enable 'Auto Smooth' in Object Data Properties
ERROR (bke.modifier): ./source/blender/blenkernel/intern/modifier.cc:458 BKE_modifier_set_error: Object: "rear under-kimono back panel", Modifier: "weighted normals", Enable 'Auto Smooth' in Object Data Properties
ERROR (bke.modifier): ./source/blender/blenkernel/intern/modifier.cc:458 BKE_modifier_set_error: Object: "throat guard row 3 bevelled lamellar plate 05", Modifier: "weighted normals", Enable 'Auto Smooth' in Object Data Properties
ERROR (bke.modifier): ./source/blender/blenkernel/intern/modifier.cc:458 BKE_modifier_set_error: Object: "throat guard row 3 bevelled lamellar plate 03", Modifier: "weighted normals", Enable 'Auto Smooth' in Object Data Properties
ERROR (bke.modifier): ./source/blender/blenkernel/intern/modifier.cc:458 BKE_modifier_set_error: Object: "front under-kimono chest panel", Modifier: "weighted normals", Enable 'Auto Smooth' in Object Data Properties
ERROR (bke.modifier): ./source/blender/blenkernel/intern/modifier.cc:458 BKE_modifier_set_error: Object: "throat guard row 3 bevelled lamellar plate 04", Modifier: "weighted normals", Enable 'Auto Smooth' in Object Data Properties
ERROR (bke.modifier): ./source/blender/blenkernel/intern/modifier.cc:458 BKE_modifier_set_error: Object: "front cuirass row 1 bevelled lamellar plate 07", Modifier: "weighted normals", Enable 'Auto Smooth' in Object Data Properties
ERROR (bke.modifier): ./source/blender/blenkernel/intern/modifier.cc:458 BKE_modifier_set_error: Object: "front cuirass row 1 bevelled lamellar plate 01", Modifier: "weighted normals", Enable 'Auto Smooth' in Object Data Properties
ERROR (bke.modifier): ./source/blender/blenkernel/intern/modifier.cc:458 BKE_modifier_set_error: Object: "small lacquered sashimono crossbar", Modifier: "weighted normals", Enable 'Auto Smooth' in Object Data Properties
ERROR (bke.modifier): ./source/blender/blenkernel/intern/modifier.cc:458 BKE_modifier_set_error: Object: "front cuirass row 1 bevelled lamellar plate 03", Modifier: "weighted normals", Enable 'Auto Smooth' in Object Data Properties
ERROR (bke.modifier): ./source/blender/blenkernel/intern/modifier.cc:458 BKE_modifier_set_error: Object: "front cuirass row 1 bevelled lamellar plate 05", Modifier: "weighted normals", Enable 'Auto Smooth' in Object Data Properties
ERROR (bke.modifier): ./source/blender/blenkernel/intern/modifier.cc:458 BKE_modifier_set_error: Object: "front cuirass row 1 bevelled lamellar plate 04", Modifier: "weighted normals", Enable 'Auto Smooth' in Object Data Properties
ERROR (bke.modifier): ./source/blender/blenkernel/intern/modifier.cc:458 BKE_modifier_set_error: Object: "front cuirass row 1 bevelled lamellar plate 02", Modifier: "weighted normals", Enable 'Auto Smooth' in Object Data Properties
ERROR (bke.modifier): ./source/blender/blenkernel/intern/modifier.cc:458 BKE_modifier_set_error: Object: "front cuirass row 1 bevelled lamellar plate 06", Modifier: "weighted normals", Enable 'Auto Smooth' in Object Data Properties
ERROR (bke.modifier): ./source/blender/blenkernel/intern/modifier.cc:458 BKE_modifier_set_error: Object: "front cuirass row 1 bevelled lamellar plate 08", Modifier: "weighted normals", Enable 'Auto Smooth' in Object Data Properties
ERROR (bke.modifier): ./source/blender/blenkernel/intern/modifier.cc:458 BKE_modifier_set_error: Object: "rear cuirass row 1 bevelled lamellar plate 01", Modifier: "weighted normals", Enable 'Auto Smooth' in Object Data Properties
ERROR (bke.modifier): ./source/blender/blenkernel/intern/modifier.cc:458 BKE_modifier_set_error: Object: "rear cuirass row 1 bevelled lamellar plate 02", Modifier: "weighted normals", Enable 'Auto Smooth' in Object Data Properties
ERROR (bke.modifier): ./source/blender/blenkernel/intern/modifier.cc:458 BKE_modifier_set_error: Object: "rear cuirass row 1 bevelled lamellar plate 08", Modifier: "weighted normals", Enable 'Auto Smooth' in Object Data Properties
ERROR (bke.modifier): ./source/blender/blenkernel/intern/modifier.cc:458 BKE_modifier_set_error: Object: "rear cuirass row 1 bevelled lamellar plate 03", Modifier: "weighted normals", Enable 'Auto Smooth' in Object Data Properties
ERROR (bke.modifier): ./source/blender/blenkernel/intern/modifier.cc:458 BKE_modifier_set_error: Object: "rear cuirass row 1 bevelled lamellar plate 04", Modifier: "weighted normals", Enable 'Auto Smooth' in Object Data Properties
ERROR (bke.modifier): ./source/blender/blenkernel/intern/modifier.cc:458 BKE_modifier_set_error: Object: "rear cuirass row 1 bevelled lamellar plate 05", Modifier: "weighted normals", Enable 'Auto Smooth' in Object Data Properties
ERROR (bke.modifier): ./source/blender/blenkernel/intern/modifier.cc:458 BKE_modifier_set_error: Object: "rear cuirass row 1 bevelled lamellar plate 06", Modifier: "weighted normals", Enable 'Auto Smooth' in Object Data Properties
ERROR (bke.modifier): ./source/blender/blenkernel/intern/modifier.cc:458 BKE_modifier_set_error: Object: "front cuirass row 2 bevelled lamellar plate 01", Modifier: "weighted normals", Enable 'Auto Smooth' in Object Data Properties
ERROR (bke.modifier): ./source/blender/blenkernel/intern/modifier.cc:458 BKE_modifier_set_error: Object: "rear cuirass row 1 bevelled lamellar plate 07", Modifier: "weighted normals", Enable 'Auto Smooth' in Object Data Properties
ERROR (bke.modifier): ./source/blender/blenkernel/intern/modifier.cc:458 BKE_modifier_set_error: Object: "rear cuirass row 2 bevelled lamellar plate 01", Modifier: "weighted normals", Enable 'Auto Smooth' in Object Data Properties
ERROR (bke.modifier): ./source/blender/blenkernel/intern/modifier.cc:458 BKE_modifier_set_error: Object: "front cuirass row 2 bevelled lamellar plate 02", Modifier: "weighted normals", Enable 'Auto Smooth' in Object Data Properties
ERROR (bke.modifier): ./source/blender/blenkernel/intern/modifier.cc:458 BKE_modifier_set_error: Object: "front cuirass row 2 bevelled lamellar plate 03", Modifier: "weighted normals", Enable 'Auto Smooth' in Object Data Properties
ERROR (bke.modifier): ./source/blender/blenkernel/intern/modifier.cc:458 BKE_modifier_set_error: Object: "front cuirass row 2 bevelled lamellar plate 05", Modifier: "weighted normals", Enable 'Auto Smooth' in Object Data Properties
ERROR (bke.modifier): ./source/blender/blenkernel/intern/modifier.cc:458 BKE_modifier_set_error: Object: "front cuirass row 2 bevelled lamellar plate 04", Modifier: "weighted normals", Enable 'Auto Smooth' in Object Data Properties
ERROR (bke.modifier): ./source/blender/blenkernel/intern/modifier.cc:458 BKE_modifier_set_error: Object: "front cuirass row 2 bevelled lamellar plate 08", Modifier: "weighted normals", Enable 'Auto Smooth' in Object Data Properties
ERROR (bke.modifier): ./source/blender/blenkernel/intern/modifier.cc:458 BKE_modifier_set_error: Object: "front cuirass row 2 bevelled lamellar plate 07", Modifier: "weighted normals", Enable 'Auto Smooth' in Object Data Properties
ERROR (bke.modifier): ./source/blender/blenkernel/intern/modifier.cc:458 BKE_modifier_set_error: Object: "front cuirass row 2 bevelled lamellar plate 06", Modifier: "weighted normals", Enable 'Auto Smooth' in Object Data Properties
ERROR (bke.modifier): ./source/blender/blenkernel/intern/modifier.cc:458 BKE_modifier_set_error: Object: "rear cuirass row 2 bevelled lamellar plate 02", Modifier: "weighted normals", Enable 'Auto Smooth' in Object Data Properties
ERROR (bke.modifier): ./source/blender/blenkernel/intern/modifier.cc:458 BKE_modifier_set_error: Object: "square tsuba guard", Modifier: "weighted normals", Enable 'Auto Smooth' in Object Data Properties
ERROR (bke.modifier): ./source/blender/blenkernel/intern/modifier.cc:458 BKE_modifier_set_error: Object: "rear cuirass row 2 bevelled lamellar plate 03", Modifier: "weighted normals", Enable 'Auto Smooth' in Object Data Properties
ERROR (bke.modifier): ./source/blender/blenkernel/intern/modifier.cc:458 BKE_modifier_set_error: Object: "rear cuirass row 2 bevelled lamellar plate 04", Modifier: "weighted normals", Enable 'Auto Smooth' in Object Data Properties
ERROR (bke.modifier): ./source/blender/blenkernel/intern/modifier.cc:458 BKE_modifier_set_error: Object: "rear cuirass row 2 bevelled lamellar plate 07", Modifier: "weighted normals", Enable 'Auto Smooth' in Object Data Properties
ERROR (bke.modifier): ./source/blender/blenkernel/intern/modifier.cc:458 BKE_modifier_set_error: Object: "wrapped katana grip", Modifier: "weighted normals", Enable 'Auto Smooth' in Object Data Properties
ERROR (bke.modifier): ./source/blender/blenkernel/intern/modifier.cc:458 BKE_modifier_set_error: Object: "rear cuirass row 2 bevelled lamellar plate 05", Modifier: "weighted normals", Enable 'Auto Smooth' in Object Data Properties
ERROR (bke.modifier): ./source/blender/blenkernel/intern/modifier.cc:458 BKE_modifier_set_error: Object: "rear cuirass row 2 bevelled lamellar plate 06", Modifier: "weighted normals", Enable 'Auto Smooth' in Object Data Properties
ERROR (bke.modifier): ./source/blender/blenkernel/intern/modifier.cc:458 BKE_modifier_set_error: Object: "front cuirass row 3 bevelled lamellar plate 02", Modifier: "weighted normals", Enable 'Auto Smooth' in Object Data Properties
ERROR (bke.modifier): ./source/blender/blenkernel/intern/modifier.cc:458 BKE_modifier_set_error: Object: "front cuirass row 3 bevelled lamellar plate 01", Modifier: "weighted normals", Enable 'Auto Smooth' in Object Data Properties
ERROR (bke.modifier): ./source/blender/blenkernel/intern/modifier.cc:458 BKE_modifier_set_error: Object: "front cuirass row 3 bevelled lamellar plate 05", Modifier: "weighted normals", Enable 'Auto Smooth' in Object Data Properties
ERROR (bke.modifier): ./source/blender/blenkernel/intern/modifier.cc:458 BKE_modifier_set_error: Object: "rear cuirass row 2 bevelled lamellar plate 08", Modifier: "weighted normals", Enable 'Auto Smooth' in Object Data Properties
ERROR (bke.modifier): ./source/blender/blenkernel/intern/modifier.cc:458 BKE_modifier_set_error: Object: "front cuirass row 3 bevelled lamellar plate 03", Modifier: "weighted normals", Enable 'Auto Smooth' in Object Data Properties
ERROR (bke.modifier): ./source/blender/blenkernel/intern/modifier.cc:458 BKE_modifier_set_error: Object: "rear cuirass row 3 bevelled lamellar plate 02", Modifier: "weighted normals", Enable 'Auto Smooth' in Object Data Properties
ERROR (bke.modifier): ./source/blender/blenkernel/intern/modifier.cc:458 BKE_modifier_set_error: Object: "rear cuirass row 3 bevelled lamellar plate 03", Modifier: "weighted normals", Enable 'Auto Smooth' in Object Data Properties
ERROR (bke.modifier): ./source/blender/blenkernel/intern/modifier.cc:458 BKE_modifier_set_error: Object: "rear cuirass row 3 bevelled lamellar plate 05", Modifier: "weighted normals", Enable 'Auto Smooth' in Object Data Properties
ERROR (bke.modifier): ./source/blender/blenkernel/intern/modifier.cc:458 BKE_modifier_set_error: Object: "front cuirass row 3 bevelled lamellar plate 04", Modifier: "weighted normals", Enable 'Auto Smooth' in Object Data Properties
ERROR (bke.modifier): ./source/blender/blenkernel/intern/modifier.cc:458 BKE_modifier_set_error: Object: "rear cuirass row 3 bevelled lamellar plate 04", Modifier: "weighted normals", Enable 'Auto Smooth' in Object Data Properties
ERROR (bke.modifier): ./source/blender/blenkernel/intern/modifier.cc:458 BKE_modifier_set_error: Object: "rear cuirass row 3 bevelled lamellar plate 08", Modifier: "weighted normals", Enable 'Auto Smooth' in Object Data Properties
ERROR (bke.modifier): ./source/blender/blenkernel/intern/modifier.cc:458 BKE_modifier_set_error: Object: "front cuirass row 3 bevelled lamellar plate 06", Modifier: "weighted normals", Enable 'Auto Smooth' in Object Data Properties
ERROR (bke.modifier): ./source/blender/blenkernel/intern/modifier.cc:458 BKE_modifier_set_error: Object: "rear cuirass row 3 bevelled lamellar plate 01", Modifier: "weighted normals", Enable 'Auto Smooth' in Object Data Properties
ERROR (bke.modifier): ./source/blender/blenkernel/intern/modifier.cc:458 BKE_modifier_set_error: Object: "front cuirass row 3 bevelled lamellar plate 08", Modifier: "weighted normals", Enable 'Auto Smooth' in Object Data Properties
ERROR (bke.modifier): ./source/blender/blenkernel/intern/modifier.cc:458 BKE_modifier_set_error: Object: "rear cuirass row 3 bevelled lamellar plate 07", Modifier: "weighted normals", Enable 'Auto Smooth' in Object Data Properties
ERROR (bke.modifier): ./source/blender/blenkernel/intern/modifier.cc:458 BKE_modifier_set_error: Object: "front cuirass row 3 bevelled lamellar plate 07", Modifier: "weighted normals", Enable 'Auto Smooth' in Object Data Properties
ERROR (bke.modifier): ./source/blender/blenkernel/intern/modifier.cc:458 BKE_modifier_set_error: Object: "front cuirass row 4 bevelled lamellar plate 01", Modifier: "weighted normals", Enable 'Auto Smooth' in Object Data Properties
ERROR (bke.modifier): ./source/blender/blenkernel/intern/modifier.cc:458 BKE_modifier_set_error: Object: "rear cuirass row 3 bevelled lamellar plate 06", Modifier: "weighted normals", Enable 'Auto Smooth' in Object Data Properties
ERROR (bke.modifier): ./source/blender/blenkernel/intern/modifier.cc:458 BKE_modifier_set_error: Object: "front cuirass row 4 bevelled lamellar plate 06", Modifier: "weighted normals", Enable 'Auto Smooth' in Object Data Properties
ERROR (bke.modifier): ./source/blender/blenkernel/intern/modifier.cc:458 BKE_modifier_set_error: Object: "front cuirass row 4 bevelled lamellar plate 02", Modifier: "weighted normals", Enable 'Auto Smooth' in Object Data Properties
ERROR (bke.modifier): ./source/blender/blenkernel/intern/modifier.cc:458 BKE_modifier_set_error: Object: "front cuirass row 4 bevelled lamellar plate 05", Modifier: "weighted normals", Enable 'Auto Smooth' in Object Data Properties
ERROR (bke.modifier): ./source/blender/blenkernel/intern/modifier.cc:458 BKE_modifier_set_error: Object: "front cuirass row 4 bevelled lamellar plate 04", Modifier: "weighted normals", Enable 'Auto Smooth' in Object Data Properties
ERROR (bke.modifier): ./source/blender/blenkernel/intern/modifier.cc:458 BKE_modifier_set_error: Object: "front cuirass row 4 bevelled lamellar plate 03", Modifier: "weighted normals", Enable 'Auto Smooth' in Object Data Properties
ERROR (bke.modifier): ./source/blender/blenkernel/intern/modifier.cc:458 BKE_modifier_set_error: Object: "front cuirass row 4 bevelled lamellar plate 08", Modifier: "weighted normals", Enable 'Auto Smooth' in Object Data Properties
ERROR (bke.modifier): ./source/blender/blenkernel/intern/modifier.cc:458 BKE_modifier_set_error: Object: "front cuirass row 4 bevelled lamellar plate 07", Modifier: "weighted normals", Enable 'Auto Smooth' in Object Data Properties
ERROR (bke.modifier): ./source/blender/blenkernel/intern/modifier.cc:458 BKE_modifier_set_error: Object: "rear cuirass row 4 bevelled lamellar plate 05", Modifier: "weighted normals", Enable 'Auto Smooth' in Object Data Properties
ERROR (bke.modifier): ./source/blender/blenkernel/intern/modifier.cc:458 BKE_modifier_set_error: Object: "rear cuirass row 4 bevelled lamellar plate 01", Modifier: "weighted normals", Enable 'Auto Smooth' in Object Data Properties
ERROR (bke.modifier): ./source/blender/blenkernel/intern/modifier.cc:458 BKE_modifier_set_error: Object: "rear cuirass row 4 bevelled lamellar plate 02", Modifier: "weighted normals", Enable 'Auto Smooth' in Object Data Properties
ERROR (bke.modifier): ./source/blender/blenkernel/intern/modifier.cc:458 BKE_modifier_set_error: Object: "front cuirass row 5 bevelled lamellar plate 01", Modifier: "weighted normals", Enable 'Auto Smooth' in Object Data Properties
ERROR (bke.modifier): ./source/blender/blenkernel/intern/modifier.cc:458 BKE_modifier_set_error: Object: "rear cuirass row 4 bevelled lamellar plate 04", Modifier: "weighted normals", Enable 'Auto Smooth' in Object Data Properties
ERROR (bke.modifier): ./source/blender/blenkernel/intern/modifier.cc:458 BKE_modifier_set_error: Object: "rear cuirass row 4 bevelled lamellar plate 03", Modifier: "weighted normals", Enable 'Auto Smooth' in Object Data Properties
ERROR (bke.modifier): ./source/blender/blenkernel/intern/modifier.cc:458 BKE_modifier_set_error: Object: "rear cuirass row 4 bevelled lamellar plate 07", Modifier: "weighted normals", Enable 'Auto Smooth' in Object Data Properties
ERROR (bke.modifier): ./source/blender/blenkernel/intern/modifier.cc:458 BKE_modifier_set_error: Object: "right woven waraji sole grounded", Modifier: "weighted normals", Enable 'Auto Smooth' in Object Data Properties
ERROR (bke.modifier): ./source/blender/blenkernel/intern/modifier.cc:458 BKE_modifier_set_error: Object: "rear cuirass row 4 bevelled lamellar plate 06", Modifier: "weighted normals", Enable 'Auto Smooth' in Object Data Properties
ERROR (bke.modifier): ./source/blender/blenkernel/intern/modifier.cc:458 BKE_modifier_set_error: Object: "rear cuirass row 4 bevelled lamellar plate 08", Modifier: "weighted normals", Enable 'Auto Smooth' in Object Data Properties
ERROR (bke.modifier): ./source/blender/blenkernel/intern/modifier.cc:458 BKE_modifier_set_error: Object: "right outer toe group", Modifier: "weighted normals", Enable 'Auto Smooth' in Object Data Properties
ERROR (bke.modifier): ./source/blender/blenkernel/intern/modifier.cc:458 BKE_modifier_set_error: Object: "front cuirass row 5 bevelled lamellar plate 03", Modifier: "weighted normals", Enable 'Auto Smooth' in Object Data Properties
ERROR (bke.modifier): ./source/blender/blenkernel/intern/modifier.cc:458 BKE_modifier_set_error: Object: "front cuirass row 5 bevelled lamellar plate 02", Modifier: "weighted normals", Enable 'Auto Smooth' in Object Data Properties
ERROR (bke.modifier): ./source/blender/blenkernel/intern/modifier.cc:458 BKE_modifier_set_error: Object: "front cuirass row 5 bevelled lamellar plate 05", Modifier: "weighted normals", Enable 'Auto Smooth' in Object Data Properties
ERROR (bke.modifier): ./source/blender/blenkernel/intern/modifier.cc:458 BKE_modifier_set_error: Object: "front cuirass row 5 bevelled lamellar plate 04", Modifier: "weighted normals", Enable 'Auto Smooth' in Object Data Properties
ERROR (bke.modifier): ./source/blender/blenkernel/intern/modifier.cc:458 BKE_modifier_set_error: Object: "right separated big toe", Modifier: "weighted normals", Enable 'Auto Smooth' in Object Data Properties
ERROR (bke.modifier): ./source/blender/blenkernel/intern/modifier.cc:458 BKE_modifier_set_error: Object: "rear cuirass row 5 bevelled lamellar plate 03", Modifier: "weighted normals", Enable 'Auto Smooth' in Object Data Properties
ERROR (bke.modifier): ./source/blender/blenkernel/intern/modifier.cc:458 BKE_modifier_set_error: Object: "front cuirass row 5 bevelled lamellar plate 06", Modifier: "weighted normals", Enable 'Auto Smooth' in Object Data Properties
ERROR (bke.modifier): ./source/blender/blenkernel/intern/modifier.cc:458 BKE_modifier_set_error: Object: "right split-toe tabi foot volume", Modifier: "weighted normals", Enable 'Auto Smooth' in Object Data Properties
ERROR (bke.modifier): ./source/blender/blenkernel/intern/modifier.cc:458 BKE_modifier_set_error: Object: "right shin greave", Modifier: "weighted normals", Enable 'Auto Smooth' in Object Data Properties
ERROR (bke.modifier): ./source/blender/blenkernel/intern/modifier.cc:458 BKE_modifier_set_error: Object: "front cuirass row 5 bevelled lamellar plate 07", Modifier: "weighted normals", Enable 'Auto Smooth' in Object Data Properties
ERROR (bke.modifier): ./source/blender/blenkernel/intern/modifier.cc:458 BKE_modifier_set_error: Object: "front cuirass row 5 bevelled lamellar plate 08", Modifier: "weighted normals", Enable 'Auto Smooth' in Object Data Properties
ERROR (bke.modifier): ./source/blender/blenkernel/intern/modifier.cc:458 BKE_modifier_set_error: Object: "rear cuirass row 5 bevelled lamellar plate 01", Modifier: "weighted normals", Enable 'Auto Smooth' in Object Data Properties
ERROR (bke.modifier): ./source/blender/blenkernel/intern/modifier.cc:458 BKE_modifier_set_error: Object: "rear cuirass row 5 bevelled lamellar plate 05", Modifier: "weighted normals", Enable 'Auto Smooth' in Object Data Properties
ERROR (bke.modifier): ./source/blender/blenkernel/intern/modifier.cc:458 BKE_modifier_set_error: Object: "rear cuirass row 5 bevelled lamellar plate 08", Modifier: "weighted normals", Enable 'Auto Smooth' in Object Data Properties
ERROR (bke.modifier): ./source/blender/blenkernel/intern/modifier.cc:458 BKE_modifier_set_error: Object: "rear cuirass row 5 bevelled lamellar plate 06", Modifier: "weighted normals", Enable 'Auto Smooth' in Object Data Properties
ERROR (bke.modifier): ./source/blender/blenkernel/intern/modifier.cc:458 BKE_modifier_set_error: Object: "right hakama trouser leg", Modifier: "weighted normals", Enable 'Auto Smooth' in Object Data Properties
ERROR (bke.modifier): ./source/blender/blenkernel/intern/modifier.cc:458 BKE_modifier_set_error: Object: "rear cuirass row 5 bevelled lamellar plate 02", Modifier: "weighted normals", Enable 'Auto Smooth' in Object Data Properties
ERROR (bke.modifier): ./source/blender/blenkernel/intern/modifier.cc:458 BKE_modifier_set_error: Object: "left shoulder undercloth", Modifier: "weighted normals", Enable 'Auto Smooth' in Object Data Properties
ERROR (bke.modifier): ./source/blender/blenkernel/intern/modifier.cc:458 BKE_modifier_set_error: Object: "rear cuirass row 5 bevelled lamellar plate 04", Modifier: "weighted normals", Enable 'Auto Smooth' in Object Data Properties
ERROR (bke.modifier): ./source/blender/blenkernel/intern/modifier.cc:458 BKE_modifier_set_error: Object: "left armored upper arm", Modifier: "weighted normals", Enable 'Auto Smooth' in Object Data Properties
ERROR (bke.modifier): ./source/blender/blenkernel/intern/modifier.cc:458 BKE_modifier_set_error: Object: "left sode shoulder armor", Modifier: "weighted normals", Enable 'Auto Smooth' in Object Data Properties
ERROR (bke.modifier): ./source/blender/blenkernel/intern/modifier.cc:458 BKE_modifier_set_error: Object: "left side cuirass plate 3", Modifier: "weighted normals", Enable 'Auto Smooth' in Object Data Properties
ERROR (bke.modifier): ./source/blender/blenkernel/intern/modifier.cc:458 BKE_modifier_set_error: Object: "rear cuirass row 5 bevelled lamellar plate 07", Modifier: "weighted normals", Enable 'Auto Smooth' in Object Data Properties
ERROR (bke.modifier): ./source/blender/blenkernel/intern/modifier.cc:458 BKE_modifier_set_error: Object: "left kote forearm guard", Modifier: "weighted normals", Enable 'Auto Smooth' in Object Data Properties
ERROR (bke.modifier): ./source/blender/blenkernel/intern/modifier.cc:458 BKE_modifier_set_error: Object: "left leather palm volume", Modifier: "weighted normals", Enable 'Auto Smooth' in Object Data Properties
ERROR (bke.modifier): ./source/blender/blenkernel/intern/modifier.cc:458 BKE_modifier_set_error: Object: "left index fingertip", Modifier: "weighted normals", Enable 'Auto Smooth' in Object Data Properties
ERROR (bke.modifier): ./source/blender/blenkernel/intern/modifier.cc:458 BKE_modifier_set_error: Object: "left middle fingertip", Modifier: "weighted normals", Enable 'Auto Smooth' in Object Data Properties
ERROR (bke.modifier): ./source/blender/blenkernel/intern/modifier.cc:458 BKE_modifier_set_error: Object: "left ring fingertip", Modifier: "weighted normals", Enable 'Auto Smooth' in Object Data Properties
ERROR (bke.modifier): ./source/blender/blenkernel/intern/modifier.cc:458 BKE_modifier_set_error: Object: "left pinky fingertip", Modifier: "weighted normals", Enable 'Auto Smooth' in Object Data Properties
ERROR (bke.modifier): ./source/blender/blenkernel/intern/modifier.cc:458 BKE_modifier_set_error: Object: "left thumb fingertip", Modifier: "weighted normals", Enable 'Auto Smooth' in Object Data Properties
ERROR (bke.modifier): ./source/blender/blenkernel/intern/modifier.cc:458 BKE_modifier_set_error: Object: "left side cuirass plate 1", Modifier: "weighted normals", Enable 'Auto Smooth' in Object Data Properties
ERROR (bke.modifier): ./source/blender/blenkernel/intern/modifier.cc:458 BKE_modifier_set_error: Object: "left side cuirass plate 2", Modifier: "weighted normals", Enable 'Auto Smooth' in Object Data Properties
ERROR (bke.modifier): ./source/blender/blenkernel/intern/modifier.cc:458 BKE_modifier_set_error: Object: "right shoulder undercloth", Modifier: "weighted normals", Enable 'Auto Smooth' in Object Data Properties
ERROR (bke.modifier): ./source/blender/blenkernel/intern/modifier.cc:458 BKE_modifier_set_error: Object: "right leather palm volume", Modifier: "weighted normals", Enable 'Auto Smooth' in Object Data Properties
ERROR (bke.modifier): ./source/blender/blenkernel/intern/modifier.cc:458 BKE_modifier_set_error: Object: "right armored upper arm", Modifier: "weighted normals", Enable 'Auto Smooth' in Object Data Properties
ERROR (bke.modifier): ./source/blender/blenkernel/intern/modifier.cc:458 BKE_modifier_set_error: Object: "right sode shoulder armor", Modifier: "weighted normals", Enable 'Auto Smooth' in Object Data Properties
ERROR (bke.modifier): ./source/blender/blenkernel/intern/modifier.cc:458 BKE_modifier_set_error: Object: "right side cuirass plate 1", Modifier: "weighted normals", Enable 'Auto Smooth' in Object Data Properties
ERROR (bke.modifier): ./source/blender/blenkernel/intern/modifier.cc:458 BKE_modifier_set_error: Object: "right kote forearm guard", Modifier: "weighted normals", Enable 'Auto Smooth' in Object Data Properties
ERROR (bke.modifier): ./source/blender/blenkernel/intern/modifier.cc:458 BKE_modifier_set_error: Object: "right side cuirass plate 2", Modifier: "weighted normals", Enable 'Auto Smooth' in Object Data Properties
ERROR (bke.modifier): ./source/blender/blenkernel/intern/modifier.cc:458 BKE_modifier_set_error: Object: "right side cuirass plate 3", Modifier: "weighted normals", Enable 'Auto Smooth' in Object Data Properties
ERROR (bke.modifier): ./source/blender/blenkernel/intern/modifier.cc:458 BKE_modifier_set_error: Object: "right index fingertip", Modifier: "weighted normals", Enable 'Auto Smooth' in Object Data Properties
ERROR (bke.modifier): ./source/blender/blenkernel/intern/modifier.cc:458 BKE_modifier_set_error: Object: "left hanging sode shoulder plate 1", Modifier: "weighted normals", Enable 'Auto Smooth' in Object Data Properties
ERROR (bke.modifier): ./source/blender/blenkernel/intern/modifier.cc:458 BKE_modifier_set_error: Object: "right middle fingertip", Modifier: "weighted normals", Enable 'Auto Smooth' in Object Data Properties
ERROR (bke.modifier): ./source/blender/blenkernel/intern/modifier.cc:458 BKE_modifier_set_error: Object: "left hanging sode shoulder plate 2", Modifier: "weighted normals", Enable 'Auto Smooth' in Object Data Properties
ERROR (bke.modifier): ./source/blender/blenkernel/intern/modifier.cc:458 BKE_modifier_set_error: Object: "right thumb fingertip", Modifier: "weighted normals", Enable 'Auto Smooth' in Object Data Properties
ERROR (bke.modifier): ./source/blender/blenkernel/intern/modifier.cc:458 BKE_modifier_set_error: Object: "left hanging sode shoulder plate 3", Modifier: "weighted normals", Enable 'Auto Smooth' in Object Data Properties
ERROR (bke.modifier): ./source/blender/blenkernel/intern/modifier.cc:458 BKE_modifier_set_error: Object: "right ring fingertip", Modifier: "weighted normals", Enable 'Auto Smooth' in Object Data Properties
ERROR (bke.modifier): ./source/blender/blenkernel/intern/modifier.cc:458 BKE_modifier_set_error: Object: "right pinky fingertip", Modifier: "weighted normals", Enable 'Auto Smooth' in Object Data Properties
ERROR (bke.modifier): ./source/blender/blenkernel/intern/modifier.cc:458 BKE_modifier_set_error: Object: "left hanging sode shoulder plate 4", Modifier: "weighted normals", Enable 'Auto Smooth' in Object Data Properties
ERROR (bke.modifier): ./source/blender/blenkernel/intern/modifier.cc:458 BKE_modifier_set_error: Object: "right hanging sode shoulder plate 1", Modifier: "weighted normals", Enable 'Auto Smooth' in Object Data Properties
ERROR (bke.modifier): ./source/blender/blenkernel/intern/modifier.cc:458 BKE_modifier_set_error: Object: "rear kusazuri skirt plate -1 row 1", Modifier: "weighted normals", Enable 'Auto Smooth' in Object Data Properties
ERROR (bke.modifier): ./source/blender/blenkernel/intern/modifier.cc:458 BKE_modifier_set_error: Object: "right hanging sode shoulder plate 3", Modifier: "weighted normals", Enable 'Auto Smooth' in Object Data Properties
ERROR (bke.modifier): ./source/blender/blenkernel/intern/modifier.cc:458 BKE_modifier_set_error: Object: "right hanging sode shoulder plate 2", Modifier: "weighted normals", Enable 'Auto Smooth' in Object Data Properties
ERROR (bke.modifier): ./source/blender/blenkernel/intern/modifier.cc:458 BKE_modifier_set_error: Object: "right hanging sode shoulder plate 4", Modifier: "weighted normals", Enable 'Auto Smooth' in Object Data Properties
ERROR (bke.modifier): ./source/blender/blenkernel/intern/modifier.cc:458 BKE_modifier_set_error: Object: "kusazuri skirt plate -1 row 3", Modifier: "weighted normals", Enable 'Auto Smooth' in Object Data Properties
ERROR (bke.modifier): ./source/blender/blenkernel/intern/modifier.cc:458 BKE_modifier_set_error: Object: "kusazuri skirt plate +0 row 2", Modifier: "weighted normals", Enable 'Auto Smooth' in Object Data Properties
ERROR (bke.modifier): ./source/blender/blenkernel/intern/modifier.cc:458 BKE_modifier_set_error: Object: "left woven waraji sole grounded", Modifier: "weighted normals", Enable 'Auto Smooth' in Object Data Properties
ERROR (bke.modifier): ./source/blender/blenkernel/intern/modifier.cc:458 BKE_modifier_set_error: Object: "kusazuri skirt plate -1 row 1", Modifier: "weighted normals", Enable 'Auto Smooth' in Object Data Properties
ERROR (bke.modifier): ./source/blender/blenkernel/intern/modifier.cc:458 BKE_modifier_set_error: Object: "kusazuri skirt plate -1 row 2", Modifier: "weighted normals", Enable 'Auto Smooth' in Object Data Properties
ERROR (bke.modifier): ./source/blender/blenkernel/intern/modifier.cc:458 BKE_modifier_set_error: Object: "rear kusazuri skirt plate -1 row 3", Modifier: "weighted normals", Enable 'Auto Smooth' in Object Data Properties
ERROR (bke.modifier): ./source/blender/blenkernel/intern/modifier.cc:458 BKE_modifier_set_error: Object: "left outer toe group", Modifier: "weighted normals", Enable 'Auto Smooth' in Object Data Properties
ERROR (bke.modifier): ./source/blender/blenkernel/intern/modifier.cc:458 BKE_modifier_set_error: Object: "left separated big toe", Modifier: "weighted normals", Enable 'Auto Smooth' in Object Data Properties
ERROR (bke.modifier): ./source/blender/blenkernel/intern/modifier.cc:458 BKE_modifier_set_error: Object: "left split-toe tabi foot volume", Modifier: "weighted normals", Enable 'Auto Smooth' in Object Data Properties
ERROR (bke.modifier): ./source/blender/blenkernel/intern/modifier.cc:458 BKE_modifier_set_error: Object: "kusazuri skirt plate +0 row 3", Modifier: "weighted normals", Enable 'Auto Smooth' in Object Data Properties
ERROR (bke.modifier): ./source/blender/blenkernel/intern/modifier.cc:458 BKE_modifier_set_error: Object: "kusazuri skirt plate +1 row 1", Modifier: "weighted normals", Enable 'Auto Smooth' in Object Data Properties
ERROR (bke.modifier): ./source/blender/blenkernel/intern/modifier.cc:458 BKE_modifier_set_error: Object: "rear kusazuri skirt plate -1 row 2", Modifier: "weighted normals", Enable 'Auto Smooth' in Object Data Properties
ERROR (bke.modifier): ./source/blender/blenkernel/intern/modifier.cc:458 BKE_modifier_set_error: Object: "left shin greave", Modifier: "weighted normals", Enable 'Auto Smooth' in Object Data Properties
ERROR (bke.modifier): ./source/blender/blenkernel/intern/modifier.cc:458 BKE_modifier_set_error: Object: "rear kusazuri skirt plate +0 row 1", Modifier: "weighted normals", Enable 'Auto Smooth' in Object Data Properties
ERROR (bke.modifier): ./source/blender/blenkernel/intern/modifier.cc:458 BKE_modifier_set_error: Object: "kusazuri skirt plate +0 row 1", Modifier: "weighted normals", Enable 'Auto Smooth' in Object Data Properties
ERROR (bke.modifier): ./source/blender/blenkernel/intern/modifier.cc:458 BKE_modifier_set_error: Object: "rear kusazuri skirt plate +0 row 2", Modifier: "weighted normals", Enable 'Auto Smooth' in Object Data Properties
ERROR (bke.modifier): ./source/blender/blenkernel/intern/modifier.cc:458 BKE_modifier_set_error: Object: "left hakama trouser leg", Modifier: "weighted normals", Enable 'Auto Smooth' in Object Data Properties
ERROR (bke.modifier): ./source/blender/blenkernel/intern/modifier.cc:458 BKE_modifier_set_error: Object: "left hanging hakama outer cloth", Modifier: "weighted normals", Enable 'Auto Smooth' in Object Data Properties
ERROR (bke.modifier): ./source/blender/blenkernel/intern/modifier.cc:458 BKE_modifier_set_error: Object: "rear kusazuri skirt plate +1 row 1", Modifier: "weighted normals", Enable 'Auto Smooth' in Object Data Properties
ERROR (bke.modifier): ./source/blender/blenkernel/intern/modifier.cc:458 BKE_modifier_set_error: Object: "rear kusazuri skirt plate +0 row 3", Modifier: "weighted normals", Enable 'Auto Smooth' in Object Data Properties
ERROR (bke.modifier): ./source/blender/blenkernel/intern/modifier.cc:458 BKE_modifier_set_error: Object: "rear kusazuri skirt plate +1 row 2", Modifier: "weighted normals", Enable 'Auto Smooth' in Object Data Properties
ERROR (bke.modifier): ./source/blender/blenkernel/intern/modifier.cc:458 BKE_modifier_set_error: Object: "rear kusazuri skirt plate +1 row 3", Modifier: "weighted normals", Enable 'Auto Smooth' in Object Data Properties
ERROR (bke.modifier): ./source/blender/blenkernel/intern/modifier.cc:458 BKE_modifier_set_error: Object: "left side hakama fold", Modifier: "weighted normals", Enable 'Auto Smooth' in Object Data Properties
ERROR (bke.modifier): ./source/blender/blenkernel/intern/modifier.cc:458 BKE_modifier_set_error: Object: "kusazuri skirt plate +1 row 2", Modifier: "weighted normals", Enable 'Auto Smooth' in Object Data Properties
ERROR (bke.modifier): ./source/blender/blenkernel/intern/modifier.cc:458 BKE_modifier_set_error: Object: "right hanging hakama outer cloth", Modifier: "weighted normals", Enable 'Auto Smooth' in Object Data Properties
ERROR (bke.modifier): ./source/blender/blenkernel/intern/modifier.cc:458 BKE_modifier_set_error: Object: "kusazuri skirt plate +1 row 3", Modifier: "weighted normals", Enable 'Auto Smooth' in Object Data Properties
ERROR (bke.modifier): ./source/blender/blenkernel/intern/modifier.cc:458 BKE_modifier_set_error: Object: "right side hakama fold", Modifier: "weighted normals", Enable 'Auto Smooth' in Object Data Properties
Fra:1 Mem:48.61M (Peak 48.63M) | Time:00:00.05 | Syncing matte charcoal inspection plinth
Fra:1 Mem:48.62M (Peak 48.67M) | Time:00:00.05 | Syncing ribcage under-kimono volume
Fra:1 Mem:48.71M (Peak 48.71M) | Time:00:00.05 | Syncing narrow waist under-kimono volume
Fra:1 Mem:48.78M (Peak 48.78M) | Time:00:00.05 | Syncing visible human forehead behind mem
Fra:1 Mem:48.87M (Peak 48.87M) | Time:00:00.05 | Syncing thin exposed neck
Fra:1 Mem:48.88M (Peak 48.89M) | Time:00:00.06 | Syncing neck guard collar
Fra:1 Mem:48.90M (Peak 48.94M) | Time:00:00.06 | Syncing segmented kabuto helmet bowl
Fra:1 Mem:49.06M (Peak 49.07M) | Time:00:00.06 | Syncing wide kabuto brim
Fra:1 Mem:49.09M (Peak 49.09M) | Time:00:00.06 | Syncing layered rear shikoro neck guard
Fra:1 Mem:49.11M (Peak 49.11M) | Time:00:00.06 | Syncing left side helmet flange
Fra:1 Mem:49.12M (Peak 49.12M) | Time:00:00.06 | Syncing right side helmet flange
Fra:1 Mem:49.13M (Peak 49.13M) | Time:00:00.06 | Syncing golden maedate crescent crest
Fra:1 Mem:49.15M (Peak 49.20M) | Time:00:00.06 | Syncing crest central rivet
Fra:1 Mem:49.16M (Peak 49.20M) | Time:00:00.06 | Syncing left angular mempo cheek plate
Fra:1 Mem:49.18M (Peak 49.22M) | Time:00:00.06 | Syncing right angular mempo cheek plate
Fra:1 Mem:49.20M (Peak 49.22M) | Time:00:00.06 | Syncing mempo chin guard
Fra:1 Mem:49.22M (Peak 49.22M) | Time:00:00.06 | Syncing mempo nose ridge
Fra:1 Mem:49.23M (Peak 49.23M) | Time:00:00.06 | Syncing left narrow eye slit
Fra:1 Mem:49.25M (Peak 49.25M) | Time:00:00.06 | Syncing right narrow eye slit
Fra:1 Mem:49.26M (Peak 49.26M) | Time:00:00.06 | Syncing mempo grim mouth slit
Fra:1 Mem:49.27M (Peak 49.27M) | Time:00:00.06 | Syncing left mask moustache bristle
Fra:1 Mem:49.28M (Peak 49.28M) | Time:00:00.06 | Syncing right mask moustache bristle
Fra:1 Mem:49.29M (Peak 49.29M) | Time:00:00.06 | Syncing throat guard row 1 bevelled lamel
Fra:1 Mem:49.31M (Peak 49.31M) | Time:00:00.06 | Syncing throat guard row 1 bevelled lamel
Fra:1 Mem:49.33M (Peak 49.33M) | Time:00:00.06 | Syncing throat guard row 1 bevelled lamel
Fra:1 Mem:49.34M (Peak 49.34M) | Time:00:00.06 | Syncing throat guard row 1 bevelled lamel
Fra:1 Mem:49.36M (Peak 49.36M) | Time:00:00.06 | Syncing throat guard row 1 bevelled lamel
Fra:1 Mem:49.38M (Peak 49.38M) | Time:00:00.06 | Syncing throat guard row 2 bevelled lamel
Fra:1 Mem:49.40M (Peak 49.40M) | Time:00:00.06 | Syncing throat guard row 2 bevelled lamel
Fra:1 Mem:49.42M (Peak 49.42M) | Time:00:00.06 | Syncing throat guard row 2 bevelled lamel
Fra:1 Mem:49.44M (Peak 49.44M) | Time:00:00.06 | Syncing throat guard row 2 bevelled lamel
Fra:1 Mem:49.46M (Peak 49.46M) | Time:00:00.06 | Syncing throat guard row 2 bevelled lamel
Fra:1 Mem:49.48M (Peak 49.48M) | Time:00:00.06 | Syncing throat guard row 3 bevelled lamel
Fra:1 Mem:49.50M (Peak 49.50M) | Time:00:00.06 | Syncing throat guard row 3 bevelled lamel
Fra:1 Mem:49.52M (Peak 49.52M) | Time:00:00.06 | Syncing throat guard row 3 bevelled lamel
Fra:1 Mem:49.54M (Peak 49.54M) | Time:00:00.06 | Syncing throat guard row 3 bevelled lamel
Fra:1 Mem:49.56M (Peak 49.56M) | Time:00:00.06 | Syncing throat guard row 3 bevelled lamel
Fra:1 Mem:49.58M (Peak 49.58M) | Time:00:00.06 | Syncing front under-kimono chest panel
Fra:1 Mem:49.60M (Peak 49.60M) | Time:00:00.06 | Syncing rear under-kimono back panel
Fra:1 Mem:49.63M (Peak 49.63M) | Time:00:00.06 | Syncing upper do cuirass fitted shell
Fra:1 Mem:49.73M (Peak 49.73M) | Time:00:00.06 | Syncing lower do cuirass narrowed shell
Fra:1 Mem:49.81M (Peak 49.81M) | Time:00:00.06 | Syncing front cuirass row 1 bevelled lame
Fra:1 Mem:49.83M (Peak 49.83M) | Time:00:00.06 | Syncing front cuirass row 1 bevelled lame
Fra:1 Mem:49.85M (Peak 49.85M) | Time:00:00.06 | Syncing front cuirass row 1 bevelled lame
Fra:1 Mem:49.87M (Peak 49.87M) | Time:00:00.06 | Syncing front cuirass row 1 bevelled lame
Fra:1 Mem:49.89M (Peak 49.89M) | Time:00:00.06 | Syncing front cuirass row 1 bevelled lame
Fra:1 Mem:49.91M (Peak 49.91M) | Time:00:00.06 | Syncing front cuirass row 1 bevelled lame
Fra:1 Mem:49.93M (Peak 49.93M) | Time:00:00.06 | Syncing front cuirass row 1 bevelled lame
Fra:1 Mem:49.95M (Peak 49.95M) | Time:00:00.06 | Syncing front cuirass row 1 bevelled lame
Fra:1 Mem:49.97M (Peak 49.97M) | Time:00:00.06 | Syncing rear cuirass row 1 bevelled lamel
Fra:1 Mem:49.99M (Peak 49.99M) | Time:00:00.06 | Syncing rear cuirass row 1 bevelled lamel
Fra:1 Mem:50.01M (Peak 50.01M) | Time:00:00.06 | Syncing rear cuirass row 1 bevelled lamel
Fra:1 Mem:50.03M (Peak 50.03M) | Time:00:00.06 | Syncing rear cuirass row 1 bevelled lamel
Fra:1 Mem:50.05M (Peak 50.05M) | Time:00:00.06 | Syncing rear cuirass row 1 bevelled lamel
Fra:1 Mem:50.07M (Peak 50.07M) | Time:00:00.06 | Syncing rear cuirass row 1 bevelled lamel
Fra:1 Mem:50.08M (Peak 50.08M) | Time:00:00.06 | Syncing rear cuirass row 1 bevelled lamel
Fra:1 Mem:50.10M (Peak 50.10M) | Time:00:00.07 | Syncing rear cuirass row 1 bevelled lamel
Fra:1 Mem:50.12M (Peak 50.12M) | Time:00:00.07 | Syncing front cuirass row 2 bevelled lame
Fra:1 Mem:50.14M (Peak 50.14M) | Time:00:00.07 | Syncing front cuirass row 2 bevelled lame
Fra:1 Mem:50.16M (Peak 50.16M) | Time:00:00.07 | Syncing front cuirass row 2 bevelled lame
Fra:1 Mem:50.18M (Peak 50.18M) | Time:00:00.07 | Syncing front cuirass row 2 bevelled lame
Fra:1 Mem:50.20M (Peak 50.20M) | Time:00:00.07 | Syncing front cuirass row 2 bevelled lame
Fra:1 Mem:50.22M (Peak 50.22M) | Time:00:00.07 | Syncing front cuirass row 2 bevelled lame
Fra:1 Mem:50.24M (Peak 50.24M) | Time:00:00.07 | Syncing front cuirass row 2 bevelled lame
Fra:1 Mem:50.26M (Peak 50.26M) | Time:00:00.07 | Syncing front cuirass row 2 bevelled lame
Fra:1 Mem:50.28M (Peak 50.28M) | Time:00:00.07 | Syncing rear cuirass row 2 bevelled lamel
Fra:1 Mem:50.30M (Peak 50.30M) | Time:00:00.07 | Syncing rear cuirass row 2 bevelled lamel
Fra:1 Mem:50.32M (Peak 50.32M) | Time:00:00.07 | Syncing rear cuirass row 2 bevelled lamel
Fra:1 Mem:50.34M (Peak 50.34M) | Time:00:00.07 | Syncing rear cuirass row 2 bevelled lamel
Fra:1 Mem:50.36M (Peak 50.36M) | Time:00:00.07 | Syncing rear cuirass row 2 bevelled lamel
Fra:1 Mem:50.38M (Peak 50.38M) | Time:00:00.07 | Syncing rear cuirass row 2 bevelled lamel
Fra:1 Mem:50.40M (Peak 50.40M) | Time:00:00.07 | Syncing rear cuirass row 2 bevelled lamel
Fra:1 Mem:50.41M (Peak 50.41M) | Time:00:00.07 | Syncing rear cuirass row 2 bevelled lamel
Fra:1 Mem:50.43M (Peak 50.43M) | Time:00:00.07 | Syncing front cuirass row 3 bevelled lame
Fra:1 Mem:50.45M (Peak 50.45M) | Time:00:00.07 | Syncing front cuirass row 3 bevelled lame
Fra:1 Mem:50.47M (Peak 50.47M) | Time:00:00.07 | Syncing front cuirass row 3 bevelled lame
Fra:1 Mem:50.49M (Peak 50.49M) | Time:00:00.07 | Syncing front cuirass row 3 bevelled lame
Fra:1 Mem:50.51M (Peak 50.51M) | Time:00:00.07 | Syncing front cuirass row 3 bevelled lame
Fra:1 Mem:50.53M (Peak 50.53M) | Time:00:00.07 | Syncing front cuirass row 3 bevelled lame
Fra:1 Mem:50.55M (Peak 50.55M) | Time:00:00.07 | Syncing front cuirass row 3 bevelled lame
Fra:1 Mem:50.57M (Peak 50.57M) | Time:00:00.07 | Syncing front cuirass row 3 bevelled lame
Fra:1 Mem:50.59M (Peak 50.59M) | Time:00:00.07 | Syncing rear cuirass row 3 bevelled lamel
Fra:1 Mem:50.61M (Peak 50.61M) | Time:00:00.07 | Syncing rear cuirass row 3 bevelled lamel
Fra:1 Mem:50.63M (Peak 50.63M) | Time:00:00.07 | Syncing rear cuirass row 3 bevelled lamel
Fra:1 Mem:50.65M (Peak 50.65M) | Time:00:00.07 | Syncing rear cuirass row 3 bevelled lamel
Fra:1 Mem:50.67M (Peak 50.67M) | Time:00:00.07 | Syncing rear cuirass row 3 bevelled lamel
Fra:1 Mem:50.68M (Peak 50.68M) | Time:00:00.07 | Syncing rear cuirass row 3 bevelled lamel
Fra:1 Mem:50.70M (Peak 50.70M) | Time:00:00.07 | Syncing rear cuirass row 3 bevelled lamel
Fra:1 Mem:50.72M (Peak 50.72M) | Time:00:00.07 | Syncing rear cuirass row 3 bevelled lamel
Fra:1 Mem:50.74M (Peak 50.74M) | Time:00:00.07 | Syncing front cuirass row 4 bevelled lame
Fra:1 Mem:50.76M (Peak 50.76M) | Time:00:00.07 | Syncing front cuirass row 4 bevelled lame
Fra:1 Mem:50.78M (Peak 50.78M) | Time:00:00.07 | Syncing front cuirass row 4 bevelled lame
Fra:1 Mem:50.80M (Peak 50.80M) | Time:00:00.07 | Syncing front cuirass row 4 bevelled lame
Fra:1 Mem:50.82M (Peak 50.82M) | Time:00:00.07 | Syncing front cuirass row 4 bevelled lame
Fra:1 Mem:50.84M (Peak 50.84M) | Time:00:00.07 | Syncing front cuirass row 4 bevelled lame
Fra:1 Mem:50.86M (Peak 50.86M) | Time:00:00.07 | Syncing front cuirass row 4 bevelled lame
Fra:1 Mem:50.88M (Peak 50.88M) | Time:00:00.07 | Syncing front cuirass row 4 bevelled lame
Fra:1 Mem:50.90M (Peak 50.90M) | Time:00:00.07 | Syncing rear cuirass row 4 bevelled lamel
Fra:1 Mem:50.92M (Peak 50.92M) | Time:00:00.07 | Syncing rear cuirass row 4 bevelled lamel
Fra:1 Mem:50.94M (Peak 50.94M) | Time:00:00.07 | Syncing rear cuirass row 4 bevelled lamel
Fra:1 Mem:50.95M (Peak 50.95M) | Time:00:00.07 | Syncing rear cuirass row 4 bevelled lamel
Fra:1 Mem:50.97M (Peak 50.97M) | Time:00:00.07 | Syncing rear cuirass row 4 bevelled lamel
Fra:1 Mem:50.99M (Peak 50.99M) | Time:00:00.07 | Syncing rear cuirass row 4 bevelled lamel
Fra:1 Mem:51.01M (Peak 51.01M) | Time:00:00.07 | Syncing rear cuirass row 4 bevelled lamel
Fra:1 Mem:51.03M (Peak 51.03M) | Time:00:00.07 | Syncing rear cuirass row 4 bevelled lamel
Fra:1 Mem:51.05M (Peak 51.05M) | Time:00:00.07 | Syncing front cuirass row 5 bevelled lame
Fra:1 Mem:51.07M (Peak 51.07M) | Time:00:00.07 | Syncing front cuirass row 5 bevelled lame
Fra:1 Mem:51.09M (Peak 51.09M) | Time:00:00.07 | Syncing front cuirass row 5 bevelled lame
Fra:1 Mem:51.11M (Peak 51.11M) | Time:00:00.07 | Syncing front cuirass row 5 bevelled lame
Fra:1 Mem:51.13M (Peak 51.13M) | Time:00:00.07 | Syncing front cuirass row 5 bevelled lame
Fra:1 Mem:51.15M (Peak 51.15M) | Time:00:00.07 | Syncing front cuirass row 5 bevelled lame
Fra:1 Mem:51.17M (Peak 51.17M) | Time:00:00.07 | Syncing front cuirass row 5 bevelled lame
Fra:1 Mem:51.19M (Peak 51.19M) | Time:00:00.07 | Syncing front cuirass row 5 bevelled lame
Fra:1 Mem:51.21M (Peak 51.21M) | Time:00:00.07 | Syncing rear cuirass row 5 bevelled lamel
Fra:1 Mem:51.23M (Peak 51.23M) | Time:00:00.07 | Syncing rear cuirass row 5 bevelled lamel
Fra:1 Mem:51.24M (Peak 51.24M) | Time:00:00.07 | Syncing rear cuirass row 5 bevelled lamel
Fra:1 Mem:51.26M (Peak 51.26M) | Time:00:00.07 | Syncing rear cuirass row 5 bevelled lamel
Fra:1 Mem:51.28M (Peak 51.28M) | Time:00:00.07 | Syncing rear cuirass row 5 bevelled lamel
Fra:1 Mem:51.30M (Peak 51.30M) | Time:00:00.07 | Syncing rear cuirass row 5 bevelled lamel
Fra:1 Mem:51.32M (Peak 51.32M) | Time:00:00.07 | Syncing rear cuirass row 5 bevelled lamel
Fra:1 Mem:51.34M (Peak 51.34M) | Time:00:00.07 | Syncing rear cuirass row 5 bevelled lamel
Fra:1 Mem:51.36M (Peak 51.36M) | Time:00:00.07 | Syncing front cuirass vertical odoshi lac
Fra:1 Mem:51.36M (Peak 51.42M) | Time:00:00.07 | Syncing front cuirass vertical odoshi lac
Fra:1 Mem:51.37M (Peak 51.42M) | Time:00:00.07 | Syncing front cuirass vertical odoshi lac
Fra:1 Mem:51.37M (Peak 51.42M) | Time:00:00.07 | Syncing front cuirass vertical odoshi lac
Fra:1 Mem:51.38M (Peak 51.42M) | Time:00:00.07 | Syncing front cuirass vertical odoshi lac
Fra:1 Mem:51.39M (Peak 51.42M) | Time:00:00.07 | Syncing front cuirass vertical odoshi lac
Fra:1 Mem:51.39M (Peak 51.42M) | Time:00:00.07 | Syncing rear cuirass vertical odoshi lace
Fra:1 Mem:51.40M (Peak 51.42M) | Time:00:00.07 | Syncing rear cuirass vertical odoshi lace
Fra:1 Mem:51.41M (Peak 51.42M) | Time:00:00.07 | Syncing rear cuirass vertical odoshi lace
Fra:1 Mem:51.41M (Peak 51.42M) | Time:00:00.07 | Syncing rear cuirass vertical odoshi lace
Fra:1 Mem:51.42M (Peak 51.42M) | Time:00:00.07 | Syncing rear cuirass vertical odoshi lace
Fra:1 Mem:51.43M (Peak 51.43M) | Time:00:00.07 | Syncing left side cuirass plate 1
Fra:1 Mem:51.44M (Peak 51.44M) | Time:00:00.07 | Syncing left side cuirass plate 2
Fra:1 Mem:51.45M (Peak 51.45M) | Time:00:00.07 | Syncing left side cuirass plate 3
Fra:1 Mem:51.47M (Peak 51.47M) | Time:00:00.07 | Syncing right side cuirass plate 1
Fra:1 Mem:51.48M (Peak 51.48M) | Time:00:00.07 | Syncing right side cuirass plate 2
Fra:1 Mem:51.50M (Peak 51.50M) | Time:00:00.07 | Syncing right side cuirass plate 3
Fra:1 Mem:51.51M (Peak 51.51M) | Time:00:00.07 | Syncing left shoulder undercloth
Fra:1 Mem:51.57M (Peak 51.57M) | Time:00:00.07 | Syncing left hanging sode shoulder plate 
Fra:1 Mem:51.58M (Peak 51.58M) | Time:00:00.07 | Syncing left hanging sode shoulder plate 
Fra:1 Mem:51.60M (Peak 51.60M) | Time:00:00.07 | Syncing left hanging sode shoulder plate 
Fra:1 Mem:51.62M (Peak 51.62M) | Time:00:00.07 | Syncing left hanging sode shoulder plate 
Fra:1 Mem:51.64M (Peak 51.64M) | Time:00:00.07 | Syncing left armored upper arm
Fra:1 Mem:51.70M (Peak 51.70M) | Time:00:00.07 | Syncing left sode shoulder armor
Fra:1 Mem:51.74M (Peak 51.74M) | Time:00:00.07 | Syncing left kote forearm guard
Fra:1 Mem:51.80M (Peak 51.80M) | Time:00:00.07 | Syncing left leather palm volume
Fra:1 Mem:51.83M (Peak 51.85M) | Time:00:00.07 | Syncing left articulated index finger
Fra:1 Mem:51.84M (Peak 51.85M) | Time:00:00.07 | Syncing left index fingertip
Fra:1 Mem:51.86M (Peak 51.86M) | Time:00:00.07 | Syncing left articulated middle finger
Fra:1 Mem:51.87M (Peak 51.87M) | Time:00:00.07 | Syncing left middle fingertip
Fra:1 Mem:51.88M (Peak 51.88M) | Time:00:00.07 | Syncing left articulated ring finger
Fra:1 Mem:51.89M (Peak 51.89M) | Time:00:00.07 | Syncing left ring fingertip
Fra:1 Mem:51.93M (Peak 51.93M) | Time:00:00.07 | Syncing left articulated pinky finger
Fra:1 Mem:51.94M (Peak 51.94M) | Time:00:00.07 | Syncing left pinky fingertip
Fra:1 Mem:51.95M (Peak 51.95M) | Time:00:00.07 | Syncing left opposed thumb
Fra:1 Mem:51.96M (Peak 51.96M) | Time:00:00.07 | Syncing left thumb fingertip
Fra:1 Mem:51.97M (Peak 51.97M) | Time:00:00.07 | Syncing right shoulder undercloth
Fra:1 Mem:52.03M (Peak 52.03M) | Time:00:00.07 | Syncing right hanging sode shoulder plate
Fra:1 Mem:52.05M (Peak 52.05M) | Time:00:00.07 | Syncing right hanging sode shoulder plate
Fra:1 Mem:52.07M (Peak 52.07M) | Time:00:00.07 | Syncing right hanging sode shoulder plate
Fra:1 Mem:52.09M (Peak 52.09M) | Time:00:00.07 | Syncing right hanging sode shoulder plate
Fra:1 Mem:52.11M (Peak 52.11M) | Time:00:00.07 | Syncing right armored upper arm
Fra:1 Mem:52.16M (Peak 52.16M) | Time:00:00.07 | Syncing right sode shoulder armor
Fra:1 Mem:52.20M (Peak 52.20M) | Time:00:00.07 | Syncing right kote forearm guard
Fra:1 Mem:52.26M (Peak 52.26M) | Time:00:00.07 | Syncing right leather palm volume
Fra:1 Mem:52.30M (Peak 52.30M) | Time:00:00.07 | Syncing right articulated index finger
Fra:1 Mem:52.31M (Peak 52.31M) | Time:00:00.07 | Syncing right index fingertip
Fra:1 Mem:52.32M (Peak 52.32M) | Time:00:00.07 | Syncing right articulated middle finger
Fra:1 Mem:52.33M (Peak 52.33M) | Time:00:00.07 | Syncing right middle fingertip
Fra:1 Mem:52.34M (Peak 52.34M) | Time:00:00.07 | Syncing right articulated ring finger
Fra:1 Mem:52.35M (Peak 52.35M) | Time:00:00.07 | Syncing right ring fingertip
Fra:1 Mem:52.36M (Peak 52.36M) | Time:00:00.07 | Syncing right articulated pinky finger
Fra:1 Mem:52.37M (Peak 52.37M) | Time:00:00.07 | Syncing right pinky fingertip
Fra:1 Mem:52.38M (Peak 52.38M) | Time:00:00.07 | Syncing right opposed thumb
Fra:1 Mem:52.39M (Peak 52.39M) | Time:00:00.07 | Syncing right thumb fingertip
Fra:1 Mem:52.41M (Peak 52.41M) | Time:00:00.07 | Syncing kusazuri skirt plate -1 row 1
Fra:1 Mem:52.42M (Peak 52.42M) | Time:00:00.07 | Syncing rear kusazuri skirt plate -1 row 
Fra:1 Mem:52.43M (Peak 52.43M) | Time:00:00.07 | Syncing kusazuri skirt plate -1 row 2
Fra:1 Mem:52.45M (Peak 52.45M) | Time:00:00.07 | Syncing rear kusazuri skirt plate -1 row 
Fra:1 Mem:52.46M (Peak 52.46M) | Time:00:00.07 | Syncing kusazuri skirt plate -1 row 3
Fra:1 Mem:52.48M (Peak 52.48M) | Time:00:00.07 | Syncing rear kusazuri skirt plate -1 row 
Fra:1 Mem:52.49M (Peak 52.49M) | Time:00:00.07 | Syncing kusazuri skirt plate +0 row 1
Fra:1 Mem:52.50M (Peak 52.50M) | Time:00:00.07 | Syncing rear kusazuri skirt plate +0 row 
Fra:1 Mem:52.52M (Peak 52.52M) | Time:00:00.07 | Syncing kusazuri skirt plate +0 row 2
Fra:1 Mem:52.53M (Peak 52.53M) | Time:00:00.07 | Syncing rear kusazuri skirt plate +0 row 
Fra:1 Mem:52.54M (Peak 52.54M) | Time:00:00.07 | Syncing kusazuri skirt plate +0 row 3
Fra:1 Mem:52.56M (Peak 52.56M) | Time:00:00.07 | Syncing rear kusazuri skirt plate +0 row 
Fra:1 Mem:52.57M (Peak 52.57M) | Time:00:00.07 | Syncing kusazuri skirt plate +1 row 1
Fra:1 Mem:52.59M (Peak 52.59M) | Time:00:00.07 | Syncing rear kusazuri skirt plate +1 row 
Fra:1 Mem:52.60M (Peak 52.60M) | Time:00:00.07 | Syncing kusazuri skirt plate +1 row 2
Fra:1 Mem:52.61M (Peak 52.61M) | Time:00:00.07 | Syncing rear kusazuri skirt plate +1 row 
Fra:1 Mem:52.63M (Peak 52.63M) | Time:00:00.07 | Syncing kusazuri skirt plate +1 row 3
Fra:1 Mem:52.64M (Peak 52.64M) | Time:00:00.08 | Syncing rear kusazuri skirt plate +1 row 
Fra:1 Mem:52.66M (Peak 52.66M) | Time:00:00.08 | Syncing left hanging hakama outer cloth
Fra:1 Mem:52.68M (Peak 52.68M) | Time:00:00.08 | Syncing left side hakama fold
Fra:1 Mem:52.71M (Peak 52.71M) | Time:00:00.08 | Syncing right hanging hakama outer cloth
Fra:1 Mem:52.74M (Peak 52.74M) | Time:00:00.08 | Syncing right side hakama fold
Fra:1 Mem:52.76M (Peak 52.76M) | Time:00:00.08 | Syncing left hakama trouser leg
Fra:1 Mem:52.82M (Peak 52.82M) | Time:00:00.08 | Syncing left shin greave
Fra:1 Mem:52.87M (Peak 52.87M) | Time:00:00.08 | Syncing left split-toe tabi foot volume
Fra:1 Mem:52.92M (Peak 52.92M) | Time:00:00.08 | Syncing left separated big toe
Fra:1 Mem:52.94M (Peak 52.94M) | Time:00:00.08 | Syncing left outer toe group
Fra:1 Mem:52.96M (Peak 52.96M) | Time:00:00.08 | Syncing left woven waraji sole grounded
Fra:1 Mem:52.97M (Peak 52.97M) | Time:00:00.08 | Syncing left sandal toe strap
Fra:1 Mem:52.98M (Peak 52.98M) | Time:00:00.08 | Syncing left heel strap
Fra:1 Mem:52.98M (Peak 52.98M) | Time:00:00.08 | Syncing left hakama pleat 1
Fra:1 Mem:52.99M (Peak 52.99M) | Time:00:00.08 | Syncing left hakama pleat 2
Fra:1 Mem:52.99M (Peak 52.99M) | Time:00:00.08 | Syncing left hakama pleat 3
Fra:1 Mem:53.00M (Peak 53.00M) | Time:00:00.08 | Syncing right hakama trouser leg
Fra:1 Mem:53.06M (Peak 53.06M) | Time:00:00.08 | Syncing right shin greave
Fra:1 Mem:53.11M (Peak 53.11M) | Time:00:00.08 | Syncing right split-toe tabi foot volume
Fra:1 Mem:53.16M (Peak 53.16M) | Time:00:00.08 | Syncing right separated big toe
Fra:1 Mem:53.18M (Peak 53.18M) | Time:00:00.08 | Syncing right outer toe group
Fra:1 Mem:53.20M (Peak 53.20M) | Time:00:00.08 | Syncing right woven waraji sole grounded
Fra:1 Mem:53.21M (Peak 53.21M) | Time:00:00.08 | Syncing right sandal toe strap
Fra:1 Mem:53.22M (Peak 53.22M) | Time:00:00.08 | Syncing right heel strap
Fra:1 Mem:53.22M (Peak 53.22M) | Time:00:00.08 | Syncing right hakama pleat 1
Fra:1 Mem:53.23M (Peak 53.23M) | Time:00:00.08 | Syncing right hakama pleat 2
Fra:1 Mem:53.23M (Peak 53.23M) | Time:00:00.08 | Syncing right hakama pleat 3
Fra:1 Mem:53.24M (Peak 53.24M) | Time:00:00.08 | Syncing drawn katana blade spine
Fra:1 Mem:53.25M (Peak 53.30M) | Time:00:00.08 | Syncing bright sharpened katana edge
Fra:1 Mem:53.26M (Peak 53.31M) | Time:00:00.08 | Syncing wrapped katana grip
Fra:1 Mem:53.27M (Peak 53.31M) | Time:00:00.08 | Syncing square tsuba guard
Fra:1 Mem:53.28M (Peak 53.31M) | Time:00:00.08 | Syncing lacquered saya scabbard at left h
Fra:1 Mem:53.28M (Peak 53.31M) | Time:00:00.08 | Syncing waist sash tying armor
Fra:1 Mem:53.29M (Peak 53.31M) | Time:00:00.08 | Syncing bamboo sashimono back pole
Fra:1 Mem:53.30M (Peak 53.31M) | Time:00:00.08 | Syncing small lacquered sashimono crossba
Fra:1 Mem:53.31M (Peak 53.31M) | Time:00:00.08 | Syncing cloth sashimono banner panel
Fra:1 Mem:53.33M (Peak 53.37M) | Time:00:00.08 | Syncing simple round clan mon on banner
Fra:1 Mem:53.37M (Peak 53.37M) | Time:00:00.08 | Syncing cool key
Fra:1 Mem:53.37M (Peak 53.37M) | Time:00:00.08 | Syncing rim
Fra:1 Mem:53.37M (Peak 53.37M) | Time:00:00.08 | Syncing hero cam
Fra:1 Mem:53.37M (Peak 53.37M) | Time:00:00.08 | Syncing samurai_v2_provenance
Fra:1 Mem:53.45M (Peak 53.55M) | Time:00:00.09 | Rendering 1 / 32 samples
Fra:1 Mem:50.93M (Peak 53.55M) | Time:00:02.47 | Rendering 26 / 32 samples
Fra:1 Mem:50.93M (Peak 53.55M) | Time:00:02.90 | Rendering 32 / 32 samples
Saved: '/tmp/factoryx-v23-render/samurai-repaired-full-20-v23/takeda-01/turntable_003.png'
 Time: 00:03.02 (Saving: 00:00.03)

ERROR (bke.modifier): ./source/blender/blenkernel/intern/modifier.cc:458 BKE_modifier_set_error: Object: "segmented kabuto helmet bowl", Modifier: "weighted normals", Enable 'Auto Smooth' in Object Data Properties
ERROR (bke.modifier): ./source/blender/blenkernel/intern/modifier.cc:458 BKE_modifier_set_error: Object: "neck guard collar", Modifier: "weighted normals", Enable 'Auto Smooth' in Object Data Properties
ERROR (bke.modifier): ./source/blender/blenkernel/intern/modifier.cc:458 BKE_modifier_set_error: Object: "layered rear shikoro neck guard", Modifier: "weighted normals", Enable 'Auto Smooth' in Object Data Properties
ERROR (bke.modifier): ./source/blender/blenkernel/intern/modifier.cc:458 BKE_modifier_set_error: Object: "wide kabuto brim", Modifier: "weighted normals", Enable 'Auto Smooth' in Object Data Properties
ERROR (bke.modifier): ./source/blender/blenkernel/intern/modifier.cc:458 BKE_modifier_set_error: Object: "thin exposed neck", Modifier: "weighted normals", Enable 'Auto Smooth' in Object Data Properties
ERROR (bke.modifier): ./source/blender/blenkernel/intern/modifier.cc:458 BKE_modifier_set_error: Object: "visible human forehead behind mempo", Modifier: "weighted normals", Enable 'Auto Smooth' in Object Data Properties
ERROR (bke.modifier): ./source/blender/blenkernel/intern/modifier.cc:458 BKE_modifier_set_error: Object: "crest central rivet", Modifier: "weighted normals", Enable 'Auto Smooth' in Object Data Properties
ERROR (bke.modifier): ./source/blender/blenkernel/intern/modifier.cc:458 BKE_modifier_set_error: Object: "narrow waist under-kimono volume", Modifier: "weighted normals", Enable 'Auto Smooth' in Object Data Properties
ERROR (bke.modifier): ./source/blender/blenkernel/intern/modifier.cc:458 BKE_modifier_set_error: Object: "left side helmet flange", Modifier: "weighted normals", Enable 'Auto Smooth' in Object Data Properties
ERROR (bke.modifier): ./source/blender/blenkernel/intern/modifier.cc:458 BKE_modifier_set_error: Object: "mempo nose ridge", Modifier: "weighted normals", Enable 'Auto Smooth' in Object Data Properties
ERROR (bke.modifier): ./source/blender/blenkernel/intern/modifier.cc:458 BKE_modifier_set_error: Object: "mempo chin guard", Modifier: "weighted normals", Enable 'Auto Smooth' in Object Data Properties
ERROR (bke.modifier): ./source/blender/blenkernel/intern/modifier.cc:458 BKE_modifier_set_error: Object: "ribcage under-kimono volume", Modifier: "weighted normals", Enable 'Auto Smooth' in Object Data Properties
ERROR (bke.modifier): ./source/blender/blenkernel/intern/modifier.cc:458 BKE_modifier_set_error: Object: "mempo grim mouth slit", Modifier: "weighted normals", Enable 'Auto Smooth' in Object Data Properties
ERROR (bke.modifier): ./source/blender/blenkernel/intern/modifier.cc:458 BKE_modifier_set_error: Object: "left narrow eye slit", Modifier: "weighted normals", Enable 'Auto Smooth' in Object Data Properties
ERROR (bke.modifier): ./source/blender/blenkernel/intern/modifier.cc:458 BKE_modifier_set_error: Object: "throat guard row 1 bevelled lamellar plate 03", Modifier: "weighted normals", Enable 'Auto Smooth' in Object Data Properties
ERROR (bke.modifier): ./source/blender/blenkernel/intern/modifier.cc:458 BKE_modifier_set_error: Object: "right narrow eye slit", Modifier: "weighted normals", Enable 'Auto Smooth' in Object Data Properties
ERROR (bke.modifier): ./source/blender/blenkernel/intern/modifier.cc:458 BKE_modifier_set_error: Object: "left angular mempo cheek plate", Modifier: "weighted normals", Enable 'Auto Smooth' in Object Data Properties
ERROR (bke.modifier): ./source/blender/blenkernel/intern/modifier.cc:458 BKE_modifier_set_error: Object: "throat guard row 1 bevelled lamellar plate 02", Modifier: "weighted normals", Enable 'Auto Smooth' in Object Data Properties
ERROR (bke.modifier): ./source/blender/blenkernel/intern/modifier.cc:458 BKE_modifier_set_error: Object: "throat guard row 2 bevelled lamellar plate 02", Modifier: "weighted normals", Enable 'Auto Smooth' in Object Data Properties
ERROR (bke.modifier): ./source/blender/blenkernel/intern/modifier.cc:458 BKE_modifier_set_error: Object: "throat guard row 1 bevelled lamellar plate 05", Modifier: "weighted normals", Enable 'Auto Smooth' in Object Data Properties
ERROR (bke.modifier): ./source/blender/blenkernel/intern/modifier.cc:458 BKE_modifier_set_error: Object: "right side helmet flange", Modifier: "weighted normals", Enable 'Auto Smooth' in Object Data Properties
ERROR (bke.modifier): ./source/blender/blenkernel/intern/modifier.cc:458 BKE_modifier_set_error: Object: "throat guard row 2 bevelled lamellar plate 01", Modifier: "weighted normals", Enable 'Auto Smooth' in Object Data Properties
ERROR (bke.modifier): ./source/blender/blenkernel/intern/modifier.cc:458 BKE_modifier_set_error: Object: "throat guard row 2 bevelled lamellar plate 03", Modifier: "weighted normals", Enable 'Auto Smooth' in Object Data Properties
ERROR (bke.modifier): ./source/blender/blenkernel/intern/modifier.cc:458 BKE_modifier_set_error: Object: "throat guard row 2 bevelled lamellar plate 05", Modifier: "weighted normals", Enable 'Auto Smooth' in Object Data Properties
ERROR (bke.modifier): ./source/blender/blenkernel/intern/modifier.cc:458 BKE_modifier_set_error: Object: "right angular mempo cheek plate", Modifier: "weighted normals", Enable 'Auto Smooth' in Object Data Properties
ERROR (bke.modifier): ./source/blender/blenkernel/intern/modifier.cc:458 BKE_modifier_set_error: Object: "upper do cuirass fitted shell", Modifier: "weighted normals", Enable 'Auto Smooth' in Object Data Properties
ERROR (bke.modifier): ./source/blender/blenkernel/intern/modifier.cc:458 BKE_modifier_set_error: Object: "throat guard row 2 bevelled lamellar plate 04", Modifier: "weighted normals", Enable 'Auto Smooth' in Object Data Properties
ERROR (bke.modifier): ./source/blender/blenkernel/intern/modifier.cc:458 BKE_modifier_set_error: Object: "throat guard row 1 bevelled lamellar plate 01", Modifier: "weighted normals", Enable 'Auto Smooth' in Object Data Properties
ERROR (bke.modifier): ./source/blender/blenkernel/intern/modifier.cc:458 BKE_modifier_set_error: Object: "lower do cuirass narrowed shell", Modifier: "weighted normals", Enable 'Auto Smooth' in Object Data Properties
ERROR (bke.modifier): ./source/blender/blenkernel/intern/modifier.cc:458 BKE_modifier_set_error: Object: "matte charcoal inspection plinth", Modifier: "weighted normals", Enable 'Auto Smooth' in Object Data Properties
ERROR (bke.modifier): ./source/blender/blenkernel/intern/modifier.cc:458 BKE_modifier_set_error: Object: "throat guard row 1 bevelled lamellar plate 04", Modifier: "weighted normals", Enable 'Auto Smooth' in Object Data Properties
ERROR (bke.modifier): ./source/blender/blenkernel/intern/modifier.cc:458 BKE_modifier_set_error: Object: "simple round clan mon on banner", Modifier: "weighted normals", Enable 'Auto Smooth' in Object Data Properties
ERROR (bke.modifier): ./source/blender/blenkernel/intern/modifier.cc:458 BKE_modifier_set_error: Object: "throat guard row 3 bevelled lamellar plate 01", Modifier: "weighted normals", Enable 'Auto Smooth' in Object Data Properties
ERROR (bke.modifier): ./source/blender/blenkernel/intern/modifier.cc:458 BKE_modifier_set_error: Object: "throat guard row 3 bevelled lamellar plate 02", Modifier: "weighted normals", Enable 'Auto Smooth' in Object Data Properties
ERROR (bke.modifier): ./source/blender/blenkernel/intern/modifier.cc:458 BKE_modifier_set_error: Object: "front cuirass row 1 bevelled lamellar plate 02", Modifier: "weighted normals", Enable 'Auto Smooth' in Object Data Properties
ERROR (bke.modifier): ./source/blender/blenkernel/intern/modifier.cc:458 BKE_modifier_set_error: Object: "throat guard row 3 bevelled lamellar plate 04", Modifier: "weighted normals", Enable 'Auto Smooth' in Object Data Properties
ERROR (bke.modifier): ./source/blender/blenkernel/intern/modifier.cc:458 BKE_modifier_set_error: Object: "throat guard row 3 bevelled lamellar plate 03", Modifier: "weighted normals", Enable 'Auto Smooth' in Object Data Properties
ERROR (bke.modifier): ./source/blender/blenkernel/intern/modifier.cc:458 BKE_modifier_set_error: Object: "front under-kimono chest panel", Modifier: "weighted normals", Enable 'Auto Smooth' in Object Data Properties
ERROR (bke.modifier): ./source/blender/blenkernel/intern/modifier.cc:458 BKE_modifier_set_error: Object: "throat guard row 3 bevelled lamellar plate 05", Modifier: "weighted normals", Enable 'Auto Smooth' in Object Data Properties
ERROR (bke.modifier): ./source/blender/blenkernel/intern/modifier.cc:458 BKE_modifier_set_error: Object: "rear under-kimono back panel", Modifier: "weighted normals", Enable 'Auto Smooth' in Object Data Properties
ERROR (bke.modifier): ./source/blender/blenkernel/intern/modifier.cc:458 BKE_modifier_set_error: Object: "front cuirass row 1 bevelled lamellar plate 01", Modifier: "weighted normals", Enable 'Auto Smooth' in Object Data Properties
ERROR (bke.modifier): ./source/blender/blenkernel/intern/modifier.cc:458 BKE_modifier_set_error: Object: "front cuirass row 1 bevelled lamellar plate 03", Modifier: "weighted normals", Enable 'Auto Smooth' in Object Data Properties
ERROR (bke.modifier): ./source/blender/blenkernel/intern/modifier.cc:458 BKE_modifier_set_error: Object: "front cuirass row 1 bevelled lamellar plate 04", Modifier: "weighted normals", Enable 'Auto Smooth' in Object Data Properties
ERROR (bke.modifier): ./source/blender/blenkernel/intern/modifier.cc:458 BKE_modifier_set_error: Object: "front cuirass row 1 bevelled lamellar plate 06", Modifier: "weighted normals", Enable 'Auto Smooth' in Object Data Properties
ERROR (bke.modifier): ./source/blender/blenkernel/intern/modifier.cc:458 BKE_modifier_set_error: Object: "front cuirass row 1 bevelled lamellar plate 05", Modifier: "weighted normals", Enable 'Auto Smooth' in Object Data Properties
ERROR (bke.modifier): ./source/blender/blenkernel/intern/modifier.cc:458 BKE_modifier_set_error: Object: "rear cuirass row 1 bevelled lamellar plate 03", Modifier: "weighted normals", Enable 'Auto Smooth' in Object Data Properties
ERROR (bke.modifier): ./source/blender/blenkernel/intern/modifier.cc:458 BKE_modifier_set_error: Object: "cloth sashimono banner panel", Modifier: "weighted normals", Enable 'Auto Smooth' in Object Data Properties
ERROR (bke.modifier): ./source/blender/blenkernel/intern/modifier.cc:458 BKE_modifier_set_error: Object: "front cuirass row 1 bevelled lamellar plate 07", Modifier: "weighted normals", Enable 'Auto Smooth' in Object Data Properties
ERROR (bke.modifier): ./source/blender/blenkernel/intern/modifier.cc:458 BKE_modifier_set_error: Object: "rear cuirass row 1 bevelled lamellar plate 01", Modifier: "weighted normals", Enable 'Auto Smooth' in Object Data Properties
ERROR (bke.modifier): ./source/blender/blenkernel/intern/modifier.cc:458 BKE_modifier_set_error: Object: "front cuirass row 1 bevelled lamellar plate 08", Modifier: "weighted normals", Enable 'Auto Smooth' in Object Data Properties
ERROR (bke.modifier): ./source/blender/blenkernel/intern/modifier.cc:458 BKE_modifier_set_error: Object: "rear cuirass row 1 bevelled lamellar plate 06", Modifier: "weighted normals", Enable 'Auto Smooth' in Object Data Properties
ERROR (bke.modifier): ./source/blender/blenkernel/intern/modifier.cc:458 BKE_modifier_set_error: Object: "rear cuirass row 1 bevelled lamellar plate 02", Modifier: "weighted normals", Enable 'Auto Smooth' in Object Data Properties
ERROR (bke.modifier): ./source/blender/blenkernel/intern/modifier.cc:458 BKE_modifier_set_error: Object: "front cuirass row 2 bevelled lamellar plate 08", Modifier: "weighted normals", Enable 'Auto Smooth' in Object Data Properties
ERROR (bke.modifier): ./source/blender/blenkernel/intern/modifier.cc:458 BKE_modifier_set_error: Object: "front cuirass row 2 bevelled lamellar plate 02", Modifier: "weighted normals", Enable 'Auto Smooth' in Object Data Properties
ERROR (bke.modifier): ./source/blender/blenkernel/intern/modifier.cc:458 BKE_modifier_set_error: Object: "rear cuirass row 1 bevelled lamellar plate 08", Modifier: "weighted normals", Enable 'Auto Smooth' in Object Data Properties
ERROR (bke.modifier): ./source/blender/blenkernel/intern/modifier.cc:458 BKE_modifier_set_error: Object: "rear cuirass row 1 bevelled lamellar plate 04", Modifier: "weighted normals", Enable 'Auto Smooth' in Object Data Properties
ERROR (bke.modifier): ./source/blender/blenkernel/intern/modifier.cc:458 BKE_modifier_set_error: Object: "rear cuirass row 1 bevelled lamellar plate 07", Modifier: "weighted normals", Enable 'Auto Smooth' in Object Data Properties
ERROR (bke.modifier): ./source/blender/blenkernel/intern/modifier.cc:458 BKE_modifier_set_error: Object: "rear cuirass row 1 bevelled lamellar plate 05", Modifier: "weighted normals", Enable 'Auto Smooth' in Object Data Properties
ERROR (bke.modifier): ./source/blender/blenkernel/intern/modifier.cc:458 BKE_modifier_set_error: Object: "front cuirass row 2 bevelled lamellar plate 05", Modifier: "weighted normals", Enable 'Auto Smooth' in Object Data Properties
ERROR (bke.modifier): ./source/blender/blenkernel/intern/modifier.cc:458 BKE_modifier_set_error: Object: "front cuirass row 2 bevelled lamellar plate 06", Modifier: "weighted normals", Enable 'Auto Smooth' in Object Data Properties
ERROR (bke.modifier): ./source/blender/blenkernel/intern/modifier.cc:458 BKE_modifier_set_error: Object: "small lacquered sashimono crossbar", Modifier: "weighted normals", Enable 'Auto Smooth' in Object Data Properties
ERROR (bke.modifier): ./source/blender/blenkernel/intern/modifier.cc:458 BKE_modifier_set_error: Object: "front cuirass row 2 bevelled lamellar plate 04", Modifier: "weighted normals", Enable 'Auto Smooth' in Object Data Properties
ERROR (bke.modifier): ./source/blender/blenkernel/intern/modifier.cc:458 BKE_modifier_set_error: Object: "front cuirass row 2 bevelled lamellar plate 01", Modifier: "weighted normals", Enable 'Auto Smooth' in Object Data Properties
ERROR (bke.modifier): ./source/blender/blenkernel/intern/modifier.cc:458 BKE_modifier_set_error: Object: "front cuirass row 2 bevelled lamellar plate 03", Modifier: "weighted normals", Enable 'Auto Smooth' in Object Data Properties
ERROR (bke.modifier): ./source/blender/blenkernel/intern/modifier.cc:458 BKE_modifier_set_error: Object: "front cuirass row 2 bevelled lamellar plate 07", Modifier: "weighted normals", Enable 'Auto Smooth' in Object Data Properties
ERROR (bke.modifier): ./source/blender/blenkernel/intern/modifier.cc:458 BKE_modifier_set_error: Object: "rear cuirass row 2 bevelled lamellar plate 01", Modifier: "weighted normals", Enable 'Auto Smooth' in Object Data Properties
ERROR (bke.modifier): ./source/blender/blenkernel/intern/modifier.cc:458 BKE_modifier_set_error: Object: "rear cuirass row 2 bevelled lamellar plate 02", Modifier: "weighted normals", Enable 'Auto Smooth' in Object Data Properties
ERROR (bke.modifier): ./source/blender/blenkernel/intern/modifier.cc:458 BKE_modifier_set_error: Object: "rear cuirass row 2 bevelled lamellar plate 08", Modifier: "weighted normals", Enable 'Auto Smooth' in Object Data Properties
ERROR (bke.modifier): ./source/blender/blenkernel/intern/modifier.cc:458 BKE_modifier_set_error: Object: "rear cuirass row 2 bevelled lamellar plate 03", Modifier: "weighted normals", Enable 'Auto Smooth' in Object Data Properties
ERROR (bke.modifier): ./source/blender/blenkernel/intern/modifier.cc:458 BKE_modifier_set_error: Object: "rear cuirass row 2 bevelled lamellar plate 05", Modifier: "weighted normals", Enable 'Auto Smooth' in Object Data Properties
ERROR (bke.modifier): ./source/blender/blenkernel/intern/modifier.cc:458 BKE_modifier_set_error: Object: "rear cuirass row 2 bevelled lamellar plate 06", Modifier: "weighted normals", Enable 'Auto Smooth' in Object Data Properties
ERROR (bke.modifier): ./source/blender/blenkernel/intern/modifier.cc:458 BKE_modifier_set_error: Object: "front cuirass row 3 bevelled lamellar plate 03", Modifier: "weighted normals", Enable 'Auto Smooth' in Object Data Properties
ERROR (bke.modifier): ./source/blender/blenkernel/intern/modifier.cc:458 BKE_modifier_set_error: Object: "rear cuirass row 2 bevelled lamellar plate 04", Modifier: "weighted normals", Enable 'Auto Smooth' in Object Data Properties
ERROR (bke.modifier): ./source/blender/blenkernel/intern/modifier.cc:458 BKE_modifier_set_error: Object: "front cuirass row 3 bevelled lamellar plate 01", Modifier: "weighted normals", Enable 'Auto Smooth' in Object Data Properties
ERROR (bke.modifier): ./source/blender/blenkernel/intern/modifier.cc:458 BKE_modifier_set_error: Object: "rear cuirass row 2 bevelled lamellar plate 07", Modifier: "weighted normals", Enable 'Auto Smooth' in Object Data Properties
ERROR (bke.modifier): ./source/blender/blenkernel/intern/modifier.cc:458 BKE_modifier_set_error: Object: "front cuirass row 3 bevelled lamellar plate 02", Modifier: "weighted normals", Enable 'Auto Smooth' in Object Data Properties
ERROR (bke.modifier): ./source/blender/blenkernel/intern/modifier.cc:458 BKE_modifier_set_error: Object: "front cuirass row 3 bevelled lamellar plate 04", Modifier: "weighted normals", Enable 'Auto Smooth' in Object Data Properties
ERROR (bke.modifier): ./source/blender/blenkernel/intern/modifier.cc:458 BKE_modifier_set_error: Object: "rear cuirass row 3 bevelled lamellar plate 02", Modifier: "weighted normals", Enable 'Auto Smooth' in Object Data Properties
ERROR (bke.modifier): ./source/blender/blenkernel/intern/modifier.cc:458 BKE_modifier_set_error: Object: "front cuirass row 3 bevelled lamellar plate 05", Modifier: "weighted normals", Enable 'Auto Smooth' in Object Data Properties
ERROR (bke.modifier): ./source/blender/blenkernel/intern/modifier.cc:458 BKE_modifier_set_error: Object: "front cuirass row 3 bevelled lamellar plate 07", Modifier: "weighted normals", Enable 'Auto Smooth' in Object Data Properties
ERROR (bke.modifier): ./source/blender/blenkernel/intern/modifier.cc:458 BKE_modifier_set_error: Object: "rear cuirass row 3 bevelled lamellar plate 01", Modifier: "weighted normals", Enable 'Auto Smooth' in Object Data Properties
ERROR (bke.modifier): ./source/blender/blenkernel/intern/modifier.cc:458 BKE_modifier_set_error: Object: "front cuirass row 3 bevelled lamellar plate 06", Modifier: "weighted normals", Enable 'Auto Smooth' in Object Data Properties
ERROR (bke.modifier): ./source/blender/blenkernel/intern/modifier.cc:458 BKE_modifier_set_error: Object: "rear cuirass row 3 bevelled lamellar plate 08", Modifier: "weighted normals", Enable 'Auto Smooth' in Object Data Properties
ERROR (bke.modifier): ./source/blender/blenkernel/intern/modifier.cc:458 BKE_modifier_set_error: Object: "front cuirass row 3 bevelled lamellar plate 08", Modifier: "weighted normals", Enable 'Auto Smooth' in Object Data Properties
ERROR (bke.modifier): ./source/blender/blenkernel/intern/modifier.cc:458 BKE_modifier_set_error: Object: "rear cuirass row 3 bevelled lamellar plate 03", Modifier: "weighted normals", Enable 'Auto Smooth' in Object Data Properties
ERROR (bke.modifier): ./source/blender/blenkernel/intern/modifier.cc:458 BKE_modifier_set_error: Object: "rear cuirass row 3 bevelled lamellar plate 04", Modifier: "weighted normals", Enable 'Auto Smooth' in Object Data Properties
ERROR (bke.modifier): ./source/blender/blenkernel/intern/modifier.cc:458 BKE_modifier_set_error: Object: "square tsuba guard", Modifier: "weighted normals", Enable 'Auto Smooth' in Object Data Properties
ERROR (bke.modifier): ./source/blender/blenkernel/intern/modifier.cc:458 BKE_modifier_set_error: Object: "wrapped katana grip", Modifier: "weighted normals", Enable 'Auto Smooth' in Object Data Properties
ERROR (bke.modifier): ./source/blender/blenkernel/intern/modifier.cc:458 BKE_modifier_set_error: Object: "front cuirass row 4 bevelled lamellar plate 04", Modifier: "weighted normals", Enable 'Auto Smooth' in Object Data Properties
ERROR (bke.modifier): ./source/blender/blenkernel/intern/modifier.cc:458 BKE_modifier_set_error: Object: "rear cuirass row 3 bevelled lamellar plate 07", Modifier: "weighted normals", Enable 'Auto Smooth' in Object Data Properties
ERROR (bke.modifier): ./source/blender/blenkernel/intern/modifier.cc:458 BKE_modifier_set_error: Object: "front cuirass row 4 bevelled lamellar plate 02", Modifier: "weighted normals", Enable 'Auto Smooth' in Object Data Properties
ERROR (bke.modifier): ./source/blender/blenkernel/intern/modifier.cc:458 BKE_modifier_set_error: Object: "front cuirass row 4 bevelled lamellar plate 03", Modifier: "weighted normals", Enable 'Auto Smooth' in Object Data Properties
ERROR (bke.modifier): ./source/blender/blenkernel/intern/modifier.cc:458 BKE_modifier_set_error: Object: "rear cuirass row 3 bevelled lamellar plate 05", Modifier: "weighted normals", Enable 'Auto Smooth' in Object Data Properties
ERROR (bke.modifier): ./source/blender/blenkernel/intern/modifier.cc:458 BKE_modifier_set_error: Object: "front cuirass row 4 bevelled lamellar plate 01", Modifier: "weighted normals", Enable 'Auto Smooth' in Object Data Properties
ERROR (bke.modifier): ./source/blender/blenkernel/intern/modifier.cc:458 BKE_modifier_set_error: Object: "rear cuirass row 3 bevelled lamellar plate 06", Modifier: "weighted normals", Enable 'Auto Smooth' in Object Data Properties
ERROR (bke.modifier): ./source/blender/blenkernel/intern/modifier.cc:458 BKE_modifier_set_error: Object: "rear cuirass row 4 bevelled lamellar plate 02", Modifier: "weighted normals", Enable 'Auto Smooth' in Object Data Properties
ERROR (bke.modifier): ./source/blender/blenkernel/intern/modifier.cc:458 BKE_modifier_set_error: Object: "front cuirass row 4 bevelled lamellar plate 07", Modifier: "weighted normals", Enable 'Auto Smooth' in Object Data Properties
ERROR (bke.modifier): ./source/blender/blenkernel/intern/modifier.cc:458 BKE_modifier_set_error: Object: "rear cuirass row 4 bevelled lamellar plate 05", Modifier: "weighted normals", Enable 'Auto Smooth' in Object Data Properties
ERROR (bke.modifier): ./source/blender/blenkernel/intern/modifier.cc:458 BKE_modifier_set_error: Object: "rear cuirass row 4 bevelled lamellar plate 03", Modifier: "weighted normals", Enable 'Auto Smooth' in Object Data Properties
ERROR (bke.modifier): ./source/blender/blenkernel/intern/modifier.cc:458 BKE_modifier_set_error: Object: "rear cuirass row 4 bevelled lamellar plate 01", Modifier: "weighted normals", Enable 'Auto Smooth' in Object Data Properties
ERROR (bke.modifier): ./source/blender/blenkernel/intern/modifier.cc:458 BKE_modifier_set_error: Object: "front cuirass row 4 bevelled lamellar plate 06", Modifier: "weighted normals", Enable 'Auto Smooth' in Object Data Properties
ERROR (bke.modifier): ./source/blender/blenkernel/intern/modifier.cc:458 BKE_modifier_set_error: Object: "front cuirass row 4 bevelled lamellar plate 05", Modifier: "weighted normals", Enable 'Auto Smooth' in Object Data Properties
ERROR (bke.modifier): ./source/blender/blenkernel/intern/modifier.cc:458 BKE_modifier_set_error: Object: "front cuirass row 4 bevelled lamellar plate 08", Modifier: "weighted normals", Enable 'Auto Smooth' in Object Data Properties
ERROR (bke.modifier): ./source/blender/blenkernel/intern/modifier.cc:458 BKE_modifier_set_error: Object: "rear cuirass row 4 bevelled lamellar plate 07", Modifier: "weighted normals", Enable 'Auto Smooth' in Object Data Properties
ERROR (bke.modifier): ./source/blender/blenkernel/intern/modifier.cc:458 BKE_modifier_set_error: Object: "rear cuirass row 4 bevelled lamellar plate 04", Modifier: "weighted normals", Enable 'Auto Smooth' in Object Data Properties
ERROR (bke.modifier): ./source/blender/blenkernel/intern/modifier.cc:458 BKE_modifier_set_error: Object: "rear cuirass row 4 bevelled lamellar plate 08", Modifier: "weighted normals", Enable 'Auto Smooth' in Object Data Properties
ERROR (bke.modifier): ./source/blender/blenkernel/intern/modifier.cc:458 BKE_modifier_set_error: Object: "rear cuirass row 4 bevelled lamellar plate 06", Modifier: "weighted normals", Enable 'Auto Smooth' in Object Data Properties
ERROR (bke.modifier): ./source/blender/blenkernel/intern/modifier.cc:458 BKE_modifier_set_error: Object: "front cuirass row 5 bevelled lamellar plate 06", Modifier: "weighted normals", Enable 'Auto Smooth' in Object Data Properties
ERROR (bke.modifier): ./source/blender/blenkernel/intern/modifier.cc:458 BKE_modifier_set_error: Object: "front cuirass row 5 bevelled lamellar plate 01", Modifier: "weighted normals", Enable 'Auto Smooth' in Object Data Properties
ERROR (bke.modifier): ./source/blender/blenkernel/intern/modifier.cc:458 BKE_modifier_set_error: Object: "front cuirass row 5 bevelled lamellar plate 02", Modifier: "weighted normals", Enable 'Auto Smooth' in Object Data Properties
ERROR (bke.modifier): ./source/blender/blenkernel/intern/modifier.cc:458 BKE_modifier_set_error: Object: "front cuirass row 5 bevelled lamellar plate 03", Modifier: "weighted normals", Enable 'Auto Smooth' in Object Data Properties
ERROR (bke.modifier): ./source/blender/blenkernel/intern/modifier.cc:458 BKE_modifier_set_error: Object: "front cuirass row 5 bevelled lamellar plate 04", Modifier: "weighted normals", Enable 'Auto Smooth' in Object Data Properties
ERROR (bke.modifier): ./source/blender/blenkernel/intern/modifier.cc:458 BKE_modifier_set_error: Object: "front cuirass row 5 bevelled lamellar plate 07", Modifier: "weighted normals", Enable 'Auto Smooth' in Object Data Properties
ERROR (bke.modifier): ./source/blender/blenkernel/intern/modifier.cc:458 BKE_modifier_set_error: Object: "front cuirass row 5 bevelled lamellar plate 05", Modifier: "weighted normals", Enable 'Auto Smooth' in Object Data Properties
ERROR (bke.modifier): ./source/blender/blenkernel/intern/modifier.cc:458 BKE_modifier_set_error: Object: "rear cuirass row 5 bevelled lamellar plate 01", Modifier: "weighted normals", Enable 'Auto Smooth' in Object Data Properties
ERROR (bke.modifier): ./source/blender/blenkernel/intern/modifier.cc:458 BKE_modifier_set_error: Object: "front cuirass row 5 bevelled lamellar plate 08", Modifier: "weighted normals", Enable 'Auto Smooth' in Object Data Properties
ERROR (bke.modifier): ./source/blender/blenkernel/intern/modifier.cc:458 BKE_modifier_set_error: Object: "rear cuirass row 5 bevelled lamellar plate 08", Modifier: "weighted normals", Enable 'Auto Smooth' in Object Data Properties
ERROR (bke.modifier): ./source/blender/blenkernel/intern/modifier.cc:458 BKE_modifier_set_error: Object: "rear cuirass row 5 bevelled lamellar plate 02", Modifier: "weighted normals", Enable 'Auto Smooth' in Object Data Properties
ERROR (bke.modifier): ./source/blender/blenkernel/intern/modifier.cc:458 BKE_modifier_set_error: Object: "rear cuirass row 5 bevelled lamellar plate 04", Modifier: "weighted normals", Enable 'Auto Smooth' in Object Data Properties
ERROR (bke.modifier): ./source/blender/blenkernel/intern/modifier.cc:458 BKE_modifier_set_error: Object: "left shoulder undercloth", Modifier: "weighted normals", Enable 'Auto Smooth' in Object Data Properties
ERROR (bke.modifier): ./source/blender/blenkernel/intern/modifier.cc:458 BKE_modifier_set_error: Object: "rear cuirass row 5 bevelled lamellar plate 03", Modifier: "weighted normals", Enable 'Auto Smooth' in Object Data Properties
ERROR (bke.modifier): ./source/blender/blenkernel/intern/modifier.cc:458 BKE_modifier_set_error: Object: "rear cuirass row 5 bevelled lamellar plate 05", Modifier: "weighted normals", Enable 'Auto Smooth' in Object Data Properties
ERROR (bke.modifier): ./source/blender/blenkernel/intern/modifier.cc:458 BKE_modifier_set_error: Object: "rear cuirass row 5 bevelled lamellar plate 06", Modifier: "weighted normals", Enable 'Auto Smooth' in Object Data Properties
ERROR (bke.modifier): ./source/blender/blenkernel/intern/modifier.cc:458 BKE_modifier_set_error: Object: "rear cuirass row 5 bevelled lamellar plate 07", Modifier: "weighted normals", Enable 'Auto Smooth' in Object Data Properties
ERROR (bke.modifier): ./source/blender/blenkernel/intern/modifier.cc:458 BKE_modifier_set_error: Object: "left armored upper arm", Modifier: "weighted normals", Enable 'Auto Smooth' in Object Data Properties
ERROR (bke.modifier): ./source/blender/blenkernel/intern/modifier.cc:458 BKE_modifier_set_error: Object: "right side cuirass plate 2", Modifier: "weighted normals", Enable 'Auto Smooth' in Object Data Properties
ERROR (bke.modifier): ./source/blender/blenkernel/intern/modifier.cc:458 BKE_modifier_set_error: Object: "left kote forearm guard", Modifier: "weighted normals", Enable 'Auto Smooth' in Object Data Properties
ERROR (bke.modifier): ./source/blender/blenkernel/intern/modifier.cc:458 BKE_modifier_set_error: Object: "left sode shoulder armor", Modifier: "weighted normals", Enable 'Auto Smooth' in Object Data Properties
ERROR (bke.modifier): ./source/blender/blenkernel/intern/modifier.cc:458 BKE_modifier_set_error: Object: "left leather palm volume", Modifier: "weighted normals", Enable 'Auto Smooth' in Object Data Properties
ERROR (bke.modifier): ./source/blender/blenkernel/intern/modifier.cc:458 BKE_modifier_set_error: Object: "left index fingertip", Modifier: "weighted normals", Enable 'Auto Smooth' in Object Data Properties
ERROR (bke.modifier): ./source/blender/blenkernel/intern/modifier.cc:458 BKE_modifier_set_error: Object: "left middle fingertip", Modifier: "weighted normals", Enable 'Auto Smooth' in Object Data Properties
ERROR (bke.modifier): ./source/blender/blenkernel/intern/modifier.cc:458 BKE_modifier_set_error: Object: "right woven waraji sole grounded", Modifier: "weighted normals", Enable 'Auto Smooth' in Object Data Properties
ERROR (bke.modifier): ./source/blender/blenkernel/intern/modifier.cc:458 BKE_modifier_set_error: Object: "left pinky fingertip", Modifier: "weighted normals", Enable 'Auto Smooth' in Object Data Properties
ERROR (bke.modifier): ./source/blender/blenkernel/intern/modifier.cc:458 BKE_modifier_set_error: Object: "left ring fingertip", Modifier: "weighted normals", Enable 'Auto Smooth' in Object Data Properties
ERROR (bke.modifier): ./source/blender/blenkernel/intern/modifier.cc:458 BKE_modifier_set_error: Object: "right outer toe group", Modifier: "weighted normals", Enable 'Auto Smooth' in Object Data Properties
ERROR (bke.modifier): ./source/blender/blenkernel/intern/modifier.cc:458 BKE_modifier_set_error: Object: "right shoulder undercloth", Modifier: "weighted normals", Enable 'Auto Smooth' in Object Data Properties
ERROR (bke.modifier): ./source/blender/blenkernel/intern/modifier.cc:458 BKE_modifier_set_error: Object: "left thumb fingertip", Modifier: "weighted normals", Enable 'Auto Smooth' in Object Data Properties
ERROR (bke.modifier): ./source/blender/blenkernel/intern/modifier.cc:458 BKE_modifier_set_error: Object: "right separated big toe", Modifier: "weighted normals", Enable 'Auto Smooth' in Object Data Properties
ERROR (bke.modifier): ./source/blender/blenkernel/intern/modifier.cc:458 BKE_modifier_set_error: Object: "right split-toe tabi foot volume", Modifier: "weighted normals", Enable 'Auto Smooth' in Object Data Properties
ERROR (bke.modifier): ./source/blender/blenkernel/intern/modifier.cc:458 BKE_modifier_set_error: Object: "left side cuirass plate 1", Modifier: "weighted normals", Enable 'Auto Smooth' in Object Data Properties
ERROR (bke.modifier): ./source/blender/blenkernel/intern/modifier.cc:458 BKE_modifier_set_error: Object: "right shin greave", Modifier: "weighted normals", Enable 'Auto Smooth' in Object Data Properties
ERROR (bke.modifier): ./source/blender/blenkernel/intern/modifier.cc:458 BKE_modifier_set_error: Object: "right side cuirass plate 1", Modifier: "weighted normals", Enable 'Auto Smooth' in Object Data Properties
ERROR (bke.modifier): ./source/blender/blenkernel/intern/modifier.cc:458 BKE_modifier_set_error: Object: "right armored upper arm", Modifier: "weighted normals", Enable 'Auto Smooth' in Object Data Properties
ERROR (bke.modifier): ./source/blender/blenkernel/intern/modifier.cc:458 BKE_modifier_set_error: Object: "right sode shoulder armor", Modifier: "weighted normals", Enable 'Auto Smooth' in Object Data Properties
ERROR (bke.modifier): ./source/blender/blenkernel/intern/modifier.cc:458 BKE_modifier_set_error: Object: "left side cuirass plate 2", Modifier: "weighted normals", Enable 'Auto Smooth' in Object Data Properties
ERROR (bke.modifier): ./source/blender/blenkernel/intern/modifier.cc:458 BKE_modifier_set_error: Object: "right kote forearm guard", Modifier: "weighted normals", Enable 'Auto Smooth' in Object Data Properties
ERROR (bke.modifier): ./source/blender/blenkernel/intern/modifier.cc:458 BKE_modifier_set_error: Object: "left hanging sode shoulder plate 2", Modifier: "weighted normals", Enable 'Auto Smooth' in Object Data Properties
ERROR (bke.modifier): ./source/blender/blenkernel/intern/modifier.cc:458 BKE_modifier_set_error: Object: "right hakama trouser leg", Modifier: "weighted normals", Enable 'Auto Smooth' in Object Data Properties
ERROR (bke.modifier): ./source/blender/blenkernel/intern/modifier.cc:458 BKE_modifier_set_error: Object: "right leather palm volume", Modifier: "weighted normals", Enable 'Auto Smooth' in Object Data Properties
ERROR (bke.modifier): ./source/blender/blenkernel/intern/modifier.cc:458 BKE_modifier_set_error: Object: "right side cuirass plate 3", Modifier: "weighted normals", Enable 'Auto Smooth' in Object Data Properties
ERROR (bke.modifier): ./source/blender/blenkernel/intern/modifier.cc:458 BKE_modifier_set_error: Object: "left side cuirass plate 3", Modifier: "weighted normals", Enable 'Auto Smooth' in Object Data Properties
ERROR (bke.modifier): ./source/blender/blenkernel/intern/modifier.cc:458 BKE_modifier_set_error: Object: "right index fingertip", Modifier: "weighted normals", Enable 'Auto Smooth' in Object Data Properties
ERROR (bke.modifier): ./source/blender/blenkernel/intern/modifier.cc:458 BKE_modifier_set_error: Object: "right middle fingertip", Modifier: "weighted normals", Enable 'Auto Smooth' in Object Data Properties
ERROR (bke.modifier): ./source/blender/blenkernel/intern/modifier.cc:458 BKE_modifier_set_error: Object: "left hanging sode shoulder plate 1", Modifier: "weighted normals", Enable 'Auto Smooth' in Object Data Properties
ERROR (bke.modifier): ./source/blender/blenkernel/intern/modifier.cc:458 BKE_modifier_set_error: Object: "right ring fingertip", Modifier: "weighted normals", Enable 'Auto Smooth' in Object Data Properties
ERROR (bke.modifier): ./source/blender/blenkernel/intern/modifier.cc:458 BKE_modifier_set_error: Object: "right pinky fingertip", Modifier: "weighted normals", Enable 'Auto Smooth' in Object Data Properties
ERROR (bke.modifier): ./source/blender/blenkernel/intern/modifier.cc:458 BKE_modifier_set_error: Object: "right thumb fingertip", Modifier: "weighted normals", Enable 'Auto Smooth' in Object Data Properties
ERROR (bke.modifier): ./source/blender/blenkernel/intern/modifier.cc:458 BKE_modifier_set_error: Object: "left hanging sode shoulder plate 4", Modifier: "weighted normals", Enable 'Auto Smooth' in Object Data Properties
ERROR (bke.modifier): ./source/blender/blenkernel/intern/modifier.cc:458 BKE_modifier_set_error: Object: "left hanging sode shoulder plate 3", Modifier: "weighted normals", Enable 'Auto Smooth' in Object Data Properties
ERROR (bke.modifier): ./source/blender/blenkernel/intern/modifier.cc:458 BKE_modifier_set_error: Object: "right hanging sode shoulder plate 2", Modifier: "weighted normals", Enable 'Auto Smooth' in Object Data Properties
ERROR (bke.modifier): ./source/blender/blenkernel/intern/modifier.cc:458 BKE_modifier_set_error: Object: "right hanging sode shoulder plate 1", Modifier: "weighted normals", Enable 'Auto Smooth' in Object Data Properties
ERROR (bke.modifier): ./source/blender/blenkernel/intern/modifier.cc:458 BKE_modifier_set_error: Object: "right hanging sode shoulder plate 3", Modifier: "weighted normals", Enable 'Auto Smooth' in Object Data Properties
ERROR (bke.modifier): ./source/blender/blenkernel/intern/modifier.cc:458 BKE_modifier_set_error: Object: "rear kusazuri skirt plate -1 row 1", Modifier: "weighted normals", Enable 'Auto Smooth' in Object Data Properties
ERROR (bke.modifier): ./source/blender/blenkernel/intern/modifier.cc:458 BKE_modifier_set_error: Object: "right hanging sode shoulder plate 4", Modifier: "weighted normals", Enable 'Auto Smooth' in Object Data Properties
ERROR (bke.modifier): ./source/blender/blenkernel/intern/modifier.cc:458 BKE_modifier_set_error: Object: "kusazuri skirt plate -1 row 1", Modifier: "weighted normals", Enable 'Auto Smooth' in Object Data Properties
ERROR (bke.modifier): ./source/blender/blenkernel/intern/modifier.cc:458 BKE_modifier_set_error: Object: "kusazuri skirt plate +1 row 2", Modifier: "weighted normals", Enable 'Auto Smooth' in Object Data Properties
ERROR (bke.modifier): ./source/blender/blenkernel/intern/modifier.cc:458 BKE_modifier_set_error: Object: "kusazuri skirt plate -1 row 2", Modifier: "weighted normals", Enable 'Auto Smooth' in Object Data Properties
ERROR (bke.modifier): ./source/blender/blenkernel/intern/modifier.cc:458 BKE_modifier_set_error: Object: "rear kusazuri skirt plate -1 row 2", Modifier: "weighted normals", Enable 'Auto Smooth' in Object Data Properties
ERROR (bke.modifier): ./source/blender/blenkernel/intern/modifier.cc:458 BKE_modifier_set_error: Object: "rear kusazuri skirt plate -1 row 3", Modifier: "weighted normals", Enable 'Auto Smooth' in Object Data Properties
ERROR (bke.modifier): ./source/blender/blenkernel/intern/modifier.cc:458 BKE_modifier_set_error: Object: "kusazuri skirt plate -1 row 3", Modifier: "weighted normals", Enable 'Auto Smooth' in Object Data Properties
ERROR (bke.modifier): ./source/blender/blenkernel/intern/modifier.cc:458 BKE_modifier_set_error: Object: "kusazuri skirt plate +0 row 1", Modifier: "weighted normals", Enable 'Auto Smooth' in Object Data Properties
ERROR (bke.modifier): ./source/blender/blenkernel/intern/modifier.cc:458 BKE_modifier_set_error: Object: "rear kusazuri skirt plate +0 row 1", Modifier: "weighted normals", Enable 'Auto Smooth' in Object Data Properties
ERROR (bke.modifier): ./source/blender/blenkernel/intern/modifier.cc:458 BKE_modifier_set_error: Object: "kusazuri skirt plate +0 row 2", Modifier: "weighted normals", Enable 'Auto Smooth' in Object Data Properties
ERROR (bke.modifier): ./source/blender/blenkernel/intern/modifier.cc:458 BKE_modifier_set_error: Object: "kusazuri skirt plate +0 row 3", Modifier: "weighted normals", Enable 'Auto Smooth' in Object Data Properties
ERROR (bke.modifier): ./source/blender/blenkernel/intern/modifier.cc:458 BKE_modifier_set_error: Object: "rear kusazuri skirt plate +1 row 1", Modifier: "weighted normals", Enable 'Auto Smooth' in Object Data Properties
ERROR (bke.modifier): ./source/blender/blenkernel/intern/modifier.cc:458 BKE_modifier_set_error: Object: "rear kusazuri skirt plate +0 row 2", Modifier: "weighted normals", Enable 'Auto Smooth' in Object Data Properties
ERROR (bke.modifier): ./source/blender/blenkernel/intern/modifier.cc:458 BKE_modifier_set_error: Object: "rear kusazuri skirt plate +0 row 3", Modifier: "weighted normals", Enable 'Auto Smooth' in Object Data Properties
ERROR (bke.modifier): ./source/blender/blenkernel/intern/modifier.cc:458 BKE_modifier_set_error: Object: "kusazuri skirt plate +1 row 1", Modifier: "weighted normals", Enable 'Auto Smooth' in Object Data Properties
ERROR (bke.modifier): ./source/blender/blenkernel/intern/modifier.cc:458 BKE_modifier_set_error: Object: "left hakama trouser leg", Modifier: "weighted normals", Enable 'Auto Smooth' in Object Data Properties
ERROR (bke.modifier): ./source/blender/blenkernel/intern/modifier.cc:458 BKE_modifier_set_error: Object: "left split-toe tabi foot volume", Modifier: "weighted normals", Enable 'Auto Smooth' in Object Data Properties
ERROR (bke.modifier): ./source/blender/blenkernel/intern/modifier.cc:458 BKE_modifier_set_error: Object: "left shin greave", Modifier: "weighted normals", Enable 'Auto Smooth' in Object Data Properties
ERROR (bke.modifier): ./source/blender/blenkernel/intern/modifier.cc:458 BKE_modifier_set_error: Object: "rear kusazuri skirt plate +1 row 3", Modifier: "weighted normals", Enable 'Auto Smooth' in Object Data Properties
ERROR (bke.modifier): ./source/blender/blenkernel/intern/modifier.cc:458 BKE_modifier_set_error: Object: "left outer toe group", Modifier: "weighted normals", Enable 'Auto Smooth' in Object Data Properties
ERROR (bke.modifier): ./source/blender/blenkernel/intern/modifier.cc:458 BKE_modifier_set_error: Object: "rear kusazuri skirt plate +1 row 2", Modifier: "weighted normals", Enable 'Auto Smooth' in Object Data Properties
ERROR (bke.modifier): ./source/blender/blenkernel/intern/modifier.cc:458 BKE_modifier_set_error: Object: "left separated big toe", Modifier: "weighted normals", Enable 'Auto Smooth' in Object Data Properties
ERROR (bke.modifier): ./source/blender/blenkernel/intern/modifier.cc:458 BKE_modifier_set_error: Object: "kusazuri skirt plate +1 row 3", Modifier: "weighted normals", Enable 'Auto Smooth' in Object Data Properties
ERROR (bke.modifier): ./source/blender/blenkernel/intern/modifier.cc:458 BKE_modifier_set_error: Object: "left woven waraji sole grounded", Modifier: "weighted normals", Enable 'Auto Smooth' in Object Data Properties
ERROR (bke.modifier): ./source/blender/blenkernel/intern/modifier.cc:458 BKE_modifier_set_error: Object: "left hanging hakama outer cloth", Modifier: "weighted normals", Enable 'Auto Smooth' in Object Data Properties
ERROR (bke.modifier): ./source/blender/blenkernel/intern/modifier.cc:458 BKE_modifier_set_error: Object: "right side hakama fold", Modifier: "weighted normals", Enable 'Auto Smooth' in Object Data Properties
ERROR (bke.modifier): ./source/blender/blenkernel/intern/modifier.cc:458 BKE_modifier_set_error: Object: "right hanging hakama outer cloth", Modifier: "weighted normals", Enable 'Auto Smooth' in Object Data Properties
ERROR (bke.modifier): ./source/blender/blenkernel/intern/modifier.cc:458 BKE_modifier_set_error: Object: "left side hakama fold", Modifier: "weighted normals", Enable 'Auto Smooth' in Object Data Properties
Fra:1 Mem:48.61M (Peak 48.63M) | Time:00:00.05 | Syncing matte charcoal inspection plinth
Fra:1 Mem:48.62M (Peak 48.67M) | Time:00:00.05 | Syncing ribcage under-kimono volume
Fra:1 Mem:48.71M (Peak 48.71M) | Time:00:00.05 | Syncing narrow waist under-kimono volume
Fra:1 Mem:48.78M (Peak 48.78M) | Time:00:00.05 | Syncing visible human forehead behind mem
Fra:1 Mem:48.87M (Peak 48.87M) | Time:00:00.05 | Syncing thin exposed neck
Fra:1 Mem:48.88M (Peak 48.89M) | Time:00:00.05 | Syncing neck guard collar
Fra:1 Mem:48.90M (Peak 48.94M) | Time:00:00.05 | Syncing segmented kabuto helmet bowl
Fra:1 Mem:49.06M (Peak 49.07M) | Time:00:00.05 | Syncing wide kabuto brim
Fra:1 Mem:49.09M (Peak 49.09M) | Time:00:00.05 | Syncing layered rear shikoro neck guard
Fra:1 Mem:49.11M (Peak 49.11M) | Time:00:00.05 | Syncing left side helmet flange
Fra:1 Mem:49.12M (Peak 49.12M) | Time:00:00.05 | Syncing right side helmet flange
Fra:1 Mem:49.13M (Peak 49.13M) | Time:00:00.05 | Syncing golden maedate crescent crest
Fra:1 Mem:49.15M (Peak 49.20M) | Time:00:00.05 | Syncing crest central rivet
Fra:1 Mem:49.16M (Peak 49.20M) | Time:00:00.06 | Syncing left angular mempo cheek plate
Fra:1 Mem:49.18M (Peak 49.22M) | Time:00:00.06 | Syncing right angular mempo cheek plate
Fra:1 Mem:49.20M (Peak 49.22M) | Time:00:00.06 | Syncing mempo chin guard
Fra:1 Mem:49.22M (Peak 49.22M) | Time:00:00.06 | Syncing mempo nose ridge
Fra:1 Mem:49.23M (Peak 49.23M) | Time:00:00.06 | Syncing left narrow eye slit
Fra:1 Mem:49.25M (Peak 49.25M) | Time:00:00.06 | Syncing right narrow eye slit
Fra:1 Mem:49.26M (Peak 49.26M) | Time:00:00.06 | Syncing mempo grim mouth slit
Fra:1 Mem:49.27M (Peak 49.27M) | Time:00:00.06 | Syncing left mask moustache bristle
Fra:1 Mem:49.28M (Peak 49.28M) | Time:00:00.06 | Syncing right mask moustache bristle
Fra:1 Mem:49.29M (Peak 49.29M) | Time:00:00.06 | Syncing throat guard row 1 bevelled lamel
Fra:1 Mem:49.31M (Peak 49.31M) | Time:00:00.06 | Syncing throat guard row 1 bevelled lamel
Fra:1 Mem:49.33M (Peak 49.33M) | Time:00:00.06 | Syncing throat guard row 1 bevelled lamel
Fra:1 Mem:49.34M (Peak 49.34M) | Time:00:00.06 | Syncing throat guard row 1 bevelled lamel
Fra:1 Mem:49.36M (Peak 49.36M) | Time:00:00.06 | Syncing throat guard row 1 bevelled lamel
Fra:1 Mem:49.38M (Peak 49.38M) | Time:00:00.06 | Syncing throat guard row 2 bevelled lamel
Fra:1 Mem:49.40M (Peak 49.40M) | Time:00:00.06 | Syncing throat guard row 2 bevelled lamel
Fra:1 Mem:49.42M (Peak 49.42M) | Time:00:00.06 | Syncing throat guard row 2 bevelled lamel
Fra:1 Mem:49.44M (Peak 49.44M) | Time:00:00.06 | Syncing throat guard row 2 bevelled lamel
Fra:1 Mem:49.46M (Peak 49.46M) | Time:00:00.06 | Syncing throat guard row 2 bevelled lamel
Fra:1 Mem:49.48M (Peak 49.48M) | Time:00:00.06 | Syncing throat guard row 3 bevelled lamel
Fra:1 Mem:49.50M (Peak 49.50M) | Time:00:00.06 | Syncing throat guard row 3 bevelled lamel
Fra:1 Mem:49.52M (Peak 49.52M) | Time:00:00.06 | Syncing throat guard row 3 bevelled lamel
Fra:1 Mem:49.54M (Peak 49.54M) | Time:00:00.06 | Syncing throat guard row 3 bevelled lamel
Fra:1 Mem:49.56M (Peak 49.56M) | Time:00:00.06 | Syncing throat guard row 3 bevelled lamel
Fra:1 Mem:49.58M (Peak 49.58M) | Time:00:00.06 | Syncing front under-kimono chest panel
Fra:1 Mem:49.60M (Peak 49.60M) | Time:00:00.06 | Syncing rear under-kimono back panel
Fra:1 Mem:49.63M (Peak 49.63M) | Time:00:00.06 | Syncing upper do cuirass fitted shell
Fra:1 Mem:49.73M (Peak 49.73M) | Time:00:00.06 | Syncing lower do cuirass narrowed shell
Fra:1 Mem:49.81M (Peak 49.81M) | Time:00:00.06 | Syncing front cuirass row 1 bevelled lame
Fra:1 Mem:49.83M (Peak 49.83M) | Time:00:00.06 | Syncing front cuirass row 1 bevelled lame
Fra:1 Mem:49.85M (Peak 49.85M) | Time:00:00.06 | Syncing front cuirass row 1 bevelled lame
Fra:1 Mem:49.87M (Peak 49.87M) | Time:00:00.06 | Syncing front cuirass row 1 bevelled lame
Fra:1 Mem:49.89M (Peak 49.89M) | Time:00:00.06 | Syncing front cuirass row 1 bevelled lame
Fra:1 Mem:49.91M (Peak 49.91M) | Time:00:00.06 | Syncing front cuirass row 1 bevelled lame
Fra:1 Mem:49.93M (Peak 49.93M) | Time:00:00.06 | Syncing front cuirass row 1 bevelled lame
Fra:1 Mem:49.95M (Peak 49.95M) | Time:00:00.06 | Syncing front cuirass row 1 bevelled lame
Fra:1 Mem:49.97M (Peak 49.97M) | Time:00:00.06 | Syncing rear cuirass row 1 bevelled lamel
Fra:1 Mem:49.99M (Peak 49.99M) | Time:00:00.06 | Syncing rear cuirass row 1 bevelled lamel
Fra:1 Mem:50.01M (Peak 50.01M) | Time:00:00.06 | Syncing rear cuirass row 1 bevelled lamel
Fra:1 Mem:50.03M (Peak 50.03M) | Time:00:00.06 | Syncing rear cuirass row 1 bevelled lamel
Fra:1 Mem:50.05M (Peak 50.05M) | Time:00:00.06 | Syncing rear cuirass row 1 bevelled lamel
Fra:1 Mem:50.07M (Peak 50.07M) | Time:00:00.06 | Syncing rear cuirass row 1 bevelled lamel
Fra:1 Mem:50.08M (Peak 50.08M) | Time:00:00.06 | Syncing rear cuirass row 1 bevelled lamel
Fra:1 Mem:50.10M (Peak 50.10M) | Time:00:00.06 | Syncing rear cuirass row 1 bevelled lamel
Fra:1 Mem:50.12M (Peak 50.12M) | Time:00:00.06 | Syncing front cuirass row 2 bevelled lame
Fra:1 Mem:50.14M (Peak 50.14M) | Time:00:00.06 | Syncing front cuirass row 2 bevelled lame
Fra:1 Mem:50.16M (Peak 50.16M) | Time:00:00.06 | Syncing front cuirass row 2 bevelled lame
Fra:1 Mem:50.18M (Peak 50.18M) | Time:00:00.06 | Syncing front cuirass row 2 bevelled lame
Fra:1 Mem:50.20M (Peak 50.20M) | Time:00:00.06 | Syncing front cuirass row 2 bevelled lame
Fra:1 Mem:50.22M (Peak 50.22M) | Time:00:00.06 | Syncing front cuirass row 2 bevelled lame
Fra:1 Mem:50.24M (Peak 50.24M) | Time:00:00.06 | Syncing front cuirass row 2 bevelled lame
Fra:1 Mem:50.26M (Peak 50.26M) | Time:00:00.06 | Syncing front cuirass row 2 bevelled lame
Fra:1 Mem:50.28M (Peak 50.28M) | Time:00:00.06 | Syncing rear cuirass row 2 bevelled lamel
Fra:1 Mem:50.30M (Peak 50.30M) | Time:00:00.06 | Syncing rear cuirass row 2 bevelled lamel
Fra:1 Mem:50.32M (Peak 50.32M) | Time:00:00.06 | Syncing rear cuirass row 2 bevelled lamel
Fra:1 Mem:50.34M (Peak 50.34M) | Time:00:00.06 | Syncing rear cuirass row 2 bevelled lamel
Fra:1 Mem:50.36M (Peak 50.36M) | Time:00:00.06 | Syncing rear cuirass row 2 bevelled lamel
Fra:1 Mem:50.38M (Peak 50.38M) | Time:00:00.06 | Syncing rear cuirass row 2 bevelled lamel
Fra:1 Mem:50.40M (Peak 50.40M) | Time:00:00.06 | Syncing rear cuirass row 2 bevelled lamel
Fra:1 Mem:50.41M (Peak 50.41M) | Time:00:00.06 | Syncing rear cuirass row 2 bevelled lamel
Fra:1 Mem:50.43M (Peak 50.43M) | Time:00:00.06 | Syncing front cuirass row 3 bevelled lame
Fra:1 Mem:50.45M (Peak 50.45M) | Time:00:00.06 | Syncing front cuirass row 3 bevelled lame
Fra:1 Mem:50.47M (Peak 50.47M) | Time:00:00.06 | Syncing front cuirass row 3 bevelled lame
Fra:1 Mem:50.49M (Peak 50.49M) | Time:00:00.06 | Syncing front cuirass row 3 bevelled lame
Fra:1 Mem:50.51M (Peak 50.51M) | Time:00:00.06 | Syncing front cuirass row 3 bevelled lame
Fra:1 Mem:50.53M (Peak 50.53M) | Time:00:00.06 | Syncing front cuirass row 3 bevelled lame
Fra:1 Mem:50.55M (Peak 50.55M) | Time:00:00.06 | Syncing front cuirass row 3 bevelled lame
Fra:1 Mem:50.57M (Peak 50.57M) | Time:00:00.06 | Syncing front cuirass row 3 bevelled lame
Fra:1 Mem:50.59M (Peak 50.59M) | Time:00:00.06 | Syncing rear cuirass row 3 bevelled lamel
Fra:1 Mem:50.61M (Peak 50.61M) | Time:00:00.06 | Syncing rear cuirass row 3 bevelled lamel
Fra:1 Mem:50.63M (Peak 50.63M) | Time:00:00.06 | Syncing rear cuirass row 3 bevelled lamel
Fra:1 Mem:50.65M (Peak 50.65M) | Time:00:00.06 | Syncing rear cuirass row 3 bevelled lamel
Fra:1 Mem:50.67M (Peak 50.67M) | Time:00:00.06 | Syncing rear cuirass row 3 bevelled lamel
Fra:1 Mem:50.68M (Peak 50.68M) | Time:00:00.06 | Syncing rear cuirass row 3 bevelled lamel
Fra:1 Mem:50.70M (Peak 50.70M) | Time:00:00.06 | Syncing rear cuirass row 3 bevelled lamel
Fra:1 Mem:50.72M (Peak 50.72M) | Time:00:00.06 | Syncing rear cuirass row 3 bevelled lamel
Fra:1 Mem:50.74M (Peak 50.74M) | Time:00:00.06 | Syncing front cuirass row 4 bevelled lame
Fra:1 Mem:50.76M (Peak 50.76M) | Time:00:00.06 | Syncing front cuirass row 4 bevelled lame
Fra:1 Mem:50.78M (Peak 50.78M) | Time:00:00.06 | Syncing front cuirass row 4 bevelled lame
Fra:1 Mem:50.80M (Peak 50.80M) | Time:00:00.06 | Syncing front cuirass row 4 bevelled lame
Fra:1 Mem:50.82M (Peak 50.82M) | Time:00:00.06 | Syncing front cuirass row 4 bevelled lame
Fra:1 Mem:50.84M (Peak 50.84M) | Time:00:00.06 | Syncing front cuirass row 4 bevelled lame
Fra:1 Mem:50.86M (Peak 50.86M) | Time:00:00.06 | Syncing front cuirass row 4 bevelled lame
Fra:1 Mem:50.88M (Peak 50.88M) | Time:00:00.06 | Syncing front cuirass row 4 bevelled lame
Fra:1 Mem:50.90M (Peak 50.90M) | Time:00:00.06 | Syncing rear cuirass row 4 bevelled lamel
Fra:1 Mem:50.92M (Peak 50.92M) | Time:00:00.06 | Syncing rear cuirass row 4 bevelled lamel
Fra:1 Mem:50.94M (Peak 50.94M) | Time:00:00.06 | Syncing rear cuirass row 4 bevelled lamel
Fra:1 Mem:50.95M (Peak 50.95M) | Time:00:00.06 | Syncing rear cuirass row 4 bevelled lamel
Fra:1 Mem:50.97M (Peak 50.97M) | Time:00:00.06 | Syncing rear cuirass row 4 bevelled lamel
Fra:1 Mem:50.99M (Peak 50.99M) | Time:00:00.06 | Syncing rear cuirass row 4 bevelled lamel
Fra:1 Mem:51.01M (Peak 51.01M) | Time:00:00.06 | Syncing rear cuirass row 4 bevelled lamel
Fra:1 Mem:51.03M (Peak 51.03M) | Time:00:00.06 | Syncing rear cuirass row 4 bevelled lamel
Fra:1 Mem:51.05M (Peak 51.05M) | Time:00:00.06 | Syncing front cuirass row 5 bevelled lame
Fra:1 Mem:51.07M (Peak 51.07M) | Time:00:00.06 | Syncing front cuirass row 5 bevelled lame
Fra:1 Mem:51.09M (Peak 51.09M) | Time:00:00.06 | Syncing front cuirass row 5 bevelled lame
Fra:1 Mem:51.11M (Peak 51.11M) | Time:00:00.06 | Syncing front cuirass row 5 bevelled lame
Fra:1 Mem:51.13M (Peak 51.13M) | Time:00:00.06 | Syncing front cuirass row 5 bevelled lame
Fra:1 Mem:51.15M (Peak 51.15M) | Time:00:00.06 | Syncing front cuirass row 5 bevelled lame
Fra:1 Mem:51.17M (Peak 51.17M) | Time:00:00.06 | Syncing front cuirass row 5 bevelled lame
Fra:1 Mem:51.19M (Peak 51.19M) | Time:00:00.06 | Syncing front cuirass row 5 bevelled lame
Fra:1 Mem:51.21M (Peak 51.21M) | Time:00:00.06 | Syncing rear cuirass row 5 bevelled lamel
Fra:1 Mem:51.23M (Peak 51.23M) | Time:00:00.06 | Syncing rear cuirass row 5 bevelled lamel
Fra:1 Mem:51.24M (Peak 51.24M) | Time:00:00.06 | Syncing rear cuirass row 5 bevelled lamel
Fra:1 Mem:51.26M (Peak 51.26M) | Time:00:00.06 | Syncing rear cuirass row 5 bevelled lamel
Fra:1 Mem:51.28M (Peak 51.28M) | Time:00:00.06 | Syncing rear cuirass row 5 bevelled lamel
Fra:1 Mem:51.30M (Peak 51.30M) | Time:00:00.06 | Syncing rear cuirass row 5 bevelled lamel
Fra:1 Mem:51.32M (Peak 51.32M) | Time:00:00.06 | Syncing rear cuirass row 5 bevelled lamel
Fra:1 Mem:51.34M (Peak 51.34M) | Time:00:00.06 | Syncing rear cuirass row 5 bevelled lamel
Fra:1 Mem:51.36M (Peak 51.36M) | Time:00:00.06 | Syncing front cuirass vertical odoshi lac
Fra:1 Mem:51.36M (Peak 51.42M) | Time:00:00.06 | Syncing front cuirass vertical odoshi lac
Fra:1 Mem:51.37M (Peak 51.42M) | Time:00:00.06 | Syncing front cuirass vertical odoshi lac
Fra:1 Mem:51.37M (Peak 51.42M) | Time:00:00.06 | Syncing front cuirass vertical odoshi lac
Fra:1 Mem:51.38M (Peak 51.42M) | Time:00:00.06 | Syncing front cuirass vertical odoshi lac
Fra:1 Mem:51.39M (Peak 51.42M) | Time:00:00.06 | Syncing front cuirass vertical odoshi lac
Fra:1 Mem:51.39M (Peak 51.42M) | Time:00:00.06 | Syncing rear cuirass vertical odoshi lace
Fra:1 Mem:51.40M (Peak 51.42M) | Time:00:00.06 | Syncing rear cuirass vertical odoshi lace
Fra:1 Mem:51.41M (Peak 51.42M) | Time:00:00.06 | Syncing rear cuirass vertical odoshi lace
Fra:1 Mem:51.41M (Peak 51.42M) | Time:00:00.06 | Syncing rear cuirass vertical odoshi lace
Fra:1 Mem:51.42M (Peak 51.42M) | Time:00:00.06 | Syncing rear cuirass vertical odoshi lace
Fra:1 Mem:51.43M (Peak 51.43M) | Time:00:00.06 | Syncing left side cuirass plate 1
Fra:1 Mem:51.44M (Peak 51.44M) | Time:00:00.06 | Syncing left side cuirass plate 2
Fra:1 Mem:51.45M (Peak 51.45M) | Time:00:00.06 | Syncing left side cuirass plate 3
Fra:1 Mem:51.47M (Peak 51.47M) | Time:00:00.06 | Syncing right side cuirass plate 1
Fra:1 Mem:51.48M (Peak 51.48M) | Time:00:00.06 | Syncing right side cuirass plate 2
Fra:1 Mem:51.50M (Peak 51.50M) | Time:00:00.06 | Syncing right side cuirass plate 3
Fra:1 Mem:51.51M (Peak 51.51M) | Time:00:00.06 | Syncing left shoulder undercloth
Fra:1 Mem:51.57M (Peak 51.57M) | Time:00:00.06 | Syncing left hanging sode shoulder plate 
Fra:1 Mem:51.58M (Peak 51.58M) | Time:00:00.06 | Syncing left hanging sode shoulder plate 
Fra:1 Mem:51.60M (Peak 51.60M) | Time:00:00.06 | Syncing left hanging sode shoulder plate 
Fra:1 Mem:51.62M (Peak 51.62M) | Time:00:00.06 | Syncing left hanging sode shoulder plate 
Fra:1 Mem:51.64M (Peak 51.64M) | Time:00:00.06 | Syncing left armored upper arm
Fra:1 Mem:51.70M (Peak 51.70M) | Time:00:00.06 | Syncing left sode shoulder armor
Fra:1 Mem:51.74M (Peak 51.74M) | Time:00:00.06 | Syncing left kote forearm guard
Fra:1 Mem:51.80M (Peak 51.80M) | Time:00:00.06 | Syncing left leather palm volume
Fra:1 Mem:51.83M (Peak 51.85M) | Time:00:00.06 | Syncing left articulated index finger
Fra:1 Mem:51.84M (Peak 51.85M) | Time:00:00.06 | Syncing left index fingertip
Fra:1 Mem:51.86M (Peak 51.86M) | Time:00:00.06 | Syncing left articulated middle finger
Fra:1 Mem:51.87M (Peak 51.87M) | Time:00:00.06 | Syncing left middle fingertip
Fra:1 Mem:51.88M (Peak 51.88M) | Time:00:00.07 | Syncing left articulated ring finger
Fra:1 Mem:51.89M (Peak 51.89M) | Time:00:00.07 | Syncing left ring fingertip
Fra:1 Mem:51.93M (Peak 51.93M) | Time:00:00.07 | Syncing left articulated pinky finger
Fra:1 Mem:51.94M (Peak 51.94M) | Time:00:00.07 | Syncing left pinky fingertip
Fra:1 Mem:51.95M (Peak 51.95M) | Time:00:00.07 | Syncing left opposed thumb
Fra:1 Mem:51.96M (Peak 51.96M) | Time:00:00.07 | Syncing left thumb fingertip
Fra:1 Mem:51.97M (Peak 51.97M) | Time:00:00.07 | Syncing right shoulder undercloth
Fra:1 Mem:52.03M (Peak 52.03M) | Time:00:00.07 | Syncing right hanging sode shoulder plate
Fra:1 Mem:52.05M (Peak 52.05M) | Time:00:00.07 | Syncing right hanging sode shoulder plate
Fra:1 Mem:52.07M (Peak 52.07M) | Time:00:00.07 | Syncing right hanging sode shoulder plate
Fra:1 Mem:52.09M (Peak 52.09M) | Time:00:00.07 | Syncing right hanging sode shoulder plate
Fra:1 Mem:52.11M (Peak 52.11M) | Time:00:00.07 | Syncing right armored upper arm
Fra:1 Mem:52.16M (Peak 52.16M) | Time:00:00.07 | Syncing right sode shoulder armor
Fra:1 Mem:52.20M (Peak 52.20M) | Time:00:00.07 | Syncing right kote forearm guard
Fra:1 Mem:52.26M (Peak 52.26M) | Time:00:00.07 | Syncing right leather palm volume
Fra:1 Mem:52.30M (Peak 52.30M) | Time:00:00.07 | Syncing right articulated index finger
Fra:1 Mem:52.31M (Peak 52.31M) | Time:00:00.07 | Syncing right index fingertip
Fra:1 Mem:52.32M (Peak 52.32M) | Time:00:00.07 | Syncing right articulated middle finger
Fra:1 Mem:52.33M (Peak 52.33M) | Time:00:00.07 | Syncing right middle fingertip
Fra:1 Mem:52.34M (Peak 52.34M) | Time:00:00.07 | Syncing right articulated ring finger
Fra:1 Mem:52.35M (Peak 52.35M) | Time:00:00.07 | Syncing right ring fingertip
Fra:1 Mem:52.36M (Peak 52.36M) | Time:00:00.07 | Syncing right articulated pinky finger
Fra:1 Mem:52.37M (Peak 52.37M) | Time:00:00.07 | Syncing right pinky fingertip
Fra:1 Mem:52.38M (Peak 52.38M) | Time:00:00.07 | Syncing right opposed thumb
Fra:1 Mem:52.39M (Peak 52.39M) | Time:00:00.07 | Syncing right thumb fingertip
Fra:1 Mem:52.41M (Peak 52.41M) | Time:00:00.07 | Syncing kusazuri skirt plate -1 row 1
Fra:1 Mem:52.42M (Peak 52.42M) | Time:00:00.07 | Syncing rear kusazuri skirt plate -1 row 
Fra:1 Mem:52.43M (Peak 52.43M) | Time:00:00.07 | Syncing kusazuri skirt plate -1 row 2
Fra:1 Mem:52.45M (Peak 52.45M) | Time:00:00.07 | Syncing rear kusazuri skirt plate -1 row 
Fra:1 Mem:52.46M (Peak 52.46M) | Time:00:00.07 | Syncing kusazuri skirt plate -1 row 3
Fra:1 Mem:52.48M (Peak 52.48M) | Time:00:00.07 | Syncing rear kusazuri skirt plate -1 row 
Fra:1 Mem:52.49M (Peak 52.49M) | Time:00:00.07 | Syncing kusazuri skirt plate +0 row 1
Fra:1 Mem:52.50M (Peak 52.50M) | Time:00:00.07 | Syncing rear kusazuri skirt plate +0 row 
Fra:1 Mem:52.52M (Peak 52.52M) | Time:00:00.07 | Syncing kusazuri skirt plate +0 row 2
Fra:1 Mem:52.53M (Peak 52.53M) | Time:00:00.07 | Syncing rear kusazuri skirt plate +0 row 
Fra:1 Mem:52.54M (Peak 52.54M) | Time:00:00.07 | Syncing kusazuri skirt plate +0 row 3
Fra:1 Mem:52.56M (Peak 52.56M) | Time:00:00.07 | Syncing rear kusazuri skirt plate +0 row 
Fra:1 Mem:52.57M (Peak 52.57M) | Time:00:00.07 | Syncing kusazuri skirt plate +1 row 1
Fra:1 Mem:52.59M (Peak 52.59M) | Time:00:00.07 | Syncing rear kusazuri skirt plate +1 row 
Fra:1 Mem:52.60M (Peak 52.60M) | Time:00:00.07 | Syncing kusazuri skirt plate +1 row 2
Fra:1 Mem:52.61M (Peak 52.61M) | Time:00:00.07 | Syncing rear kusazuri skirt plate +1 row 
Fra:1 Mem:52.63M (Peak 52.63M) | Time:00:00.07 | Syncing kusazuri skirt plate +1 row 3
Fra:1 Mem:52.64M (Peak 52.64M) | Time:00:00.07 | Syncing rear kusazuri skirt plate +1 row 
Fra:1 Mem:52.66M (Peak 52.66M) | Time:00:00.07 | Syncing left hanging hakama outer cloth
Fra:1 Mem:52.68M (Peak 52.68M) | Time:00:00.07 | Syncing left side hakama fold
Fra:1 Mem:52.71M (Peak 52.71M) | Time:00:00.07 | Syncing right hanging hakama outer cloth
Fra:1 Mem:52.74M (Peak 52.74M) | Time:00:00.07 | Syncing right side hakama fold
Fra:1 Mem:52.76M (Peak 52.76M) | Time:00:00.07 | Syncing left hakama trouser leg
Fra:1 Mem:52.82M (Peak 52.82M) | Time:00:00.07 | Syncing left shin greave
Fra:1 Mem:52.87M (Peak 52.87M) | Time:00:00.07 | Syncing left split-toe tabi foot volume
Fra:1 Mem:52.92M (Peak 52.92M) | Time:00:00.07 | Syncing left separated big toe
Fra:1 Mem:52.94M (Peak 52.94M) | Time:00:00.07 | Syncing left outer toe group
Fra:1 Mem:52.96M (Peak 52.96M) | Time:00:00.07 | Syncing left woven waraji sole grounded
Fra:1 Mem:52.97M (Peak 52.97M) | Time:00:00.07 | Syncing left sandal toe strap
Fra:1 Mem:52.98M (Peak 52.98M) | Time:00:00.07 | Syncing left heel strap
Fra:1 Mem:52.98M (Peak 52.98M) | Time:00:00.07 | Syncing left hakama pleat 1
Fra:1 Mem:52.99M (Peak 52.99M) | Time:00:00.07 | Syncing left hakama pleat 2
Fra:1 Mem:52.99M (Peak 52.99M) | Time:00:00.07 | Syncing left hakama pleat 3
Fra:1 Mem:53.00M (Peak 53.00M) | Time:00:00.07 | Syncing right hakama trouser leg
Fra:1 Mem:53.06M (Peak 53.06M) | Time:00:00.07 | Syncing right shin greave
Fra:1 Mem:53.11M (Peak 53.11M) | Time:00:00.07 | Syncing right split-toe tabi foot volume
Fra:1 Mem:53.16M (Peak 53.16M) | Time:00:00.07 | Syncing right separated big toe
Fra:1 Mem:53.18M (Peak 53.18M) | Time:00:00.07 | Syncing right outer toe group
Fra:1 Mem:53.20M (Peak 53.20M) | Time:00:00.07 | Syncing right woven waraji sole grounded
Fra:1 Mem:53.21M (Peak 53.21M) | Time:00:00.07 | Syncing right sandal toe strap
Fra:1 Mem:53.22M (Peak 53.22M) | Time:00:00.07 | Syncing right heel strap
Fra:1 Mem:53.22M (Peak 53.22M) | Time:00:00.07 | Syncing right hakama pleat 1
Fra:1 Mem:53.23M (Peak 53.23M) | Time:00:00.07 | Syncing right hakama pleat 2
Fra:1 Mem:53.23M (Peak 53.23M) | Time:00:00.07 | Syncing right hakama pleat 3
Fra:1 Mem:53.24M (Peak 53.24M) | Time:00:00.07 | Syncing drawn katana blade spine
Fra:1 Mem:53.25M (Peak 53.30M) | Time:00:00.07 | Syncing bright sharpened katana edge
Fra:1 Mem:53.26M (Peak 53.31M) | Time:00:00.07 | Syncing wrapped katana grip
Fra:1 Mem:53.27M (Peak 53.31M) | Time:00:00.07 | Syncing square tsuba guard
Fra:1 Mem:53.28M (Peak 53.31M) | Time:00:00.07 | Syncing lacquered saya scabbard at left h
Fra:1 Mem:53.28M (Peak 53.31M) | Time:00:00.07 | Syncing waist sash tying armor
Fra:1 Mem:53.29M (Peak 53.31M) | Time:00:00.07 | Syncing bamboo sashimono back pole
Fra:1 Mem:53.30M (Peak 53.31M) | Time:00:00.07 | Syncing small lacquered sashimono crossba
Fra:1 Mem:53.31M (Peak 53.31M) | Time:00:00.07 | Syncing cloth sashimono banner panel
Fra:1 Mem:53.33M (Peak 53.37M) | Time:00:00.07 | Syncing simple round clan mon on banner
Fra:1 Mem:53.37M (Peak 53.37M) | Time:00:00.07 | Syncing cool key
Fra:1 Mem:53.37M (Peak 53.37M) | Time:00:00.07 | Syncing rim
Fra:1 Mem:53.37M (Peak 53.37M) | Time:00:00.07 | Syncing hero cam
Fra:1 Mem:53.37M (Peak 53.37M) | Time:00:00.07 | Syncing samurai_v2_provenance
Fra:1 Mem:53.45M (Peak 53.55M) | Time:00:00.08 | Rendering 1 / 32 samples
Fra:1 Mem:50.93M (Peak 53.55M) | Time:00:02.50 | Rendering 26 / 32 samples
Fra:1 Mem:50.93M (Peak 53.55M) | Time:00:02.94 | Rendering 32 / 32 samples
Saved: '/tmp/factoryx-v23-render/samurai-repaired-full-20-v23/takeda-01/turntable_004.png'
 Time: 00:03.06 (Saving: 00:00.03)

ERROR (bke.modifier): ./source/blender/blenkernel/intern/modifier.cc:458 BKE_modifier_set_error: Object: "layered rear shikoro neck guard", Modifier: "weighted normals", Enable 'Auto Smooth' in Object Data Properties
ERROR (bke.modifier): ./source/blender/blenkernel/intern/modifier.cc:458 BKE_modifier_set_error: Object: "crest central rivet", Modifier: "weighted normals", Enable 'Auto Smooth' in Object Data Properties
ERROR (bke.modifier): ./source/blender/blenkernel/intern/modifier.cc:458 BKE_modifier_set_error: Object: "wide kabuto brim", Modifier: "weighted normals", Enable 'Auto Smooth' in Object Data Properties
ERROR (bke.modifier): ./source/blender/blenkernel/intern/modifier.cc:458 BKE_modifier_set_error: Object: "segmented kabuto helmet bowl", Modifier: "weighted normals", Enable 'Auto Smooth' in Object Data Properties
ERROR (bke.modifier): ./source/blender/blenkernel/intern/modifier.cc:458 BKE_modifier_set_error: Object: "right side helmet flange", Modifier: "weighted normals", Enable 'Auto Smooth' in Object Data Properties
ERROR (bke.modifier): ./source/blender/blenkernel/intern/modifier.cc:458 BKE_modifier_set_error: Object: "neck guard collar", Modifier: "weighted normals", Enable 'Auto Smooth' in Object Data Properties
ERROR (bke.modifier): ./source/blender/blenkernel/intern/modifier.cc:458 BKE_modifier_set_error: Object: "thin exposed neck", Modifier: "weighted normals", Enable 'Auto Smooth' in Object Data Properties
ERROR (bke.modifier): ./source/blender/blenkernel/intern/modifier.cc:458 BKE_modifier_set_error: Object: "visible human forehead behind mempo", Modifier: "weighted normals", Enable 'Auto Smooth' in Object Data Properties
ERROR (bke.modifier): ./source/blender/blenkernel/intern/modifier.cc:458 BKE_modifier_set_error: Object: "right angular mempo cheek plate", Modifier: "weighted normals", Enable 'Auto Smooth' in Object Data Properties
ERROR (bke.modifier): ./source/blender/blenkernel/intern/modifier.cc:458 BKE_modifier_set_error: Object: "left side helmet flange", Modifier: "weighted normals", Enable 'Auto Smooth' in Object Data Properties
ERROR (bke.modifier): ./source/blender/blenkernel/intern/modifier.cc:458 BKE_modifier_set_error: Object: "narrow waist under-kimono volume", Modifier: "weighted normals", Enable 'Auto Smooth' in Object Data Properties
ERROR (bke.modifier): ./source/blender/blenkernel/intern/modifier.cc:458 BKE_modifier_set_error: Object: "mempo nose ridge", Modifier: "weighted normals", Enable 'Auto Smooth' in Object Data Properties
ERROR (bke.modifier): ./source/blender/blenkernel/intern/modifier.cc:458 BKE_modifier_set_error: Object: "right narrow eye slit", Modifier: "weighted normals", Enable 'Auto Smooth' in Object Data Properties
ERROR (bke.modifier): ./source/blender/blenkernel/intern/modifier.cc:458 BKE_modifier_set_error: Object: "left angular mempo cheek plate", Modifier: "weighted normals", Enable 'Auto Smooth' in Object Data Properties
ERROR (bke.modifier): ./source/blender/blenkernel/intern/modifier.cc:458 BKE_modifier_set_error: Object: "mempo chin guard", Modifier: "weighted normals", Enable 'Auto Smooth' in Object Data Properties
ERROR (bke.modifier): ./source/blender/blenkernel/intern/modifier.cc:458 BKE_modifier_set_error: Object: "ribcage under-kimono volume", Modifier: "weighted normals", Enable 'Auto Smooth' in Object Data Properties
ERROR (bke.modifier): ./source/blender/blenkernel/intern/modifier.cc:458 BKE_modifier_set_error: Object: "left narrow eye slit", Modifier: "weighted normals", Enable 'Auto Smooth' in Object Data Properties
ERROR (bke.modifier): ./source/blender/blenkernel/intern/modifier.cc:458 BKE_modifier_set_error: Object: "mempo grim mouth slit", Modifier: "weighted normals", Enable 'Auto Smooth' in Object Data Properties
ERROR (bke.modifier): ./source/blender/blenkernel/intern/modifier.cc:458 BKE_modifier_set_error: Object: "throat guard row 1 bevelled lamellar plate 03", Modifier: "weighted normals", Enable 'Auto Smooth' in Object Data Properties
ERROR (bke.modifier): ./source/blender/blenkernel/intern/modifier.cc:458 BKE_modifier_set_error: Object: "throat guard row 1 bevelled lamellar plate 02", Modifier: "weighted normals", Enable 'Auto Smooth' in Object Data Properties
ERROR (bke.modifier): ./source/blender/blenkernel/intern/modifier.cc:458 BKE_modifier_set_error: Object: "throat guard row 1 bevelled lamellar plate 05", Modifier: "weighted normals", Enable 'Auto Smooth' in Object Data Properties
ERROR (bke.modifier): ./source/blender/blenkernel/intern/modifier.cc:458 BKE_modifier_set_error: Object: "throat guard row 2 bevelled lamellar plate 03", Modifier: "weighted normals", Enable 'Auto Smooth' in Object Data Properties
ERROR (bke.modifier): ./source/blender/blenkernel/intern/modifier.cc:458 BKE_modifier_set_error: Object: "throat guard row 2 bevelled lamellar plate 02", Modifier: "weighted normals", Enable 'Auto Smooth' in Object Data Properties
ERROR (bke.modifier): ./source/blender/blenkernel/intern/modifier.cc:458 BKE_modifier_set_error: Object: "throat guard row 2 bevelled lamellar plate 01", Modifier: "weighted normals", Enable 'Auto Smooth' in Object Data Properties
ERROR (bke.modifier): ./source/blender/blenkernel/intern/modifier.cc:458 BKE_modifier_set_error: Object: "upper do cuirass fitted shell", Modifier: "weighted normals", Enable 'Auto Smooth' in Object Data Properties
ERROR (bke.modifier): ./source/blender/blenkernel/intern/modifier.cc:458 BKE_modifier_set_error: Object: "throat guard row 3 bevelled lamellar plate 02", Modifier: "weighted normals", Enable 'Auto Smooth' in Object Data Properties
ERROR (bke.modifier): ./source/blender/blenkernel/intern/modifier.cc:458 BKE_modifier_set_error: Object: "lower do cuirass narrowed shell", Modifier: "weighted normals", Enable 'Auto Smooth' in Object Data Properties
ERROR (bke.modifier): ./source/blender/blenkernel/intern/modifier.cc:458 BKE_modifier_set_error: Object: "throat guard row 1 bevelled lamellar plate 01", Modifier: "weighted normals", Enable 'Auto Smooth' in Object Data Properties
ERROR (bke.modifier): ./source/blender/blenkernel/intern/modifier.cc:458 BKE_modifier_set_error: Object: "throat guard row 2 bevelled lamellar plate 04", Modifier: "weighted normals", Enable 'Auto Smooth' in Object Data Properties
ERROR (bke.modifier): ./source/blender/blenkernel/intern/modifier.cc:458 BKE_modifier_set_error: Object: "front under-kimono chest panel", Modifier: "weighted normals", Enable 'Auto Smooth' in Object Data Properties
ERROR (bke.modifier): ./source/blender/blenkernel/intern/modifier.cc:458 BKE_modifier_set_error: Object: "throat guard row 1 bevelled lamellar plate 04", Modifier: "weighted normals", Enable 'Auto Smooth' in Object Data Properties
ERROR (bke.modifier): ./source/blender/blenkernel/intern/modifier.cc:458 BKE_modifier_set_error: Object: "throat guard row 3 bevelled lamellar plate 03", Modifier: "weighted normals", Enable 'Auto Smooth' in Object Data Properties
ERROR (bke.modifier): ./source/blender/blenkernel/intern/modifier.cc:458 BKE_modifier_set_error: Object: "throat guard row 3 bevelled lamellar plate 05", Modifier: "weighted normals", Enable 'Auto Smooth' in Object Data Properties
ERROR (bke.modifier): ./source/blender/blenkernel/intern/modifier.cc:458 BKE_modifier_set_error: Object: "throat guard row 2 bevelled lamellar plate 05", Modifier: "weighted normals", Enable 'Auto Smooth' in Object Data Properties
ERROR (bke.modifier): ./source/blender/blenkernel/intern/modifier.cc:458 BKE_modifier_set_error: Object: "matte charcoal inspection plinth", Modifier: "weighted normals", Enable 'Auto Smooth' in Object Data Properties
ERROR (bke.modifier): ./source/blender/blenkernel/intern/modifier.cc:458 BKE_modifier_set_error: Object: "throat guard row 3 bevelled lamellar plate 01", Modifier: "weighted normals", Enable 'Auto Smooth' in Object Data Properties
ERROR (bke.modifier): ./source/blender/blenkernel/intern/modifier.cc:458 BKE_modifier_set_error: Object: "rear under-kimono back panel", Modifier: "weighted normals", Enable 'Auto Smooth' in Object Data Properties
ERROR (bke.modifier): ./source/blender/blenkernel/intern/modifier.cc:458 BKE_modifier_set_error: Object: "throat guard row 3 bevelled lamellar plate 04", Modifier: "weighted normals", Enable 'Auto Smooth' in Object Data Properties
ERROR (bke.modifier): ./source/blender/blenkernel/intern/modifier.cc:458 BKE_modifier_set_error: Object: "simple round clan mon on banner", Modifier: "weighted normals", Enable 'Auto Smooth' in Object Data Properties
ERROR (bke.modifier): ./source/blender/blenkernel/intern/modifier.cc:458 BKE_modifier_set_error: Object: "front cuirass row 1 bevelled lamellar plate 03", Modifier: "weighted normals", Enable 'Auto Smooth' in Object Data Properties
ERROR (bke.modifier): ./source/blender/blenkernel/intern/modifier.cc:458 BKE_modifier_set_error: Object: "front cuirass row 1 bevelled lamellar plate 01", Modifier: "weighted normals", Enable 'Auto Smooth' in Object Data Properties
ERROR (bke.modifier): ./source/blender/blenkernel/intern/modifier.cc:458 BKE_modifier_set_error: Object: "front cuirass row 1 bevelled lamellar plate 02", Modifier: "weighted normals", Enable 'Auto Smooth' in Object Data Properties
ERROR (bke.modifier): ./source/blender/blenkernel/intern/modifier.cc:458 BKE_modifier_set_error: Object: "front cuirass row 1 bevelled lamellar plate 07", Modifier: "weighted normals", Enable 'Auto Smooth' in Object Data Properties
ERROR (bke.modifier): ./source/blender/blenkernel/intern/modifier.cc:458 BKE_modifier_set_error: Object: "rear cuirass row 1 bevelled lamellar plate 02", Modifier: "weighted normals", Enable 'Auto Smooth' in Object Data Properties
ERROR (bke.modifier): ./source/blender/blenkernel/intern/modifier.cc:458 BKE_modifier_set_error: Object: "rear cuirass row 1 bevelled lamellar plate 03", Modifier: "weighted normals", Enable 'Auto Smooth' in Object Data Properties
ERROR (bke.modifier): ./source/blender/blenkernel/intern/modifier.cc:458 BKE_modifier_set_error: Object: "front cuirass row 1 bevelled lamellar plate 05", Modifier: "weighted normals", Enable 'Auto Smooth' in Object Data Properties
ERROR (bke.modifier): ./source/blender/blenkernel/intern/modifier.cc:458 BKE_modifier_set_error: Object: "rear cuirass row 1 bevelled lamellar plate 07", Modifier: "weighted normals", Enable 'Auto Smooth' in Object Data Properties
ERROR (bke.modifier): ./source/blender/blenkernel/intern/modifier.cc:458 BKE_modifier_set_error: Object: "front cuirass row 1 bevelled lamellar plate 08", Modifier: "weighted normals", Enable 'Auto Smooth' in Object Data Properties
ERROR (bke.modifier): ./source/blender/blenkernel/intern/modifier.cc:458 BKE_modifier_set_error: Object: "rear cuirass row 1 bevelled lamellar plate 01", Modifier: "weighted normals", Enable 'Auto Smooth' in Object Data Properties
ERROR (bke.modifier): ./source/blender/blenkernel/intern/modifier.cc:458 BKE_modifier_set_error: Object: "front cuirass row 1 bevelled lamellar plate 06", Modifier: "weighted normals", Enable 'Auto Smooth' in Object Data Properties
ERROR (bke.modifier): ./source/blender/blenkernel/intern/modifier.cc:458 BKE_modifier_set_error: Object: "front cuirass row 1 bevelled lamellar plate 04", Modifier: "weighted normals", Enable 'Auto Smooth' in Object Data Properties
ERROR (bke.modifier): ./source/blender/blenkernel/intern/modifier.cc:458 BKE_modifier_set_error: Object: "rear cuirass row 1 bevelled lamellar plate 06", Modifier: "weighted normals", Enable 'Auto Smooth' in Object Data Properties
ERROR (bke.modifier): ./source/blender/blenkernel/intern/modifier.cc:458 BKE_modifier_set_error: Object: "cloth sashimono banner panel", Modifier: "weighted normals", Enable 'Auto Smooth' in Object Data Properties
ERROR (bke.modifier): ./source/blender/blenkernel/intern/modifier.cc:458 BKE_modifier_set_error: Object: "rear cuirass row 1 bevelled lamellar plate 05", Modifier: "weighted normals", Enable 'Auto Smooth' in Object Data Properties
ERROR (bke.modifier): ./source/blender/blenkernel/intern/modifier.cc:458 BKE_modifier_set_error: Object: "rear cuirass row 1 bevelled lamellar plate 04", Modifier: "weighted normals", Enable 'Auto Smooth' in Object Data Properties
ERROR (bke.modifier): ./source/blender/blenkernel/intern/modifier.cc:458 BKE_modifier_set_error: Object: "rear cuirass row 1 bevelled lamellar plate 08", Modifier: "weighted normals", Enable 'Auto Smooth' in Object Data Properties
ERROR (bke.modifier): ./source/blender/blenkernel/intern/modifier.cc:458 BKE_modifier_set_error: Object: "front cuirass row 2 bevelled lamellar plate 04", Modifier: "weighted normals", Enable 'Auto Smooth' in Object Data Properties
ERROR (bke.modifier): ./source/blender/blenkernel/intern/modifier.cc:458 BKE_modifier_set_error: Object: "front cuirass row 2 bevelled lamellar plate 05", Modifier: "weighted normals", Enable 'Auto Smooth' in Object Data Properties
ERROR (bke.modifier): ./source/blender/blenkernel/intern/modifier.cc:458 BKE_modifier_set_error: Object: "front cuirass row 2 bevelled lamellar plate 03", Modifier: "weighted normals", Enable 'Auto Smooth' in Object Data Properties
ERROR (bke.modifier): ./source/blender/blenkernel/intern/modifier.cc:458 BKE_modifier_set_error: Object: "front cuirass row 2 bevelled lamellar plate 01", Modifier: "weighted normals", Enable 'Auto Smooth' in Object Data Properties
ERROR (bke.modifier): ./source/blender/blenkernel/intern/modifier.cc:458 BKE_modifier_set_error: Object: "front cuirass row 2 bevelled lamellar plate 02", Modifier: "weighted normals", Enable 'Auto Smooth' in Object Data Properties
ERROR (bke.modifier): ./source/blender/blenkernel/intern/modifier.cc:458 BKE_modifier_set_error: Object: "front cuirass row 2 bevelled lamellar plate 07", Modifier: "weighted normals", Enable 'Auto Smooth' in Object Data Properties
ERROR (bke.modifier): ./source/blender/blenkernel/intern/modifier.cc:458 BKE_modifier_set_error: Object: "front cuirass row 2 bevelled lamellar plate 06", Modifier: "weighted normals", Enable 'Auto Smooth' in Object Data Properties
ERROR (bke.modifier): ./source/blender/blenkernel/intern/modifier.cc:458 BKE_modifier_set_error: Object: "small lacquered sashimono crossbar", Modifier: "weighted normals", Enable 'Auto Smooth' in Object Data Properties
ERROR (bke.modifier): ./source/blender/blenkernel/intern/modifier.cc:458 BKE_modifier_set_error: Object: "rear cuirass row 2 bevelled lamellar plate 01", Modifier: "weighted normals", Enable 'Auto Smooth' in Object Data Properties
ERROR (bke.modifier): ./source/blender/blenkernel/intern/modifier.cc:458 BKE_modifier_set_error: Object: "rear cuirass row 2 bevelled lamellar plate 03", Modifier: "weighted normals", Enable 'Auto Smooth' in Object Data Properties
ERROR (bke.modifier): ./source/blender/blenkernel/intern/modifier.cc:458 BKE_modifier_set_error: Object: "front cuirass row 3 bevelled lamellar plate 03", Modifier: "weighted normals", Enable 'Auto Smooth' in Object Data Properties
ERROR (bke.modifier): ./source/blender/blenkernel/intern/modifier.cc:458 BKE_modifier_set_error: Object: "front cuirass row 2 bevelled lamellar plate 08", Modifier: "weighted normals", Enable 'Auto Smooth' in Object Data Properties
ERROR (bke.modifier): ./source/blender/blenkernel/intern/modifier.cc:458 BKE_modifier_set_error: Object: "rear cuirass row 2 bevelled lamellar plate 08", Modifier: "weighted normals", Enable 'Auto Smooth' in Object Data Properties
ERROR (bke.modifier): ./source/blender/blenkernel/intern/modifier.cc:458 BKE_modifier_set_error: Object: "rear cuirass row 2 bevelled lamellar plate 04", Modifier: "weighted normals", Enable 'Auto Smooth' in Object Data Properties
ERROR (bke.modifier): ./source/blender/blenkernel/intern/modifier.cc:458 BKE_modifier_set_error: Object: "rear cuirass row 2 bevelled lamellar plate 06", Modifier: "weighted normals", Enable 'Auto Smooth' in Object Data Properties
ERROR (bke.modifier): ./source/blender/blenkernel/intern/modifier.cc:458 BKE_modifier_set_error: Object: "rear cuirass row 2 bevelled lamellar plate 05", Modifier: "weighted normals", Enable 'Auto Smooth' in Object Data Properties
ERROR (bke.modifier): ./source/blender/blenkernel/intern/modifier.cc:458 BKE_modifier_set_error: Object: "rear cuirass row 2 bevelled lamellar plate 02", Modifier: "weighted normals", Enable 'Auto Smooth' in Object Data Properties
ERROR (bke.modifier): ./source/blender/blenkernel/intern/modifier.cc:458 BKE_modifier_set_error: Object: "front cuirass row 3 bevelled lamellar plate 01", Modifier: "weighted normals", Enable 'Auto Smooth' in Object Data Properties
ERROR (bke.modifier): ./source/blender/blenkernel/intern/modifier.cc:458 BKE_modifier_set_error: Object: "rear cuirass row 2 bevelled lamellar plate 07", Modifier: "weighted normals", Enable 'Auto Smooth' in Object Data Properties
ERROR (bke.modifier): ./source/blender/blenkernel/intern/modifier.cc:458 BKE_modifier_set_error: Object: "front cuirass row 3 bevelled lamellar plate 02", Modifier: "weighted normals", Enable 'Auto Smooth' in Object Data Properties
ERROR (bke.modifier): ./source/blender/blenkernel/intern/modifier.cc:458 BKE_modifier_set_error: Object: "front cuirass row 3 bevelled lamellar plate 04", Modifier: "weighted normals", Enable 'Auto Smooth' in Object Data Properties
ERROR (bke.modifier): ./source/blender/blenkernel/intern/modifier.cc:458 BKE_modifier_set_error: Object: "front cuirass row 3 bevelled lamellar plate 05", Modifier: "weighted normals", Enable 'Auto Smooth' in Object Data Properties
ERROR (bke.modifier): ./source/blender/blenkernel/intern/modifier.cc:458 BKE_modifier_set_error: Object: "rear cuirass row 3 bevelled lamellar plate 03", Modifier: "weighted normals", Enable 'Auto Smooth' in Object Data Properties
ERROR (bke.modifier): ./source/blender/blenkernel/intern/modifier.cc:458 BKE_modifier_set_error: Object: "front cuirass row 3 bevelled lamellar plate 08", Modifier: "weighted normals", Enable 'Auto Smooth' in Object Data Properties
ERROR (bke.modifier): ./source/blender/blenkernel/intern/modifier.cc:458 BKE_modifier_set_error: Object: "front cuirass row 3 bevelled lamellar plate 07", Modifier: "weighted normals", Enable 'Auto Smooth' in Object Data Properties
ERROR (bke.modifier): ./source/blender/blenkernel/intern/modifier.cc:458 BKE_modifier_set_error: Object: "front cuirass row 3 bevelled lamellar plate 06", Modifier: "weighted normals", Enable 'Auto Smooth' in Object Data Properties
ERROR (bke.modifier): ./source/blender/blenkernel/intern/modifier.cc:458 BKE_modifier_set_error: Object: "rear cuirass row 3 bevelled lamellar plate 01", Modifier: "weighted normals", Enable 'Auto Smooth' in Object Data Properties
ERROR (bke.modifier): ./source/blender/blenkernel/intern/modifier.cc:458 BKE_modifier_set_error: Object: "rear cuirass row 3 bevelled lamellar plate 02", Modifier: "weighted normals", Enable 'Auto Smooth' in Object Data Properties
ERROR (bke.modifier): ./source/blender/blenkernel/intern/modifier.cc:458 BKE_modifier_set_error: Object: "rear cuirass row 3 bevelled lamellar plate 04", Modifier: "weighted normals", Enable 'Auto Smooth' in Object Data Properties
ERROR (bke.modifier): ./source/blender/blenkernel/intern/modifier.cc:458 BKE_modifier_set_error: Object: "front cuirass row 4 bevelled lamellar plate 05", Modifier: "weighted normals", Enable 'Auto Smooth' in Object Data Properties
ERROR (bke.modifier): ./source/blender/blenkernel/intern/modifier.cc:458 BKE_modifier_set_error: Object: "rear cuirass row 3 bevelled lamellar plate 05", Modifier: "weighted normals", Enable 'Auto Smooth' in Object Data Properties
ERROR (bke.modifier): ./source/blender/blenkernel/intern/modifier.cc:458 BKE_modifier_set_error: Object: "rear cuirass row 3 bevelled lamellar plate 07", Modifier: "weighted normals", Enable 'Auto Smooth' in Object Data Properties
ERROR (bke.modifier): ./source/blender/blenkernel/intern/modifier.cc:458 BKE_modifier_set_error: Object: "rear cuirass row 3 bevelled lamellar plate 06", Modifier: "weighted normals", Enable 'Auto Smooth' in Object Data Properties
ERROR (bke.modifier): ./source/blender/blenkernel/intern/modifier.cc:458 BKE_modifier_set_error: Object: "square tsuba guard", Modifier: "weighted normals", Enable 'Auto Smooth' in Object Data Properties
ERROR (bke.modifier): ./source/blender/blenkernel/intern/modifier.cc:458 BKE_modifier_set_error: Object: "rear cuirass row 3 bevelled lamellar plate 08", Modifier: "weighted normals", Enable 'Auto Smooth' in Object Data Properties
ERROR (bke.modifier): ./source/blender/blenkernel/intern/modifier.cc:458 BKE_modifier_set_error: Object: "front cuirass row 4 bevelled lamellar plate 02", Modifier: "weighted normals", Enable 'Auto Smooth' in Object Data Properties
ERROR (bke.modifier): ./source/blender/blenkernel/intern/modifier.cc:458 BKE_modifier_set_error: Object: "front cuirass row 4 bevelled lamellar plate 03", Modifier: "weighted normals", Enable 'Auto Smooth' in Object Data Properties
ERROR (bke.modifier): ./source/blender/blenkernel/intern/modifier.cc:458 BKE_modifier_set_error: Object: "front cuirass row 4 bevelled lamellar plate 01", Modifier: "weighted normals", Enable 'Auto Smooth' in Object Data Properties
ERROR (bke.modifier): ./source/blender/blenkernel/intern/modifier.cc:458 BKE_modifier_set_error: Object: "front cuirass row 4 bevelled lamellar plate 04", Modifier: "weighted normals", Enable 'Auto Smooth' in Object Data Properties
ERROR (bke.modifier): ./source/blender/blenkernel/intern/modifier.cc:458 BKE_modifier_set_error: Object: "wrapped katana grip", Modifier: "weighted normals", Enable 'Auto Smooth' in Object Data Properties
ERROR (bke.modifier): ./source/blender/blenkernel/intern/modifier.cc:458 BKE_modifier_set_error: Object: "front cuirass row 4 bevelled lamellar plate 06", Modifier: "weighted normals", Enable 'Auto Smooth' in Object Data Properties
ERROR (bke.modifier): ./source/blender/blenkernel/intern/modifier.cc:458 BKE_modifier_set_error: Object: "front cuirass row 4 bevelled lamellar plate 07", Modifier: "weighted normals", Enable 'Auto Smooth' in Object Data Properties
ERROR (bke.modifier): ./source/blender/blenkernel/intern/modifier.cc:458 BKE_modifier_set_error: Object: "rear cuirass row 4 bevelled lamellar plate 04", Modifier: "weighted normals", Enable 'Auto Smooth' in Object Data Properties
ERROR (bke.modifier): ./source/blender/blenkernel/intern/modifier.cc:458 BKE_modifier_set_error: Object: "front cuirass row 4 bevelled lamellar plate 08", Modifier: "weighted normals", Enable 'Auto Smooth' in Object Data Properties
ERROR (bke.modifier): ./source/blender/blenkernel/intern/modifier.cc:458 BKE_modifier_set_error: Object: "rear cuirass row 4 bevelled lamellar plate 01", Modifier: "weighted normals", Enable 'Auto Smooth' in Object Data Properties
ERROR (bke.modifier): ./source/blender/blenkernel/intern/modifier.cc:458 BKE_modifier_set_error: Object: "rear cuirass row 4 bevelled lamellar plate 02", Modifier: "weighted normals", Enable 'Auto Smooth' in Object Data Properties
ERROR (bke.modifier): ./source/blender/blenkernel/intern/modifier.cc:458 BKE_modifier_set_error: Object: "rear cuirass row 4 bevelled lamellar plate 03", Modifier: "weighted normals", Enable 'Auto Smooth' in Object Data Properties
ERROR (bke.modifier): ./source/blender/blenkernel/intern/modifier.cc:458 BKE_modifier_set_error: Object: "rear cuirass row 4 bevelled lamellar plate 05", Modifier: "weighted normals", Enable 'Auto Smooth' in Object Data Properties
ERROR (bke.modifier): ./source/blender/blenkernel/intern/modifier.cc:458 BKE_modifier_set_error: Object: "rear cuirass row 4 bevelled lamellar plate 06", Modifier: "weighted normals", Enable 'Auto Smooth' in Object Data Properties
ERROR (bke.modifier): ./source/blender/blenkernel/intern/modifier.cc:458 BKE_modifier_set_error: Object: "rear cuirass row 4 bevelled lamellar plate 07", Modifier: "weighted normals", Enable 'Auto Smooth' in Object Data Properties
ERROR (bke.modifier): ./source/blender/blenkernel/intern/modifier.cc:458 BKE_modifier_set_error: Object: "front cuirass row 5 bevelled lamellar plate 07", Modifier: "weighted normals", Enable 'Auto Smooth' in Object Data Properties
ERROR (bke.modifier): ./source/blender/blenkernel/intern/modifier.cc:458 BKE_modifier_set_error: Object: "rear cuirass row 4 bevelled lamellar plate 08", Modifier: "weighted normals", Enable 'Auto Smooth' in Object Data Properties
ERROR (bke.modifier): ./source/blender/blenkernel/intern/modifier.cc:458 BKE_modifier_set_error: Object: "front cuirass row 5 bevelled lamellar plate 01", Modifier: "weighted normals", Enable 'Auto Smooth' in Object Data Properties
ERROR (bke.modifier): ./source/blender/blenkernel/intern/modifier.cc:458 BKE_modifier_set_error: Object: "front cuirass row 5 bevelled lamellar plate 03", Modifier: "weighted normals", Enable 'Auto Smooth' in Object Data Properties
ERROR (bke.modifier): ./source/blender/blenkernel/intern/modifier.cc:458 BKE_modifier_set_error: Object: "front cuirass row 5 bevelled lamellar plate 02", Modifier: "weighted normals", Enable 'Auto Smooth' in Object Data Properties
ERROR (bke.modifier): ./source/blender/blenkernel/intern/modifier.cc:458 BKE_modifier_set_error: Object: "front cuirass row 5 bevelled lamellar plate 06", Modifier: "weighted normals", Enable 'Auto Smooth' in Object Data Properties
ERROR (bke.modifier): ./source/blender/blenkernel/intern/modifier.cc:458 BKE_modifier_set_error: Object: "front cuirass row 5 bevelled lamellar plate 05", Modifier: "weighted normals", Enable 'Auto Smooth' in Object Data Properties
ERROR (bke.modifier): ./source/blender/blenkernel/intern/modifier.cc:458 BKE_modifier_set_error: Object: "front cuirass row 5 bevelled lamellar plate 04", Modifier: "weighted normals", Enable 'Auto Smooth' in Object Data Properties
ERROR (bke.modifier): ./source/blender/blenkernel/intern/modifier.cc:458 BKE_modifier_set_error: Object: "rear cuirass row 5 bevelled lamellar plate 01", Modifier: "weighted normals", Enable 'Auto Smooth' in Object Data Properties
ERROR (bke.modifier): ./source/blender/blenkernel/intern/modifier.cc:458 BKE_modifier_set_error: Object: "rear cuirass row 5 bevelled lamellar plate 02", Modifier: "weighted normals", Enable 'Auto Smooth' in Object Data Properties
ERROR (bke.modifier): ./source/blender/blenkernel/intern/modifier.cc:458 BKE_modifier_set_error: Object: "front cuirass row 5 bevelled lamellar plate 08", Modifier: "weighted normals", Enable 'Auto Smooth' in Object Data Properties
ERROR (bke.modifier): ./source/blender/blenkernel/intern/modifier.cc:458 BKE_modifier_set_error: Object: "rear cuirass row 5 bevelled lamellar plate 03", Modifier: "weighted normals", Enable 'Auto Smooth' in Object Data Properties
ERROR (bke.modifier): ./source/blender/blenkernel/intern/modifier.cc:458 BKE_modifier_set_error: Object: "rear cuirass row 5 bevelled lamellar plate 08", Modifier: "weighted normals", Enable 'Auto Smooth' in Object Data Properties
ERROR (bke.modifier): ./source/blender/blenkernel/intern/modifier.cc:458 BKE_modifier_set_error: Object: "rear cuirass row 5 bevelled lamellar plate 06", Modifier: "weighted normals", Enable 'Auto Smooth' in Object Data Properties
ERROR (bke.modifier): ./source/blender/blenkernel/intern/modifier.cc:458 BKE_modifier_set_error: Object: "rear cuirass row 5 bevelled lamellar plate 05", Modifier: "weighted normals", Enable 'Auto Smooth' in Object Data Properties
ERROR (bke.modifier): ./source/blender/blenkernel/intern/modifier.cc:458 BKE_modifier_set_error: Object: "rear cuirass row 5 bevelled lamellar plate 07", Modifier: "weighted normals", Enable 'Auto Smooth' in Object Data Properties
ERROR (bke.modifier): ./source/blender/blenkernel/intern/modifier.cc:458 BKE_modifier_set_error: Object: "left shoulder undercloth", Modifier: "weighted normals", Enable 'Auto Smooth' in Object Data Properties
ERROR (bke.modifier): ./source/blender/blenkernel/intern/modifier.cc:458 BKE_modifier_set_error: Object: "left armored upper arm", Modifier: "weighted normals", Enable 'Auto Smooth' in Object Data Properties
ERROR (bke.modifier): ./source/blender/blenkernel/intern/modifier.cc:458 BKE_modifier_set_error: Object: "left sode shoulder armor", Modifier: "weighted normals", Enable 'Auto Smooth' in Object Data Properties
ERROR (bke.modifier): ./source/blender/blenkernel/intern/modifier.cc:458 BKE_modifier_set_error: Object: "rear cuirass row 5 bevelled lamellar plate 04", Modifier: "weighted normals", Enable 'Auto Smooth' in Object Data Properties
ERROR (bke.modifier): ./source/blender/blenkernel/intern/modifier.cc:458 BKE_modifier_set_error: Object: "left kote forearm guard", Modifier: "weighted normals", Enable 'Auto Smooth' in Object Data Properties
ERROR (bke.modifier): ./source/blender/blenkernel/intern/modifier.cc:458 BKE_modifier_set_error: Object: "left leather palm volume", Modifier: "weighted normals", Enable 'Auto Smooth' in Object Data Properties
ERROR (bke.modifier): ./source/blender/blenkernel/intern/modifier.cc:458 BKE_modifier_set_error: Object: "left index fingertip", Modifier: "weighted normals", Enable 'Auto Smooth' in Object Data Properties
ERROR (bke.modifier): ./source/blender/blenkernel/intern/modifier.cc:458 BKE_modifier_set_error: Object: "left middle fingertip", Modifier: "weighted normals", Enable 'Auto Smooth' in Object Data Properties
ERROR (bke.modifier): ./source/blender/blenkernel/intern/modifier.cc:458 BKE_modifier_set_error: Object: "left ring fingertip", Modifier: "weighted normals", Enable 'Auto Smooth' in Object Data Properties
ERROR (bke.modifier): ./source/blender/blenkernel/intern/modifier.cc:458 BKE_modifier_set_error: Object: "left hanging sode shoulder plate 3", Modifier: "weighted normals", Enable 'Auto Smooth' in Object Data Properties
ERROR (bke.modifier): ./source/blender/blenkernel/intern/modifier.cc:458 BKE_modifier_set_error: Object: "left pinky fingertip", Modifier: "weighted normals", Enable 'Auto Smooth' in Object Data Properties
ERROR (bke.modifier): ./source/blender/blenkernel/intern/modifier.cc:458 BKE_modifier_set_error: Object: "right woven waraji sole grounded", Modifier: "weighted normals", Enable 'Auto Smooth' in Object Data Properties
ERROR (bke.modifier): ./source/blender/blenkernel/intern/modifier.cc:458 BKE_modifier_set_error: Object: "left thumb fingertip", Modifier: "weighted normals", Enable 'Auto Smooth' in Object Data Properties
ERROR (bke.modifier): ./source/blender/blenkernel/intern/modifier.cc:458 BKE_modifier_set_error: Object: "right shoulder undercloth", Modifier: "weighted normals", Enable 'Auto Smooth' in Object Data Properties
ERROR (bke.modifier): ./source/blender/blenkernel/intern/modifier.cc:458 BKE_modifier_set_error: Object: "left side cuirass plate 1", Modifier: "weighted normals", Enable 'Auto Smooth' in Object Data Properties
ERROR (bke.modifier): ./source/blender/blenkernel/intern/modifier.cc:458 BKE_modifier_set_error: Object: "right outer toe group", Modifier: "weighted normals", Enable 'Auto Smooth' in Object Data Properties
ERROR (bke.modifier): ./source/blender/blenkernel/intern/modifier.cc:458 BKE_modifier_set_error: Object: "left side cuirass plate 3", Modifier: "weighted normals", Enable 'Auto Smooth' in Object Data Properties
ERROR (bke.modifier): ./source/blender/blenkernel/intern/modifier.cc:458 BKE_modifier_set_error: Object: "right side cuirass plate 1", Modifier: "weighted normals", Enable 'Auto Smooth' in Object Data Properties
ERROR (bke.modifier): ./source/blender/blenkernel/intern/modifier.cc:458 BKE_modifier_set_error: Object: "right side cuirass plate 3", Modifier: "weighted normals", Enable 'Auto Smooth' in Object Data Properties
ERROR (bke.modifier): ./source/blender/blenkernel/intern/modifier.cc:458 BKE_modifier_set_error: Object: "right kote forearm guard", Modifier: "weighted normals", Enable 'Auto Smooth' in Object Data Properties
ERROR (bke.modifier): ./source/blender/blenkernel/intern/modifier.cc:458 BKE_modifier_set_error: Object: "right armored upper arm", Modifier: "weighted normals", Enable 'Auto Smooth' in Object Data Properties
ERROR (bke.modifier): ./source/blender/blenkernel/intern/modifier.cc:458 BKE_modifier_set_error: Object: "left side cuirass plate 2", Modifier: "weighted normals", Enable 'Auto Smooth' in Object Data Properties
ERROR (bke.modifier): ./source/blender/blenkernel/intern/modifier.cc:458 BKE_modifier_set_error: Object: "right side cuirass plate 2", Modifier: "weighted normals", Enable 'Auto Smooth' in Object Data Properties
ERROR (bke.modifier): ./source/blender/blenkernel/intern/modifier.cc:458 BKE_modifier_set_error: Object: "right sode shoulder armor", Modifier: "weighted normals", Enable 'Auto Smooth' in Object Data Properties
ERROR (bke.modifier): ./source/blender/blenkernel/intern/modifier.cc:458 BKE_modifier_set_error: Object: "right separated big toe", Modifier: "weighted normals", Enable 'Auto Smooth' in Object Data Properties
ERROR (bke.modifier): ./source/blender/blenkernel/intern/modifier.cc:458 BKE_modifier_set_error: Object: "right leather palm volume", Modifier: "weighted normals", Enable 'Auto Smooth' in Object Data Properties
ERROR (bke.modifier): ./source/blender/blenkernel/intern/modifier.cc:458 BKE_modifier_set_error: Object: "left hanging sode shoulder plate 1", Modifier: "weighted normals", Enable 'Auto Smooth' in Object Data Properties
ERROR (bke.modifier): ./source/blender/blenkernel/intern/modifier.cc:458 BKE_modifier_set_error: Object: "right middle fingertip", Modifier: "weighted normals", Enable 'Auto Smooth' in Object Data Properties
ERROR (bke.modifier): ./source/blender/blenkernel/intern/modifier.cc:458 BKE_modifier_set_error: Object: "right index fingertip", Modifier: "weighted normals", Enable 'Auto Smooth' in Object Data Properties
ERROR (bke.modifier): ./source/blender/blenkernel/intern/modifier.cc:458 BKE_modifier_set_error: Object: "right pinky fingertip", Modifier: "weighted normals", Enable 'Auto Smooth' in Object Data Properties
ERROR (bke.modifier): ./source/blender/blenkernel/intern/modifier.cc:458 BKE_modifier_set_error: Object: "left hanging sode shoulder plate 4", Modifier: "weighted normals", Enable 'Auto Smooth' in Object Data Properties
ERROR (bke.modifier): ./source/blender/blenkernel/intern/modifier.cc:458 BKE_modifier_set_error: Object: "right ring fingertip", Modifier: "weighted normals", Enable 'Auto Smooth' in Object Data Properties
ERROR (bke.modifier): ./source/blender/blenkernel/intern/modifier.cc:458 BKE_modifier_set_error: Object: "left hanging sode shoulder plate 2", Modifier: "weighted normals", Enable 'Auto Smooth' in Object Data Properties
ERROR (bke.modifier): ./source/blender/blenkernel/intern/modifier.cc:458 BKE_modifier_set_error: Object: "right split-toe tabi foot volume", Modifier: "weighted normals", Enable 'Auto Smooth' in Object Data Properties
ERROR (bke.modifier): ./source/blender/blenkernel/intern/modifier.cc:458 BKE_modifier_set_error: Object: "right thumb fingertip", Modifier: "weighted normals", Enable 'Auto Smooth' in Object Data Properties
ERROR (bke.modifier): ./source/blender/blenkernel/intern/modifier.cc:458 BKE_modifier_set_error: Object: "right shin greave", Modifier: "weighted normals", Enable 'Auto Smooth' in Object Data Properties
ERROR (bke.modifier): ./source/blender/blenkernel/intern/modifier.cc:458 BKE_modifier_set_error: Object: "right hakama trouser leg", Modifier: "weighted normals", Enable 'Auto Smooth' in Object Data Properties
ERROR (bke.modifier): ./source/blender/blenkernel/intern/modifier.cc:458 BKE_modifier_set_error: Object: "rear kusazuri skirt plate -1 row 1", Modifier: "weighted normals", Enable 'Auto Smooth' in Object Data Properties
ERROR (bke.modifier): ./source/blender/blenkernel/intern/modifier.cc:458 BKE_modifier_set_error: Object: "right hanging sode shoulder plate 3", Modifier: "weighted normals", Enable 'Auto Smooth' in Object Data Properties
ERROR (bke.modifier): ./source/blender/blenkernel/intern/modifier.cc:458 BKE_modifier_set_error: Object: "right hanging sode shoulder plate 2", Modifier: "weighted normals", Enable 'Auto Smooth' in Object Data Properties
ERROR (bke.modifier): ./source/blender/blenkernel/intern/modifier.cc:458 BKE_modifier_set_error: Object: "right hanging sode shoulder plate 1", Modifier: "weighted normals", Enable 'Auto Smooth' in Object Data Properties
ERROR (bke.modifier): ./source/blender/blenkernel/intern/modifier.cc:458 BKE_modifier_set_error: Object: "right hanging sode shoulder plate 4", Modifier: "weighted normals", Enable 'Auto Smooth' in Object Data Properties
ERROR (bke.modifier): ./source/blender/blenkernel/intern/modifier.cc:458 BKE_modifier_set_error: Object: "kusazuri skirt plate -1 row 1", Modifier: "weighted normals", Enable 'Auto Smooth' in Object Data Properties
ERROR (bke.modifier): ./source/blender/blenkernel/intern/modifier.cc:458 BKE_modifier_set_error: Object: "kusazuri skirt plate -1 row 2", Modifier: "weighted normals", Enable 'Auto Smooth' in Object Data Properties
ERROR (bke.modifier): ./source/blender/blenkernel/intern/modifier.cc:458 BKE_modifier_set_error: Object: "rear kusazuri skirt plate -1 row 2", Modifier: "weighted normals", Enable 'Auto Smooth' in Object Data Properties
ERROR (bke.modifier): ./source/blender/blenkernel/intern/modifier.cc:458 BKE_modifier_set_error: Object: "rear kusazuri skirt plate +0 row 1", Modifier: "weighted normals", Enable 'Auto Smooth' in Object Data Properties
ERROR (bke.modifier): ./source/blender/blenkernel/intern/modifier.cc:458 BKE_modifier_set_error: Object: "rear kusazuri skirt plate +0 row 2", Modifier: "weighted normals", Enable 'Auto Smooth' in Object Data Properties
ERROR (bke.modifier): ./source/blender/blenkernel/intern/modifier.cc:458 BKE_modifier_set_error: Object: "kusazuri skirt plate +0 row 2", Modifier: "weighted normals", Enable 'Auto Smooth' in Object Data Properties
ERROR (bke.modifier): ./source/blender/blenkernel/intern/modifier.cc:458 BKE_modifier_set_error: Object: "kusazuri skirt plate +0 row 3", Modifier: "weighted normals", Enable 'Auto Smooth' in Object Data Properties
ERROR (bke.modifier): ./source/blender/blenkernel/intern/modifier.cc:458 BKE_modifier_set_error: Object: "rear kusazuri skirt plate -1 row 3", Modifier: "weighted normals", Enable 'Auto Smooth' in Object Data Properties
ERROR (bke.modifier): ./source/blender/blenkernel/intern/modifier.cc:458 BKE_modifier_set_error: Object: "kusazuri skirt plate +0 row 1", Modifier: "weighted normals", Enable 'Auto Smooth' in Object Data Properties
ERROR (bke.modifier): ./source/blender/blenkernel/intern/modifier.cc:458 BKE_modifier_set_error: Object: "kusazuri skirt plate +1 row 2", Modifier: "weighted normals", Enable 'Auto Smooth' in Object Data Properties
ERROR (bke.modifier): ./source/blender/blenkernel/intern/modifier.cc:458 BKE_modifier_set_error: Object: "rear kusazuri skirt plate +0 row 3", Modifier: "weighted normals", Enable 'Auto Smooth' in Object Data Properties
ERROR (bke.modifier): ./source/blender/blenkernel/intern/modifier.cc:458 BKE_modifier_set_error: Object: "kusazuri skirt plate -1 row 3", Modifier: "weighted normals", Enable 'Auto Smooth' in Object Data Properties
ERROR (bke.modifier): ./source/blender/blenkernel/intern/modifier.cc:458 BKE_modifier_set_error: Object: "left hakama trouser leg", Modifier: "weighted normals", Enable 'Auto Smooth' in Object Data Properties
ERROR (bke.modifier): ./source/blender/blenkernel/intern/modifier.cc:458 BKE_modifier_set_error: Object: "left shin greave", Modifier: "weighted normals", Enable 'Auto Smooth' in Object Data Properties
ERROR (bke.modifier): ./source/blender/blenkernel/intern/modifier.cc:458 BKE_modifier_set_error: Object: "kusazuri skirt plate +1 row 3", Modifier: "weighted normals", Enable 'Auto Smooth' in Object Data Properties
ERROR (bke.modifier): ./source/blender/blenkernel/intern/modifier.cc:458 BKE_modifier_set_error: Object: "left split-toe tabi foot volume", Modifier: "weighted normals", Enable 'Auto Smooth' in Object Data Properties
ERROR (bke.modifier): ./source/blender/blenkernel/intern/modifier.cc:458 BKE_modifier_set_error: Object: "left outer toe group", Modifier: "weighted normals", Enable 'Auto Smooth' in Object Data Properties
ERROR (bke.modifier): ./source/blender/blenkernel/intern/modifier.cc:458 BKE_modifier_set_error: Object: "left separated big toe", Modifier: "weighted normals", Enable 'Auto Smooth' in Object Data Properties
ERROR (bke.modifier): ./source/blender/blenkernel/intern/modifier.cc:458 BKE_modifier_set_error: Object: "left woven waraji sole grounded", Modifier: "weighted normals", Enable 'Auto Smooth' in Object Data Properties
ERROR (bke.modifier): ./source/blender/blenkernel/intern/modifier.cc:458 BKE_modifier_set_error: Object: "kusazuri skirt plate +1 row 1", Modifier: "weighted normals", Enable 'Auto Smooth' in Object Data Properties
ERROR (bke.modifier): ./source/blender/blenkernel/intern/modifier.cc:458 BKE_modifier_set_error: Object: "rear kusazuri skirt plate +1 row 3", Modifier: "weighted normals", Enable 'Auto Smooth' in Object Data Properties
ERROR (bke.modifier): ./source/blender/blenkernel/intern/modifier.cc:458 BKE_modifier_set_error: Object: "rear kusazuri skirt plate +1 row 2", Modifier: "weighted normals", Enable 'Auto Smooth' in Object Data Properties
ERROR (bke.modifier): ./source/blender/blenkernel/intern/modifier.cc:458 BKE_modifier_set_error: Object: "rear kusazuri skirt plate +1 row 1", Modifier: "weighted normals", Enable 'Auto Smooth' in Object Data Properties
ERROR (bke.modifier): ./source/blender/blenkernel/intern/modifier.cc:458 BKE_modifier_set_error: Object: "left hanging hakama outer cloth", Modifier: "weighted normals", Enable 'Auto Smooth' in Object Data Properties
ERROR (bke.modifier): ./source/blender/blenkernel/intern/modifier.cc:458 BKE_modifier_set_error: Object: "right hanging hakama outer cloth", Modifier: "weighted normals", Enable 'Auto Smooth' in Object Data Properties
ERROR (bke.modifier): ./source/blender/blenkernel/intern/modifier.cc:458 BKE_modifier_set_error: Object: "left side hakama fold", Modifier: "weighted normals", Enable 'Auto Smooth' in Object Data Properties
ERROR (bke.modifier): ./source/blender/blenkernel/intern/modifier.cc:458 BKE_modifier_set_error: Object: "right side hakama fold", Modifier: "weighted normals", Enable 'Auto Smooth' in Object Data Properties
Fra:1 Mem:48.61M (Peak 48.63M) | Time:00:00.05 | Syncing matte charcoal inspection plinth
Fra:1 Mem:48.62M (Peak 48.67M) | Time:00:00.05 | Syncing ribcage under-kimono volume
Fra:1 Mem:48.71M (Peak 48.71M) | Time:00:00.05 | Syncing narrow waist under-kimono volume
Fra:1 Mem:48.78M (Peak 48.78M) | Time:00:00.05 | Syncing visible human forehead behind mem
Fra:1 Mem:48.87M (Peak 48.87M) | Time:00:00.05 | Syncing thin exposed neck
Fra:1 Mem:48.88M (Peak 48.89M) | Time:00:00.05 | Syncing neck guard collar
Fra:1 Mem:48.90M (Peak 48.94M) | Time:00:00.05 | Syncing segmented kabuto helmet bowl
Fra:1 Mem:49.06M (Peak 49.07M) | Time:00:00.06 | Syncing wide kabuto brim
Fra:1 Mem:49.09M (Peak 49.09M) | Time:00:00.06 | Syncing layered rear shikoro neck guard
Fra:1 Mem:49.11M (Peak 49.11M) | Time:00:00.06 | Syncing left side helmet flange
Fra:1 Mem:49.12M (Peak 49.12M) | Time:00:00.06 | Syncing right side helmet flange
Fra:1 Mem:49.13M (Peak 49.13M) | Time:00:00.06 | Syncing golden maedate crescent crest
Fra:1 Mem:49.15M (Peak 49.20M) | Time:00:00.06 | Syncing crest central rivet
Fra:1 Mem:49.16M (Peak 49.20M) | Time:00:00.06 | Syncing left angular mempo cheek plate
Fra:1 Mem:49.18M (Peak 49.22M) | Time:00:00.06 | Syncing right angular mempo cheek plate
Fra:1 Mem:49.20M (Peak 49.22M) | Time:00:00.06 | Syncing mempo chin guard
Fra:1 Mem:49.22M (Peak 49.22M) | Time:00:00.06 | Syncing mempo nose ridge
Fra:1 Mem:49.23M (Peak 49.23M) | Time:00:00.06 | Syncing left narrow eye slit
Fra:1 Mem:49.25M (Peak 49.25M) | Time:00:00.06 | Syncing right narrow eye slit
Fra:1 Mem:49.26M (Peak 49.26M) | Time:00:00.06 | Syncing mempo grim mouth slit
Fra:1 Mem:49.27M (Peak 49.27M) | Time:00:00.06 | Syncing left mask moustache bristle
Fra:1 Mem:49.28M (Peak 49.28M) | Time:00:00.06 | Syncing right mask moustache bristle
Fra:1 Mem:49.29M (Peak 49.29M) | Time:00:00.06 | Syncing throat guard row 1 bevelled lamel
Fra:1 Mem:49.31M (Peak 49.31M) | Time:00:00.06 | Syncing throat guard row 1 bevelled lamel
Fra:1 Mem:49.33M (Peak 49.33M) | Time:00:00.06 | Syncing throat guard row 1 bevelled lamel
Fra:1 Mem:49.34M (Peak 49.34M) | Time:00:00.06 | Syncing throat guard row 1 bevelled lamel
Fra:1 Mem:49.36M (Peak 49.36M) | Time:00:00.06 | Syncing throat guard row 1 bevelled lamel
Fra:1 Mem:49.38M (Peak 49.38M) | Time:00:00.06 | Syncing throat guard row 2 bevelled lamel
Fra:1 Mem:49.40M (Peak 49.40M) | Time:00:00.06 | Syncing throat guard row 2 bevelled lamel
Fra:1 Mem:49.42M (Peak 49.42M) | Time:00:00.06 | Syncing throat guard row 2 bevelled lamel
Fra:1 Mem:49.44M (Peak 49.44M) | Time:00:00.06 | Syncing throat guard row 2 bevelled lamel
Fra:1 Mem:49.46M (Peak 49.46M) | Time:00:00.06 | Syncing throat guard row 2 bevelled lamel
Fra:1 Mem:49.48M (Peak 49.48M) | Time:00:00.06 | Syncing throat guard row 3 bevelled lamel
Fra:1 Mem:49.50M (Peak 49.50M) | Time:00:00.06 | Syncing throat guard row 3 bevelled lamel
Fra:1 Mem:49.52M (Peak 49.52M) | Time:00:00.06 | Syncing throat guard row 3 bevelled lamel
Fra:1 Mem:49.54M (Peak 49.54M) | Time:00:00.06 | Syncing throat guard row 3 bevelled lamel
Fra:1 Mem:49.56M (Peak 49.56M) | Time:00:00.06 | Syncing throat guard row 3 bevelled lamel
Fra:1 Mem:49.58M (Peak 49.58M) | Time:00:00.06 | Syncing front under-kimono chest panel
Fra:1 Mem:49.60M (Peak 49.60M) | Time:00:00.06 | Syncing rear under-kimono back panel
Fra:1 Mem:49.63M (Peak 49.63M) | Time:00:00.06 | Syncing upper do cuirass fitted shell
Fra:1 Mem:49.73M (Peak 49.73M) | Time:00:00.06 | Syncing lower do cuirass narrowed shell
Fra:1 Mem:49.81M (Peak 49.81M) | Time:00:00.06 | Syncing front cuirass row 1 bevelled lame
Fra:1 Mem:49.83M (Peak 49.83M) | Time:00:00.06 | Syncing front cuirass row 1 bevelled lame
Fra:1 Mem:49.85M (Peak 49.85M) | Time:00:00.06 | Syncing front cuirass row 1 bevelled lame
Fra:1 Mem:49.87M (Peak 49.87M) | Time:00:00.06 | Syncing front cuirass row 1 bevelled lame
Fra:1 Mem:49.89M (Peak 49.89M) | Time:00:00.06 | Syncing front cuirass row 1 bevelled lame
Fra:1 Mem:49.91M (Peak 49.91M) | Time:00:00.06 | Syncing front cuirass row 1 bevelled lame
Fra:1 Mem:49.93M (Peak 49.93M) | Time:00:00.06 | Syncing front cuirass row 1 bevelled lame
Fra:1 Mem:49.95M (Peak 49.95M) | Time:00:00.06 | Syncing front cuirass row 1 bevelled lame
Fra:1 Mem:49.97M (Peak 49.97M) | Time:00:00.06 | Syncing rear cuirass row 1 bevelled lamel
Fra:1 Mem:49.99M (Peak 49.99M) | Time:00:00.06 | Syncing rear cuirass row 1 bevelled lamel
Fra:1 Mem:50.01M (Peak 50.01M) | Time:00:00.06 | Syncing rear cuirass row 1 bevelled lamel
Fra:1 Mem:50.03M (Peak 50.03M) | Time:00:00.06 | Syncing rear cuirass row 1 bevelled lamel
Fra:1 Mem:50.05M (Peak 50.05M) | Time:00:00.06 | Syncing rear cuirass row 1 bevelled lamel
Fra:1 Mem:50.07M (Peak 50.07M) | Time:00:00.06 | Syncing rear cuirass row 1 bevelled lamel
Fra:1 Mem:50.08M (Peak 50.08M) | Time:00:00.06 | Syncing rear cuirass row 1 bevelled lamel
Fra:1 Mem:50.10M (Peak 50.10M) | Time:00:00.06 | Syncing rear cuirass row 1 bevelled lamel
Fra:1 Mem:50.12M (Peak 50.12M) | Time:00:00.06 | Syncing front cuirass row 2 bevelled lame
Fra:1 Mem:50.14M (Peak 50.14M) | Time:00:00.06 | Syncing front cuirass row 2 bevelled lame
Fra:1 Mem:50.16M (Peak 50.16M) | Time:00:00.06 | Syncing front cuirass row 2 bevelled lame
Fra:1 Mem:50.18M (Peak 50.18M) | Time:00:00.06 | Syncing front cuirass row 2 bevelled lame
Fra:1 Mem:50.20M (Peak 50.20M) | Time:00:00.06 | Syncing front cuirass row 2 bevelled lame
Fra:1 Mem:50.22M (Peak 50.22M) | Time:00:00.06 | Syncing front cuirass row 2 bevelled lame
Fra:1 Mem:50.24M (Peak 50.24M) | Time:00:00.06 | Syncing front cuirass row 2 bevelled lame
Fra:1 Mem:50.26M (Peak 50.26M) | Time:00:00.06 | Syncing front cuirass row 2 bevelled lame
Fra:1 Mem:50.28M (Peak 50.28M) | Time:00:00.06 | Syncing rear cuirass row 2 bevelled lamel
Fra:1 Mem:50.30M (Peak 50.30M) | Time:00:00.06 | Syncing rear cuirass row 2 bevelled lamel
Fra:1 Mem:50.32M (Peak 50.32M) | Time:00:00.06 | Syncing rear cuirass row 2 bevelled lamel
Fra:1 Mem:50.34M (Peak 50.34M) | Time:00:00.06 | Syncing rear cuirass row 2 bevelled lamel
Fra:1 Mem:50.36M (Peak 50.36M) | Time:00:00.06 | Syncing rear cuirass row 2 bevelled lamel
Fra:1 Mem:50.38M (Peak 50.38M) | Time:00:00.06 | Syncing rear cuirass row 2 bevelled lamel
Fra:1 Mem:50.40M (Peak 50.40M) | Time:00:00.06 | Syncing rear cuirass row 2 bevelled lamel
Fra:1 Mem:50.41M (Peak 50.41M) | Time:00:00.06 | Syncing rear cuirass row 2 bevelled lamel
Fra:1 Mem:50.43M (Peak 50.43M) | Time:00:00.06 | Syncing front cuirass row 3 bevelled lame
Fra:1 Mem:50.45M (Peak 50.45M) | Time:00:00.06 | Syncing front cuirass row 3 bevelled lame
Fra:1 Mem:50.47M (Peak 50.47M) | Time:00:00.06 | Syncing front cuirass row 3 bevelled lame
Fra:1 Mem:50.49M (Peak 50.49M) | Time:00:00.06 | Syncing front cuirass row 3 bevelled lame
Fra:1 Mem:50.51M (Peak 50.51M) | Time:00:00.06 | Syncing front cuirass row 3 bevelled lame
Fra:1 Mem:50.53M (Peak 50.53M) | Time:00:00.06 | Syncing front cuirass row 3 bevelled lame
Fra:1 Mem:50.55M (Peak 50.55M) | Time:00:00.06 | Syncing front cuirass row 3 bevelled lame
Fra:1 Mem:50.57M (Peak 50.57M) | Time:00:00.06 | Syncing front cuirass row 3 bevelled lame
Fra:1 Mem:50.59M (Peak 50.59M) | Time:00:00.06 | Syncing rear cuirass row 3 bevelled lamel
Fra:1 Mem:50.61M (Peak 50.61M) | Time:00:00.06 | Syncing rear cuirass row 3 bevelled lamel
Fra:1 Mem:50.63M (Peak 50.63M) | Time:00:00.06 | Syncing rear cuirass row 3 bevelled lamel
Fra:1 Mem:50.65M (Peak 50.65M) | Time:00:00.06 | Syncing rear cuirass row 3 bevelled lamel
Fra:1 Mem:50.67M (Peak 50.67M) | Time:00:00.06 | Syncing rear cuirass row 3 bevelled lamel
Fra:1 Mem:50.68M (Peak 50.68M) | Time:00:00.06 | Syncing rear cuirass row 3 bevelled lamel
Fra:1 Mem:50.70M (Peak 50.70M) | Time:00:00.06 | Syncing rear cuirass row 3 bevelled lamel
Fra:1 Mem:50.72M (Peak 50.72M) | Time:00:00.06 | Syncing rear cuirass row 3 bevelled lamel
Fra:1 Mem:50.74M (Peak 50.74M) | Time:00:00.06 | Syncing front cuirass row 4 bevelled lame
Fra:1 Mem:50.76M (Peak 50.76M) | Time:00:00.06 | Syncing front cuirass row 4 bevelled lame
Fra:1 Mem:50.78M (Peak 50.78M) | Time:00:00.06 | Syncing front cuirass row 4 bevelled lame
Fra:1 Mem:50.80M (Peak 50.80M) | Time:00:00.06 | Syncing front cuirass row 4 bevelled lame
Fra:1 Mem:50.82M (Peak 50.82M) | Time:00:00.06 | Syncing front cuirass row 4 bevelled lame
Fra:1 Mem:50.84M (Peak 50.84M) | Time:00:00.06 | Syncing front cuirass row 4 bevelled lame
Fra:1 Mem:50.86M (Peak 50.86M) | Time:00:00.06 | Syncing front cuirass row 4 bevelled lame
Fra:1 Mem:50.88M (Peak 50.88M) | Time:00:00.06 | Syncing front cuirass row 4 bevelled lame
Fra:1 Mem:50.90M (Peak 50.90M) | Time:00:00.06 | Syncing rear cuirass row 4 bevelled lamel
Fra:1 Mem:50.92M (Peak 50.92M) | Time:00:00.06 | Syncing rear cuirass row 4 bevelled lamel
Fra:1 Mem:50.94M (Peak 50.94M) | Time:00:00.06 | Syncing rear cuirass row 4 bevelled lamel
Fra:1 Mem:50.95M (Peak 50.95M) | Time:00:00.06 | Syncing rear cuirass row 4 bevelled lamel
Fra:1 Mem:50.97M (Peak 50.97M) | Time:00:00.06 | Syncing rear cuirass row 4 bevelled lamel
Fra:1 Mem:50.99M (Peak 50.99M) | Time:00:00.06 | Syncing rear cuirass row 4 bevelled lamel
Fra:1 Mem:51.01M (Peak 51.01M) | Time:00:00.06 | Syncing rear cuirass row 4 bevelled lamel
Fra:1 Mem:51.03M (Peak 51.03M) | Time:00:00.06 | Syncing rear cuirass row 4 bevelled lamel
Fra:1 Mem:51.05M (Peak 51.05M) | Time:00:00.06 | Syncing front cuirass row 5 bevelled lame
Fra:1 Mem:51.07M (Peak 51.07M) | Time:00:00.06 | Syncing front cuirass row 5 bevelled lame
Fra:1 Mem:51.09M (Peak 51.09M) | Time:00:00.06 | Syncing front cuirass row 5 bevelled lame
Fra:1 Mem:51.11M (Peak 51.11M) | Time:00:00.06 | Syncing front cuirass row 5 bevelled lame
Fra:1 Mem:51.13M (Peak 51.13M) | Time:00:00.06 | Syncing front cuirass row 5 bevelled lame
Fra:1 Mem:51.15M (Peak 51.15M) | Time:00:00.06 | Syncing front cuirass row 5 bevelled lame
Fra:1 Mem:51.17M (Peak 51.17M) | Time:00:00.06 | Syncing front cuirass row 5 bevelled lame
Fra:1 Mem:51.19M (Peak 51.19M) | Time:00:00.06 | Syncing front cuirass row 5 bevelled lame
Fra:1 Mem:51.21M (Peak 51.21M) | Time:00:00.06 | Syncing rear cuirass row 5 bevelled lamel
Fra:1 Mem:51.23M (Peak 51.23M) | Time:00:00.06 | Syncing rear cuirass row 5 bevelled lamel
Fra:1 Mem:51.24M (Peak 51.24M) | Time:00:00.06 | Syncing rear cuirass row 5 bevelled lamel
Fra:1 Mem:51.26M (Peak 51.26M) | Time:00:00.06 | Syncing rear cuirass row 5 bevelled lamel
Fra:1 Mem:51.28M (Peak 51.28M) | Time:00:00.06 | Syncing rear cuirass row 5 bevelled lamel
Fra:1 Mem:51.30M (Peak 51.30M) | Time:00:00.06 | Syncing rear cuirass row 5 bevelled lamel
Fra:1 Mem:51.32M (Peak 51.32M) | Time:00:00.06 | Syncing rear cuirass row 5 bevelled lamel
Fra:1 Mem:51.34M (Peak 51.34M) | Time:00:00.06 | Syncing rear cuirass row 5 bevelled lamel
Fra:1 Mem:51.36M (Peak 51.36M) | Time:00:00.06 | Syncing front cuirass vertical odoshi lac
Fra:1 Mem:51.36M (Peak 51.42M) | Time:00:00.06 | Syncing front cuirass vertical odoshi lac
Fra:1 Mem:51.37M (Peak 51.42M) | Time:00:00.06 | Syncing front cuirass vertical odoshi lac
Fra:1 Mem:51.37M (Peak 51.42M) | Time:00:00.06 | Syncing front cuirass vertical odoshi lac
Fra:1 Mem:51.38M (Peak 51.42M) | Time:00:00.06 | Syncing front cuirass vertical odoshi lac
Fra:1 Mem:51.39M (Peak 51.42M) | Time:00:00.06 | Syncing front cuirass vertical odoshi lac
Fra:1 Mem:51.39M (Peak 51.42M) | Time:00:00.06 | Syncing rear cuirass vertical odoshi lace
Fra:1 Mem:51.40M (Peak 51.42M) | Time:00:00.06 | Syncing rear cuirass vertical odoshi lace
Fra:1 Mem:51.41M (Peak 51.42M) | Time:00:00.06 | Syncing rear cuirass vertical odoshi lace
Fra:1 Mem:51.41M (Peak 51.42M) | Time:00:00.06 | Syncing rear cuirass vertical odoshi lace
Fra:1 Mem:51.42M (Peak 51.42M) | Time:00:00.06 | Syncing rear cuirass vertical odoshi lace
Fra:1 Mem:51.43M (Peak 51.43M) | Time:00:00.06 | Syncing left side cuirass plate 1
Fra:1 Mem:51.44M (Peak 51.44M) | Time:00:00.06 | Syncing left side cuirass plate 2
Fra:1 Mem:51.45M (Peak 51.45M) | Time:00:00.06 | Syncing left side cuirass plate 3
Fra:1 Mem:51.47M (Peak 51.47M) | Time:00:00.06 | Syncing right side cuirass plate 1
Fra:1 Mem:51.48M (Peak 51.48M) | Time:00:00.06 | Syncing right side cuirass plate 2
Fra:1 Mem:51.50M (Peak 51.50M) | Time:00:00.06 | Syncing right side cuirass plate 3
Fra:1 Mem:51.51M (Peak 51.51M) | Time:00:00.06 | Syncing left shoulder undercloth
Fra:1 Mem:51.57M (Peak 51.57M) | Time:00:00.06 | Syncing left hanging sode shoulder plate 
Fra:1 Mem:51.58M (Peak 51.58M) | Time:00:00.06 | Syncing left hanging sode shoulder plate 
Fra:1 Mem:51.60M (Peak 51.60M) | Time:00:00.06 | Syncing left hanging sode shoulder plate 
Fra:1 Mem:51.62M (Peak 51.62M) | Time:00:00.06 | Syncing left hanging sode shoulder plate 
Fra:1 Mem:51.64M (Peak 51.64M) | Time:00:00.06 | Syncing left armored upper arm
Fra:1 Mem:51.70M (Peak 51.70M) | Time:00:00.06 | Syncing left sode shoulder armor
Fra:1 Mem:51.74M (Peak 51.74M) | Time:00:00.06 | Syncing left kote forearm guard
Fra:1 Mem:51.80M (Peak 51.80M) | Time:00:00.06 | Syncing left leather palm volume
Fra:1 Mem:51.83M (Peak 51.85M) | Time:00:00.06 | Syncing left articulated index finger
Fra:1 Mem:51.84M (Peak 51.85M) | Time:00:00.06 | Syncing left index fingertip
Fra:1 Mem:51.86M (Peak 51.86M) | Time:00:00.06 | Syncing left articulated middle finger
Fra:1 Mem:51.87M (Peak 51.87M) | Time:00:00.06 | Syncing left middle fingertip
Fra:1 Mem:51.88M (Peak 51.88M) | Time:00:00.06 | Syncing left articulated ring finger
Fra:1 Mem:51.89M (Peak 51.89M) | Time:00:00.06 | Syncing left ring fingertip
Fra:1 Mem:51.93M (Peak 51.93M) | Time:00:00.07 | Syncing left articulated pinky finger
Fra:1 Mem:51.94M (Peak 51.94M) | Time:00:00.07 | Syncing left pinky fingertip
Fra:1 Mem:51.95M (Peak 51.95M) | Time:00:00.07 | Syncing left opposed thumb
Fra:1 Mem:51.96M (Peak 51.96M) | Time:00:00.07 | Syncing left thumb fingertip
Fra:1 Mem:51.97M (Peak 51.97M) | Time:00:00.07 | Syncing right shoulder undercloth
Fra:1 Mem:52.03M (Peak 52.03M) | Time:00:00.07 | Syncing right hanging sode shoulder plate
Fra:1 Mem:52.05M (Peak 52.05M) | Time:00:00.07 | Syncing right hanging sode shoulder plate
Fra:1 Mem:52.07M (Peak 52.07M) | Time:00:00.07 | Syncing right hanging sode shoulder plate
Fra:1 Mem:52.09M (Peak 52.09M) | Time:00:00.07 | Syncing right hanging sode shoulder plate
Fra:1 Mem:52.11M (Peak 52.11M) | Time:00:00.07 | Syncing right armored upper arm
Fra:1 Mem:52.16M (Peak 52.16M) | Time:00:00.07 | Syncing right sode shoulder armor
Fra:1 Mem:52.20M (Peak 52.20M) | Time:00:00.07 | Syncing right kote forearm guard
Fra:1 Mem:52.26M (Peak 52.26M) | Time:00:00.07 | Syncing right leather palm volume
Fra:1 Mem:52.30M (Peak 52.30M) | Time:00:00.07 | Syncing right articulated index finger
Fra:1 Mem:52.31M (Peak 52.31M) | Time:00:00.07 | Syncing right index fingertip
Fra:1 Mem:52.32M (Peak 52.32M) | Time:00:00.07 | Syncing right articulated middle finger
Fra:1 Mem:52.33M (Peak 52.33M) | Time:00:00.07 | Syncing right middle fingertip
Fra:1 Mem:52.34M (Peak 52.34M) | Time:00:00.07 | Syncing right articulated ring finger
Fra:1 Mem:52.35M (Peak 52.35M) | Time:00:00.07 | Syncing right ring fingertip
Fra:1 Mem:52.36M (Peak 52.36M) | Time:00:00.07 | Syncing right articulated pinky finger
Fra:1 Mem:52.37M (Peak 52.37M) | Time:00:00.07 | Syncing right pinky fingertip
Fra:1 Mem:52.38M (Peak 52.38M) | Time:00:00.07 | Syncing right opposed thumb
Fra:1 Mem:52.39M (Peak 52.39M) | Time:00:00.07 | Syncing right thumb fingertip
Fra:1 Mem:52.41M (Peak 52.41M) | Time:00:00.07 | Syncing kusazuri skirt plate -1 row 1
Fra:1 Mem:52.42M (Peak 52.42M) | Time:00:00.07 | Syncing rear kusazuri skirt plate -1 row 
Fra:1 Mem:52.43M (Peak 52.43M) | Time:00:00.07 | Syncing kusazuri skirt plate -1 row 2
Fra:1 Mem:52.45M (Peak 52.45M) | Time:00:00.07 | Syncing rear kusazuri skirt plate -1 row 
Fra:1 Mem:52.46M (Peak 52.46M) | Time:00:00.07 | Syncing kusazuri skirt plate -1 row 3
Fra:1 Mem:52.48M (Peak 52.48M) | Time:00:00.07 | Syncing rear kusazuri skirt plate -1 row 
Fra:1 Mem:52.49M (Peak 52.49M) | Time:00:00.07 | Syncing kusazuri skirt plate +0 row 1
Fra:1 Mem:52.50M (Peak 52.50M) | Time:00:00.07 | Syncing rear kusazuri skirt plate +0 row 
Fra:1 Mem:52.52M (Peak 52.52M) | Time:00:00.07 | Syncing kusazuri skirt plate +0 row 2
Fra:1 Mem:52.53M (Peak 52.53M) | Time:00:00.07 | Syncing rear kusazuri skirt plate +0 row 
Fra:1 Mem:52.54M (Peak 52.54M) | Time:00:00.07 | Syncing kusazuri skirt plate +0 row 3
Fra:1 Mem:52.56M (Peak 52.56M) | Time:00:00.07 | Syncing rear kusazuri skirt plate +0 row 
Fra:1 Mem:52.57M (Peak 52.57M) | Time:00:00.07 | Syncing kusazuri skirt plate +1 row 1
Fra:1 Mem:52.59M (Peak 52.59M) | Time:00:00.07 | Syncing rear kusazuri skirt plate +1 row 
Fra:1 Mem:52.60M (Peak 52.60M) | Time:00:00.07 | Syncing kusazuri skirt plate +1 row 2
Fra:1 Mem:52.61M (Peak 52.61M) | Time:00:00.07 | Syncing rear kusazuri skirt plate +1 row 
Fra:1 Mem:52.63M (Peak 52.63M) | Time:00:00.07 | Syncing kusazuri skirt plate +1 row 3
Fra:1 Mem:52.64M (Peak 52.64M) | Time:00:00.07 | Syncing rear kusazuri skirt plate +1 row 
Fra:1 Mem:52.66M (Peak 52.66M) | Time:00:00.07 | Syncing left hanging hakama outer cloth
Fra:1 Mem:52.68M (Peak 52.68M) | Time:00:00.07 | Syncing left side hakama fold
Fra:1 Mem:52.71M (Peak 52.71M) | Time:00:00.07 | Syncing right hanging hakama outer cloth
Fra:1 Mem:52.74M (Peak 52.74M) | Time:00:00.07 | Syncing right side hakama fold
Fra:1 Mem:52.76M (Peak 52.76M) | Time:00:00.07 | Syncing left hakama trouser leg
Fra:1 Mem:52.82M (Peak 52.82M) | Time:00:00.07 | Syncing left shin greave
Fra:1 Mem:52.87M (Peak 52.87M) | Time:00:00.07 | Syncing left split-toe tabi foot volume
Fra:1 Mem:52.92M (Peak 52.92M) | Time:00:00.07 | Syncing left separated big toe
Fra:1 Mem:52.94M (Peak 52.94M) | Time:00:00.07 | Syncing left outer toe group
Fra:1 Mem:52.96M (Peak 52.96M) | Time:00:00.07 | Syncing left woven waraji sole grounded
Fra:1 Mem:52.97M (Peak 52.97M) | Time:00:00.07 | Syncing left sandal toe strap
Fra:1 Mem:52.98M (Peak 52.98M) | Time:00:00.07 | Syncing left heel strap
Fra:1 Mem:52.98M (Peak 52.98M) | Time:00:00.07 | Syncing left hakama pleat 1
Fra:1 Mem:52.99M (Peak 52.99M) | Time:00:00.07 | Syncing left hakama pleat 2
Fra:1 Mem:52.99M (Peak 52.99M) | Time:00:00.07 | Syncing left hakama pleat 3
Fra:1 Mem:53.00M (Peak 53.00M) | Time:00:00.07 | Syncing right hakama trouser leg
Fra:1 Mem:53.06M (Peak 53.06M) | Time:00:00.07 | Syncing right shin greave
Fra:1 Mem:53.11M (Peak 53.11M) | Time:00:00.07 | Syncing right split-toe tabi foot volume
Fra:1 Mem:53.16M (Peak 53.16M) | Time:00:00.07 | Syncing right separated big toe
Fra:1 Mem:53.18M (Peak 53.18M) | Time:00:00.07 | Syncing right outer toe group
Fra:1 Mem:53.20M (Peak 53.20M) | Time:00:00.07 | Syncing right woven waraji sole grounded
Fra:1 Mem:53.21M (Peak 53.21M) | Time:00:00.07 | Syncing right sandal toe strap
Fra:1 Mem:53.22M (Peak 53.22M) | Time:00:00.07 | Syncing right heel strap
Fra:1 Mem:53.22M (Peak 53.22M) | Time:00:00.07 | Syncing right hakama pleat 1
Fra:1 Mem:53.23M (Peak 53.23M) | Time:00:00.07 | Syncing right hakama pleat 2
Fra:1 Mem:53.23M (Peak 53.23M) | Time:00:00.07 | Syncing right hakama pleat 3
Fra:1 Mem:53.24M (Peak 53.24M) | Time:00:00.07 | Syncing drawn katana blade spine
Fra:1 Mem:53.25M (Peak 53.30M) | Time:00:00.07 | Syncing bright sharpened katana edge
Fra:1 Mem:53.26M (Peak 53.31M) | Time:00:00.07 | Syncing wrapped katana grip
Fra:1 Mem:53.27M (Peak 53.31M) | Time:00:00.07 | Syncing square tsuba guard
Fra:1 Mem:53.28M (Peak 53.31M) | Time:00:00.07 | Syncing lacquered saya scabbard at left h
Fra:1 Mem:53.28M (Peak 53.31M) | Time:00:00.07 | Syncing waist sash tying armor
Fra:1 Mem:53.29M (Peak 53.31M) | Time:00:00.07 | Syncing bamboo sashimono back pole
Fra:1 Mem:53.30M (Peak 53.31M) | Time:00:00.07 | Syncing small lacquered sashimono crossba
Fra:1 Mem:53.31M (Peak 53.31M) | Time:00:00.07 | Syncing cloth sashimono banner panel
Fra:1 Mem:53.33M (Peak 53.37M) | Time:00:00.07 | Syncing simple round clan mon on banner
Fra:1 Mem:53.37M (Peak 53.37M) | Time:00:00.07 | Syncing cool key
Fra:1 Mem:53.37M (Peak 53.37M) | Time:00:00.07 | Syncing rim
Fra:1 Mem:53.37M (Peak 53.37M) | Time:00:00.07 | Syncing hero cam
Fra:1 Mem:53.37M (Peak 53.37M) | Time:00:00.07 | Syncing samurai_v2_provenance
Fra:1 Mem:53.45M (Peak 53.55M) | Time:00:00.08 | Rendering 1 / 32 samples
Fra:1 Mem:50.93M (Peak 53.55M) | Time:00:02.45 | Rendering 26 / 32 samples
Fra:1 Mem:50.93M (Peak 53.55M) | Time:00:02.88 | Rendering 32 / 32 samples
Saved: '/tmp/factoryx-v23-render/samurai-repaired-full-20-v23/takeda-01/turntable_005.png'
 Time: 00:03.00 (Saving: 00:00.03)

ERROR (bke.modifier): ./source/blender/blenkernel/intern/modifier.cc:458 BKE_modifier_set_error: Object: "wide kabuto brim", Modifier: "weighted normals", Enable 'Auto Smooth' in Object Data Properties
ERROR (bke.modifier): ./source/blender/blenkernel/intern/modifier.cc:458 BKE_modifier_set_error: Object: "layered rear shikoro neck guard", Modifier: "weighted normals", Enable 'Auto Smooth' in Object Data Properties
ERROR (bke.modifier): ./source/blender/blenkernel/intern/modifier.cc:458 BKE_modifier_set_error: Object: "segmented kabuto helmet bowl", Modifier: "weighted normals", Enable 'Auto Smooth' in Object Data Properties
ERROR (bke.modifier): ./source/blender/blenkernel/intern/modifier.cc:458 BKE_modifier_set_error: Object: "crest central rivet", Modifier: "weighted normals", Enable 'Auto Smooth' in Object Data Properties
ERROR (bke.modifier): ./source/blender/blenkernel/intern/modifier.cc:458 BKE_modifier_set_error: Object: "neck guard collar", Modifier: "weighted normals", Enable 'Auto Smooth' in Object Data Properties
ERROR (bke.modifier): ./source/blender/blenkernel/intern/modifier.cc:458 BKE_modifier_set_error: Object: "thin exposed neck", Modifier: "weighted normals", Enable 'Auto Smooth' in Object Data Properties
ERROR (bke.modifier): ./source/blender/blenkernel/intern/modifier.cc:458 BKE_modifier_set_error: Object: "visible human forehead behind mempo", Modifier: "weighted normals", Enable 'Auto Smooth' in Object Data Properties
ERROR (bke.modifier): ./source/blender/blenkernel/intern/modifier.cc:458 BKE_modifier_set_error: Object: "right side helmet flange", Modifier: "weighted normals", Enable 'Auto Smooth' in Object Data Properties
ERROR (bke.modifier): ./source/blender/blenkernel/intern/modifier.cc:458 BKE_modifier_set_error: Object: "left side helmet flange", Modifier: "weighted normals", Enable 'Auto Smooth' in Object Data Properties
ERROR (bke.modifier): ./source/blender/blenkernel/intern/modifier.cc:458 BKE_modifier_set_error: Object: "narrow waist under-kimono volume", Modifier: "weighted normals", Enable 'Auto Smooth' in Object Data Properties
ERROR (bke.modifier): ./source/blender/blenkernel/intern/modifier.cc:458 BKE_modifier_set_error: Object: "ribcage under-kimono volume", Modifier: "weighted normals", Enable 'Auto Smooth' in Object Data Properties
ERROR (bke.modifier): ./source/blender/blenkernel/intern/modifier.cc:458 BKE_modifier_set_error: Object: "right angular mempo cheek plate", Modifier: "weighted normals", Enable 'Auto Smooth' in Object Data Properties
ERROR (bke.modifier): ./source/blender/blenkernel/intern/modifier.cc:458 BKE_modifier_set_error: Object: "mempo grim mouth slit", Modifier: "weighted normals", Enable 'Auto Smooth' in Object Data Properties
ERROR (bke.modifier): ./source/blender/blenkernel/intern/modifier.cc:458 BKE_modifier_set_error: Object: "right narrow eye slit", Modifier: "weighted normals", Enable 'Auto Smooth' in Object Data Properties
ERROR (bke.modifier): ./source/blender/blenkernel/intern/modifier.cc:458 BKE_modifier_set_error: Object: "left angular mempo cheek plate", Modifier: "weighted normals", Enable 'Auto Smooth' in Object Data Properties
ERROR (bke.modifier): ./source/blender/blenkernel/intern/modifier.cc:458 BKE_modifier_set_error: Object: "throat guard row 1 bevelled lamellar plate 01", Modifier: "weighted normals", Enable 'Auto Smooth' in Object Data Properties
ERROR (bke.modifier): ./source/blender/blenkernel/intern/modifier.cc:458 BKE_modifier_set_error: Object: "mempo nose ridge", Modifier: "weighted normals", Enable 'Auto Smooth' in Object Data Properties
ERROR (bke.modifier): ./source/blender/blenkernel/intern/modifier.cc:458 BKE_modifier_set_error: Object: "throat guard row 1 bevelled lamellar plate 02", Modifier: "weighted normals", Enable 'Auto Smooth' in Object Data Properties
ERROR (bke.modifier): ./source/blender/blenkernel/intern/modifier.cc:458 BKE_modifier_set_error: Object: "mempo chin guard", Modifier: "weighted normals", Enable 'Auto Smooth' in Object Data Properties
ERROR (bke.modifier): ./source/blender/blenkernel/intern/modifier.cc:458 BKE_modifier_set_error: Object: "left narrow eye slit", Modifier: "weighted normals", Enable 'Auto Smooth' in Object Data Properties
ERROR (bke.modifier): ./source/blender/blenkernel/intern/modifier.cc:458 BKE_modifier_set_error: Object: "throat guard row 1 bevelled lamellar plate 04", Modifier: "weighted normals", Enable 'Auto Smooth' in Object Data Properties
ERROR (bke.modifier): ./source/blender/blenkernel/intern/modifier.cc:458 BKE_modifier_set_error: Object: "matte charcoal inspection plinth", Modifier: "weighted normals", Enable 'Auto Smooth' in Object Data Properties
ERROR (bke.modifier): ./source/blender/blenkernel/intern/modifier.cc:458 BKE_modifier_set_error: Object: "throat guard row 2 bevelled lamellar plate 01", Modifier: "weighted normals", Enable 'Auto Smooth' in Object Data Properties
ERROR (bke.modifier): ./source/blender/blenkernel/intern/modifier.cc:458 BKE_modifier_set_error: Object: "throat guard row 2 bevelled lamellar plate 04", Modifier: "weighted normals", Enable 'Auto Smooth' in Object Data Properties
ERROR (bke.modifier): ./source/blender/blenkernel/intern/modifier.cc:458 BKE_modifier_set_error: Object: "throat guard row 1 bevelled lamellar plate 05", Modifier: "weighted normals", Enable 'Auto Smooth' in Object Data Properties
ERROR (bke.modifier): ./source/blender/blenkernel/intern/modifier.cc:458 BKE_modifier_set_error: Object: "throat guard row 2 bevelled lamellar plate 05", Modifier: "weighted normals", Enable 'Auto Smooth' in Object Data Properties
ERROR (bke.modifier): ./source/blender/blenkernel/intern/modifier.cc:458 BKE_modifier_set_error: Object: "throat guard row 3 bevelled lamellar plate 01", Modifier: "weighted normals", Enable 'Auto Smooth' in Object Data Properties
ERROR (bke.modifier): ./source/blender/blenkernel/intern/modifier.cc:458 BKE_modifier_set_error: Object: "throat guard row 2 bevelled lamellar plate 03", Modifier: "weighted normals", Enable 'Auto Smooth' in Object Data Properties
ERROR (bke.modifier): ./source/blender/blenkernel/intern/modifier.cc:458 BKE_modifier_set_error: Object: "upper do cuirass fitted shell", Modifier: "weighted normals", Enable 'Auto Smooth' in Object Data Properties
ERROR (bke.modifier): ./source/blender/blenkernel/intern/modifier.cc:458 BKE_modifier_set_error: Object: "simple round clan mon on banner", Modifier: "weighted normals", Enable 'Auto Smooth' in Object Data Properties
ERROR (bke.modifier): ./source/blender/blenkernel/intern/modifier.cc:458 BKE_modifier_set_error: Object: "lower do cuirass narrowed shell", Modifier: "weighted normals", Enable 'Auto Smooth' in Object Data Properties
ERROR (bke.modifier): ./source/blender/blenkernel/intern/modifier.cc:458 BKE_modifier_set_error: Object: "throat guard row 1 bevelled lamellar plate 03", Modifier: "weighted normals", Enable 'Auto Smooth' in Object Data Properties
ERROR (bke.modifier): ./source/blender/blenkernel/intern/modifier.cc:458 BKE_modifier_set_error: Object: "front under-kimono chest panel", Modifier: "weighted normals", Enable 'Auto Smooth' in Object Data Properties
ERROR (bke.modifier): ./source/blender/blenkernel/intern/modifier.cc:458 BKE_modifier_set_error: Object: "throat guard row 2 bevelled lamellar plate 02", Modifier: "weighted normals", Enable 'Auto Smooth' in Object Data Properties
ERROR (bke.modifier): ./source/blender/blenkernel/intern/modifier.cc:458 BKE_modifier_set_error: Object: "throat guard row 3 bevelled lamellar plate 03", Modifier: "weighted normals", Enable 'Auto Smooth' in Object Data Properties
ERROR (bke.modifier): ./source/blender/blenkernel/intern/modifier.cc:458 BKE_modifier_set_error: Object: "throat guard row 3 bevelled lamellar plate 04", Modifier: "weighted normals", Enable 'Auto Smooth' in Object Data Properties
ERROR (bke.modifier): ./source/blender/blenkernel/intern/modifier.cc:458 BKE_modifier_set_error: Object: "throat guard row 3 bevelled lamellar plate 02", Modifier: "weighted normals", Enable 'Auto Smooth' in Object Data Properties
ERROR (bke.modifier): ./source/blender/blenkernel/intern/modifier.cc:458 BKE_modifier_set_error: Object: "throat guard row 3 bevelled lamellar plate 05", Modifier: "weighted normals", Enable 'Auto Smooth' in Object Data Properties
ERROR (bke.modifier): ./source/blender/blenkernel/intern/modifier.cc:458 BKE_modifier_set_error: Object: "cloth sashimono banner panel", Modifier: "weighted normals", Enable 'Auto Smooth' in Object Data Properties
ERROR (bke.modifier): ./source/blender/blenkernel/intern/modifier.cc:458 BKE_modifier_set_error: Object: "rear under-kimono back panel", Modifier: "weighted normals", Enable 'Auto Smooth' in Object Data Properties
ERROR (bke.modifier): ./source/blender/blenkernel/intern/modifier.cc:458 BKE_modifier_set_error: Object: "front cuirass row 1 bevelled lamellar plate 03", Modifier: "weighted normals", Enable 'Auto Smooth' in Object Data Properties
ERROR (bke.modifier): ./source/blender/blenkernel/intern/modifier.cc:458 BKE_modifier_set_error: Object: "front cuirass row 1 bevelled lamellar plate 02", Modifier: "weighted normals", Enable 'Auto Smooth' in Object Data Properties
ERROR (bke.modifier): ./source/blender/blenkernel/intern/modifier.cc:458 BKE_modifier_set_error: Object: "rear cuirass row 1 bevelled lamellar plate 01", Modifier: "weighted normals", Enable 'Auto Smooth' in Object Data Properties
ERROR (bke.modifier): ./source/blender/blenkernel/intern/modifier.cc:458 BKE_modifier_set_error: Object: "front cuirass row 1 bevelled lamellar plate 05", Modifier: "weighted normals", Enable 'Auto Smooth' in Object Data Properties
ERROR (bke.modifier): ./source/blender/blenkernel/intern/modifier.cc:458 BKE_modifier_set_error: Object: "front cuirass row 1 bevelled lamellar plate 06", Modifier: "weighted normals", Enable 'Auto Smooth' in Object Data Properties
ERROR (bke.modifier): ./source/blender/blenkernel/intern/modifier.cc:458 BKE_modifier_set_error: Object: "front cuirass row 1 bevelled lamellar plate 04", Modifier: "weighted normals", Enable 'Auto Smooth' in Object Data Properties
ERROR (bke.modifier): ./source/blender/blenkernel/intern/modifier.cc:458 BKE_modifier_set_error: Object: "front cuirass row 1 bevelled lamellar plate 08", Modifier: "weighted normals", Enable 'Auto Smooth' in Object Data Properties
ERROR (bke.modifier): ./source/blender/blenkernel/intern/modifier.cc:458 BKE_modifier_set_error: Object: "front cuirass row 1 bevelled lamellar plate 01", Modifier: "weighted normals", Enable 'Auto Smooth' in Object Data Properties
ERROR (bke.modifier): ./source/blender/blenkernel/intern/modifier.cc:458 BKE_modifier_set_error: Object: "front cuirass row 1 bevelled lamellar plate 07", Modifier: "weighted normals", Enable 'Auto Smooth' in Object Data Properties
ERROR (bke.modifier): ./source/blender/blenkernel/intern/modifier.cc:458 BKE_modifier_set_error: Object: "rear cuirass row 1 bevelled lamellar plate 03", Modifier: "weighted normals", Enable 'Auto Smooth' in Object Data Properties
ERROR (bke.modifier): ./source/blender/blenkernel/intern/modifier.cc:458 BKE_modifier_set_error: Object: "rear cuirass row 1 bevelled lamellar plate 05", Modifier: "weighted normals", Enable 'Auto Smooth' in Object Data Properties
ERROR (bke.modifier): ./source/blender/blenkernel/intern/modifier.cc:458 BKE_modifier_set_error: Object: "rear cuirass row 1 bevelled lamellar plate 04", Modifier: "weighted normals", Enable 'Auto Smooth' in Object Data Properties
ERROR (bke.modifier): ./source/blender/blenkernel/intern/modifier.cc:458 BKE_modifier_set_error: Object: "rear cuirass row 1 bevelled lamellar plate 02", Modifier: "weighted normals", Enable 'Auto Smooth' in Object Data Properties
ERROR (bke.modifier): ./source/blender/blenkernel/intern/modifier.cc:458 BKE_modifier_set_error: Object: "small lacquered sashimono crossbar", Modifier: "weighted normals", Enable 'Auto Smooth' in Object Data Properties
ERROR (bke.modifier): ./source/blender/blenkernel/intern/modifier.cc:458 BKE_modifier_set_error: Object: "front cuirass row 2 bevelled lamellar plate 02", Modifier: "weighted normals", Enable 'Auto Smooth' in Object Data Properties
ERROR (bke.modifier): ./source/blender/blenkernel/intern/modifier.cc:458 BKE_modifier_set_error: Object: "rear cuirass row 1 bevelled lamellar plate 06", Modifier: "weighted normals", Enable 'Auto Smooth' in Object Data Properties
ERROR (bke.modifier): ./source/blender/blenkernel/intern/modifier.cc:458 BKE_modifier_set_error: Object: "rear cuirass row 1 bevelled lamellar plate 07", Modifier: "weighted normals", Enable 'Auto Smooth' in Object Data Properties
ERROR (bke.modifier): ./source/blender/blenkernel/intern/modifier.cc:458 BKE_modifier_set_error: Object: "rear cuirass row 1 bevelled lamellar plate 08", Modifier: "weighted normals", Enable 'Auto Smooth' in Object Data Properties
ERROR (bke.modifier): ./source/blender/blenkernel/intern/modifier.cc:458 BKE_modifier_set_error: Object: "front cuirass row 2 bevelled lamellar plate 01", Modifier: "weighted normals", Enable 'Auto Smooth' in Object Data Properties
ERROR (bke.modifier): ./source/blender/blenkernel/intern/modifier.cc:458 BKE_modifier_set_error: Object: "front cuirass row 2 bevelled lamellar plate 03", Modifier: "weighted normals", Enable 'Auto Smooth' in Object Data Properties
ERROR (bke.modifier): ./source/blender/blenkernel/intern/modifier.cc:458 BKE_modifier_set_error: Object: "rear cuirass row 2 bevelled lamellar plate 01", Modifier: "weighted normals", Enable 'Auto Smooth' in Object Data Properties
ERROR (bke.modifier): ./source/blender/blenkernel/intern/modifier.cc:458 BKE_modifier_set_error: Object: "front cuirass row 2 bevelled lamellar plate 06", Modifier: "weighted normals", Enable 'Auto Smooth' in Object Data Properties
ERROR (bke.modifier): ./source/blender/blenkernel/intern/modifier.cc:458 BKE_modifier_set_error: Object: "front cuirass row 2 bevelled lamellar plate 04", Modifier: "weighted normals", Enable 'Auto Smooth' in Object Data Properties
ERROR (bke.modifier): ./source/blender/blenkernel/intern/modifier.cc:458 BKE_modifier_set_error: Object: "front cuirass row 2 bevelled lamellar plate 05", Modifier: "weighted normals", Enable 'Auto Smooth' in Object Data Properties
ERROR (bke.modifier): ./source/blender/blenkernel/intern/modifier.cc:458 BKE_modifier_set_error: Object: "front cuirass row 2 bevelled lamellar plate 08", Modifier: "weighted normals", Enable 'Auto Smooth' in Object Data Properties
ERROR (bke.modifier): ./source/blender/blenkernel/intern/modifier.cc:458 BKE_modifier_set_error: Object: "front cuirass row 3 bevelled lamellar plate 02", Modifier: "weighted normals", Enable 'Auto Smooth' in Object Data Properties
ERROR (bke.modifier): ./source/blender/blenkernel/intern/modifier.cc:458 BKE_modifier_set_error: Object: "front cuirass row 2 bevelled lamellar plate 07", Modifier: "weighted normals", Enable 'Auto Smooth' in Object Data Properties
ERROR (bke.modifier): ./source/blender/blenkernel/intern/modifier.cc:458 BKE_modifier_set_error: Object: "rear cuirass row 2 bevelled lamellar plate 05", Modifier: "weighted normals", Enable 'Auto Smooth' in Object Data Properties
ERROR (bke.modifier): ./source/blender/blenkernel/intern/modifier.cc:458 BKE_modifier_set_error: Object: "front cuirass row 3 bevelled lamellar plate 01", Modifier: "weighted normals", Enable 'Auto Smooth' in Object Data Properties
ERROR (bke.modifier): ./source/blender/blenkernel/intern/modifier.cc:458 BKE_modifier_set_error: Object: "rear cuirass row 2 bevelled lamellar plate 02", Modifier: "weighted normals", Enable 'Auto Smooth' in Object Data Properties
ERROR (bke.modifier): ./source/blender/blenkernel/intern/modifier.cc:458 BKE_modifier_set_error: Object: "square tsuba guard", Modifier: "weighted normals", Enable 'Auto Smooth' in Object Data Properties
ERROR (bke.modifier): ./source/blender/blenkernel/intern/modifier.cc:458 BKE_modifier_set_error: Object: "rear cuirass row 2 bevelled lamellar plate 04", Modifier: "weighted normals", Enable 'Auto Smooth' in Object Data Properties
ERROR (bke.modifier): ./source/blender/blenkernel/intern/modifier.cc:458 BKE_modifier_set_error: Object: "front cuirass row 3 bevelled lamellar plate 03", Modifier: "weighted normals", Enable 'Auto Smooth' in Object Data Properties
ERROR (bke.modifier): ./source/blender/blenkernel/intern/modifier.cc:458 BKE_modifier_set_error: Object: "rear cuirass row 2 bevelled lamellar plate 08", Modifier: "weighted normals", Enable 'Auto Smooth' in Object Data Properties
ERROR (bke.modifier): ./source/blender/blenkernel/intern/modifier.cc:458 BKE_modifier_set_error: Object: "rear cuirass row 2 bevelled lamellar plate 03", Modifier: "weighted normals", Enable 'Auto Smooth' in Object Data Properties
ERROR (bke.modifier): ./source/blender/blenkernel/intern/modifier.cc:458 BKE_modifier_set_error: Object: "rear cuirass row 2 bevelled lamellar plate 06", Modifier: "weighted normals", Enable 'Auto Smooth' in Object Data Properties
ERROR (bke.modifier): ./source/blender/blenkernel/intern/modifier.cc:458 BKE_modifier_set_error: Object: "wrapped katana grip", Modifier: "weighted normals", Enable 'Auto Smooth' in Object Data Properties
ERROR (bke.modifier): ./source/blender/blenkernel/intern/modifier.cc:458 BKE_modifier_set_error: Object: "rear cuirass row 2 bevelled lamellar plate 07", Modifier: "weighted normals", Enable 'Auto Smooth' in Object Data Properties
ERROR (bke.modifier): ./source/blender/blenkernel/intern/modifier.cc:458 BKE_modifier_set_error: Object: "front cuirass row 3 bevelled lamellar plate 04", Modifier: "weighted normals", Enable 'Auto Smooth' in Object Data Properties
ERROR (bke.modifier): ./source/blender/blenkernel/intern/modifier.cc:458 BKE_modifier_set_error: Object: "rear cuirass row 3 bevelled lamellar plate 06", Modifier: "weighted normals", Enable 'Auto Smooth' in Object Data Properties
ERROR (bke.modifier): ./source/blender/blenkernel/intern/modifier.cc:458 BKE_modifier_set_error: Object: "front cuirass row 3 bevelled lamellar plate 07", Modifier: "weighted normals", Enable 'Auto Smooth' in Object Data Properties
ERROR (bke.modifier): ./source/blender/blenkernel/intern/modifier.cc:458 BKE_modifier_set_error: Object: "front cuirass row 3 bevelled lamellar plate 06", Modifier: "weighted normals", Enable 'Auto Smooth' in Object Data Properties
ERROR (bke.modifier): ./source/blender/blenkernel/intern/modifier.cc:458 BKE_modifier_set_error: Object: "front cuirass row 3 bevelled lamellar plate 05", Modifier: "weighted normals", Enable 'Auto Smooth' in Object Data Properties
ERROR (bke.modifier): ./source/blender/blenkernel/intern/modifier.cc:458 BKE_modifier_set_error: Object: "front cuirass row 3 bevelled lamellar plate 08", Modifier: "weighted normals", Enable 'Auto Smooth' in Object Data Properties
ERROR (bke.modifier): ./source/blender/blenkernel/intern/modifier.cc:458 BKE_modifier_set_error: Object: "rear cuirass row 3 bevelled lamellar plate 03", Modifier: "weighted normals", Enable 'Auto Smooth' in Object Data Properties
ERROR (bke.modifier): ./source/blender/blenkernel/intern/modifier.cc:458 BKE_modifier_set_error: Object: "rear cuirass row 3 bevelled lamellar plate 01", Modifier: "weighted normals", Enable 'Auto Smooth' in Object Data Properties
ERROR (bke.modifier): ./source/blender/blenkernel/intern/modifier.cc:458 BKE_modifier_set_error: Object: "rear cuirass row 3 bevelled lamellar plate 02", Modifier: "weighted normals", Enable 'Auto Smooth' in Object Data Properties
ERROR (bke.modifier): ./source/blender/blenkernel/intern/modifier.cc:458 BKE_modifier_set_error: Object: "rear cuirass row 3 bevelled lamellar plate 04", Modifier: "weighted normals", Enable 'Auto Smooth' in Object Data Properties
ERROR (bke.modifier): ./source/blender/blenkernel/intern/modifier.cc:458 BKE_modifier_set_error: Object: "rear cuirass row 3 bevelled lamellar plate 07", Modifier: "weighted normals", Enable 'Auto Smooth' in Object Data Properties
ERROR (bke.modifier): ./source/blender/blenkernel/intern/modifier.cc:458 BKE_modifier_set_error: Object: "rear cuirass row 3 bevelled lamellar plate 08", Modifier: "weighted normals", Enable 'Auto Smooth' in Object Data Properties
ERROR (bke.modifier): ./source/blender/blenkernel/intern/modifier.cc:458 BKE_modifier_set_error: Object: "rear cuirass row 3 bevelled lamellar plate 05", Modifier: "weighted normals", Enable 'Auto Smooth' in Object Data Properties
ERROR (bke.modifier): ./source/blender/blenkernel/intern/modifier.cc:458 BKE_modifier_set_error: Object: "front cuirass row 4 bevelled lamellar plate 01", Modifier: "weighted normals", Enable 'Auto Smooth' in Object Data Properties
ERROR (bke.modifier): ./source/blender/blenkernel/intern/modifier.cc:458 BKE_modifier_set_error: Object: "front cuirass row 4 bevelled lamellar plate 04", Modifier: "weighted normals", Enable 'Auto Smooth' in Object Data Properties
ERROR (bke.modifier): ./source/blender/blenkernel/intern/modifier.cc:458 BKE_modifier_set_error: Object: "front cuirass row 4 bevelled lamellar plate 02", Modifier: "weighted normals", Enable 'Auto Smooth' in Object Data Properties
ERROR (bke.modifier): ./source/blender/blenkernel/intern/modifier.cc:458 BKE_modifier_set_error: Object: "front cuirass row 4 bevelled lamellar plate 03", Modifier: "weighted normals", Enable 'Auto Smooth' in Object Data Properties
ERROR (bke.modifier): ./source/blender/blenkernel/intern/modifier.cc:458 BKE_modifier_set_error: Object: "front cuirass row 4 bevelled lamellar plate 06", Modifier: "weighted normals", Enable 'Auto Smooth' in Object Data Properties
ERROR (bke.modifier): ./source/blender/blenkernel/intern/modifier.cc:458 BKE_modifier_set_error: Object: "front cuirass row 4 bevelled lamellar plate 07", Modifier: "weighted normals", Enable 'Auto Smooth' in Object Data Properties
ERROR (bke.modifier): ./source/blender/blenkernel/intern/modifier.cc:458 BKE_modifier_set_error: Object: "front cuirass row 4 bevelled lamellar plate 08", Modifier: "weighted normals", Enable 'Auto Smooth' in Object Data Properties
ERROR (bke.modifier): ./source/blender/blenkernel/intern/modifier.cc:458 BKE_modifier_set_error: Object: "front cuirass row 4 bevelled lamellar plate 05", Modifier: "weighted normals", Enable 'Auto Smooth' in Object Data Properties
ERROR (bke.modifier): ./source/blender/blenkernel/intern/modifier.cc:458 BKE_modifier_set_error: Object: "rear cuirass row 4 bevelled lamellar plate 01", Modifier: "weighted normals", Enable 'Auto Smooth' in Object Data Properties
ERROR (bke.modifier): ./source/blender/blenkernel/intern/modifier.cc:458 BKE_modifier_set_error: Object: "rear cuirass row 4 bevelled lamellar plate 03", Modifier: "weighted normals", Enable 'Auto Smooth' in Object Data Properties
ERROR (bke.modifier): ./source/blender/blenkernel/intern/modifier.cc:458 BKE_modifier_set_error: Object: "rear cuirass row 4 bevelled lamellar plate 07", Modifier: "weighted normals", Enable 'Auto Smooth' in Object Data Properties
ERROR (bke.modifier): ./source/blender/blenkernel/intern/modifier.cc:458 BKE_modifier_set_error: Object: "right woven waraji sole grounded", Modifier: "weighted normals", Enable 'Auto Smooth' in Object Data Properties
ERROR (bke.modifier): ./source/blender/blenkernel/intern/modifier.cc:458 BKE_modifier_set_error: Object: "right outer toe group", Modifier: "weighted normals", Enable 'Auto Smooth' in Object Data Properties
ERROR (bke.modifier): ./source/blender/blenkernel/intern/modifier.cc:458 BKE_modifier_set_error: Object: "front cuirass row 5 bevelled lamellar plate 01", Modifier: "weighted normals", Enable 'Auto Smooth' in Object Data Properties
ERROR (bke.modifier): ./source/blender/blenkernel/intern/modifier.cc:458 BKE_modifier_set_error: Object: "right separated big toe", Modifier: "weighted normals", Enable 'Auto Smooth' in Object Data Properties
ERROR (bke.modifier): ./source/blender/blenkernel/intern/modifier.cc:458 BKE_modifier_set_error: Object: "right split-toe tabi foot volume", Modifier: "weighted normals", Enable 'Auto Smooth' in Object Data Properties
ERROR (bke.modifier): ./source/blender/blenkernel/intern/modifier.cc:458 BKE_modifier_set_error: Object: "rear cuirass row 4 bevelled lamellar plate 05", Modifier: "weighted normals", Enable 'Auto Smooth' in Object Data Properties
ERROR (bke.modifier): ./source/blender/blenkernel/intern/modifier.cc:458 BKE_modifier_set_error: Object: "rear cuirass row 4 bevelled lamellar plate 06", Modifier: "weighted normals", Enable 'Auto Smooth' in Object Data Properties
ERROR (bke.modifier): ./source/blender/blenkernel/intern/modifier.cc:458 BKE_modifier_set_error: Object: "rear cuirass row 4 bevelled lamellar plate 04", Modifier: "weighted normals", Enable 'Auto Smooth' in Object Data Properties
ERROR (bke.modifier): ./source/blender/blenkernel/intern/modifier.cc:458 BKE_modifier_set_error: Object: "right shin greave", Modifier: "weighted normals", Enable 'Auto Smooth' in Object Data Properties
ERROR (bke.modifier): ./source/blender/blenkernel/intern/modifier.cc:458 BKE_modifier_set_error: Object: "front cuirass row 5 bevelled lamellar plate 06", Modifier: "weighted normals", Enable 'Auto Smooth' in Object Data Properties
ERROR (bke.modifier): ./source/blender/blenkernel/intern/modifier.cc:458 BKE_modifier_set_error: Object: "rear cuirass row 4 bevelled lamellar plate 02", Modifier: "weighted normals", Enable 'Auto Smooth' in Object Data Properties
ERROR (bke.modifier): ./source/blender/blenkernel/intern/modifier.cc:458 BKE_modifier_set_error: Object: "right hakama trouser leg", Modifier: "weighted normals", Enable 'Auto Smooth' in Object Data Properties
ERROR (bke.modifier): ./source/blender/blenkernel/intern/modifier.cc:458 BKE_modifier_set_error: Object: "rear cuirass row 4 bevelled lamellar plate 08", Modifier: "weighted normals", Enable 'Auto Smooth' in Object Data Properties
ERROR (bke.modifier): ./source/blender/blenkernel/intern/modifier.cc:458 BKE_modifier_set_error: Object: "front cuirass row 5 bevelled lamellar plate 02", Modifier: "weighted normals", Enable 'Auto Smooth' in Object Data Properties
ERROR (bke.modifier): ./source/blender/blenkernel/intern/modifier.cc:458 BKE_modifier_set_error: Object: "front cuirass row 5 bevelled lamellar plate 03", Modifier: "weighted normals", Enable 'Auto Smooth' in Object Data Properties
ERROR (bke.modifier): ./source/blender/blenkernel/intern/modifier.cc:458 BKE_modifier_set_error: Object: "front cuirass row 5 bevelled lamellar plate 04", Modifier: "weighted normals", Enable 'Auto Smooth' in Object Data Properties
ERROR (bke.modifier): ./source/blender/blenkernel/intern/modifier.cc:458 BKE_modifier_set_error: Object: "rear cuirass row 5 bevelled lamellar plate 02", Modifier: "weighted normals", Enable 'Auto Smooth' in Object Data Properties
ERROR (bke.modifier): ./source/blender/blenkernel/intern/modifier.cc:458 BKE_modifier_set_error: Object: "front cuirass row 5 bevelled lamellar plate 05", Modifier: "weighted normals", Enable 'Auto Smooth' in Object Data Properties
ERROR (bke.modifier): ./source/blender/blenkernel/intern/modifier.cc:458 BKE_modifier_set_error: Object: "rear cuirass row 5 bevelled lamellar plate 03", Modifier: "weighted normals", Enable 'Auto Smooth' in Object Data Properties
ERROR (bke.modifier): ./source/blender/blenkernel/intern/modifier.cc:458 BKE_modifier_set_error: Object: "rear cuirass row 5 bevelled lamellar plate 01", Modifier: "weighted normals", Enable 'Auto Smooth' in Object Data Properties
ERROR (bke.modifier): ./source/blender/blenkernel/intern/modifier.cc:458 BKE_modifier_set_error: Object: "front cuirass row 5 bevelled lamellar plate 07", Modifier: "weighted normals", Enable 'Auto Smooth' in Object Data Properties
ERROR (bke.modifier): ./source/blender/blenkernel/intern/modifier.cc:458 BKE_modifier_set_error: Object: "front cuirass row 5 bevelled lamellar plate 08", Modifier: "weighted normals", Enable 'Auto Smooth' in Object Data Properties
ERROR (bke.modifier): ./source/blender/blenkernel/intern/modifier.cc:458 BKE_modifier_set_error: Object: "left shoulder undercloth", Modifier: "weighted normals", Enable 'Auto Smooth' in Object Data Properties
ERROR (bke.modifier): ./source/blender/blenkernel/intern/modifier.cc:458 BKE_modifier_set_error: Object: "rear cuirass row 5 bevelled lamellar plate 04", Modifier: "weighted normals", Enable 'Auto Smooth' in Object Data Properties
ERROR (bke.modifier): ./source/blender/blenkernel/intern/modifier.cc:458 BKE_modifier_set_error: Object: "rear cuirass row 5 bevelled lamellar plate 06", Modifier: "weighted normals", Enable 'Auto Smooth' in Object Data Properties
ERROR (bke.modifier): ./source/blender/blenkernel/intern/modifier.cc:458 BKE_modifier_set_error: Object: "rear cuirass row 5 bevelled lamellar plate 05", Modifier: "weighted normals", Enable 'Auto Smooth' in Object Data Properties
ERROR (bke.modifier): ./source/blender/blenkernel/intern/modifier.cc:458 BKE_modifier_set_error: Object: "left side cuirass plate 1", Modifier: "weighted normals", Enable 'Auto Smooth' in Object Data Properties
ERROR (bke.modifier): ./source/blender/blenkernel/intern/modifier.cc:458 BKE_modifier_set_error: Object: "rear cuirass row 5 bevelled lamellar plate 07", Modifier: "weighted normals", Enable 'Auto Smooth' in Object Data Properties
ERROR (bke.modifier): ./source/blender/blenkernel/intern/modifier.cc:458 BKE_modifier_set_error: Object: "rear cuirass row 5 bevelled lamellar plate 08", Modifier: "weighted normals", Enable 'Auto Smooth' in Object Data Properties
ERROR (bke.modifier): ./source/blender/blenkernel/intern/modifier.cc:458 BKE_modifier_set_error: Object: "left armored upper arm", Modifier: "weighted normals", Enable 'Auto Smooth' in Object Data Properties
ERROR (bke.modifier): ./source/blender/blenkernel/intern/modifier.cc:458 BKE_modifier_set_error: Object: "left leather palm volume", Modifier: "weighted normals", Enable 'Auto Smooth' in Object Data Properties
ERROR (bke.modifier): ./source/blender/blenkernel/intern/modifier.cc:458 BKE_modifier_set_error: Object: "left sode shoulder armor", Modifier: "weighted normals", Enable 'Auto Smooth' in Object Data Properties
ERROR (bke.modifier): ./source/blender/blenkernel/intern/modifier.cc:458 BKE_modifier_set_error: Object: "left kote forearm guard", Modifier: "weighted normals", Enable 'Auto Smooth' in Object Data Properties
ERROR (bke.modifier): ./source/blender/blenkernel/intern/modifier.cc:458 BKE_modifier_set_error: Object: "left index fingertip", Modifier: "weighted normals", Enable 'Auto Smooth' in Object Data Properties
ERROR (bke.modifier): ./source/blender/blenkernel/intern/modifier.cc:458 BKE_modifier_set_error: Object: "left middle fingertip", Modifier: "weighted normals", Enable 'Auto Smooth' in Object Data Properties
ERROR (bke.modifier): ./source/blender/blenkernel/intern/modifier.cc:458 BKE_modifier_set_error: Object: "left ring fingertip", Modifier: "weighted normals", Enable 'Auto Smooth' in Object Data Properties
ERROR (bke.modifier): ./source/blender/blenkernel/intern/modifier.cc:458 BKE_modifier_set_error: Object: "left pinky fingertip", Modifier: "weighted normals", Enable 'Auto Smooth' in Object Data Properties
ERROR (bke.modifier): ./source/blender/blenkernel/intern/modifier.cc:458 BKE_modifier_set_error: Object: "left thumb fingertip", Modifier: "weighted normals", Enable 'Auto Smooth' in Object Data Properties
ERROR (bke.modifier): ./source/blender/blenkernel/intern/modifier.cc:458 BKE_modifier_set_error: Object: "left side cuirass plate 2", Modifier: "weighted normals", Enable 'Auto Smooth' in Object Data Properties
ERROR (bke.modifier): ./source/blender/blenkernel/intern/modifier.cc:458 BKE_modifier_set_error: Object: "right shoulder undercloth", Modifier: "weighted normals", Enable 'Auto Smooth' in Object Data Properties
ERROR (bke.modifier): ./source/blender/blenkernel/intern/modifier.cc:458 BKE_modifier_set_error: Object: "left side cuirass plate 3", Modifier: "weighted normals", Enable 'Auto Smooth' in Object Data Properties
ERROR (bke.modifier): ./source/blender/blenkernel/intern/modifier.cc:458 BKE_modifier_set_error: Object: "right side cuirass plate 2", Modifier: "weighted normals", Enable 'Auto Smooth' in Object Data Properties
ERROR (bke.modifier): ./source/blender/blenkernel/intern/modifier.cc:458 BKE_modifier_set_error: Object: "right side cuirass plate 1", Modifier: "weighted normals", Enable 'Auto Smooth' in Object Data Properties
ERROR (bke.modifier): ./source/blender/blenkernel/intern/modifier.cc:458 BKE_modifier_set_error: Object: "right side cuirass plate 3", Modifier: "weighted normals", Enable 'Auto Smooth' in Object Data Properties
ERROR (bke.modifier): ./source/blender/blenkernel/intern/modifier.cc:458 BKE_modifier_set_error: Object: "right armored upper arm", Modifier: "weighted normals", Enable 'Auto Smooth' in Object Data Properties
ERROR (bke.modifier): ./source/blender/blenkernel/intern/modifier.cc:458 BKE_modifier_set_error: Object: "right sode shoulder armor", Modifier: "weighted normals", Enable 'Auto Smooth' in Object Data Properties
ERROR (bke.modifier): ./source/blender/blenkernel/intern/modifier.cc:458 BKE_modifier_set_error: Object: "right kote forearm guard", Modifier: "weighted normals", Enable 'Auto Smooth' in Object Data Properties
ERROR (bke.modifier): ./source/blender/blenkernel/intern/modifier.cc:458 BKE_modifier_set_error: Object: "right leather palm volume", Modifier: "weighted normals", Enable 'Auto Smooth' in Object Data Properties
ERROR (bke.modifier): ./source/blender/blenkernel/intern/modifier.cc:458 BKE_modifier_set_error: Object: "left hanging sode shoulder plate 4", Modifier: "weighted normals", Enable 'Auto Smooth' in Object Data Properties
ERROR (bke.modifier): ./source/blender/blenkernel/intern/modifier.cc:458 BKE_modifier_set_error: Object: "left hanging sode shoulder plate 1", Modifier: "weighted normals", Enable 'Auto Smooth' in Object Data Properties
ERROR (bke.modifier): ./source/blender/blenkernel/intern/modifier.cc:458 BKE_modifier_set_error: Object: "right index fingertip", Modifier: "weighted normals", Enable 'Auto Smooth' in Object Data Properties
ERROR (bke.modifier): ./source/blender/blenkernel/intern/modifier.cc:458 BKE_modifier_set_error: Object: "left hanging sode shoulder plate 3", Modifier: "weighted normals", Enable 'Auto Smooth' in Object Data Properties
ERROR (bke.modifier): ./source/blender/blenkernel/intern/modifier.cc:458 BKE_modifier_set_error: Object: "left hanging sode shoulder plate 2", Modifier: "weighted normals", Enable 'Auto Smooth' in Object Data Properties
ERROR (bke.modifier): ./source/blender/blenkernel/intern/modifier.cc:458 BKE_modifier_set_error: Object: "right middle fingertip", Modifier: "weighted normals", Enable 'Auto Smooth' in Object Data Properties
ERROR (bke.modifier): ./source/blender/blenkernel/intern/modifier.cc:458 BKE_modifier_set_error: Object: "right ring fingertip", Modifier: "weighted normals", Enable 'Auto Smooth' in Object Data Properties
ERROR (bke.modifier): ./source/blender/blenkernel/intern/modifier.cc:458 BKE_modifier_set_error: Object: "right hanging sode shoulder plate 1", Modifier: "weighted normals", Enable 'Auto Smooth' in Object Data Properties
ERROR (bke.modifier): ./source/blender/blenkernel/intern/modifier.cc:458 BKE_modifier_set_error: Object: "right pinky fingertip", Modifier: "weighted normals", Enable 'Auto Smooth' in Object Data Properties
ERROR (bke.modifier): ./source/blender/blenkernel/intern/modifier.cc:458 BKE_modifier_set_error: Object: "right thumb fingertip", Modifier: "weighted normals", Enable 'Auto Smooth' in Object Data Properties
ERROR (bke.modifier): ./source/blender/blenkernel/intern/modifier.cc:458 BKE_modifier_set_error: Object: "left woven waraji sole grounded", Modifier: "weighted normals", Enable 'Auto Smooth' in Object Data Properties
ERROR (bke.modifier): ./source/blender/blenkernel/intern/modifier.cc:458 BKE_modifier_set_error: Object: "left outer toe group", Modifier: "weighted normals", Enable 'Auto Smooth' in Object Data Properties
ERROR (bke.modifier): ./source/blender/blenkernel/intern/modifier.cc:458 BKE_modifier_set_error: Object: "kusazuri skirt plate -1 row 1", Modifier: "weighted normals", Enable 'Auto Smooth' in Object Data Properties
ERROR (bke.modifier): ./source/blender/blenkernel/intern/modifier.cc:458 BKE_modifier_set_error: Object: "left separated big toe", Modifier: "weighted normals", Enable 'Auto Smooth' in Object Data Properties
ERROR (bke.modifier): ./source/blender/blenkernel/intern/modifier.cc:458 BKE_modifier_set_error: Object: "right hanging sode shoulder plate 4", Modifier: "weighted normals", Enable 'Auto Smooth' in Object Data Properties
ERROR (bke.modifier): ./source/blender/blenkernel/intern/modifier.cc:458 BKE_modifier_set_error: Object: "kusazuri skirt plate -1 row 2", Modifier: "weighted normals", Enable 'Auto Smooth' in Object Data Properties
ERROR (bke.modifier): ./source/blender/blenkernel/intern/modifier.cc:458 BKE_modifier_set_error: Object: "right hanging sode shoulder plate 3", Modifier: "weighted normals", Enable 'Auto Smooth' in Object Data Properties
ERROR (bke.modifier): ./source/blender/blenkernel/intern/modifier.cc:458 BKE_modifier_set_error: Object: "left split-toe tabi foot volume", Modifier: "weighted normals", Enable 'Auto Smooth' in Object Data Properties
ERROR (bke.modifier): ./source/blender/blenkernel/intern/modifier.cc:458 BKE_modifier_set_error: Object: "kusazuri skirt plate +0 row 1", Modifier: "weighted normals", Enable 'Auto Smooth' in Object Data Properties
ERROR (bke.modifier): ./source/blender/blenkernel/intern/modifier.cc:458 BKE_modifier_set_error: Object: "kusazuri skirt plate +0 row 2", Modifier: "weighted normals", Enable 'Auto Smooth' in Object Data Properties
ERROR (bke.modifier): ./source/blender/blenkernel/intern/modifier.cc:458 BKE_modifier_set_error: Object: "right hanging sode shoulder plate 2", Modifier: "weighted normals", Enable 'Auto Smooth' in Object Data Properties
ERROR (bke.modifier): ./source/blender/blenkernel/intern/modifier.cc:458 BKE_modifier_set_error: Object: "left shin greave", Modifier: "weighted normals", Enable 'Auto Smooth' in Object Data Properties
ERROR (bke.modifier): ./source/blender/blenkernel/intern/modifier.cc:458 BKE_modifier_set_error: Object: "rear kusazuri skirt plate -1 row 1", Modifier: "weighted normals", Enable 'Auto Smooth' in Object Data Properties
ERROR (bke.modifier): ./source/blender/blenkernel/intern/modifier.cc:458 BKE_modifier_set_error: Object: "left hakama trouser leg", Modifier: "weighted normals", Enable 'Auto Smooth' in Object Data Properties
ERROR (bke.modifier): ./source/blender/blenkernel/intern/modifier.cc:458 BKE_modifier_set_error: Object: "kusazuri skirt plate -1 row 3", Modifier: "weighted normals", Enable 'Auto Smooth' in Object Data Properties
ERROR (bke.modifier): ./source/blender/blenkernel/intern/modifier.cc:458 BKE_modifier_set_error: Object: "rear kusazuri skirt plate +0 row 3", Modifier: "weighted normals", Enable 'Auto Smooth' in Object Data Properties
ERROR (bke.modifier): ./source/blender/blenkernel/intern/modifier.cc:458 BKE_modifier_set_error: Object: "kusazuri skirt plate +0 row 3", Modifier: "weighted normals", Enable 'Auto Smooth' in Object Data Properties
ERROR (bke.modifier): ./source/blender/blenkernel/intern/modifier.cc:458 BKE_modifier_set_error: Object: "rear kusazuri skirt plate +0 row 1", Modifier: "weighted normals", Enable 'Auto Smooth' in Object Data Properties
ERROR (bke.modifier): ./source/blender/blenkernel/intern/modifier.cc:458 BKE_modifier_set_error: Object: "rear kusazuri skirt plate -1 row 2", Modifier: "weighted normals", Enable 'Auto Smooth' in Object Data Properties
ERROR (bke.modifier): ./source/blender/blenkernel/intern/modifier.cc:458 BKE_modifier_set_error: Object: "rear kusazuri skirt plate -1 row 3", Modifier: "weighted normals", Enable 'Auto Smooth' in Object Data Properties
ERROR (bke.modifier): ./source/blender/blenkernel/intern/modifier.cc:458 BKE_modifier_set_error: Object: "rear kusazuri skirt plate +1 row 2", Modifier: "weighted normals", Enable 'Auto Smooth' in Object Data Properties
ERROR (bke.modifier): ./source/blender/blenkernel/intern/modifier.cc:458 BKE_modifier_set_error: Object: "rear kusazuri skirt plate +0 row 2", Modifier: "weighted normals", Enable 'Auto Smooth' in Object Data Properties
ERROR (bke.modifier): ./source/blender/blenkernel/intern/modifier.cc:458 BKE_modifier_set_error: Object: "kusazuri skirt plate +1 row 1", Modifier: "weighted normals", Enable 'Auto Smooth' in Object Data Properties
ERROR (bke.modifier): ./source/blender/blenkernel/intern/modifier.cc:458 BKE_modifier_set_error: Object: "rear kusazuri skirt plate +1 row 1", Modifier: "weighted normals", Enable 'Auto Smooth' in Object Data Properties
ERROR (bke.modifier): ./source/blender/blenkernel/intern/modifier.cc:458 BKE_modifier_set_error: Object: "kusazuri skirt plate +1 row 2", Modifier: "weighted normals", Enable 'Auto Smooth' in Object Data Properties
ERROR (bke.modifier): ./source/blender/blenkernel/intern/modifier.cc:458 BKE_modifier_set_error: Object: "rear kusazuri skirt plate +1 row 3", Modifier: "weighted normals", Enable 'Auto Smooth' in Object Data Properties
ERROR (bke.modifier): ./source/blender/blenkernel/intern/modifier.cc:458 BKE_modifier_set_error: Object: "kusazuri skirt plate +1 row 3", Modifier: "weighted normals", Enable 'Auto Smooth' in Object Data Properties
ERROR (bke.modifier): ./source/blender/blenkernel/intern/modifier.cc:458 BKE_modifier_set_error: Object: "left hanging hakama outer cloth", Modifier: "weighted normals", Enable 'Auto Smooth' in Object Data Properties
ERROR (bke.modifier): ./source/blender/blenkernel/intern/modifier.cc:458 BKE_modifier_set_error: Object: "left side hakama fold", Modifier: "weighted normals", Enable 'Auto Smooth' in Object Data Properties
ERROR (bke.modifier): ./source/blender/blenkernel/intern/modifier.cc:458 BKE_modifier_set_error: Object: "right hanging hakama outer cloth", Modifier: "weighted normals", Enable 'Auto Smooth' in Object Data Properties
ERROR (bke.modifier): ./source/blender/blenkernel/intern/modifier.cc:458 BKE_modifier_set_error: Object: "right side hakama fold", Modifier: "weighted normals", Enable 'Auto Smooth' in Object Data Properties
Fra:1 Mem:48.61M (Peak 48.63M) | Time:00:00.05 | Syncing matte charcoal inspection plinth
Fra:1 Mem:48.62M (Peak 48.67M) | Time:00:00.05 | Syncing ribcage under-kimono volume
Fra:1 Mem:48.71M (Peak 48.71M) | Time:00:00.05 | Syncing narrow waist under-kimono volume
Fra:1 Mem:48.78M (Peak 48.78M) | Time:00:00.05 | Syncing visible human forehead behind mem
Fra:1 Mem:48.87M (Peak 48.87M) | Time:00:00.05 | Syncing thin exposed neck
Fra:1 Mem:48.88M (Peak 48.89M) | Time:00:00.05 | Syncing neck guard collar
Fra:1 Mem:48.90M (Peak 48.94M) | Time:00:00.05 | Syncing segmented kabuto helmet bowl
Fra:1 Mem:49.06M (Peak 49.07M) | Time:00:00.06 | Syncing wide kabuto brim
Fra:1 Mem:49.09M (Peak 49.09M) | Time:00:00.06 | Syncing layered rear shikoro neck guard
Fra:1 Mem:49.11M (Peak 49.11M) | Time:00:00.06 | Syncing left side helmet flange
Fra:1 Mem:49.12M (Peak 49.12M) | Time:00:00.06 | Syncing right side helmet flange
Fra:1 Mem:49.13M (Peak 49.13M) | Time:00:00.06 | Syncing golden maedate crescent crest
Fra:1 Mem:49.15M (Peak 49.20M) | Time:00:00.06 | Syncing crest central rivet
Fra:1 Mem:49.16M (Peak 49.20M) | Time:00:00.06 | Syncing left angular mempo cheek plate
Fra:1 Mem:49.18M (Peak 49.22M) | Time:00:00.06 | Syncing right angular mempo cheek plate
Fra:1 Mem:49.20M (Peak 49.22M) | Time:00:00.06 | Syncing mempo chin guard
Fra:1 Mem:49.22M (Peak 49.22M) | Time:00:00.06 | Syncing mempo nose ridge
Fra:1 Mem:49.23M (Peak 49.23M) | Time:00:00.06 | Syncing left narrow eye slit
Fra:1 Mem:49.25M (Peak 49.25M) | Time:00:00.06 | Syncing right narrow eye slit
Fra:1 Mem:49.26M (Peak 49.26M) | Time:00:00.06 | Syncing mempo grim mouth slit
Fra:1 Mem:49.27M (Peak 49.27M) | Time:00:00.06 | Syncing left mask moustache bristle
Fra:1 Mem:49.28M (Peak 49.28M) | Time:00:00.06 | Syncing right mask moustache bristle
Fra:1 Mem:49.29M (Peak 49.29M) | Time:00:00.06 | Syncing throat guard row 1 bevelled lamel
Fra:1 Mem:49.31M (Peak 49.31M) | Time:00:00.06 | Syncing throat guard row 1 bevelled lamel
Fra:1 Mem:49.33M (Peak 49.33M) | Time:00:00.06 | Syncing throat guard row 1 bevelled lamel
Fra:1 Mem:49.34M (Peak 49.34M) | Time:00:00.06 | Syncing throat guard row 1 bevelled lamel
Fra:1 Mem:49.36M (Peak 49.36M) | Time:00:00.06 | Syncing throat guard row 1 bevelled lamel
Fra:1 Mem:49.38M (Peak 49.38M) | Time:00:00.06 | Syncing throat guard row 2 bevelled lamel
Fra:1 Mem:49.40M (Peak 49.40M) | Time:00:00.06 | Syncing throat guard row 2 bevelled lamel
Fra:1 Mem:49.42M (Peak 49.42M) | Time:00:00.06 | Syncing throat guard row 2 bevelled lamel
Fra:1 Mem:49.44M (Peak 49.44M) | Time:00:00.06 | Syncing throat guard row 2 bevelled lamel
Fra:1 Mem:49.46M (Peak 49.46M) | Time:00:00.06 | Syncing throat guard row 2 bevelled lamel
Fra:1 Mem:49.48M (Peak 49.48M) | Time:00:00.06 | Syncing throat guard row 3 bevelled lamel
Fra:1 Mem:49.50M (Peak 49.50M) | Time:00:00.06 | Syncing throat guard row 3 bevelled lamel
Fra:1 Mem:49.52M (Peak 49.52M) | Time:00:00.06 | Syncing throat guard row 3 bevelled lamel
Fra:1 Mem:49.54M (Peak 49.54M) | Time:00:00.06 | Syncing throat guard row 3 bevelled lamel
Fra:1 Mem:49.56M (Peak 49.56M) | Time:00:00.06 | Syncing throat guard row 3 bevelled lamel
Fra:1 Mem:49.58M (Peak 49.58M) | Time:00:00.06 | Syncing front under-kimono chest panel
Fra:1 Mem:49.60M (Peak 49.60M) | Time:00:00.06 | Syncing rear under-kimono back panel
Fra:1 Mem:49.63M (Peak 49.63M) | Time:00:00.06 | Syncing upper do cuirass fitted shell
Fra:1 Mem:49.73M (Peak 49.73M) | Time:00:00.06 | Syncing lower do cuirass narrowed shell
Fra:1 Mem:49.81M (Peak 49.81M) | Time:00:00.06 | Syncing front cuirass row 1 bevelled lame
Fra:1 Mem:49.83M (Peak 49.83M) | Time:00:00.06 | Syncing front cuirass row 1 bevelled lame
Fra:1 Mem:49.85M (Peak 49.85M) | Time:00:00.06 | Syncing front cuirass row 1 bevelled lame
Fra:1 Mem:49.87M (Peak 49.87M) | Time:00:00.06 | Syncing front cuirass row 1 bevelled lame
Fra:1 Mem:49.89M (Peak 49.89M) | Time:00:00.06 | Syncing front cuirass row 1 bevelled lame
Fra:1 Mem:49.91M (Peak 49.91M) | Time:00:00.06 | Syncing front cuirass row 1 bevelled lame
Fra:1 Mem:49.93M (Peak 49.93M) | Time:00:00.06 | Syncing front cuirass row 1 bevelled lame
Fra:1 Mem:49.95M (Peak 49.95M) | Time:00:00.06 | Syncing front cuirass row 1 bevelled lame
Fra:1 Mem:49.97M (Peak 49.97M) | Time:00:00.06 | Syncing rear cuirass row 1 bevelled lamel
Fra:1 Mem:49.99M (Peak 49.99M) | Time:00:00.06 | Syncing rear cuirass row 1 bevelled lamel
Fra:1 Mem:50.01M (Peak 50.01M) | Time:00:00.06 | Syncing rear cuirass row 1 bevelled lamel
Fra:1 Mem:50.03M (Peak 50.03M) | Time:00:00.06 | Syncing rear cuirass row 1 bevelled lamel
Fra:1 Mem:50.05M (Peak 50.05M) | Time:00:00.06 | Syncing rear cuirass row 1 bevelled lamel
Fra:1 Mem:50.07M (Peak 50.07M) | Time:00:00.06 | Syncing rear cuirass row 1 bevelled lamel
Fra:1 Mem:50.08M (Peak 50.08M) | Time:00:00.06 | Syncing rear cuirass row 1 bevelled lamel
Fra:1 Mem:50.10M (Peak 50.10M) | Time:00:00.06 | Syncing rear cuirass row 1 bevelled lamel
Fra:1 Mem:50.12M (Peak 50.12M) | Time:00:00.06 | Syncing front cuirass row 2 bevelled lame
Fra:1 Mem:50.14M (Peak 50.14M) | Time:00:00.06 | Syncing front cuirass row 2 bevelled lame
Fra:1 Mem:50.16M (Peak 50.16M) | Time:00:00.06 | Syncing front cuirass row 2 bevelled lame
Fra:1 Mem:50.18M (Peak 50.18M) | Time:00:00.06 | Syncing front cuirass row 2 bevelled lame
Fra:1 Mem:50.20M (Peak 50.20M) | Time:00:00.06 | Syncing front cuirass row 2 bevelled lame
Fra:1 Mem:50.22M (Peak 50.22M) | Time:00:00.06 | Syncing front cuirass row 2 bevelled lame
Fra:1 Mem:50.24M (Peak 50.24M) | Time:00:00.06 | Syncing front cuirass row 2 bevelled lame
Fra:1 Mem:50.26M (Peak 50.26M) | Time:00:00.06 | Syncing front cuirass row 2 bevelled lame
Fra:1 Mem:50.28M (Peak 50.28M) | Time:00:00.06 | Syncing rear cuirass row 2 bevelled lamel
Fra:1 Mem:50.30M (Peak 50.30M) | Time:00:00.06 | Syncing rear cuirass row 2 bevelled lamel
Fra:1 Mem:50.32M (Peak 50.32M) | Time:00:00.06 | Syncing rear cuirass row 2 bevelled lamel
Fra:1 Mem:50.34M (Peak 50.34M) | Time:00:00.06 | Syncing rear cuirass row 2 bevelled lamel
Fra:1 Mem:50.36M (Peak 50.36M) | Time:00:00.06 | Syncing rear cuirass row 2 bevelled lamel
Fra:1 Mem:50.38M (Peak 50.38M) | Time:00:00.06 | Syncing rear cuirass row 2 bevelled lamel
Fra:1 Mem:50.40M (Peak 50.40M) | Time:00:00.06 | Syncing rear cuirass row 2 bevelled lamel
Fra:1 Mem:50.41M (Peak 50.41M) | Time:00:00.06 | Syncing rear cuirass row 2 bevelled lamel
Fra:1 Mem:50.43M (Peak 50.43M) | Time:00:00.06 | Syncing front cuirass row 3 bevelled lame
Fra:1 Mem:50.45M (Peak 50.45M) | Time:00:00.06 | Syncing front cuirass row 3 bevelled lame
Fra:1 Mem:50.47M (Peak 50.47M) | Time:00:00.06 | Syncing front cuirass row 3 bevelled lame
Fra:1 Mem:50.49M (Peak 50.49M) | Time:00:00.06 | Syncing front cuirass row 3 bevelled lame
Fra:1 Mem:50.51M (Peak 50.51M) | Time:00:00.06 | Syncing front cuirass row 3 bevelled lame
Fra:1 Mem:50.53M (Peak 50.53M) | Time:00:00.06 | Syncing front cuirass row 3 bevelled lame
Fra:1 Mem:50.55M (Peak 50.55M) | Time:00:00.06 | Syncing front cuirass row 3 bevelled lame
Fra:1 Mem:50.57M (Peak 50.57M) | Time:00:00.06 | Syncing front cuirass row 3 bevelled lame
Fra:1 Mem:50.59M (Peak 50.59M) | Time:00:00.06 | Syncing rear cuirass row 3 bevelled lamel
Fra:1 Mem:50.61M (Peak 50.61M) | Time:00:00.06 | Syncing rear cuirass row 3 bevelled lamel
Fra:1 Mem:50.63M (Peak 50.63M) | Time:00:00.06 | Syncing rear cuirass row 3 bevelled lamel
Fra:1 Mem:50.65M (Peak 50.65M) | Time:00:00.06 | Syncing rear cuirass row 3 bevelled lamel
Fra:1 Mem:50.67M (Peak 50.67M) | Time:00:00.06 | Syncing rear cuirass row 3 bevelled lamel
Fra:1 Mem:50.68M (Peak 50.68M) | Time:00:00.06 | Syncing rear cuirass row 3 bevelled lamel
Fra:1 Mem:50.70M (Peak 50.70M) | Time:00:00.06 | Syncing rear cuirass row 3 bevelled lamel
Fra:1 Mem:50.72M (Peak 50.72M) | Time:00:00.06 | Syncing rear cuirass row 3 bevelled lamel
Fra:1 Mem:50.74M (Peak 50.74M) | Time:00:00.06 | Syncing front cuirass row 4 bevelled lame
Fra:1 Mem:50.76M (Peak 50.76M) | Time:00:00.06 | Syncing front cuirass row 4 bevelled lame
Fra:1 Mem:50.78M (Peak 50.78M) | Time:00:00.06 | Syncing front cuirass row 4 bevelled lame
Fra:1 Mem:50.80M (Peak 50.80M) | Time:00:00.06 | Syncing front cuirass row 4 bevelled lame
Fra:1 Mem:50.82M (Peak 50.82M) | Time:00:00.06 | Syncing front cuirass row 4 bevelled lame
Fra:1 Mem:50.84M (Peak 50.84M) | Time:00:00.06 | Syncing front cuirass row 4 bevelled lame
Fra:1 Mem:50.86M (Peak 50.86M) | Time:00:00.06 | Syncing front cuirass row 4 bevelled lame
Fra:1 Mem:50.88M (Peak 50.88M) | Time:00:00.06 | Syncing front cuirass row 4 bevelled lame
Fra:1 Mem:50.90M (Peak 50.90M) | Time:00:00.06 | Syncing rear cuirass row 4 bevelled lamel
Fra:1 Mem:50.92M (Peak 50.92M) | Time:00:00.06 | Syncing rear cuirass row 4 bevelled lamel
Fra:1 Mem:50.94M (Peak 50.94M) | Time:00:00.06 | Syncing rear cuirass row 4 bevelled lamel
Fra:1 Mem:50.95M (Peak 50.95M) | Time:00:00.06 | Syncing rear cuirass row 4 bevelled lamel
Fra:1 Mem:50.97M (Peak 50.97M) | Time:00:00.06 | Syncing rear cuirass row 4 bevelled lamel
Fra:1 Mem:50.99M (Peak 50.99M) | Time:00:00.06 | Syncing rear cuirass row 4 bevelled lamel
Fra:1 Mem:51.01M (Peak 51.01M) | Time:00:00.06 | Syncing rear cuirass row 4 bevelled lamel
Fra:1 Mem:51.03M (Peak 51.03M) | Time:00:00.07 | Syncing rear cuirass row 4 bevelled lamel
Fra:1 Mem:51.05M (Peak 51.05M) | Time:00:00.07 | Syncing front cuirass row 5 bevelled lame
Fra:1 Mem:51.07M (Peak 51.07M) | Time:00:00.07 | Syncing front cuirass row 5 bevelled lame
Fra:1 Mem:51.09M (Peak 51.09M) | Time:00:00.07 | Syncing front cuirass row 5 bevelled lame
Fra:1 Mem:51.11M (Peak 51.11M) | Time:00:00.07 | Syncing front cuirass row 5 bevelled lame
Fra:1 Mem:51.13M (Peak 51.13M) | Time:00:00.07 | Syncing front cuirass row 5 bevelled lame
Fra:1 Mem:51.15M (Peak 51.15M) | Time:00:00.07 | Syncing front cuirass row 5 bevelled lame
Fra:1 Mem:51.17M (Peak 51.17M) | Time:00:00.07 | Syncing front cuirass row 5 bevelled lame
Fra:1 Mem:51.19M (Peak 51.19M) | Time:00:00.07 | Syncing front cuirass row 5 bevelled lame
Fra:1 Mem:51.21M (Peak 51.21M) | Time:00:00.07 | Syncing rear cuirass row 5 bevelled lamel
Fra:1 Mem:51.23M (Peak 51.23M) | Time:00:00.07 | Syncing rear cuirass row 5 bevelled lamel
Fra:1 Mem:51.24M (Peak 51.24M) | Time:00:00.07 | Syncing rear cuirass row 5 bevelled lamel
Fra:1 Mem:51.26M (Peak 51.26M) | Time:00:00.07 | Syncing rear cuirass row 5 bevelled lamel
Fra:1 Mem:51.28M (Peak 51.28M) | Time:00:00.07 | Syncing rear cuirass row 5 bevelled lamel
Fra:1 Mem:51.30M (Peak 51.30M) | Time:00:00.07 | Syncing rear cuirass row 5 bevelled lamel
Fra:1 Mem:51.32M (Peak 51.32M) | Time:00:00.07 | Syncing rear cuirass row 5 bevelled lamel
Fra:1 Mem:51.34M (Peak 51.34M) | Time:00:00.07 | Syncing rear cuirass row 5 bevelled lamel
Fra:1 Mem:51.36M (Peak 51.36M) | Time:00:00.07 | Syncing front cuirass vertical odoshi lac
Fra:1 Mem:51.36M (Peak 51.42M) | Time:00:00.07 | Syncing front cuirass vertical odoshi lac
Fra:1 Mem:51.37M (Peak 51.42M) | Time:00:00.07 | Syncing front cuirass vertical odoshi lac
Fra:1 Mem:51.37M (Peak 51.42M) | Time:00:00.07 | Syncing front cuirass vertical odoshi lac
Fra:1 Mem:51.38M (Peak 51.42M) | Time:00:00.07 | Syncing front cuirass vertical odoshi lac
Fra:1 Mem:51.39M (Peak 51.42M) | Time:00:00.07 | Syncing front cuirass vertical odoshi lac
Fra:1 Mem:51.39M (Peak 51.42M) | Time:00:00.07 | Syncing rear cuirass vertical odoshi lace
Fra:1 Mem:51.40M (Peak 51.42M) | Time:00:00.07 | Syncing rear cuirass vertical odoshi lace
Fra:1 Mem:51.41M (Peak 51.42M) | Time:00:00.07 | Syncing rear cuirass vertical odoshi lace
Fra:1 Mem:51.41M (Peak 51.42M) | Time:00:00.07 | Syncing rear cuirass vertical odoshi lace
Fra:1 Mem:51.42M (Peak 51.42M) | Time:00:00.07 | Syncing rear cuirass vertical odoshi lace
Fra:1 Mem:51.43M (Peak 51.43M) | Time:00:00.07 | Syncing left side cuirass plate 1
Fra:1 Mem:51.44M (Peak 51.44M) | Time:00:00.07 | Syncing left side cuirass plate 2
Fra:1 Mem:51.45M (Peak 51.45M) | Time:00:00.07 | Syncing left side cuirass plate 3
Fra:1 Mem:51.47M (Peak 51.47M) | Time:00:00.07 | Syncing right side cuirass plate 1
Fra:1 Mem:51.48M (Peak 51.48M) | Time:00:00.07 | Syncing right side cuirass plate 2
Fra:1 Mem:51.50M (Peak 51.50M) | Time:00:00.07 | Syncing right side cuirass plate 3
Fra:1 Mem:51.51M (Peak 51.51M) | Time:00:00.07 | Syncing left shoulder undercloth
Fra:1 Mem:51.57M (Peak 51.57M) | Time:00:00.07 | Syncing left hanging sode shoulder plate 
Fra:1 Mem:51.58M (Peak 51.58M) | Time:00:00.07 | Syncing left hanging sode shoulder plate 
Fra:1 Mem:51.60M (Peak 51.60M) | Time:00:00.07 | Syncing left hanging sode shoulder plate 
Fra:1 Mem:51.62M (Peak 51.62M) | Time:00:00.07 | Syncing left hanging sode shoulder plate 
Fra:1 Mem:51.64M (Peak 51.64M) | Time:00:00.07 | Syncing left armored upper arm
Fra:1 Mem:51.70M (Peak 51.70M) | Time:00:00.07 | Syncing left sode shoulder armor
Fra:1 Mem:51.74M (Peak 51.74M) | Time:00:00.07 | Syncing left kote forearm guard
Fra:1 Mem:51.80M (Peak 51.80M) | Time:00:00.07 | Syncing left leather palm volume
Fra:1 Mem:51.83M (Peak 51.85M) | Time:00:00.07 | Syncing left articulated index finger
Fra:1 Mem:51.84M (Peak 51.85M) | Time:00:00.07 | Syncing left index fingertip
Fra:1 Mem:51.86M (Peak 51.86M) | Time:00:00.07 | Syncing left articulated middle finger
Fra:1 Mem:51.87M (Peak 51.87M) | Time:00:00.07 | Syncing left middle fingertip
Fra:1 Mem:51.88M (Peak 51.88M) | Time:00:00.07 | Syncing left articulated ring finger
Fra:1 Mem:51.89M (Peak 51.89M) | Time:00:00.07 | Syncing left ring fingertip
Fra:1 Mem:51.93M (Peak 51.93M) | Time:00:00.07 | Syncing left articulated pinky finger
Fra:1 Mem:51.94M (Peak 51.94M) | Time:00:00.07 | Syncing left pinky fingertip
Fra:1 Mem:51.95M (Peak 51.95M) | Time:00:00.07 | Syncing left opposed thumb
Fra:1 Mem:51.96M (Peak 51.96M) | Time:00:00.07 | Syncing left thumb fingertip
Fra:1 Mem:51.97M (Peak 51.97M) | Time:00:00.07 | Syncing right shoulder undercloth
Fra:1 Mem:52.03M (Peak 52.03M) | Time:00:00.07 | Syncing right hanging sode shoulder plate
Fra:1 Mem:52.05M (Peak 52.05M) | Time:00:00.07 | Syncing right hanging sode shoulder plate
Fra:1 Mem:52.07M (Peak 52.07M) | Time:00:00.07 | Syncing right hanging sode shoulder plate
Fra:1 Mem:52.09M (Peak 52.09M) | Time:00:00.07 | Syncing right hanging sode shoulder plate
Fra:1 Mem:52.11M (Peak 52.11M) | Time:00:00.07 | Syncing right armored upper arm
Fra:1 Mem:52.16M (Peak 52.16M) | Time:00:00.07 | Syncing right sode shoulder armor
Fra:1 Mem:52.20M (Peak 52.20M) | Time:00:00.07 | Syncing right kote forearm guard
Fra:1 Mem:52.26M (Peak 52.26M) | Time:00:00.07 | Syncing right leather palm volume
Fra:1 Mem:52.30M (Peak 52.30M) | Time:00:00.07 | Syncing right articulated index finger
Fra:1 Mem:52.31M (Peak 52.31M) | Time:00:00.07 | Syncing right index fingertip
Fra:1 Mem:52.32M (Peak 52.32M) | Time:00:00.07 | Syncing right articulated middle finger
Fra:1 Mem:52.33M (Peak 52.33M) | Time:00:00.07 | Syncing right middle fingertip
Fra:1 Mem:52.34M (Peak 52.34M) | Time:00:00.07 | Syncing right articulated ring finger
Fra:1 Mem:52.35M (Peak 52.35M) | Time:00:00.07 | Syncing right ring fingertip
Fra:1 Mem:52.36M (Peak 52.36M) | Time:00:00.07 | Syncing right articulated pinky finger
Fra:1 Mem:52.37M (Peak 52.37M) | Time:00:00.07 | Syncing right pinky fingertip
Fra:1 Mem:52.38M (Peak 52.38M) | Time:00:00.07 | Syncing right opposed thumb
Fra:1 Mem:52.39M (Peak 52.39M) | Time:00:00.07 | Syncing right thumb fingertip
Fra:1 Mem:52.41M (Peak 52.41M) | Time:00:00.07 | Syncing kusazuri skirt plate -1 row 1
Fra:1 Mem:52.42M (Peak 52.42M) | Time:00:00.07 | Syncing rear kusazuri skirt plate -1 row 
Fra:1 Mem:52.43M (Peak 52.43M) | Time:00:00.07 | Syncing kusazuri skirt plate -1 row 2
Fra:1 Mem:52.45M (Peak 52.45M) | Time:00:00.07 | Syncing rear kusazuri skirt plate -1 row 
Fra:1 Mem:52.46M (Peak 52.46M) | Time:00:00.07 | Syncing kusazuri skirt plate -1 row 3
Fra:1 Mem:52.48M (Peak 52.48M) | Time:00:00.07 | Syncing rear kusazuri skirt plate -1 row 
Fra:1 Mem:52.49M (Peak 52.49M) | Time:00:00.07 | Syncing kusazuri skirt plate +0 row 1
Fra:1 Mem:52.50M (Peak 52.50M) | Time:00:00.07 | Syncing rear kusazuri skirt plate +0 row 
Fra:1 Mem:52.52M (Peak 52.52M) | Time:00:00.07 | Syncing kusazuri skirt plate +0 row 2
Fra:1 Mem:52.53M (Peak 52.53M) | Time:00:00.07 | Syncing rear kusazuri skirt plate +0 row 
Fra:1 Mem:52.54M (Peak 52.54M) | Time:00:00.07 | Syncing kusazuri skirt plate +0 row 3
Fra:1 Mem:52.56M (Peak 52.56M) | Time:00:00.07 | Syncing rear kusazuri skirt plate +0 row 
Fra:1 Mem:52.57M (Peak 52.57M) | Time:00:00.07 | Syncing kusazuri skirt plate +1 row 1
Fra:1 Mem:52.59M (Peak 52.59M) | Time:00:00.07 | Syncing rear kusazuri skirt plate +1 row 
Fra:1 Mem:52.60M (Peak 52.60M) | Time:00:00.07 | Syncing kusazuri skirt plate +1 row 2
Fra:1 Mem:52.61M (Peak 52.61M) | Time:00:00.07 | Syncing rear kusazuri skirt plate +1 row 
Fra:1 Mem:52.63M (Peak 52.63M) | Time:00:00.07 | Syncing kusazuri skirt plate +1 row 3
Fra:1 Mem:52.64M (Peak 52.64M) | Time:00:00.07 | Syncing rear kusazuri skirt plate +1 row 
Fra:1 Mem:52.66M (Peak 52.66M) | Time:00:00.07 | Syncing left hanging hakama outer cloth
Fra:1 Mem:52.68M (Peak 52.68M) | Time:00:00.07 | Syncing left side hakama fold
Fra:1 Mem:52.71M (Peak 52.71M) | Time:00:00.07 | Syncing right hanging hakama outer cloth
Fra:1 Mem:52.74M (Peak 52.74M) | Time:00:00.07 | Syncing right side hakama fold
Fra:1 Mem:52.76M (Peak 52.76M) | Time:00:00.07 | Syncing left hakama trouser leg
Fra:1 Mem:52.82M (Peak 52.82M) | Time:00:00.07 | Syncing left shin greave
Fra:1 Mem:52.87M (Peak 52.87M) | Time:00:00.07 | Syncing left split-toe tabi foot volume
Fra:1 Mem:52.92M (Peak 52.92M) | Time:00:00.07 | Syncing left separated big toe
Fra:1 Mem:52.94M (Peak 52.94M) | Time:00:00.07 | Syncing left outer toe group
Fra:1 Mem:52.96M (Peak 52.96M) | Time:00:00.07 | Syncing left woven waraji sole grounded
Fra:1 Mem:52.97M (Peak 52.97M) | Time:00:00.07 | Syncing left sandal toe strap
Fra:1 Mem:52.98M (Peak 52.98M) | Time:00:00.07 | Syncing left heel strap
Fra:1 Mem:52.98M (Peak 52.98M) | Time:00:00.07 | Syncing left hakama pleat 1
Fra:1 Mem:52.99M (Peak 52.99M) | Time:00:00.07 | Syncing left hakama pleat 2
Fra:1 Mem:52.99M (Peak 52.99M) | Time:00:00.07 | Syncing left hakama pleat 3
Fra:1 Mem:53.00M (Peak 53.00M) | Time:00:00.07 | Syncing right hakama trouser leg
Fra:1 Mem:53.06M (Peak 53.06M) | Time:00:00.07 | Syncing right shin greave
Fra:1 Mem:53.11M (Peak 53.11M) | Time:00:00.07 | Syncing right split-toe tabi foot volume
Fra:1 Mem:53.16M (Peak 53.16M) | Time:00:00.07 | Syncing right separated big toe
Fra:1 Mem:53.18M (Peak 53.18M) | Time:00:00.07 | Syncing right outer toe group
Fra:1 Mem:53.20M (Peak 53.20M) | Time:00:00.07 | Syncing right woven waraji sole grounded
Fra:1 Mem:53.21M (Peak 53.21M) | Time:00:00.07 | Syncing right sandal toe strap
Fra:1 Mem:53.22M (Peak 53.22M) | Time:00:00.07 | Syncing right heel strap
Fra:1 Mem:53.22M (Peak 53.22M) | Time:00:00.07 | Syncing right hakama pleat 1
Fra:1 Mem:53.23M (Peak 53.23M) | Time:00:00.07 | Syncing right hakama pleat 2
Fra:1 Mem:53.23M (Peak 53.23M) | Time:00:00.07 | Syncing right hakama pleat 3
Fra:1 Mem:53.24M (Peak 53.24M) | Time:00:00.07 | Syncing drawn katana blade spine
Fra:1 Mem:53.25M (Peak 53.30M) | Time:00:00.08 | Syncing bright sharpened katana edge
Fra:1 Mem:53.26M (Peak 53.31M) | Time:00:00.08 | Syncing wrapped katana grip
Fra:1 Mem:53.27M (Peak 53.31M) | Time:00:00.08 | Syncing square tsuba guard
Fra:1 Mem:53.28M (Peak 53.31M) | Time:00:00.08 | Syncing lacquered saya scabbard at left h
Fra:1 Mem:53.28M (Peak 53.31M) | Time:00:00.08 | Syncing waist sash tying armor
Fra:1 Mem:53.29M (Peak 53.31M) | Time:00:00.08 | Syncing bamboo sashimono back pole
Fra:1 Mem:53.30M (Peak 53.31M) | Time:00:00.08 | Syncing small lacquered sashimono crossba
Fra:1 Mem:53.31M (Peak 53.31M) | Time:00:00.08 | Syncing cloth sashimono banner panel
Fra:1 Mem:53.33M (Peak 53.37M) | Time:00:00.08 | Syncing simple round clan mon on banner
Fra:1 Mem:53.37M (Peak 53.37M) | Time:00:00.08 | Syncing cool key
Fra:1 Mem:53.37M (Peak 53.37M) | Time:00:00.08 | Syncing rim
Fra:1 Mem:53.37M (Peak 53.37M) | Time:00:00.08 | Syncing hero cam
Fra:1 Mem:53.37M (Peak 53.37M) | Time:00:00.08 | Syncing samurai_v2_provenance
Fra:1 Mem:53.45M (Peak 53.55M) | Time:00:00.08 | Rendering 1 / 32 samples
Fra:1 Mem:50.93M (Peak 53.55M) | Time:00:02.25 | Rendering 26 / 32 samples
Fra:1 Mem:50.93M (Peak 53.55M) | Time:00:02.63 | Rendering 32 / 32 samples
Saved: '/tmp/factoryx-v23-render/samurai-repaired-full-20-v23/takeda-01/turntable_006.png'
 Time: 00:02.74 (Saving: 00:00.03)

ERROR (bke.modifier): ./source/blender/blenkernel/intern/modifier.cc:458 BKE_modifier_set_error: Object: "upper do cuirass fitted shell", Modifier: "weighted normals", Enable 'Auto Smooth' in Object Data Properties
ERROR (bke.modifier): ./source/blender/blenkernel/intern/modifier.cc:458 BKE_modifier_set_error: Object: "throat guard row 3 bevelled lamellar plate 01", Modifier: "weighted normals", Enable 'Auto Smooth' in Object Data Properties
ERROR (bke.modifier): ./source/blender/blenkernel/intern/modifier.cc:458 BKE_modifier_set_error: Object: "throat guard row 2 bevelled lamellar plate 05", Modifier: "weighted normals", Enable 'Auto Smooth' in Object Data Properties
ERROR (bke.modifier): ./source/blender/blenkernel/intern/modifier.cc:458 BKE_modifier_set_error: Object: "lower do cuirass narrowed shell", Modifier: "weighted normals", Enable 'Auto Smooth' in Object Data Properties
ERROR (bke.modifier): ./source/blender/blenkernel/intern/modifier.cc:458 BKE_modifier_set_error: Object: "throat guard row 2 bevelled lamellar plate 02", Modifier: "weighted normals", Enable 'Auto Smooth' in Object Data Properties
ERROR (bke.modifier): ./source/blender/blenkernel/intern/modifier.cc:458 BKE_modifier_set_error: Object: "throat guard row 1 bevelled lamellar plate 05", Modifier: "weighted normals", Enable 'Auto Smooth' in Object Data Properties
ERROR (bke.modifier): ./source/blender/blenkernel/intern/modifier.cc:458 BKE_modifier_set_error: Object: "throat guard row 1 bevelled lamellar plate 04", Modifier: "weighted normals", Enable 'Auto Smooth' in Object Data Properties
ERROR (bke.modifier): ./source/blender/blenkernel/intern/modifier.cc:458 BKE_modifier_set_error: Object: "throat guard row 1 bevelled lamellar plate 03", Modifier: "weighted normals", Enable 'Auto Smooth' in Object Data Properties
ERROR (bke.modifier): ./source/blender/blenkernel/intern/modifier.cc:458 BKE_modifier_set_error: Object: "throat guard row 2 bevelled lamellar plate 01", Modifier: "weighted normals", Enable 'Auto Smooth' in Object Data Properties
ERROR (bke.modifier): ./source/blender/blenkernel/intern/modifier.cc:458 BKE_modifier_set_error: Object: "throat guard row 2 bevelled lamellar plate 04", Modifier: "weighted normals", Enable 'Auto Smooth' in Object Data Properties
ERROR (bke.modifier): ./source/blender/blenkernel/intern/modifier.cc:458 BKE_modifier_set_error: Object: "throat guard row 2 bevelled lamellar plate 03", Modifier: "weighted normals", Enable 'Auto Smooth' in Object Data Properties
ERROR (bke.modifier): ./source/blender/blenkernel/intern/modifier.cc:458 BKE_modifier_set_error: Object: "rear under-kimono back panel", Modifier: "weighted normals", Enable 'Auto Smooth' in Object Data Properties
ERROR (bke.modifier): ./source/blender/blenkernel/intern/modifier.cc:458 BKE_modifier_set_error: Object: "front under-kimono chest panel", Modifier: "weighted normals", Enable 'Auto Smooth' in Object Data Properties
ERROR (bke.modifier): ./source/blender/blenkernel/intern/modifier.cc:458 BKE_modifier_set_error: Object: "throat guard row 3 bevelled lamellar plate 05", Modifier: "weighted normals", Enable 'Auto Smooth' in Object Data Properties
ERROR (bke.modifier): ./source/blender/blenkernel/intern/modifier.cc:458 BKE_modifier_set_error: Object: "throat guard row 3 bevelled lamellar plate 02", Modifier: "weighted normals", Enable 'Auto Smooth' in Object Data Properties
ERROR (bke.modifier): ./source/blender/blenkernel/intern/modifier.cc:458 BKE_modifier_set_error: Object: "throat guard row 3 bevelled lamellar plate 04", Modifier: "weighted normals", Enable 'Auto Smooth' in Object Data Properties
ERROR (bke.modifier): ./source/blender/blenkernel/intern/modifier.cc:458 BKE_modifier_set_error: Object: "throat guard row 3 bevelled lamellar plate 03", Modifier: "weighted normals", Enable 'Auto Smooth' in Object Data Properties
ERROR (bke.modifier): ./source/blender/blenkernel/intern/modifier.cc:458 BKE_modifier_set_error: Object: "front cuirass row 1 bevelled lamellar plate 02", Modifier: "weighted normals", Enable 'Auto Smooth' in Object Data Properties
ERROR (bke.modifier): ./source/blender/blenkernel/intern/modifier.cc:458 BKE_modifier_set_error: Object: "front cuirass row 1 bevelled lamellar plate 01", Modifier: "weighted normals", Enable 'Auto Smooth' in Object Data Properties
ERROR (bke.modifier): ./source/blender/blenkernel/intern/modifier.cc:458 BKE_modifier_set_error: Object: "front cuirass row 1 bevelled lamellar plate 04", Modifier: "weighted normals", Enable 'Auto Smooth' in Object Data Properties
ERROR (bke.modifier): ./source/blender/blenkernel/intern/modifier.cc:458 BKE_modifier_set_error: Object: "front cuirass row 1 bevelled lamellar plate 03", Modifier: "weighted normals", Enable 'Auto Smooth' in Object Data Properties
ERROR (bke.modifier): ./source/blender/blenkernel/intern/modifier.cc:458 BKE_modifier_set_error: Object: "front cuirass row 1 bevelled lamellar plate 05", Modifier: "weighted normals", Enable 'Auto Smooth' in Object Data Properties
ERROR (bke.modifier): ./source/blender/blenkernel/intern/modifier.cc:458 BKE_modifier_set_error: Object: "throat guard row 1 bevelled lamellar plate 02", Modifier: "weighted normals", Enable 'Auto Smooth' in Object Data Properties
ERROR (bke.modifier): ./source/blender/blenkernel/intern/modifier.cc:458 BKE_modifier_set_error: Object: "front cuirass row 1 bevelled lamellar plate 06", Modifier: "weighted normals", Enable 'Auto Smooth' in Object Data Properties
ERROR (bke.modifier): ./source/blender/blenkernel/intern/modifier.cc:458 BKE_modifier_set_error: Object: "rear cuirass row 1 bevelled lamellar plate 04", Modifier: "weighted normals", Enable 'Auto Smooth' in Object Data Properties
ERROR (bke.modifier): ./source/blender/blenkernel/intern/modifier.cc:458 BKE_modifier_set_error: Object: "rear cuirass row 1 bevelled lamellar plate 01", Modifier: "weighted normals", Enable 'Auto Smooth' in Object Data Properties
ERROR (bke.modifier): ./source/blender/blenkernel/intern/modifier.cc:458 BKE_modifier_set_error: Object: "rear cuirass row 1 bevelled lamellar plate 02", Modifier: "weighted normals", Enable 'Auto Smooth' in Object Data Properties
ERROR (bke.modifier): ./source/blender/blenkernel/intern/modifier.cc:458 BKE_modifier_set_error: Object: "front cuirass row 1 bevelled lamellar plate 07", Modifier: "weighted normals", Enable 'Auto Smooth' in Object Data Properties
ERROR (bke.modifier): ./source/blender/blenkernel/intern/modifier.cc:458 BKE_modifier_set_error: Object: "rear cuirass row 1 bevelled lamellar plate 05", Modifier: "weighted normals", Enable 'Auto Smooth' in Object Data Properties
ERROR (bke.modifier): ./source/blender/blenkernel/intern/modifier.cc:458 BKE_modifier_set_error: Object: "front cuirass row 2 bevelled lamellar plate 01", Modifier: "weighted normals", Enable 'Auto Smooth' in Object Data Properties
ERROR (bke.modifier): ./source/blender/blenkernel/intern/modifier.cc:458 BKE_modifier_set_error: Object: "rear cuirass row 1 bevelled lamellar plate 03", Modifier: "weighted normals", Enable 'Auto Smooth' in Object Data Properties
ERROR (bke.modifier): ./source/blender/blenkernel/intern/modifier.cc:458 BKE_modifier_set_error: Object: "front cuirass row 1 bevelled lamellar plate 08", Modifier: "weighted normals", Enable 'Auto Smooth' in Object Data Properties
ERROR (bke.modifier): ./source/blender/blenkernel/intern/modifier.cc:458 BKE_modifier_set_error: Object: "rear cuirass row 1 bevelled lamellar plate 07", Modifier: "weighted normals", Enable 'Auto Smooth' in Object Data Properties
ERROR (bke.modifier): ./source/blender/blenkernel/intern/modifier.cc:458 BKE_modifier_set_error: Object: "rear cuirass row 1 bevelled lamellar plate 08", Modifier: "weighted normals", Enable 'Auto Smooth' in Object Data Properties
ERROR (bke.modifier): ./source/blender/blenkernel/intern/modifier.cc:458 BKE_modifier_set_error: Object: "rear cuirass row 1 bevelled lamellar plate 06", Modifier: "weighted normals", Enable 'Auto Smooth' in Object Data Properties
ERROR (bke.modifier): ./source/blender/blenkernel/intern/modifier.cc:458 BKE_modifier_set_error: Object: "front cuirass row 2 bevelled lamellar plate 02", Modifier: "weighted normals", Enable 'Auto Smooth' in Object Data Properties
ERROR (bke.modifier): ./source/blender/blenkernel/intern/modifier.cc:458 BKE_modifier_set_error: Object: "front cuirass row 2 bevelled lamellar plate 03", Modifier: "weighted normals", Enable 'Auto Smooth' in Object Data Properties
ERROR (bke.modifier): ./source/blender/blenkernel/intern/modifier.cc:458 BKE_modifier_set_error: Object: "throat guard row 1 bevelled lamellar plate 01", Modifier: "weighted normals", Enable 'Auto Smooth' in Object Data Properties
ERROR (bke.modifier): ./source/blender/blenkernel/intern/modifier.cc:458 BKE_modifier_set_error: Object: "front cuirass row 2 bevelled lamellar plate 04", Modifier: "weighted normals", Enable 'Auto Smooth' in Object Data Properties
ERROR (bke.modifier): ./source/blender/blenkernel/intern/modifier.cc:458 BKE_modifier_set_error: Object: "rear cuirass row 2 bevelled lamellar plate 03", Modifier: "weighted normals", Enable 'Auto Smooth' in Object Data Properties
ERROR (bke.modifier): ./source/blender/blenkernel/intern/modifier.cc:458 BKE_modifier_set_error: Object: "front cuirass row 2 bevelled lamellar plate 05", Modifier: "weighted normals", Enable 'Auto Smooth' in Object Data Properties
ERROR (bke.modifier): ./source/blender/blenkernel/intern/modifier.cc:458 BKE_modifier_set_error: Object: "front cuirass row 2 bevelled lamellar plate 07", Modifier: "weighted normals", Enable 'Auto Smooth' in Object Data Properties
ERROR (bke.modifier): ./source/blender/blenkernel/intern/modifier.cc:458 BKE_modifier_set_error: Object: "front cuirass row 2 bevelled lamellar plate 08", Modifier: "weighted normals", Enable 'Auto Smooth' in Object Data Properties
ERROR (bke.modifier): ./source/blender/blenkernel/intern/modifier.cc:458 BKE_modifier_set_error: Object: "front cuirass row 2 bevelled lamellar plate 06", Modifier: "weighted normals", Enable 'Auto Smooth' in Object Data Properties
ERROR (bke.modifier): ./source/blender/blenkernel/intern/modifier.cc:458 BKE_modifier_set_error: Object: "front cuirass row 3 bevelled lamellar plate 04", Modifier: "weighted normals", Enable 'Auto Smooth' in Object Data Properties
ERROR (bke.modifier): ./source/blender/blenkernel/intern/modifier.cc:458 BKE_modifier_set_error: Object: "rear cuirass row 2 bevelled lamellar plate 02", Modifier: "weighted normals", Enable 'Auto Smooth' in Object Data Properties
ERROR (bke.modifier): ./source/blender/blenkernel/intern/modifier.cc:458 BKE_modifier_set_error: Object: "rear cuirass row 2 bevelled lamellar plate 05", Modifier: "weighted normals", Enable 'Auto Smooth' in Object Data Properties
ERROR (bke.modifier): ./source/blender/blenkernel/intern/modifier.cc:458 BKE_modifier_set_error: Object: "rear cuirass row 2 bevelled lamellar plate 01", Modifier: "weighted normals", Enable 'Auto Smooth' in Object Data Properties
ERROR (bke.modifier): ./source/blender/blenkernel/intern/modifier.cc:458 BKE_modifier_set_error: Object: "front cuirass row 3 bevelled lamellar plate 02", Modifier: "weighted normals", Enable 'Auto Smooth' in Object Data Properties
ERROR (bke.modifier): ./source/blender/blenkernel/intern/modifier.cc:458 BKE_modifier_set_error: Object: "rear cuirass row 2 bevelled lamellar plate 06", Modifier: "weighted normals", Enable 'Auto Smooth' in Object Data Properties
ERROR (bke.modifier): ./source/blender/blenkernel/intern/modifier.cc:458 BKE_modifier_set_error: Object: "rear cuirass row 2 bevelled lamellar plate 08", Modifier: "weighted normals", Enable 'Auto Smooth' in Object Data Properties
ERROR (bke.modifier): ./source/blender/blenkernel/intern/modifier.cc:458 BKE_modifier_set_error: Object: "rear cuirass row 2 bevelled lamellar plate 07", Modifier: "weighted normals", Enable 'Auto Smooth' in Object Data Properties
ERROR (bke.modifier): ./source/blender/blenkernel/intern/modifier.cc:458 BKE_modifier_set_error: Object: "rear cuirass row 2 bevelled lamellar plate 04", Modifier: "weighted normals", Enable 'Auto Smooth' in Object Data Properties
ERROR (bke.modifier): ./source/blender/blenkernel/intern/modifier.cc:458 BKE_modifier_set_error: Object: "front cuirass row 3 bevelled lamellar plate 05", Modifier: "weighted normals", Enable 'Auto Smooth' in Object Data Properties
ERROR (bke.modifier): ./source/blender/blenkernel/intern/modifier.cc:458 BKE_modifier_set_error: Object: "front cuirass row 3 bevelled lamellar plate 03", Modifier: "weighted normals", Enable 'Auto Smooth' in Object Data Properties
ERROR (bke.modifier): ./source/blender/blenkernel/intern/modifier.cc:458 BKE_modifier_set_error: Object: "rear cuirass row 3 bevelled lamellar plate 01", Modifier: "weighted normals", Enable 'Auto Smooth' in Object Data Properties
ERROR (bke.modifier): ./source/blender/blenkernel/intern/modifier.cc:458 BKE_modifier_set_error: Object: "front cuirass row 3 bevelled lamellar plate 01", Modifier: "weighted normals", Enable 'Auto Smooth' in Object Data Properties
ERROR (bke.modifier): ./source/blender/blenkernel/intern/modifier.cc:458 BKE_modifier_set_error: Object: "front cuirass row 3 bevelled lamellar plate 06", Modifier: "weighted normals", Enable 'Auto Smooth' in Object Data Properties
ERROR (bke.modifier): ./source/blender/blenkernel/intern/modifier.cc:458 BKE_modifier_set_error: Object: "mempo grim mouth slit", Modifier: "weighted normals", Enable 'Auto Smooth' in Object Data Properties
ERROR (bke.modifier): ./source/blender/blenkernel/intern/modifier.cc:458 BKE_modifier_set_error: Object: "front cuirass row 3 bevelled lamellar plate 07", Modifier: "weighted normals", Enable 'Auto Smooth' in Object Data Properties
ERROR (bke.modifier): ./source/blender/blenkernel/intern/modifier.cc:458 BKE_modifier_set_error: Object: "rear cuirass row 3 bevelled lamellar plate 02", Modifier: "weighted normals", Enable 'Auto Smooth' in Object Data Properties
ERROR (bke.modifier): ./source/blender/blenkernel/intern/modifier.cc:458 BKE_modifier_set_error: Object: "front cuirass row 3 bevelled lamellar plate 08", Modifier: "weighted normals", Enable 'Auto Smooth' in Object Data Properties
ERROR (bke.modifier): ./source/blender/blenkernel/intern/modifier.cc:458 BKE_modifier_set_error: Object: "rear cuirass row 3 bevelled lamellar plate 04", Modifier: "weighted normals", Enable 'Auto Smooth' in Object Data Properties
ERROR (bke.modifier): ./source/blender/blenkernel/intern/modifier.cc:458 BKE_modifier_set_error: Object: "front cuirass row 4 bevelled lamellar plate 03", Modifier: "weighted normals", Enable 'Auto Smooth' in Object Data Properties
ERROR (bke.modifier): ./source/blender/blenkernel/intern/modifier.cc:458 BKE_modifier_set_error: Object: "rear cuirass row 3 bevelled lamellar plate 03", Modifier: "weighted normals", Enable 'Auto Smooth' in Object Data Properties
ERROR (bke.modifier): ./source/blender/blenkernel/intern/modifier.cc:458 BKE_modifier_set_error: Object: "rear cuirass row 3 bevelled lamellar plate 05", Modifier: "weighted normals", Enable 'Auto Smooth' in Object Data Properties
ERROR (bke.modifier): ./source/blender/blenkernel/intern/modifier.cc:458 BKE_modifier_set_error: Object: "rear cuirass row 3 bevelled lamellar plate 06", Modifier: "weighted normals", Enable 'Auto Smooth' in Object Data Properties
ERROR (bke.modifier): ./source/blender/blenkernel/intern/modifier.cc:458 BKE_modifier_set_error: Object: "front cuirass row 4 bevelled lamellar plate 01", Modifier: "weighted normals", Enable 'Auto Smooth' in Object Data Properties
ERROR (bke.modifier): ./source/blender/blenkernel/intern/modifier.cc:458 BKE_modifier_set_error: Object: "rear cuirass row 3 bevelled lamellar plate 07", Modifier: "weighted normals", Enable 'Auto Smooth' in Object Data Properties
ERROR (bke.modifier): ./source/blender/blenkernel/intern/modifier.cc:458 BKE_modifier_set_error: Object: "front cuirass row 4 bevelled lamellar plate 05", Modifier: "weighted normals", Enable 'Auto Smooth' in Object Data Properties
ERROR (bke.modifier): ./source/blender/blenkernel/intern/modifier.cc:458 BKE_modifier_set_error: Object: "rear cuirass row 3 bevelled lamellar plate 08", Modifier: "weighted normals", Enable 'Auto Smooth' in Object Data Properties
ERROR (bke.modifier): ./source/blender/blenkernel/intern/modifier.cc:458 BKE_modifier_set_error: Object: "right narrow eye slit", Modifier: "weighted normals", Enable 'Auto Smooth' in Object Data Properties
ERROR (bke.modifier): ./source/blender/blenkernel/intern/modifier.cc:458 BKE_modifier_set_error: Object: "front cuirass row 4 bevelled lamellar plate 02", Modifier: "weighted normals", Enable 'Auto Smooth' in Object Data Properties
ERROR (bke.modifier): ./source/blender/blenkernel/intern/modifier.cc:458 BKE_modifier_set_error: Object: "front cuirass row 4 bevelled lamellar plate 04", Modifier: "weighted normals", Enable 'Auto Smooth' in Object Data Properties
ERROR (bke.modifier): ./source/blender/blenkernel/intern/modifier.cc:458 BKE_modifier_set_error: Object: "front cuirass row 4 bevelled lamellar plate 06", Modifier: "weighted normals", Enable 'Auto Smooth' in Object Data Properties
ERROR (bke.modifier): ./source/blender/blenkernel/intern/modifier.cc:458 BKE_modifier_set_error: Object: "rear cuirass row 4 bevelled lamellar plate 01", Modifier: "weighted normals", Enable 'Auto Smooth' in Object Data Properties
ERROR (bke.modifier): ./source/blender/blenkernel/intern/modifier.cc:458 BKE_modifier_set_error: Object: "front cuirass row 4 bevelled lamellar plate 07", Modifier: "weighted normals", Enable 'Auto Smooth' in Object Data Properties
ERROR (bke.modifier): ./source/blender/blenkernel/intern/modifier.cc:458 BKE_modifier_set_error: Object: "front cuirass row 4 bevelled lamellar plate 08", Modifier: "weighted normals", Enable 'Auto Smooth' in Object Data Properties
ERROR (bke.modifier): ./source/blender/blenkernel/intern/modifier.cc:458 BKE_modifier_set_error: Object: "rear cuirass row 4 bevelled lamellar plate 06", Modifier: "weighted normals", Enable 'Auto Smooth' in Object Data Properties
ERROR (bke.modifier): ./source/blender/blenkernel/intern/modifier.cc:458 BKE_modifier_set_error: Object: "rear cuirass row 4 bevelled lamellar plate 07", Modifier: "weighted normals", Enable 'Auto Smooth' in Object Data Properties
ERROR (bke.modifier): ./source/blender/blenkernel/intern/modifier.cc:458 BKE_modifier_set_error: Object: "rear cuirass row 4 bevelled lamellar plate 03", Modifier: "weighted normals", Enable 'Auto Smooth' in Object Data Properties
ERROR (bke.modifier): ./source/blender/blenkernel/intern/modifier.cc:458 BKE_modifier_set_error: Object: "rear cuirass row 4 bevelled lamellar plate 02", Modifier: "weighted normals", Enable 'Auto Smooth' in Object Data Properties
ERROR (bke.modifier): ./source/blender/blenkernel/intern/modifier.cc:458 BKE_modifier_set_error: Object: "rear cuirass row 4 bevelled lamellar plate 05", Modifier: "weighted normals", Enable 'Auto Smooth' in Object Data Properties
ERROR (bke.modifier): ./source/blender/blenkernel/intern/modifier.cc:458 BKE_modifier_set_error: Object: "rear cuirass row 4 bevelled lamellar plate 08", Modifier: "weighted normals", Enable 'Auto Smooth' in Object Data Properties
ERROR (bke.modifier): ./source/blender/blenkernel/intern/modifier.cc:458 BKE_modifier_set_error: Object: "rear cuirass row 4 bevelled lamellar plate 04", Modifier: "weighted normals", Enable 'Auto Smooth' in Object Data Properties
ERROR (bke.modifier): ./source/blender/blenkernel/intern/modifier.cc:458 BKE_modifier_set_error: Object: "front cuirass row 5 bevelled lamellar plate 01", Modifier: "weighted normals", Enable 'Auto Smooth' in Object Data Properties
ERROR (bke.modifier): ./source/blender/blenkernel/intern/modifier.cc:458 BKE_modifier_set_error: Object: "front cuirass row 5 bevelled lamellar plate 03", Modifier: "weighted normals", Enable 'Auto Smooth' in Object Data Properties
ERROR (bke.modifier): ./source/blender/blenkernel/intern/modifier.cc:458 BKE_modifier_set_error: Object: "front cuirass row 5 bevelled lamellar plate 02", Modifier: "weighted normals", Enable 'Auto Smooth' in Object Data Properties
ERROR (bke.modifier): ./source/blender/blenkernel/intern/modifier.cc:458 BKE_modifier_set_error: Object: "left narrow eye slit", Modifier: "weighted normals", Enable 'Auto Smooth' in Object Data Properties
ERROR (bke.modifier): ./source/blender/blenkernel/intern/modifier.cc:458 BKE_modifier_set_error: Object: "front cuirass row 5 bevelled lamellar plate 06", Modifier: "weighted normals", Enable 'Auto Smooth' in Object Data Properties
ERROR (bke.modifier): ./source/blender/blenkernel/intern/modifier.cc:458 BKE_modifier_set_error: Object: "front cuirass row 5 bevelled lamellar plate 08", Modifier: "weighted normals", Enable 'Auto Smooth' in Object Data Properties
ERROR (bke.modifier): ./source/blender/blenkernel/intern/modifier.cc:458 BKE_modifier_set_error: Object: "rear cuirass row 5 bevelled lamellar plate 01", Modifier: "weighted normals", Enable 'Auto Smooth' in Object Data Properties
ERROR (bke.modifier): ./source/blender/blenkernel/intern/modifier.cc:458 BKE_modifier_set_error: Object: "rear cuirass row 5 bevelled lamellar plate 06", Modifier: "weighted normals", Enable 'Auto Smooth' in Object Data Properties
ERROR (bke.modifier): ./source/blender/blenkernel/intern/modifier.cc:458 BKE_modifier_set_error: Object: "front cuirass row 5 bevelled lamellar plate 05", Modifier: "weighted normals", Enable 'Auto Smooth' in Object Data Properties
ERROR (bke.modifier): ./source/blender/blenkernel/intern/modifier.cc:458 BKE_modifier_set_error: Object: "front cuirass row 5 bevelled lamellar plate 04", Modifier: "weighted normals", Enable 'Auto Smooth' in Object Data Properties
ERROR (bke.modifier): ./source/blender/blenkernel/intern/modifier.cc:458 BKE_modifier_set_error: Object: "rear cuirass row 5 bevelled lamellar plate 07", Modifier: "weighted normals", Enable 'Auto Smooth' in Object Data Properties
ERROR (bke.modifier): ./source/blender/blenkernel/intern/modifier.cc:458 BKE_modifier_set_error: Object: "front cuirass row 5 bevelled lamellar plate 07", Modifier: "weighted normals", Enable 'Auto Smooth' in Object Data Properties
ERROR (bke.modifier): ./source/blender/blenkernel/intern/modifier.cc:458 BKE_modifier_set_error: Object: "rear cuirass row 5 bevelled lamellar plate 02", Modifier: "weighted normals", Enable 'Auto Smooth' in Object Data Properties
ERROR (bke.modifier): ./source/blender/blenkernel/intern/modifier.cc:458 BKE_modifier_set_error: Object: "rear cuirass row 5 bevelled lamellar plate 03", Modifier: "weighted normals", Enable 'Auto Smooth' in Object Data Properties
ERROR (bke.modifier): ./source/blender/blenkernel/intern/modifier.cc:458 BKE_modifier_set_error: Object: "rear cuirass row 5 bevelled lamellar plate 05", Modifier: "weighted normals", Enable 'Auto Smooth' in Object Data Properties
ERROR (bke.modifier): ./source/blender/blenkernel/intern/modifier.cc:458 BKE_modifier_set_error: Object: "rear cuirass row 5 bevelled lamellar plate 08", Modifier: "weighted normals", Enable 'Auto Smooth' in Object Data Properties
ERROR (bke.modifier): ./source/blender/blenkernel/intern/modifier.cc:458 BKE_modifier_set_error: Object: "left shoulder undercloth", Modifier: "weighted normals", Enable 'Auto Smooth' in Object Data Properties
ERROR (bke.modifier): ./source/blender/blenkernel/intern/modifier.cc:458 BKE_modifier_set_error: Object: "rear cuirass row 5 bevelled lamellar plate 04", Modifier: "weighted normals", Enable 'Auto Smooth' in Object Data Properties
ERROR (bke.modifier): ./source/blender/blenkernel/intern/modifier.cc:458 BKE_modifier_set_error: Object: "mempo nose ridge", Modifier: "weighted normals", Enable 'Auto Smooth' in Object Data Properties
ERROR (bke.modifier): ./source/blender/blenkernel/intern/modifier.cc:458 BKE_modifier_set_error: Object: "left side cuirass plate 1", Modifier: "weighted normals", Enable 'Auto Smooth' in Object Data Properties
ERROR (bke.modifier): ./source/blender/blenkernel/intern/modifier.cc:458 BKE_modifier_set_error: Object: "left armored upper arm", Modifier: "weighted normals", Enable 'Auto Smooth' in Object Data Properties
ERROR (bke.modifier): ./source/blender/blenkernel/intern/modifier.cc:458 BKE_modifier_set_error: Object: "left sode shoulder armor", Modifier: "weighted normals", Enable 'Auto Smooth' in Object Data Properties
ERROR (bke.modifier): ./source/blender/blenkernel/intern/modifier.cc:458 BKE_modifier_set_error: Object: "left kote forearm guard", Modifier: "weighted normals", Enable 'Auto Smooth' in Object Data Properties
ERROR (bke.modifier): ./source/blender/blenkernel/intern/modifier.cc:458 BKE_modifier_set_error: Object: "left leather palm volume", Modifier: "weighted normals", Enable 'Auto Smooth' in Object Data Properties
ERROR (bke.modifier): ./source/blender/blenkernel/intern/modifier.cc:458 BKE_modifier_set_error: Object: "left index fingertip", Modifier: "weighted normals", Enable 'Auto Smooth' in Object Data Properties
ERROR (bke.modifier): ./source/blender/blenkernel/intern/modifier.cc:458 BKE_modifier_set_error: Object: "left middle fingertip", Modifier: "weighted normals", Enable 'Auto Smooth' in Object Data Properties
ERROR (bke.modifier): ./source/blender/blenkernel/intern/modifier.cc:458 BKE_modifier_set_error: Object: "left ring fingertip", Modifier: "weighted normals", Enable 'Auto Smooth' in Object Data Properties
ERROR (bke.modifier): ./source/blender/blenkernel/intern/modifier.cc:458 BKE_modifier_set_error: Object: "left pinky fingertip", Modifier: "weighted normals", Enable 'Auto Smooth' in Object Data Properties
ERROR (bke.modifier): ./source/blender/blenkernel/intern/modifier.cc:458 BKE_modifier_set_error: Object: "left thumb fingertip", Modifier: "weighted normals", Enable 'Auto Smooth' in Object Data Properties
ERROR (bke.modifier): ./source/blender/blenkernel/intern/modifier.cc:458 BKE_modifier_set_error: Object: "right shoulder undercloth", Modifier: "weighted normals", Enable 'Auto Smooth' in Object Data Properties
ERROR (bke.modifier): ./source/blender/blenkernel/intern/modifier.cc:458 BKE_modifier_set_error: Object: "left side cuirass plate 3", Modifier: "weighted normals", Enable 'Auto Smooth' in Object Data Properties
ERROR (bke.modifier): ./source/blender/blenkernel/intern/modifier.cc:458 BKE_modifier_set_error: Object: "left side cuirass plate 2", Modifier: "weighted normals", Enable 'Auto Smooth' in Object Data Properties
ERROR (bke.modifier): ./source/blender/blenkernel/intern/modifier.cc:458 BKE_modifier_set_error: Object: "right side cuirass plate 1", Modifier: "weighted normals", Enable 'Auto Smooth' in Object Data Properties
ERROR (bke.modifier): ./source/blender/blenkernel/intern/modifier.cc:458 BKE_modifier_set_error: Object: "right armored upper arm", Modifier: "weighted normals", Enable 'Auto Smooth' in Object Data Properties
ERROR (bke.modifier): ./source/blender/blenkernel/intern/modifier.cc:458 BKE_modifier_set_error: Object: "right side cuirass plate 3", Modifier: "weighted normals", Enable 'Auto Smooth' in Object Data Properties
ERROR (bke.modifier): ./source/blender/blenkernel/intern/modifier.cc:458 BKE_modifier_set_error: Object: "right sode shoulder armor", Modifier: "weighted normals", Enable 'Auto Smooth' in Object Data Properties
ERROR (bke.modifier): ./source/blender/blenkernel/intern/modifier.cc:458 BKE_modifier_set_error: Object: "right side cuirass plate 2", Modifier: "weighted normals", Enable 'Auto Smooth' in Object Data Properties
ERROR (bke.modifier): ./source/blender/blenkernel/intern/modifier.cc:458 BKE_modifier_set_error: Object: "right kote forearm guard", Modifier: "weighted normals", Enable 'Auto Smooth' in Object Data Properties
ERROR (bke.modifier): ./source/blender/blenkernel/intern/modifier.cc:458 BKE_modifier_set_error: Object: "right leather palm volume", Modifier: "weighted normals", Enable 'Auto Smooth' in Object Data Properties
ERROR (bke.modifier): ./source/blender/blenkernel/intern/modifier.cc:458 BKE_modifier_set_error: Object: "right index fingertip", Modifier: "weighted normals", Enable 'Auto Smooth' in Object Data Properties
ERROR (bke.modifier): ./source/blender/blenkernel/intern/modifier.cc:458 BKE_modifier_set_error: Object: "left hanging sode shoulder plate 1", Modifier: "weighted normals", Enable 'Auto Smooth' in Object Data Properties
ERROR (bke.modifier): ./source/blender/blenkernel/intern/modifier.cc:458 BKE_modifier_set_error: Object: "left hanging sode shoulder plate 3", Modifier: "weighted normals", Enable 'Auto Smooth' in Object Data Properties
ERROR (bke.modifier): ./source/blender/blenkernel/intern/modifier.cc:458 BKE_modifier_set_error: Object: "right middle fingertip", Modifier: "weighted normals", Enable 'Auto Smooth' in Object Data Properties
ERROR (bke.modifier): ./source/blender/blenkernel/intern/modifier.cc:458 BKE_modifier_set_error: Object: "left hanging sode shoulder plate 2", Modifier: "weighted normals", Enable 'Auto Smooth' in Object Data Properties
ERROR (bke.modifier): ./source/blender/blenkernel/intern/modifier.cc:458 BKE_modifier_set_error: Object: "right ring fingertip", Modifier: "weighted normals", Enable 'Auto Smooth' in Object Data Properties
ERROR (bke.modifier): ./source/blender/blenkernel/intern/modifier.cc:458 BKE_modifier_set_error: Object: "left hanging sode shoulder plate 4", Modifier: "weighted normals", Enable 'Auto Smooth' in Object Data Properties
ERROR (bke.modifier): ./source/blender/blenkernel/intern/modifier.cc:458 BKE_modifier_set_error: Object: "right hanging sode shoulder plate 3", Modifier: "weighted normals", Enable 'Auto Smooth' in Object Data Properties
ERROR (bke.modifier): ./source/blender/blenkernel/intern/modifier.cc:458 BKE_modifier_set_error: Object: "right pinky fingertip", Modifier: "weighted normals", Enable 'Auto Smooth' in Object Data Properties
ERROR (bke.modifier): ./source/blender/blenkernel/intern/modifier.cc:458 BKE_modifier_set_error: Object: "right thumb fingertip", Modifier: "weighted normals", Enable 'Auto Smooth' in Object Data Properties
ERROR (bke.modifier): ./source/blender/blenkernel/intern/modifier.cc:458 BKE_modifier_set_error: Object: "mempo chin guard", Modifier: "weighted normals", Enable 'Auto Smooth' in Object Data Properties
ERROR (bke.modifier): ./source/blender/blenkernel/intern/modifier.cc:458 BKE_modifier_set_error: Object: "right hanging sode shoulder plate 1", Modifier: "weighted normals", Enable 'Auto Smooth' in Object Data Properties
ERROR (bke.modifier): ./source/blender/blenkernel/intern/modifier.cc:458 BKE_modifier_set_error: Object: "right hanging sode shoulder plate 2", Modifier: "weighted normals", Enable 'Auto Smooth' in Object Data Properties
ERROR (bke.modifier): ./source/blender/blenkernel/intern/modifier.cc:458 BKE_modifier_set_error: Object: "rear kusazuri skirt plate +0 row 1", Modifier: "weighted normals", Enable 'Auto Smooth' in Object Data Properties
ERROR (bke.modifier): ./source/blender/blenkernel/intern/modifier.cc:458 BKE_modifier_set_error: Object: "right hanging sode shoulder plate 4", Modifier: "weighted normals", Enable 'Auto Smooth' in Object Data Properties
ERROR (bke.modifier): ./source/blender/blenkernel/intern/modifier.cc:458 BKE_modifier_set_error: Object: "kusazuri skirt plate -1 row 2", Modifier: "weighted normals", Enable 'Auto Smooth' in Object Data Properties
ERROR (bke.modifier): ./source/blender/blenkernel/intern/modifier.cc:458 BKE_modifier_set_error: Object: "rear kusazuri skirt plate +0 row 3", Modifier: "weighted normals", Enable 'Auto Smooth' in Object Data Properties
ERROR (bke.modifier): ./source/blender/blenkernel/intern/modifier.cc:458 BKE_modifier_set_error: Object: "rear kusazuri skirt plate -1 row 1", Modifier: "weighted normals", Enable 'Auto Smooth' in Object Data Properties
ERROR (bke.modifier): ./source/blender/blenkernel/intern/modifier.cc:458 BKE_modifier_set_error: Object: "rear kusazuri skirt plate -1 row 3", Modifier: "weighted normals", Enable 'Auto Smooth' in Object Data Properties
ERROR (bke.modifier): ./source/blender/blenkernel/intern/modifier.cc:458 BKE_modifier_set_error: Object: "kusazuri skirt plate -1 row 3", Modifier: "weighted normals", Enable 'Auto Smooth' in Object Data Properties
ERROR (bke.modifier): ./source/blender/blenkernel/intern/modifier.cc:458 BKE_modifier_set_error: Object: "rear kusazuri skirt plate +0 row 2", Modifier: "weighted normals", Enable 'Auto Smooth' in Object Data Properties
ERROR (bke.modifier): ./source/blender/blenkernel/intern/modifier.cc:458 BKE_modifier_set_error: Object: "kusazuri skirt plate -1 row 1", Modifier: "weighted normals", Enable 'Auto Smooth' in Object Data Properties
ERROR (bke.modifier): ./source/blender/blenkernel/intern/modifier.cc:458 BKE_modifier_set_error: Object: "kusazuri skirt plate +0 row 3", Modifier: "weighted normals", Enable 'Auto Smooth' in Object Data Properties
ERROR (bke.modifier): ./source/blender/blenkernel/intern/modifier.cc:458 BKE_modifier_set_error: Object: "kusazuri skirt plate +1 row 2", Modifier: "weighted normals", Enable 'Auto Smooth' in Object Data Properties
ERROR (bke.modifier): ./source/blender/blenkernel/intern/modifier.cc:458 BKE_modifier_set_error: Object: "rear kusazuri skirt plate -1 row 2", Modifier: "weighted normals", Enable 'Auto Smooth' in Object Data Properties
ERROR (bke.modifier): ./source/blender/blenkernel/intern/modifier.cc:458 BKE_modifier_set_error: Object: "kusazuri skirt plate +0 row 1", Modifier: "weighted normals", Enable 'Auto Smooth' in Object Data Properties
ERROR (bke.modifier): ./source/blender/blenkernel/intern/modifier.cc:458 BKE_modifier_set_error: Object: "rear kusazuri skirt plate +1 row 1", Modifier: "weighted normals", Enable 'Auto Smooth' in Object Data Properties
ERROR (bke.modifier): ./source/blender/blenkernel/intern/modifier.cc:458 BKE_modifier_set_error: Object: "kusazuri skirt plate +0 row 2", Modifier: "weighted normals", Enable 'Auto Smooth' in Object Data Properties
ERROR (bke.modifier): ./source/blender/blenkernel/intern/modifier.cc:458 BKE_modifier_set_error: Object: "left hakama trouser leg", Modifier: "weighted normals", Enable 'Auto Smooth' in Object Data Properties
ERROR (bke.modifier): ./source/blender/blenkernel/intern/modifier.cc:458 BKE_modifier_set_error: Object: "right angular mempo cheek plate", Modifier: "weighted normals", Enable 'Auto Smooth' in Object Data Properties
ERROR (bke.modifier): ./source/blender/blenkernel/intern/modifier.cc:458 BKE_modifier_set_error: Object: "left shin greave", Modifier: "weighted normals", Enable 'Auto Smooth' in Object Data Properties
ERROR (bke.modifier): ./source/blender/blenkernel/intern/modifier.cc:458 BKE_modifier_set_error: Object: "left split-toe tabi foot volume", Modifier: "weighted normals", Enable 'Auto Smooth' in Object Data Properties
ERROR (bke.modifier): ./source/blender/blenkernel/intern/modifier.cc:458 BKE_modifier_set_error: Object: "left separated big toe", Modifier: "weighted normals", Enable 'Auto Smooth' in Object Data Properties
ERROR (bke.modifier): ./source/blender/blenkernel/intern/modifier.cc:458 BKE_modifier_set_error: Object: "left outer toe group", Modifier: "weighted normals", Enable 'Auto Smooth' in Object Data Properties
ERROR (bke.modifier): ./source/blender/blenkernel/intern/modifier.cc:458 BKE_modifier_set_error: Object: "rear kusazuri skirt plate +1 row 2", Modifier: "weighted normals", Enable 'Auto Smooth' in Object Data Properties
ERROR (bke.modifier): ./source/blender/blenkernel/intern/modifier.cc:458 BKE_modifier_set_error: Object: "kusazuri skirt plate +1 row 1", Modifier: "weighted normals", Enable 'Auto Smooth' in Object Data Properties
ERROR (bke.modifier): ./source/blender/blenkernel/intern/modifier.cc:458 BKE_modifier_set_error: Object: "right hakama trouser leg", Modifier: "weighted normals", Enable 'Auto Smooth' in Object Data Properties
ERROR (bke.modifier): ./source/blender/blenkernel/intern/modifier.cc:458 BKE_modifier_set_error: Object: "kusazuri skirt plate +1 row 3", Modifier: "weighted normals", Enable 'Auto Smooth' in Object Data Properties
ERROR (bke.modifier): ./source/blender/blenkernel/intern/modifier.cc:458 BKE_modifier_set_error: Object: "left side hakama fold", Modifier: "weighted normals", Enable 'Auto Smooth' in Object Data Properties
ERROR (bke.modifier): ./source/blender/blenkernel/intern/modifier.cc:458 BKE_modifier_set_error: Object: "rear kusazuri skirt plate +1 row 3", Modifier: "weighted normals", Enable 'Auto Smooth' in Object Data Properties
ERROR (bke.modifier): ./source/blender/blenkernel/intern/modifier.cc:458 BKE_modifier_set_error: Object: "right shin greave", Modifier: "weighted normals", Enable 'Auto Smooth' in Object Data Properties
ERROR (bke.modifier): ./source/blender/blenkernel/intern/modifier.cc:458 BKE_modifier_set_error: Object: "right split-toe tabi foot volume", Modifier: "weighted normals", Enable 'Auto Smooth' in Object Data Properties
ERROR (bke.modifier): ./source/blender/blenkernel/intern/modifier.cc:458 BKE_modifier_set_error: Object: "right separated big toe", Modifier: "weighted normals", Enable 'Auto Smooth' in Object Data Properties
ERROR (bke.modifier): ./source/blender/blenkernel/intern/modifier.cc:458 BKE_modifier_set_error: Object: "right outer toe group", Modifier: "weighted normals", Enable 'Auto Smooth' in Object Data Properties
ERROR (bke.modifier): ./source/blender/blenkernel/intern/modifier.cc:458 BKE_modifier_set_error: Object: "wrapped katana grip", Modifier: "weighted normals", Enable 'Auto Smooth' in Object Data Properties
ERROR (bke.modifier): ./source/blender/blenkernel/intern/modifier.cc:458 BKE_modifier_set_error: Object: "left hanging hakama outer cloth", Modifier: "weighted normals", Enable 'Auto Smooth' in Object Data Properties
ERROR (bke.modifier): ./source/blender/blenkernel/intern/modifier.cc:458 BKE_modifier_set_error: Object: "simple round clan mon on banner", Modifier: "weighted normals", Enable 'Auto Smooth' in Object Data Properties
ERROR (bke.modifier): ./source/blender/blenkernel/intern/modifier.cc:458 BKE_modifier_set_error: Object: "ribcage under-kimono volume", Modifier: "weighted normals", Enable 'Auto Smooth' in Object Data Properties
ERROR (bke.modifier): ./source/blender/blenkernel/intern/modifier.cc:458 BKE_modifier_set_error: Object: "visible human forehead behind mempo", Modifier: "weighted normals", Enable 'Auto Smooth' in Object Data Properties
ERROR (bke.modifier): ./source/blender/blenkernel/intern/modifier.cc:458 BKE_modifier_set_error: Object: "narrow waist under-kimono volume", Modifier: "weighted normals", Enable 'Auto Smooth' in Object Data Properties
ERROR (bke.modifier): ./source/blender/blenkernel/intern/modifier.cc:458 BKE_modifier_set_error: Object: "left woven waraji sole grounded", Modifier: "weighted normals", Enable 'Auto Smooth' in Object Data Properties
ERROR (bke.modifier): ./source/blender/blenkernel/intern/modifier.cc:458 BKE_modifier_set_error: Object: "neck guard collar", Modifier: "weighted normals", Enable 'Auto Smooth' in Object Data Properties
ERROR (bke.modifier): ./source/blender/blenkernel/intern/modifier.cc:458 BKE_modifier_set_error: Object: "thin exposed neck", Modifier: "weighted normals", Enable 'Auto Smooth' in Object Data Properties
ERROR (bke.modifier): ./source/blender/blenkernel/intern/modifier.cc:458 BKE_modifier_set_error: Object: "right hanging hakama outer cloth", Modifier: "weighted normals", Enable 'Auto Smooth' in Object Data Properties
ERROR (bke.modifier): ./source/blender/blenkernel/intern/modifier.cc:458 BKE_modifier_set_error: Object: "right side hakama fold", Modifier: "weighted normals", Enable 'Auto Smooth' in Object Data Properties
ERROR (bke.modifier): ./source/blender/blenkernel/intern/modifier.cc:458 BKE_modifier_set_error: Object: "segmented kabuto helmet bowl", Modifier: "weighted normals", Enable 'Auto Smooth' in Object Data Properties
ERROR (bke.modifier): ./source/blender/blenkernel/intern/modifier.cc:458 BKE_modifier_set_error: Object: "left angular mempo cheek plate", Modifier: "weighted normals", Enable 'Auto Smooth' in Object Data Properties
ERROR (bke.modifier): ./source/blender/blenkernel/intern/modifier.cc:458 BKE_modifier_set_error: Object: "layered rear shikoro neck guard", Modifier: "weighted normals", Enable 'Auto Smooth' in Object Data Properties
ERROR (bke.modifier): ./source/blender/blenkernel/intern/modifier.cc:458 BKE_modifier_set_error: Object: "wide kabuto brim", Modifier: "weighted normals", Enable 'Auto Smooth' in Object Data Properties
ERROR (bke.modifier): ./source/blender/blenkernel/intern/modifier.cc:458 BKE_modifier_set_error: Object: "small lacquered sashimono crossbar", Modifier: "weighted normals", Enable 'Auto Smooth' in Object Data Properties
ERROR (bke.modifier): ./source/blender/blenkernel/intern/modifier.cc:458 BKE_modifier_set_error: Object: "crest central rivet", Modifier: "weighted normals", Enable 'Auto Smooth' in Object Data Properties
ERROR (bke.modifier): ./source/blender/blenkernel/intern/modifier.cc:458 BKE_modifier_set_error: Object: "right woven waraji sole grounded", Modifier: "weighted normals", Enable 'Auto Smooth' in Object Data Properties
ERROR (bke.modifier): ./source/blender/blenkernel/intern/modifier.cc:458 BKE_modifier_set_error: Object: "square tsuba guard", Modifier: "weighted normals", Enable 'Auto Smooth' in Object Data Properties
ERROR (bke.modifier): ./source/blender/blenkernel/intern/modifier.cc:458 BKE_modifier_set_error: Object: "cloth sashimono banner panel", Modifier: "weighted normals", Enable 'Auto Smooth' in Object Data Properties
ERROR (bke.modifier): ./source/blender/blenkernel/intern/modifier.cc:458 BKE_modifier_set_error: Object: "matte charcoal inspection plinth", Modifier: "weighted normals", Enable 'Auto Smooth' in Object Data Properties
ERROR (bke.modifier): ./source/blender/blenkernel/intern/modifier.cc:458 BKE_modifier_set_error: Object: "left side helmet flange", Modifier: "weighted normals", Enable 'Auto Smooth' in Object Data Properties
ERROR (bke.modifier): ./source/blender/blenkernel/intern/modifier.cc:458 BKE_modifier_set_error: Object: "right side helmet flange", Modifier: "weighted normals", Enable 'Auto Smooth' in Object Data Properties
Fra:1 Mem:48.61M (Peak 48.63M) | Time:00:00.05 | Syncing matte charcoal inspection plinth
Fra:1 Mem:48.62M (Peak 48.67M) | Time:00:00.05 | Syncing ribcage under-kimono volume
Fra:1 Mem:48.71M (Peak 48.71M) | Time:00:00.05 | Syncing narrow waist under-kimono volume
Fra:1 Mem:48.78M (Peak 48.78M) | Time:00:00.05 | Syncing visible human forehead behind mem
Fra:1 Mem:48.87M (Peak 48.87M) | Time:00:00.05 | Syncing thin exposed neck
Fra:1 Mem:48.88M (Peak 48.89M) | Time:00:00.05 | Syncing neck guard collar
Fra:1 Mem:48.90M (Peak 48.94M) | Time:00:00.05 | Syncing segmented kabuto helmet bowl
Fra:1 Mem:49.06M (Peak 49.07M) | Time:00:00.05 | Syncing wide kabuto brim
Fra:1 Mem:49.09M (Peak 49.09M) | Time:00:00.05 | Syncing layered rear shikoro neck guard
Fra:1 Mem:49.11M (Peak 49.11M) | Time:00:00.05 | Syncing left side helmet flange
Fra:1 Mem:49.12M (Peak 49.12M) | Time:00:00.05 | Syncing right side helmet flange
Fra:1 Mem:49.13M (Peak 49.13M) | Time:00:00.05 | Syncing golden maedate crescent crest
Fra:1 Mem:49.15M (Peak 49.20M) | Time:00:00.06 | Syncing crest central rivet
Fra:1 Mem:49.16M (Peak 49.20M) | Time:00:00.06 | Syncing left angular mempo cheek plate
Fra:1 Mem:49.18M (Peak 49.22M) | Time:00:00.06 | Syncing right angular mempo cheek plate
Fra:1 Mem:49.20M (Peak 49.22M) | Time:00:00.06 | Syncing mempo chin guard
Fra:1 Mem:49.22M (Peak 49.22M) | Time:00:00.06 | Syncing mempo nose ridge
Fra:1 Mem:49.23M (Peak 49.23M) | Time:00:00.06 | Syncing left narrow eye slit
Fra:1 Mem:49.25M (Peak 49.25M) | Time:00:00.06 | Syncing right narrow eye slit
Fra:1 Mem:49.26M (Peak 49.26M) | Time:00:00.06 | Syncing mempo grim mouth slit
Fra:1 Mem:49.27M (Peak 49.27M) | Time:00:00.06 | Syncing left mask moustache bristle
Fra:1 Mem:49.28M (Peak 49.28M) | Time:00:00.06 | Syncing right mask moustache bristle
Fra:1 Mem:49.29M (Peak 49.29M) | Time:00:00.06 | Syncing throat guard row 1 bevelled lamel
Fra:1 Mem:49.31M (Peak 49.31M) | Time:00:00.06 | Syncing throat guard row 1 bevelled lamel
Fra:1 Mem:49.33M (Peak 49.33M) | Time:00:00.06 | Syncing throat guard row 1 bevelled lamel
Fra:1 Mem:49.34M (Peak 49.34M) | Time:00:00.06 | Syncing throat guard row 1 bevelled lamel
Fra:1 Mem:49.36M (Peak 49.36M) | Time:00:00.06 | Syncing throat guard row 1 bevelled lamel
Fra:1 Mem:49.38M (Peak 49.38M) | Time:00:00.06 | Syncing throat guard row 2 bevelled lamel
Fra:1 Mem:49.40M (Peak 49.40M) | Time:00:00.06 | Syncing throat guard row 2 bevelled lamel
Fra:1 Mem:49.42M (Peak 49.42M) | Time:00:00.06 | Syncing throat guard row 2 bevelled lamel
Fra:1 Mem:49.44M (Peak 49.44M) | Time:00:00.06 | Syncing throat guard row 2 bevelled lamel
Fra:1 Mem:49.46M (Peak 49.46M) | Time:00:00.06 | Syncing throat guard row 2 bevelled lamel
Fra:1 Mem:49.48M (Peak 49.48M) | Time:00:00.06 | Syncing throat guard row 3 bevelled lamel
Fra:1 Mem:49.50M (Peak 49.50M) | Time:00:00.06 | Syncing throat guard row 3 bevelled lamel
Fra:1 Mem:49.52M (Peak 49.52M) | Time:00:00.06 | Syncing throat guard row 3 bevelled lamel
Fra:1 Mem:49.54M (Peak 49.54M) | Time:00:00.06 | Syncing throat guard row 3 bevelled lamel
Fra:1 Mem:49.56M (Peak 49.56M) | Time:00:00.06 | Syncing throat guard row 3 bevelled lamel
Fra:1 Mem:49.58M (Peak 49.58M) | Time:00:00.06 | Syncing front under-kimono chest panel
Fra:1 Mem:49.60M (Peak 49.60M) | Time:00:00.06 | Syncing rear under-kimono back panel
Fra:1 Mem:49.63M (Peak 49.63M) | Time:00:00.06 | Syncing upper do cuirass fitted shell
Fra:1 Mem:49.73M (Peak 49.73M) | Time:00:00.06 | Syncing lower do cuirass narrowed shell
Fra:1 Mem:49.81M (Peak 49.81M) | Time:00:00.06 | Syncing front cuirass row 1 bevelled lame
Fra:1 Mem:49.83M (Peak 49.83M) | Time:00:00.06 | Syncing front cuirass row 1 bevelled lame
Fra:1 Mem:49.85M (Peak 49.85M) | Time:00:00.06 | Syncing front cuirass row 1 bevelled lame
Fra:1 Mem:49.87M (Peak 49.87M) | Time:00:00.06 | Syncing front cuirass row 1 bevelled lame
Fra:1 Mem:49.89M (Peak 49.89M) | Time:00:00.06 | Syncing front cuirass row 1 bevelled lame
Fra:1 Mem:49.91M (Peak 49.91M) | Time:00:00.06 | Syncing front cuirass row 1 bevelled lame
Fra:1 Mem:49.93M (Peak 49.93M) | Time:00:00.06 | Syncing front cuirass row 1 bevelled lame
Fra:1 Mem:49.95M (Peak 49.95M) | Time:00:00.06 | Syncing front cuirass row 1 bevelled lame
Fra:1 Mem:49.97M (Peak 49.97M) | Time:00:00.06 | Syncing rear cuirass row 1 bevelled lamel
Fra:1 Mem:49.99M (Peak 49.99M) | Time:00:00.06 | Syncing rear cuirass row 1 bevelled lamel
Fra:1 Mem:50.01M (Peak 50.01M) | Time:00:00.06 | Syncing rear cuirass row 1 bevelled lamel
Fra:1 Mem:50.03M (Peak 50.03M) | Time:00:00.06 | Syncing rear cuirass row 1 bevelled lamel
Fra:1 Mem:50.05M (Peak 50.05M) | Time:00:00.06 | Syncing rear cuirass row 1 bevelled lamel
Fra:1 Mem:50.07M (Peak 50.07M) | Time:00:00.06 | Syncing rear cuirass row 1 bevelled lamel
Fra:1 Mem:50.08M (Peak 50.08M) | Time:00:00.06 | Syncing rear cuirass row 1 bevelled lamel
Fra:1 Mem:50.10M (Peak 50.10M) | Time:00:00.06 | Syncing rear cuirass row 1 bevelled lamel
Fra:1 Mem:50.12M (Peak 50.12M) | Time:00:00.06 | Syncing front cuirass row 2 bevelled lame
Fra:1 Mem:50.14M (Peak 50.14M) | Time:00:00.06 | Syncing front cuirass row 2 bevelled lame
Fra:1 Mem:50.16M (Peak 50.16M) | Time:00:00.06 | Syncing front cuirass row 2 bevelled lame
Fra:1 Mem:50.18M (Peak 50.18M) | Time:00:00.06 | Syncing front cuirass row 2 bevelled lame
Fra:1 Mem:50.20M (Peak 50.20M) | Time:00:00.06 | Syncing front cuirass row 2 bevelled lame
Fra:1 Mem:50.22M (Peak 50.22M) | Time:00:00.06 | Syncing front cuirass row 2 bevelled lame
Fra:1 Mem:50.24M (Peak 50.24M) | Time:00:00.06 | Syncing front cuirass row 2 bevelled lame
Fra:1 Mem:50.26M (Peak 50.26M) | Time:00:00.06 | Syncing front cuirass row 2 bevelled lame
Fra:1 Mem:50.28M (Peak 50.28M) | Time:00:00.06 | Syncing rear cuirass row 2 bevelled lamel
Fra:1 Mem:50.30M (Peak 50.30M) | Time:00:00.06 | Syncing rear cuirass row 2 bevelled lamel
Fra:1 Mem:50.32M (Peak 50.32M) | Time:00:00.06 | Syncing rear cuirass row 2 bevelled lamel
Fra:1 Mem:50.34M (Peak 50.34M) | Time:00:00.06 | Syncing rear cuirass row 2 bevelled lamel
Fra:1 Mem:50.36M (Peak 50.36M) | Time:00:00.06 | Syncing rear cuirass row 2 bevelled lamel
Fra:1 Mem:50.38M (Peak 50.38M) | Time:00:00.06 | Syncing rear cuirass row 2 bevelled lamel
Fra:1 Mem:50.40M (Peak 50.40M) | Time:00:00.06 | Syncing rear cuirass row 2 bevelled lamel
Fra:1 Mem:50.41M (Peak 50.41M) | Time:00:00.06 | Syncing rear cuirass row 2 bevelled lamel
Fra:1 Mem:50.43M (Peak 50.43M) | Time:00:00.06 | Syncing front cuirass row 3 bevelled lame
Fra:1 Mem:50.45M (Peak 50.45M) | Time:00:00.06 | Syncing front cuirass row 3 bevelled lame
Fra:1 Mem:50.47M (Peak 50.47M) | Time:00:00.06 | Syncing front cuirass row 3 bevelled lame
Fra:1 Mem:50.49M (Peak 50.49M) | Time:00:00.06 | Syncing front cuirass row 3 bevelled lame
Fra:1 Mem:50.51M (Peak 50.51M) | Time:00:00.06 | Syncing front cuirass row 3 bevelled lame
Fra:1 Mem:50.53M (Peak 50.53M) | Time:00:00.06 | Syncing front cuirass row 3 bevelled lame
Fra:1 Mem:50.55M (Peak 50.55M) | Time:00:00.06 | Syncing front cuirass row 3 bevelled lame
Fra:1 Mem:50.57M (Peak 50.57M) | Time:00:00.06 | Syncing front cuirass row 3 bevelled lame
Fra:1 Mem:50.59M (Peak 50.59M) | Time:00:00.06 | Syncing rear cuirass row 3 bevelled lamel
Fra:1 Mem:50.61M (Peak 50.61M) | Time:00:00.06 | Syncing rear cuirass row 3 bevelled lamel
Fra:1 Mem:50.63M (Peak 50.63M) | Time:00:00.06 | Syncing rear cuirass row 3 bevelled lamel
Fra:1 Mem:50.65M (Peak 50.65M) | Time:00:00.06 | Syncing rear cuirass row 3 bevelled lamel
Fra:1 Mem:50.67M (Peak 50.67M) | Time:00:00.06 | Syncing rear cuirass row 3 bevelled lamel
Fra:1 Mem:50.68M (Peak 50.68M) | Time:00:00.06 | Syncing rear cuirass row 3 bevelled lamel
Fra:1 Mem:50.70M (Peak 50.70M) | Time:00:00.06 | Syncing rear cuirass row 3 bevelled lamel
Fra:1 Mem:50.72M (Peak 50.72M) | Time:00:00.06 | Syncing rear cuirass row 3 bevelled lamel
Fra:1 Mem:50.74M (Peak 50.74M) | Time:00:00.07 | Syncing front cuirass row 4 bevelled lame
Fra:1 Mem:50.76M (Peak 50.76M) | Time:00:00.07 | Syncing front cuirass row 4 bevelled lame
Fra:1 Mem:50.78M (Peak 50.78M) | Time:00:00.07 | Syncing front cuirass row 4 bevelled lame
Fra:1 Mem:50.80M (Peak 50.80M) | Time:00:00.07 | Syncing front cuirass row 4 bevelled lame
Fra:1 Mem:50.82M (Peak 50.82M) | Time:00:00.07 | Syncing front cuirass row 4 bevelled lame
Fra:1 Mem:50.84M (Peak 50.84M) | Time:00:00.07 | Syncing front cuirass row 4 bevelled lame
Fra:1 Mem:50.86M (Peak 50.86M) | Time:00:00.07 | Syncing front cuirass row 4 bevelled lame
Fra:1 Mem:50.88M (Peak 50.88M) | Time:00:00.07 | Syncing front cuirass row 4 bevelled lame
Fra:1 Mem:50.90M (Peak 50.90M) | Time:00:00.07 | Syncing rear cuirass row 4 bevelled lamel
Fra:1 Mem:50.92M (Peak 50.92M) | Time:00:00.07 | Syncing rear cuirass row 4 bevelled lamel
Fra:1 Mem:50.94M (Peak 50.94M) | Time:00:00.07 | Syncing rear cuirass row 4 bevelled lamel
Fra:1 Mem:50.95M (Peak 50.95M) | Time:00:00.07 | Syncing rear cuirass row 4 bevelled lamel
Fra:1 Mem:50.97M (Peak 50.97M) | Time:00:00.07 | Syncing rear cuirass row 4 bevelled lamel
Fra:1 Mem:50.99M (Peak 50.99M) | Time:00:00.07 | Syncing rear cuirass row 4 bevelled lamel
Fra:1 Mem:51.01M (Peak 51.01M) | Time:00:00.07 | Syncing rear cuirass row 4 bevelled lamel
Fra:1 Mem:51.03M (Peak 51.03M) | Time:00:00.07 | Syncing rear cuirass row 4 bevelled lamel
Fra:1 Mem:51.05M (Peak 51.05M) | Time:00:00.07 | Syncing front cuirass row 5 bevelled lame
Fra:1 Mem:51.07M (Peak 51.07M) | Time:00:00.07 | Syncing front cuirass row 5 bevelled lame
Fra:1 Mem:51.09M (Peak 51.09M) | Time:00:00.07 | Syncing front cuirass row 5 bevelled lame
Fra:1 Mem:51.11M (Peak 51.11M) | Time:00:00.07 | Syncing front cuirass row 5 bevelled lame
Fra:1 Mem:51.13M (Peak 51.13M) | Time:00:00.07 | Syncing front cuirass row 5 bevelled lame
Fra:1 Mem:51.15M (Peak 51.15M) | Time:00:00.07 | Syncing front cuirass row 5 bevelled lame
Fra:1 Mem:51.17M (Peak 51.17M) | Time:00:00.07 | Syncing front cuirass row 5 bevelled lame
Fra:1 Mem:51.19M (Peak 51.19M) | Time:00:00.07 | Syncing front cuirass row 5 bevelled lame
Fra:1 Mem:51.21M (Peak 51.21M) | Time:00:00.07 | Syncing rear cuirass row 5 bevelled lamel
Fra:1 Mem:51.23M (Peak 51.23M) | Time:00:00.07 | Syncing rear cuirass row 5 bevelled lamel
Fra:1 Mem:51.24M (Peak 51.24M) | Time:00:00.07 | Syncing rear cuirass row 5 bevelled lamel
Fra:1 Mem:51.26M (Peak 51.26M) | Time:00:00.07 | Syncing rear cuirass row 5 bevelled lamel
Fra:1 Mem:51.28M (Peak 51.28M) | Time:00:00.07 | Syncing rear cuirass row 5 bevelled lamel
Fra:1 Mem:51.30M (Peak 51.30M) | Time:00:00.07 | Syncing rear cuirass row 5 bevelled lamel
Fra:1 Mem:51.32M (Peak 51.32M) | Time:00:00.07 | Syncing rear cuirass row 5 bevelled lamel
Fra:1 Mem:51.34M (Peak 51.34M) | Time:00:00.07 | Syncing rear cuirass row 5 bevelled lamel
Fra:1 Mem:51.36M (Peak 51.36M) | Time:00:00.07 | Syncing front cuirass vertical odoshi lac
Fra:1 Mem:51.36M (Peak 51.42M) | Time:00:00.07 | Syncing front cuirass vertical odoshi lac
Fra:1 Mem:51.37M (Peak 51.42M) | Time:00:00.07 | Syncing front cuirass vertical odoshi lac
Fra:1 Mem:51.37M (Peak 51.42M) | Time:00:00.07 | Syncing front cuirass vertical odoshi lac
Fra:1 Mem:51.38M (Peak 51.42M) | Time:00:00.07 | Syncing front cuirass vertical odoshi lac
Fra:1 Mem:51.39M (Peak 51.42M) | Time:00:00.07 | Syncing front cuirass vertical odoshi lac
Fra:1 Mem:51.39M (Peak 51.42M) | Time:00:00.07 | Syncing rear cuirass vertical odoshi lace
Fra:1 Mem:51.40M (Peak 51.42M) | Time:00:00.07 | Syncing rear cuirass vertical odoshi lace
Fra:1 Mem:51.41M (Peak 51.42M) | Time:00:00.07 | Syncing rear cuirass vertical odoshi lace
Fra:1 Mem:51.41M (Peak 51.42M) | Time:00:00.07 | Syncing rear cuirass vertical odoshi lace
Fra:1 Mem:51.42M (Peak 51.42M) | Time:00:00.07 | Syncing rear cuirass vertical odoshi lace
Fra:1 Mem:51.43M (Peak 51.43M) | Time:00:00.07 | Syncing left side cuirass plate 1
Fra:1 Mem:51.44M (Peak 51.44M) | Time:00:00.07 | Syncing left side cuirass plate 2
Fra:1 Mem:51.45M (Peak 51.45M) | Time:00:00.07 | Syncing left side cuirass plate 3
Fra:1 Mem:51.47M (Peak 51.47M) | Time:00:00.07 | Syncing right side cuirass plate 1
Fra:1 Mem:51.48M (Peak 51.48M) | Time:00:00.07 | Syncing right side cuirass plate 2
Fra:1 Mem:51.50M (Peak 51.50M) | Time:00:00.07 | Syncing right side cuirass plate 3
Fra:1 Mem:51.51M (Peak 51.51M) | Time:00:00.07 | Syncing left shoulder undercloth
Fra:1 Mem:51.57M (Peak 51.57M) | Time:00:00.07 | Syncing left hanging sode shoulder plate 
Fra:1 Mem:51.58M (Peak 51.58M) | Time:00:00.07 | Syncing left hanging sode shoulder plate 
Fra:1 Mem:51.60M (Peak 51.60M) | Time:00:00.07 | Syncing left hanging sode shoulder plate 
Fra:1 Mem:51.62M (Peak 51.62M) | Time:00:00.07 | Syncing left hanging sode shoulder plate 
Fra:1 Mem:51.64M (Peak 51.64M) | Time:00:00.07 | Syncing left armored upper arm
Fra:1 Mem:51.70M (Peak 51.70M) | Time:00:00.07 | Syncing left sode shoulder armor
Fra:1 Mem:51.74M (Peak 51.74M) | Time:00:00.07 | Syncing left kote forearm guard
Fra:1 Mem:51.80M (Peak 51.80M) | Time:00:00.07 | Syncing left leather palm volume
Fra:1 Mem:51.83M (Peak 51.85M) | Time:00:00.07 | Syncing left articulated index finger
Fra:1 Mem:51.84M (Peak 51.85M) | Time:00:00.07 | Syncing left index fingertip
Fra:1 Mem:51.86M (Peak 51.86M) | Time:00:00.07 | Syncing left articulated middle finger
Fra:1 Mem:51.87M (Peak 51.87M) | Time:00:00.07 | Syncing left middle fingertip
Fra:1 Mem:51.88M (Peak 51.88M) | Time:00:00.07 | Syncing left articulated ring finger
Fra:1 Mem:51.89M (Peak 51.89M) | Time:00:00.07 | Syncing left ring fingertip
Fra:1 Mem:51.93M (Peak 51.93M) | Time:00:00.07 | Syncing left articulated pinky finger
Fra:1 Mem:51.94M (Peak 51.94M) | Time:00:00.07 | Syncing left pinky fingertip
Fra:1 Mem:51.95M (Peak 51.95M) | Time:00:00.07 | Syncing left opposed thumb
Fra:1 Mem:51.96M (Peak 51.96M) | Time:00:00.07 | Syncing left thumb fingertip
Fra:1 Mem:51.97M (Peak 51.97M) | Time:00:00.07 | Syncing right shoulder undercloth
Fra:1 Mem:52.03M (Peak 52.03M) | Time:00:00.07 | Syncing right hanging sode shoulder plate
Fra:1 Mem:52.05M (Peak 52.05M) | Time:00:00.07 | Syncing right hanging sode shoulder plate
Fra:1 Mem:52.07M (Peak 52.07M) | Time:00:00.07 | Syncing right hanging sode shoulder plate
Fra:1 Mem:52.09M (Peak 52.09M) | Time:00:00.07 | Syncing right hanging sode shoulder plate
Fra:1 Mem:52.11M (Peak 52.11M) | Time:00:00.07 | Syncing right armored upper arm
Fra:1 Mem:52.16M (Peak 52.16M) | Time:00:00.07 | Syncing right sode shoulder armor
Fra:1 Mem:52.20M (Peak 52.20M) | Time:00:00.07 | Syncing right kote forearm guard
Fra:1 Mem:52.26M (Peak 52.26M) | Time:00:00.07 | Syncing right leather palm volume
Fra:1 Mem:52.30M (Peak 52.30M) | Time:00:00.07 | Syncing right articulated index finger
Fra:1 Mem:52.31M (Peak 52.31M) | Time:00:00.07 | Syncing right index fingertip
Fra:1 Mem:52.32M (Peak 52.32M) | Time:00:00.07 | Syncing right articulated middle finger
Fra:1 Mem:52.33M (Peak 52.33M) | Time:00:00.07 | Syncing right middle fingertip
Fra:1 Mem:52.34M (Peak 52.34M) | Time:00:00.07 | Syncing right articulated ring finger
Fra:1 Mem:52.35M (Peak 52.35M) | Time:00:00.07 | Syncing right ring fingertip
Fra:1 Mem:52.36M (Peak 52.36M) | Time:00:00.07 | Syncing right articulated pinky finger
Fra:1 Mem:52.37M (Peak 52.37M) | Time:00:00.07 | Syncing right pinky fingertip
Fra:1 Mem:52.38M (Peak 52.38M) | Time:00:00.07 | Syncing right opposed thumb
Fra:1 Mem:52.39M (Peak 52.39M) | Time:00:00.07 | Syncing right thumb fingertip
Fra:1 Mem:52.41M (Peak 52.41M) | Time:00:00.07 | Syncing kusazuri skirt plate -1 row 1
Fra:1 Mem:52.42M (Peak 52.42M) | Time:00:00.07 | Syncing rear kusazuri skirt plate -1 row 
Fra:1 Mem:52.43M (Peak 52.43M) | Time:00:00.07 | Syncing kusazuri skirt plate -1 row 2
Fra:1 Mem:52.45M (Peak 52.45M) | Time:00:00.07 | Syncing rear kusazuri skirt plate -1 row 
Fra:1 Mem:52.46M (Peak 52.46M) | Time:00:00.07 | Syncing kusazuri skirt plate -1 row 3
Fra:1 Mem:52.48M (Peak 52.48M) | Time:00:00.07 | Syncing rear kusazuri skirt plate -1 row 
Fra:1 Mem:52.49M (Peak 52.49M) | Time:00:00.07 | Syncing kusazuri skirt plate +0 row 1
Fra:1 Mem:52.50M (Peak 52.50M) | Time:00:00.07 | Syncing rear kusazuri skirt plate +0 row 
Fra:1 Mem:52.52M (Peak 52.52M) | Time:00:00.07 | Syncing kusazuri skirt plate +0 row 2
Fra:1 Mem:52.53M (Peak 52.53M) | Time:00:00.07 | Syncing rear kusazuri skirt plate +0 row 
Fra:1 Mem:52.54M (Peak 52.54M) | Time:00:00.07 | Syncing kusazuri skirt plate +0 row 3
Fra:1 Mem:52.56M (Peak 52.56M) | Time:00:00.07 | Syncing rear kusazuri skirt plate +0 row 
Fra:1 Mem:52.57M (Peak 52.57M) | Time:00:00.07 | Syncing kusazuri skirt plate +1 row 1
Fra:1 Mem:52.59M (Peak 52.59M) | Time:00:00.07 | Syncing rear kusazuri skirt plate +1 row 
Fra:1 Mem:52.60M (Peak 52.60M) | Time:00:00.07 | Syncing kusazuri skirt plate +1 row 2
Fra:1 Mem:52.61M (Peak 52.61M) | Time:00:00.07 | Syncing rear kusazuri skirt plate +1 row 
Fra:1 Mem:52.63M (Peak 52.63M) | Time:00:00.07 | Syncing kusazuri skirt plate +1 row 3
Fra:1 Mem:52.64M (Peak 52.64M) | Time:00:00.07 | Syncing rear kusazuri skirt plate +1 row 
Fra:1 Mem:52.66M (Peak 52.66M) | Time:00:00.07 | Syncing left hanging hakama outer cloth
Fra:1 Mem:52.68M (Peak 52.68M) | Time:00:00.07 | Syncing left side hakama fold
Fra:1 Mem:52.71M (Peak 52.71M) | Time:00:00.08 | Syncing right hanging hakama outer cloth
Fra:1 Mem:52.74M (Peak 52.74M) | Time:00:00.08 | Syncing right side hakama fold
Fra:1 Mem:52.76M (Peak 52.76M) | Time:00:00.08 | Syncing left hakama trouser leg
Fra:1 Mem:52.82M (Peak 52.82M) | Time:00:00.08 | Syncing left shin greave
Fra:1 Mem:52.87M (Peak 52.87M) | Time:00:00.08 | Syncing left split-toe tabi foot volume
Fra:1 Mem:52.92M (Peak 52.92M) | Time:00:00.08 | Syncing left separated big toe
Fra:1 Mem:52.94M (Peak 52.94M) | Time:00:00.08 | Syncing left outer toe group
Fra:1 Mem:52.96M (Peak 52.96M) | Time:00:00.08 | Syncing left woven waraji sole grounded
Fra:1 Mem:52.97M (Peak 52.97M) | Time:00:00.08 | Syncing left sandal toe strap
Fra:1 Mem:52.98M (Peak 52.98M) | Time:00:00.08 | Syncing left heel strap
Fra:1 Mem:52.98M (Peak 52.98M) | Time:00:00.08 | Syncing left hakama pleat 1
Fra:1 Mem:52.99M (Peak 52.99M) | Time:00:00.08 | Syncing left hakama pleat 2
Fra:1 Mem:52.99M (Peak 52.99M) | Time:00:00.08 | Syncing left hakama pleat 3
Fra:1 Mem:53.00M (Peak 53.00M) | Time:00:00.08 | Syncing right hakama trouser leg
Fra:1 Mem:53.06M (Peak 53.06M) | Time:00:00.08 | Syncing right shin greave
Fra:1 Mem:53.11M (Peak 53.11M) | Time:00:00.08 | Syncing right split-toe tabi foot volume
Fra:1 Mem:53.16M (Peak 53.16M) | Time:00:00.08 | Syncing right separated big toe
Fra:1 Mem:53.18M (Peak 53.18M) | Time:00:00.08 | Syncing right outer toe group
Fra:1 Mem:53.20M (Peak 53.20M) | Time:00:00.08 | Syncing right woven waraji sole grounded
Fra:1 Mem:53.21M (Peak 53.21M) | Time:00:00.08 | Syncing right sandal toe strap
Fra:1 Mem:53.22M (Peak 53.22M) | Time:00:00.08 | Syncing right heel strap
Fra:1 Mem:53.22M (Peak 53.22M) | Time:00:00.08 | Syncing right hakama pleat 1
Fra:1 Mem:53.23M (Peak 53.23M) | Time:00:00.08 | Syncing right hakama pleat 2
Fra:1 Mem:53.23M (Peak 53.23M) | Time:00:00.08 | Syncing right hakama pleat 3
Fra:1 Mem:53.24M (Peak 53.24M) | Time:00:00.08 | Syncing drawn katana blade spine
Fra:1 Mem:53.25M (Peak 53.30M) | Time:00:00.08 | Syncing bright sharpened katana edge
Fra:1 Mem:53.26M (Peak 53.31M) | Time:00:00.08 | Syncing wrapped katana grip
Fra:1 Mem:53.27M (Peak 53.31M) | Time:00:00.08 | Syncing square tsuba guard
Fra:1 Mem:53.28M (Peak 53.31M) | Time:00:00.08 | Syncing lacquered saya scabbard at left h
Fra:1 Mem:53.28M (Peak 53.31M) | Time:00:00.08 | Syncing waist sash tying armor
Fra:1 Mem:53.29M (Peak 53.31M) | Time:00:00.08 | Syncing bamboo sashimono back pole
Fra:1 Mem:53.30M (Peak 53.31M) | Time:00:00.08 | Syncing small lacquered sashimono crossba
Fra:1 Mem:53.31M (Peak 53.31M) | Time:00:00.08 | Syncing cloth sashimono banner panel
Fra:1 Mem:53.33M (Peak 53.37M) | Time:00:00.08 | Syncing simple round clan mon on banner
Fra:1 Mem:53.37M (Peak 53.37M) | Time:00:00.08 | Syncing cool key
Fra:1 Mem:53.37M (Peak 53.37M) | Time:00:00.08 | Syncing rim
Fra:1 Mem:53.37M (Peak 53.37M) | Time:00:00.08 | Syncing hero cam
Fra:1 Mem:53.37M (Peak 53.37M) | Time:00:00.08 | Syncing samurai_v2_provenance
Fra:1 Mem:53.45M (Peak 53.55M) | Time:00:00.09 | Rendering 1 / 32 samples
Fra:1 Mem:50.93M (Peak 53.55M) | Time:00:02.47 | Rendering 26 / 32 samples
Fra:1 Mem:50.93M (Peak 53.55M) | Time:00:02.90 | Rendering 32 / 32 samples
Saved: '/tmp/factoryx-v23-render/samurai-repaired-full-20-v23/takeda-01/turntable_007.png'
 Time: 00:03.01 (Saving: 00:00.03)

03:17:04 | INFO: Primitives created: 1
03:17:04 | INFO: Extracting primitive: Cube.124
03:17:04 | INFO: Primitives created: 1
03:17:04 | INFO: Extracting primitive: Cube.125
03:17:04 | INFO: Primitives created: 1
03:17:04 | INFO: Extracting primitive: Cube.126
03:17:04 | INFO: Primitives created: 1
03:17:04 | INFO: Extracting primitive: Cube.127
03:17:04 | INFO: Primitives created: 1
03:17:04 | INFO: Extracting primitive: Cube.128
03:17:04 | INFO: Primitives created: 1
03:17:04 | INFO: Extracting primitive: Cube.129
03:17:04 | INFO: Primitives created: 1
03:17:04 | INFO: Extracting primitive: Cube.130
03:17:04 | INFO: Primitives created: 1
03:17:04 | INFO: Extracting primitive: Cube.131
03:17:04 | INFO: Primitives created: 1
03:17:04 | INFO: Extracting primitive: Cube.132
03:17:04 | INFO: Primitives created: 1
03:17:04 | INFO: Extracting primitive: Cube.133
03:17:04 | INFO: Primitives created: 1
03:17:04 | INFO: Extracting primitive: Cube.134
03:17:04 | INFO: Primitives created: 1
03:17:04 | INFO: Extracting primitive: Cube.135
03:17:04 | INFO: Primitives created: 1
03:17:04 | INFO: Extracting primitive: Cube.136
03:17:04 | INFO: Primitives created: 1
03:17:04 | INFO: Extracting primitive: Cube.137
03:17:04 | INFO: Primitives created: 1
03:17:04 | INFO: Extracting primitive: Cube.138
03:17:04 | INFO: Primitives created: 1
03:17:04 | INFO: Extracting primitive: Cube.139
03:17:04 | INFO: Primitives created: 1
03:17:04 | INFO: Extracting primitive: Cube.140
03:17:04 | INFO: Primitives created: 1
03:17:04 | INFO: Extracting primitive: Cube.141
03:17:04 | INFO: Primitives created: 1
03:17:04 | INFO: Extracting primitive: Cube.142
03:17:04 | INFO: Primitives created: 1
03:17:04 | INFO: Extracting primitive: Cube.143
03:17:04 | INFO: Primitives created: 1
03:17:04 | INFO: Extracting primitive: Sphere.026
03:17:04 | INFO: Primitives created: 1
03:17:04 | INFO: Extracting primitive: Sphere.027
03:17:04 | INFO: Primitives created: 1
03:17:04 | INFO: Extracting primitive: Sphere.028
03:17:04 | INFO: Primitives created: 1
03:17:04 | INFO: Extracting primitive: Sphere.029
03:17:04 | INFO: Primitives created: 1
03:17:04 | INFO: Extracting primitive: Sphere.030
03:17:04 | INFO: Primitives created: 1
03:17:04 | INFO: Extracting primitive: Cube.144
03:17:04 | INFO: Primitives created: 1
03:17:04 | INFO: Extracting primitive: left sandal toe strap
03:17:04 | INFO: Primitives created: 1
03:17:04 | INFO: Extracting primitive: left heel strap
03:17:04 | INFO: Primitives created: 1
03:17:04 | INFO: Extracting primitive: left hakama pleat 1
03:17:04 | INFO: Primitives created: 1
03:17:04 | INFO: Extracting primitive: left hakama pleat 2
03:17:04 | INFO: Primitives created: 1
03:17:04 | INFO: Extracting primitive: left hakama pleat 3
03:17:04 | INFO: Primitives created: 1
03:17:04 | INFO: Extracting primitive: Sphere.031
03:17:04 | INFO: Primitives created: 1
03:17:04 | INFO: Extracting primitive: Sphere.032
03:17:04 | INFO: Primitives created: 1
03:17:04 | INFO: Extracting primitive: Sphere.033
03:17:04 | INFO: Primitives created: 1
03:17:04 | INFO: Extracting primitive: Sphere.034
03:17:04 | INFO: Primitives created: 1
03:17:04 | INFO: Extracting primitive: Sphere.035
03:17:04 | INFO: Primitives created: 1
03:17:04 | INFO: Extracting primitive: Cube.145
03:17:04 | INFO: Primitives created: 1
03:17:04 | INFO: Extracting primitive: right sandal toe strap
03:17:04 | INFO: Primitives created: 1
03:17:04 | INFO: Extracting primitive: right heel strap
03:17:04 | INFO: Primitives created: 1
03:17:04 | INFO: Extracting primitive: right hakama pleat 1
03:17:04 | INFO: Primitives created: 1
03:17:04 | INFO: Extracting primitive: right hakama pleat 2
03:17:04 | INFO: Primitives created: 1
03:17:04 | INFO: Extracting primitive: right hakama pleat 3
03:17:04 | INFO: Primitives created: 1
03:17:04 | INFO: Extracting primitive: drawn katana blade spine
03:17:04 | INFO: Primitives created: 1
03:17:04 | INFO: Extracting primitive: bright sharpened katana edge
03:17:04 | INFO: Primitives created: 1
03:17:04 | INFO: Extracting primitive: Cylinder.003
03:17:04 | INFO: Primitives created: 1
03:17:04 | INFO: Extracting primitive: Cube.146
03:17:04 | INFO: Primitives created: 1
03:17:04 | INFO: Extracting primitive: lacquered saya scabbard at left hip
03:17:04 | INFO: Primitives created: 1
03:17:04 | INFO: Extracting primitive: waist sash tying armor
03:17:04 | INFO: Primitives created: 1
03:17:04 | INFO: Extracting primitive: bamboo sashimono back pole
03:17:04 | INFO: Primitives created: 1
03:17:04 | INFO: Extracting primitive: Cube.147
03:17:04 | INFO: Primitives created: 1
03:17:04 | INFO: Extracting primitive: Cube.148
03:17:04 | INFO: Primitives created: 1
03:17:04 | INFO: Extracting primitive: Sphere.036
03:17:04 | INFO: Primitives created: 1
03:17:05 | INFO: Finished glTF 2.0 export in 0.11252403259277344 s


Blender quit
