Info: Saved as "samurai_battlefield_pack_source.blend"
INFO Draco mesh compression is available, use library at /Applications/Blender.app/Contents/Resources/5.1/scripts/addons_core/io_scene_gltf2/libextern_draco.dylib
13:21:00 | INFO: Starting glTF 2.0 export
13:21:00 | INFO: Extracting primitive: rolling shinano countryside battlefield ground mesh
13:21:00 | INFO: Primitives created: 1
13:21:00 | INFO: Extracting primitive: Sphere
13:21:00 | INFO: Primitives created: 1
13:21:00 | INFO: Extracting primitive: Sphere.001
13:21:00 | INFO: Primitives created: 1
13:21:00 | INFO: Extracting primitive: Sphere.002
13:21:00 | INFO: Primitives created: 1
13:21:00 | INFO: Extracting primitive: Sphere.003
13:21:00 | INFO: Primitives created: 1
13:21:00 | INFO: Extracting primitive: Sphere.004
13:21:00 | INFO: Primitives created: 1
13:21:00 | INFO: Extracting primitive: Sphere.005
13:21:00 | INFO: Primitives created: 1
13:21:00 | INFO: Extracting primitive: Sphere.006
13:21:00 | INFO: Primitives created: 1
13:21:00 | INFO: Extracting primitive: Sphere.007
13:21:00 | INFO: Primitives created: 1
13:21:00 | INFO: Extracting primitive: Sphere.008
13:21:00 | INFO: Primitives created: 1
13:21:00 | INFO: Extracting primitive: Sphere.009
13:21:00 | INFO: Primitives created: 1
13:21:00 | INFO: Extracting primitive: Sphere.010
13:21:00 | INFO: Primitives created: 1
13:21:00 | INFO: Extracting primitive: Sphere.011
13:21:00 | INFO: Primitives created: 1
13:21:00 | INFO: Extracting primitive: rice paddy green shoots 1 -4.1
13:21:00 | INFO: Primitives created: 1
13:21:00 | INFO: Extracting primitive: rice paddy green shoots 1 -3.7
13:21:00 | INFO: Primitives created: 1
13:21:00 | INFO: Extracting primitive: rice paddy green shoots 1 -3.3
13:21:00 | INFO: Primitives created: 1
13:21:00 | INFO: Extracting primitive: Sphere.012
13:21:00 | INFO: Primitives created: 1
13:21:00 | INFO: Extracting primitive: rice paddy green shoots 2 -4.1
13:21:00 | INFO: Primitives created: 1
13:21:00 | INFO: Extracting primitive: rice paddy green shoots 2 -3.7
13:21:00 | INFO: Primitives created: 1
13:21:00 | INFO: Extracting primitive: rice paddy green shoots 2 -3.3
13:21:00 | INFO: Primitives created: 1
13:21:00 | INFO: Extracting primitive: Sphere.013
13:21:00 | INFO: Primitives created: 1
13:21:00 | INFO: Extracting primitive: rice paddy green shoots 3 -4.1
13:21:00 | INFO: Primitives created: 1
13:21:00 | INFO: Extracting primitive: rice paddy green shoots 3 -3.7
13:21:00 | INFO: Primitives created: 1
13:21:00 | INFO: Extracting primitive: rice paddy green shoots 3 -3.3
13:21:00 | INFO: Primitives created: 1
13:21:00 | INFO: Extracting primitive: Sphere.014
13:21:00 | INFO: Primitives created: 1
13:21:00 | INFO: Extracting primitive: rice paddy green shoots 4 -4.1
13:21:00 | INFO: Primitives created: 1
13:21:00 | INFO: Extracting primitive: rice paddy green shoots 4 -3.7
13:21:00 | INFO: Primitives created: 1
13:21:00 | INFO: Extracting primitive: rice paddy green shoots 4 -3.3
13:21:00 | INFO: Primitives created: 1
13:21:00 | INFO: Extracting primitive: riverbank reed cluster 1
13:21:00 | INFO: Primitives created: 1
13:21:00 | INFO: Extracting primitive: far riverbank reed cluster 1
13:21:00 | INFO: Primitives created: 1
13:21:00 | INFO: Extracting primitive: riverbank reed cluster 2
13:21:00 | INFO: Primitives created: 1
13:21:00 | INFO: Extracting primitive: far riverbank reed cluster 2
13:21:00 | INFO: Primitives created: 1
13:21:00 | INFO: Extracting primitive: riverbank reed cluster 3
13:21:00 | INFO: Primitives created: 1
13:21:00 | INFO: Extracting primitive: far riverbank reed cluster 3
13:21:00 | INFO: Primitives created: 1
13:21:00 | INFO: Extracting primitive: riverbank reed cluster 4
13:21:00 | INFO: Primitives created: 1
13:21:00 | INFO: Extracting primitive: far riverbank reed cluster 4
13:21:00 | INFO: Primitives created: 1
13:21:00 | INFO: Extracting primitive: riverbank reed cluster 5
13:21:00 | INFO: Primitives created: 1
13:21:00 | INFO: Extracting primitive: far riverbank reed cluster 5
13:21:00 | INFO: Primitives created: 1
13:21:00 | INFO: Extracting primitive: riverbank reed cluster 6
13:21:00 | INFO: Primitives created: 1
13:21:00 | INFO: Extracting primitive: far riverbank reed cluster 6
13:21:00 | INFO: Primitives created: 1
13:21:00 | INFO: Extracting primitive: uneven battlefield grass tuft 1
13:21:00 | INFO: Primitives created: 1
13:21:00 | INFO: Extracting primitive: uneven battlefield grass tuft 2
13:21:00 | INFO: Primitives created: 1
13:21:00 | INFO: Extracting primitive: uneven battlefield grass tuft 3
13:21:00 | INFO: Primitives created: 1
13:21:00 | INFO: Extracting primitive: uneven battlefield grass tuft 4
13:21:00 | INFO: Primitives created: 1
13:21:00 | INFO: Extracting primitive: uneven battlefield grass tuft 5
13:21:00 | INFO: Primitives created: 1
13:21:00 | INFO: Extracting primitive: uneven battlefield grass tuft 6
13:21:00 | INFO: Primitives created: 1
13:21:00 | INFO: Extracting primitive: uneven battlefield grass tuft 7
13:21:00 | INFO: Primitives created: 1
13:21:00 | INFO: Extracting primitive: uneven battlefield grass tuft 8
13:21:01 | INFO: Primitives created: 1
13:21:01 | INFO: Extracting primitive: uneven battlefield grass tuft 9
13:21:01 | INFO: Primitives created: 1
13:21:01 | INFO: Extracting primitive: uneven battlefield grass tuft 10
13:21:01 | INFO: Primitives created: 1
13:21:01 | INFO: Extracting primitive: uneven battlefield grass tuft 11
13:21:01 | INFO: Primitives created: 1
13:21:01 | INFO: Extracting primitive: uneven battlefield grass tuft 12
13:21:01 | INFO: Primitives created: 1
13:21:01 | INFO: Extracting primitive: uneven battlefield grass tuft 13
13:21:01 | INFO: Primitives created: 1
13:21:01 | INFO: Extracting primitive: uneven battlefield grass tuft 14
13:21:01 | INFO: Primitives created: 1
13:21:01 | INFO: Extracting primitive: uneven battlefield grass tuft 15
13:21:01 | INFO: Primitives created: 1
13:21:01 | INFO: Extracting primitive: uneven battlefield grass tuft 16
13:21:01 | INFO: Primitives created: 1
13:21:01 | INFO: Extracting primitive: uneven battlefield grass tuft 17
13:21:01 | INFO: Primitives created: 1
13:21:01 | INFO: Extracting primitive: uneven battlefield grass tuft 18
13:21:01 | INFO: Primitives created: 1
13:21:01 | INFO: Extracting primitive: uneven battlefield grass tuft 19
13:21:01 | INFO: Primitives created: 1
13:21:01 | INFO: Extracting primitive: uneven battlefield grass tuft 20
13:21:01 | INFO: Primitives created: 1
13:21:01 | INFO: Extracting primitive: uneven battlefield grass tuft 21
13:21:01 | INFO: Primitives created: 1
13:21:01 | INFO: Extracting primitive: uneven battlefield grass tuft 22
13:21:01 | INFO: Primitives created: 1
13:21:01 | INFO: Extracting primitive: uneven battlefield grass tuft 23
13:21:01 | INFO: Primitives created: 1
13:21:01 | INFO: Extracting primitive: uneven battlefield grass tuft 24
13:21:01 | INFO: Primitives created: 1
13:21:01 | INFO: Extracting primitive: uneven battlefield grass tuft 25
13:21:01 | INFO: Primitives created: 1
13:21:01 | INFO: Extracting primitive: uneven battlefield grass tuft 26
13:21:01 | INFO: Primitives created: 1
13:21:01 | INFO: Extracting primitive: uneven battlefield grass tuft 27
13:21:01 | INFO: Primitives created: 1
13:21:01 | INFO: Extracting primitive: uneven battlefield grass tuft 28
13:21:01 | INFO: Primitives created: 1
13:21:01 | INFO: Extracting primitive: uneven battlefield grass tuft 29
13:21:01 | INFO: Primitives created: 1
13:21:01 | INFO: Extracting primitive: uneven battlefield grass tuft 30
13:21:01 | INFO: Primitives created: 1
13:21:01 | INFO: Extracting primitive: uneven battlefield grass tuft 31
13:21:01 | INFO: Primitives created: 1
13:21:01 | INFO: Extracting primitive: uneven battlefield grass tuft 34
13:21:01 | INFO: Primitives created: 1
13:21:01 | INFO: Extracting primitive: uneven battlefield grass tuft 35
13:21:01 | INFO: Primitives created: 1
13:21:01 | INFO: Extracting primitive: uneven battlefield grass tuft 36
13:21:01 | INFO: Primitives created: 1
13:21:01 | INFO: Extracting primitive: uneven battlefield grass tuft 37
13:21:01 | INFO: Primitives created: 1
13:21:01 | INFO: Extracting primitive: uneven battlefield grass tuft 38
13:21:01 | INFO: Primitives created: 1
13:21:01 | INFO: Extracting primitive: uneven battlefield grass tuft 41
13:21:01 | INFO: Primitives created: 1
13:21:01 | INFO: Extracting primitive: uneven battlefield grass tuft 42
13:21:01 | INFO: Primitives created: 1
13:21:01 | INFO: Extracting primitive: uneven battlefield grass tuft 43
13:21:01 | INFO: Primitives created: 1
13:21:01 | INFO: Extracting primitive: uneven battlefield grass tuft 44
13:21:01 | INFO: Primitives created: 1
13:21:01 | INFO: Extracting primitive: uneven battlefield grass tuft 45
13:21:01 | INFO: Primitives created: 1
13:21:01 | INFO: Extracting primitive: uneven battlefield grass tuft 46
13:21:01 | INFO: Primitives created: 1
13:21:01 | INFO: Extracting primitive: uneven battlefield grass tuft 47
13:21:01 | INFO: Primitives created: 1
13:21:01 | INFO: Extracting primitive: uneven battlefield grass tuft 48
13:21:01 | INFO: Primitives created: 1
13:21:01 | INFO: Extracting primitive: uneven battlefield grass tuft 49
13:21:01 | INFO: Primitives created: 1
13:21:01 | INFO: Extracting primitive: uneven battlefield grass tuft 50
13:21:01 | INFO: Primitives created: 1
13:21:01 | INFO: Extracting primitive: uneven battlefield grass tuft 51
13:21:01 | INFO: Primitives created: 1
13:21:01 | INFO: Extracting primitive: uneven battlefield grass tuft 52
13:21:01 | INFO: Primitives created: 1
13:21:01 | INFO: Extracting primitive: uneven battlefield grass tuft 53
13:21:01 | INFO: Primitives created: 1
13:21:01 | INFO: Extracting primitive: uneven battlefield grass tuft 54
13:21:01 | INFO: Primitives created: 1
13:21:01 | INFO: Extracting primitive: uneven battlefield grass tuft 55
13:21:01 | INFO: Primitives created: 1
13:21:01 | INFO: Extracting primitive: uneven battlefield grass tuft 56
13:21:01 | INFO: Primitives created: 1
13:21:01 | INFO: Extracting primitive: Sphere.015
13:21:01 | INFO: Primitives created: 1
13:21:01 | INFO: Extracting primitive: Sphere.016
13:21:01 | INFO: Primitives created: 1
13:21:01 | INFO: Extracting primitive: Sphere.017
13:21:01 | INFO: Primitives created: 1
13:21:01 | INFO: Extracting primitive: Sphere.018
13:21:01 | INFO: Primitives created: 1
13:21:01 | INFO: Extracting primitive: Sphere.019
13:21:01 | INFO: Primitives created: 1
13:21:01 | INFO: Extracting primitive: Sphere.020
13:21:01 | INFO: Primitives created: 1
13:21:01 | INFO: Extracting primitive: Sphere.021
13:21:01 | INFO: Primitives created: 1
13:21:01 | INFO: Extracting primitive: Sphere.022
13:21:01 | INFO: Primitives created: 1
13:21:01 | INFO: Extracting primitive: Sphere.023
13:21:01 | INFO: Primitives created: 1
13:21:01 | INFO: Extracting primitive: Sphere.024
13:21:01 | INFO: Primitives created: 1
13:21:01 | INFO: Extracting primitive: Sphere.025
13:21:01 | INFO: Primitives created: 1
13:21:01 | INFO: Extracting primitive: Cylinder
13:21:01 | INFO: Primitives created: 1
13:21:01 | INFO: Extracting primitive: Cone
13:21:01 | INFO: Primitives created: 1
13:21:01 | INFO: Extracting primitive: Cylinder.001
13:21:01 | INFO: Primitives created: 1
13:21:01 | INFO: Extracting primitive: Cone.001
13:21:01 | INFO: Primitives created: 1
13:21:01 | INFO: Extracting primitive: Cylinder.002
13:21:01 | INFO: Primitives created: 1
13:21:01 | INFO: Extracting primitive: Cone.002
13:21:01 | INFO: Primitives created: 1
13:21:01 | INFO: Extracting primitive: Cylinder.003
13:21:01 | INFO: Primitives created: 1
13:21:01 | INFO: Extracting primitive: Cone.003
13:21:01 | INFO: Primitives created: 1
13:21:01 | INFO: Extracting primitive: Cylinder.004
13:21:01 | INFO: Primitives created: 1
13:21:01 | INFO: Extracting primitive: Cone.004
13:21:01 | INFO: Primitives created: 1
13:21:01 | INFO: Extracting primitive: Cylinder.005
13:21:01 | INFO: Primitives created: 1
13:21:01 | INFO: Extracting primitive: Cone.005
13:21:01 | INFO: Primitives created: 1
13:21:01 | INFO: Extracting primitive: Cylinder.006
13:21:01 | INFO: Primitives created: 1
13:21:01 | INFO: Extracting primitive: Cone.006
13:21:01 | INFO: Primitives created: 1
13:21:01 | INFO: Extracting primitive: Cylinder.007
13:21:01 | INFO: Primitives created: 1
13:21:01 | INFO: Extracting primitive: Cone.007
13:21:01 | INFO: Primitives created: 1
13:21:01 | INFO: Extracting primitive: Cylinder.008
13:21:01 | INFO: Primitives created: 1
13:21:01 | INFO: Extracting primitive: Cone.008
13:21:01 | INFO: Primitives created: 1
13:21:01 | INFO: Extracting primitive: Cylinder.009
13:21:01 | INFO: Primitives created: 1
13:21:01 | INFO: Extracting primitive: Cone.009
13:21:01 | INFO: Primitives created: 1
13:21:01 | INFO: Extracting primitive: Sphere.026
13:21:01 | INFO: Primitives created: 1
13:21:01 | INFO: Extracting primitive: Sphere.027
13:21:01 | INFO: Primitives created: 1
13:21:01 | INFO: Extracting primitive: Sphere.028
13:21:01 | INFO: Primitives created: 1
13:21:01 | INFO: Extracting primitive: Sphere.029
13:21:01 | INFO: Primitives created: 1
13:21:01 | INFO: Extracting primitive: Cube.001
13:21:01 | INFO: Primitives created: 1
13:21:01 | INFO: Extracting primitive: Sphere.030
13:21:01 | INFO: Primitives created: 1
13:21:01 | INFO: Extracting primitive: Cone.010
13:21:01 | INFO: Primitives created: 1
13:21:01 | INFO: Extracting primitive: takeda-samurai-01 rear shikoro lamellar neck plate r1 c1 mesh
13:21:01 | INFO: Primitives created: 1
13:21:01 | INFO: Extracting primitive: takeda-samurai-01 rear shikoro lamellar neck plate r1 c2 mesh
13:21:01 | INFO: Primitives created: 1
13:21:01 | INFO: Extracting primitive: takeda-samurai-01 rear shikoro lamellar neck plate r1 c3 mesh
13:21:01 | INFO: Primitives created: 1
13:21:01 | INFO: Extracting primitive: takeda-samurai-01 rear shikoro lamellar neck plate r2 c1 mesh
13:21:01 | INFO: Primitives created: 1
13:21:01 | INFO: Extracting primitive: takeda-samurai-01 rear shikoro lamellar neck plate r2 c2 mesh
13:21:01 | INFO: Primitives created: 1
13:21:01 | INFO: Extracting primitive: takeda-samurai-01 rear shikoro lamellar neck plate r2 c3 mesh
13:21:01 | INFO: Primitives created: 1
13:21:01 | INFO: Extracting primitive: takeda-samurai-01 rear shikoro lamellar neck plate r3 c1 mesh
13:21:01 | INFO: Primitives created: 1
13:21:01 | INFO: Extracting primitive: takeda-samurai-01 rear shikoro lamellar neck plate r3 c2 mesh
13:21:01 | INFO: Primitives created: 1
13:21:01 | INFO: Extracting primitive: takeda-samurai-01 rear shikoro lamellar neck plate r3 c3 mesh
13:21:01 | INFO: Primitives created: 1
13:21:01 | INFO: Extracting primitive: takeda-samurai-01 raised kabuto rib 1
13:21:01 | INFO: Primitives created: 1
13:21:01 | INFO: Extracting primitive: takeda-samurai-01 raised kabuto rib 2
13:21:01 | INFO: Primitives created: 1
13:21:01 | INFO: Extracting primitive: takeda-samurai-01 raised kabuto rib 3
13:21:01 | INFO: Primitives created: 1
13:21:01 | INFO: Extracting primitive: takeda-samurai-01 crescent maedate crest
13:21:01 | INFO: Primitives created: 1
13:21:01 | INFO: Extracting primitive: takeda-samurai-01 individual front lamellar plate r1 c1 mesh
13:21:01 | INFO: Primitives created: 1
13:21:01 | INFO: Extracting primitive: takeda-samurai-01 individual front lamellar plate r1 c2 mesh
13:21:01 | INFO: Primitives created: 1
13:21:01 | INFO: Extracting primitive: takeda-samurai-01 individual front lamellar plate r1 c3 mesh
13:21:01 | INFO: Primitives created: 1
13:21:01 | INFO: Extracting primitive: takeda-samurai-01 individual front lamellar plate r1 c4 mesh
13:21:01 | INFO: Primitives created: 1
13:21:01 | INFO: Extracting primitive: takeda-samurai-01 individual front lamellar plate r1 c5 mesh
13:21:01 | INFO: Primitives created: 1
13:21:01 | INFO: Extracting primitive: takeda-samurai-01 odoshi lacing row 1
13:21:01 | INFO: Primitives created: 1
13:21:01 | INFO: Extracting primitive: takeda-samurai-01 chipped lacquer highlight r1 -0.16
13:21:01 | INFO: Primitives created: 1
13:21:01 | INFO: Extracting primitive: takeda-samurai-01 chipped lacquer highlight r1 0.0
13:21:01 | INFO: Primitives created: 1
13:21:01 | INFO: Extracting primitive: takeda-samurai-01 chipped lacquer highlight r1 0.16
13:21:01 | INFO: Primitives created: 1
13:21:01 | INFO: Extracting primitive: takeda-samurai-01 individual front lamellar plate r2 c1 mesh
13:21:01 | INFO: Primitives created: 1
13:21:01 | INFO: Extracting primitive: takeda-samurai-01 individual front lamellar plate r2 c2 mesh
13:21:01 | INFO: Primitives created: 1
13:21:01 | INFO: Extracting primitive: takeda-samurai-01 individual front lamellar plate r2 c3 mesh
13:21:01 | INFO: Primitives created: 1
13:21:01 | INFO: Extracting primitive: takeda-samurai-01 individual front lamellar plate r2 c4 mesh
13:21:01 | INFO: Primitives created: 1
13:21:01 | INFO: Extracting primitive: takeda-samurai-01 individual front lamellar plate r2 c5 mesh
13:21:01 | INFO: Primitives created: 1
13:21:01 | INFO: Extracting primitive: takeda-samurai-01 odoshi lacing row 2
13:21:01 | INFO: Primitives created: 1
13:21:01 | INFO: Extracting primitive: takeda-samurai-01 chipped lacquer highlight r2 -0.16
13:21:01 | INFO: Primitives created: 1
13:21:01 | INFO: Extracting primitive: takeda-samurai-01 chipped lacquer highlight r2 0.0
13:21:01 | INFO: Primitives created: 1
13:21:01 | INFO: Extracting primitive: takeda-samurai-01 chipped lacquer highlight r2 0.16
13:21:01 | INFO: Primitives created: 1
13:21:01 | INFO: Extracting primitive: takeda-samurai-01 individual front lamellar plate r3 c1 mesh
13:21:01 | INFO: Primitives created: 1
13:21:01 | INFO: Extracting primitive: takeda-samurai-01 individual front lamellar plate r3 c2 mesh
13:21:01 | INFO: Primitives created: 1
13:21:01 | INFO: Extracting primitive: takeda-samurai-01 individual front lamellar plate r3 c3 mesh
13:21:01 | INFO: Primitives created: 1
13:21:01 | INFO: Extracting primitive: takeda-samurai-01 individual front lamellar plate r3 c4 mesh
13:21:01 | INFO: Primitives created: 1
13:21:01 | INFO: Extracting primitive: takeda-samurai-01 individual front lamellar plate r3 c5 mesh
13:21:01 | INFO: Primitives created: 1
13:21:01 | INFO: Extracting primitive: takeda-samurai-01 odoshi lacing row 3
13:21:01 | INFO: Primitives created: 1
13:21:01 | INFO: Extracting primitive: takeda-samurai-01 chipped lacquer highlight r3 -0.16
13:21:01 | INFO: Primitives created: 1
13:21:01 | INFO: Extracting primitive: takeda-samurai-01 chipped lacquer highlight r3 0.0
13:21:01 | INFO: Primitives created: 1
13:21:01 | INFO: Extracting primitive: takeda-samurai-01 chipped lacquer highlight r3 0.16
13:21:01 | INFO: Primitives created: 1
13:21:01 | INFO: Extracting primitive: takeda-samurai-01 individual front lamellar plate r4 c1 mesh
13:21:01 | INFO: Primitives created: 1
13:21:01 | INFO: Extracting primitive: takeda-samurai-01 individual front lamellar plate r4 c2 mesh
13:21:01 | INFO: Primitives created: 1
13:21:01 | INFO: Extracting primitive: takeda-samurai-01 individual front lamellar plate r4 c3 mesh
13:21:01 | INFO: Primitives created: 1
13:21:01 | INFO: Extracting primitive: takeda-samurai-01 individual front lamellar plate r4 c4 mesh
13:21:01 | INFO: Primitives created: 1
13:21:01 | INFO: Extracting primitive: takeda-samurai-01 individual front lamellar plate r4 c5 mesh
13:21:01 | INFO: Primitives created: 1
13:21:01 | INFO: Extracting primitive: takeda-samurai-01 odoshi lacing row 4
13:21:01 | INFO: Primitives created: 1
13:21:01 | INFO: Extracting primitive: takeda-samurai-01 chipped lacquer highlight r4 -0.16
13:21:01 | INFO: Primitives created: 1
13:21:01 | INFO: Extracting primitive: takeda-samurai-01 chipped lacquer highlight r4 0.0
13:21:01 | INFO: Primitives created: 1
13:21:01 | INFO: Extracting primitive: takeda-samurai-01 chipped lacquer highlight r4 0.16
13:21:01 | INFO: Primitives created: 1
13:21:01 | INFO: Extracting primitive: takeda-samurai-01 rear lamellar back plate r1 c1 mesh
13:21:01 | INFO: Primitives created: 1
13:21:01 | INFO: Extracting primitive: takeda-samurai-01 rear lamellar back plate r1 c2 mesh
13:21:01 | INFO: Primitives created: 1
13:21:01 | INFO: Extracting primitive: takeda-samurai-01 rear lamellar back plate r1 c3 mesh
13:21:01 | INFO: Primitives created: 1
13:21:01 | INFO: Extracting primitive: takeda-samurai-01 rear lamellar back plate r1 c4 mesh
13:21:01 | INFO: Primitives created: 1
13:21:01 | INFO: Extracting primitive: takeda-samurai-01 rear odoshi lacing row 1
13:21:01 | INFO: Primitives created: 1
13:21:01 | INFO: Extracting primitive: takeda-samurai-01 rear lamellar back plate r2 c1 mesh
13:21:01 | INFO: Primitives created: 1
13:21:01 | INFO: Extracting primitive: takeda-samurai-01 rear lamellar back plate r2 c2 mesh
13:21:01 | INFO: Primitives created: 1
13:21:01 | INFO: Extracting primitive: takeda-samurai-01 rear lamellar back plate r2 c3 mesh
13:21:01 | INFO: Primitives created: 1
13:21:01 | INFO: Extracting primitive: takeda-samurai-01 rear lamellar back plate r2 c4 mesh
13:21:01 | INFO: Primitives created: 1
13:21:01 | INFO: Extracting primitive: takeda-samurai-01 rear odoshi lacing row 2
13:21:01 | INFO: Primitives created: 1
13:21:01 | INFO: Extracting primitive: takeda-samurai-01 rear lamellar back plate r3 c1 mesh
13:21:01 | INFO: Primitives created: 1
13:21:01 | INFO: Extracting primitive: takeda-samurai-01 rear lamellar back plate r3 c2 mesh
13:21:01 | INFO: Primitives created: 1
13:21:01 | INFO: Extracting primitive: takeda-samurai-01 rear lamellar back plate r3 c3 mesh
13:21:01 | INFO: Primitives created: 1
13:21:01 | INFO: Extracting primitive: takeda-samurai-01 rear lamellar back plate r3 c4 mesh
13:21:01 | INFO: Primitives created: 1
13:21:01 | INFO: Extracting primitive: takeda-samurai-01 rear odoshi lacing row 3
13:21:01 | INFO: Primitives created: 1
13:21:01 | INFO: Extracting primitive: takeda-samurai-01 rear lamellar back plate r4 c1 mesh
13:21:01 | INFO: Primitives created: 1
13:21:01 | INFO: Extracting primitive: takeda-samurai-01 rear lamellar back plate r4 c2 mesh
13:21:01 | INFO: Primitives created: 1
13:21:01 | INFO: Extracting primitive: takeda-samurai-01 rear lamellar back plate r4 c3 mesh
13:21:01 | INFO: Primitives created: 1
13:21:01 | INFO: Extracting primitive: takeda-samurai-01 rear lamellar back plate r4 c4 mesh
13:21:01 | INFO: Primitives created: 1
13:21:01 | INFO: Extracting primitive: takeda-samurai-01 rear odoshi lacing row 4
13:21:01 | INFO: Primitives created: 1
13:21:01 | INFO: Extracting primitive: takeda-samurai-01 rear lacquer edge scratch -0.17
13:21:01 | INFO: Primitives created: 1
13:21:01 | INFO: Extracting primitive: takeda-samurai-01 rear lacquer edge scratch -0.06
13:21:01 | INFO: Primitives created: 1
13:21:01 | INFO: Extracting primitive: takeda-samurai-01 rear lacquer edge scratch 0.06
13:21:01 | INFO: Primitives created: 1
13:21:01 | INFO: Extracting primitive: takeda-samurai-01 rear lacquer edge scratch 0.17
13:21:01 | INFO: Primitives created: 1
13:21:01 | INFO: Extracting primitive: Sphere.031
13:21:01 | INFO: Primitives created: 1
13:21:01 | INFO: Extracting primitive: takeda-samurai-01 articulated sode shoulder plate -1 1 mesh
13:21:01 | INFO: Primitives created: 1
13:21:01 | INFO: Extracting primitive: takeda-samurai-01 sode lacing -1 1
13:21:01 | INFO: Primitives created: 1
13:21:01 | INFO: Extracting primitive: takeda-samurai-01 articulated sode shoulder plate -1 2 mesh
13:21:01 | INFO: Primitives created: 1
13:21:01 | INFO: Extracting primitive: takeda-samurai-01 sode lacing -1 2
13:21:01 | INFO: Primitives created: 1
13:21:01 | INFO: Extracting primitive: takeda-samurai-01 articulated sode shoulder plate -1 3 mesh
13:21:01 | INFO: Primitives created: 1
13:21:01 | INFO: Extracting primitive: takeda-samurai-01 sode lacing -1 3
13:21:01 | INFO: Primitives created: 1
13:21:01 | INFO: Extracting primitive: takeda-samurai-01 articulated sode shoulder plate -1 4 mesh
13:21:01 | INFO: Primitives created: 1
13:21:01 | INFO: Extracting primitive: takeda-samurai-01 sode lacing -1 4
13:21:01 | INFO: Primitives created: 1
13:21:01 | INFO: Extracting primitive: Sphere.032
13:21:01 | INFO: Primitives created: 1
13:21:01 | INFO: Extracting primitive: Sphere.033
13:21:01 | INFO: Primitives created: 1
13:21:01 | INFO: Extracting primitive: Sphere.034
13:21:01 | INFO: Primitives created: 1
13:21:01 | INFO: Extracting primitive: Sphere.035
13:21:01 | INFO: Primitives created: 1
13:21:01 | INFO: Extracting primitive: Sphere.036
13:21:01 | INFO: Primitives created: 1
13:21:01 | INFO: Extracting primitive: Cube.002
13:21:01 | INFO: Primitives created: 1
13:21:01 | INFO: Extracting primitive: takeda-samurai-01 sandal toe strap -1
13:21:01 | INFO: Primitives created: 1
13:21:01 | INFO: Extracting primitive: Sphere.037
13:21:01 | INFO: Primitives created: 1
13:21:01 | INFO: Extracting primitive: takeda-samurai-01 articulated sode shoulder plate 1 1 mesh
13:21:01 | INFO: Primitives created: 1
13:21:01 | INFO: Extracting primitive: takeda-samurai-01 sode lacing 1 1
13:21:01 | INFO: Primitives created: 1
13:21:01 | INFO: Extracting primitive: takeda-samurai-01 articulated sode shoulder plate 1 2 mesh
13:21:01 | INFO: Primitives created: 1
13:21:01 | INFO: Extracting primitive: takeda-samurai-01 sode lacing 1 2
13:21:01 | INFO: Primitives created: 1
13:21:01 | INFO: Extracting primitive: takeda-samurai-01 articulated sode shoulder plate 1 3 mesh
13:21:01 | INFO: Primitives created: 1
13:21:01 | INFO: Extracting primitive: takeda-samurai-01 sode lacing 1 3
13:21:01 | INFO: Primitives created: 1
13:21:01 | INFO: Extracting primitive: takeda-samurai-01 articulated sode shoulder plate 1 4 mesh
13:21:01 | INFO: Primitives created: 1
13:21:01 | INFO: Extracting primitive: takeda-samurai-01 sode lacing 1 4
13:21:01 | INFO: Primitives created: 1
13:21:01 | INFO: Extracting primitive: Sphere.038
13:21:01 | INFO: Primitives created: 1
13:21:01 | INFO: Extracting primitive: Sphere.039
13:21:01 | INFO: Primitives created: 1
13:21:01 | INFO: Extracting primitive: Sphere.040
13:21:01 | INFO: Primitives created: 1
13:21:01 | INFO: Extracting primitive: Sphere.041
13:21:01 | INFO: Primitives created: 1
13:21:01 | INFO: Extracting primitive: Sphere.042
13:21:01 | INFO: Primitives created: 1
13:21:01 | INFO: Extracting primitive: Cube.003
13:21:01 | INFO: Primitives created: 1
13:21:01 | INFO: Extracting primitive: takeda-samurai-01 sandal toe strap 1
13:21:01 | INFO: Primitives created: 1
13:21:01 | INFO: Extracting primitive: takeda-samurai-01 kusazuri skirt -1 row 1 mesh
13:21:01 | INFO: Primitives created: 1
13:21:01 | INFO: Extracting primitive: takeda-samurai-01 kusazuri skirt -1 row 2 mesh
13:21:01 | INFO: Primitives created: 1
13:21:01 | INFO: Extracting primitive: takeda-samurai-01 kusazuri skirt 0 row 1 mesh
13:21:01 | INFO: Primitives created: 1
13:21:01 | INFO: Extracting primitive: takeda-samurai-01 kusazuri skirt 0 row 2 mesh
13:21:01 | INFO: Primitives created: 1
13:21:01 | INFO: Extracting primitive: takeda-samurai-01 kusazuri skirt 1 row 1 mesh
13:21:01 | INFO: Primitives created: 1
13:21:01 | INFO: Extracting primitive: takeda-samurai-01 kusazuri skirt 1 row 2 mesh
13:21:01 | INFO: Primitives created: 1
13:21:01 | INFO: Extracting primitive: takeda-samurai-01 guard katana blade
13:21:01 | INFO: Primitives created: 1
13:21:01 | INFO: Extracting primitive: Cylinder.010
13:21:01 | INFO: Primitives created: 1
13:21:01 | INFO: Extracting primitive: takeda-samurai-01 sashimono bamboo pole
13:21:01 | INFO: Primitives created: 1
13:21:01 | INFO: Extracting primitive: takeda-samurai-01 wind-bent sashimono cloth panel mesh
13:21:01 | INFO: Primitives created: 1
13:21:01 | INFO: Extracting primitive: Cube.004
13:21:01 | INFO: Primitives created: 1
13:21:01 | INFO: Extracting primitive: Cube.005
13:21:01 | INFO: Primitives created: 1
13:21:01 | INFO: Extracting primitive: Cube.006
13:21:01 | INFO: Primitives created: 1
13:21:01 | INFO: Extracting primitive: Cube.007
13:21:01 | INFO: Primitives created: 1
13:21:01 | INFO: Extracting primitive: Sphere.043
13:21:01 | INFO: Primitives created: 1
13:21:01 | INFO: Extracting primitive: Sphere.044
13:21:01 | INFO: Primitives created: 1
13:21:01 | INFO: Extracting primitive: Sphere.045
13:21:01 | INFO: Primitives created: 1
13:21:01 | INFO: Extracting primitive: Sphere.046
13:21:01 | INFO: Primitives created: 1
13:21:01 | INFO: Extracting primitive: Cube.008
13:21:01 | INFO: Primitives created: 1
13:21:01 | INFO: Extracting primitive: Sphere.047
13:21:01 | INFO: Primitives created: 1
13:21:01 | INFO: Extracting primitive: Cone.011
13:21:01 | INFO: Primitives created: 1
13:21:01 | INFO: Extracting primitive: takeda-samurai-02 rear shikoro lamellar neck plate r1 c1 mesh
13:21:01 | INFO: Primitives created: 1
13:21:01 | INFO: Extracting primitive: takeda-samurai-02 rear shikoro lamellar neck plate r1 c2 mesh
13:21:01 | INFO: Primitives created: 1
13:21:01 | INFO: Extracting primitive: takeda-samurai-02 rear shikoro lamellar neck plate r1 c3 mesh
13:21:01 | INFO: Primitives created: 1
13:21:01 | INFO: Extracting primitive: takeda-samurai-02 rear shikoro lamellar neck plate r2 c1 mesh
13:21:01 | INFO: Primitives created: 1
13:21:01 | INFO: Extracting primitive: takeda-samurai-02 rear shikoro lamellar neck plate r2 c2 mesh
13:21:01 | INFO: Primitives created: 1
13:21:01 | INFO: Extracting primitive: takeda-samurai-02 rear shikoro lamellar neck plate r2 c3 mesh
13:21:01 | INFO: Primitives created: 1
13:21:01 | INFO: Extracting primitive: takeda-samurai-02 rear shikoro lamellar neck plate r3 c1 mesh
13:21:01 | INFO: Primitives created: 1
13:21:01 | INFO: Extracting primitive: takeda-samurai-02 rear shikoro lamellar neck plate r3 c2 mesh
13:21:01 | INFO: Primitives created: 1
13:21:01 | INFO: Extracting primitive: takeda-samurai-02 rear shikoro lamellar neck plate r3 c3 mesh
13:21:01 | INFO: Primitives created: 1
13:21:01 | INFO: Extracting primitive: takeda-samurai-02 raised kabuto rib 1
13:21:01 | INFO: Primitives created: 1
13:21:01 | INFO: Extracting primitive: takeda-samurai-02 raised kabuto rib 2
13:21:01 | INFO: Primitives created: 1
13:21:01 | INFO: Extracting primitive: takeda-samurai-02 raised kabuto rib 3
13:21:01 | INFO: Primitives created: 1
13:21:01 | INFO: Extracting primitive: takeda-samurai-02 crescent maedate crest
13:21:01 | INFO: Primitives created: 1
13:21:01 | INFO: Extracting primitive: takeda-samurai-02 individual front lamellar plate r1 c1 mesh
13:21:01 | INFO: Primitives created: 1
13:21:01 | INFO: Extracting primitive: takeda-samurai-02 individual front lamellar plate r1 c2 mesh
13:21:01 | INFO: Primitives created: 1
13:21:01 | INFO: Extracting primitive: takeda-samurai-02 individual front lamellar plate r1 c3 mesh
13:21:01 | INFO: Primitives created: 1
13:21:01 | INFO: Extracting primitive: takeda-samurai-02 individual front lamellar plate r1 c4 mesh
13:21:01 | INFO: Primitives created: 1
13:21:01 | INFO: Extracting primitive: takeda-samurai-02 individual front lamellar plate r1 c5 mesh
13:21:01 | INFO: Primitives created: 1
13:21:01 | INFO: Extracting primitive: takeda-samurai-02 odoshi lacing row 1
13:21:01 | INFO: Primitives created: 1
13:21:01 | INFO: Extracting primitive: takeda-samurai-02 chipped lacquer highlight r1 -0.16
13:21:01 | INFO: Primitives created: 1
13:21:01 | INFO: Extracting primitive: takeda-samurai-02 chipped lacquer highlight r1 0.0
13:21:01 | INFO: Primitives created: 1
13:21:01 | INFO: Extracting primitive: takeda-samurai-02 chipped lacquer highlight r1 0.16
13:21:01 | INFO: Primitives created: 1
13:21:01 | INFO: Extracting primitive: takeda-samurai-02 individual front lamellar plate r2 c1 mesh
13:21:01 | INFO: Primitives created: 1
13:21:01 | INFO: Extracting primitive: takeda-samurai-02 individual front lamellar plate r2 c2 mesh
13:21:01 | INFO: Primitives created: 1
13:21:01 | INFO: Extracting primitive: takeda-samurai-02 individual front lamellar plate r2 c3 mesh
13:21:01 | INFO: Primitives created: 1
13:21:01 | INFO: Extracting primitive: takeda-samurai-02 individual front lamellar plate r2 c4 mesh
13:21:01 | INFO: Primitives created: 1
13:21:01 | INFO: Extracting primitive: takeda-samurai-02 individual front lamellar plate r2 c5 mesh
13:21:01 | INFO: Primitives created: 1
13:21:01 | INFO: Extracting primitive: takeda-samurai-02 odoshi lacing row 2
13:21:01 | INFO: Primitives created: 1
13:21:01 | INFO: Extracting primitive: takeda-samurai-02 chipped lacquer highlight r2 -0.16
13:21:01 | INFO: Primitives created: 1
13:21:01 | INFO: Extracting primitive: takeda-samurai-02 chipped lacquer highlight r2 0.0
13:21:01 | INFO: Primitives created: 1
13:21:01 | INFO: Extracting primitive: takeda-samurai-02 chipped lacquer highlight r2 0.16
13:21:01 | INFO: Primitives created: 1
13:21:01 | INFO: Extracting primitive: takeda-samurai-02 individual front lamellar plate r3 c1 mesh
13:21:01 | INFO: Primitives created: 1
13:21:01 | INFO: Extracting primitive: takeda-samurai-02 individual front lamellar plate r3 c2 mesh
13:21:01 | INFO: Primitives created: 1
13:21:01 | INFO: Extracting primitive: takeda-samurai-02 individual front lamellar plate r3 c3 mesh
13:21:01 | INFO: Primitives created: 1
13:21:01 | INFO: Extracting primitive: takeda-samurai-02 individual front lamellar plate r3 c4 mesh
13:21:01 | INFO: Primitives created: 1
13:21:01 | INFO: Extracting primitive: takeda-samurai-02 individual front lamellar plate r3 c5 mesh
13:21:01 | INFO: Primitives created: 1
13:21:01 | INFO: Extracting primitive: takeda-samurai-02 odoshi lacing row 3
13:21:01 | INFO: Primitives created: 1
13:21:01 | INFO: Extracting primitive: takeda-samurai-02 chipped lacquer highlight r3 -0.16
13:21:01 | INFO: Primitives created: 1
13:21:01 | INFO: Extracting primitive: takeda-samurai-02 chipped lacquer highlight r3 0.0
13:21:01 | INFO: Primitives created: 1
13:21:01 | INFO: Extracting primitive: takeda-samurai-02 chipped lacquer highlight r3 0.16
13:21:01 | INFO: Primitives created: 1
13:21:01 | INFO: Extracting primitive: takeda-samurai-02 individual front lamellar plate r4 c1 mesh
13:21:01 | INFO: Primitives created: 1
13:21:01 | INFO: Extracting primitive: takeda-samurai-02 individual front lamellar plate r4 c2 mesh
13:21:01 | INFO: Primitives created: 1
13:21:01 | INFO: Extracting primitive: takeda-samurai-02 individual front lamellar plate r4 c3 mesh
13:21:01 | INFO: Primitives created: 1
13:21:01 | INFO: Extracting primitive: takeda-samurai-02 individual front lamellar plate r4 c4 mesh
13:21:01 | INFO: Primitives created: 1
13:21:01 | INFO: Extracting primitive: takeda-samurai-02 individual front lamellar plate r4 c5 mesh
13:21:01 | INFO: Primitives created: 1
13:21:01 | INFO: Extracting primitive: takeda-samurai-02 odoshi lacing row 4
13:21:01 | INFO: Primitives created: 1
13:21:01 | INFO: Extracting primitive: takeda-samurai-02 chipped lacquer highlight r4 -0.16
13:21:01 | INFO: Primitives created: 1
13:21:01 | INFO: Extracting primitive: takeda-samurai-02 chipped lacquer highlight r4 0.0
13:21:01 | INFO: Primitives created: 1
13:21:01 | INFO: Extracting primitive: takeda-samurai-02 chipped lacquer highlight r4 0.16
13:21:01 | INFO: Primitives created: 1
13:21:01 | INFO: Extracting primitive: takeda-samurai-02 rear lamellar back plate r1 c1 mesh
13:21:01 | INFO: Primitives created: 1
13:21:01 | INFO: Extracting primitive: takeda-samurai-02 rear lamellar back plate r1 c2 mesh
13:21:01 | INFO: Primitives created: 1
13:21:01 | INFO: Extracting primitive: takeda-samurai-02 rear lamellar back plate r1 c3 mesh
13:21:01 | INFO: Primitives created: 1
13:21:01 | INFO: Extracting primitive: takeda-samurai-02 rear lamellar back plate r1 c4 mesh
13:21:01 | INFO: Primitives created: 1
13:21:01 | INFO: Extracting primitive: takeda-samurai-02 rear odoshi lacing row 1
13:21:01 | INFO: Primitives created: 1
13:21:01 | INFO: Extracting primitive: takeda-samurai-02 rear lamellar back plate r2 c1 mesh
13:21:01 | INFO: Primitives created: 1
13:21:01 | INFO: Extracting primitive: takeda-samurai-02 rear lamellar back plate r2 c2 mesh
13:21:01 | INFO: Primitives created: 1
13:21:01 | INFO: Extracting primitive: takeda-samurai-02 rear lamellar back plate r2 c3 mesh
13:21:01 | INFO: Primitives created: 1
13:21:01 | INFO: Extracting primitive: takeda-samurai-02 rear lamellar back plate r2 c4 mesh
13:21:01 | INFO: Primitives created: 1
13:21:01 | INFO: Extracting primitive: takeda-samurai-02 rear odoshi lacing row 2
13:21:01 | INFO: Primitives created: 1
13:21:01 | INFO: Extracting primitive: takeda-samurai-02 rear lamellar back plate r3 c1 mesh
13:21:01 | INFO: Primitives created: 1
13:21:01 | INFO: Extracting primitive: takeda-samurai-02 rear lamellar back plate r3 c2 mesh
13:21:01 | INFO: Primitives created: 1
13:21:01 | INFO: Extracting primitive: takeda-samurai-02 rear lamellar back plate r3 c3 mesh
13:21:01 | INFO: Primitives created: 1
13:21:01 | INFO: Extracting primitive: takeda-samurai-02 rear lamellar back plate r3 c4 mesh
13:21:01 | INFO: Primitives created: 1
13:21:01 | INFO: Extracting primitive: takeda-samurai-02 rear odoshi lacing row 3
13:21:01 | INFO: Primitives created: 1
13:21:01 | INFO: Extracting primitive: takeda-samurai-02 rear lamellar back plate r4 c1 mesh
13:21:01 | INFO: Primitives created: 1
13:21:01 | INFO: Extracting primitive: takeda-samurai-02 rear lamellar back plate r4 c2 mesh
13:21:01 | INFO: Primitives created: 1
13:21:01 | INFO: Extracting primitive: takeda-samurai-02 rear lamellar back plate r4 c3 mesh
13:21:01 | INFO: Primitives created: 1
13:21:01 | INFO: Extracting primitive: takeda-samurai-02 rear lamellar back plate r4 c4 mesh
13:21:01 | INFO: Primitives created: 1
13:21:01 | INFO: Extracting primitive: takeda-samurai-02 rear odoshi lacing row 4
13:21:01 | INFO: Primitives created: 1
13:21:01 | INFO: Extracting primitive: takeda-samurai-02 rear lacquer edge scratch -0.17
13:21:01 | INFO: Primitives created: 1
13:21:01 | INFO: Extracting primitive: takeda-samurai-02 rear lacquer edge scratch -0.06
13:21:01 | INFO: Primitives created: 1
13:21:01 | INFO: Extracting primitive: takeda-samurai-02 rear lacquer edge scratch 0.06
13:21:01 | INFO: Primitives created: 1
13:21:01 | INFO: Extracting primitive: takeda-samurai-02 rear lacquer edge scratch 0.17
13:21:01 | INFO: Primitives created: 1
13:21:01 | INFO: Extracting primitive: Sphere.048
13:21:01 | INFO: Primitives created: 1
13:21:01 | INFO: Extracting primitive: takeda-samurai-02 articulated sode shoulder plate -1 1 mesh
13:21:01 | INFO: Primitives created: 1
13:21:01 | INFO: Extracting primitive: takeda-samurai-02 sode lacing -1 1
13:21:01 | INFO: Primitives created: 1
13:21:01 | INFO: Extracting primitive: takeda-samurai-02 articulated sode shoulder plate -1 2 mesh
13:21:01 | INFO: Primitives created: 1
13:21:01 | INFO: Extracting primitive: takeda-samurai-02 sode lacing -1 2
13:21:01 | INFO: Primitives created: 1
13:21:01 | INFO: Extracting primitive: takeda-samurai-02 articulated sode shoulder plate -1 3 mesh
13:21:01 | INFO: Primitives created: 1
13:21:01 | INFO: Extracting primitive: takeda-samurai-02 sode lacing -1 3
13:21:01 | INFO: Primitives created: 1
13:21:01 | INFO: Extracting primitive: takeda-samurai-02 articulated sode shoulder plate -1 4 mesh
13:21:01 | INFO: Primitives created: 1
13:21:01 | INFO: Extracting primitive: takeda-samurai-02 sode lacing -1 4
13:21:01 | INFO: Primitives created: 1
13:21:01 | INFO: Extracting primitive: Sphere.049
13:21:01 | INFO: Primitives created: 1
13:21:01 | INFO: Extracting primitive: Sphere.050
13:21:01 | INFO: Primitives created: 1
13:21:01 | INFO: Extracting primitive: Sphere.051
13:21:01 | INFO: Primitives created: 1
13:21:01 | INFO: Extracting primitive: Sphere.052
13:21:01 | INFO: Primitives created: 1
13:21:01 | INFO: Extracting primitive: Sphere.053
13:21:01 | INFO: Primitives created: 1
13:21:01 | INFO: Extracting primitive: Cube.009
13:21:01 | INFO: Primitives created: 1
13:21:01 | INFO: Extracting primitive: takeda-samurai-02 sandal toe strap -1
13:21:01 | INFO: Primitives created: 1
13:21:01 | INFO: Extracting primitive: Sphere.054
13:21:01 | INFO: Primitives created: 1
13:21:01 | INFO: Extracting primitive: takeda-samurai-02 articulated sode shoulder plate 1 1 mesh
13:21:01 | INFO: Primitives created: 1
13:21:01 | INFO: Extracting primitive: takeda-samurai-02 sode lacing 1 1
13:21:01 | INFO: Primitives created: 1
13:21:01 | INFO: Extracting primitive: takeda-samurai-02 articulated sode shoulder plate 1 2 mesh
13:21:01 | INFO: Primitives created: 1
13:21:01 | INFO: Extracting primitive: takeda-samurai-02 sode lacing 1 2
13:21:01 | INFO: Primitives created: 1
13:21:01 | INFO: Extracting primitive: takeda-samurai-02 articulated sode shoulder plate 1 3 mesh
13:21:01 | INFO: Primitives created: 1
13:21:01 | INFO: Extracting primitive: takeda-samurai-02 sode lacing 1 3
13:21:01 | INFO: Primitives created: 1
13:21:01 | INFO: Extracting primitive: takeda-samurai-02 articulated sode shoulder plate 1 4 mesh
13:21:01 | INFO: Primitives created: 1
13:21:01 | INFO: Extracting primitive: takeda-samurai-02 sode lacing 1 4
13:21:01 | INFO: Primitives created: 1
13:21:01 | INFO: Extracting primitive: Sphere.055
13:21:01 | INFO: Primitives created: 1
13:21:01 | INFO: Extracting primitive: Sphere.056
13:21:01 | INFO: Primitives created: 1
13:21:01 | INFO: Extracting primitive: Sphere.057
13:21:01 | INFO: Primitives created: 1
13:21:01 | INFO: Extracting primitive: Sphere.058
13:21:01 | INFO: Primitives created: 1
13:21:01 | INFO: Extracting primitive: Sphere.059
13:21:01 | INFO: Primitives created: 1
13:21:01 | INFO: Extracting primitive: Cube.010
13:21:01 | INFO: Primitives created: 1
13:21:01 | INFO: Extracting primitive: takeda-samurai-02 sandal toe strap 1
13:21:01 | INFO: Primitives created: 1
13:21:01 | INFO: Extracting primitive: takeda-samurai-02 kusazuri skirt -1 row 1 mesh
13:21:01 | INFO: Primitives created: 1
13:21:01 | INFO: Extracting primitive: takeda-samurai-02 kusazuri skirt -1 row 2 mesh
13:21:01 | INFO: Primitives created: 1
13:21:01 | INFO: Extracting primitive: takeda-samurai-02 kusazuri skirt 0 row 1 mesh
13:21:01 | INFO: Primitives created: 1
13:21:01 | INFO: Extracting primitive: takeda-samurai-02 kusazuri skirt 0 row 2 mesh
13:21:01 | INFO: Primitives created: 1
13:21:01 | INFO: Extracting primitive: takeda-samurai-02 kusazuri skirt 1 row 1 mesh
13:21:01 | INFO: Primitives created: 1
13:21:01 | INFO: Extracting primitive: takeda-samurai-02 kusazuri skirt 1 row 2 mesh
13:21:01 | INFO: Primitives created: 1
13:21:01 | INFO: Extracting primitive: takeda-samurai-02 yari shaft
13:21:01 | INFO: Primitives created: 1
13:21:01 | INFO: Extracting primitive: Cone.012
13:21:01 | INFO: Primitives created: 1
13:21:01 | INFO: Extracting primitive: takeda-samurai-02 sashimono bamboo pole
13:21:01 | INFO: Primitives created: 1
13:21:01 | INFO: Extracting primitive: takeda-samurai-02 wind-bent sashimono cloth panel mesh
13:21:01 | INFO: Primitives created: 1
13:21:01 | INFO: Extracting primitive: Cube.011
13:21:01 | INFO: Primitives created: 1
13:21:01 | INFO: Extracting primitive: Cube.012
13:21:01 | INFO: Primitives created: 1
13:21:01 | INFO: Extracting primitive: Cube.013
13:21:01 | INFO: Primitives created: 1
13:21:01 | INFO: Extracting primitive: Cube.014
13:21:01 | INFO: Primitives created: 1
13:21:01 | INFO: Extracting primitive: Sphere.060
13:21:01 | INFO: Primitives created: 1
13:21:01 | INFO: Extracting primitive: Sphere.061
13:21:01 | INFO: Primitives created: 1
13:21:01 | INFO: Extracting primitive: Sphere.062
13:21:01 | INFO: Primitives created: 1
13:21:01 | INFO: Extracting primitive: Sphere.063
13:21:01 | INFO: Primitives created: 1
13:21:01 | INFO: Extracting primitive: Cube.015
13:21:01 | INFO: Primitives created: 1
13:21:01 | INFO: Extracting primitive: Sphere.064
13:21:01 | INFO: Primitives created: 1
13:21:01 | INFO: Extracting primitive: Cone.013
13:21:01 | INFO: Primitives created: 1
13:21:01 | INFO: Extracting primitive: takeda-samurai-03 rear shikoro lamellar neck plate r1 c1 mesh
13:21:01 | INFO: Primitives created: 1
13:21:01 | INFO: Extracting primitive: takeda-samurai-03 rear shikoro lamellar neck plate r1 c2 mesh
13:21:01 | INFO: Primitives created: 1
13:21:01 | INFO: Extracting primitive: takeda-samurai-03 rear shikoro lamellar neck plate r1 c3 mesh
13:21:01 | INFO: Primitives created: 1
13:21:01 | INFO: Extracting primitive: takeda-samurai-03 rear shikoro lamellar neck plate r2 c1 mesh
13:21:01 | INFO: Primitives created: 1
13:21:01 | INFO: Extracting primitive: takeda-samurai-03 rear shikoro lamellar neck plate r2 c2 mesh
13:21:01 | INFO: Primitives created: 1
13:21:01 | INFO: Extracting primitive: takeda-samurai-03 rear shikoro lamellar neck plate r2 c3 mesh
13:21:01 | INFO: Primitives created: 1
13:21:01 | INFO: Extracting primitive: takeda-samurai-03 rear shikoro lamellar neck plate r3 c1 mesh
13:21:01 | INFO: Primitives created: 1
13:21:01 | INFO: Extracting primitive: takeda-samurai-03 rear shikoro lamellar neck plate r3 c2 mesh
13:21:01 | INFO: Primitives created: 1
13:21:01 | INFO: Extracting primitive: takeda-samurai-03 rear shikoro lamellar neck plate r3 c3 mesh
13:21:01 | INFO: Primitives created: 1
13:21:01 | INFO: Extracting primitive: takeda-samurai-03 raised kabuto rib 1
13:21:01 | INFO: Primitives created: 1
13:21:01 | INFO: Extracting primitive: takeda-samurai-03 raised kabuto rib 2
13:21:01 | INFO: Primitives created: 1
13:21:01 | INFO: Extracting primitive: takeda-samurai-03 raised kabuto rib 3
13:21:01 | INFO: Primitives created: 1
13:21:01 | INFO: Extracting primitive: takeda-samurai-03 crescent maedate crest
13:21:01 | INFO: Primitives created: 1
13:21:01 | INFO: Extracting primitive: takeda-samurai-03 individual front lamellar plate r1 c1 mesh
13:21:01 | INFO: Primitives created: 1
13:21:01 | INFO: Extracting primitive: takeda-samurai-03 individual front lamellar plate r1 c2 mesh
13:21:01 | INFO: Primitives created: 1
13:21:01 | INFO: Extracting primitive: takeda-samurai-03 individual front lamellar plate r1 c3 mesh
13:21:01 | INFO: Primitives created: 1
13:21:01 | INFO: Extracting primitive: takeda-samurai-03 individual front lamellar plate r1 c4 mesh
13:21:01 | INFO: Primitives created: 1
13:21:01 | INFO: Extracting primitive: takeda-samurai-03 individual front lamellar plate r1 c5 mesh
13:21:01 | INFO: Primitives created: 1
13:21:01 | INFO: Extracting primitive: takeda-samurai-03 odoshi lacing row 1
13:21:01 | INFO: Primitives created: 1
13:21:01 | INFO: Extracting primitive: takeda-samurai-03 chipped lacquer highlight r1 -0.16
13:21:01 | INFO: Primitives created: 1
13:21:01 | INFO: Extracting primitive: takeda-samurai-03 chipped lacquer highlight r1 0.0
13:21:01 | INFO: Primitives created: 1
13:21:01 | INFO: Extracting primitive: takeda-samurai-03 chipped lacquer highlight r1 0.16
13:21:01 | INFO: Primitives created: 1
13:21:01 | INFO: Extracting primitive: takeda-samurai-03 individual front lamellar plate r2 c1 mesh
13:21:01 | INFO: Primitives created: 1
13:21:01 | INFO: Extracting primitive: takeda-samurai-03 individual front lamellar plate r2 c2 mesh
13:21:01 | INFO: Primitives created: 1
13:21:01 | INFO: Extracting primitive: takeda-samurai-03 individual front lamellar plate r2 c3 mesh
13:21:01 | INFO: Primitives created: 1
13:21:01 | INFO: Extracting primitive: takeda-samurai-03 individual front lamellar plate r2 c4 mesh
13:21:01 | INFO: Primitives created: 1
13:21:01 | INFO: Extracting primitive: takeda-samurai-03 individual front lamellar plate r2 c5 mesh
13:21:01 | INFO: Primitives created: 1
13:21:01 | INFO: Extracting primitive: takeda-samurai-03 odoshi lacing row 2
13:21:01 | INFO: Primitives created: 1
13:21:01 | INFO: Extracting primitive: takeda-samurai-03 chipped lacquer highlight r2 -0.16
13:21:01 | INFO: Primitives created: 1
13:21:01 | INFO: Extracting primitive: takeda-samurai-03 chipped lacquer highlight r2 0.0
13:21:01 | INFO: Primitives created: 1
13:21:01 | INFO: Extracting primitive: takeda-samurai-03 chipped lacquer highlight r2 0.16
13:21:01 | INFO: Primitives created: 1
13:21:01 | INFO: Extracting primitive: takeda-samurai-03 individual front lamellar plate r3 c1 mesh
13:21:01 | INFO: Primitives created: 1
13:21:01 | INFO: Extracting primitive: takeda-samurai-03 individual front lamellar plate r3 c2 mesh
13:21:01 | INFO: Primitives created: 1
13:21:01 | INFO: Extracting primitive: takeda-samurai-03 individual front lamellar plate r3 c3 mesh
13:21:01 | INFO: Primitives created: 1
13:21:01 | INFO: Extracting primitive: takeda-samurai-03 individual front lamellar plate r3 c4 mesh
13:21:01 | INFO: Primitives created: 1
13:21:01 | INFO: Extracting primitive: takeda-samurai-03 individual front lamellar plate r3 c5 mesh
13:21:01 | INFO: Primitives created: 1
13:21:01 | INFO: Extracting primitive: takeda-samurai-03 odoshi lacing row 3
13:21:01 | INFO: Primitives created: 1
13:21:01 | INFO: Extracting primitive: takeda-samurai-03 chipped lacquer highlight r3 -0.16
13:21:01 | INFO: Primitives created: 1
13:21:01 | INFO: Extracting primitive: takeda-samurai-03 chipped lacquer highlight r3 0.0
13:21:01 | INFO: Primitives created: 1
13:21:01 | INFO: Extracting primitive: takeda-samurai-03 chipped lacquer highlight r3 0.16
13:21:01 | INFO: Primitives created: 1
13:21:01 | INFO: Extracting primitive: takeda-samurai-03 individual front lamellar plate r4 c1 mesh
13:21:01 | INFO: Primitives created: 1
13:21:01 | INFO: Extracting primitive: takeda-samurai-03 individual front lamellar plate r4 c2 mesh
13:21:01 | INFO: Primitives created: 1
13:21:01 | INFO: Extracting primitive: takeda-samurai-03 individual front lamellar plate r4 c3 mesh
13:21:01 | INFO: Primitives created: 1
13:21:01 | INFO: Extracting primitive: takeda-samurai-03 individual front lamellar plate r4 c4 mesh
13:21:01 | INFO: Primitives created: 1
13:21:01 | INFO: Extracting primitive: takeda-samurai-03 individual front lamellar plate r4 c5 mesh
13:21:01 | INFO: Primitives created: 1
13:21:01 | INFO: Extracting primitive: takeda-samurai-03 odoshi lacing row 4
13:21:01 | INFO: Primitives created: 1
13:21:01 | INFO: Extracting primitive: takeda-samurai-03 chipped lacquer highlight r4 -0.16
13:21:01 | INFO: Primitives created: 1
13:21:01 | INFO: Extracting primitive: takeda-samurai-03 chipped lacquer highlight r4 0.0
13:21:01 | INFO: Primitives created: 1
13:21:01 | INFO: Extracting primitive: takeda-samurai-03 chipped lacquer highlight r4 0.16
13:21:01 | INFO: Primitives created: 1
13:21:01 | INFO: Extracting primitive: takeda-samurai-03 rear lamellar back plate r1 c1 mesh
13:21:01 | INFO: Primitives created: 1
13:21:01 | INFO: Extracting primitive: takeda-samurai-03 rear lamellar back plate r1 c2 mesh
13:21:01 | INFO: Primitives created: 1
13:21:01 | INFO: Extracting primitive: takeda-samurai-03 rear lamellar back plate r1 c3 mesh
13:21:01 | INFO: Primitives created: 1
13:21:01 | INFO: Extracting primitive: takeda-samurai-03 rear lamellar back plate r1 c4 mesh
13:21:01 | INFO: Primitives created: 1
13:21:01 | INFO: Extracting primitive: takeda-samurai-03 rear odoshi lacing row 1
13:21:01 | INFO: Primitives created: 1
13:21:01 | INFO: Extracting primitive: takeda-samurai-03 rear lamellar back plate r2 c1 mesh
13:21:01 | INFO: Primitives created: 1
13:21:01 | INFO: Extracting primitive: takeda-samurai-03 rear lamellar back plate r2 c2 mesh
13:21:01 | INFO: Primitives created: 1
13:21:01 | INFO: Extracting primitive: takeda-samurai-03 rear lamellar back plate r2 c3 mesh
13:21:01 | INFO: Primitives created: 1
13:21:01 | INFO: Extracting primitive: takeda-samurai-03 rear lamellar back plate r2 c4 mesh
13:21:01 | INFO: Primitives created: 1
13:21:01 | INFO: Extracting primitive: takeda-samurai-03 rear odoshi lacing row 2
13:21:01 | INFO: Primitives created: 1
13:21:01 | INFO: Extracting primitive: takeda-samurai-03 rear lamellar back plate r3 c1 mesh
13:21:01 | INFO: Primitives created: 1
13:21:01 | INFO: Extracting primitive: takeda-samurai-03 rear lamellar back plate r3 c2 mesh
13:21:01 | INFO: Primitives created: 1
13:21:01 | INFO: Extracting primitive: takeda-samurai-03 rear lamellar back plate r3 c3 mesh
13:21:01 | INFO: Primitives created: 1
13:21:01 | INFO: Extracting primitive: takeda-samurai-03 rear lamellar back plate r3 c4 mesh
13:21:01 | INFO: Primitives created: 1
13:21:01 | INFO: Extracting primitive: takeda-samurai-03 rear odoshi lacing row 3
13:21:01 | INFO: Primitives created: 1
13:21:01 | INFO: Extracting primitive: takeda-samurai-03 rear lamellar back plate r4 c1 mesh
13:21:01 | INFO: Primitives created: 1
13:21:01 | INFO: Extracting primitive: takeda-samurai-03 rear lamellar back plate r4 c2 mesh
13:21:01 | INFO: Primitives created: 1
13:21:01 | INFO: Extracting primitive: takeda-samurai-03 rear lamellar back plate r4 c3 mesh
13:21:01 | INFO: Primitives created: 1
13:21:01 | INFO: Extracting primitive: takeda-samurai-03 rear lamellar back plate r4 c4 mesh
13:21:01 | INFO: Primitives created: 1
13:21:01 | INFO: Extracting primitive: takeda-samurai-03 rear odoshi lacing row 4
13:21:01 | INFO: Primitives created: 1
13:21:01 | INFO: Extracting primitive: takeda-samurai-03 rear lacquer edge scratch -0.17
13:21:01 | INFO: Primitives created: 1
13:21:01 | INFO: Extracting primitive: takeda-samurai-03 rear lacquer edge scratch -0.06
13:21:01 | INFO: Primitives created: 1
13:21:01 | INFO: Extracting primitive: takeda-samurai-03 rear lacquer edge scratch 0.06
13:21:01 | INFO: Primitives created: 1
13:21:01 | INFO: Extracting primitive: takeda-samurai-03 rear lacquer edge scratch 0.17
13:21:01 | INFO: Primitives created: 1
13:21:01 | INFO: Extracting primitive: Sphere.065
13:21:01 | INFO: Primitives created: 1
13:21:01 | INFO: Extracting primitive: takeda-samurai-03 articulated sode shoulder plate -1 1 mesh
13:21:01 | INFO: Primitives created: 1
13:21:01 | INFO: Extracting primitive: takeda-samurai-03 sode lacing -1 1
13:21:01 | INFO: Primitives created: 1
13:21:01 | INFO: Extracting primitive: takeda-samurai-03 articulated sode shoulder plate -1 2 mesh
13:21:01 | INFO: Primitives created: 1
13:21:01 | INFO: Extracting primitive: takeda-samurai-03 sode lacing -1 2
13:21:01 | INFO: Primitives created: 1
13:21:01 | INFO: Extracting primitive: takeda-samurai-03 articulated sode shoulder plate -1 3 mesh
13:21:01 | INFO: Primitives created: 1
13:21:01 | INFO: Extracting primitive: takeda-samurai-03 sode lacing -1 3
13:21:01 | INFO: Primitives created: 1
13:21:01 | INFO: Extracting primitive: takeda-samurai-03 articulated sode shoulder plate -1 4 mesh
13:21:01 | INFO: Primitives created: 1
13:21:01 | INFO: Extracting primitive: takeda-samurai-03 sode lacing -1 4
13:21:01 | INFO: Primitives created: 1
13:21:01 | INFO: Extracting primitive: Sphere.066
13:21:01 | INFO: Primitives created: 1
13:21:01 | INFO: Extracting primitive: Sphere.067
13:21:01 | INFO: Primitives created: 1
13:21:01 | INFO: Extracting primitive: Sphere.068
13:21:01 | INFO: Primitives created: 1
13:21:01 | INFO: Extracting primitive: Sphere.069
13:21:01 | INFO: Primitives created: 1
13:21:01 | INFO: Extracting primitive: Sphere.070
13:21:01 | INFO: Primitives created: 1
13:21:01 | INFO: Extracting primitive: Cube.016
13:21:01 | INFO: Primitives created: 1
13:21:01 | INFO: Extracting primitive: takeda-samurai-03 sandal toe strap -1
13:21:01 | INFO: Primitives created: 1
13:21:01 | INFO: Extracting primitive: Sphere.071
13:21:01 | INFO: Primitives created: 1
13:21:01 | INFO: Extracting primitive: takeda-samurai-03 articulated sode shoulder plate 1 1 mesh
13:21:01 | INFO: Primitives created: 1
13:21:01 | INFO: Extracting primitive: takeda-samurai-03 sode lacing 1 1
13:21:01 | INFO: Primitives created: 1
13:21:01 | INFO: Extracting primitive: takeda-samurai-03 articulated sode shoulder plate 1 2 mesh
13:21:01 | INFO: Primitives created: 1
13:21:01 | INFO: Extracting primitive: takeda-samurai-03 sode lacing 1 2
13:21:01 | INFO: Primitives created: 1
13:21:01 | INFO: Extracting primitive: takeda-samurai-03 articulated sode shoulder plate 1 3 mesh
13:21:01 | INFO: Primitives created: 1
13:21:01 | INFO: Extracting primitive: takeda-samurai-03 sode lacing 1 3
13:21:01 | INFO: Primitives created: 1
13:21:01 | INFO: Extracting primitive: takeda-samurai-03 articulated sode shoulder plate 1 4 mesh
13:21:01 | INFO: Primitives created: 1
13:21:01 | INFO: Extracting primitive: takeda-samurai-03 sode lacing 1 4
13:21:01 | INFO: Primitives created: 1
13:21:01 | INFO: Extracting primitive: Sphere.072
13:21:01 | INFO: Primitives created: 1
13:21:01 | INFO: Extracting primitive: Sphere.073
13:21:01 | INFO: Primitives created: 1
13:21:01 | INFO: Extracting primitive: Sphere.074
13:21:01 | INFO: Primitives created: 1
13:21:01 | INFO: Extracting primitive: Sphere.075
13:21:01 | INFO: Primitives created: 1
13:21:01 | INFO: Extracting primitive: Sphere.076
13:21:01 | INFO: Primitives created: 1
13:21:01 | INFO: Extracting primitive: Cube.017
13:21:01 | INFO: Primitives created: 1
13:21:01 | INFO: Extracting primitive: takeda-samurai-03 sandal toe strap 1
13:21:01 | INFO: Primitives created: 1
13:21:01 | INFO: Extracting primitive: takeda-samurai-03 kusazuri skirt -1 row 1 mesh
13:21:01 | INFO: Primitives created: 1
13:21:01 | INFO: Extracting primitive: takeda-samurai-03 kusazuri skirt -1 row 2 mesh
13:21:01 | INFO: Primitives created: 1
13:21:01 | INFO: Extracting primitive: takeda-samurai-03 kusazuri skirt 0 row 1 mesh
13:21:01 | INFO: Primitives created: 1
13:21:01 | INFO: Extracting primitive: takeda-samurai-03 kusazuri skirt 0 row 2 mesh
13:21:01 | INFO: Primitives created: 1
13:21:01 | INFO: Extracting primitive: takeda-samurai-03 kusazuri skirt 1 row 1 mesh
13:21:01 | INFO: Primitives created: 1
13:21:01 | INFO: Extracting primitive: takeda-samurai-03 kusazuri skirt 1 row 2 mesh
13:21:01 | INFO: Primitives created: 1
13:21:01 | INFO: Extracting primitive: takeda-samurai-03 raised katana blade
13:21:01 | INFO: Primitives created: 1
13:21:01 | INFO: Extracting primitive: Cylinder.011
13:21:01 | INFO: Primitives created: 1
13:21:01 | INFO: Extracting primitive: takeda-samurai-03 sashimono bamboo pole
13:21:01 | INFO: Primitives created: 1
13:21:01 | INFO: Extracting primitive: takeda-samurai-03 wind-bent sashimono cloth panel mesh
13:21:01 | INFO: Primitives created: 1
13:21:01 | INFO: Extracting primitive: Cube.018
13:21:01 | INFO: Primitives created: 1
13:21:01 | INFO: Extracting primitive: Cube.019
13:21:01 | INFO: Primitives created: 1
13:21:01 | INFO: Extracting primitive: Cube.020
13:21:01 | INFO: Primitives created: 1
13:21:01 | INFO: Extracting primitive: Cube.021
13:21:01 | INFO: Primitives created: 1
13:21:01 | INFO: Extracting primitive: Sphere.077
13:21:01 | INFO: Primitives created: 1
13:21:01 | INFO: Extracting primitive: Sphere.078
13:21:01 | INFO: Primitives created: 1
13:21:01 | INFO: Extracting primitive: Sphere.079
13:21:01 | INFO: Primitives created: 1
13:21:01 | INFO: Extracting primitive: Sphere.080
13:21:01 | INFO: Primitives created: 1
13:21:01 | INFO: Extracting primitive: Cube.022
13:21:01 | INFO: Primitives created: 1
13:21:01 | INFO: Extracting primitive: Sphere.081
13:21:01 | INFO: Primitives created: 1
13:21:01 | INFO: Extracting primitive: Cone.014
13:21:01 | INFO: Primitives created: 1
13:21:01 | INFO: Extracting primitive: takeda-samurai-04 rear shikoro lamellar neck plate r1 c1 mesh
13:21:01 | INFO: Primitives created: 1
13:21:01 | INFO: Extracting primitive: takeda-samurai-04 rear shikoro lamellar neck plate r1 c2 mesh
13:21:01 | INFO: Primitives created: 1
13:21:01 | INFO: Extracting primitive: takeda-samurai-04 rear shikoro lamellar neck plate r1 c3 mesh
13:21:01 | INFO: Primitives created: 1
13:21:01 | INFO: Extracting primitive: takeda-samurai-04 rear shikoro lamellar neck plate r2 c1 mesh
13:21:01 | INFO: Primitives created: 1
13:21:01 | INFO: Extracting primitive: takeda-samurai-04 rear shikoro lamellar neck plate r2 c2 mesh
13:21:01 | INFO: Primitives created: 1
13:21:01 | INFO: Extracting primitive: takeda-samurai-04 rear shikoro lamellar neck plate r2 c3 mesh
13:21:01 | INFO: Primitives created: 1
13:21:01 | INFO: Extracting primitive: takeda-samurai-04 rear shikoro lamellar neck plate r3 c1 mesh
13:21:01 | INFO: Primitives created: 1
13:21:01 | INFO: Extracting primitive: takeda-samurai-04 rear shikoro lamellar neck plate r3 c2 mesh
13:21:01 | INFO: Primitives created: 1
13:21:01 | INFO: Extracting primitive: takeda-samurai-04 rear shikoro lamellar neck plate r3 c3 mesh
13:21:01 | INFO: Primitives created: 1
13:21:01 | INFO: Extracting primitive: takeda-samurai-04 raised kabuto rib 1
13:21:01 | INFO: Primitives created: 1
13:21:01 | INFO: Extracting primitive: takeda-samurai-04 raised kabuto rib 2
13:21:01 | INFO: Primitives created: 1
13:21:01 | INFO: Extracting primitive: takeda-samurai-04 raised kabuto rib 3
13:21:01 | INFO: Primitives created: 1
13:21:01 | INFO: Extracting primitive: takeda-samurai-04 crescent maedate crest
13:21:01 | INFO: Primitives created: 1
13:21:01 | INFO: Extracting primitive: takeda-samurai-04 individual front lamellar plate r1 c1 mesh
13:21:01 | INFO: Primitives created: 1
13:21:01 | INFO: Extracting primitive: takeda-samurai-04 individual front lamellar plate r1 c2 mesh
13:21:01 | INFO: Primitives created: 1
13:21:01 | INFO: Extracting primitive: takeda-samurai-04 individual front lamellar plate r1 c3 mesh
13:21:01 | INFO: Primitives created: 1
13:21:01 | INFO: Extracting primitive: takeda-samurai-04 individual front lamellar plate r1 c4 mesh
13:21:01 | INFO: Primitives created: 1
13:21:01 | INFO: Extracting primitive: takeda-samurai-04 individual front lamellar plate r1 c5 mesh
13:21:01 | INFO: Primitives created: 1
13:21:01 | INFO: Extracting primitive: takeda-samurai-04 odoshi lacing row 1
13:21:01 | INFO: Primitives created: 1
13:21:01 | INFO: Extracting primitive: takeda-samurai-04 chipped lacquer highlight r1 -0.16
13:21:01 | INFO: Primitives created: 1
13:21:01 | INFO: Extracting primitive: takeda-samurai-04 chipped lacquer highlight r1 0.0
13:21:01 | INFO: Primitives created: 1
13:21:01 | INFO: Extracting primitive: takeda-samurai-04 chipped lacquer highlight r1 0.16
13:21:01 | INFO: Primitives created: 1
13:21:01 | INFO: Extracting primitive: takeda-samurai-04 individual front lamellar plate r2 c1 mesh
13:21:01 | INFO: Primitives created: 1
13:21:01 | INFO: Extracting primitive: takeda-samurai-04 individual front lamellar plate r2 c2 mesh
13:21:01 | INFO: Primitives created: 1
13:21:01 | INFO: Extracting primitive: takeda-samurai-04 individual front lamellar plate r2 c3 mesh
13:21:01 | INFO: Primitives created: 1
13:21:01 | INFO: Extracting primitive: takeda-samurai-04 individual front lamellar plate r2 c4 mesh
13:21:01 | INFO: Primitives created: 1
13:21:01 | INFO: Extracting primitive: takeda-samurai-04 individual front lamellar plate r2 c5 mesh
13:21:01 | INFO: Primitives created: 1
13:21:01 | INFO: Extracting primitive: takeda-samurai-04 odoshi lacing row 2
13:21:01 | INFO: Primitives created: 1
13:21:01 | INFO: Extracting primitive: takeda-samurai-04 chipped lacquer highlight r2 -0.16
13:21:01 | INFO: Primitives created: 1
13:21:01 | INFO: Extracting primitive: takeda-samurai-04 chipped lacquer highlight r2 0.0
13:21:01 | INFO: Primitives created: 1
13:21:01 | INFO: Extracting primitive: takeda-samurai-04 chipped lacquer highlight r2 0.16
13:21:01 | INFO: Primitives created: 1
13:21:01 | INFO: Extracting primitive: takeda-samurai-04 individual front lamellar plate r3 c1 mesh
13:21:01 | INFO: Primitives created: 1
13:21:01 | INFO: Extracting primitive: takeda-samurai-04 individual front lamellar plate r3 c2 mesh
13:21:01 | INFO: Primitives created: 1
13:21:01 | INFO: Extracting primitive: takeda-samurai-04 individual front lamellar plate r3 c3 mesh
13:21:01 | INFO: Primitives created: 1
13:21:01 | INFO: Extracting primitive: takeda-samurai-04 individual front lamellar plate r3 c4 mesh
13:21:01 | INFO: Primitives created: 1
13:21:01 | INFO: Extracting primitive: takeda-samurai-04 individual front lamellar plate r3 c5 mesh
13:21:01 | INFO: Primitives created: 1
13:21:01 | INFO: Extracting primitive: takeda-samurai-04 odoshi lacing row 3
13:21:01 | INFO: Primitives created: 1
13:21:01 | INFO: Extracting primitive: takeda-samurai-04 chipped lacquer highlight r3 -0.16
13:21:01 | INFO: Primitives created: 1
13:21:01 | INFO: Extracting primitive: takeda-samurai-04 chipped lacquer highlight r3 0.0
13:21:01 | INFO: Primitives created: 1
13:21:01 | INFO: Extracting primitive: takeda-samurai-04 chipped lacquer highlight r3 0.16
13:21:01 | INFO: Primitives created: 1
13:21:01 | INFO: Extracting primitive: takeda-samurai-04 individual front lamellar plate r4 c1 mesh
13:21:01 | INFO: Primitives created: 1
13:21:01 | INFO: Extracting primitive: takeda-samurai-04 individual front lamellar plate r4 c2 mesh
13:21:01 | INFO: Primitives created: 1
13:21:01 | INFO: Extracting primitive: takeda-samurai-04 individual front lamellar plate r4 c3 mesh
13:21:01 | INFO: Primitives created: 1
13:21:01 | INFO: Extracting primitive: takeda-samurai-04 individual front lamellar plate r4 c4 mesh
13:21:01 | INFO: Primitives created: 1
13:21:01 | INFO: Extracting primitive: takeda-samurai-04 individual front lamellar plate r4 c5 mesh
13:21:01 | INFO: Primitives created: 1
13:21:01 | INFO: Extracting primitive: takeda-samurai-04 odoshi lacing row 4
13:21:01 | INFO: Primitives created: 1
13:21:01 | INFO: Extracting primitive: takeda-samurai-04 chipped lacquer highlight r4 -0.16
13:21:01 | INFO: Primitives created: 1
13:21:01 | INFO: Extracting primitive: takeda-samurai-04 chipped lacquer highlight r4 0.0
13:21:01 | INFO: Primitives created: 1
13:21:01 | INFO: Extracting primitive: takeda-samurai-04 chipped lacquer highlight r4 0.16
13:21:01 | INFO: Primitives created: 1
13:21:01 | INFO: Extracting primitive: takeda-samurai-04 rear lamellar back plate r1 c1 mesh
13:21:01 | INFO: Primitives created: 1
13:21:01 | INFO: Extracting primitive: takeda-samurai-04 rear lamellar back plate r1 c2 mesh
13:21:01 | INFO: Primitives created: 1
13:21:01 | INFO: Extracting primitive: takeda-samurai-04 rear lamellar back plate r1 c3 mesh
13:21:01 | INFO: Primitives created: 1
13:21:01 | INFO: Extracting primitive: takeda-samurai-04 rear lamellar back plate r1 c4 mesh
13:21:01 | INFO: Primitives created: 1
13:21:01 | INFO: Extracting primitive: takeda-samurai-04 rear odoshi lacing row 1
13:21:01 | INFO: Primitives created: 1
13:21:01 | INFO: Extracting primitive: takeda-samurai-04 rear lamellar back plate r2 c1 mesh
13:21:01 | INFO: Primitives created: 1
13:21:01 | INFO: Extracting primitive: takeda-samurai-04 rear lamellar back plate r2 c2 mesh
13:21:01 | INFO: Primitives created: 1
13:21:01 | INFO: Extracting primitive: takeda-samurai-04 rear lamellar back plate r2 c3 mesh
13:21:01 | INFO: Primitives created: 1
13:21:01 | INFO: Extracting primitive: takeda-samurai-04 rear lamellar back plate r2 c4 mesh
13:21:01 | INFO: Primitives created: 1
13:21:01 | INFO: Extracting primitive: takeda-samurai-04 rear odoshi lacing row 2
13:21:01 | INFO: Primitives created: 1
13:21:01 | INFO: Extracting primitive: takeda-samurai-04 rear lamellar back plate r3 c1 mesh
13:21:01 | INFO: Primitives created: 1
13:21:01 | INFO: Extracting primitive: takeda-samurai-04 rear lamellar back plate r3 c2 mesh
13:21:01 | INFO: Primitives created: 1
13:21:01 | INFO: Extracting primitive: takeda-samurai-04 rear lamellar back plate r3 c3 mesh
13:21:01 | INFO: Primitives created: 1
13:21:01 | INFO: Extracting primitive: takeda-samurai-04 rear lamellar back plate r3 c4 mesh
13:21:01 | INFO: Primitives created: 1
13:21:01 | INFO: Extracting primitive: takeda-samurai-04 rear odoshi lacing row 3
13:21:01 | INFO: Primitives created: 1
13:21:01 | INFO: Extracting primitive: takeda-samurai-04 rear lamellar back plate r4 c1 mesh
13:21:01 | INFO: Primitives created: 1
13:21:01 | INFO: Extracting primitive: takeda-samurai-04 rear lamellar back plate r4 c2 mesh
13:21:01 | INFO: Primitives created: 1
13:21:01 | INFO: Extracting primitive: takeda-samurai-04 rear lamellar back plate r4 c3 mesh
13:21:01 | INFO: Primitives created: 1
13:21:01 | INFO: Extracting primitive: takeda-samurai-04 rear lamellar back plate r4 c4 mesh
13:21:01 | INFO: Primitives created: 1
13:21:01 | INFO: Extracting primitive: takeda-samurai-04 rear odoshi lacing row 4
13:21:01 | INFO: Primitives created: 1
13:21:01 | INFO: Extracting primitive: takeda-samurai-04 rear lacquer edge scratch -0.17
13:21:01 | INFO: Primitives created: 1
13:21:01 | INFO: Extracting primitive: takeda-samurai-04 rear lacquer edge scratch -0.06
13:21:01 | INFO: Primitives created: 1
13:21:01 | INFO: Extracting primitive: takeda-samurai-04 rear lacquer edge scratch 0.06
13:21:01 | INFO: Primitives created: 1
13:21:01 | INFO: Extracting primitive: takeda-samurai-04 rear lacquer edge scratch 0.17
13:21:01 | INFO: Primitives created: 1
13:21:01 | INFO: Extracting primitive: Sphere.082
13:21:01 | INFO: Primitives created: 1
13:21:01 | INFO: Extracting primitive: takeda-samurai-04 articulated sode shoulder plate -1 1 mesh
13:21:01 | INFO: Primitives created: 1
13:21:01 | INFO: Extracting primitive: takeda-samurai-04 sode lacing -1 1
13:21:01 | INFO: Primitives created: 1
13:21:01 | INFO: Extracting primitive: takeda-samurai-04 articulated sode shoulder plate -1 2 mesh
13:21:01 | INFO: Primitives created: 1
13:21:01 | INFO: Extracting primitive: takeda-samurai-04 sode lacing -1 2
13:21:01 | INFO: Primitives created: 1
13:21:01 | INFO: Extracting primitive: takeda-samurai-04 articulated sode shoulder plate -1 3 mesh
13:21:01 | INFO: Primitives created: 1
13:21:01 | INFO: Extracting primitive: takeda-samurai-04 sode lacing -1 3
13:21:01 | INFO: Primitives created: 1
13:21:01 | INFO: Extracting primitive: takeda-samurai-04 articulated sode shoulder plate -1 4 mesh
13:21:01 | INFO: Primitives created: 1
13:21:01 | INFO: Extracting primitive: takeda-samurai-04 sode lacing -1 4
13:21:01 | INFO: Primitives created: 1
13:21:01 | INFO: Extracting primitive: Sphere.083
13:21:01 | INFO: Primitives created: 1
13:21:01 | INFO: Extracting primitive: Sphere.084
13:21:01 | INFO: Primitives created: 1
13:21:01 | INFO: Extracting primitive: Sphere.085
13:21:01 | INFO: Primitives created: 1
13:21:01 | INFO: Extracting primitive: Sphere.086
13:21:01 | INFO: Primitives created: 1
13:21:01 | INFO: Extracting primitive: Sphere.087
13:21:01 | INFO: Primitives created: 1
13:21:01 | INFO: Extracting primitive: Cube.023
13:21:01 | INFO: Primitives created: 1
13:21:01 | INFO: Extracting primitive: takeda-samurai-04 sandal toe strap -1
13:21:01 | INFO: Primitives created: 1
13:21:01 | INFO: Extracting primitive: Sphere.088
13:21:01 | INFO: Primitives created: 1
13:21:01 | INFO: Extracting primitive: takeda-samurai-04 articulated sode shoulder plate 1 1 mesh
13:21:01 | INFO: Primitives created: 1
13:21:01 | INFO: Extracting primitive: takeda-samurai-04 sode lacing 1 1
13:21:01 | INFO: Primitives created: 1
13:21:01 | INFO: Extracting primitive: takeda-samurai-04 articulated sode shoulder plate 1 2 mesh
13:21:01 | INFO: Primitives created: 1
13:21:01 | INFO: Extracting primitive: takeda-samurai-04 sode lacing 1 2
13:21:01 | INFO: Primitives created: 1
13:21:01 | INFO: Extracting primitive: takeda-samurai-04 articulated sode shoulder plate 1 3 mesh
13:21:01 | INFO: Primitives created: 1
13:21:01 | INFO: Extracting primitive: takeda-samurai-04 sode lacing 1 3
13:21:01 | INFO: Primitives created: 1
13:21:01 | INFO: Extracting primitive: takeda-samurai-04 articulated sode shoulder plate 1 4 mesh
13:21:01 | INFO: Primitives created: 1
13:21:01 | INFO: Extracting primitive: takeda-samurai-04 sode lacing 1 4
13:21:01 | INFO: Primitives created: 1
13:21:01 | INFO: Extracting primitive: Sphere.089
13:21:01 | INFO: Primitives created: 1
13:21:01 | INFO: Extracting primitive: Sphere.090
13:21:01 | INFO: Primitives created: 1
13:21:01 | INFO: Extracting primitive: Sphere.091
13:21:01 | INFO: Primitives created: 1
13:21:01 | INFO: Extracting primitive: Sphere.092
13:21:01 | INFO: Primitives created: 1
13:21:01 | INFO: Extracting primitive: Sphere.093
13:21:01 | INFO: Primitives created: 1
13:21:01 | INFO: Extracting primitive: Cube.024
13:21:01 | INFO: Primitives created: 1
13:21:01 | INFO: Extracting primitive: takeda-samurai-04 sandal toe strap 1
13:21:01 | INFO: Primitives created: 1
13:21:01 | INFO: Extracting primitive: takeda-samurai-04 kusazuri skirt -1 row 1 mesh
13:21:01 | INFO: Primitives created: 1
13:21:01 | INFO: Extracting primitive: takeda-samurai-04 kusazuri skirt -1 row 2 mesh
13:21:01 | INFO: Primitives created: 1
13:21:01 | INFO: Extracting primitive: takeda-samurai-04 kusazuri skirt 0 row 1 mesh
13:21:01 | INFO: Primitives created: 1
13:21:01 | INFO: Extracting primitive: takeda-samurai-04 kusazuri skirt 0 row 2 mesh
13:21:01 | INFO: Primitives created: 1
13:21:01 | INFO: Extracting primitive: takeda-samurai-04 kusazuri skirt 1 row 1 mesh
13:21:01 | INFO: Primitives created: 1
13:21:01 | INFO: Extracting primitive: takeda-samurai-04 kusazuri skirt 1 row 2 mesh
13:21:01 | INFO: Primitives created: 1
13:21:01 | INFO: Extracting primitive: takeda-samurai-04 guard katana blade
13:21:01 | INFO: Primitives created: 1
13:21:01 | INFO: Extracting primitive: Cylinder.012
13:21:01 | INFO: Primitives created: 1
13:21:01 | INFO: Extracting primitive: takeda-samurai-04 sashimono bamboo pole
13:21:01 | INFO: Primitives created: 1
13:21:01 | INFO: Extracting primitive: takeda-samurai-04 wind-bent sashimono cloth panel mesh
13:21:01 | INFO: Primitives created: 1
13:21:01 | INFO: Extracting primitive: Cube.025
13:21:01 | INFO: Primitives created: 1
13:21:01 | INFO: Extracting primitive: Cube.026
13:21:01 | INFO: Primitives created: 1
13:21:01 | INFO: Extracting primitive: Cube.027
13:21:01 | INFO: Primitives created: 1
13:21:01 | INFO: Extracting primitive: Cube.028
13:21:01 | INFO: Primitives created: 1
13:21:01 | INFO: Extracting primitive: Sphere.094
13:21:01 | INFO: Primitives created: 1
13:21:01 | INFO: Extracting primitive: Sphere.095
13:21:01 | INFO: Primitives created: 1
13:21:01 | INFO: Extracting primitive: Sphere.096
13:21:01 | INFO: Primitives created: 1
13:21:01 | INFO: Extracting primitive: Sphere.097
13:21:01 | INFO: Primitives created: 1
13:21:01 | INFO: Extracting primitive: Cube.029
13:21:01 | INFO: Primitives created: 1
13:21:01 | INFO: Extracting primitive: Sphere.098
13:21:01 | INFO: Primitives created: 1
13:21:01 | INFO: Extracting primitive: Cone.015
13:21:01 | INFO: Primitives created: 1
13:21:01 | INFO: Extracting primitive: takeda-samurai-05 rear shikoro lamellar neck plate r1 c1 mesh
13:21:01 | INFO: Primitives created: 1
13:21:01 | INFO: Extracting primitive: takeda-samurai-05 rear shikoro lamellar neck plate r1 c2 mesh
13:21:01 | INFO: Primitives created: 1
13:21:01 | INFO: Extracting primitive: takeda-samurai-05 rear shikoro lamellar neck plate r1 c3 mesh
13:21:01 | INFO: Primitives created: 1
13:21:01 | INFO: Extracting primitive: takeda-samurai-05 rear shikoro lamellar neck plate r2 c1 mesh
13:21:01 | INFO: Primitives created: 1
13:21:01 | INFO: Extracting primitive: takeda-samurai-05 rear shikoro lamellar neck plate r2 c2 mesh
13:21:01 | INFO: Primitives created: 1
13:21:01 | INFO: Extracting primitive: takeda-samurai-05 rear shikoro lamellar neck plate r2 c3 mesh
13:21:01 | INFO: Primitives created: 1
13:21:01 | INFO: Extracting primitive: takeda-samurai-05 rear shikoro lamellar neck plate r3 c1 mesh
13:21:01 | INFO: Primitives created: 1
13:21:01 | INFO: Extracting primitive: takeda-samurai-05 rear shikoro lamellar neck plate r3 c2 mesh
13:21:01 | INFO: Primitives created: 1
13:21:01 | INFO: Extracting primitive: takeda-samurai-05 rear shikoro lamellar neck plate r3 c3 mesh
13:21:01 | INFO: Primitives created: 1
13:21:01 | INFO: Extracting primitive: takeda-samurai-05 raised kabuto rib 1
13:21:01 | INFO: Primitives created: 1
13:21:01 | INFO: Extracting primitive: takeda-samurai-05 raised kabuto rib 2
13:21:01 | INFO: Primitives created: 1
13:21:01 | INFO: Extracting primitive: takeda-samurai-05 raised kabuto rib 3
13:21:01 | INFO: Primitives created: 1
13:21:01 | INFO: Extracting primitive: takeda-samurai-05 crescent maedate crest
13:21:01 | INFO: Primitives created: 1
13:21:01 | INFO: Extracting primitive: takeda-samurai-05 individual front lamellar plate r1 c1 mesh
13:21:01 | INFO: Primitives created: 1
13:21:01 | INFO: Extracting primitive: takeda-samurai-05 individual front lamellar plate r1 c2 mesh
13:21:01 | INFO: Primitives created: 1
13:21:01 | INFO: Extracting primitive: takeda-samurai-05 individual front lamellar plate r1 c3 mesh
13:21:01 | INFO: Primitives created: 1
13:21:01 | INFO: Extracting primitive: takeda-samurai-05 individual front lamellar plate r1 c4 mesh
13:21:01 | INFO: Primitives created: 1
13:21:01 | INFO: Extracting primitive: takeda-samurai-05 individual front lamellar plate r1 c5 mesh
13:21:01 | INFO: Primitives created: 1
13:21:01 | INFO: Extracting primitive: takeda-samurai-05 odoshi lacing row 1
13:21:01 | INFO: Primitives created: 1
13:21:01 | INFO: Extracting primitive: takeda-samurai-05 chipped lacquer highlight r1 -0.16
13:21:01 | INFO: Primitives created: 1
13:21:01 | INFO: Extracting primitive: takeda-samurai-05 chipped lacquer highlight r1 0.0
13:21:01 | INFO: Primitives created: 1
13:21:01 | INFO: Extracting primitive: takeda-samurai-05 chipped lacquer highlight r1 0.16
13:21:01 | INFO: Primitives created: 1
13:21:01 | INFO: Extracting primitive: takeda-samurai-05 individual front lamellar plate r2 c1 mesh
13:21:01 | INFO: Primitives created: 1
13:21:01 | INFO: Extracting primitive: takeda-samurai-05 individual front lamellar plate r2 c2 mesh
13:21:01 | INFO: Primitives created: 1
13:21:01 | INFO: Extracting primitive: takeda-samurai-05 individual front lamellar plate r2 c3 mesh
13:21:01 | INFO: Primitives created: 1
13:21:01 | INFO: Extracting primitive: takeda-samurai-05 individual front lamellar plate r2 c4 mesh
13:21:01 | INFO: Primitives created: 1
13:21:01 | INFO: Extracting primitive: takeda-samurai-05 individual front lamellar plate r2 c5 mesh
13:21:01 | INFO: Primitives created: 1
13:21:01 | INFO: Extracting primitive: takeda-samurai-05 odoshi lacing row 2
13:21:01 | INFO: Primitives created: 1
13:21:01 | INFO: Extracting primitive: takeda-samurai-05 chipped lacquer highlight r2 -0.16
13:21:01 | INFO: Primitives created: 1
13:21:01 | INFO: Extracting primitive: takeda-samurai-05 chipped lacquer highlight r2 0.0
13:21:01 | INFO: Primitives created: 1
13:21:01 | INFO: Extracting primitive: takeda-samurai-05 chipped lacquer highlight r2 0.16
13:21:01 | INFO: Primitives created: 1
13:21:01 | INFO: Extracting primitive: takeda-samurai-05 individual front lamellar plate r3 c1 mesh
13:21:01 | INFO: Primitives created: 1
13:21:01 | INFO: Extracting primitive: takeda-samurai-05 individual front lamellar plate r3 c2 mesh
13:21:01 | INFO: Primitives created: 1
13:21:01 | INFO: Extracting primitive: takeda-samurai-05 individual front lamellar plate r3 c3 mesh
13:21:01 | INFO: Primitives created: 1
13:21:01 | INFO: Extracting primitive: takeda-samurai-05 individual front lamellar plate r3 c4 mesh
13:21:01 | INFO: Primitives created: 1
13:21:01 | INFO: Extracting primitive: takeda-samurai-05 individual front lamellar plate r3 c5 mesh
13:21:01 | INFO: Primitives created: 1
13:21:01 | INFO: Extracting primitive: takeda-samurai-05 odoshi lacing row 3
13:21:01 | INFO: Primitives created: 1
13:21:01 | INFO: Extracting primitive: takeda-samurai-05 chipped lacquer highlight r3 -0.16
13:21:01 | INFO: Primitives created: 1
13:21:01 | INFO: Extracting primitive: takeda-samurai-05 chipped lacquer highlight r3 0.0
13:21:01 | INFO: Primitives created: 1
13:21:01 | INFO: Extracting primitive: takeda-samurai-05 chipped lacquer highlight r3 0.16
13:21:01 | INFO: Primitives created: 1
13:21:01 | INFO: Extracting primitive: takeda-samurai-05 individual front lamellar plate r4 c1 mesh
13:21:01 | INFO: Primitives created: 1
13:21:01 | INFO: Extracting primitive: takeda-samurai-05 individual front lamellar plate r4 c2 mesh
13:21:01 | INFO: Primitives created: 1
13:21:01 | INFO: Extracting primitive: takeda-samurai-05 individual front lamellar plate r4 c3 mesh
13:21:01 | INFO: Primitives created: 1
13:21:01 | INFO: Extracting primitive: takeda-samurai-05 individual front lamellar plate r4 c4 mesh
13:21:01 | INFO: Primitives created: 1
13:21:01 | INFO: Extracting primitive: takeda-samurai-05 individual front lamellar plate r4 c5 mesh
13:21:01 | INFO: Primitives created: 1
13:21:01 | INFO: Extracting primitive: takeda-samurai-05 odoshi lacing row 4
13:21:01 | INFO: Primitives created: 1
13:21:01 | INFO: Extracting primitive: takeda-samurai-05 chipped lacquer highlight r4 -0.16
13:21:01 | INFO: Primitives created: 1
13:21:01 | INFO: Extracting primitive: takeda-samurai-05 chipped lacquer highlight r4 0.0
13:21:01 | INFO: Primitives created: 1
13:21:01 | INFO: Extracting primitive: takeda-samurai-05 chipped lacquer highlight r4 0.16
13:21:01 | INFO: Primitives created: 1
13:21:01 | INFO: Extracting primitive: takeda-samurai-05 rear lamellar back plate r1 c1 mesh
13:21:01 | INFO: Primitives created: 1
13:21:01 | INFO: Extracting primitive: takeda-samurai-05 rear lamellar back plate r1 c2 mesh
13:21:01 | INFO: Primitives created: 1
13:21:01 | INFO: Extracting primitive: takeda-samurai-05 rear lamellar back plate r1 c3 mesh
13:21:01 | INFO: Primitives created: 1
13:21:01 | INFO: Extracting primitive: takeda-samurai-05 rear lamellar back plate r1 c4 mesh
13:21:01 | INFO: Primitives created: 1
13:21:01 | INFO: Extracting primitive: takeda-samurai-05 rear odoshi lacing row 1
13:21:01 | INFO: Primitives created: 1
13:21:01 | INFO: Extracting primitive: takeda-samurai-05 rear lamellar back plate r2 c1 mesh
13:21:01 | INFO: Primitives created: 1
13:21:01 | INFO: Extracting primitive: takeda-samurai-05 rear lamellar back plate r2 c2 mesh
13:21:01 | INFO: Primitives created: 1
13:21:01 | INFO: Extracting primitive: takeda-samurai-05 rear lamellar back plate r2 c3 mesh
13:21:01 | INFO: Primitives created: 1
13:21:01 | INFO: Extracting primitive: takeda-samurai-05 rear lamellar back plate r2 c4 mesh
13:21:01 | INFO: Primitives created: 1
13:21:01 | INFO: Extracting primitive: takeda-samurai-05 rear odoshi lacing row 2
13:21:01 | INFO: Primitives created: 1
13:21:01 | INFO: Extracting primitive: takeda-samurai-05 rear lamellar back plate r3 c1 mesh
13:21:01 | INFO: Primitives created: 1
13:21:01 | INFO: Extracting primitive: takeda-samurai-05 rear lamellar back plate r3 c2 mesh
13:21:01 | INFO: Primitives created: 1
13:21:01 | INFO: Extracting primitive: takeda-samurai-05 rear lamellar back plate r3 c3 mesh
13:21:01 | INFO: Primitives created: 1
13:21:01 | INFO: Extracting primitive: takeda-samurai-05 rear lamellar back plate r3 c4 mesh
13:21:01 | INFO: Primitives created: 1
13:21:01 | INFO: Extracting primitive: takeda-samurai-05 rear odoshi lacing row 3
13:21:01 | INFO: Primitives created: 1
13:21:01 | INFO: Extracting primitive: takeda-samurai-05 rear lamellar back plate r4 c1 mesh
13:21:01 | INFO: Primitives created: 1
13:21:01 | INFO: Extracting primitive: takeda-samurai-05 rear lamellar back plate r4 c2 mesh
13:21:01 | INFO: Primitives created: 1
13:21:01 | INFO: Extracting primitive: takeda-samurai-05 rear lamellar back plate r4 c3 mesh
13:21:01 | INFO: Primitives created: 1
13:21:01 | INFO: Extracting primitive: takeda-samurai-05 rear lamellar back plate r4 c4 mesh
13:21:01 | INFO: Primitives created: 1
13:21:01 | INFO: Extracting primitive: takeda-samurai-05 rear odoshi lacing row 4
13:21:01 | INFO: Primitives created: 1
13:21:01 | INFO: Extracting primitive: takeda-samurai-05 rear lacquer edge scratch -0.17
13:21:01 | INFO: Primitives created: 1
13:21:01 | INFO: Extracting primitive: takeda-samurai-05 rear lacquer edge scratch -0.06
13:21:01 | INFO: Primitives created: 1
13:21:01 | INFO: Extracting primitive: takeda-samurai-05 rear lacquer edge scratch 0.06
13:21:01 | INFO: Primitives created: 1
13:21:01 | INFO: Extracting primitive: takeda-samurai-05 rear lacquer edge scratch 0.17
13:21:01 | INFO: Primitives created: 1
13:21:01 | INFO: Extracting primitive: Sphere.099
13:21:01 | INFO: Primitives created: 1
13:21:01 | INFO: Extracting primitive: takeda-samurai-05 articulated sode shoulder plate -1 1 mesh
13:21:01 | INFO: Primitives created: 1
13:21:01 | INFO: Extracting primitive: takeda-samurai-05 sode lacing -1 1
13:21:01 | INFO: Primitives created: 1
13:21:01 | INFO: Extracting primitive: takeda-samurai-05 articulated sode shoulder plate -1 2 mesh
13:21:01 | INFO: Primitives created: 1
13:21:01 | INFO: Extracting primitive: takeda-samurai-05 sode lacing -1 2
13:21:01 | INFO: Primitives created: 1
13:21:01 | INFO: Extracting primitive: takeda-samurai-05 articulated sode shoulder plate -1 3 mesh
13:21:01 | INFO: Primitives created: 1
13:21:01 | INFO: Extracting primitive: takeda-samurai-05 sode lacing -1 3
13:21:01 | INFO: Primitives created: 1
13:21:01 | INFO: Extracting primitive: takeda-samurai-05 articulated sode shoulder plate -1 4 mesh
13:21:01 | INFO: Primitives created: 1
13:21:01 | INFO: Extracting primitive: takeda-samurai-05 sode lacing -1 4
13:21:01 | INFO: Primitives created: 1
13:21:01 | INFO: Extracting primitive: Sphere.100
13:21:01 | INFO: Primitives created: 1
13:21:01 | INFO: Extracting primitive: Sphere.101
13:21:01 | INFO: Primitives created: 1
13:21:01 | INFO: Extracting primitive: Sphere.102
13:21:01 | INFO: Primitives created: 1
13:21:01 | INFO: Extracting primitive: Sphere.103
13:21:01 | INFO: Primitives created: 1
13:21:01 | INFO: Extracting primitive: Sphere.104
13:21:01 | INFO: Primitives created: 1
13:21:01 | INFO: Extracting primitive: Cube.030
13:21:01 | INFO: Primitives created: 1
13:21:01 | INFO: Extracting primitive: takeda-samurai-05 sandal toe strap -1
13:21:01 | INFO: Primitives created: 1
13:21:01 | INFO: Extracting primitive: Sphere.105
13:21:01 | INFO: Primitives created: 1
13:21:01 | INFO: Extracting primitive: takeda-samurai-05 articulated sode shoulder plate 1 1 mesh
13:21:01 | INFO: Primitives created: 1
13:21:01 | INFO: Extracting primitive: takeda-samurai-05 sode lacing 1 1
13:21:01 | INFO: Primitives created: 1
13:21:01 | INFO: Extracting primitive: takeda-samurai-05 articulated sode shoulder plate 1 2 mesh
13:21:01 | INFO: Primitives created: 1
13:21:01 | INFO: Extracting primitive: takeda-samurai-05 sode lacing 1 2
13:21:01 | INFO: Primitives created: 1
13:21:01 | INFO: Extracting primitive: takeda-samurai-05 articulated sode shoulder plate 1 3 mesh
13:21:01 | INFO: Primitives created: 1
13:21:01 | INFO: Extracting primitive: takeda-samurai-05 sode lacing 1 3
13:21:01 | INFO: Primitives created: 1
13:21:01 | INFO: Extracting primitive: takeda-samurai-05 articulated sode shoulder plate 1 4 mesh
13:21:01 | INFO: Primitives created: 1
13:21:01 | INFO: Extracting primitive: takeda-samurai-05 sode lacing 1 4
13:21:01 | INFO: Primitives created: 1
13:21:01 | INFO: Extracting primitive: Sphere.106
13:21:01 | INFO: Primitives created: 1
13:21:01 | INFO: Extracting primitive: Sphere.107
13:21:01 | INFO: Primitives created: 1
13:21:01 | INFO: Extracting primitive: Sphere.108
13:21:01 | INFO: Primitives created: 1
13:21:01 | INFO: Extracting primitive: Sphere.109
13:21:01 | INFO: Primitives created: 1
13:21:01 | INFO: Extracting primitive: Sphere.110
13:21:01 | INFO: Primitives created: 1
13:21:01 | INFO: Extracting primitive: Cube.031
13:21:01 | INFO: Primitives created: 1
13:21:01 | INFO: Extracting primitive: takeda-samurai-05 sandal toe strap 1
13:21:01 | INFO: Primitives created: 1
13:21:01 | INFO: Extracting primitive: takeda-samurai-05 kusazuri skirt -1 row 1 mesh
13:21:01 | INFO: Primitives created: 1
13:21:01 | INFO: Extracting primitive: takeda-samurai-05 kusazuri skirt -1 row 2 mesh
13:21:01 | INFO: Primitives created: 1
13:21:01 | INFO: Extracting primitive: takeda-samurai-05 kusazuri skirt 0 row 1 mesh
13:21:01 | INFO: Primitives created: 1
13:21:01 | INFO: Extracting primitive: takeda-samurai-05 kusazuri skirt 0 row 2 mesh
13:21:01 | INFO: Primitives created: 1
13:21:01 | INFO: Extracting primitive: takeda-samurai-05 kusazuri skirt 1 row 1 mesh
13:21:01 | INFO: Primitives created: 1
13:21:01 | INFO: Extracting primitive: takeda-samurai-05 kusazuri skirt 1 row 2 mesh
13:21:01 | INFO: Primitives created: 1
13:21:01 | INFO: Extracting primitive: takeda-samurai-05 yari shaft
13:21:01 | INFO: Primitives created: 1
13:21:01 | INFO: Extracting primitive: Cone.016
13:21:01 | INFO: Primitives created: 1
13:21:01 | INFO: Extracting primitive: takeda-samurai-05 sashimono bamboo pole
13:21:01 | INFO: Primitives created: 1
13:21:01 | INFO: Extracting primitive: takeda-samurai-05 wind-bent sashimono cloth panel mesh
13:21:01 | INFO: Primitives created: 1
13:21:01 | INFO: Extracting primitive: Cube.032
13:21:01 | INFO: Primitives created: 1
13:21:01 | INFO: Extracting primitive: Cube.033
13:21:01 | INFO: Primitives created: 1
13:21:01 | INFO: Extracting primitive: Cube.034
13:21:01 | INFO: Primitives created: 1
13:21:01 | INFO: Extracting primitive: Cube.035
13:21:01 | INFO: Primitives created: 1
13:21:01 | INFO: Extracting primitive: Sphere.111
13:21:01 | INFO: Primitives created: 1
13:21:01 | INFO: Extracting primitive: Sphere.112
13:21:01 | INFO: Primitives created: 1
13:21:01 | INFO: Extracting primitive: Sphere.113
13:21:01 | INFO: Primitives created: 1
13:21:01 | INFO: Extracting primitive: Sphere.114
13:21:01 | INFO: Primitives created: 1
13:21:01 | INFO: Extracting primitive: Cube.036
13:21:01 | INFO: Primitives created: 1
13:21:01 | INFO: Extracting primitive: Sphere.115
13:21:01 | INFO: Primitives created: 1
13:21:01 | INFO: Extracting primitive: Cone.017
13:21:01 | INFO: Primitives created: 1
13:21:01 | INFO: Extracting primitive: takeda-samurai-06 rear shikoro lamellar neck plate r1 c1 mesh
13:21:01 | INFO: Primitives created: 1
13:21:01 | INFO: Extracting primitive: takeda-samurai-06 rear shikoro lamellar neck plate r1 c2 mesh
13:21:01 | INFO: Primitives created: 1
13:21:01 | INFO: Extracting primitive: takeda-samurai-06 rear shikoro lamellar neck plate r1 c3 mesh
13:21:01 | INFO: Primitives created: 1
13:21:01 | INFO: Extracting primitive: takeda-samurai-06 rear shikoro lamellar neck plate r2 c1 mesh
13:21:01 | INFO: Primitives created: 1
13:21:01 | INFO: Extracting primitive: takeda-samurai-06 rear shikoro lamellar neck plate r2 c2 mesh
13:21:01 | INFO: Primitives created: 1
13:21:01 | INFO: Extracting primitive: takeda-samurai-06 rear shikoro lamellar neck plate r2 c3 mesh
13:21:01 | INFO: Primitives created: 1
13:21:01 | INFO: Extracting primitive: takeda-samurai-06 rear shikoro lamellar neck plate r3 c1 mesh
13:21:01 | INFO: Primitives created: 1
13:21:01 | INFO: Extracting primitive: takeda-samurai-06 rear shikoro lamellar neck plate r3 c2 mesh
13:21:01 | INFO: Primitives created: 1
13:21:01 | INFO: Extracting primitive: takeda-samurai-06 rear shikoro lamellar neck plate r3 c3 mesh
13:21:01 | INFO: Primitives created: 1
13:21:01 | INFO: Extracting primitive: takeda-samurai-06 raised kabuto rib 1
13:21:01 | INFO: Primitives created: 1
13:21:01 | INFO: Extracting primitive: takeda-samurai-06 raised kabuto rib 2
13:21:01 | INFO: Primitives created: 1
13:21:01 | INFO: Extracting primitive: takeda-samurai-06 raised kabuto rib 3
13:21:01 | INFO: Primitives created: 1
13:21:01 | INFO: Extracting primitive: takeda-samurai-06 crescent maedate crest
13:21:01 | INFO: Primitives created: 1
13:21:01 | INFO: Extracting primitive: takeda-samurai-06 individual front lamellar plate r1 c1 mesh
13:21:01 | INFO: Primitives created: 1
13:21:01 | INFO: Extracting primitive: takeda-samurai-06 individual front lamellar plate r1 c2 mesh
13:21:01 | INFO: Primitives created: 1
13:21:01 | INFO: Extracting primitive: takeda-samurai-06 individual front lamellar plate r1 c3 mesh
13:21:01 | INFO: Primitives created: 1
13:21:01 | INFO: Extracting primitive: takeda-samurai-06 individual front lamellar plate r1 c4 mesh
13:21:01 | INFO: Primitives created: 1
13:21:01 | INFO: Extracting primitive: takeda-samurai-06 individual front lamellar plate r1 c5 mesh
13:21:01 | INFO: Primitives created: 1
13:21:01 | INFO: Extracting primitive: takeda-samurai-06 odoshi lacing row 1
13:21:01 | INFO: Primitives created: 1
13:21:01 | INFO: Extracting primitive: takeda-samurai-06 chipped lacquer highlight r1 -0.16
13:21:01 | INFO: Primitives created: 1
13:21:01 | INFO: Extracting primitive: takeda-samurai-06 chipped lacquer highlight r1 0.0
13:21:01 | INFO: Primitives created: 1
13:21:01 | INFO: Extracting primitive: takeda-samurai-06 chipped lacquer highlight r1 0.16
13:21:01 | INFO: Primitives created: 1
13:21:01 | INFO: Extracting primitive: takeda-samurai-06 individual front lamellar plate r2 c1 mesh
13:21:01 | INFO: Primitives created: 1
13:21:01 | INFO: Extracting primitive: takeda-samurai-06 individual front lamellar plate r2 c2 mesh
13:21:01 | INFO: Primitives created: 1
13:21:01 | INFO: Extracting primitive: takeda-samurai-06 individual front lamellar plate r2 c3 mesh
13:21:01 | INFO: Primitives created: 1
13:21:01 | INFO: Extracting primitive: takeda-samurai-06 individual front lamellar plate r2 c4 mesh
13:21:01 | INFO: Primitives created: 1
13:21:01 | INFO: Extracting primitive: takeda-samurai-06 individual front lamellar plate r2 c5 mesh
13:21:01 | INFO: Primitives created: 1
13:21:01 | INFO: Extracting primitive: takeda-samurai-06 odoshi lacing row 2
13:21:01 | INFO: Primitives created: 1
13:21:01 | INFO: Extracting primitive: takeda-samurai-06 chipped lacquer highlight r2 -0.16
13:21:01 | INFO: Primitives created: 1
13:21:01 | INFO: Extracting primitive: takeda-samurai-06 chipped lacquer highlight r2 0.0
13:21:01 | INFO: Primitives created: 1
13:21:01 | INFO: Extracting primitive: takeda-samurai-06 chipped lacquer highlight r2 0.16
13:21:01 | INFO: Primitives created: 1
13:21:01 | INFO: Extracting primitive: takeda-samurai-06 individual front lamellar plate r3 c1 mesh
13:21:01 | INFO: Primitives created: 1
13:21:01 | INFO: Extracting primitive: takeda-samurai-06 individual front lamellar plate r3 c2 mesh
13:21:01 | INFO: Primitives created: 1
13:21:01 | INFO: Extracting primitive: takeda-samurai-06 individual front lamellar plate r3 c3 mesh
13:21:01 | INFO: Primitives created: 1
13:21:01 | INFO: Extracting primitive: takeda-samurai-06 individual front lamellar plate r3 c4 mesh
13:21:01 | INFO: Primitives created: 1
13:21:01 | INFO: Extracting primitive: takeda-samurai-06 individual front lamellar plate r3 c5 mesh
13:21:01 | INFO: Primitives created: 1
13:21:01 | INFO: Extracting primitive: takeda-samurai-06 odoshi lacing row 3
13:21:01 | INFO: Primitives created: 1
13:21:01 | INFO: Extracting primitive: takeda-samurai-06 chipped lacquer highlight r3 -0.16
13:21:01 | INFO: Primitives created: 1
13:21:01 | INFO: Extracting primitive: takeda-samurai-06 chipped lacquer highlight r3 0.0
13:21:01 | INFO: Primitives created: 1
13:21:01 | INFO: Extracting primitive: takeda-samurai-06 chipped lacquer highlight r3 0.16
13:21:01 | INFO: Primitives created: 1
13:21:01 | INFO: Extracting primitive: takeda-samurai-06 individual front lamellar plate r4 c1 mesh
13:21:01 | INFO: Primitives created: 1
13:21:01 | INFO: Extracting primitive: takeda-samurai-06 individual front lamellar plate r4 c2 mesh
13:21:01 | INFO: Primitives created: 1
13:21:01 | INFO: Extracting primitive: takeda-samurai-06 individual front lamellar plate r4 c3 mesh
13:21:01 | INFO: Primitives created: 1
13:21:01 | INFO: Extracting primitive: takeda-samurai-06 individual front lamellar plate r4 c4 mesh
13:21:01 | INFO: Primitives created: 1
13:21:01 | INFO: Extracting primitive: takeda-samurai-06 individual front lamellar plate r4 c5 mesh
13:21:01 | INFO: Primitives created: 1
13:21:01 | INFO: Extracting primitive: takeda-samurai-06 odoshi lacing row 4
13:21:01 | INFO: Primitives created: 1
13:21:01 | INFO: Extracting primitive: takeda-samurai-06 chipped lacquer highlight r4 -0.16
13:21:01 | INFO: Primitives created: 1
13:21:01 | INFO: Extracting primitive: takeda-samurai-06 chipped lacquer highlight r4 0.0
13:21:01 | INFO: Primitives created: 1
13:21:01 | INFO: Extracting primitive: takeda-samurai-06 chipped lacquer highlight r4 0.16
13:21:01 | INFO: Primitives created: 1
13:21:01 | INFO: Extracting primitive: takeda-samurai-06 rear lamellar back plate r1 c1 mesh
13:21:01 | INFO: Primitives created: 1
13:21:01 | INFO: Extracting primitive: takeda-samurai-06 rear lamellar back plate r1 c2 mesh
13:21:01 | INFO: Primitives created: 1
13:21:01 | INFO: Extracting primitive: takeda-samurai-06 rear lamellar back plate r1 c3 mesh
13:21:01 | INFO: Primitives created: 1
13:21:01 | INFO: Extracting primitive: takeda-samurai-06 rear lamellar back plate r1 c4 mesh
13:21:01 | INFO: Primitives created: 1
13:21:01 | INFO: Extracting primitive: takeda-samurai-06 rear odoshi lacing row 1
13:21:01 | INFO: Primitives created: 1
13:21:01 | INFO: Extracting primitive: takeda-samurai-06 rear lamellar back plate r2 c1 mesh
13:21:01 | INFO: Primitives created: 1
13:21:01 | INFO: Extracting primitive: takeda-samurai-06 rear lamellar back plate r2 c2 mesh
13:21:01 | INFO: Primitives created: 1
13:21:01 | INFO: Extracting primitive: takeda-samurai-06 rear lamellar back plate r2 c3 mesh
13:21:01 | INFO: Primitives created: 1
13:21:01 | INFO: Extracting primitive: takeda-samurai-06 rear lamellar back plate r2 c4 mesh
13:21:01 | INFO: Primitives created: 1
13:21:01 | INFO: Extracting primitive: takeda-samurai-06 rear odoshi lacing row 2
13:21:01 | INFO: Primitives created: 1
13:21:01 | INFO: Extracting primitive: takeda-samurai-06 rear lamellar back plate r3 c1 mesh
13:21:01 | INFO: Primitives created: 1
13:21:01 | INFO: Extracting primitive: takeda-samurai-06 rear lamellar back plate r3 c2 mesh
13:21:01 | INFO: Primitives created: 1
13:21:01 | INFO: Extracting primitive: takeda-samurai-06 rear lamellar back plate r3 c3 mesh
13:21:01 | INFO: Primitives created: 1
13:21:01 | INFO: Extracting primitive: takeda-samurai-06 rear lamellar back plate r3 c4 mesh
13:21:01 | INFO: Primitives created: 1
13:21:01 | INFO: Extracting primitive: takeda-samurai-06 rear odoshi lacing row 3
13:21:01 | INFO: Primitives created: 1
13:21:01 | INFO: Extracting primitive: takeda-samurai-06 rear lamellar back plate r4 c1 mesh
13:21:01 | INFO: Primitives created: 1
13:21:01 | INFO: Extracting primitive: takeda-samurai-06 rear lamellar back plate r4 c2 mesh
13:21:01 | INFO: Primitives created: 1
13:21:01 | INFO: Extracting primitive: takeda-samurai-06 rear lamellar back plate r4 c3 mesh
13:21:01 | INFO: Primitives created: 1
13:21:01 | INFO: Extracting primitive: takeda-samurai-06 rear lamellar back plate r4 c4 mesh
13:21:01 | INFO: Primitives created: 1
13:21:01 | INFO: Extracting primitive: takeda-samurai-06 rear odoshi lacing row 4
13:21:01 | INFO: Primitives created: 1
13:21:01 | INFO: Extracting primitive: takeda-samurai-06 rear lacquer edge scratch -0.17
13:21:01 | INFO: Primitives created: 1
13:21:01 | INFO: Extracting primitive: takeda-samurai-06 rear lacquer edge scratch -0.06
13:21:01 | INFO: Primitives created: 1
13:21:01 | INFO: Extracting primitive: takeda-samurai-06 rear lacquer edge scratch 0.06
13:21:01 | INFO: Primitives created: 1
13:21:01 | INFO: Extracting primitive: takeda-samurai-06 rear lacquer edge scratch 0.17
13:21:01 | INFO: Primitives created: 1
13:21:01 | INFO: Extracting primitive: Sphere.116
13:21:01 | INFO: Primitives created: 1
13:21:01 | INFO: Extracting primitive: takeda-samurai-06 articulated sode shoulder plate -1 1 mesh
13:21:01 | INFO: Primitives created: 1
13:21:01 | INFO: Extracting primitive: takeda-samurai-06 sode lacing -1 1
13:21:01 | INFO: Primitives created: 1
13:21:01 | INFO: Extracting primitive: takeda-samurai-06 articulated sode shoulder plate -1 2 mesh
13:21:01 | INFO: Primitives created: 1
13:21:01 | INFO: Extracting primitive: takeda-samurai-06 sode lacing -1 2
13:21:01 | INFO: Primitives created: 1
13:21:01 | INFO: Extracting primitive: takeda-samurai-06 articulated sode shoulder plate -1 3 mesh
13:21:01 | INFO: Primitives created: 1
13:21:01 | INFO: Extracting primitive: takeda-samurai-06 sode lacing -1 3
13:21:01 | INFO: Primitives created: 1
13:21:01 | INFO: Extracting primitive: takeda-samurai-06 articulated sode shoulder plate -1 4 mesh
13:21:01 | INFO: Primitives created: 1
13:21:01 | INFO: Extracting primitive: takeda-samurai-06 sode lacing -1 4
13:21:01 | INFO: Primitives created: 1
13:21:01 | INFO: Extracting primitive: Sphere.117
13:21:01 | INFO: Primitives created: 1
13:21:01 | INFO: Extracting primitive: Sphere.118
13:21:01 | INFO: Primitives created: 1
13:21:01 | INFO: Extracting primitive: Sphere.119
13:21:01 | INFO: Primitives created: 1
13:21:01 | INFO: Extracting primitive: Sphere.120
13:21:01 | INFO: Primitives created: 1
13:21:01 | INFO: Extracting primitive: Sphere.121
13:21:01 | INFO: Primitives created: 1
13:21:01 | INFO: Extracting primitive: Cube.037
13:21:01 | INFO: Primitives created: 1
13:21:01 | INFO: Extracting primitive: takeda-samurai-06 sandal toe strap -1
13:21:01 | INFO: Primitives created: 1
13:21:01 | INFO: Extracting primitive: Sphere.122
13:21:01 | INFO: Primitives created: 1
13:21:01 | INFO: Extracting primitive: takeda-samurai-06 articulated sode shoulder plate 1 1 mesh
13:21:01 | INFO: Primitives created: 1
13:21:01 | INFO: Extracting primitive: takeda-samurai-06 sode lacing 1 1
13:21:01 | INFO: Primitives created: 1
13:21:01 | INFO: Extracting primitive: takeda-samurai-06 articulated sode shoulder plate 1 2 mesh
13:21:01 | INFO: Primitives created: 1
13:21:01 | INFO: Extracting primitive: takeda-samurai-06 sode lacing 1 2
13:21:01 | INFO: Primitives created: 1
13:21:01 | INFO: Extracting primitive: takeda-samurai-06 articulated sode shoulder plate 1 3 mesh
13:21:01 | INFO: Primitives created: 1
13:21:01 | INFO: Extracting primitive: takeda-samurai-06 sode lacing 1 3
13:21:01 | INFO: Primitives created: 1
13:21:01 | INFO: Extracting primitive: takeda-samurai-06 articulated sode shoulder plate 1 4 mesh
13:21:01 | INFO: Primitives created: 1
13:21:01 | INFO: Extracting primitive: takeda-samurai-06 sode lacing 1 4
13:21:01 | INFO: Primitives created: 1
13:21:01 | INFO: Extracting primitive: Sphere.123
13:21:01 | INFO: Primitives created: 1
13:21:01 | INFO: Extracting primitive: Sphere.124
13:21:01 | INFO: Primitives created: 1
13:21:01 | INFO: Extracting primitive: Sphere.125
13:21:01 | INFO: Primitives created: 1
13:21:01 | INFO: Extracting primitive: Sphere.126
13:21:01 | INFO: Primitives created: 1
13:21:01 | INFO: Extracting primitive: Sphere.127
13:21:01 | INFO: Primitives created: 1
13:21:01 | INFO: Extracting primitive: Cube.038
13:21:01 | INFO: Primitives created: 1
13:21:01 | INFO: Extracting primitive: takeda-samurai-06 sandal toe strap 1
13:21:01 | INFO: Primitives created: 1
13:21:01 | INFO: Extracting primitive: takeda-samurai-06 kusazuri skirt -1 row 1 mesh
13:21:01 | INFO: Primitives created: 1
13:21:01 | INFO: Extracting primitive: takeda-samurai-06 kusazuri skirt -1 row 2 mesh
13:21:01 | INFO: Primitives created: 1
13:21:01 | INFO: Extracting primitive: takeda-samurai-06 kusazuri skirt 0 row 1 mesh
13:21:01 | INFO: Primitives created: 1
13:21:01 | INFO: Extracting primitive: takeda-samurai-06 kusazuri skirt 0 row 2 mesh
13:21:01 | INFO: Primitives created: 1
13:21:01 | INFO: Extracting primitive: takeda-samurai-06 kusazuri skirt 1 row 1 mesh
13:21:01 | INFO: Primitives created: 1
13:21:01 | INFO: Extracting primitive: takeda-samurai-06 kusazuri skirt 1 row 2 mesh
13:21:01 | INFO: Primitives created: 1
13:21:01 | INFO: Extracting primitive: takeda-samurai-06 guard katana blade
13:21:01 | INFO: Primitives created: 1
13:21:01 | INFO: Extracting primitive: Cylinder.013
13:21:01 | INFO: Primitives created: 1
13:21:01 | INFO: Extracting primitive: takeda-samurai-06 sashimono bamboo pole
13:21:01 | INFO: Primitives created: 1
13:21:01 | INFO: Extracting primitive: takeda-samurai-06 wind-bent sashimono cloth panel mesh
13:21:01 | INFO: Primitives created: 1
13:21:01 | INFO: Extracting primitive: Cube.039
13:21:01 | INFO: Primitives created: 1
13:21:01 | INFO: Extracting primitive: Cube.040
13:21:01 | INFO: Primitives created: 1
13:21:01 | INFO: Extracting primitive: Cube.041
13:21:01 | INFO: Primitives created: 1
13:21:01 | INFO: Extracting primitive: Cube.042
13:21:01 | INFO: Primitives created: 1
13:21:01 | INFO: Extracting primitive: Sphere.128
13:21:01 | INFO: Primitives created: 1
13:21:01 | INFO: Extracting primitive: Sphere.129
13:21:01 | INFO: Primitives created: 1
13:21:01 | INFO: Extracting primitive: Sphere.130
13:21:01 | INFO: Primitives created: 1
13:21:01 | INFO: Extracting primitive: Sphere.131
13:21:01 | INFO: Primitives created: 1
13:21:01 | INFO: Extracting primitive: Cube.043
13:21:01 | INFO: Primitives created: 1
13:21:01 | INFO: Extracting primitive: Sphere.132
13:21:01 | INFO: Primitives created: 1
13:21:01 | INFO: Extracting primitive: Cone.018
13:21:01 | INFO: Primitives created: 1
13:21:01 | INFO: Extracting primitive: takeda-samurai-07 rear shikoro lamellar neck plate r1 c1 mesh
13:21:01 | INFO: Primitives created: 1
13:21:01 | INFO: Extracting primitive: takeda-samurai-07 rear shikoro lamellar neck plate r1 c2 mesh
13:21:01 | INFO: Primitives created: 1
13:21:01 | INFO: Extracting primitive: takeda-samurai-07 rear shikoro lamellar neck plate r1 c3 mesh
13:21:01 | INFO: Primitives created: 1
13:21:01 | INFO: Extracting primitive: takeda-samurai-07 rear shikoro lamellar neck plate r2 c1 mesh
13:21:01 | INFO: Primitives created: 1
13:21:01 | INFO: Extracting primitive: takeda-samurai-07 rear shikoro lamellar neck plate r2 c2 mesh
13:21:01 | INFO: Primitives created: 1
13:21:01 | INFO: Extracting primitive: takeda-samurai-07 rear shikoro lamellar neck plate r2 c3 mesh
13:21:01 | INFO: Primitives created: 1
13:21:01 | INFO: Extracting primitive: takeda-samurai-07 rear shikoro lamellar neck plate r3 c1 mesh
13:21:01 | INFO: Primitives created: 1
13:21:01 | INFO: Extracting primitive: takeda-samurai-07 rear shikoro lamellar neck plate r3 c2 mesh
13:21:01 | INFO: Primitives created: 1
13:21:01 | INFO: Extracting primitive: takeda-samurai-07 rear shikoro lamellar neck plate r3 c3 mesh
13:21:01 | INFO: Primitives created: 1
13:21:01 | INFO: Extracting primitive: takeda-samurai-07 raised kabuto rib 1
13:21:01 | INFO: Primitives created: 1
13:21:01 | INFO: Extracting primitive: takeda-samurai-07 raised kabuto rib 2
13:21:01 | INFO: Primitives created: 1
13:21:01 | INFO: Extracting primitive: takeda-samurai-07 raised kabuto rib 3
13:21:01 | INFO: Primitives created: 1
13:21:01 | INFO: Extracting primitive: takeda-samurai-07 crescent maedate crest
13:21:01 | INFO: Primitives created: 1
13:21:01 | INFO: Extracting primitive: takeda-samurai-07 individual front lamellar plate r1 c1 mesh
13:21:01 | INFO: Primitives created: 1
13:21:01 | INFO: Extracting primitive: takeda-samurai-07 individual front lamellar plate r1 c2 mesh
13:21:01 | INFO: Primitives created: 1
13:21:01 | INFO: Extracting primitive: takeda-samurai-07 individual front lamellar plate r1 c3 mesh
13:21:01 | INFO: Primitives created: 1
13:21:01 | INFO: Extracting primitive: takeda-samurai-07 individual front lamellar plate r1 c4 mesh
13:21:01 | INFO: Primitives created: 1
13:21:01 | INFO: Extracting primitive: takeda-samurai-07 individual front lamellar plate r1 c5 mesh
13:21:01 | INFO: Primitives created: 1
13:21:01 | INFO: Extracting primitive: takeda-samurai-07 odoshi lacing row 1
13:21:01 | INFO: Primitives created: 1
13:21:01 | INFO: Extracting primitive: takeda-samurai-07 chipped lacquer highlight r1 -0.16
13:21:01 | INFO: Primitives created: 1
13:21:01 | INFO: Extracting primitive: takeda-samurai-07 chipped lacquer highlight r1 0.0
13:21:01 | INFO: Primitives created: 1
13:21:01 | INFO: Extracting primitive: takeda-samurai-07 chipped lacquer highlight r1 0.16
13:21:01 | INFO: Primitives created: 1
13:21:01 | INFO: Extracting primitive: takeda-samurai-07 individual front lamellar plate r2 c1 mesh
13:21:01 | INFO: Primitives created: 1
13:21:01 | INFO: Extracting primitive: takeda-samurai-07 individual front lamellar plate r2 c2 mesh
13:21:01 | INFO: Primitives created: 1
13:21:01 | INFO: Extracting primitive: takeda-samurai-07 individual front lamellar plate r2 c3 mesh
13:21:01 | INFO: Primitives created: 1
13:21:01 | INFO: Extracting primitive: takeda-samurai-07 individual front lamellar plate r2 c4 mesh
13:21:01 | INFO: Primitives created: 1
13:21:01 | INFO: Extracting primitive: takeda-samurai-07 individual front lamellar plate r2 c5 mesh
13:21:01 | INFO: Primitives created: 1
13:21:01 | INFO: Extracting primitive: takeda-samurai-07 odoshi lacing row 2
13:21:01 | INFO: Primitives created: 1
13:21:01 | INFO: Extracting primitive: takeda-samurai-07 chipped lacquer highlight r2 -0.16
13:21:01 | INFO: Primitives created: 1
13:21:01 | INFO: Extracting primitive: takeda-samurai-07 chipped lacquer highlight r2 0.0
13:21:01 | INFO: Primitives created: 1
13:21:01 | INFO: Extracting primitive: takeda-samurai-07 chipped lacquer highlight r2 0.16
13:21:01 | INFO: Primitives created: 1
13:21:01 | INFO: Extracting primitive: takeda-samurai-07 individual front lamellar plate r3 c1 mesh
13:21:01 | INFO: Primitives created: 1
13:21:01 | INFO: Extracting primitive: takeda-samurai-07 individual front lamellar plate r3 c2 mesh
13:21:01 | INFO: Primitives created: 1
13:21:01 | INFO: Extracting primitive: takeda-samurai-07 individual front lamellar plate r3 c3 mesh
13:21:01 | INFO: Primitives created: 1
13:21:01 | INFO: Extracting primitive: takeda-samurai-07 individual front lamellar plate r3 c4 mesh
13:21:01 | INFO: Primitives created: 1
13:21:01 | INFO: Extracting primitive: takeda-samurai-07 individual front lamellar plate r3 c5 mesh
13:21:01 | INFO: Primitives created: 1
13:21:01 | INFO: Extracting primitive: takeda-samurai-07 odoshi lacing row 3
13:21:01 | INFO: Primitives created: 1
13:21:01 | INFO: Extracting primitive: takeda-samurai-07 chipped lacquer highlight r3 -0.16
13:21:01 | INFO: Primitives created: 1
13:21:01 | INFO: Extracting primitive: takeda-samurai-07 chipped lacquer highlight r3 0.0
13:21:01 | INFO: Primitives created: 1
13:21:01 | INFO: Extracting primitive: takeda-samurai-07 chipped lacquer highlight r3 0.16
13:21:01 | INFO: Primitives created: 1
13:21:01 | INFO: Extracting primitive: takeda-samurai-07 individual front lamellar plate r4 c1 mesh
13:21:01 | INFO: Primitives created: 1
13:21:01 | INFO: Extracting primitive: takeda-samurai-07 individual front lamellar plate r4 c2 mesh
13:21:01 | INFO: Primitives created: 1
13:21:01 | INFO: Extracting primitive: takeda-samurai-07 individual front lamellar plate r4 c3 mesh
13:21:01 | INFO: Primitives created: 1
13:21:01 | INFO: Extracting primitive: takeda-samurai-07 individual front lamellar plate r4 c4 mesh
13:21:01 | INFO: Primitives created: 1
13:21:01 | INFO: Extracting primitive: takeda-samurai-07 individual front lamellar plate r4 c5 mesh
13:21:01 | INFO: Primitives created: 1
13:21:01 | INFO: Extracting primitive: takeda-samurai-07 odoshi lacing row 4
13:21:01 | INFO: Primitives created: 1
13:21:01 | INFO: Extracting primitive: takeda-samurai-07 chipped lacquer highlight r4 -0.16
13:21:01 | INFO: Primitives created: 1
13:21:01 | INFO: Extracting primitive: takeda-samurai-07 chipped lacquer highlight r4 0.0
13:21:01 | INFO: Primitives created: 1
13:21:01 | INFO: Extracting primitive: takeda-samurai-07 chipped lacquer highlight r4 0.16
13:21:01 | INFO: Primitives created: 1
13:21:01 | INFO: Extracting primitive: takeda-samurai-07 rear lamellar back plate r1 c1 mesh
13:21:01 | INFO: Primitives created: 1
13:21:01 | INFO: Extracting primitive: takeda-samurai-07 rear lamellar back plate r1 c2 mesh
13:21:01 | INFO: Primitives created: 1
13:21:01 | INFO: Extracting primitive: takeda-samurai-07 rear lamellar back plate r1 c3 mesh
13:21:01 | INFO: Primitives created: 1
13:21:01 | INFO: Extracting primitive: takeda-samurai-07 rear lamellar back plate r1 c4 mesh
13:21:01 | INFO: Primitives created: 1
13:21:01 | INFO: Extracting primitive: takeda-samurai-07 rear odoshi lacing row 1
13:21:01 | INFO: Primitives created: 1
13:21:01 | INFO: Extracting primitive: takeda-samurai-07 rear lamellar back plate r2 c1 mesh
13:21:01 | INFO: Primitives created: 1
13:21:01 | INFO: Extracting primitive: takeda-samurai-07 rear lamellar back plate r2 c2 mesh
13:21:01 | INFO: Primitives created: 1
13:21:01 | INFO: Extracting primitive: takeda-samurai-07 rear lamellar back plate r2 c3 mesh
13:21:01 | INFO: Primitives created: 1
13:21:01 | INFO: Extracting primitive: takeda-samurai-07 rear lamellar back plate r2 c4 mesh
13:21:01 | INFO: Primitives created: 1
13:21:01 | INFO: Extracting primitive: takeda-samurai-07 rear odoshi lacing row 2
13:21:01 | INFO: Primitives created: 1
13:21:01 | INFO: Extracting primitive: takeda-samurai-07 rear lamellar back plate r3 c1 mesh
13:21:01 | INFO: Primitives created: 1
13:21:01 | INFO: Extracting primitive: takeda-samurai-07 rear lamellar back plate r3 c2 mesh
13:21:01 | INFO: Primitives created: 1
13:21:01 | INFO: Extracting primitive: takeda-samurai-07 rear lamellar back plate r3 c3 mesh
13:21:01 | INFO: Primitives created: 1
13:21:01 | INFO: Extracting primitive: takeda-samurai-07 rear lamellar back plate r3 c4 mesh
13:21:01 | INFO: Primitives created: 1
13:21:01 | INFO: Extracting primitive: takeda-samurai-07 rear odoshi lacing row 3
13:21:01 | INFO: Primitives created: 1
13:21:01 | INFO: Extracting primitive: takeda-samurai-07 rear lamellar back plate r4 c1 mesh
13:21:01 | INFO: Primitives created: 1
13:21:01 | INFO: Extracting primitive: takeda-samurai-07 rear lamellar back plate r4 c2 mesh
13:21:01 | INFO: Primitives created: 1
13:21:01 | INFO: Extracting primitive: takeda-samurai-07 rear lamellar back plate r4 c3 mesh
13:21:01 | INFO: Primitives created: 1
13:21:01 | INFO: Extracting primitive: takeda-samurai-07 rear lamellar back plate r4 c4 mesh
13:21:01 | INFO: Primitives created: 1
13:21:01 | INFO: Extracting primitive: takeda-samurai-07 rear odoshi lacing row 4
13:21:01 | INFO: Primitives created: 1
13:21:01 | INFO: Extracting primitive: takeda-samurai-07 rear lacquer edge scratch -0.17
13:21:01 | INFO: Primitives created: 1
13:21:01 | INFO: Extracting primitive: takeda-samurai-07 rear lacquer edge scratch -0.06
13:21:01 | INFO: Primitives created: 1
13:21:01 | INFO: Extracting primitive: takeda-samurai-07 rear lacquer edge scratch 0.06
13:21:01 | INFO: Primitives created: 1
13:21:01 | INFO: Extracting primitive: takeda-samurai-07 rear lacquer edge scratch 0.17
13:21:01 | INFO: Primitives created: 1
13:21:01 | INFO: Extracting primitive: Sphere.133
13:21:01 | INFO: Primitives created: 1
13:21:01 | INFO: Extracting primitive: takeda-samurai-07 articulated sode shoulder plate -1 1 mesh
13:21:01 | INFO: Primitives created: 1
13:21:01 | INFO: Extracting primitive: takeda-samurai-07 sode lacing -1 1
13:21:01 | INFO: Primitives created: 1
13:21:01 | INFO: Extracting primitive: takeda-samurai-07 articulated sode shoulder plate -1 2 mesh
13:21:01 | INFO: Primitives created: 1
13:21:01 | INFO: Extracting primitive: takeda-samurai-07 sode lacing -1 2
13:21:01 | INFO: Primitives created: 1
13:21:01 | INFO: Extracting primitive: takeda-samurai-07 articulated sode shoulder plate -1 3 mesh
13:21:01 | INFO: Primitives created: 1
13:21:01 | INFO: Extracting primitive: takeda-samurai-07 sode lacing -1 3
13:21:01 | INFO: Primitives created: 1
13:21:01 | INFO: Extracting primitive: takeda-samurai-07 articulated sode shoulder plate -1 4 mesh
13:21:01 | INFO: Primitives created: 1
13:21:01 | INFO: Extracting primitive: takeda-samurai-07 sode lacing -1 4
13:21:01 | INFO: Primitives created: 1
13:21:01 | INFO: Extracting primitive: Sphere.134
13:21:01 | INFO: Primitives created: 1
13:21:01 | INFO: Extracting primitive: Sphere.135
13:21:01 | INFO: Primitives created: 1
13:21:01 | INFO: Extracting primitive: Sphere.136
13:21:01 | INFO: Primitives created: 1
13:21:01 | INFO: Extracting primitive: Sphere.137
13:21:01 | INFO: Primitives created: 1
13:21:01 | INFO: Extracting primitive: Sphere.138
13:21:01 | INFO: Primitives created: 1
13:21:01 | INFO: Extracting primitive: Cube.044
13:21:01 | INFO: Primitives created: 1
13:21:01 | INFO: Extracting primitive: takeda-samurai-07 sandal toe strap -1
13:21:01 | INFO: Primitives created: 1
13:21:01 | INFO: Extracting primitive: Sphere.139
13:21:01 | INFO: Primitives created: 1
13:21:01 | INFO: Extracting primitive: takeda-samurai-07 articulated sode shoulder plate 1 1 mesh
13:21:01 | INFO: Primitives created: 1
13:21:01 | INFO: Extracting primitive: takeda-samurai-07 sode lacing 1 1
13:21:01 | INFO: Primitives created: 1
13:21:01 | INFO: Extracting primitive: takeda-samurai-07 articulated sode shoulder plate 1 2 mesh
13:21:01 | INFO: Primitives created: 1
13:21:01 | INFO: Extracting primitive: takeda-samurai-07 sode lacing 1 2
13:21:01 | INFO: Primitives created: 1
13:21:01 | INFO: Extracting primitive: takeda-samurai-07 articulated sode shoulder plate 1 3 mesh
13:21:01 | INFO: Primitives created: 1
13:21:01 | INFO: Extracting primitive: takeda-samurai-07 sode lacing 1 3
13:21:01 | INFO: Primitives created: 1
13:21:01 | INFO: Extracting primitive: takeda-samurai-07 articulated sode shoulder plate 1 4 mesh
13:21:01 | INFO: Primitives created: 1
13:21:01 | INFO: Extracting primitive: takeda-samurai-07 sode lacing 1 4
13:21:01 | INFO: Primitives created: 1
13:21:01 | INFO: Extracting primitive: Sphere.140
13:21:01 | INFO: Primitives created: 1
13:21:01 | INFO: Extracting primitive: Sphere.141
13:21:01 | INFO: Primitives created: 1
13:21:01 | INFO: Extracting primitive: Sphere.142
13:21:01 | INFO: Primitives created: 1
13:21:01 | INFO: Extracting primitive: Sphere.143
13:21:01 | INFO: Primitives created: 1
13:21:01 | INFO: Extracting primitive: Sphere.144
13:21:01 | INFO: Primitives created: 1
13:21:01 | INFO: Extracting primitive: Cube.045
13:21:01 | INFO: Primitives created: 1
13:21:01 | INFO: Extracting primitive: takeda-samurai-07 sandal toe strap 1
13:21:01 | INFO: Primitives created: 1
13:21:01 | INFO: Extracting primitive: takeda-samurai-07 kusazuri skirt -1 row 1 mesh
13:21:01 | INFO: Primitives created: 1
13:21:01 | INFO: Extracting primitive: takeda-samurai-07 kusazuri skirt -1 row 2 mesh
13:21:01 | INFO: Primitives created: 1
13:21:01 | INFO: Extracting primitive: takeda-samurai-07 kusazuri skirt 0 row 1 mesh
13:21:01 | INFO: Primitives created: 1
13:21:01 | INFO: Extracting primitive: takeda-samurai-07 kusazuri skirt 0 row 2 mesh
13:21:01 | INFO: Primitives created: 1
13:21:01 | INFO: Extracting primitive: takeda-samurai-07 kusazuri skirt 1 row 1 mesh
13:21:01 | INFO: Primitives created: 1
13:21:01 | INFO: Extracting primitive: takeda-samurai-07 kusazuri skirt 1 row 2 mesh
13:21:01 | INFO: Primitives created: 1
13:21:01 | INFO: Extracting primitive: takeda-samurai-07 yari shaft
13:21:01 | INFO: Primitives created: 1
13:21:01 | INFO: Extracting primitive: Cone.019
13:21:01 | INFO: Primitives created: 1
13:21:01 | INFO: Extracting primitive: takeda-samurai-07 sashimono bamboo pole
13:21:01 | INFO: Primitives created: 1
13:21:01 | INFO: Extracting primitive: takeda-samurai-07 wind-bent sashimono cloth panel mesh
13:21:01 | INFO: Primitives created: 1
13:21:01 | INFO: Extracting primitive: Cube.046
13:21:01 | INFO: Primitives created: 1
13:21:01 | INFO: Extracting primitive: Cube.047
13:21:01 | INFO: Primitives created: 1
13:21:01 | INFO: Extracting primitive: Cube.048
13:21:01 | INFO: Primitives created: 1
13:21:01 | INFO: Extracting primitive: Cube.049
13:21:01 | INFO: Primitives created: 1
13:21:01 | INFO: Extracting primitive: Sphere.145
13:21:01 | INFO: Primitives created: 1
13:21:01 | INFO: Extracting primitive: Sphere.146
13:21:01 | INFO: Primitives created: 1
13:21:01 | INFO: Extracting primitive: Sphere.147
13:21:01 | INFO: Primitives created: 1
13:21:01 | INFO: Extracting primitive: Sphere.148
13:21:01 | INFO: Primitives created: 1
13:21:01 | INFO: Extracting primitive: Cube.050
13:21:01 | INFO: Primitives created: 1
13:21:01 | INFO: Extracting primitive: Sphere.149
13:21:01 | INFO: Primitives created: 1
13:21:01 | INFO: Extracting primitive: Cone.020
13:21:01 | INFO: Primitives created: 1
13:21:01 | INFO: Extracting primitive: takeda-samurai-08 rear shikoro lamellar neck plate r1 c1 mesh
13:21:01 | INFO: Primitives created: 1
13:21:01 | INFO: Extracting primitive: takeda-samurai-08 rear shikoro lamellar neck plate r1 c2 mesh
13:21:01 | INFO: Primitives created: 1
13:21:01 | INFO: Extracting primitive: takeda-samurai-08 rear shikoro lamellar neck plate r1 c3 mesh
13:21:01 | INFO: Primitives created: 1
13:21:01 | INFO: Extracting primitive: takeda-samurai-08 rear shikoro lamellar neck plate r2 c1 mesh
13:21:01 | INFO: Primitives created: 1
13:21:01 | INFO: Extracting primitive: takeda-samurai-08 rear shikoro lamellar neck plate r2 c2 mesh
13:21:01 | INFO: Primitives created: 1
13:21:01 | INFO: Extracting primitive: takeda-samurai-08 rear shikoro lamellar neck plate r2 c3 mesh
13:21:01 | INFO: Primitives created: 1
13:21:01 | INFO: Extracting primitive: takeda-samurai-08 rear shikoro lamellar neck plate r3 c1 mesh
13:21:01 | INFO: Primitives created: 1
13:21:01 | INFO: Extracting primitive: takeda-samurai-08 rear shikoro lamellar neck plate r3 c2 mesh
13:21:01 | INFO: Primitives created: 1
13:21:01 | INFO: Extracting primitive: takeda-samurai-08 rear shikoro lamellar neck plate r3 c3 mesh
13:21:01 | INFO: Primitives created: 1
13:21:01 | INFO: Extracting primitive: takeda-samurai-08 raised kabuto rib 1
13:21:01 | INFO: Primitives created: 1
13:21:01 | INFO: Extracting primitive: takeda-samurai-08 raised kabuto rib 2
13:21:01 | INFO: Primitives created: 1
13:21:01 | INFO: Extracting primitive: takeda-samurai-08 raised kabuto rib 3
13:21:01 | INFO: Primitives created: 1
13:21:01 | INFO: Extracting primitive: takeda-samurai-08 crescent maedate crest
13:21:01 | INFO: Primitives created: 1
13:21:01 | INFO: Extracting primitive: takeda-samurai-08 individual front lamellar plate r1 c1 mesh
13:21:01 | INFO: Primitives created: 1
13:21:01 | INFO: Extracting primitive: takeda-samurai-08 individual front lamellar plate r1 c2 mesh
13:21:01 | INFO: Primitives created: 1
13:21:01 | INFO: Extracting primitive: takeda-samurai-08 individual front lamellar plate r1 c3 mesh
13:21:01 | INFO: Primitives created: 1
13:21:01 | INFO: Extracting primitive: takeda-samurai-08 individual front lamellar plate r1 c4 mesh
13:21:01 | INFO: Primitives created: 1
13:21:01 | INFO: Extracting primitive: takeda-samurai-08 individual front lamellar plate r1 c5 mesh
13:21:01 | INFO: Primitives created: 1
13:21:01 | INFO: Extracting primitive: takeda-samurai-08 odoshi lacing row 1
13:21:01 | INFO: Primitives created: 1
13:21:01 | INFO: Extracting primitive: takeda-samurai-08 chipped lacquer highlight r1 -0.16
13:21:01 | INFO: Primitives created: 1
13:21:01 | INFO: Extracting primitive: takeda-samurai-08 chipped lacquer highlight r1 0.0
13:21:01 | INFO: Primitives created: 1
13:21:01 | INFO: Extracting primitive: takeda-samurai-08 chipped lacquer highlight r1 0.16
13:21:01 | INFO: Primitives created: 1
13:21:01 | INFO: Extracting primitive: takeda-samurai-08 individual front lamellar plate r2 c1 mesh
13:21:01 | INFO: Primitives created: 1
13:21:01 | INFO: Extracting primitive: takeda-samurai-08 individual front lamellar plate r2 c2 mesh
13:21:01 | INFO: Primitives created: 1
13:21:01 | INFO: Extracting primitive: takeda-samurai-08 individual front lamellar plate r2 c3 mesh
13:21:01 | INFO: Primitives created: 1
13:21:01 | INFO: Extracting primitive: takeda-samurai-08 individual front lamellar plate r2 c4 mesh
13:21:01 | INFO: Primitives created: 1
13:21:01 | INFO: Extracting primitive: takeda-samurai-08 individual front lamellar plate r2 c5 mesh
13:21:01 | INFO: Primitives created: 1
13:21:01 | INFO: Extracting primitive: takeda-samurai-08 odoshi lacing row 2
13:21:01 | INFO: Primitives created: 1
13:21:01 | INFO: Extracting primitive: takeda-samurai-08 chipped lacquer highlight r2 -0.16
13:21:01 | INFO: Primitives created: 1
13:21:01 | INFO: Extracting primitive: takeda-samurai-08 chipped lacquer highlight r2 0.0
13:21:01 | INFO: Primitives created: 1
13:21:01 | INFO: Extracting primitive: takeda-samurai-08 chipped lacquer highlight r2 0.16
13:21:01 | INFO: Primitives created: 1
13:21:01 | INFO: Extracting primitive: takeda-samurai-08 individual front lamellar plate r3 c1 mesh
13:21:01 | INFO: Primitives created: 1
13:21:01 | INFO: Extracting primitive: takeda-samurai-08 individual front lamellar plate r3 c2 mesh
13:21:01 | INFO: Primitives created: 1
13:21:01 | INFO: Extracting primitive: takeda-samurai-08 individual front lamellar plate r3 c3 mesh
13:21:01 | INFO: Primitives created: 1
13:21:01 | INFO: Extracting primitive: takeda-samurai-08 individual front lamellar plate r3 c4 mesh
13:21:01 | INFO: Primitives created: 1
13:21:01 | INFO: Extracting primitive: takeda-samurai-08 individual front lamellar plate r3 c5 mesh
13:21:01 | INFO: Primitives created: 1
13:21:01 | INFO: Extracting primitive: takeda-samurai-08 odoshi lacing row 3
13:21:01 | INFO: Primitives created: 1
13:21:01 | INFO: Extracting primitive: takeda-samurai-08 chipped lacquer highlight r3 -0.16
13:21:01 | INFO: Primitives created: 1
13:21:01 | INFO: Extracting primitive: takeda-samurai-08 chipped lacquer highlight r3 0.0
13:21:01 | INFO: Primitives created: 1
13:21:01 | INFO: Extracting primitive: takeda-samurai-08 chipped lacquer highlight r3 0.16
13:21:01 | INFO: Primitives created: 1
13:21:01 | INFO: Extracting primitive: takeda-samurai-08 individual front lamellar plate r4 c1 mesh
13:21:01 | INFO: Primitives created: 1
13:21:01 | INFO: Extracting primitive: takeda-samurai-08 individual front lamellar plate r4 c2 mesh
13:21:01 | INFO: Primitives created: 1
13:21:01 | INFO: Extracting primitive: takeda-samurai-08 individual front lamellar plate r4 c3 mesh
13:21:01 | INFO: Primitives created: 1
13:21:01 | INFO: Extracting primitive: takeda-samurai-08 individual front lamellar plate r4 c4 mesh
13:21:01 | INFO: Primitives created: 1
13:21:01 | INFO: Extracting primitive: takeda-samurai-08 individual front lamellar plate r4 c5 mesh
13:21:01 | INFO: Primitives created: 1
13:21:01 | INFO: Extracting primitive: takeda-samurai-08 odoshi lacing row 4
13:21:01 | INFO: Primitives created: 1
13:21:01 | INFO: Extracting primitive: takeda-samurai-08 chipped lacquer highlight r4 -0.16
13:21:01 | INFO: Primitives created: 1
13:21:01 | INFO: Extracting primitive: takeda-samurai-08 chipped lacquer highlight r4 0.0
13:21:01 | INFO: Primitives created: 1
13:21:01 | INFO: Extracting primitive: takeda-samurai-08 chipped lacquer highlight r4 0.16
13:21:01 | INFO: Primitives created: 1
13:21:01 | INFO: Extracting primitive: takeda-samurai-08 rear lamellar back plate r1 c1 mesh
13:21:01 | INFO: Primitives created: 1
13:21:01 | INFO: Extracting primitive: takeda-samurai-08 rear lamellar back plate r1 c2 mesh
13:21:01 | INFO: Primitives created: 1
13:21:01 | INFO: Extracting primitive: takeda-samurai-08 rear lamellar back plate r1 c3 mesh
13:21:01 | INFO: Primitives created: 1
13:21:01 | INFO: Extracting primitive: takeda-samurai-08 rear lamellar back plate r1 c4 mesh
13:21:01 | INFO: Primitives created: 1
13:21:01 | INFO: Extracting primitive: takeda-samurai-08 rear odoshi lacing row 1
13:21:01 | INFO: Primitives created: 1
13:21:01 | INFO: Extracting primitive: takeda-samurai-08 rear lamellar back plate r2 c1 mesh
13:21:01 | INFO: Primitives created: 1
13:21:01 | INFO: Extracting primitive: takeda-samurai-08 rear lamellar back plate r2 c2 mesh
13:21:01 | INFO: Primitives created: 1
13:21:01 | INFO: Extracting primitive: takeda-samurai-08 rear lamellar back plate r2 c3 mesh
13:21:01 | INFO: Primitives created: 1
13:21:01 | INFO: Extracting primitive: takeda-samurai-08 rear lamellar back plate r2 c4 mesh
13:21:01 | INFO: Primitives created: 1
13:21:01 | INFO: Extracting primitive: takeda-samurai-08 rear odoshi lacing row 2
13:21:01 | INFO: Primitives created: 1
13:21:01 | INFO: Extracting primitive: takeda-samurai-08 rear lamellar back plate r3 c1 mesh
13:21:01 | INFO: Primitives created: 1
13:21:01 | INFO: Extracting primitive: takeda-samurai-08 rear lamellar back plate r3 c2 mesh
13:21:01 | INFO: Primitives created: 1
13:21:01 | INFO: Extracting primitive: takeda-samurai-08 rear lamellar back plate r3 c3 mesh
13:21:01 | INFO: Primitives created: 1
13:21:01 | INFO: Extracting primitive: takeda-samurai-08 rear lamellar back plate r3 c4 mesh
13:21:01 | INFO: Primitives created: 1
13:21:01 | INFO: Extracting primitive: takeda-samurai-08 rear odoshi lacing row 3
13:21:01 | INFO: Primitives created: 1
13:21:01 | INFO: Extracting primitive: takeda-samurai-08 rear lamellar back plate r4 c1 mesh
13:21:01 | INFO: Primitives created: 1
13:21:01 | INFO: Extracting primitive: takeda-samurai-08 rear lamellar back plate r4 c2 mesh
13:21:01 | INFO: Primitives created: 1
13:21:01 | INFO: Extracting primitive: takeda-samurai-08 rear lamellar back plate r4 c3 mesh
13:21:01 | INFO: Primitives created: 1
13:21:01 | INFO: Extracting primitive: takeda-samurai-08 rear lamellar back plate r4 c4 mesh
13:21:01 | INFO: Primitives created: 1
13:21:01 | INFO: Extracting primitive: takeda-samurai-08 rear odoshi lacing row 4
13:21:01 | INFO: Primitives created: 1
13:21:01 | INFO: Extracting primitive: takeda-samurai-08 rear lacquer edge scratch -0.17
13:21:01 | INFO: Primitives created: 1
13:21:01 | INFO: Extracting primitive: takeda-samurai-08 rear lacquer edge scratch -0.06
13:21:01 | INFO: Primitives created: 1
13:21:01 | INFO: Extracting primitive: takeda-samurai-08 rear lacquer edge scratch 0.06
13:21:01 | INFO: Primitives created: 1
13:21:01 | INFO: Extracting primitive: takeda-samurai-08 rear lacquer edge scratch 0.17
13:21:01 | INFO: Primitives created: 1
13:21:01 | INFO: Extracting primitive: Sphere.150
13:21:01 | INFO: Primitives created: 1
13:21:01 | INFO: Extracting primitive: takeda-samurai-08 articulated sode shoulder plate -1 1 mesh
13:21:01 | INFO: Primitives created: 1
13:21:01 | INFO: Extracting primitive: takeda-samurai-08 sode lacing -1 1
13:21:01 | INFO: Primitives created: 1
13:21:01 | INFO: Extracting primitive: takeda-samurai-08 articulated sode shoulder plate -1 2 mesh
13:21:01 | INFO: Primitives created: 1
13:21:01 | INFO: Extracting primitive: takeda-samurai-08 sode lacing -1 2
13:21:01 | INFO: Primitives created: 1
13:21:01 | INFO: Extracting primitive: takeda-samurai-08 articulated sode shoulder plate -1 3 mesh
13:21:01 | INFO: Primitives created: 1
13:21:01 | INFO: Extracting primitive: takeda-samurai-08 sode lacing -1 3
13:21:01 | INFO: Primitives created: 1
13:21:01 | INFO: Extracting primitive: takeda-samurai-08 articulated sode shoulder plate -1 4 mesh
13:21:01 | INFO: Primitives created: 1
13:21:01 | INFO: Extracting primitive: takeda-samurai-08 sode lacing -1 4
13:21:01 | INFO: Primitives created: 1
13:21:01 | INFO: Extracting primitive: Sphere.151
13:21:01 | INFO: Primitives created: 1
13:21:01 | INFO: Extracting primitive: Sphere.152
13:21:01 | INFO: Primitives created: 1
13:21:01 | INFO: Extracting primitive: Sphere.153
13:21:01 | INFO: Primitives created: 1
13:21:01 | INFO: Extracting primitive: Sphere.154
13:21:01 | INFO: Primitives created: 1
13:21:01 | INFO: Extracting primitive: Sphere.155
13:21:01 | INFO: Primitives created: 1
13:21:01 | INFO: Extracting primitive: Cube.051
13:21:01 | INFO: Primitives created: 1
13:21:01 | INFO: Extracting primitive: takeda-samurai-08 sandal toe strap -1
13:21:01 | INFO: Primitives created: 1
13:21:01 | INFO: Extracting primitive: Sphere.156
13:21:01 | INFO: Primitives created: 1
13:21:01 | INFO: Extracting primitive: takeda-samurai-08 articulated sode shoulder plate 1 1 mesh
13:21:01 | INFO: Primitives created: 1
13:21:01 | INFO: Extracting primitive: takeda-samurai-08 sode lacing 1 1
13:21:01 | INFO: Primitives created: 1
13:21:01 | INFO: Extracting primitive: takeda-samurai-08 articulated sode shoulder plate 1 2 mesh
13:21:01 | INFO: Primitives created: 1
13:21:01 | INFO: Extracting primitive: takeda-samurai-08 sode lacing 1 2
13:21:01 | INFO: Primitives created: 1
13:21:01 | INFO: Extracting primitive: takeda-samurai-08 articulated sode shoulder plate 1 3 mesh
13:21:01 | INFO: Primitives created: 1
13:21:01 | INFO: Extracting primitive: takeda-samurai-08 sode lacing 1 3
13:21:01 | INFO: Primitives created: 1
13:21:01 | INFO: Extracting primitive: takeda-samurai-08 articulated sode shoulder plate 1 4 mesh
13:21:01 | INFO: Primitives created: 1
13:21:01 | INFO: Extracting primitive: takeda-samurai-08 sode lacing 1 4
13:21:01 | INFO: Primitives created: 1
13:21:01 | INFO: Extracting primitive: Sphere.157
13:21:01 | INFO: Primitives created: 1
13:21:01 | INFO: Extracting primitive: Sphere.158
13:21:01 | INFO: Primitives created: 1
13:21:01 | INFO: Extracting primitive: Sphere.159
13:21:01 | INFO: Primitives created: 1
13:21:01 | INFO: Extracting primitive: Sphere.160
13:21:01 | INFO: Primitives created: 1
13:21:01 | INFO: Extracting primitive: Sphere.161
13:21:01 | INFO: Primitives created: 1
13:21:01 | INFO: Extracting primitive: Cube.052
13:21:01 | INFO: Primitives created: 1
13:21:01 | INFO: Extracting primitive: takeda-samurai-08 sandal toe strap 1
13:21:01 | INFO: Primitives created: 1
13:21:01 | INFO: Extracting primitive: takeda-samurai-08 kusazuri skirt -1 row 1 mesh
13:21:01 | INFO: Primitives created: 1
13:21:01 | INFO: Extracting primitive: takeda-samurai-08 kusazuri skirt -1 row 2 mesh
13:21:01 | INFO: Primitives created: 1
13:21:01 | INFO: Extracting primitive: takeda-samurai-08 kusazuri skirt 0 row 1 mesh
13:21:01 | INFO: Primitives created: 1
13:21:01 | INFO: Extracting primitive: takeda-samurai-08 kusazuri skirt 0 row 2 mesh
13:21:01 | INFO: Primitives created: 1
13:21:01 | INFO: Extracting primitive: takeda-samurai-08 kusazuri skirt 1 row 1 mesh
13:21:01 | INFO: Primitives created: 1
13:21:01 | INFO: Extracting primitive: takeda-samurai-08 kusazuri skirt 1 row 2 mesh
13:21:01 | INFO: Primitives created: 1
13:21:01 | INFO: Extracting primitive: takeda-samurai-08 raised katana blade
13:21:01 | INFO: Primitives created: 1
13:21:01 | INFO: Extracting primitive: Cylinder.014
13:21:01 | INFO: Primitives created: 1
13:21:01 | INFO: Extracting primitive: takeda-samurai-08 sashimono bamboo pole
13:21:01 | INFO: Primitives created: 1
13:21:01 | INFO: Extracting primitive: takeda-samurai-08 wind-bent sashimono cloth panel mesh
13:21:01 | INFO: Primitives created: 1
13:21:01 | INFO: Extracting primitive: Cube.053
13:21:01 | INFO: Primitives created: 1
13:21:01 | INFO: Extracting primitive: Cube.054
13:21:01 | INFO: Primitives created: 1
13:21:01 | INFO: Extracting primitive: Cube.055
13:21:01 | INFO: Primitives created: 1
13:21:01 | INFO: Extracting primitive: Cube.056
13:21:01 | INFO: Primitives created: 1
13:21:01 | INFO: Extracting primitive: Sphere.162
13:21:01 | INFO: Primitives created: 1
13:21:01 | INFO: Extracting primitive: Sphere.163
13:21:01 | INFO: Primitives created: 1
13:21:01 | INFO: Extracting primitive: Sphere.164
13:21:01 | INFO: Primitives created: 1
13:21:01 | INFO: Extracting primitive: Sphere.165
13:21:01 | INFO: Primitives created: 1
13:21:01 | INFO: Extracting primitive: Cube.057
13:21:01 | INFO: Primitives created: 1
13:21:01 | INFO: Extracting primitive: Sphere.166
13:21:01 | INFO: Primitives created: 1
13:21:01 | INFO: Extracting primitive: Cone.021
13:21:01 | INFO: Primitives created: 1
13:21:01 | INFO: Extracting primitive: takeda-samurai-09 rear shikoro lamellar neck plate r1 c1 mesh
13:21:01 | INFO: Primitives created: 1
13:21:01 | INFO: Extracting primitive: takeda-samurai-09 rear shikoro lamellar neck plate r1 c2 mesh
13:21:01 | INFO: Primitives created: 1
13:21:01 | INFO: Extracting primitive: takeda-samurai-09 rear shikoro lamellar neck plate r1 c3 mesh
13:21:01 | INFO: Primitives created: 1
13:21:01 | INFO: Extracting primitive: takeda-samurai-09 rear shikoro lamellar neck plate r2 c1 mesh
13:21:01 | INFO: Primitives created: 1
13:21:01 | INFO: Extracting primitive: takeda-samurai-09 rear shikoro lamellar neck plate r2 c2 mesh
13:21:01 | INFO: Primitives created: 1
13:21:01 | INFO: Extracting primitive: takeda-samurai-09 rear shikoro lamellar neck plate r2 c3 mesh
13:21:01 | INFO: Primitives created: 1
13:21:01 | INFO: Extracting primitive: takeda-samurai-09 rear shikoro lamellar neck plate r3 c1 mesh
13:21:01 | INFO: Primitives created: 1
13:21:01 | INFO: Extracting primitive: takeda-samurai-09 rear shikoro lamellar neck plate r3 c2 mesh
13:21:01 | INFO: Primitives created: 1
13:21:01 | INFO: Extracting primitive: takeda-samurai-09 rear shikoro lamellar neck plate r3 c3 mesh
13:21:01 | INFO: Primitives created: 1
13:21:01 | INFO: Extracting primitive: takeda-samurai-09 raised kabuto rib 1
13:21:01 | INFO: Primitives created: 1
13:21:01 | INFO: Extracting primitive: takeda-samurai-09 raised kabuto rib 2
13:21:01 | INFO: Primitives created: 1
13:21:01 | INFO: Extracting primitive: takeda-samurai-09 raised kabuto rib 3
13:21:01 | INFO: Primitives created: 1
13:21:01 | INFO: Extracting primitive: takeda-samurai-09 crescent maedate crest
13:21:01 | INFO: Primitives created: 1
13:21:01 | INFO: Extracting primitive: takeda-samurai-09 individual front lamellar plate r1 c1 mesh
13:21:01 | INFO: Primitives created: 1
13:21:01 | INFO: Extracting primitive: takeda-samurai-09 individual front lamellar plate r1 c2 mesh
13:21:01 | INFO: Primitives created: 1
13:21:01 | INFO: Extracting primitive: takeda-samurai-09 individual front lamellar plate r1 c3 mesh
13:21:01 | INFO: Primitives created: 1
13:21:01 | INFO: Extracting primitive: takeda-samurai-09 individual front lamellar plate r1 c4 mesh
13:21:01 | INFO: Primitives created: 1
13:21:01 | INFO: Extracting primitive: takeda-samurai-09 individual front lamellar plate r1 c5 mesh
13:21:01 | INFO: Primitives created: 1
13:21:01 | INFO: Extracting primitive: takeda-samurai-09 odoshi lacing row 1
13:21:01 | INFO: Primitives created: 1
13:21:01 | INFO: Extracting primitive: takeda-samurai-09 chipped lacquer highlight r1 -0.16
13:21:01 | INFO: Primitives created: 1
13:21:01 | INFO: Extracting primitive: takeda-samurai-09 chipped lacquer highlight r1 0.0
13:21:01 | INFO: Primitives created: 1
13:21:01 | INFO: Extracting primitive: takeda-samurai-09 chipped lacquer highlight r1 0.16
13:21:01 | INFO: Primitives created: 1
13:21:01 | INFO: Extracting primitive: takeda-samurai-09 individual front lamellar plate r2 c1 mesh
13:21:01 | INFO: Primitives created: 1
13:21:01 | INFO: Extracting primitive: takeda-samurai-09 individual front lamellar plate r2 c2 mesh
13:21:01 | INFO: Primitives created: 1
13:21:01 | INFO: Extracting primitive: takeda-samurai-09 individual front lamellar plate r2 c3 mesh
13:21:01 | INFO: Primitives created: 1
13:21:01 | INFO: Extracting primitive: takeda-samurai-09 individual front lamellar plate r2 c4 mesh
13:21:01 | INFO: Primitives created: 1
13:21:01 | INFO: Extracting primitive: takeda-samurai-09 individual front lamellar plate r2 c5 mesh
13:21:01 | INFO: Primitives created: 1
13:21:01 | INFO: Extracting primitive: takeda-samurai-09 odoshi lacing row 2
13:21:01 | INFO: Primitives created: 1
13:21:01 | INFO: Extracting primitive: takeda-samurai-09 chipped lacquer highlight r2 -0.16
13:21:01 | INFO: Primitives created: 1
13:21:01 | INFO: Extracting primitive: takeda-samurai-09 chipped lacquer highlight r2 0.0
13:21:01 | INFO: Primitives created: 1
13:21:01 | INFO: Extracting primitive: takeda-samurai-09 chipped lacquer highlight r2 0.16
13:21:01 | INFO: Primitives created: 1
13:21:01 | INFO: Extracting primitive: takeda-samurai-09 individual front lamellar plate r3 c1 mesh
13:21:01 | INFO: Primitives created: 1
13:21:01 | INFO: Extracting primitive: takeda-samurai-09 individual front lamellar plate r3 c2 mesh
13:21:01 | INFO: Primitives created: 1
13:21:01 | INFO: Extracting primitive: takeda-samurai-09 individual front lamellar plate r3 c3 mesh
13:21:01 | INFO: Primitives created: 1
13:21:01 | INFO: Extracting primitive: takeda-samurai-09 individual front lamellar plate r3 c4 mesh
13:21:01 | INFO: Primitives created: 1
13:21:01 | INFO: Extracting primitive: takeda-samurai-09 individual front lamellar plate r3 c5 mesh
13:21:01 | INFO: Primitives created: 1
13:21:01 | INFO: Extracting primitive: takeda-samurai-09 odoshi lacing row 3
13:21:01 | INFO: Primitives created: 1
13:21:01 | INFO: Extracting primitive: takeda-samurai-09 chipped lacquer highlight r3 -0.16
13:21:01 | INFO: Primitives created: 1
13:21:01 | INFO: Extracting primitive: takeda-samurai-09 chipped lacquer highlight r3 0.0
13:21:01 | INFO: Primitives created: 1
13:21:01 | INFO: Extracting primitive: takeda-samurai-09 chipped lacquer highlight r3 0.16
13:21:01 | INFO: Primitives created: 1
13:21:01 | INFO: Extracting primitive: takeda-samurai-09 individual front lamellar plate r4 c1 mesh
13:21:01 | INFO: Primitives created: 1
13:21:01 | INFO: Extracting primitive: takeda-samurai-09 individual front lamellar plate r4 c2 mesh
13:21:01 | INFO: Primitives created: 1
13:21:01 | INFO: Extracting primitive: takeda-samurai-09 individual front lamellar plate r4 c3 mesh
13:21:01 | INFO: Primitives created: 1
13:21:01 | INFO: Extracting primitive: takeda-samurai-09 individual front lamellar plate r4 c4 mesh
13:21:01 | INFO: Primitives created: 1
13:21:01 | INFO: Extracting primitive: takeda-samurai-09 individual front lamellar plate r4 c5 mesh
13:21:01 | INFO: Primitives created: 1
13:21:01 | INFO: Extracting primitive: takeda-samurai-09 odoshi lacing row 4
13:21:01 | INFO: Primitives created: 1
13:21:01 | INFO: Extracting primitive: takeda-samurai-09 chipped lacquer highlight r4 -0.16
13:21:01 | INFO: Primitives created: 1
13:21:01 | INFO: Extracting primitive: takeda-samurai-09 chipped lacquer highlight r4 0.0
13:21:01 | INFO: Primitives created: 1
13:21:01 | INFO: Extracting primitive: takeda-samurai-09 chipped lacquer highlight r4 0.16
13:21:01 | INFO: Primitives created: 1
13:21:01 | INFO: Extracting primitive: takeda-samurai-09 rear lamellar back plate r1 c1 mesh
13:21:01 | INFO: Primitives created: 1
13:21:01 | INFO: Extracting primitive: takeda-samurai-09 rear lamellar back plate r1 c2 mesh
13:21:01 | INFO: Primitives created: 1
13:21:01 | INFO: Extracting primitive: takeda-samurai-09 rear lamellar back plate r1 c3 mesh
13:21:01 | INFO: Primitives created: 1
13:21:01 | INFO: Extracting primitive: takeda-samurai-09 rear lamellar back plate r1 c4 mesh
13:21:01 | INFO: Primitives created: 1
13:21:01 | INFO: Extracting primitive: takeda-samurai-09 rear odoshi lacing row 1
13:21:01 | INFO: Primitives created: 1
13:21:01 | INFO: Extracting primitive: takeda-samurai-09 rear lamellar back plate r2 c1 mesh
13:21:01 | INFO: Primitives created: 1
13:21:01 | INFO: Extracting primitive: takeda-samurai-09 rear lamellar back plate r2 c2 mesh
13:21:01 | INFO: Primitives created: 1
13:21:01 | INFO: Extracting primitive: takeda-samurai-09 rear lamellar back plate r2 c3 mesh
13:21:01 | INFO: Primitives created: 1
13:21:01 | INFO: Extracting primitive: takeda-samurai-09 rear lamellar back plate r2 c4 mesh
13:21:01 | INFO: Primitives created: 1
13:21:01 | INFO: Extracting primitive: takeda-samurai-09 rear odoshi lacing row 2
13:21:01 | INFO: Primitives created: 1
13:21:01 | INFO: Extracting primitive: takeda-samurai-09 rear lamellar back plate r3 c1 mesh
13:21:01 | INFO: Primitives created: 1
13:21:01 | INFO: Extracting primitive: takeda-samurai-09 rear lamellar back plate r3 c2 mesh
13:21:01 | INFO: Primitives created: 1
13:21:01 | INFO: Extracting primitive: takeda-samurai-09 rear lamellar back plate r3 c3 mesh
13:21:01 | INFO: Primitives created: 1
13:21:01 | INFO: Extracting primitive: takeda-samurai-09 rear lamellar back plate r3 c4 mesh
13:21:01 | INFO: Primitives created: 1
13:21:01 | INFO: Extracting primitive: takeda-samurai-09 rear odoshi lacing row 3
13:21:01 | INFO: Primitives created: 1
13:21:01 | INFO: Extracting primitive: takeda-samurai-09 rear lamellar back plate r4 c1 mesh
13:21:01 | INFO: Primitives created: 1
13:21:01 | INFO: Extracting primitive: takeda-samurai-09 rear lamellar back plate r4 c2 mesh
13:21:01 | INFO: Primitives created: 1
13:21:01 | INFO: Extracting primitive: takeda-samurai-09 rear lamellar back plate r4 c3 mesh
13:21:01 | INFO: Primitives created: 1
13:21:01 | INFO: Extracting primitive: takeda-samurai-09 rear lamellar back plate r4 c4 mesh
13:21:01 | INFO: Primitives created: 1
13:21:01 | INFO: Extracting primitive: takeda-samurai-09 rear odoshi lacing row 4
13:21:01 | INFO: Primitives created: 1
13:21:01 | INFO: Extracting primitive: takeda-samurai-09 rear lacquer edge scratch -0.17
13:21:01 | INFO: Primitives created: 1
13:21:01 | INFO: Extracting primitive: takeda-samurai-09 rear lacquer edge scratch -0.06
13:21:01 | INFO: Primitives created: 1
13:21:01 | INFO: Extracting primitive: takeda-samurai-09 rear lacquer edge scratch 0.06
13:21:01 | INFO: Primitives created: 1
13:21:01 | INFO: Extracting primitive: takeda-samurai-09 rear lacquer edge scratch 0.17
13:21:01 | INFO: Primitives created: 1
13:21:01 | INFO: Extracting primitive: Sphere.167
13:21:01 | INFO: Primitives created: 1
13:21:01 | INFO: Extracting primitive: takeda-samurai-09 articulated sode shoulder plate -1 1 mesh
13:21:01 | INFO: Primitives created: 1
13:21:01 | INFO: Extracting primitive: takeda-samurai-09 sode lacing -1 1
13:21:01 | INFO: Primitives created: 1
13:21:01 | INFO: Extracting primitive: takeda-samurai-09 articulated sode shoulder plate -1 2 mesh
13:21:01 | INFO: Primitives created: 1
13:21:01 | INFO: Extracting primitive: takeda-samurai-09 sode lacing -1 2
13:21:01 | INFO: Primitives created: 1
13:21:01 | INFO: Extracting primitive: takeda-samurai-09 articulated sode shoulder plate -1 3 mesh
13:21:01 | INFO: Primitives created: 1
13:21:01 | INFO: Extracting primitive: takeda-samurai-09 sode lacing -1 3
13:21:01 | INFO: Primitives created: 1
13:21:01 | INFO: Extracting primitive: takeda-samurai-09 articulated sode shoulder plate -1 4 mesh
13:21:01 | INFO: Primitives created: 1
13:21:01 | INFO: Extracting primitive: takeda-samurai-09 sode lacing -1 4
13:21:01 | INFO: Primitives created: 1
13:21:01 | INFO: Extracting primitive: Sphere.168
13:21:01 | INFO: Primitives created: 1
13:21:01 | INFO: Extracting primitive: Sphere.169
13:21:01 | INFO: Primitives created: 1
13:21:01 | INFO: Extracting primitive: Sphere.170
13:21:01 | INFO: Primitives created: 1
13:21:01 | INFO: Extracting primitive: Sphere.171
13:21:01 | INFO: Primitives created: 1
13:21:01 | INFO: Extracting primitive: Sphere.172
13:21:01 | INFO: Primitives created: 1
13:21:01 | INFO: Extracting primitive: Cube.058
13:21:01 | INFO: Primitives created: 1
13:21:01 | INFO: Extracting primitive: takeda-samurai-09 sandal toe strap -1
13:21:01 | INFO: Primitives created: 1
13:21:01 | INFO: Extracting primitive: Sphere.173
13:21:01 | INFO: Primitives created: 1
13:21:01 | INFO: Extracting primitive: takeda-samurai-09 articulated sode shoulder plate 1 1 mesh
13:21:01 | INFO: Primitives created: 1
13:21:01 | INFO: Extracting primitive: takeda-samurai-09 sode lacing 1 1
13:21:01 | INFO: Primitives created: 1
13:21:01 | INFO: Extracting primitive: takeda-samurai-09 articulated sode shoulder plate 1 2 mesh
13:21:01 | INFO: Primitives created: 1
13:21:01 | INFO: Extracting primitive: takeda-samurai-09 sode lacing 1 2
13:21:01 | INFO: Primitives created: 1
13:21:01 | INFO: Extracting primitive: takeda-samurai-09 articulated sode shoulder plate 1 3 mesh
13:21:01 | INFO: Primitives created: 1
13:21:01 | INFO: Extracting primitive: takeda-samurai-09 sode lacing 1 3
13:21:01 | INFO: Primitives created: 1
13:21:01 | INFO: Extracting primitive: takeda-samurai-09 articulated sode shoulder plate 1 4 mesh
13:21:01 | INFO: Primitives created: 1
13:21:01 | INFO: Extracting primitive: takeda-samurai-09 sode lacing 1 4
13:21:01 | INFO: Primitives created: 1
13:21:01 | INFO: Extracting primitive: Sphere.174
13:21:01 | INFO: Primitives created: 1
13:21:01 | INFO: Extracting primitive: Sphere.175
13:21:01 | INFO: Primitives created: 1
13:21:01 | INFO: Extracting primitive: Sphere.176
13:21:01 | INFO: Primitives created: 1
13:21:01 | INFO: Extracting primitive: Sphere.177
13:21:01 | INFO: Primitives created: 1
13:21:01 | INFO: Extracting primitive: Sphere.178
13:21:01 | INFO: Primitives created: 1
13:21:01 | INFO: Extracting primitive: Cube.059
13:21:01 | INFO: Primitives created: 1
13:21:01 | INFO: Extracting primitive: takeda-samurai-09 sandal toe strap 1
13:21:01 | INFO: Primitives created: 1
13:21:01 | INFO: Extracting primitive: takeda-samurai-09 kusazuri skirt -1 row 1 mesh
13:21:01 | INFO: Primitives created: 1
13:21:01 | INFO: Extracting primitive: takeda-samurai-09 kusazuri skirt -1 row 2 mesh
13:21:01 | INFO: Primitives created: 1
13:21:01 | INFO: Extracting primitive: takeda-samurai-09 kusazuri skirt 0 row 1 mesh
13:21:01 | INFO: Primitives created: 1
13:21:01 | INFO: Extracting primitive: takeda-samurai-09 kusazuri skirt 0 row 2 mesh
13:21:01 | INFO: Primitives created: 1
13:21:01 | INFO: Extracting primitive: takeda-samurai-09 kusazuri skirt 1 row 1 mesh
13:21:01 | INFO: Primitives created: 1
13:21:01 | INFO: Extracting primitive: takeda-samurai-09 kusazuri skirt 1 row 2 mesh
13:21:01 | INFO: Primitives created: 1
13:21:01 | INFO: Extracting primitive: takeda-samurai-09 guard katana blade
13:21:01 | INFO: Primitives created: 1
13:21:01 | INFO: Extracting primitive: Cylinder.015
13:21:01 | INFO: Primitives created: 1
13:21:01 | INFO: Extracting primitive: takeda-samurai-09 sashimono bamboo pole
13:21:01 | INFO: Primitives created: 1
13:21:01 | INFO: Extracting primitive: takeda-samurai-09 wind-bent sashimono cloth panel mesh
13:21:01 | INFO: Primitives created: 1
13:21:01 | INFO: Extracting primitive: Cube.060
13:21:01 | INFO: Primitives created: 1
13:21:01 | INFO: Extracting primitive: Cube.061
13:21:01 | INFO: Primitives created: 1
13:21:01 | INFO: Extracting primitive: Cube.062
13:21:01 | INFO: Primitives created: 1
13:21:01 | INFO: Extracting primitive: Cube.063
13:21:01 | INFO: Primitives created: 1
13:21:01 | INFO: Extracting primitive: Sphere.179
13:21:01 | INFO: Primitives created: 1
13:21:01 | INFO: Extracting primitive: Sphere.180
13:21:01 | INFO: Primitives created: 1
13:21:01 | INFO: Extracting primitive: Sphere.181
13:21:01 | INFO: Primitives created: 1
13:21:01 | INFO: Extracting primitive: Sphere.182
13:21:01 | INFO: Primitives created: 1
13:21:01 | INFO: Extracting primitive: Cube.064
13:21:01 | INFO: Primitives created: 1
13:21:01 | INFO: Extracting primitive: Sphere.183
13:21:01 | INFO: Primitives created: 1
13:21:01 | INFO: Extracting primitive: Cone.022
13:21:01 | INFO: Primitives created: 1
13:21:01 | INFO: Extracting primitive: takeda-samurai-10 rear shikoro lamellar neck plate r1 c1 mesh
13:21:01 | INFO: Primitives created: 1
13:21:01 | INFO: Extracting primitive: takeda-samurai-10 rear shikoro lamellar neck plate r1 c2 mesh
13:21:01 | INFO: Primitives created: 1
13:21:01 | INFO: Extracting primitive: takeda-samurai-10 rear shikoro lamellar neck plate r1 c3 mesh
13:21:01 | INFO: Primitives created: 1
13:21:01 | INFO: Extracting primitive: takeda-samurai-10 rear shikoro lamellar neck plate r2 c1 mesh
13:21:01 | INFO: Primitives created: 1
13:21:01 | INFO: Extracting primitive: takeda-samurai-10 rear shikoro lamellar neck plate r2 c2 mesh
13:21:01 | INFO: Primitives created: 1
13:21:01 | INFO: Extracting primitive: takeda-samurai-10 rear shikoro lamellar neck plate r2 c3 mesh
13:21:01 | INFO: Primitives created: 1
13:21:01 | INFO: Extracting primitive: takeda-samurai-10 rear shikoro lamellar neck plate r3 c1 mesh
13:21:01 | INFO: Primitives created: 1
13:21:01 | INFO: Extracting primitive: takeda-samurai-10 rear shikoro lamellar neck plate r3 c2 mesh
13:21:01 | INFO: Primitives created: 1
13:21:01 | INFO: Extracting primitive: takeda-samurai-10 rear shikoro lamellar neck plate r3 c3 mesh
13:21:01 | INFO: Primitives created: 1
13:21:01 | INFO: Extracting primitive: takeda-samurai-10 raised kabuto rib 1
13:21:01 | INFO: Primitives created: 1
13:21:01 | INFO: Extracting primitive: takeda-samurai-10 raised kabuto rib 2
13:21:01 | INFO: Primitives created: 1
13:21:01 | INFO: Extracting primitive: takeda-samurai-10 raised kabuto rib 3
13:21:01 | INFO: Primitives created: 1
13:21:01 | INFO: Extracting primitive: takeda-samurai-10 crescent maedate crest
13:21:01 | INFO: Primitives created: 1
13:21:01 | INFO: Extracting primitive: takeda-samurai-10 individual front lamellar plate r1 c1 mesh
13:21:01 | INFO: Primitives created: 1
13:21:01 | INFO: Extracting primitive: takeda-samurai-10 individual front lamellar plate r1 c2 mesh
13:21:01 | INFO: Primitives created: 1
13:21:01 | INFO: Extracting primitive: takeda-samurai-10 individual front lamellar plate r1 c3 mesh
13:21:01 | INFO: Primitives created: 1
13:21:01 | INFO: Extracting primitive: takeda-samurai-10 individual front lamellar plate r1 c4 mesh
13:21:01 | INFO: Primitives created: 1
13:21:01 | INFO: Extracting primitive: takeda-samurai-10 individual front lamellar plate r1 c5 mesh
13:21:01 | INFO: Primitives created: 1
13:21:01 | INFO: Extracting primitive: takeda-samurai-10 odoshi lacing row 1
13:21:01 | INFO: Primitives created: 1
13:21:01 | INFO: Extracting primitive: takeda-samurai-10 chipped lacquer highlight r1 -0.16
13:21:01 | INFO: Primitives created: 1
13:21:01 | INFO: Extracting primitive: takeda-samurai-10 chipped lacquer highlight r1 0.0
13:21:01 | INFO: Primitives created: 1
13:21:01 | INFO: Extracting primitive: takeda-samurai-10 chipped lacquer highlight r1 0.16
13:21:01 | INFO: Primitives created: 1
13:21:01 | INFO: Extracting primitive: takeda-samurai-10 individual front lamellar plate r2 c1 mesh
13:21:01 | INFO: Primitives created: 1
13:21:01 | INFO: Extracting primitive: takeda-samurai-10 individual front lamellar plate r2 c2 mesh
13:21:01 | INFO: Primitives created: 1
13:21:01 | INFO: Extracting primitive: takeda-samurai-10 individual front lamellar plate r2 c3 mesh
13:21:01 | INFO: Primitives created: 1
13:21:01 | INFO: Extracting primitive: takeda-samurai-10 individual front lamellar plate r2 c4 mesh
13:21:01 | INFO: Primitives created: 1
13:21:01 | INFO: Extracting primitive: takeda-samurai-10 individual front lamellar plate r2 c5 mesh
13:21:01 | INFO: Primitives created: 1
13:21:01 | INFO: Extracting primitive: takeda-samurai-10 odoshi lacing row 2
13:21:01 | INFO: Primitives created: 1
13:21:01 | INFO: Extracting primitive: takeda-samurai-10 chipped lacquer highlight r2 -0.16
13:21:01 | INFO: Primitives created: 1
13:21:01 | INFO: Extracting primitive: takeda-samurai-10 chipped lacquer highlight r2 0.0
13:21:01 | INFO: Primitives created: 1
13:21:01 | INFO: Extracting primitive: takeda-samurai-10 chipped lacquer highlight r2 0.16
13:21:01 | INFO: Primitives created: 1
13:21:01 | INFO: Extracting primitive: takeda-samurai-10 individual front lamellar plate r3 c1 mesh
13:21:01 | INFO: Primitives created: 1
13:21:01 | INFO: Extracting primitive: takeda-samurai-10 individual front lamellar plate r3 c2 mesh
13:21:01 | INFO: Primitives created: 1
13:21:01 | INFO: Extracting primitive: takeda-samurai-10 individual front lamellar plate r3 c3 mesh
13:21:01 | INFO: Primitives created: 1
13:21:01 | INFO: Extracting primitive: takeda-samurai-10 individual front lamellar plate r3 c4 mesh
13:21:01 | INFO: Primitives created: 1
13:21:01 | INFO: Extracting primitive: takeda-samurai-10 individual front lamellar plate r3 c5 mesh
13:21:01 | INFO: Primitives created: 1
13:21:01 | INFO: Extracting primitive: takeda-samurai-10 odoshi lacing row 3
13:21:01 | INFO: Primitives created: 1
13:21:01 | INFO: Extracting primitive: takeda-samurai-10 chipped lacquer highlight r3 -0.16
13:21:01 | INFO: Primitives created: 1
13:21:01 | INFO: Extracting primitive: takeda-samurai-10 chipped lacquer highlight r3 0.0
13:21:01 | INFO: Primitives created: 1
13:21:01 | INFO: Extracting primitive: takeda-samurai-10 chipped lacquer highlight r3 0.16
13:21:01 | INFO: Primitives created: 1
13:21:01 | INFO: Extracting primitive: takeda-samurai-10 individual front lamellar plate r4 c1 mesh
13:21:01 | INFO: Primitives created: 1
13:21:01 | INFO: Extracting primitive: takeda-samurai-10 individual front lamellar plate r4 c2 mesh
13:21:01 | INFO: Primitives created: 1
13:21:01 | INFO: Extracting primitive: takeda-samurai-10 individual front lamellar plate r4 c3 mesh
13:21:01 | INFO: Primitives created: 1
13:21:01 | INFO: Extracting primitive: takeda-samurai-10 individual front lamellar plate r4 c4 mesh
13:21:01 | INFO: Primitives created: 1
13:21:01 | INFO: Extracting primitive: takeda-samurai-10 individual front lamellar plate r4 c5 mesh
13:21:01 | INFO: Primitives created: 1
13:21:01 | INFO: Extracting primitive: takeda-samurai-10 odoshi lacing row 4
13:21:01 | INFO: Primitives created: 1
13:21:01 | INFO: Extracting primitive: takeda-samurai-10 chipped lacquer highlight r4 -0.16
13:21:01 | INFO: Primitives created: 1
13:21:01 | INFO: Extracting primitive: takeda-samurai-10 chipped lacquer highlight r4 0.0
13:21:01 | INFO: Primitives created: 1
13:21:01 | INFO: Extracting primitive: takeda-samurai-10 chipped lacquer highlight r4 0.16
13:21:01 | INFO: Primitives created: 1
13:21:01 | INFO: Extracting primitive: takeda-samurai-10 rear lamellar back plate r1 c1 mesh
13:21:01 | INFO: Primitives created: 1
13:21:01 | INFO: Extracting primitive: takeda-samurai-10 rear lamellar back plate r1 c2 mesh
13:21:01 | INFO: Primitives created: 1
13:21:01 | INFO: Extracting primitive: takeda-samurai-10 rear lamellar back plate r1 c3 mesh
13:21:01 | INFO: Primitives created: 1
13:21:01 | INFO: Extracting primitive: takeda-samurai-10 rear lamellar back plate r1 c4 mesh
13:21:01 | INFO: Primitives created: 1
13:21:01 | INFO: Extracting primitive: takeda-samurai-10 rear odoshi lacing row 1
13:21:01 | INFO: Primitives created: 1
13:21:01 | INFO: Extracting primitive: takeda-samurai-10 rear lamellar back plate r2 c1 mesh
13:21:01 | INFO: Primitives created: 1
13:21:01 | INFO: Extracting primitive: takeda-samurai-10 rear lamellar back plate r2 c2 mesh
13:21:01 | INFO: Primitives created: 1
13:21:01 | INFO: Extracting primitive: takeda-samurai-10 rear lamellar back plate r2 c3 mesh
13:21:01 | INFO: Primitives created: 1
13:21:01 | INFO: Extracting primitive: takeda-samurai-10 rear lamellar back plate r2 c4 mesh
13:21:01 | INFO: Primitives created: 1
13:21:01 | INFO: Extracting primitive: takeda-samurai-10 rear odoshi lacing row 2
13:21:01 | INFO: Primitives created: 1
13:21:01 | INFO: Extracting primitive: takeda-samurai-10 rear lamellar back plate r3 c1 mesh
13:21:01 | INFO: Primitives created: 1
13:21:01 | INFO: Extracting primitive: takeda-samurai-10 rear lamellar back plate r3 c2 mesh
13:21:01 | INFO: Primitives created: 1
13:21:01 | INFO: Extracting primitive: takeda-samurai-10 rear lamellar back plate r3 c3 mesh
13:21:01 | INFO: Primitives created: 1
13:21:01 | INFO: Extracting primitive: takeda-samurai-10 rear lamellar back plate r3 c4 mesh
13:21:01 | INFO: Primitives created: 1
13:21:01 | INFO: Extracting primitive: takeda-samurai-10 rear odoshi lacing row 3
13:21:01 | INFO: Primitives created: 1
13:21:01 | INFO: Extracting primitive: takeda-samurai-10 rear lamellar back plate r4 c1 mesh
13:21:01 | INFO: Primitives created: 1
13:21:01 | INFO: Extracting primitive: takeda-samurai-10 rear lamellar back plate r4 c2 mesh
13:21:01 | INFO: Primitives created: 1
13:21:01 | INFO: Extracting primitive: takeda-samurai-10 rear lamellar back plate r4 c3 mesh
13:21:01 | INFO: Primitives created: 1
13:21:01 | INFO: Extracting primitive: takeda-samurai-10 rear lamellar back plate r4 c4 mesh
13:21:01 | INFO: Primitives created: 1
13:21:01 | INFO: Extracting primitive: takeda-samurai-10 rear odoshi lacing row 4
13:21:01 | INFO: Primitives created: 1
13:21:01 | INFO: Extracting primitive: takeda-samurai-10 rear lacquer edge scratch -0.17
13:21:01 | INFO: Primitives created: 1
13:21:01 | INFO: Extracting primitive: takeda-samurai-10 rear lacquer edge scratch -0.06
13:21:01 | INFO: Primitives created: 1
13:21:01 | INFO: Extracting primitive: takeda-samurai-10 rear lacquer edge scratch 0.06
13:21:01 | INFO: Primitives created: 1
13:21:01 | INFO: Extracting primitive: takeda-samurai-10 rear lacquer edge scratch 0.17
13:21:01 | INFO: Primitives created: 1
13:21:01 | INFO: Extracting primitive: Sphere.184
13:21:01 | INFO: Primitives created: 1
13:21:01 | INFO: Extracting primitive: takeda-samurai-10 articulated sode shoulder plate -1 1 mesh
13:21:01 | INFO: Primitives created: 1
13:21:01 | INFO: Extracting primitive: takeda-samurai-10 sode lacing -1 1
13:21:01 | INFO: Primitives created: 1
13:21:01 | INFO: Extracting primitive: takeda-samurai-10 articulated sode shoulder plate -1 2 mesh
13:21:01 | INFO: Primitives created: 1
13:21:01 | INFO: Extracting primitive: takeda-samurai-10 sode lacing -1 2
13:21:01 | INFO: Primitives created: 1
13:21:01 | INFO: Extracting primitive: takeda-samurai-10 articulated sode shoulder plate -1 3 mesh
13:21:01 | INFO: Primitives created: 1
13:21:01 | INFO: Extracting primitive: takeda-samurai-10 sode lacing -1 3
13:21:01 | INFO: Primitives created: 1
13:21:01 | INFO: Extracting primitive: takeda-samurai-10 articulated sode shoulder plate -1 4 mesh
13:21:01 | INFO: Primitives created: 1
13:21:01 | INFO: Extracting primitive: takeda-samurai-10 sode lacing -1 4
13:21:01 | INFO: Primitives created: 1
13:21:01 | INFO: Extracting primitive: Sphere.185
13:21:01 | INFO: Primitives created: 1
13:21:01 | INFO: Extracting primitive: Sphere.186
13:21:01 | INFO: Primitives created: 1
13:21:01 | INFO: Extracting primitive: Sphere.187
13:21:01 | INFO: Primitives created: 1
13:21:01 | INFO: Extracting primitive: Sphere.188
13:21:01 | INFO: Primitives created: 1
13:21:01 | INFO: Extracting primitive: Sphere.189
13:21:01 | INFO: Primitives created: 1
13:21:01 | INFO: Extracting primitive: Cube.065
13:21:01 | INFO: Primitives created: 1
13:21:01 | INFO: Extracting primitive: takeda-samurai-10 sandal toe strap -1
13:21:01 | INFO: Primitives created: 1
13:21:01 | INFO: Extracting primitive: Sphere.190
13:21:01 | INFO: Primitives created: 1
13:21:01 | INFO: Extracting primitive: takeda-samurai-10 articulated sode shoulder plate 1 1 mesh
13:21:01 | INFO: Primitives created: 1
13:21:01 | INFO: Extracting primitive: takeda-samurai-10 sode lacing 1 1
13:21:01 | INFO: Primitives created: 1
13:21:01 | INFO: Extracting primitive: takeda-samurai-10 articulated sode shoulder plate 1 2 mesh
13:21:01 | INFO: Primitives created: 1
13:21:01 | INFO: Extracting primitive: takeda-samurai-10 sode lacing 1 2
13:21:01 | INFO: Primitives created: 1
13:21:01 | INFO: Extracting primitive: takeda-samurai-10 articulated sode shoulder plate 1 3 mesh
13:21:01 | INFO: Primitives created: 1
13:21:01 | INFO: Extracting primitive: takeda-samurai-10 sode lacing 1 3
13:21:01 | INFO: Primitives created: 1
13:21:01 | INFO: Extracting primitive: takeda-samurai-10 articulated sode shoulder plate 1 4 mesh
13:21:01 | INFO: Primitives created: 1
13:21:01 | INFO: Extracting primitive: takeda-samurai-10 sode lacing 1 4
13:21:01 | INFO: Primitives created: 1
13:21:01 | INFO: Extracting primitive: Sphere.191
13:21:01 | INFO: Primitives created: 1
13:21:01 | INFO: Extracting primitive: Sphere.192
13:21:01 | INFO: Primitives created: 1
13:21:01 | INFO: Extracting primitive: Sphere.193
13:21:01 | INFO: Primitives created: 1
13:21:01 | INFO: Extracting primitive: Sphere.194
13:21:01 | INFO: Primitives created: 1
13:21:01 | INFO: Extracting primitive: Sphere.195
13:21:01 | INFO: Primitives created: 1
13:21:01 | INFO: Extracting primitive: Cube.066
13:21:01 | INFO: Primitives created: 1
13:21:01 | INFO: Extracting primitive: takeda-samurai-10 sandal toe strap 1
13:21:01 | INFO: Primitives created: 1
13:21:01 | INFO: Extracting primitive: takeda-samurai-10 kusazuri skirt -1 row 1 mesh
13:21:01 | INFO: Primitives created: 1
13:21:01 | INFO: Extracting primitive: takeda-samurai-10 kusazuri skirt -1 row 2 mesh
13:21:01 | INFO: Primitives created: 1
13:21:01 | INFO: Extracting primitive: takeda-samurai-10 kusazuri skirt 0 row 1 mesh
13:21:01 | INFO: Primitives created: 1
13:21:01 | INFO: Extracting primitive: takeda-samurai-10 kusazuri skirt 0 row 2 mesh
13:21:01 | INFO: Primitives created: 1
13:21:01 | INFO: Extracting primitive: takeda-samurai-10 kusazuri skirt 1 row 1 mesh
13:21:01 | INFO: Primitives created: 1
13:21:01 | INFO: Extracting primitive: takeda-samurai-10 kusazuri skirt 1 row 2 mesh
13:21:01 | INFO: Primitives created: 1
13:21:01 | INFO: Extracting primitive: takeda-samurai-10 yari shaft
13:21:01 | INFO: Primitives created: 1
13:21:01 | INFO: Extracting primitive: Cone.023
13:21:01 | INFO: Primitives created: 1
13:21:01 | INFO: Extracting primitive: takeda-samurai-10 sashimono bamboo pole
13:21:01 | INFO: Primitives created: 1
13:21:01 | INFO: Extracting primitive: takeda-samurai-10 wind-bent sashimono cloth panel mesh
13:21:01 | INFO: Primitives created: 1
13:21:01 | INFO: Extracting primitive: Cube.067
13:21:01 | INFO: Primitives created: 1
13:21:01 | INFO: Extracting primitive: Cube.068
13:21:01 | INFO: Primitives created: 1
13:21:01 | INFO: Extracting primitive: Cube.069
13:21:01 | INFO: Primitives created: 1
13:21:01 | INFO: Extracting primitive: Cube.070
13:21:01 | INFO: Primitives created: 1
13:21:01 | INFO: Extracting primitive: Sphere.196
13:21:01 | INFO: Primitives created: 1
13:21:01 | INFO: Extracting primitive: Sphere.197
13:21:01 | INFO: Primitives created: 1
13:21:01 | INFO: Extracting primitive: Sphere.198
13:21:01 | INFO: Primitives created: 1
13:21:01 | INFO: Extracting primitive: Sphere.199
13:21:01 | INFO: Primitives created: 1
13:21:01 | INFO: Extracting primitive: Cube.071
13:21:01 | INFO: Primitives created: 1
13:21:01 | INFO: Extracting primitive: Sphere.200
13:21:01 | INFO: Primitives created: 1
13:21:01 | INFO: Extracting primitive: Cone.024
13:21:01 | INFO: Primitives created: 1
13:21:01 | INFO: Extracting primitive: uesugi-samurai-01 rear shikoro lamellar neck plate r1 c1 mesh
13:21:01 | INFO: Primitives created: 1
13:21:01 | INFO: Extracting primitive: uesugi-samurai-01 rear shikoro lamellar neck plate r1 c2 mesh
13:21:01 | INFO: Primitives created: 1
13:21:01 | INFO: Extracting primitive: uesugi-samurai-01 rear shikoro lamellar neck plate r1 c3 mesh
13:21:01 | INFO: Primitives created: 1
13:21:01 | INFO: Extracting primitive: uesugi-samurai-01 rear shikoro lamellar neck plate r2 c1 mesh
13:21:01 | INFO: Primitives created: 1
13:21:01 | INFO: Extracting primitive: uesugi-samurai-01 rear shikoro lamellar neck plate r2 c2 mesh
13:21:01 | INFO: Primitives created: 1
13:21:01 | INFO: Extracting primitive: uesugi-samurai-01 rear shikoro lamellar neck plate r2 c3 mesh
13:21:01 | INFO: Primitives created: 1
13:21:01 | INFO: Extracting primitive: uesugi-samurai-01 rear shikoro lamellar neck plate r3 c1 mesh
13:21:01 | INFO: Primitives created: 1
13:21:01 | INFO: Extracting primitive: uesugi-samurai-01 rear shikoro lamellar neck plate r3 c2 mesh
13:21:01 | INFO: Primitives created: 1
13:21:01 | INFO: Extracting primitive: uesugi-samurai-01 rear shikoro lamellar neck plate r3 c3 mesh
13:21:01 | INFO: Primitives created: 1
13:21:01 | INFO: Extracting primitive: uesugi-samurai-01 raised kabuto rib 1
13:21:01 | INFO: Primitives created: 1
13:21:01 | INFO: Extracting primitive: uesugi-samurai-01 raised kabuto rib 2
13:21:01 | INFO: Primitives created: 1
13:21:01 | INFO: Extracting primitive: uesugi-samurai-01 raised kabuto rib 3
13:21:01 | INFO: Primitives created: 1
13:21:01 | INFO: Extracting primitive: uesugi-samurai-01 left antler maedate
13:21:01 | INFO: Primitives created: 1
13:21:01 | INFO: Extracting primitive: uesugi-samurai-01 right antler maedate
13:21:01 | INFO: Primitives created: 1
13:21:01 | INFO: Extracting primitive: uesugi-samurai-01 individual front lamellar plate r1 c1 mesh
13:21:01 | INFO: Primitives created: 1
13:21:01 | INFO: Extracting primitive: uesugi-samurai-01 individual front lamellar plate r1 c2 mesh
13:21:01 | INFO: Primitives created: 1
13:21:01 | INFO: Extracting primitive: uesugi-samurai-01 individual front lamellar plate r1 c3 mesh
13:21:01 | INFO: Primitives created: 1
13:21:01 | INFO: Extracting primitive: uesugi-samurai-01 individual front lamellar plate r1 c4 mesh
13:21:01 | INFO: Primitives created: 1
13:21:01 | INFO: Extracting primitive: uesugi-samurai-01 individual front lamellar plate r1 c5 mesh
13:21:01 | INFO: Primitives created: 1
13:21:01 | INFO: Extracting primitive: uesugi-samurai-01 odoshi lacing row 1
13:21:01 | INFO: Primitives created: 1
13:21:01 | INFO: Extracting primitive: uesugi-samurai-01 chipped lacquer highlight r1 -0.16
13:21:01 | INFO: Primitives created: 1
13:21:01 | INFO: Extracting primitive: uesugi-samurai-01 chipped lacquer highlight r1 0.0
13:21:01 | INFO: Primitives created: 1
13:21:01 | INFO: Extracting primitive: uesugi-samurai-01 chipped lacquer highlight r1 0.16
13:21:01 | INFO: Primitives created: 1
13:21:01 | INFO: Extracting primitive: uesugi-samurai-01 individual front lamellar plate r2 c1 mesh
13:21:01 | INFO: Primitives created: 1
13:21:01 | INFO: Extracting primitive: uesugi-samurai-01 individual front lamellar plate r2 c2 mesh
13:21:01 | INFO: Primitives created: 1
13:21:01 | INFO: Extracting primitive: uesugi-samurai-01 individual front lamellar plate r2 c3 mesh
13:21:01 | INFO: Primitives created: 1
13:21:01 | INFO: Extracting primitive: uesugi-samurai-01 individual front lamellar plate r2 c4 mesh
13:21:01 | INFO: Primitives created: 1
13:21:01 | INFO: Extracting primitive: uesugi-samurai-01 individual front lamellar plate r2 c5 mesh
13:21:01 | INFO: Primitives created: 1
13:21:01 | INFO: Extracting primitive: uesugi-samurai-01 odoshi lacing row 2
13:21:01 | INFO: Primitives created: 1
13:21:01 | INFO: Extracting primitive: uesugi-samurai-01 chipped lacquer highlight r2 -0.16
13:21:01 | INFO: Primitives created: 1
13:21:01 | INFO: Extracting primitive: uesugi-samurai-01 chipped lacquer highlight r2 0.0
13:21:01 | INFO: Primitives created: 1
13:21:01 | INFO: Extracting primitive: uesugi-samurai-01 chipped lacquer highlight r2 0.16
13:21:01 | INFO: Primitives created: 1
13:21:01 | INFO: Extracting primitive: uesugi-samurai-01 individual front lamellar plate r3 c1 mesh
13:21:01 | INFO: Primitives created: 1
13:21:01 | INFO: Extracting primitive: uesugi-samurai-01 individual front lamellar plate r3 c2 mesh
13:21:01 | INFO: Primitives created: 1
13:21:01 | INFO: Extracting primitive: uesugi-samurai-01 individual front lamellar plate r3 c3 mesh
13:21:01 | INFO: Primitives created: 1
13:21:01 | INFO: Extracting primitive: uesugi-samurai-01 individual front lamellar plate r3 c4 mesh
13:21:01 | INFO: Primitives created: 1
13:21:01 | INFO: Extracting primitive: uesugi-samurai-01 individual front lamellar plate r3 c5 mesh
13:21:01 | INFO: Primitives created: 1
13:21:01 | INFO: Extracting primitive: uesugi-samurai-01 odoshi lacing row 3
13:21:01 | INFO: Primitives created: 1
13:21:01 | INFO: Extracting primitive: uesugi-samurai-01 chipped lacquer highlight r3 -0.16
13:21:01 | INFO: Primitives created: 1
13:21:01 | INFO: Extracting primitive: uesugi-samurai-01 chipped lacquer highlight r3 0.0
13:21:01 | INFO: Primitives created: 1
13:21:01 | INFO: Extracting primitive: uesugi-samurai-01 chipped lacquer highlight r3 0.16
13:21:01 | INFO: Primitives created: 1
13:21:01 | INFO: Extracting primitive: uesugi-samurai-01 individual front lamellar plate r4 c1 mesh
13:21:01 | INFO: Primitives created: 1
13:21:01 | INFO: Extracting primitive: uesugi-samurai-01 individual front lamellar plate r4 c2 mesh
13:21:01 | INFO: Primitives created: 1
13:21:01 | INFO: Extracting primitive: uesugi-samurai-01 individual front lamellar plate r4 c3 mesh
13:21:01 | INFO: Primitives created: 1
13:21:01 | INFO: Extracting primitive: uesugi-samurai-01 individual front lamellar plate r4 c4 mesh
13:21:01 | INFO: Primitives created: 1
13:21:01 | INFO: Extracting primitive: uesugi-samurai-01 individual front lamellar plate r4 c5 mesh
13:21:01 | INFO: Primitives created: 1
13:21:01 | INFO: Extracting primitive: uesugi-samurai-01 odoshi lacing row 4
13:21:01 | INFO: Primitives created: 1
13:21:01 | INFO: Extracting primitive: uesugi-samurai-01 chipped lacquer highlight r4 -0.16
13:21:01 | INFO: Primitives created: 1
13:21:01 | INFO: Extracting primitive: uesugi-samurai-01 chipped lacquer highlight r4 0.0
13:21:01 | INFO: Primitives created: 1
13:21:01 | INFO: Extracting primitive: uesugi-samurai-01 chipped lacquer highlight r4 0.16
13:21:01 | INFO: Primitives created: 1
13:21:01 | INFO: Extracting primitive: uesugi-samurai-01 rear lamellar back plate r1 c1 mesh
13:21:01 | INFO: Primitives created: 1
13:21:01 | INFO: Extracting primitive: uesugi-samurai-01 rear lamellar back plate r1 c2 mesh
13:21:01 | INFO: Primitives created: 1
13:21:01 | INFO: Extracting primitive: uesugi-samurai-01 rear lamellar back plate r1 c3 mesh
13:21:01 | INFO: Primitives created: 1
13:21:01 | INFO: Extracting primitive: uesugi-samurai-01 rear lamellar back plate r1 c4 mesh
13:21:01 | INFO: Primitives created: 1
13:21:01 | INFO: Extracting primitive: uesugi-samurai-01 rear odoshi lacing row 1
13:21:01 | INFO: Primitives created: 1
13:21:01 | INFO: Extracting primitive: uesugi-samurai-01 rear lamellar back plate r2 c1 mesh
13:21:01 | INFO: Primitives created: 1
13:21:01 | INFO: Extracting primitive: uesugi-samurai-01 rear lamellar back plate r2 c2 mesh
13:21:01 | INFO: Primitives created: 1
13:21:01 | INFO: Extracting primitive: uesugi-samurai-01 rear lamellar back plate r2 c3 mesh
13:21:01 | INFO: Primitives created: 1
13:21:01 | INFO: Extracting primitive: uesugi-samurai-01 rear lamellar back plate r2 c4 mesh
13:21:01 | INFO: Primitives created: 1
13:21:01 | INFO: Extracting primitive: uesugi-samurai-01 rear odoshi lacing row 2
13:21:01 | INFO: Primitives created: 1
13:21:01 | INFO: Extracting primitive: uesugi-samurai-01 rear lamellar back plate r3 c1 mesh
13:21:01 | INFO: Primitives created: 1
13:21:01 | INFO: Extracting primitive: uesugi-samurai-01 rear lamellar back plate r3 c2 mesh
13:21:01 | INFO: Primitives created: 1
13:21:01 | INFO: Extracting primitive: uesugi-samurai-01 rear lamellar back plate r3 c3 mesh
13:21:01 | INFO: Primitives created: 1
13:21:01 | INFO: Extracting primitive: uesugi-samurai-01 rear lamellar back plate r3 c4 mesh
13:21:01 | INFO: Primitives created: 1
13:21:01 | INFO: Extracting primitive: uesugi-samurai-01 rear odoshi lacing row 3
13:21:01 | INFO: Primitives created: 1
13:21:01 | INFO: Extracting primitive: uesugi-samurai-01 rear lamellar back plate r4 c1 mesh
13:21:01 | INFO: Primitives created: 1
13:21:01 | INFO: Extracting primitive: uesugi-samurai-01 rear lamellar back plate r4 c2 mesh
13:21:01 | INFO: Primitives created: 1
13:21:01 | INFO: Extracting primitive: uesugi-samurai-01 rear lamellar back plate r4 c3 mesh
13:21:01 | INFO: Primitives created: 1
13:21:01 | INFO: Extracting primitive: uesugi-samurai-01 rear lamellar back plate r4 c4 mesh
13:21:01 | INFO: Primitives created: 1
13:21:01 | INFO: Extracting primitive: uesugi-samurai-01 rear odoshi lacing row 4
13:21:01 | INFO: Primitives created: 1
13:21:01 | INFO: Extracting primitive: uesugi-samurai-01 rear lacquer edge scratch -0.17
13:21:01 | INFO: Primitives created: 1
13:21:01 | INFO: Extracting primitive: uesugi-samurai-01 rear lacquer edge scratch -0.06
13:21:01 | INFO: Primitives created: 1
13:21:01 | INFO: Extracting primitive: uesugi-samurai-01 rear lacquer edge scratch 0.06
13:21:01 | INFO: Primitives created: 1
13:21:01 | INFO: Extracting primitive: uesugi-samurai-01 rear lacquer edge scratch 0.17
13:21:01 | INFO: Primitives created: 1
13:21:01 | INFO: Extracting primitive: Sphere.201
13:21:01 | INFO: Primitives created: 1
13:21:01 | INFO: Extracting primitive: uesugi-samurai-01 articulated sode shoulder plate -1 1 mesh
13:21:01 | INFO: Primitives created: 1
13:21:01 | INFO: Extracting primitive: uesugi-samurai-01 sode lacing -1 1
13:21:01 | INFO: Primitives created: 1
13:21:01 | INFO: Extracting primitive: uesugi-samurai-01 articulated sode shoulder plate -1 2 mesh
13:21:01 | INFO: Primitives created: 1
13:21:01 | INFO: Extracting primitive: uesugi-samurai-01 sode lacing -1 2
13:21:01 | INFO: Primitives created: 1
13:21:01 | INFO: Extracting primitive: uesugi-samurai-01 articulated sode shoulder plate -1 3 mesh
13:21:01 | INFO: Primitives created: 1
13:21:01 | INFO: Extracting primitive: uesugi-samurai-01 sode lacing -1 3
13:21:01 | INFO: Primitives created: 1
13:21:01 | INFO: Extracting primitive: uesugi-samurai-01 articulated sode shoulder plate -1 4 mesh
13:21:01 | INFO: Primitives created: 1
13:21:01 | INFO: Extracting primitive: uesugi-samurai-01 sode lacing -1 4
13:21:01 | INFO: Primitives created: 1
13:21:01 | INFO: Extracting primitive: Sphere.202
13:21:01 | INFO: Primitives created: 1
13:21:01 | INFO: Extracting primitive: Sphere.203
13:21:01 | INFO: Primitives created: 1
13:21:01 | INFO: Extracting primitive: Sphere.204
13:21:01 | INFO: Primitives created: 1
13:21:01 | INFO: Extracting primitive: Sphere.205
13:21:01 | INFO: Primitives created: 1
13:21:01 | INFO: Extracting primitive: Sphere.206
13:21:01 | INFO: Primitives created: 1
13:21:01 | INFO: Extracting primitive: Cube.072
13:21:01 | INFO: Primitives created: 1
13:21:01 | INFO: Extracting primitive: uesugi-samurai-01 sandal toe strap -1
13:21:01 | INFO: Primitives created: 1
13:21:01 | INFO: Extracting primitive: Sphere.207
13:21:01 | INFO: Primitives created: 1
13:21:01 | INFO: Extracting primitive: uesugi-samurai-01 articulated sode shoulder plate 1 1 mesh
13:21:01 | INFO: Primitives created: 1
13:21:01 | INFO: Extracting primitive: uesugi-samurai-01 sode lacing 1 1
13:21:01 | INFO: Primitives created: 1
13:21:01 | INFO: Extracting primitive: uesugi-samurai-01 articulated sode shoulder plate 1 2 mesh
13:21:01 | INFO: Primitives created: 1
13:21:01 | INFO: Extracting primitive: uesugi-samurai-01 sode lacing 1 2
13:21:01 | INFO: Primitives created: 1
13:21:01 | INFO: Extracting primitive: uesugi-samurai-01 articulated sode shoulder plate 1 3 mesh
13:21:01 | INFO: Primitives created: 1
13:21:01 | INFO: Extracting primitive: uesugi-samurai-01 sode lacing 1 3
13:21:01 | INFO: Primitives created: 1
13:21:01 | INFO: Extracting primitive: uesugi-samurai-01 articulated sode shoulder plate 1 4 mesh
13:21:01 | INFO: Primitives created: 1
13:21:01 | INFO: Extracting primitive: uesugi-samurai-01 sode lacing 1 4
13:21:01 | INFO: Primitives created: 1
13:21:01 | INFO: Extracting primitive: Sphere.208
13:21:01 | INFO: Primitives created: 1
13:21:01 | INFO: Extracting primitive: Sphere.209
13:21:01 | INFO: Primitives created: 1
13:21:01 | INFO: Extracting primitive: Sphere.210
13:21:01 | INFO: Primitives created: 1
13:21:01 | INFO: Extracting primitive: Sphere.211
13:21:01 | INFO: Primitives created: 1
13:21:01 | INFO: Extracting primitive: Sphere.212
13:21:01 | INFO: Primitives created: 1
13:21:01 | INFO: Extracting primitive: Cube.073
13:21:01 | INFO: Primitives created: 1
13:21:01 | INFO: Extracting primitive: uesugi-samurai-01 sandal toe strap 1
13:21:01 | INFO: Primitives created: 1
13:21:01 | INFO: Extracting primitive: uesugi-samurai-01 kusazuri skirt -1 row 1 mesh
13:21:01 | INFO: Primitives created: 1
13:21:01 | INFO: Extracting primitive: uesugi-samurai-01 kusazuri skirt -1 row 2 mesh
13:21:01 | INFO: Primitives created: 1
13:21:01 | INFO: Extracting primitive: uesugi-samurai-01 kusazuri skirt 0 row 1 mesh
13:21:01 | INFO: Primitives created: 1
13:21:01 | INFO: Extracting primitive: uesugi-samurai-01 kusazuri skirt 0 row 2 mesh
13:21:01 | INFO: Primitives created: 1
13:21:01 | INFO: Extracting primitive: uesugi-samurai-01 kusazuri skirt 1 row 1 mesh
13:21:01 | INFO: Primitives created: 1
13:21:01 | INFO: Extracting primitive: uesugi-samurai-01 kusazuri skirt 1 row 2 mesh
13:21:01 | INFO: Primitives created: 1
13:21:01 | INFO: Extracting primitive: uesugi-samurai-01 raised katana blade
13:21:01 | INFO: Primitives created: 1
13:21:01 | INFO: Extracting primitive: Cylinder.016
13:21:01 | INFO: Primitives created: 1
13:21:01 | INFO: Extracting primitive: uesugi-samurai-01 sashimono bamboo pole
13:21:01 | INFO: Primitives created: 1
13:21:01 | INFO: Extracting primitive: uesugi-samurai-01 wind-bent sashimono cloth panel mesh
13:21:01 | INFO: Primitives created: 1
13:21:01 | INFO: Extracting primitive: Sphere.213
13:21:01 | INFO: Primitives created: 1
13:21:01 | INFO: Extracting primitive: Sphere.214
13:21:01 | INFO: Primitives created: 1
13:21:01 | INFO: Extracting primitive: Sphere.215
13:21:01 | INFO: Primitives created: 1
13:21:01 | INFO: Extracting primitive: Sphere.216
13:21:01 | INFO: Primitives created: 1
13:21:01 | INFO: Extracting primitive: Sphere.217
13:21:01 | INFO: Primitives created: 1
13:21:01 | INFO: Extracting primitive: Sphere.218
13:21:01 | INFO: Primitives created: 1
13:21:01 | INFO: Extracting primitive: Cube.074
13:21:01 | INFO: Primitives created: 1
13:21:01 | INFO: Extracting primitive: Sphere.219
13:21:01 | INFO: Primitives created: 1
13:21:01 | INFO: Extracting primitive: Cone.025
13:21:01 | INFO: Primitives created: 1
13:21:01 | INFO: Extracting primitive: uesugi-samurai-02 rear shikoro lamellar neck plate r1 c1 mesh
13:21:01 | INFO: Primitives created: 1
13:21:01 | INFO: Extracting primitive: uesugi-samurai-02 rear shikoro lamellar neck plate r1 c2 mesh
13:21:01 | INFO: Primitives created: 1
13:21:01 | INFO: Extracting primitive: uesugi-samurai-02 rear shikoro lamellar neck plate r1 c3 mesh
13:21:01 | INFO: Primitives created: 1
13:21:01 | INFO: Extracting primitive: uesugi-samurai-02 rear shikoro lamellar neck plate r2 c1 mesh
13:21:01 | INFO: Primitives created: 1
13:21:01 | INFO: Extracting primitive: uesugi-samurai-02 rear shikoro lamellar neck plate r2 c2 mesh
13:21:01 | INFO: Primitives created: 1
13:21:01 | INFO: Extracting primitive: uesugi-samurai-02 rear shikoro lamellar neck plate r2 c3 mesh
13:21:01 | INFO: Primitives created: 1
13:21:01 | INFO: Extracting primitive: uesugi-samurai-02 rear shikoro lamellar neck plate r3 c1 mesh
13:21:01 | INFO: Primitives created: 1
13:21:01 | INFO: Extracting primitive: uesugi-samurai-02 rear shikoro lamellar neck plate r3 c2 mesh
13:21:01 | INFO: Primitives created: 1
13:21:01 | INFO: Extracting primitive: uesugi-samurai-02 rear shikoro lamellar neck plate r3 c3 mesh
13:21:01 | INFO: Primitives created: 1
13:21:01 | INFO: Extracting primitive: uesugi-samurai-02 raised kabuto rib 1
13:21:01 | INFO: Primitives created: 1
13:21:01 | INFO: Extracting primitive: uesugi-samurai-02 raised kabuto rib 2
13:21:01 | INFO: Primitives created: 1
13:21:01 | INFO: Extracting primitive: uesugi-samurai-02 raised kabuto rib 3
13:21:01 | INFO: Primitives created: 1
13:21:01 | INFO: Extracting primitive: uesugi-samurai-02 left antler maedate
13:21:01 | INFO: Primitives created: 1
13:21:01 | INFO: Extracting primitive: uesugi-samurai-02 right antler maedate
13:21:01 | INFO: Primitives created: 1
13:21:01 | INFO: Extracting primitive: uesugi-samurai-02 individual front lamellar plate r1 c1 mesh
13:21:01 | INFO: Primitives created: 1
13:21:01 | INFO: Extracting primitive: uesugi-samurai-02 individual front lamellar plate r1 c2 mesh
13:21:01 | INFO: Primitives created: 1
13:21:01 | INFO: Extracting primitive: uesugi-samurai-02 individual front lamellar plate r1 c3 mesh
13:21:01 | INFO: Primitives created: 1
13:21:01 | INFO: Extracting primitive: uesugi-samurai-02 individual front lamellar plate r1 c4 mesh
13:21:01 | INFO: Primitives created: 1
13:21:01 | INFO: Extracting primitive: uesugi-samurai-02 individual front lamellar plate r1 c5 mesh
13:21:01 | INFO: Primitives created: 1
13:21:01 | INFO: Extracting primitive: uesugi-samurai-02 odoshi lacing row 1
13:21:01 | INFO: Primitives created: 1
13:21:01 | INFO: Extracting primitive: uesugi-samurai-02 chipped lacquer highlight r1 -0.16
13:21:01 | INFO: Primitives created: 1
13:21:01 | INFO: Extracting primitive: uesugi-samurai-02 chipped lacquer highlight r1 0.0
13:21:01 | INFO: Primitives created: 1
13:21:01 | INFO: Extracting primitive: uesugi-samurai-02 chipped lacquer highlight r1 0.16
13:21:01 | INFO: Primitives created: 1
13:21:01 | INFO: Extracting primitive: uesugi-samurai-02 individual front lamellar plate r2 c1 mesh
13:21:01 | INFO: Primitives created: 1
13:21:01 | INFO: Extracting primitive: uesugi-samurai-02 individual front lamellar plate r2 c2 mesh
13:21:01 | INFO: Primitives created: 1
13:21:01 | INFO: Extracting primitive: uesugi-samurai-02 individual front lamellar plate r2 c3 mesh
13:21:01 | INFO: Primitives created: 1
13:21:01 | INFO: Extracting primitive: uesugi-samurai-02 individual front lamellar plate r2 c4 mesh
13:21:01 | INFO: Primitives created: 1
13:21:01 | INFO: Extracting primitive: uesugi-samurai-02 individual front lamellar plate r2 c5 mesh
13:21:01 | INFO: Primitives created: 1
13:21:01 | INFO: Extracting primitive: uesugi-samurai-02 odoshi lacing row 2
13:21:01 | INFO: Primitives created: 1
13:21:01 | INFO: Extracting primitive: uesugi-samurai-02 chipped lacquer highlight r2 -0.16
13:21:01 | INFO: Primitives created: 1
13:21:01 | INFO: Extracting primitive: uesugi-samurai-02 chipped lacquer highlight r2 0.0
13:21:01 | INFO: Primitives created: 1
13:21:01 | INFO: Extracting primitive: uesugi-samurai-02 chipped lacquer highlight r2 0.16
13:21:01 | INFO: Primitives created: 1
13:21:01 | INFO: Extracting primitive: uesugi-samurai-02 individual front lamellar plate r3 c1 mesh
13:21:01 | INFO: Primitives created: 1
13:21:01 | INFO: Extracting primitive: uesugi-samurai-02 individual front lamellar plate r3 c2 mesh
13:21:01 | INFO: Primitives created: 1
13:21:01 | INFO: Extracting primitive: uesugi-samurai-02 individual front lamellar plate r3 c3 mesh
13:21:01 | INFO: Primitives created: 1
13:21:01 | INFO: Extracting primitive: uesugi-samurai-02 individual front lamellar plate r3 c4 mesh
13:21:01 | INFO: Primitives created: 1
13:21:01 | INFO: Extracting primitive: uesugi-samurai-02 individual front lamellar plate r3 c5 mesh
13:21:01 | INFO: Primitives created: 1
13:21:01 | INFO: Extracting primitive: uesugi-samurai-02 odoshi lacing row 3
13:21:01 | INFO: Primitives created: 1
13:21:01 | INFO: Extracting primitive: uesugi-samurai-02 chipped lacquer highlight r3 -0.16
13:21:01 | INFO: Primitives created: 1
13:21:01 | INFO: Extracting primitive: uesugi-samurai-02 chipped lacquer highlight r3 0.0
13:21:01 | INFO: Primitives created: 1
13:21:01 | INFO: Extracting primitive: uesugi-samurai-02 chipped lacquer highlight r3 0.16
13:21:01 | INFO: Primitives created: 1
13:21:01 | INFO: Extracting primitive: uesugi-samurai-02 individual front lamellar plate r4 c1 mesh
13:21:01 | INFO: Primitives created: 1
13:21:01 | INFO: Extracting primitive: uesugi-samurai-02 individual front lamellar plate r4 c2 mesh
13:21:01 | INFO: Primitives created: 1
13:21:01 | INFO: Extracting primitive: uesugi-samurai-02 individual front lamellar plate r4 c3 mesh
13:21:01 | INFO: Primitives created: 1
13:21:01 | INFO: Extracting primitive: uesugi-samurai-02 individual front lamellar plate r4 c4 mesh
13:21:01 | INFO: Primitives created: 1
13:21:01 | INFO: Extracting primitive: uesugi-samurai-02 individual front lamellar plate r4 c5 mesh
13:21:01 | INFO: Primitives created: 1
13:21:01 | INFO: Extracting primitive: uesugi-samurai-02 odoshi lacing row 4
13:21:01 | INFO: Primitives created: 1
13:21:01 | INFO: Extracting primitive: uesugi-samurai-02 chipped lacquer highlight r4 -0.16
13:21:01 | INFO: Primitives created: 1
13:21:01 | INFO: Extracting primitive: uesugi-samurai-02 chipped lacquer highlight r4 0.0
13:21:01 | INFO: Primitives created: 1
13:21:01 | INFO: Extracting primitive: uesugi-samurai-02 chipped lacquer highlight r4 0.16
13:21:01 | INFO: Primitives created: 1
13:21:01 | INFO: Extracting primitive: uesugi-samurai-02 rear lamellar back plate r1 c1 mesh
13:21:01 | INFO: Primitives created: 1
13:21:01 | INFO: Extracting primitive: uesugi-samurai-02 rear lamellar back plate r1 c2 mesh
13:21:01 | INFO: Primitives created: 1
13:21:01 | INFO: Extracting primitive: uesugi-samurai-02 rear lamellar back plate r1 c3 mesh
13:21:01 | INFO: Primitives created: 1
13:21:01 | INFO: Extracting primitive: uesugi-samurai-02 rear lamellar back plate r1 c4 mesh
13:21:01 | INFO: Primitives created: 1
13:21:01 | INFO: Extracting primitive: uesugi-samurai-02 rear odoshi lacing row 1
13:21:01 | INFO: Primitives created: 1
13:21:01 | INFO: Extracting primitive: uesugi-samurai-02 rear lamellar back plate r2 c1 mesh
13:21:01 | INFO: Primitives created: 1
13:21:01 | INFO: Extracting primitive: uesugi-samurai-02 rear lamellar back plate r2 c2 mesh
13:21:01 | INFO: Primitives created: 1
13:21:01 | INFO: Extracting primitive: uesugi-samurai-02 rear lamellar back plate r2 c3 mesh
13:21:01 | INFO: Primitives created: 1
13:21:01 | INFO: Extracting primitive: uesugi-samurai-02 rear lamellar back plate r2 c4 mesh
13:21:01 | INFO: Primitives created: 1
13:21:01 | INFO: Extracting primitive: uesugi-samurai-02 rear odoshi lacing row 2
13:21:01 | INFO: Primitives created: 1
13:21:01 | INFO: Extracting primitive: uesugi-samurai-02 rear lamellar back plate r3 c1 mesh
13:21:01 | INFO: Primitives created: 1
13:21:01 | INFO: Extracting primitive: uesugi-samurai-02 rear lamellar back plate r3 c2 mesh
13:21:01 | INFO: Primitives created: 1
13:21:01 | INFO: Extracting primitive: uesugi-samurai-02 rear lamellar back plate r3 c3 mesh
13:21:01 | INFO: Primitives created: 1
13:21:01 | INFO: Extracting primitive: uesugi-samurai-02 rear lamellar back plate r3 c4 mesh
13:21:01 | INFO: Primitives created: 1
13:21:01 | INFO: Extracting primitive: uesugi-samurai-02 rear odoshi lacing row 3
13:21:01 | INFO: Primitives created: 1
13:21:01 | INFO: Extracting primitive: uesugi-samurai-02 rear lamellar back plate r4 c1 mesh
13:21:01 | INFO: Primitives created: 1
13:21:01 | INFO: Extracting primitive: uesugi-samurai-02 rear lamellar back plate r4 c2 mesh
13:21:01 | INFO: Primitives created: 1
13:21:01 | INFO: Extracting primitive: uesugi-samurai-02 rear lamellar back plate r4 c3 mesh
13:21:01 | INFO: Primitives created: 1
13:21:01 | INFO: Extracting primitive: uesugi-samurai-02 rear lamellar back plate r4 c4 mesh
13:21:01 | INFO: Primitives created: 1
13:21:01 | INFO: Extracting primitive: uesugi-samurai-02 rear odoshi lacing row 4
13:21:01 | INFO: Primitives created: 1
13:21:01 | INFO: Extracting primitive: uesugi-samurai-02 rear lacquer edge scratch -0.17
13:21:01 | INFO: Primitives created: 1
13:21:01 | INFO: Extracting primitive: uesugi-samurai-02 rear lacquer edge scratch -0.06
13:21:01 | INFO: Primitives created: 1
13:21:01 | INFO: Extracting primitive: uesugi-samurai-02 rear lacquer edge scratch 0.06
13:21:01 | INFO: Primitives created: 1
13:21:01 | INFO: Extracting primitive: uesugi-samurai-02 rear lacquer edge scratch 0.17
13:21:01 | INFO: Primitives created: 1
13:21:01 | INFO: Extracting primitive: Sphere.220
13:21:01 | INFO: Primitives created: 1
13:21:01 | INFO: Extracting primitive: uesugi-samurai-02 articulated sode shoulder plate -1 1 mesh
13:21:01 | INFO: Primitives created: 1
13:21:01 | INFO: Extracting primitive: uesugi-samurai-02 sode lacing -1 1
13:21:01 | INFO: Primitives created: 1
13:21:01 | INFO: Extracting primitive: uesugi-samurai-02 articulated sode shoulder plate -1 2 mesh
13:21:01 | INFO: Primitives created: 1
13:21:01 | INFO: Extracting primitive: uesugi-samurai-02 sode lacing -1 2
13:21:01 | INFO: Primitives created: 1
13:21:01 | INFO: Extracting primitive: uesugi-samurai-02 articulated sode shoulder plate -1 3 mesh
13:21:01 | INFO: Primitives created: 1
13:21:01 | INFO: Extracting primitive: uesugi-samurai-02 sode lacing -1 3
13:21:01 | INFO: Primitives created: 1
13:21:01 | INFO: Extracting primitive: uesugi-samurai-02 articulated sode shoulder plate -1 4 mesh
13:21:01 | INFO: Primitives created: 1
13:21:01 | INFO: Extracting primitive: uesugi-samurai-02 sode lacing -1 4
13:21:01 | INFO: Primitives created: 1
13:21:01 | INFO: Extracting primitive: Sphere.221
13:21:01 | INFO: Primitives created: 1
13:21:01 | INFO: Extracting primitive: Sphere.222
13:21:01 | INFO: Primitives created: 1
13:21:01 | INFO: Extracting primitive: Sphere.223
13:21:01 | INFO: Primitives created: 1
13:21:01 | INFO: Extracting primitive: Sphere.224
13:21:01 | INFO: Primitives created: 1
13:21:01 | INFO: Extracting primitive: Sphere.225
13:21:01 | INFO: Primitives created: 1
13:21:01 | INFO: Extracting primitive: Cube.075
13:21:01 | INFO: Primitives created: 1
13:21:01 | INFO: Extracting primitive: uesugi-samurai-02 sandal toe strap -1
13:21:01 | INFO: Primitives created: 1
13:21:01 | INFO: Extracting primitive: Sphere.226
13:21:01 | INFO: Primitives created: 1
13:21:01 | INFO: Extracting primitive: uesugi-samurai-02 articulated sode shoulder plate 1 1 mesh
13:21:01 | INFO: Primitives created: 1
13:21:01 | INFO: Extracting primitive: uesugi-samurai-02 sode lacing 1 1
13:21:01 | INFO: Primitives created: 1
13:21:01 | INFO: Extracting primitive: uesugi-samurai-02 articulated sode shoulder plate 1 2 mesh
13:21:01 | INFO: Primitives created: 1
13:21:01 | INFO: Extracting primitive: uesugi-samurai-02 sode lacing 1 2
13:21:01 | INFO: Primitives created: 1
13:21:01 | INFO: Extracting primitive: uesugi-samurai-02 articulated sode shoulder plate 1 3 mesh
13:21:01 | INFO: Primitives created: 1
13:21:01 | INFO: Extracting primitive: uesugi-samurai-02 sode lacing 1 3
13:21:01 | INFO: Primitives created: 1
13:21:01 | INFO: Extracting primitive: uesugi-samurai-02 articulated sode shoulder plate 1 4 mesh
13:21:01 | INFO: Primitives created: 1
13:21:01 | INFO: Extracting primitive: uesugi-samurai-02 sode lacing 1 4
13:21:01 | INFO: Primitives created: 1
13:21:01 | INFO: Extracting primitive: Sphere.227
13:21:01 | INFO: Primitives created: 1
13:21:01 | INFO: Extracting primitive: Sphere.228
13:21:01 | INFO: Primitives created: 1
13:21:01 | INFO: Extracting primitive: Sphere.229
13:21:01 | INFO: Primitives created: 1
13:21:01 | INFO: Extracting primitive: Sphere.230
13:21:01 | INFO: Primitives created: 1
13:21:01 | INFO: Extracting primitive: Sphere.231
13:21:01 | INFO: Primitives created: 1
13:21:01 | INFO: Extracting primitive: Cube.076
13:21:01 | INFO: Primitives created: 1
13:21:01 | INFO: Extracting primitive: uesugi-samurai-02 sandal toe strap 1
13:21:01 | INFO: Primitives created: 1
13:21:01 | INFO: Extracting primitive: uesugi-samurai-02 kusazuri skirt -1 row 1 mesh
13:21:01 | INFO: Primitives created: 1
13:21:01 | INFO: Extracting primitive: uesugi-samurai-02 kusazuri skirt -1 row 2 mesh
13:21:01 | INFO: Primitives created: 1
13:21:01 | INFO: Extracting primitive: uesugi-samurai-02 kusazuri skirt 0 row 1 mesh
13:21:01 | INFO: Primitives created: 1
13:21:01 | INFO: Extracting primitive: uesugi-samurai-02 kusazuri skirt 0 row 2 mesh
13:21:01 | INFO: Primitives created: 1
13:21:01 | INFO: Extracting primitive: uesugi-samurai-02 kusazuri skirt 1 row 1 mesh
13:21:01 | INFO: Primitives created: 1
13:21:01 | INFO: Extracting primitive: uesugi-samurai-02 kusazuri skirt 1 row 2 mesh
13:21:01 | INFO: Primitives created: 1
13:21:01 | INFO: Extracting primitive: uesugi-samurai-02 guard katana blade
13:21:01 | INFO: Primitives created: 1
13:21:01 | INFO: Extracting primitive: Cylinder.017
13:21:01 | INFO: Primitives created: 1
13:21:01 | INFO: Extracting primitive: uesugi-samurai-02 sashimono bamboo pole
13:21:01 | INFO: Primitives created: 1
13:21:01 | INFO: Extracting primitive: uesugi-samurai-02 wind-bent sashimono cloth panel mesh
13:21:01 | INFO: Primitives created: 1
13:21:01 | INFO: Extracting primitive: Sphere.232
13:21:01 | INFO: Primitives created: 1
13:21:01 | INFO: Extracting primitive: Sphere.233
13:21:01 | INFO: Primitives created: 1
13:21:01 | INFO: Extracting primitive: Sphere.234
13:21:01 | INFO: Primitives created: 1
13:21:01 | INFO: Extracting primitive: Sphere.235
13:21:01 | INFO: Primitives created: 1
13:21:01 | INFO: Extracting primitive: Sphere.236
13:21:01 | INFO: Primitives created: 1
13:21:01 | INFO: Extracting primitive: Sphere.237
13:21:01 | INFO: Primitives created: 1
13:21:01 | INFO: Extracting primitive: Cube.077
13:21:01 | INFO: Primitives created: 1
13:21:01 | INFO: Extracting primitive: Sphere.238
13:21:01 | INFO: Primitives created: 1
13:21:01 | INFO: Extracting primitive: Cone.026
13:21:01 | INFO: Primitives created: 1
13:21:01 | INFO: Extracting primitive: uesugi-samurai-03 rear shikoro lamellar neck plate r1 c1 mesh
13:21:01 | INFO: Primitives created: 1
13:21:01 | INFO: Extracting primitive: uesugi-samurai-03 rear shikoro lamellar neck plate r1 c2 mesh
13:21:01 | INFO: Primitives created: 1
13:21:01 | INFO: Extracting primitive: uesugi-samurai-03 rear shikoro lamellar neck plate r1 c3 mesh
13:21:01 | INFO: Primitives created: 1
13:21:01 | INFO: Extracting primitive: uesugi-samurai-03 rear shikoro lamellar neck plate r2 c1 mesh
13:21:01 | INFO: Primitives created: 1
13:21:01 | INFO: Extracting primitive: uesugi-samurai-03 rear shikoro lamellar neck plate r2 c2 mesh
13:21:01 | INFO: Primitives created: 1
13:21:01 | INFO: Extracting primitive: uesugi-samurai-03 rear shikoro lamellar neck plate r2 c3 mesh
13:21:01 | INFO: Primitives created: 1
13:21:01 | INFO: Extracting primitive: uesugi-samurai-03 rear shikoro lamellar neck plate r3 c1 mesh
13:21:01 | INFO: Primitives created: 1
13:21:01 | INFO: Extracting primitive: uesugi-samurai-03 rear shikoro lamellar neck plate r3 c2 mesh
13:21:01 | INFO: Primitives created: 1
13:21:01 | INFO: Extracting primitive: uesugi-samurai-03 rear shikoro lamellar neck plate r3 c3 mesh
13:21:01 | INFO: Primitives created: 1
13:21:01 | INFO: Extracting primitive: uesugi-samurai-03 raised kabuto rib 1
13:21:01 | INFO: Primitives created: 1
13:21:01 | INFO: Extracting primitive: uesugi-samurai-03 raised kabuto rib 2
13:21:01 | INFO: Primitives created: 1
13:21:01 | INFO: Extracting primitive: uesugi-samurai-03 raised kabuto rib 3
13:21:01 | INFO: Primitives created: 1
13:21:01 | INFO: Extracting primitive: uesugi-samurai-03 left antler maedate
13:21:01 | INFO: Primitives created: 1
13:21:01 | INFO: Extracting primitive: uesugi-samurai-03 right antler maedate
13:21:01 | INFO: Primitives created: 1
13:21:01 | INFO: Extracting primitive: uesugi-samurai-03 individual front lamellar plate r1 c1 mesh
13:21:01 | INFO: Primitives created: 1
13:21:01 | INFO: Extracting primitive: uesugi-samurai-03 individual front lamellar plate r1 c2 mesh
13:21:01 | INFO: Primitives created: 1
13:21:01 | INFO: Extracting primitive: uesugi-samurai-03 individual front lamellar plate r1 c3 mesh
13:21:01 | INFO: Primitives created: 1
13:21:01 | INFO: Extracting primitive: uesugi-samurai-03 individual front lamellar plate r1 c4 mesh
13:21:01 | INFO: Primitives created: 1
13:21:01 | INFO: Extracting primitive: uesugi-samurai-03 individual front lamellar plate r1 c5 mesh
13:21:01 | INFO: Primitives created: 1
13:21:01 | INFO: Extracting primitive: uesugi-samurai-03 odoshi lacing row 1
13:21:01 | INFO: Primitives created: 1
13:21:01 | INFO: Extracting primitive: uesugi-samurai-03 chipped lacquer highlight r1 -0.16
13:21:01 | INFO: Primitives created: 1
13:21:01 | INFO: Extracting primitive: uesugi-samurai-03 chipped lacquer highlight r1 0.0
13:21:01 | INFO: Primitives created: 1
13:21:01 | INFO: Extracting primitive: uesugi-samurai-03 chipped lacquer highlight r1 0.16
13:21:01 | INFO: Primitives created: 1
13:21:01 | INFO: Extracting primitive: uesugi-samurai-03 individual front lamellar plate r2 c1 mesh
13:21:01 | INFO: Primitives created: 1
13:21:01 | INFO: Extracting primitive: uesugi-samurai-03 individual front lamellar plate r2 c2 mesh
13:21:01 | INFO: Primitives created: 1
13:21:01 | INFO: Extracting primitive: uesugi-samurai-03 individual front lamellar plate r2 c3 mesh
13:21:01 | INFO: Primitives created: 1
13:21:01 | INFO: Extracting primitive: uesugi-samurai-03 individual front lamellar plate r2 c4 mesh
13:21:01 | INFO: Primitives created: 1
13:21:01 | INFO: Extracting primitive: uesugi-samurai-03 individual front lamellar plate r2 c5 mesh
13:21:01 | INFO: Primitives created: 1
13:21:01 | INFO: Extracting primitive: uesugi-samurai-03 odoshi lacing row 2
13:21:01 | INFO: Primitives created: 1
13:21:01 | INFO: Extracting primitive: uesugi-samurai-03 chipped lacquer highlight r2 -0.16
13:21:01 | INFO: Primitives created: 1
13:21:01 | INFO: Extracting primitive: uesugi-samurai-03 chipped lacquer highlight r2 0.0
13:21:01 | INFO: Primitives created: 1
13:21:01 | INFO: Extracting primitive: uesugi-samurai-03 chipped lacquer highlight r2 0.16
13:21:01 | INFO: Primitives created: 1
13:21:01 | INFO: Extracting primitive: uesugi-samurai-03 individual front lamellar plate r3 c1 mesh
13:21:01 | INFO: Primitives created: 1
13:21:01 | INFO: Extracting primitive: uesugi-samurai-03 individual front lamellar plate r3 c2 mesh
13:21:01 | INFO: Primitives created: 1
13:21:01 | INFO: Extracting primitive: uesugi-samurai-03 individual front lamellar plate r3 c3 mesh
13:21:01 | INFO: Primitives created: 1
13:21:01 | INFO: Extracting primitive: uesugi-samurai-03 individual front lamellar plate r3 c4 mesh
13:21:01 | INFO: Primitives created: 1
13:21:01 | INFO: Extracting primitive: uesugi-samurai-03 individual front lamellar plate r3 c5 mesh
13:21:01 | INFO: Primitives created: 1
13:21:01 | INFO: Extracting primitive: uesugi-samurai-03 odoshi lacing row 3
13:21:01 | INFO: Primitives created: 1
13:21:01 | INFO: Extracting primitive: uesugi-samurai-03 chipped lacquer highlight r3 -0.16
13:21:01 | INFO: Primitives created: 1
13:21:01 | INFO: Extracting primitive: uesugi-samurai-03 chipped lacquer highlight r3 0.0
13:21:01 | INFO: Primitives created: 1
13:21:01 | INFO: Extracting primitive: uesugi-samurai-03 chipped lacquer highlight r3 0.16
13:21:01 | INFO: Primitives created: 1
13:21:01 | INFO: Extracting primitive: uesugi-samurai-03 individual front lamellar plate r4 c1 mesh
13:21:01 | INFO: Primitives created: 1
13:21:01 | INFO: Extracting primitive: uesugi-samurai-03 individual front lamellar plate r4 c2 mesh
13:21:01 | INFO: Primitives created: 1
13:21:01 | INFO: Extracting primitive: uesugi-samurai-03 individual front lamellar plate r4 c3 mesh
13:21:01 | INFO: Primitives created: 1
13:21:01 | INFO: Extracting primitive: uesugi-samurai-03 individual front lamellar plate r4 c4 mesh
13:21:01 | INFO: Primitives created: 1
13:21:01 | INFO: Extracting primitive: uesugi-samurai-03 individual front lamellar plate r4 c5 mesh
13:21:01 | INFO: Primitives created: 1
13:21:01 | INFO: Extracting primitive: uesugi-samurai-03 odoshi lacing row 4
13:21:01 | INFO: Primitives created: 1
13:21:01 | INFO: Extracting primitive: uesugi-samurai-03 chipped lacquer highlight r4 -0.16
13:21:01 | INFO: Primitives created: 1
13:21:01 | INFO: Extracting primitive: uesugi-samurai-03 chipped lacquer highlight r4 0.0
13:21:01 | INFO: Primitives created: 1
13:21:01 | INFO: Extracting primitive: uesugi-samurai-03 chipped lacquer highlight r4 0.16
13:21:01 | INFO: Primitives created: 1
13:21:01 | INFO: Extracting primitive: uesugi-samurai-03 rear lamellar back plate r1 c1 mesh
13:21:01 | INFO: Primitives created: 1
13:21:01 | INFO: Extracting primitive: uesugi-samurai-03 rear lamellar back plate r1 c2 mesh
13:21:01 | INFO: Primitives created: 1
13:21:01 | INFO: Extracting primitive: uesugi-samurai-03 rear lamellar back plate r1 c3 mesh
13:21:01 | INFO: Primitives created: 1
13:21:01 | INFO: Extracting primitive: uesugi-samurai-03 rear lamellar back plate r1 c4 mesh
13:21:01 | INFO: Primitives created: 1
13:21:01 | INFO: Extracting primitive: uesugi-samurai-03 rear odoshi lacing row 1
13:21:01 | INFO: Primitives created: 1
13:21:01 | INFO: Extracting primitive: uesugi-samurai-03 rear lamellar back plate r2 c1 mesh
13:21:01 | INFO: Primitives created: 1
13:21:01 | INFO: Extracting primitive: uesugi-samurai-03 rear lamellar back plate r2 c2 mesh
13:21:01 | INFO: Primitives created: 1
13:21:01 | INFO: Extracting primitive: uesugi-samurai-03 rear lamellar back plate r2 c3 mesh
13:21:01 | INFO: Primitives created: 1
13:21:01 | INFO: Extracting primitive: uesugi-samurai-03 rear lamellar back plate r2 c4 mesh
13:21:01 | INFO: Primitives created: 1
13:21:01 | INFO: Extracting primitive: uesugi-samurai-03 rear odoshi lacing row 2
13:21:01 | INFO: Primitives created: 1
13:21:01 | INFO: Extracting primitive: uesugi-samurai-03 rear lamellar back plate r3 c1 mesh
13:21:01 | INFO: Primitives created: 1
13:21:01 | INFO: Extracting primitive: uesugi-samurai-03 rear lamellar back plate r3 c2 mesh
13:21:01 | INFO: Primitives created: 1
13:21:01 | INFO: Extracting primitive: uesugi-samurai-03 rear lamellar back plate r3 c3 mesh
13:21:01 | INFO: Primitives created: 1
13:21:01 | INFO: Extracting primitive: uesugi-samurai-03 rear lamellar back plate r3 c4 mesh
13:21:01 | INFO: Primitives created: 1
13:21:01 | INFO: Extracting primitive: uesugi-samurai-03 rear odoshi lacing row 3
13:21:01 | INFO: Primitives created: 1
13:21:01 | INFO: Extracting primitive: uesugi-samurai-03 rear lamellar back plate r4 c1 mesh
13:21:01 | INFO: Primitives created: 1
13:21:01 | INFO: Extracting primitive: uesugi-samurai-03 rear lamellar back plate r4 c2 mesh
13:21:01 | INFO: Primitives created: 1
13:21:01 | INFO: Extracting primitive: uesugi-samurai-03 rear lamellar back plate r4 c3 mesh
13:21:01 | INFO: Primitives created: 1
13:21:01 | INFO: Extracting primitive: uesugi-samurai-03 rear lamellar back plate r4 c4 mesh
13:21:01 | INFO: Primitives created: 1
13:21:01 | INFO: Extracting primitive: uesugi-samurai-03 rear odoshi lacing row 4
13:21:01 | INFO: Primitives created: 1
13:21:01 | INFO: Extracting primitive: uesugi-samurai-03 rear lacquer edge scratch -0.17
13:21:01 | INFO: Primitives created: 1
13:21:01 | INFO: Extracting primitive: uesugi-samurai-03 rear lacquer edge scratch -0.06
13:21:01 | INFO: Primitives created: 1
13:21:01 | INFO: Extracting primitive: uesugi-samurai-03 rear lacquer edge scratch 0.06
13:21:01 | INFO: Primitives created: 1
13:21:01 | INFO: Extracting primitive: uesugi-samurai-03 rear lacquer edge scratch 0.17
13:21:01 | INFO: Primitives created: 1
13:21:01 | INFO: Extracting primitive: Sphere.239
13:21:01 | INFO: Primitives created: 1
13:21:01 | INFO: Extracting primitive: uesugi-samurai-03 articulated sode shoulder plate -1 1 mesh
13:21:01 | INFO: Primitives created: 1
13:21:01 | INFO: Extracting primitive: uesugi-samurai-03 sode lacing -1 1
13:21:01 | INFO: Primitives created: 1
13:21:01 | INFO: Extracting primitive: uesugi-samurai-03 articulated sode shoulder plate -1 2 mesh
13:21:01 | INFO: Primitives created: 1
13:21:01 | INFO: Extracting primitive: uesugi-samurai-03 sode lacing -1 2
13:21:01 | INFO: Primitives created: 1
13:21:01 | INFO: Extracting primitive: uesugi-samurai-03 articulated sode shoulder plate -1 3 mesh
13:21:01 | INFO: Primitives created: 1
13:21:01 | INFO: Extracting primitive: uesugi-samurai-03 sode lacing -1 3
13:21:01 | INFO: Primitives created: 1
13:21:01 | INFO: Extracting primitive: uesugi-samurai-03 articulated sode shoulder plate -1 4 mesh
13:21:01 | INFO: Primitives created: 1
13:21:01 | INFO: Extracting primitive: uesugi-samurai-03 sode lacing -1 4
13:21:01 | INFO: Primitives created: 1
13:21:01 | INFO: Extracting primitive: Sphere.240
13:21:01 | INFO: Primitives created: 1
13:21:01 | INFO: Extracting primitive: Sphere.241
13:21:01 | INFO: Primitives created: 1
13:21:01 | INFO: Extracting primitive: Sphere.242
13:21:01 | INFO: Primitives created: 1
13:21:01 | INFO: Extracting primitive: Sphere.243
13:21:01 | INFO: Primitives created: 1
13:21:01 | INFO: Extracting primitive: Sphere.244
13:21:01 | INFO: Primitives created: 1
13:21:01 | INFO: Extracting primitive: Cube.078
13:21:01 | INFO: Primitives created: 1
13:21:01 | INFO: Extracting primitive: uesugi-samurai-03 sandal toe strap -1
13:21:01 | INFO: Primitives created: 1
13:21:01 | INFO: Extracting primitive: Sphere.245
13:21:01 | INFO: Primitives created: 1
13:21:01 | INFO: Extracting primitive: uesugi-samurai-03 articulated sode shoulder plate 1 1 mesh
13:21:01 | INFO: Primitives created: 1
13:21:01 | INFO: Extracting primitive: uesugi-samurai-03 sode lacing 1 1
13:21:01 | INFO: Primitives created: 1
13:21:01 | INFO: Extracting primitive: uesugi-samurai-03 articulated sode shoulder plate 1 2 mesh
13:21:01 | INFO: Primitives created: 1
13:21:01 | INFO: Extracting primitive: uesugi-samurai-03 sode lacing 1 2
13:21:01 | INFO: Primitives created: 1
13:21:01 | INFO: Extracting primitive: uesugi-samurai-03 articulated sode shoulder plate 1 3 mesh
13:21:01 | INFO: Primitives created: 1
13:21:01 | INFO: Extracting primitive: uesugi-samurai-03 sode lacing 1 3
13:21:01 | INFO: Primitives created: 1
13:21:01 | INFO: Extracting primitive: uesugi-samurai-03 articulated sode shoulder plate 1 4 mesh
13:21:01 | INFO: Primitives created: 1
13:21:01 | INFO: Extracting primitive: uesugi-samurai-03 sode lacing 1 4
13:21:01 | INFO: Primitives created: 1
13:21:01 | INFO: Extracting primitive: Sphere.246
13:21:01 | INFO: Primitives created: 1
13:21:01 | INFO: Extracting primitive: Sphere.247
13:21:01 | INFO: Primitives created: 1
13:21:01 | INFO: Extracting primitive: Sphere.248
13:21:01 | INFO: Primitives created: 1
13:21:01 | INFO: Extracting primitive: Sphere.249
13:21:01 | INFO: Primitives created: 1
13:21:01 | INFO: Extracting primitive: Sphere.250
13:21:01 | INFO: Primitives created: 1
13:21:01 | INFO: Extracting primitive: Cube.079
13:21:01 | INFO: Primitives created: 1
13:21:01 | INFO: Extracting primitive: uesugi-samurai-03 sandal toe strap 1
13:21:01 | INFO: Primitives created: 1
13:21:01 | INFO: Extracting primitive: uesugi-samurai-03 kusazuri skirt -1 row 1 mesh
13:21:01 | INFO: Primitives created: 1
13:21:01 | INFO: Extracting primitive: uesugi-samurai-03 kusazuri skirt -1 row 2 mesh
13:21:01 | INFO: Primitives created: 1
13:21:01 | INFO: Extracting primitive: uesugi-samurai-03 kusazuri skirt 0 row 1 mesh
13:21:01 | INFO: Primitives created: 1
13:21:01 | INFO: Extracting primitive: uesugi-samurai-03 kusazuri skirt 0 row 2 mesh
13:21:01 | INFO: Primitives created: 1
13:21:01 | INFO: Extracting primitive: uesugi-samurai-03 kusazuri skirt 1 row 1 mesh
13:21:01 | INFO: Primitives created: 1
13:21:01 | INFO: Extracting primitive: uesugi-samurai-03 kusazuri skirt 1 row 2 mesh
13:21:01 | INFO: Primitives created: 1
13:21:01 | INFO: Extracting primitive: uesugi-samurai-03 yari shaft
13:21:01 | INFO: Primitives created: 1
13:21:01 | INFO: Extracting primitive: Cone.027
13:21:01 | INFO: Primitives created: 1
13:21:01 | INFO: Extracting primitive: uesugi-samurai-03 sashimono bamboo pole
13:21:01 | INFO: Primitives created: 1
13:21:01 | INFO: Extracting primitive: uesugi-samurai-03 wind-bent sashimono cloth panel mesh
13:21:01 | INFO: Primitives created: 1
13:21:01 | INFO: Extracting primitive: Sphere.251
13:21:01 | INFO: Primitives created: 1
13:21:01 | INFO: Extracting primitive: Sphere.252
13:21:01 | INFO: Primitives created: 1
13:21:01 | INFO: Extracting primitive: Sphere.253
13:21:01 | INFO: Primitives created: 1
13:21:01 | INFO: Extracting primitive: Sphere.254
13:21:01 | INFO: Primitives created: 1
13:21:01 | INFO: Extracting primitive: Sphere.255
13:21:01 | INFO: Primitives created: 1
13:21:01 | INFO: Extracting primitive: Sphere.256
13:21:01 | INFO: Primitives created: 1
13:21:01 | INFO: Extracting primitive: Cube.080
13:21:01 | INFO: Primitives created: 1
13:21:01 | INFO: Extracting primitive: Sphere.257
13:21:01 | INFO: Primitives created: 1
13:21:01 | INFO: Extracting primitive: Cone.028
13:21:01 | INFO: Primitives created: 1
13:21:01 | INFO: Extracting primitive: uesugi-samurai-04 rear shikoro lamellar neck plate r1 c1 mesh
13:21:01 | INFO: Primitives created: 1
13:21:01 | INFO: Extracting primitive: uesugi-samurai-04 rear shikoro lamellar neck plate r1 c2 mesh
13:21:01 | INFO: Primitives created: 1
13:21:01 | INFO: Extracting primitive: uesugi-samurai-04 rear shikoro lamellar neck plate r1 c3 mesh
13:21:01 | INFO: Primitives created: 1
13:21:01 | INFO: Extracting primitive: uesugi-samurai-04 rear shikoro lamellar neck plate r2 c1 mesh
13:21:01 | INFO: Primitives created: 1
13:21:01 | INFO: Extracting primitive: uesugi-samurai-04 rear shikoro lamellar neck plate r2 c2 mesh
13:21:01 | INFO: Primitives created: 1
13:21:01 | INFO: Extracting primitive: uesugi-samurai-04 rear shikoro lamellar neck plate r2 c3 mesh
13:21:01 | INFO: Primitives created: 1
13:21:01 | INFO: Extracting primitive: uesugi-samurai-04 rear shikoro lamellar neck plate r3 c1 mesh
13:21:01 | INFO: Primitives created: 1
13:21:01 | INFO: Extracting primitive: uesugi-samurai-04 rear shikoro lamellar neck plate r3 c2 mesh
13:21:01 | INFO: Primitives created: 1
13:21:01 | INFO: Extracting primitive: uesugi-samurai-04 rear shikoro lamellar neck plate r3 c3 mesh
13:21:01 | INFO: Primitives created: 1
13:21:01 | INFO: Extracting primitive: uesugi-samurai-04 raised kabuto rib 1
13:21:01 | INFO: Primitives created: 1
13:21:01 | INFO: Extracting primitive: uesugi-samurai-04 raised kabuto rib 2
13:21:01 | INFO: Primitives created: 1
13:21:01 | INFO: Extracting primitive: uesugi-samurai-04 raised kabuto rib 3
13:21:01 | INFO: Primitives created: 1
13:21:01 | INFO: Extracting primitive: uesugi-samurai-04 left antler maedate
13:21:01 | INFO: Primitives created: 1
13:21:01 | INFO: Extracting primitive: uesugi-samurai-04 right antler maedate
13:21:01 | INFO: Primitives created: 1
13:21:01 | INFO: Extracting primitive: uesugi-samurai-04 individual front lamellar plate r1 c1 mesh
13:21:01 | INFO: Primitives created: 1
13:21:01 | INFO: Extracting primitive: uesugi-samurai-04 individual front lamellar plate r1 c2 mesh
13:21:01 | INFO: Primitives created: 1
13:21:01 | INFO: Extracting primitive: uesugi-samurai-04 individual front lamellar plate r1 c3 mesh
13:21:01 | INFO: Primitives created: 1
13:21:01 | INFO: Extracting primitive: uesugi-samurai-04 individual front lamellar plate r1 c4 mesh
13:21:01 | INFO: Primitives created: 1
13:21:01 | INFO: Extracting primitive: uesugi-samurai-04 individual front lamellar plate r1 c5 mesh
13:21:01 | INFO: Primitives created: 1
13:21:01 | INFO: Extracting primitive: uesugi-samurai-04 odoshi lacing row 1
13:21:01 | INFO: Primitives created: 1
13:21:01 | INFO: Extracting primitive: uesugi-samurai-04 chipped lacquer highlight r1 -0.16
13:21:01 | INFO: Primitives created: 1
13:21:01 | INFO: Extracting primitive: uesugi-samurai-04 chipped lacquer highlight r1 0.0
13:21:01 | INFO: Primitives created: 1
13:21:01 | INFO: Extracting primitive: uesugi-samurai-04 chipped lacquer highlight r1 0.16
13:21:01 | INFO: Primitives created: 1
13:21:01 | INFO: Extracting primitive: uesugi-samurai-04 individual front lamellar plate r2 c1 mesh
13:21:01 | INFO: Primitives created: 1
13:21:01 | INFO: Extracting primitive: uesugi-samurai-04 individual front lamellar plate r2 c2 mesh
13:21:01 | INFO: Primitives created: 1
13:21:01 | INFO: Extracting primitive: uesugi-samurai-04 individual front lamellar plate r2 c3 mesh
13:21:01 | INFO: Primitives created: 1
13:21:01 | INFO: Extracting primitive: uesugi-samurai-04 individual front lamellar plate r2 c4 mesh
13:21:01 | INFO: Primitives created: 1
13:21:01 | INFO: Extracting primitive: uesugi-samurai-04 individual front lamellar plate r2 c5 mesh
13:21:01 | INFO: Primitives created: 1
13:21:01 | INFO: Extracting primitive: uesugi-samurai-04 odoshi lacing row 2
13:21:01 | INFO: Primitives created: 1
13:21:01 | INFO: Extracting primitive: uesugi-samurai-04 chipped lacquer highlight r2 -0.16
13:21:01 | INFO: Primitives created: 1
13:21:01 | INFO: Extracting primitive: uesugi-samurai-04 chipped lacquer highlight r2 0.0
13:21:01 | INFO: Primitives created: 1
13:21:01 | INFO: Extracting primitive: uesugi-samurai-04 chipped lacquer highlight r2 0.16
13:21:01 | INFO: Primitives created: 1
13:21:01 | INFO: Extracting primitive: uesugi-samurai-04 individual front lamellar plate r3 c1 mesh
13:21:01 | INFO: Primitives created: 1
13:21:01 | INFO: Extracting primitive: uesugi-samurai-04 individual front lamellar plate r3 c2 mesh
13:21:01 | INFO: Primitives created: 1
13:21:01 | INFO: Extracting primitive: uesugi-samurai-04 individual front lamellar plate r3 c3 mesh
13:21:01 | INFO: Primitives created: 1
13:21:01 | INFO: Extracting primitive: uesugi-samurai-04 individual front lamellar plate r3 c4 mesh
13:21:01 | INFO: Primitives created: 1
13:21:01 | INFO: Extracting primitive: uesugi-samurai-04 individual front lamellar plate r3 c5 mesh
13:21:01 | INFO: Primitives created: 1
13:21:01 | INFO: Extracting primitive: uesugi-samurai-04 odoshi lacing row 3
13:21:01 | INFO: Primitives created: 1
13:21:01 | INFO: Extracting primitive: uesugi-samurai-04 chipped lacquer highlight r3 -0.16
13:21:01 | INFO: Primitives created: 1
13:21:01 | INFO: Extracting primitive: uesugi-samurai-04 chipped lacquer highlight r3 0.0
13:21:01 | INFO: Primitives created: 1
13:21:01 | INFO: Extracting primitive: uesugi-samurai-04 chipped lacquer highlight r3 0.16
13:21:01 | INFO: Primitives created: 1
13:21:01 | INFO: Extracting primitive: uesugi-samurai-04 individual front lamellar plate r4 c1 mesh
13:21:01 | INFO: Primitives created: 1
13:21:01 | INFO: Extracting primitive: uesugi-samurai-04 individual front lamellar plate r4 c2 mesh
13:21:01 | INFO: Primitives created: 1
13:21:01 | INFO: Extracting primitive: uesugi-samurai-04 individual front lamellar plate r4 c3 mesh
13:21:01 | INFO: Primitives created: 1
13:21:01 | INFO: Extracting primitive: uesugi-samurai-04 individual front lamellar plate r4 c4 mesh
13:21:01 | INFO: Primitives created: 1
13:21:01 | INFO: Extracting primitive: uesugi-samurai-04 individual front lamellar plate r4 c5 mesh
13:21:01 | INFO: Primitives created: 1
13:21:01 | INFO: Extracting primitive: uesugi-samurai-04 odoshi lacing row 4
13:21:01 | INFO: Primitives created: 1
13:21:01 | INFO: Extracting primitive: uesugi-samurai-04 chipped lacquer highlight r4 -0.16
13:21:01 | INFO: Primitives created: 1
13:21:01 | INFO: Extracting primitive: uesugi-samurai-04 chipped lacquer highlight r4 0.0
13:21:01 | INFO: Primitives created: 1
13:21:01 | INFO: Extracting primitive: uesugi-samurai-04 chipped lacquer highlight r4 0.16
13:21:01 | INFO: Primitives created: 1
13:21:01 | INFO: Extracting primitive: uesugi-samurai-04 rear lamellar back plate r1 c1 mesh
13:21:01 | INFO: Primitives created: 1
13:21:01 | INFO: Extracting primitive: uesugi-samurai-04 rear lamellar back plate r1 c2 mesh
13:21:01 | INFO: Primitives created: 1
13:21:01 | INFO: Extracting primitive: uesugi-samurai-04 rear lamellar back plate r1 c3 mesh
13:21:01 | INFO: Primitives created: 1
13:21:01 | INFO: Extracting primitive: uesugi-samurai-04 rear lamellar back plate r1 c4 mesh
13:21:01 | INFO: Primitives created: 1
13:21:01 | INFO: Extracting primitive: uesugi-samurai-04 rear odoshi lacing row 1
13:21:01 | INFO: Primitives created: 1
13:21:01 | INFO: Extracting primitive: uesugi-samurai-04 rear lamellar back plate r2 c1 mesh
13:21:01 | INFO: Primitives created: 1
13:21:01 | INFO: Extracting primitive: uesugi-samurai-04 rear lamellar back plate r2 c2 mesh
13:21:01 | INFO: Primitives created: 1
13:21:01 | INFO: Extracting primitive: uesugi-samurai-04 rear lamellar back plate r2 c3 mesh
13:21:01 | INFO: Primitives created: 1
13:21:01 | INFO: Extracting primitive: uesugi-samurai-04 rear lamellar back plate r2 c4 mesh
13:21:01 | INFO: Primitives created: 1
13:21:01 | INFO: Extracting primitive: uesugi-samurai-04 rear odoshi lacing row 2
13:21:01 | INFO: Primitives created: 1
13:21:01 | INFO: Extracting primitive: uesugi-samurai-04 rear lamellar back plate r3 c1 mesh
13:21:01 | INFO: Primitives created: 1
13:21:01 | INFO: Extracting primitive: uesugi-samurai-04 rear lamellar back plate r3 c2 mesh
13:21:01 | INFO: Primitives created: 1
13:21:01 | INFO: Extracting primitive: uesugi-samurai-04 rear lamellar back plate r3 c3 mesh
13:21:01 | INFO: Primitives created: 1
13:21:01 | INFO: Extracting primitive: uesugi-samurai-04 rear lamellar back plate r3 c4 mesh
13:21:01 | INFO: Primitives created: 1
13:21:01 | INFO: Extracting primitive: uesugi-samurai-04 rear odoshi lacing row 3
13:21:01 | INFO: Primitives created: 1
13:21:01 | INFO: Extracting primitive: uesugi-samurai-04 rear lamellar back plate r4 c1 mesh
13:21:01 | INFO: Primitives created: 1
13:21:01 | INFO: Extracting primitive: uesugi-samurai-04 rear lamellar back plate r4 c2 mesh
13:21:01 | INFO: Primitives created: 1
13:21:01 | INFO: Extracting primitive: uesugi-samurai-04 rear lamellar back plate r4 c3 mesh
13:21:01 | INFO: Primitives created: 1
13:21:01 | INFO: Extracting primitive: uesugi-samurai-04 rear lamellar back plate r4 c4 mesh
13:21:01 | INFO: Primitives created: 1
13:21:01 | INFO: Extracting primitive: uesugi-samurai-04 rear odoshi lacing row 4
13:21:01 | INFO: Primitives created: 1
13:21:01 | INFO: Extracting primitive: uesugi-samurai-04 rear lacquer edge scratch -0.17
13:21:01 | INFO: Primitives created: 1
13:21:01 | INFO: Extracting primitive: uesugi-samurai-04 rear lacquer edge scratch -0.06
13:21:01 | INFO: Primitives created: 1
13:21:01 | INFO: Extracting primitive: uesugi-samurai-04 rear lacquer edge scratch 0.06
13:21:01 | INFO: Primitives created: 1
13:21:01 | INFO: Extracting primitive: uesugi-samurai-04 rear lacquer edge scratch 0.17
13:21:01 | INFO: Primitives created: 1
13:21:01 | INFO: Extracting primitive: Sphere.258
13:21:01 | INFO: Primitives created: 1
13:21:01 | INFO: Extracting primitive: uesugi-samurai-04 articulated sode shoulder plate -1 1 mesh
13:21:01 | INFO: Primitives created: 1
13:21:01 | INFO: Extracting primitive: uesugi-samurai-04 sode lacing -1 1
13:21:01 | INFO: Primitives created: 1
13:21:01 | INFO: Extracting primitive: uesugi-samurai-04 articulated sode shoulder plate -1 2 mesh
13:21:01 | INFO: Primitives created: 1
13:21:01 | INFO: Extracting primitive: uesugi-samurai-04 sode lacing -1 2
13:21:01 | INFO: Primitives created: 1
13:21:01 | INFO: Extracting primitive: uesugi-samurai-04 articulated sode shoulder plate -1 3 mesh
13:21:01 | INFO: Primitives created: 1
13:21:01 | INFO: Extracting primitive: uesugi-samurai-04 sode lacing -1 3
13:21:01 | INFO: Primitives created: 1
13:21:01 | INFO: Extracting primitive: uesugi-samurai-04 articulated sode shoulder plate -1 4 mesh
13:21:01 | INFO: Primitives created: 1
13:21:01 | INFO: Extracting primitive: uesugi-samurai-04 sode lacing -1 4
13:21:01 | INFO: Primitives created: 1
13:21:01 | INFO: Extracting primitive: Sphere.259
13:21:01 | INFO: Primitives created: 1
13:21:01 | INFO: Extracting primitive: Sphere.260
13:21:01 | INFO: Primitives created: 1
13:21:01 | INFO: Extracting primitive: Sphere.261
13:21:01 | INFO: Primitives created: 1
13:21:01 | INFO: Extracting primitive: Sphere.262
13:21:01 | INFO: Primitives created: 1
13:21:01 | INFO: Extracting primitive: Sphere.263
13:21:01 | INFO: Primitives created: 1
13:21:01 | INFO: Extracting primitive: Cube.081
13:21:01 | INFO: Primitives created: 1
13:21:01 | INFO: Extracting primitive: uesugi-samurai-04 sandal toe strap -1
13:21:01 | INFO: Primitives created: 1
13:21:01 | INFO: Extracting primitive: Sphere.264
13:21:01 | INFO: Primitives created: 1
13:21:01 | INFO: Extracting primitive: uesugi-samurai-04 articulated sode shoulder plate 1 1 mesh
13:21:01 | INFO: Primitives created: 1
13:21:01 | INFO: Extracting primitive: uesugi-samurai-04 sode lacing 1 1
13:21:01 | INFO: Primitives created: 1
13:21:01 | INFO: Extracting primitive: uesugi-samurai-04 articulated sode shoulder plate 1 2 mesh
13:21:01 | INFO: Primitives created: 1
13:21:01 | INFO: Extracting primitive: uesugi-samurai-04 sode lacing 1 2
13:21:01 | INFO: Primitives created: 1
13:21:01 | INFO: Extracting primitive: uesugi-samurai-04 articulated sode shoulder plate 1 3 mesh
13:21:01 | INFO: Primitives created: 1
13:21:01 | INFO: Extracting primitive: uesugi-samurai-04 sode lacing 1 3
13:21:01 | INFO: Primitives created: 1
13:21:01 | INFO: Extracting primitive: uesugi-samurai-04 articulated sode shoulder plate 1 4 mesh
13:21:01 | INFO: Primitives created: 1
13:21:01 | INFO: Extracting primitive: uesugi-samurai-04 sode lacing 1 4
13:21:01 | INFO: Primitives created: 1
13:21:01 | INFO: Extracting primitive: Sphere.265
13:21:01 | INFO: Primitives created: 1
13:21:01 | INFO: Extracting primitive: Sphere.266
13:21:01 | INFO: Primitives created: 1
13:21:01 | INFO: Extracting primitive: Sphere.267
13:21:01 | INFO: Primitives created: 1
13:21:01 | INFO: Extracting primitive: Sphere.268
13:21:01 | INFO: Primitives created: 1
13:21:01 | INFO: Extracting primitive: Sphere.269
13:21:01 | INFO: Primitives created: 1
13:21:01 | INFO: Extracting primitive: Cube.082
13:21:01 | INFO: Primitives created: 1
13:21:01 | INFO: Extracting primitive: uesugi-samurai-04 sandal toe strap 1
13:21:01 | INFO: Primitives created: 1
13:21:01 | INFO: Extracting primitive: uesugi-samurai-04 kusazuri skirt -1 row 1 mesh
13:21:01 | INFO: Primitives created: 1
13:21:01 | INFO: Extracting primitive: uesugi-samurai-04 kusazuri skirt -1 row 2 mesh
13:21:01 | INFO: Primitives created: 1
13:21:01 | INFO: Extracting primitive: uesugi-samurai-04 kusazuri skirt 0 row 1 mesh
13:21:01 | INFO: Primitives created: 1
13:21:01 | INFO: Extracting primitive: uesugi-samurai-04 kusazuri skirt 0 row 2 mesh
13:21:01 | INFO: Primitives created: 1
13:21:01 | INFO: Extracting primitive: uesugi-samurai-04 kusazuri skirt 1 row 1 mesh
13:21:01 | INFO: Primitives created: 1
13:21:01 | INFO: Extracting primitive: uesugi-samurai-04 kusazuri skirt 1 row 2 mesh
13:21:01 | INFO: Primitives created: 1
13:21:01 | INFO: Extracting primitive: uesugi-samurai-04 guard katana blade
13:21:01 | INFO: Primitives created: 1
13:21:01 | INFO: Extracting primitive: Cylinder.018
13:21:01 | INFO: Primitives created: 1
13:21:01 | INFO: Extracting primitive: uesugi-samurai-04 sashimono bamboo pole
13:21:01 | INFO: Primitives created: 1
13:21:01 | INFO: Extracting primitive: uesugi-samurai-04 wind-bent sashimono cloth panel mesh
13:21:01 | INFO: Primitives created: 1
13:21:01 | INFO: Extracting primitive: Sphere.270
13:21:01 | INFO: Primitives created: 1
13:21:01 | INFO: Extracting primitive: Sphere.271
13:21:01 | INFO: Primitives created: 1
13:21:01 | INFO: Extracting primitive: Sphere.272
13:21:01 | INFO: Primitives created: 1
13:21:01 | INFO: Extracting primitive: Sphere.273
13:21:01 | INFO: Primitives created: 1
13:21:01 | INFO: Extracting primitive: Sphere.274
13:21:01 | INFO: Primitives created: 1
13:21:01 | INFO: Extracting primitive: Sphere.275
13:21:01 | INFO: Primitives created: 1
13:21:01 | INFO: Extracting primitive: Cube.083
13:21:01 | INFO: Primitives created: 1
13:21:01 | INFO: Extracting primitive: Sphere.276
13:21:01 | INFO: Primitives created: 1
13:21:01 | INFO: Extracting primitive: Cone.029
13:21:01 | INFO: Primitives created: 1
13:21:01 | INFO: Extracting primitive: uesugi-samurai-05 rear shikoro lamellar neck plate r1 c1 mesh
13:21:01 | INFO: Primitives created: 1
13:21:01 | INFO: Extracting primitive: uesugi-samurai-05 rear shikoro lamellar neck plate r1 c2 mesh
13:21:01 | INFO: Primitives created: 1
13:21:01 | INFO: Extracting primitive: uesugi-samurai-05 rear shikoro lamellar neck plate r1 c3 mesh
13:21:01 | INFO: Primitives created: 1
13:21:01 | INFO: Extracting primitive: uesugi-samurai-05 rear shikoro lamellar neck plate r2 c1 mesh
13:21:01 | INFO: Primitives created: 1
13:21:01 | INFO: Extracting primitive: uesugi-samurai-05 rear shikoro lamellar neck plate r2 c2 mesh
13:21:01 | INFO: Primitives created: 1
13:21:01 | INFO: Extracting primitive: uesugi-samurai-05 rear shikoro lamellar neck plate r2 c3 mesh
13:21:01 | INFO: Primitives created: 1
13:21:01 | INFO: Extracting primitive: uesugi-samurai-05 rear shikoro lamellar neck plate r3 c1 mesh
13:21:01 | INFO: Primitives created: 1
13:21:01 | INFO: Extracting primitive: uesugi-samurai-05 rear shikoro lamellar neck plate r3 c2 mesh
13:21:01 | INFO: Primitives created: 1
13:21:01 | INFO: Extracting primitive: uesugi-samurai-05 rear shikoro lamellar neck plate r3 c3 mesh
13:21:01 | INFO: Primitives created: 1
13:21:01 | INFO: Extracting primitive: uesugi-samurai-05 raised kabuto rib 1
13:21:01 | INFO: Primitives created: 1
13:21:01 | INFO: Extracting primitive: uesugi-samurai-05 raised kabuto rib 2
13:21:01 | INFO: Primitives created: 1
13:21:01 | INFO: Extracting primitive: uesugi-samurai-05 raised kabuto rib 3
13:21:01 | INFO: Primitives created: 1
13:21:01 | INFO: Extracting primitive: uesugi-samurai-05 left antler maedate
13:21:01 | INFO: Primitives created: 1
13:21:01 | INFO: Extracting primitive: uesugi-samurai-05 right antler maedate
13:21:01 | INFO: Primitives created: 1
13:21:01 | INFO: Extracting primitive: uesugi-samurai-05 individual front lamellar plate r1 c1 mesh
13:21:01 | INFO: Primitives created: 1
13:21:01 | INFO: Extracting primitive: uesugi-samurai-05 individual front lamellar plate r1 c2 mesh
13:21:01 | INFO: Primitives created: 1
13:21:01 | INFO: Extracting primitive: uesugi-samurai-05 individual front lamellar plate r1 c3 mesh
13:21:01 | INFO: Primitives created: 1
13:21:01 | INFO: Extracting primitive: uesugi-samurai-05 individual front lamellar plate r1 c4 mesh
13:21:01 | INFO: Primitives created: 1
13:21:01 | INFO: Extracting primitive: uesugi-samurai-05 individual front lamellar plate r1 c5 mesh
13:21:01 | INFO: Primitives created: 1
13:21:01 | INFO: Extracting primitive: uesugi-samurai-05 odoshi lacing row 1
13:21:01 | INFO: Primitives created: 1
13:21:01 | INFO: Extracting primitive: uesugi-samurai-05 chipped lacquer highlight r1 -0.16
13:21:01 | INFO: Primitives created: 1
13:21:01 | INFO: Extracting primitive: uesugi-samurai-05 chipped lacquer highlight r1 0.0
13:21:01 | INFO: Primitives created: 1
13:21:01 | INFO: Extracting primitive: uesugi-samurai-05 chipped lacquer highlight r1 0.16
13:21:01 | INFO: Primitives created: 1
13:21:01 | INFO: Extracting primitive: uesugi-samurai-05 individual front lamellar plate r2 c1 mesh
13:21:01 | INFO: Primitives created: 1
13:21:01 | INFO: Extracting primitive: uesugi-samurai-05 individual front lamellar plate r2 c2 mesh
13:21:01 | INFO: Primitives created: 1
13:21:01 | INFO: Extracting primitive: uesugi-samurai-05 individual front lamellar plate r2 c3 mesh
13:21:01 | INFO: Primitives created: 1
13:21:01 | INFO: Extracting primitive: uesugi-samurai-05 individual front lamellar plate r2 c4 mesh
13:21:01 | INFO: Primitives created: 1
13:21:01 | INFO: Extracting primitive: uesugi-samurai-05 individual front lamellar plate r2 c5 mesh
13:21:01 | INFO: Primitives created: 1
13:21:01 | INFO: Extracting primitive: uesugi-samurai-05 odoshi lacing row 2
13:21:01 | INFO: Primitives created: 1
13:21:01 | INFO: Extracting primitive: uesugi-samurai-05 chipped lacquer highlight r2 -0.16
13:21:01 | INFO: Primitives created: 1
13:21:01 | INFO: Extracting primitive: uesugi-samurai-05 chipped lacquer highlight r2 0.0
13:21:01 | INFO: Primitives created: 1
13:21:01 | INFO: Extracting primitive: uesugi-samurai-05 chipped lacquer highlight r2 0.16
13:21:01 | INFO: Primitives created: 1
13:21:01 | INFO: Extracting primitive: uesugi-samurai-05 individual front lamellar plate r3 c1 mesh
13:21:01 | INFO: Primitives created: 1
13:21:01 | INFO: Extracting primitive: uesugi-samurai-05 individual front lamellar plate r3 c2 mesh
13:21:01 | INFO: Primitives created: 1
13:21:01 | INFO: Extracting primitive: uesugi-samurai-05 individual front lamellar plate r3 c3 mesh
13:21:01 | INFO: Primitives created: 1
13:21:01 | INFO: Extracting primitive: uesugi-samurai-05 individual front lamellar plate r3 c4 mesh
13:21:01 | INFO: Primitives created: 1
13:21:01 | INFO: Extracting primitive: uesugi-samurai-05 individual front lamellar plate r3 c5 mesh
13:21:01 | INFO: Primitives created: 1
13:21:01 | INFO: Extracting primitive: uesugi-samurai-05 odoshi lacing row 3
13:21:01 | INFO: Primitives created: 1
13:21:01 | INFO: Extracting primitive: uesugi-samurai-05 chipped lacquer highlight r3 -0.16
13:21:01 | INFO: Primitives created: 1
13:21:01 | INFO: Extracting primitive: uesugi-samurai-05 chipped lacquer highlight r3 0.0
13:21:01 | INFO: Primitives created: 1
13:21:01 | INFO: Extracting primitive: uesugi-samurai-05 chipped lacquer highlight r3 0.16
13:21:01 | INFO: Primitives created: 1
13:21:01 | INFO: Extracting primitive: uesugi-samurai-05 individual front lamellar plate r4 c1 mesh
13:21:01 | INFO: Primitives created: 1
13:21:01 | INFO: Extracting primitive: uesugi-samurai-05 individual front lamellar plate r4 c2 mesh
13:21:01 | INFO: Primitives created: 1
13:21:01 | INFO: Extracting primitive: uesugi-samurai-05 individual front lamellar plate r4 c3 mesh
13:21:01 | INFO: Primitives created: 1
13:21:01 | INFO: Extracting primitive: uesugi-samurai-05 individual front lamellar plate r4 c4 mesh
13:21:01 | INFO: Primitives created: 1
13:21:01 | INFO: Extracting primitive: uesugi-samurai-05 individual front lamellar plate r4 c5 mesh
13:21:01 | INFO: Primitives created: 1
13:21:01 | INFO: Extracting primitive: uesugi-samurai-05 odoshi lacing row 4
13:21:01 | INFO: Primitives created: 1
13:21:01 | INFO: Extracting primitive: uesugi-samurai-05 chipped lacquer highlight r4 -0.16
13:21:01 | INFO: Primitives created: 1
13:21:01 | INFO: Extracting primitive: uesugi-samurai-05 chipped lacquer highlight r4 0.0
13:21:01 | INFO: Primitives created: 1
13:21:01 | INFO: Extracting primitive: uesugi-samurai-05 chipped lacquer highlight r4 0.16
13:21:01 | INFO: Primitives created: 1
13:21:01 | INFO: Extracting primitive: uesugi-samurai-05 rear lamellar back plate r1 c1 mesh
13:21:01 | INFO: Primitives created: 1
13:21:01 | INFO: Extracting primitive: uesugi-samurai-05 rear lamellar back plate r1 c2 mesh
13:21:01 | INFO: Primitives created: 1
13:21:01 | INFO: Extracting primitive: uesugi-samurai-05 rear lamellar back plate r1 c3 mesh
13:21:01 | INFO: Primitives created: 1
13:21:01 | INFO: Extracting primitive: uesugi-samurai-05 rear lamellar back plate r1 c4 mesh
13:21:01 | INFO: Primitives created: 1
13:21:01 | INFO: Extracting primitive: uesugi-samurai-05 rear odoshi lacing row 1
13:21:01 | INFO: Primitives created: 1
13:21:01 | INFO: Extracting primitive: uesugi-samurai-05 rear lamellar back plate r2 c1 mesh
13:21:01 | INFO: Primitives created: 1
13:21:01 | INFO: Extracting primitive: uesugi-samurai-05 rear lamellar back plate r2 c2 mesh
13:21:01 | INFO: Primitives created: 1
13:21:01 | INFO: Extracting primitive: uesugi-samurai-05 rear lamellar back plate r2 c3 mesh
13:21:01 | INFO: Primitives created: 1
13:21:01 | INFO: Extracting primitive: uesugi-samurai-05 rear lamellar back plate r2 c4 mesh
13:21:01 | INFO: Primitives created: 1
13:21:01 | INFO: Extracting primitive: uesugi-samurai-05 rear odoshi lacing row 2
13:21:01 | INFO: Primitives created: 1
13:21:01 | INFO: Extracting primitive: uesugi-samurai-05 rear lamellar back plate r3 c1 mesh
13:21:01 | INFO: Primitives created: 1
13:21:01 | INFO: Extracting primitive: uesugi-samurai-05 rear lamellar back plate r3 c2 mesh
13:21:01 | INFO: Primitives created: 1
13:21:01 | INFO: Extracting primitive: uesugi-samurai-05 rear lamellar back plate r3 c3 mesh
13:21:01 | INFO: Primitives created: 1
13:21:01 | INFO: Extracting primitive: uesugi-samurai-05 rear lamellar back plate r3 c4 mesh
13:21:01 | INFO: Primitives created: 1
13:21:01 | INFO: Extracting primitive: uesugi-samurai-05 rear odoshi lacing row 3
13:21:01 | INFO: Primitives created: 1
13:21:01 | INFO: Extracting primitive: uesugi-samurai-05 rear lamellar back plate r4 c1 mesh
13:21:01 | INFO: Primitives created: 1
13:21:01 | INFO: Extracting primitive: uesugi-samurai-05 rear lamellar back plate r4 c2 mesh
13:21:01 | INFO: Primitives created: 1
13:21:01 | INFO: Extracting primitive: uesugi-samurai-05 rear lamellar back plate r4 c3 mesh
13:21:01 | INFO: Primitives created: 1
13:21:01 | INFO: Extracting primitive: uesugi-samurai-05 rear lamellar back plate r4 c4 mesh
13:21:01 | INFO: Primitives created: 1
13:21:01 | INFO: Extracting primitive: uesugi-samurai-05 rear odoshi lacing row 4
13:21:01 | INFO: Primitives created: 1
13:21:01 | INFO: Extracting primitive: uesugi-samurai-05 rear lacquer edge scratch -0.17
13:21:01 | INFO: Primitives created: 1
13:21:01 | INFO: Extracting primitive: uesugi-samurai-05 rear lacquer edge scratch -0.06
13:21:01 | INFO: Primitives created: 1
13:21:01 | INFO: Extracting primitive: uesugi-samurai-05 rear lacquer edge scratch 0.06
13:21:01 | INFO: Primitives created: 1
13:21:01 | INFO: Extracting primitive: uesugi-samurai-05 rear lacquer edge scratch 0.17
13:21:01 | INFO: Primitives created: 1
13:21:01 | INFO: Extracting primitive: Sphere.277
13:21:01 | INFO: Primitives created: 1
13:21:01 | INFO: Extracting primitive: uesugi-samurai-05 articulated sode shoulder plate -1 1 mesh
13:21:01 | INFO: Primitives created: 1
13:21:01 | INFO: Extracting primitive: uesugi-samurai-05 sode lacing -1 1
13:21:01 | INFO: Primitives created: 1
13:21:01 | INFO: Extracting primitive: uesugi-samurai-05 articulated sode shoulder plate -1 2 mesh
13:21:01 | INFO: Primitives created: 1
13:21:01 | INFO: Extracting primitive: uesugi-samurai-05 sode lacing -1 2
13:21:01 | INFO: Primitives created: 1
13:21:01 | INFO: Extracting primitive: uesugi-samurai-05 articulated sode shoulder plate -1 3 mesh
13:21:01 | INFO: Primitives created: 1
13:21:01 | INFO: Extracting primitive: uesugi-samurai-05 sode lacing -1 3
13:21:01 | INFO: Primitives created: 1
13:21:01 | INFO: Extracting primitive: uesugi-samurai-05 articulated sode shoulder plate -1 4 mesh
13:21:01 | INFO: Primitives created: 1
13:21:01 | INFO: Extracting primitive: uesugi-samurai-05 sode lacing -1 4
13:21:01 | INFO: Primitives created: 1
13:21:01 | INFO: Extracting primitive: Sphere.278
13:21:01 | INFO: Primitives created: 1
13:21:01 | INFO: Extracting primitive: Sphere.279
13:21:01 | INFO: Primitives created: 1
13:21:01 | INFO: Extracting primitive: Sphere.280
13:21:01 | INFO: Primitives created: 1
13:21:01 | INFO: Extracting primitive: Sphere.281
13:21:01 | INFO: Primitives created: 1
13:21:01 | INFO: Extracting primitive: Sphere.282
13:21:01 | INFO: Primitives created: 1
13:21:01 | INFO: Extracting primitive: Cube.084
13:21:01 | INFO: Primitives created: 1
13:21:01 | INFO: Extracting primitive: uesugi-samurai-05 sandal toe strap -1
13:21:01 | INFO: Primitives created: 1
13:21:01 | INFO: Extracting primitive: Sphere.283
13:21:01 | INFO: Primitives created: 1
13:21:01 | INFO: Extracting primitive: uesugi-samurai-05 articulated sode shoulder plate 1 1 mesh
13:21:01 | INFO: Primitives created: 1
13:21:01 | INFO: Extracting primitive: uesugi-samurai-05 sode lacing 1 1
13:21:01 | INFO: Primitives created: 1
13:21:01 | INFO: Extracting primitive: uesugi-samurai-05 articulated sode shoulder plate 1 2 mesh
13:21:01 | INFO: Primitives created: 1
13:21:01 | INFO: Extracting primitive: uesugi-samurai-05 sode lacing 1 2
13:21:01 | INFO: Primitives created: 1
13:21:01 | INFO: Extracting primitive: uesugi-samurai-05 articulated sode shoulder plate 1 3 mesh
13:21:01 | INFO: Primitives created: 1
13:21:01 | INFO: Extracting primitive: uesugi-samurai-05 sode lacing 1 3
13:21:01 | INFO: Primitives created: 1
13:21:01 | INFO: Extracting primitive: uesugi-samurai-05 articulated sode shoulder plate 1 4 mesh
13:21:01 | INFO: Primitives created: 1
13:21:01 | INFO: Extracting primitive: uesugi-samurai-05 sode lacing 1 4
13:21:01 | INFO: Primitives created: 1
13:21:01 | INFO: Extracting primitive: Sphere.284
13:21:01 | INFO: Primitives created: 1
13:21:01 | INFO: Extracting primitive: Sphere.285
13:21:01 | INFO: Primitives created: 1
13:21:01 | INFO: Extracting primitive: Sphere.286
13:21:01 | INFO: Primitives created: 1
13:21:01 | INFO: Extracting primitive: Sphere.287
13:21:01 | INFO: Primitives created: 1
13:21:01 | INFO: Extracting primitive: Sphere.288
13:21:01 | INFO: Primitives created: 1
13:21:01 | INFO: Extracting primitive: Cube.085
13:21:01 | INFO: Primitives created: 1
13:21:01 | INFO: Extracting primitive: uesugi-samurai-05 sandal toe strap 1
13:21:01 | INFO: Primitives created: 1
13:21:01 | INFO: Extracting primitive: uesugi-samurai-05 kusazuri skirt -1 row 1 mesh
13:21:01 | INFO: Primitives created: 1
13:21:01 | INFO: Extracting primitive: uesugi-samurai-05 kusazuri skirt -1 row 2 mesh
13:21:01 | INFO: Primitives created: 1
13:21:01 | INFO: Extracting primitive: uesugi-samurai-05 kusazuri skirt 0 row 1 mesh
13:21:01 | INFO: Primitives created: 1
13:21:01 | INFO: Extracting primitive: uesugi-samurai-05 kusazuri skirt 0 row 2 mesh
13:21:01 | INFO: Primitives created: 1
13:21:01 | INFO: Extracting primitive: uesugi-samurai-05 kusazuri skirt 1 row 1 mesh
13:21:01 | INFO: Primitives created: 1
13:21:01 | INFO: Extracting primitive: uesugi-samurai-05 kusazuri skirt 1 row 2 mesh
13:21:01 | INFO: Primitives created: 1
13:21:01 | INFO: Extracting primitive: uesugi-samurai-05 yari shaft
13:21:01 | INFO: Primitives created: 1
13:21:01 | INFO: Extracting primitive: Cone.030
13:21:01 | INFO: Primitives created: 1
13:21:01 | INFO: Extracting primitive: uesugi-samurai-05 sashimono bamboo pole
13:21:01 | INFO: Primitives created: 1
13:21:01 | INFO: Extracting primitive: uesugi-samurai-05 wind-bent sashimono cloth panel mesh
13:21:01 | INFO: Primitives created: 1
13:21:01 | INFO: Extracting primitive: Sphere.289
13:21:01 | INFO: Primitives created: 1
13:21:01 | INFO: Extracting primitive: Sphere.290
13:21:01 | INFO: Primitives created: 1
13:21:01 | INFO: Extracting primitive: Sphere.291
13:21:01 | INFO: Primitives created: 1
13:21:01 | INFO: Extracting primitive: Sphere.292
13:21:01 | INFO: Primitives created: 1
13:21:01 | INFO: Extracting primitive: Sphere.293
13:21:01 | INFO: Primitives created: 1
13:21:01 | INFO: Extracting primitive: Sphere.294
13:21:01 | INFO: Primitives created: 1
13:21:01 | INFO: Extracting primitive: Cube.086
13:21:01 | INFO: Primitives created: 1
13:21:01 | INFO: Extracting primitive: Sphere.295
13:21:01 | INFO: Primitives created: 1
13:21:01 | INFO: Extracting primitive: Cone.031
13:21:01 | INFO: Primitives created: 1
13:21:01 | INFO: Extracting primitive: uesugi-samurai-06 rear shikoro lamellar neck plate r1 c1 mesh
13:21:01 | INFO: Primitives created: 1
13:21:01 | INFO: Extracting primitive: uesugi-samurai-06 rear shikoro lamellar neck plate r1 c2 mesh
13:21:01 | INFO: Primitives created: 1
13:21:01 | INFO: Extracting primitive: uesugi-samurai-06 rear shikoro lamellar neck plate r1 c3 mesh
13:21:01 | INFO: Primitives created: 1
13:21:01 | INFO: Extracting primitive: uesugi-samurai-06 rear shikoro lamellar neck plate r2 c1 mesh
13:21:01 | INFO: Primitives created: 1
13:21:01 | INFO: Extracting primitive: uesugi-samurai-06 rear shikoro lamellar neck plate r2 c2 mesh
13:21:01 | INFO: Primitives created: 1
13:21:01 | INFO: Extracting primitive: uesugi-samurai-06 rear shikoro lamellar neck plate r2 c3 mesh
13:21:01 | INFO: Primitives created: 1
13:21:01 | INFO: Extracting primitive: uesugi-samurai-06 rear shikoro lamellar neck plate r3 c1 mesh
13:21:01 | INFO: Primitives created: 1
13:21:01 | INFO: Extracting primitive: uesugi-samurai-06 rear shikoro lamellar neck plate r3 c2 mesh
13:21:01 | INFO: Primitives created: 1
13:21:01 | INFO: Extracting primitive: uesugi-samurai-06 rear shikoro lamellar neck plate r3 c3 mesh
13:21:01 | INFO: Primitives created: 1
13:21:01 | INFO: Extracting primitive: uesugi-samurai-06 raised kabuto rib 1
13:21:01 | INFO: Primitives created: 1
13:21:01 | INFO: Extracting primitive: uesugi-samurai-06 raised kabuto rib 2
13:21:01 | INFO: Primitives created: 1
13:21:01 | INFO: Extracting primitive: uesugi-samurai-06 raised kabuto rib 3
13:21:01 | INFO: Primitives created: 1
13:21:01 | INFO: Extracting primitive: uesugi-samurai-06 left antler maedate
13:21:01 | INFO: Primitives created: 1
13:21:01 | INFO: Extracting primitive: uesugi-samurai-06 right antler maedate
13:21:01 | INFO: Primitives created: 1
13:21:01 | INFO: Extracting primitive: uesugi-samurai-06 individual front lamellar plate r1 c1 mesh
13:21:01 | INFO: Primitives created: 1
13:21:01 | INFO: Extracting primitive: uesugi-samurai-06 individual front lamellar plate r1 c2 mesh
13:21:01 | INFO: Primitives created: 1
13:21:01 | INFO: Extracting primitive: uesugi-samurai-06 individual front lamellar plate r1 c3 mesh
13:21:01 | INFO: Primitives created: 1
13:21:01 | INFO: Extracting primitive: uesugi-samurai-06 individual front lamellar plate r1 c4 mesh
13:21:01 | INFO: Primitives created: 1
13:21:01 | INFO: Extracting primitive: uesugi-samurai-06 individual front lamellar plate r1 c5 mesh
13:21:01 | INFO: Primitives created: 1
13:21:01 | INFO: Extracting primitive: uesugi-samurai-06 odoshi lacing row 1
13:21:01 | INFO: Primitives created: 1
13:21:01 | INFO: Extracting primitive: uesugi-samurai-06 chipped lacquer highlight r1 -0.16
13:21:01 | INFO: Primitives created: 1
13:21:01 | INFO: Extracting primitive: uesugi-samurai-06 chipped lacquer highlight r1 0.0
13:21:01 | INFO: Primitives created: 1
13:21:01 | INFO: Extracting primitive: uesugi-samurai-06 chipped lacquer highlight r1 0.16
13:21:01 | INFO: Primitives created: 1
13:21:01 | INFO: Extracting primitive: uesugi-samurai-06 individual front lamellar plate r2 c1 mesh
13:21:01 | INFO: Primitives created: 1
13:21:01 | INFO: Extracting primitive: uesugi-samurai-06 individual front lamellar plate r2 c2 mesh
13:21:01 | INFO: Primitives created: 1
13:21:01 | INFO: Extracting primitive: uesugi-samurai-06 individual front lamellar plate r2 c3 mesh
13:21:01 | INFO: Primitives created: 1
13:21:01 | INFO: Extracting primitive: uesugi-samurai-06 individual front lamellar plate r2 c4 mesh
13:21:01 | INFO: Primitives created: 1
13:21:01 | INFO: Extracting primitive: uesugi-samurai-06 individual front lamellar plate r2 c5 mesh
13:21:01 | INFO: Primitives created: 1
13:21:01 | INFO: Extracting primitive: uesugi-samurai-06 odoshi lacing row 2
13:21:01 | INFO: Primitives created: 1
13:21:01 | INFO: Extracting primitive: uesugi-samurai-06 chipped lacquer highlight r2 -0.16
13:21:01 | INFO: Primitives created: 1
13:21:01 | INFO: Extracting primitive: uesugi-samurai-06 chipped lacquer highlight r2 0.0
13:21:01 | INFO: Primitives created: 1
13:21:01 | INFO: Extracting primitive: uesugi-samurai-06 chipped lacquer highlight r2 0.16
13:21:01 | INFO: Primitives created: 1
13:21:01 | INFO: Extracting primitive: uesugi-samurai-06 individual front lamellar plate r3 c1 mesh
13:21:01 | INFO: Primitives created: 1
13:21:01 | INFO: Extracting primitive: uesugi-samurai-06 individual front lamellar plate r3 c2 mesh
13:21:01 | INFO: Primitives created: 1
13:21:01 | INFO: Extracting primitive: uesugi-samurai-06 individual front lamellar plate r3 c3 mesh
13:21:01 | INFO: Primitives created: 1
13:21:01 | INFO: Extracting primitive: uesugi-samurai-06 individual front lamellar plate r3 c4 mesh
13:21:01 | INFO: Primitives created: 1
13:21:01 | INFO: Extracting primitive: uesugi-samurai-06 individual front lamellar plate r3 c5 mesh
13:21:01 | INFO: Primitives created: 1
13:21:01 | INFO: Extracting primitive: uesugi-samurai-06 odoshi lacing row 3
13:21:01 | INFO: Primitives created: 1
13:21:01 | INFO: Extracting primitive: uesugi-samurai-06 chipped lacquer highlight r3 -0.16
13:21:01 | INFO: Primitives created: 1
13:21:01 | INFO: Extracting primitive: uesugi-samurai-06 chipped lacquer highlight r3 0.0
13:21:01 | INFO: Primitives created: 1
13:21:01 | INFO: Extracting primitive: uesugi-samurai-06 chipped lacquer highlight r3 0.16
13:21:01 | INFO: Primitives created: 1
13:21:01 | INFO: Extracting primitive: uesugi-samurai-06 individual front lamellar plate r4 c1 mesh
13:21:01 | INFO: Primitives created: 1
13:21:01 | INFO: Extracting primitive: uesugi-samurai-06 individual front lamellar plate r4 c2 mesh
13:21:01 | INFO: Primitives created: 1
13:21:01 | INFO: Extracting primitive: uesugi-samurai-06 individual front lamellar plate r4 c3 mesh
13:21:01 | INFO: Primitives created: 1
13:21:01 | INFO: Extracting primitive: uesugi-samurai-06 individual front lamellar plate r4 c4 mesh
13:21:01 | INFO: Primitives created: 1
13:21:01 | INFO: Extracting primitive: uesugi-samurai-06 individual front lamellar plate r4 c5 mesh
13:21:01 | INFO: Primitives created: 1
13:21:01 | INFO: Extracting primitive: uesugi-samurai-06 odoshi lacing row 4
13:21:01 | INFO: Primitives created: 1
13:21:01 | INFO: Extracting primitive: uesugi-samurai-06 chipped lacquer highlight r4 -0.16
13:21:01 | INFO: Primitives created: 1
13:21:01 | INFO: Extracting primitive: uesugi-samurai-06 chipped lacquer highlight r4 0.0
13:21:01 | INFO: Primitives created: 1
13:21:01 | INFO: Extracting primitive: uesugi-samurai-06 chipped lacquer highlight r4 0.16
13:21:01 | INFO: Primitives created: 1
13:21:01 | INFO: Extracting primitive: uesugi-samurai-06 rear lamellar back plate r1 c1 mesh
13:21:01 | INFO: Primitives created: 1
13:21:01 | INFO: Extracting primitive: uesugi-samurai-06 rear lamellar back plate r1 c2 mesh
13:21:01 | INFO: Primitives created: 1
13:21:01 | INFO: Extracting primitive: uesugi-samurai-06 rear lamellar back plate r1 c3 mesh
13:21:01 | INFO: Primitives created: 1
13:21:01 | INFO: Extracting primitive: uesugi-samurai-06 rear lamellar back plate r1 c4 mesh
13:21:01 | INFO: Primitives created: 1
13:21:01 | INFO: Extracting primitive: uesugi-samurai-06 rear odoshi lacing row 1
13:21:01 | INFO: Primitives created: 1
13:21:01 | INFO: Extracting primitive: uesugi-samurai-06 rear lamellar back plate r2 c1 mesh
13:21:01 | INFO: Primitives created: 1
13:21:01 | INFO: Extracting primitive: uesugi-samurai-06 rear lamellar back plate r2 c2 mesh
13:21:01 | INFO: Primitives created: 1
13:21:01 | INFO: Extracting primitive: uesugi-samurai-06 rear lamellar back plate r2 c3 mesh
13:21:01 | INFO: Primitives created: 1
13:21:01 | INFO: Extracting primitive: uesugi-samurai-06 rear lamellar back plate r2 c4 mesh
13:21:01 | INFO: Primitives created: 1
13:21:01 | INFO: Extracting primitive: uesugi-samurai-06 rear odoshi lacing row 2
13:21:01 | INFO: Primitives created: 1
13:21:01 | INFO: Extracting primitive: uesugi-samurai-06 rear lamellar back plate r3 c1 mesh
13:21:01 | INFO: Primitives created: 1
13:21:01 | INFO: Extracting primitive: uesugi-samurai-06 rear lamellar back plate r3 c2 mesh
13:21:01 | INFO: Primitives created: 1
13:21:01 | INFO: Extracting primitive: uesugi-samurai-06 rear lamellar back plate r3 c3 mesh
13:21:01 | INFO: Primitives created: 1
13:21:01 | INFO: Extracting primitive: uesugi-samurai-06 rear lamellar back plate r3 c4 mesh
13:21:01 | INFO: Primitives created: 1
13:21:01 | INFO: Extracting primitive: uesugi-samurai-06 rear odoshi lacing row 3
13:21:01 | INFO: Primitives created: 1
13:21:01 | INFO: Extracting primitive: uesugi-samurai-06 rear lamellar back plate r4 c1 mesh
13:21:01 | INFO: Primitives created: 1
13:21:01 | INFO: Extracting primitive: uesugi-samurai-06 rear lamellar back plate r4 c2 mesh
13:21:01 | INFO: Primitives created: 1
13:21:01 | INFO: Extracting primitive: uesugi-samurai-06 rear lamellar back plate r4 c3 mesh
13:21:01 | INFO: Primitives created: 1
13:21:01 | INFO: Extracting primitive: uesugi-samurai-06 rear lamellar back plate r4 c4 mesh
13:21:01 | INFO: Primitives created: 1
13:21:01 | INFO: Extracting primitive: uesugi-samurai-06 rear odoshi lacing row 4
13:21:01 | INFO: Primitives created: 1
13:21:01 | INFO: Extracting primitive: uesugi-samurai-06 rear lacquer edge scratch -0.17
13:21:01 | INFO: Primitives created: 1
13:21:01 | INFO: Extracting primitive: uesugi-samurai-06 rear lacquer edge scratch -0.06
13:21:01 | INFO: Primitives created: 1
13:21:01 | INFO: Extracting primitive: uesugi-samurai-06 rear lacquer edge scratch 0.06
13:21:01 | INFO: Primitives created: 1
13:21:01 | INFO: Extracting primitive: uesugi-samurai-06 rear lacquer edge scratch 0.17
13:21:01 | INFO: Primitives created: 1
13:21:01 | INFO: Extracting primitive: Sphere.296
13:21:01 | INFO: Primitives created: 1
13:21:01 | INFO: Extracting primitive: uesugi-samurai-06 articulated sode shoulder plate -1 1 mesh
13:21:01 | INFO: Primitives created: 1
13:21:01 | INFO: Extracting primitive: uesugi-samurai-06 sode lacing -1 1
13:21:01 | INFO: Primitives created: 1
13:21:01 | INFO: Extracting primitive: uesugi-samurai-06 articulated sode shoulder plate -1 2 mesh
13:21:01 | INFO: Primitives created: 1
13:21:01 | INFO: Extracting primitive: uesugi-samurai-06 sode lacing -1 2
13:21:01 | INFO: Primitives created: 1
13:21:01 | INFO: Extracting primitive: uesugi-samurai-06 articulated sode shoulder plate -1 3 mesh
13:21:01 | INFO: Primitives created: 1
13:21:01 | INFO: Extracting primitive: uesugi-samurai-06 sode lacing -1 3
13:21:01 | INFO: Primitives created: 1
13:21:01 | INFO: Extracting primitive: uesugi-samurai-06 articulated sode shoulder plate -1 4 mesh
13:21:01 | INFO: Primitives created: 1
13:21:01 | INFO: Extracting primitive: uesugi-samurai-06 sode lacing -1 4
13:21:01 | INFO: Primitives created: 1
13:21:01 | INFO: Extracting primitive: Sphere.297
13:21:01 | INFO: Primitives created: 1
13:21:01 | INFO: Extracting primitive: Sphere.298
13:21:01 | INFO: Primitives created: 1
13:21:01 | INFO: Extracting primitive: Sphere.299
13:21:01 | INFO: Primitives created: 1
13:21:01 | INFO: Extracting primitive: Sphere.300
13:21:01 | INFO: Primitives created: 1
13:21:01 | INFO: Extracting primitive: Sphere.301
13:21:01 | INFO: Primitives created: 1
13:21:01 | INFO: Extracting primitive: Cube.087
13:21:01 | INFO: Primitives created: 1
13:21:01 | INFO: Extracting primitive: uesugi-samurai-06 sandal toe strap -1
13:21:01 | INFO: Primitives created: 1
13:21:01 | INFO: Extracting primitive: Sphere.302
13:21:01 | INFO: Primitives created: 1
13:21:01 | INFO: Extracting primitive: uesugi-samurai-06 articulated sode shoulder plate 1 1 mesh
13:21:01 | INFO: Primitives created: 1
13:21:01 | INFO: Extracting primitive: uesugi-samurai-06 sode lacing 1 1
13:21:01 | INFO: Primitives created: 1
13:21:01 | INFO: Extracting primitive: uesugi-samurai-06 articulated sode shoulder plate 1 2 mesh
13:21:01 | INFO: Primitives created: 1
13:21:01 | INFO: Extracting primitive: uesugi-samurai-06 sode lacing 1 2
13:21:01 | INFO: Primitives created: 1
13:21:01 | INFO: Extracting primitive: uesugi-samurai-06 articulated sode shoulder plate 1 3 mesh
13:21:01 | INFO: Primitives created: 1
13:21:01 | INFO: Extracting primitive: uesugi-samurai-06 sode lacing 1 3
13:21:01 | INFO: Primitives created: 1
13:21:01 | INFO: Extracting primitive: uesugi-samurai-06 articulated sode shoulder plate 1 4 mesh
13:21:01 | INFO: Primitives created: 1
13:21:01 | INFO: Extracting primitive: uesugi-samurai-06 sode lacing 1 4
13:21:01 | INFO: Primitives created: 1
13:21:01 | INFO: Extracting primitive: Sphere.303
13:21:01 | INFO: Primitives created: 1
13:21:01 | INFO: Extracting primitive: Sphere.304
13:21:01 | INFO: Primitives created: 1
13:21:01 | INFO: Extracting primitive: Sphere.305
13:21:01 | INFO: Primitives created: 1
13:21:01 | INFO: Extracting primitive: Sphere.306
13:21:01 | INFO: Primitives created: 1
13:21:01 | INFO: Extracting primitive: Sphere.307
13:21:01 | INFO: Primitives created: 1
13:21:01 | INFO: Extracting primitive: Cube.088
13:21:01 | INFO: Primitives created: 1
13:21:01 | INFO: Extracting primitive: uesugi-samurai-06 sandal toe strap 1
13:21:01 | INFO: Primitives created: 1
13:21:01 | INFO: Extracting primitive: uesugi-samurai-06 kusazuri skirt -1 row 1 mesh
13:21:01 | INFO: Primitives created: 1
13:21:01 | INFO: Extracting primitive: uesugi-samurai-06 kusazuri skirt -1 row 2 mesh
13:21:01 | INFO: Primitives created: 1
13:21:01 | INFO: Extracting primitive: uesugi-samurai-06 kusazuri skirt 0 row 1 mesh
13:21:01 | INFO: Primitives created: 1
13:21:01 | INFO: Extracting primitive: uesugi-samurai-06 kusazuri skirt 0 row 2 mesh
13:21:01 | INFO: Primitives created: 1
13:21:01 | INFO: Extracting primitive: uesugi-samurai-06 kusazuri skirt 1 row 1 mesh
13:21:01 | INFO: Primitives created: 1
13:21:01 | INFO: Extracting primitive: uesugi-samurai-06 kusazuri skirt 1 row 2 mesh
13:21:01 | INFO: Primitives created: 1
13:21:01 | INFO: Extracting primitive: uesugi-samurai-06 raised katana blade
13:21:01 | INFO: Primitives created: 1
13:21:01 | INFO: Extracting primitive: Cylinder.019
13:21:01 | INFO: Primitives created: 1
13:21:01 | INFO: Extracting primitive: uesugi-samurai-06 sashimono bamboo pole
13:21:01 | INFO: Primitives created: 1
13:21:01 | INFO: Extracting primitive: uesugi-samurai-06 wind-bent sashimono cloth panel mesh
13:21:01 | INFO: Primitives created: 1
13:21:01 | INFO: Extracting primitive: Sphere.308
13:21:01 | INFO: Primitives created: 1
13:21:01 | INFO: Extracting primitive: Sphere.309
13:21:01 | INFO: Primitives created: 1
13:21:01 | INFO: Extracting primitive: Sphere.310
13:21:01 | INFO: Primitives created: 1
13:21:01 | INFO: Extracting primitive: Sphere.311
13:21:01 | INFO: Primitives created: 1
13:21:01 | INFO: Extracting primitive: Sphere.312
13:21:01 | INFO: Primitives created: 1
13:21:01 | INFO: Extracting primitive: Sphere.313
13:21:01 | INFO: Primitives created: 1
13:21:01 | INFO: Extracting primitive: Cube.089
13:21:01 | INFO: Primitives created: 1
13:21:01 | INFO: Extracting primitive: Sphere.314
13:21:01 | INFO: Primitives created: 1
13:21:01 | INFO: Extracting primitive: Cone.032
13:21:01 | INFO: Primitives created: 1
13:21:01 | INFO: Extracting primitive: uesugi-samurai-07 rear shikoro lamellar neck plate r1 c1 mesh
13:21:01 | INFO: Primitives created: 1
13:21:01 | INFO: Extracting primitive: uesugi-samurai-07 rear shikoro lamellar neck plate r1 c2 mesh
13:21:01 | INFO: Primitives created: 1
13:21:01 | INFO: Extracting primitive: uesugi-samurai-07 rear shikoro lamellar neck plate r1 c3 mesh
13:21:01 | INFO: Primitives created: 1
13:21:01 | INFO: Extracting primitive: uesugi-samurai-07 rear shikoro lamellar neck plate r2 c1 mesh
13:21:01 | INFO: Primitives created: 1
13:21:01 | INFO: Extracting primitive: uesugi-samurai-07 rear shikoro lamellar neck plate r2 c2 mesh
13:21:01 | INFO: Primitives created: 1
13:21:01 | INFO: Extracting primitive: uesugi-samurai-07 rear shikoro lamellar neck plate r2 c3 mesh
13:21:01 | INFO: Primitives created: 1
13:21:01 | INFO: Extracting primitive: uesugi-samurai-07 rear shikoro lamellar neck plate r3 c1 mesh
13:21:01 | INFO: Primitives created: 1
13:21:01 | INFO: Extracting primitive: uesugi-samurai-07 rear shikoro lamellar neck plate r3 c2 mesh
13:21:01 | INFO: Primitives created: 1
13:21:01 | INFO: Extracting primitive: uesugi-samurai-07 rear shikoro lamellar neck plate r3 c3 mesh
13:21:01 | INFO: Primitives created: 1
13:21:01 | INFO: Extracting primitive: uesugi-samurai-07 raised kabuto rib 1
13:21:01 | INFO: Primitives created: 1
13:21:01 | INFO: Extracting primitive: uesugi-samurai-07 raised kabuto rib 2
13:21:01 | INFO: Primitives created: 1
13:21:01 | INFO: Extracting primitive: uesugi-samurai-07 raised kabuto rib 3
13:21:01 | INFO: Primitives created: 1
13:21:01 | INFO: Extracting primitive: uesugi-samurai-07 left antler maedate
13:21:01 | INFO: Primitives created: 1
13:21:01 | INFO: Extracting primitive: uesugi-samurai-07 right antler maedate
13:21:01 | INFO: Primitives created: 1
13:21:01 | INFO: Extracting primitive: uesugi-samurai-07 individual front lamellar plate r1 c1 mesh
13:21:01 | INFO: Primitives created: 1
13:21:01 | INFO: Extracting primitive: uesugi-samurai-07 individual front lamellar plate r1 c2 mesh
13:21:01 | INFO: Primitives created: 1
13:21:01 | INFO: Extracting primitive: uesugi-samurai-07 individual front lamellar plate r1 c3 mesh
13:21:01 | INFO: Primitives created: 1
13:21:01 | INFO: Extracting primitive: uesugi-samurai-07 individual front lamellar plate r1 c4 mesh
13:21:01 | INFO: Primitives created: 1
13:21:01 | INFO: Extracting primitive: uesugi-samurai-07 individual front lamellar plate r1 c5 mesh
13:21:01 | INFO: Primitives created: 1
13:21:01 | INFO: Extracting primitive: uesugi-samurai-07 odoshi lacing row 1
13:21:01 | INFO: Primitives created: 1
13:21:01 | INFO: Extracting primitive: uesugi-samurai-07 chipped lacquer highlight r1 -0.16
13:21:01 | INFO: Primitives created: 1
13:21:01 | INFO: Extracting primitive: uesugi-samurai-07 chipped lacquer highlight r1 0.0
13:21:01 | INFO: Primitives created: 1
13:21:01 | INFO: Extracting primitive: uesugi-samurai-07 chipped lacquer highlight r1 0.16
13:21:01 | INFO: Primitives created: 1
13:21:01 | INFO: Extracting primitive: uesugi-samurai-07 individual front lamellar plate r2 c1 mesh
13:21:01 | INFO: Primitives created: 1
13:21:01 | INFO: Extracting primitive: uesugi-samurai-07 individual front lamellar plate r2 c2 mesh
13:21:01 | INFO: Primitives created: 1
13:21:01 | INFO: Extracting primitive: uesugi-samurai-07 individual front lamellar plate r2 c3 mesh
13:21:01 | INFO: Primitives created: 1
13:21:01 | INFO: Extracting primitive: uesugi-samurai-07 individual front lamellar plate r2 c4 mesh
13:21:01 | INFO: Primitives created: 1
13:21:01 | INFO: Extracting primitive: uesugi-samurai-07 individual front lamellar plate r2 c5 mesh
13:21:01 | INFO: Primitives created: 1
13:21:01 | INFO: Extracting primitive: uesugi-samurai-07 odoshi lacing row 2
13:21:01 | INFO: Primitives created: 1
13:21:01 | INFO: Extracting primitive: uesugi-samurai-07 chipped lacquer highlight r2 -0.16
13:21:01 | INFO: Primitives created: 1
13:21:01 | INFO: Extracting primitive: uesugi-samurai-07 chipped lacquer highlight r2 0.0
13:21:01 | INFO: Primitives created: 1
13:21:01 | INFO: Extracting primitive: uesugi-samurai-07 chipped lacquer highlight r2 0.16
13:21:01 | INFO: Primitives created: 1
13:21:01 | INFO: Extracting primitive: uesugi-samurai-07 individual front lamellar plate r3 c1 mesh
13:21:01 | INFO: Primitives created: 1
13:21:01 | INFO: Extracting primitive: uesugi-samurai-07 individual front lamellar plate r3 c2 mesh
13:21:01 | INFO: Primitives created: 1
13:21:01 | INFO: Extracting primitive: uesugi-samurai-07 individual front lamellar plate r3 c3 mesh
13:21:01 | INFO: Primitives created: 1
13:21:01 | INFO: Extracting primitive: uesugi-samurai-07 individual front lamellar plate r3 c4 mesh
13:21:01 | INFO: Primitives created: 1
13:21:01 | INFO: Extracting primitive: uesugi-samurai-07 individual front lamellar plate r3 c5 mesh
13:21:01 | INFO: Primitives created: 1
13:21:01 | INFO: Extracting primitive: uesugi-samurai-07 odoshi lacing row 3
13:21:01 | INFO: Primitives created: 1
13:21:01 | INFO: Extracting primitive: uesugi-samurai-07 chipped lacquer highlight r3 -0.16
13:21:01 | INFO: Primitives created: 1
13:21:01 | INFO: Extracting primitive: uesugi-samurai-07 chipped lacquer highlight r3 0.0
13:21:01 | INFO: Primitives created: 1
13:21:01 | INFO: Extracting primitive: uesugi-samurai-07 chipped lacquer highlight r3 0.16
13:21:01 | INFO: Primitives created: 1
13:21:01 | INFO: Extracting primitive: uesugi-samurai-07 individual front lamellar plate r4 c1 mesh
13:21:01 | INFO: Primitives created: 1
13:21:01 | INFO: Extracting primitive: uesugi-samurai-07 individual front lamellar plate r4 c2 mesh
13:21:01 | INFO: Primitives created: 1
13:21:01 | INFO: Extracting primitive: uesugi-samurai-07 individual front lamellar plate r4 c3 mesh
13:21:01 | INFO: Primitives created: 1
13:21:01 | INFO: Extracting primitive: uesugi-samurai-07 individual front lamellar plate r4 c4 mesh
13:21:01 | INFO: Primitives created: 1
13:21:01 | INFO: Extracting primitive: uesugi-samurai-07 individual front lamellar plate r4 c5 mesh
13:21:01 | INFO: Primitives created: 1
13:21:01 | INFO: Extracting primitive: uesugi-samurai-07 odoshi lacing row 4
13:21:01 | INFO: Primitives created: 1
13:21:01 | INFO: Extracting primitive: uesugi-samurai-07 chipped lacquer highlight r4 -0.16
13:21:01 | INFO: Primitives created: 1
13:21:01 | INFO: Extracting primitive: uesugi-samurai-07 chipped lacquer highlight r4 0.0
13:21:01 | INFO: Primitives created: 1
13:21:01 | INFO: Extracting primitive: uesugi-samurai-07 chipped lacquer highlight r4 0.16
13:21:01 | INFO: Primitives created: 1
13:21:01 | INFO: Extracting primitive: uesugi-samurai-07 rear lamellar back plate r1 c1 mesh
13:21:01 | INFO: Primitives created: 1
13:21:01 | INFO: Extracting primitive: uesugi-samurai-07 rear lamellar back plate r1 c2 mesh
13:21:01 | INFO: Primitives created: 1
13:21:01 | INFO: Extracting primitive: uesugi-samurai-07 rear lamellar back plate r1 c3 mesh
13:21:01 | INFO: Primitives created: 1
13:21:01 | INFO: Extracting primitive: uesugi-samurai-07 rear lamellar back plate r1 c4 mesh
13:21:01 | INFO: Primitives created: 1
13:21:01 | INFO: Extracting primitive: uesugi-samurai-07 rear odoshi lacing row 1
13:21:01 | INFO: Primitives created: 1
13:21:01 | INFO: Extracting primitive: uesugi-samurai-07 rear lamellar back plate r2 c1 mesh
13:21:01 | INFO: Primitives created: 1
13:21:01 | INFO: Extracting primitive: uesugi-samurai-07 rear lamellar back plate r2 c2 mesh
13:21:01 | INFO: Primitives created: 1
13:21:01 | INFO: Extracting primitive: uesugi-samurai-07 rear lamellar back plate r2 c3 mesh
13:21:01 | INFO: Primitives created: 1
13:21:01 | INFO: Extracting primitive: uesugi-samurai-07 rear lamellar back plate r2 c4 mesh
13:21:01 | INFO: Primitives created: 1
13:21:01 | INFO: Extracting primitive: uesugi-samurai-07 rear odoshi lacing row 2
13:21:01 | INFO: Primitives created: 1
13:21:01 | INFO: Extracting primitive: uesugi-samurai-07 rear lamellar back plate r3 c1 mesh
13:21:01 | INFO: Primitives created: 1
13:21:01 | INFO: Extracting primitive: uesugi-samurai-07 rear lamellar back plate r3 c2 mesh
13:21:01 | INFO: Primitives created: 1
13:21:01 | INFO: Extracting primitive: uesugi-samurai-07 rear lamellar back plate r3 c3 mesh
13:21:01 | INFO: Primitives created: 1
13:21:01 | INFO: Extracting primitive: uesugi-samurai-07 rear lamellar back plate r3 c4 mesh
13:21:01 | INFO: Primitives created: 1
13:21:01 | INFO: Extracting primitive: uesugi-samurai-07 rear odoshi lacing row 3
13:21:01 | INFO: Primitives created: 1
13:21:01 | INFO: Extracting primitive: uesugi-samurai-07 rear lamellar back plate r4 c1 mesh
13:21:01 | INFO: Primitives created: 1
13:21:01 | INFO: Extracting primitive: uesugi-samurai-07 rear lamellar back plate r4 c2 mesh
13:21:01 | INFO: Primitives created: 1
13:21:01 | INFO: Extracting primitive: uesugi-samurai-07 rear lamellar back plate r4 c3 mesh
13:21:01 | INFO: Primitives created: 1
13:21:01 | INFO: Extracting primitive: uesugi-samurai-07 rear lamellar back plate r4 c4 mesh
13:21:01 | INFO: Primitives created: 1
13:21:01 | INFO: Extracting primitive: uesugi-samurai-07 rear odoshi lacing row 4
13:21:01 | INFO: Primitives created: 1
13:21:01 | INFO: Extracting primitive: uesugi-samurai-07 rear lacquer edge scratch -0.17
13:21:01 | INFO: Primitives created: 1
13:21:01 | INFO: Extracting primitive: uesugi-samurai-07 rear lacquer edge scratch -0.06
13:21:01 | INFO: Primitives created: 1
13:21:01 | INFO: Extracting primitive: uesugi-samurai-07 rear lacquer edge scratch 0.06
13:21:01 | INFO: Primitives created: 1
13:21:01 | INFO: Extracting primitive: uesugi-samurai-07 rear lacquer edge scratch 0.17
13:21:01 | INFO: Primitives created: 1
13:21:01 | INFO: Extracting primitive: Sphere.315
13:21:01 | INFO: Primitives created: 1
13:21:01 | INFO: Extracting primitive: uesugi-samurai-07 articulated sode shoulder plate -1 1 mesh
13:21:01 | INFO: Primitives created: 1
13:21:01 | INFO: Extracting primitive: uesugi-samurai-07 sode lacing -1 1
13:21:01 | INFO: Primitives created: 1
13:21:01 | INFO: Extracting primitive: uesugi-samurai-07 articulated sode shoulder plate -1 2 mesh
13:21:01 | INFO: Primitives created: 1
13:21:01 | INFO: Extracting primitive: uesugi-samurai-07 sode lacing -1 2
13:21:01 | INFO: Primitives created: 1
13:21:01 | INFO: Extracting primitive: uesugi-samurai-07 articulated sode shoulder plate -1 3 mesh
13:21:01 | INFO: Primitives created: 1
13:21:01 | INFO: Extracting primitive: uesugi-samurai-07 sode lacing -1 3
13:21:01 | INFO: Primitives created: 1
13:21:01 | INFO: Extracting primitive: uesugi-samurai-07 articulated sode shoulder plate -1 4 mesh
13:21:01 | INFO: Primitives created: 1
13:21:01 | INFO: Extracting primitive: uesugi-samurai-07 sode lacing -1 4
13:21:01 | INFO: Primitives created: 1
13:21:01 | INFO: Extracting primitive: Sphere.316
13:21:01 | INFO: Primitives created: 1
13:21:01 | INFO: Extracting primitive: Sphere.317
13:21:01 | INFO: Primitives created: 1
13:21:01 | INFO: Extracting primitive: Sphere.318
13:21:01 | INFO: Primitives created: 1
13:21:01 | INFO: Extracting primitive: Sphere.319
13:21:01 | INFO: Primitives created: 1
13:21:01 | INFO: Extracting primitive: Sphere.320
13:21:01 | INFO: Primitives created: 1
13:21:01 | INFO: Extracting primitive: Cube.090
13:21:01 | INFO: Primitives created: 1
13:21:01 | INFO: Extracting primitive: uesugi-samurai-07 sandal toe strap -1
13:21:01 | INFO: Primitives created: 1
13:21:01 | INFO: Extracting primitive: Sphere.321
13:21:01 | INFO: Primitives created: 1
13:21:01 | INFO: Extracting primitive: uesugi-samurai-07 articulated sode shoulder plate 1 1 mesh
13:21:01 | INFO: Primitives created: 1
13:21:01 | INFO: Extracting primitive: uesugi-samurai-07 sode lacing 1 1
13:21:01 | INFO: Primitives created: 1
13:21:01 | INFO: Extracting primitive: uesugi-samurai-07 articulated sode shoulder plate 1 2 mesh
13:21:01 | INFO: Primitives created: 1
13:21:01 | INFO: Extracting primitive: uesugi-samurai-07 sode lacing 1 2
13:21:01 | INFO: Primitives created: 1
13:21:01 | INFO: Extracting primitive: uesugi-samurai-07 articulated sode shoulder plate 1 3 mesh
13:21:01 | INFO: Primitives created: 1
13:21:01 | INFO: Extracting primitive: uesugi-samurai-07 sode lacing 1 3
13:21:01 | INFO: Primitives created: 1
13:21:01 | INFO: Extracting primitive: uesugi-samurai-07 articulated sode shoulder plate 1 4 mesh
13:21:01 | INFO: Primitives created: 1
13:21:01 | INFO: Extracting primitive: uesugi-samurai-07 sode lacing 1 4
13:21:01 | INFO: Primitives created: 1
13:21:01 | INFO: Extracting primitive: Sphere.322
13:21:01 | INFO: Primitives created: 1
13:21:01 | INFO: Extracting primitive: Sphere.323
13:21:01 | INFO: Primitives created: 1
13:21:01 | INFO: Extracting primitive: Sphere.324
13:21:01 | INFO: Primitives created: 1
13:21:01 | INFO: Extracting primitive: Sphere.325
13:21:01 | INFO: Primitives created: 1
13:21:01 | INFO: Extracting primitive: Sphere.326
13:21:01 | INFO: Primitives created: 1
13:21:01 | INFO: Extracting primitive: Cube.091
13:21:01 | INFO: Primitives created: 1
13:21:01 | INFO: Extracting primitive: uesugi-samurai-07 sandal toe strap 1
13:21:01 | INFO: Primitives created: 1
13:21:01 | INFO: Extracting primitive: uesugi-samurai-07 kusazuri skirt -1 row 1 mesh
13:21:01 | INFO: Primitives created: 1
13:21:01 | INFO: Extracting primitive: uesugi-samurai-07 kusazuri skirt -1 row 2 mesh
13:21:01 | INFO: Primitives created: 1
13:21:01 | INFO: Extracting primitive: uesugi-samurai-07 kusazuri skirt 0 row 1 mesh
13:21:01 | INFO: Primitives created: 1
13:21:01 | INFO: Extracting primitive: uesugi-samurai-07 kusazuri skirt 0 row 2 mesh
13:21:01 | INFO: Primitives created: 1
13:21:01 | INFO: Extracting primitive: uesugi-samurai-07 kusazuri skirt 1 row 1 mesh
13:21:01 | INFO: Primitives created: 1
13:21:01 | INFO: Extracting primitive: uesugi-samurai-07 kusazuri skirt 1 row 2 mesh
13:21:01 | INFO: Primitives created: 1
13:21:01 | INFO: Extracting primitive: uesugi-samurai-07 guard katana blade
13:21:01 | INFO: Primitives created: 1
13:21:01 | INFO: Extracting primitive: Cylinder.020
13:21:01 | INFO: Primitives created: 1
13:21:01 | INFO: Extracting primitive: uesugi-samurai-07 sashimono bamboo pole
13:21:01 | INFO: Primitives created: 1
13:21:01 | INFO: Extracting primitive: uesugi-samurai-07 wind-bent sashimono cloth panel mesh
13:21:01 | INFO: Primitives created: 1
13:21:01 | INFO: Extracting primitive: Sphere.327
13:21:01 | INFO: Primitives created: 1
13:21:01 | INFO: Extracting primitive: Sphere.328
13:21:01 | INFO: Primitives created: 1
13:21:01 | INFO: Extracting primitive: Sphere.329
13:21:01 | INFO: Primitives created: 1
13:21:01 | INFO: Extracting primitive: Sphere.330
13:21:01 | INFO: Primitives created: 1
13:21:01 | INFO: Extracting primitive: Sphere.331
13:21:01 | INFO: Primitives created: 1
13:21:01 | INFO: Extracting primitive: Sphere.332
13:21:01 | INFO: Primitives created: 1
13:21:01 | INFO: Extracting primitive: Cube.092
13:21:01 | INFO: Primitives created: 1
13:21:01 | INFO: Extracting primitive: Sphere.333
13:21:01 | INFO: Primitives created: 1
13:21:01 | INFO: Extracting primitive: Cone.033
13:21:01 | INFO: Primitives created: 1
13:21:01 | INFO: Extracting primitive: uesugi-samurai-08 rear shikoro lamellar neck plate r1 c1 mesh
13:21:01 | INFO: Primitives created: 1
13:21:01 | INFO: Extracting primitive: uesugi-samurai-08 rear shikoro lamellar neck plate r1 c2 mesh
13:21:01 | INFO: Primitives created: 1
13:21:01 | INFO: Extracting primitive: uesugi-samurai-08 rear shikoro lamellar neck plate r1 c3 mesh
13:21:01 | INFO: Primitives created: 1
13:21:01 | INFO: Extracting primitive: uesugi-samurai-08 rear shikoro lamellar neck plate r2 c1 mesh
13:21:01 | INFO: Primitives created: 1
13:21:01 | INFO: Extracting primitive: uesugi-samurai-08 rear shikoro lamellar neck plate r2 c2 mesh
13:21:01 | INFO: Primitives created: 1
13:21:01 | INFO: Extracting primitive: uesugi-samurai-08 rear shikoro lamellar neck plate r2 c3 mesh
13:21:01 | INFO: Primitives created: 1
13:21:01 | INFO: Extracting primitive: uesugi-samurai-08 rear shikoro lamellar neck plate r3 c1 mesh
13:21:01 | INFO: Primitives created: 1
13:21:01 | INFO: Extracting primitive: uesugi-samurai-08 rear shikoro lamellar neck plate r3 c2 mesh
13:21:01 | INFO: Primitives created: 1
13:21:01 | INFO: Extracting primitive: uesugi-samurai-08 rear shikoro lamellar neck plate r3 c3 mesh
13:21:01 | INFO: Primitives created: 1
13:21:01 | INFO: Extracting primitive: uesugi-samurai-08 raised kabuto rib 1
13:21:01 | INFO: Primitives created: 1
13:21:01 | INFO: Extracting primitive: uesugi-samurai-08 raised kabuto rib 2
13:21:01 | INFO: Primitives created: 1
13:21:01 | INFO: Extracting primitive: uesugi-samurai-08 raised kabuto rib 3
13:21:01 | INFO: Primitives created: 1
13:21:01 | INFO: Extracting primitive: uesugi-samurai-08 left antler maedate
13:21:01 | INFO: Primitives created: 1
13:21:01 | INFO: Extracting primitive: uesugi-samurai-08 right antler maedate
13:21:01 | INFO: Primitives created: 1
13:21:01 | INFO: Extracting primitive: uesugi-samurai-08 individual front lamellar plate r1 c1 mesh
13:21:01 | INFO: Primitives created: 1
13:21:01 | INFO: Extracting primitive: uesugi-samurai-08 individual front lamellar plate r1 c2 mesh
13:21:01 | INFO: Primitives created: 1
13:21:01 | INFO: Extracting primitive: uesugi-samurai-08 individual front lamellar plate r1 c3 mesh
13:21:01 | INFO: Primitives created: 1
13:21:01 | INFO: Extracting primitive: uesugi-samurai-08 individual front lamellar plate r1 c4 mesh
13:21:01 | INFO: Primitives created: 1
13:21:01 | INFO: Extracting primitive: uesugi-samurai-08 individual front lamellar plate r1 c5 mesh
13:21:01 | INFO: Primitives created: 1
13:21:01 | INFO: Extracting primitive: uesugi-samurai-08 odoshi lacing row 1
13:21:01 | INFO: Primitives created: 1
13:21:01 | INFO: Extracting primitive: uesugi-samurai-08 chipped lacquer highlight r1 -0.16
13:21:01 | INFO: Primitives created: 1
13:21:01 | INFO: Extracting primitive: uesugi-samurai-08 chipped lacquer highlight r1 0.0
13:21:01 | INFO: Primitives created: 1
13:21:01 | INFO: Extracting primitive: uesugi-samurai-08 chipped lacquer highlight r1 0.16
13:21:01 | INFO: Primitives created: 1
13:21:01 | INFO: Extracting primitive: uesugi-samurai-08 individual front lamellar plate r2 c1 mesh
13:21:01 | INFO: Primitives created: 1
13:21:01 | INFO: Extracting primitive: uesugi-samurai-08 individual front lamellar plate r2 c2 mesh
13:21:01 | INFO: Primitives created: 1
13:21:01 | INFO: Extracting primitive: uesugi-samurai-08 individual front lamellar plate r2 c3 mesh
13:21:01 | INFO: Primitives created: 1
13:21:01 | INFO: Extracting primitive: uesugi-samurai-08 individual front lamellar plate r2 c4 mesh
13:21:01 | INFO: Primitives created: 1
13:21:01 | INFO: Extracting primitive: uesugi-samurai-08 individual front lamellar plate r2 c5 mesh
13:21:01 | INFO: Primitives created: 1
13:21:01 | INFO: Extracting primitive: uesugi-samurai-08 odoshi lacing row 2
13:21:01 | INFO: Primitives created: 1
13:21:01 | INFO: Extracting primitive: uesugi-samurai-08 chipped lacquer highlight r2 -0.16
13:21:01 | INFO: Primitives created: 1
13:21:01 | INFO: Extracting primitive: uesugi-samurai-08 chipped lacquer highlight r2 0.0
13:21:01 | INFO: Primitives created: 1
13:21:01 | INFO: Extracting primitive: uesugi-samurai-08 chipped lacquer highlight r2 0.16
13:21:01 | INFO: Primitives created: 1
13:21:01 | INFO: Extracting primitive: uesugi-samurai-08 individual front lamellar plate r3 c1 mesh
13:21:01 | INFO: Primitives created: 1
13:21:01 | INFO: Extracting primitive: uesugi-samurai-08 individual front lamellar plate r3 c2 mesh
13:21:01 | INFO: Primitives created: 1
13:21:01 | INFO: Extracting primitive: uesugi-samurai-08 individual front lamellar plate r3 c3 mesh
13:21:01 | INFO: Primitives created: 1
13:21:01 | INFO: Extracting primitive: uesugi-samurai-08 individual front lamellar plate r3 c4 mesh
13:21:01 | INFO: Primitives created: 1
13:21:01 | INFO: Extracting primitive: uesugi-samurai-08 individual front lamellar plate r3 c5 mesh
13:21:01 | INFO: Primitives created: 1
13:21:01 | INFO: Extracting primitive: uesugi-samurai-08 odoshi lacing row 3
13:21:01 | INFO: Primitives created: 1
13:21:01 | INFO: Extracting primitive: uesugi-samurai-08 chipped lacquer highlight r3 -0.16
13:21:01 | INFO: Primitives created: 1
13:21:01 | INFO: Extracting primitive: uesugi-samurai-08 chipped lacquer highlight r3 0.0
13:21:01 | INFO: Primitives created: 1
13:21:01 | INFO: Extracting primitive: uesugi-samurai-08 chipped lacquer highlight r3 0.16
13:21:01 | INFO: Primitives created: 1
13:21:01 | INFO: Extracting primitive: uesugi-samurai-08 individual front lamellar plate r4 c1 mesh
13:21:01 | INFO: Primitives created: 1
13:21:01 | INFO: Extracting primitive: uesugi-samurai-08 individual front lamellar plate r4 c2 mesh
13:21:01 | INFO: Primitives created: 1
13:21:01 | INFO: Extracting primitive: uesugi-samurai-08 individual front lamellar plate r4 c3 mesh
13:21:01 | INFO: Primitives created: 1
13:21:01 | INFO: Extracting primitive: uesugi-samurai-08 individual front lamellar plate r4 c4 mesh
13:21:01 | INFO: Primitives created: 1
13:21:01 | INFO: Extracting primitive: uesugi-samurai-08 individual front lamellar plate r4 c5 mesh
13:21:01 | INFO: Primitives created: 1
13:21:01 | INFO: Extracting primitive: uesugi-samurai-08 odoshi lacing row 4
13:21:01 | INFO: Primitives created: 1
13:21:01 | INFO: Extracting primitive: uesugi-samurai-08 chipped lacquer highlight r4 -0.16
13:21:01 | INFO: Primitives created: 1
13:21:01 | INFO: Extracting primitive: uesugi-samurai-08 chipped lacquer highlight r4 0.0
13:21:01 | INFO: Primitives created: 1
13:21:01 | INFO: Extracting primitive: uesugi-samurai-08 chipped lacquer highlight r4 0.16
13:21:01 | INFO: Primitives created: 1
13:21:01 | INFO: Extracting primitive: uesugi-samurai-08 rear lamellar back plate r1 c1 mesh
13:21:01 | INFO: Primitives created: 1
13:21:01 | INFO: Extracting primitive: uesugi-samurai-08 rear lamellar back plate r1 c2 mesh
13:21:01 | INFO: Primitives created: 1
13:21:01 | INFO: Extracting primitive: uesugi-samurai-08 rear lamellar back plate r1 c3 mesh
13:21:01 | INFO: Primitives created: 1
13:21:01 | INFO: Extracting primitive: uesugi-samurai-08 rear lamellar back plate r1 c4 mesh
13:21:01 | INFO: Primitives created: 1
13:21:01 | INFO: Extracting primitive: uesugi-samurai-08 rear odoshi lacing row 1
13:21:01 | INFO: Primitives created: 1
13:21:01 | INFO: Extracting primitive: uesugi-samurai-08 rear lamellar back plate r2 c1 mesh
13:21:01 | INFO: Primitives created: 1
13:21:01 | INFO: Extracting primitive: uesugi-samurai-08 rear lamellar back plate r2 c2 mesh
13:21:01 | INFO: Primitives created: 1
13:21:01 | INFO: Extracting primitive: uesugi-samurai-08 rear lamellar back plate r2 c3 mesh
13:21:01 | INFO: Primitives created: 1
13:21:01 | INFO: Extracting primitive: uesugi-samurai-08 rear lamellar back plate r2 c4 mesh
13:21:01 | INFO: Primitives created: 1
13:21:01 | INFO: Extracting primitive: uesugi-samurai-08 rear odoshi lacing row 2
13:21:01 | INFO: Primitives created: 1
13:21:01 | INFO: Extracting primitive: uesugi-samurai-08 rear lamellar back plate r3 c1 mesh
13:21:01 | INFO: Primitives created: 1
13:21:01 | INFO: Extracting primitive: uesugi-samurai-08 rear lamellar back plate r3 c2 mesh
13:21:01 | INFO: Primitives created: 1
13:21:01 | INFO: Extracting primitive: uesugi-samurai-08 rear lamellar back plate r3 c3 mesh
13:21:01 | INFO: Primitives created: 1
13:21:01 | INFO: Extracting primitive: uesugi-samurai-08 rear lamellar back plate r3 c4 mesh
13:21:01 | INFO: Primitives created: 1
13:21:01 | INFO: Extracting primitive: uesugi-samurai-08 rear odoshi lacing row 3
13:21:01 | INFO: Primitives created: 1
13:21:01 | INFO: Extracting primitive: uesugi-samurai-08 rear lamellar back plate r4 c1 mesh
13:21:01 | INFO: Primitives created: 1
13:21:01 | INFO: Extracting primitive: uesugi-samurai-08 rear lamellar back plate r4 c2 mesh
13:21:01 | INFO: Primitives created: 1
13:21:01 | INFO: Extracting primitive: uesugi-samurai-08 rear lamellar back plate r4 c3 mesh
13:21:01 | INFO: Primitives created: 1
13:21:01 | INFO: Extracting primitive: uesugi-samurai-08 rear lamellar back plate r4 c4 mesh
13:21:01 | INFO: Primitives created: 1
13:21:01 | INFO: Extracting primitive: uesugi-samurai-08 rear odoshi lacing row 4
13:21:01 | INFO: Primitives created: 1
13:21:01 | INFO: Extracting primitive: uesugi-samurai-08 rear lacquer edge scratch -0.17
13:21:01 | INFO: Primitives created: 1
13:21:01 | INFO: Extracting primitive: uesugi-samurai-08 rear lacquer edge scratch -0.06
13:21:01 | INFO: Primitives created: 1
13:21:01 | INFO: Extracting primitive: uesugi-samurai-08 rear lacquer edge scratch 0.06
13:21:01 | INFO: Primitives created: 1
13:21:01 | INFO: Extracting primitive: uesugi-samurai-08 rear lacquer edge scratch 0.17
13:21:01 | INFO: Primitives created: 1
13:21:01 | INFO: Extracting primitive: Sphere.334
13:21:01 | INFO: Primitives created: 1
13:21:01 | INFO: Extracting primitive: uesugi-samurai-08 articulated sode shoulder plate -1 1 mesh
13:21:01 | INFO: Primitives created: 1
13:21:01 | INFO: Extracting primitive: uesugi-samurai-08 sode lacing -1 1
13:21:01 | INFO: Primitives created: 1
13:21:01 | INFO: Extracting primitive: uesugi-samurai-08 articulated sode shoulder plate -1 2 mesh
13:21:01 | INFO: Primitives created: 1
13:21:01 | INFO: Extracting primitive: uesugi-samurai-08 sode lacing -1 2
13:21:01 | INFO: Primitives created: 1
13:21:01 | INFO: Extracting primitive: uesugi-samurai-08 articulated sode shoulder plate -1 3 mesh
13:21:01 | INFO: Primitives created: 1
13:21:01 | INFO: Extracting primitive: uesugi-samurai-08 sode lacing -1 3
13:21:01 | INFO: Primitives created: 1
13:21:01 | INFO: Extracting primitive: uesugi-samurai-08 articulated sode shoulder plate -1 4 mesh
13:21:01 | INFO: Primitives created: 1
13:21:01 | INFO: Extracting primitive: uesugi-samurai-08 sode lacing -1 4
13:21:01 | INFO: Primitives created: 1
13:21:01 | INFO: Extracting primitive: Sphere.335
13:21:01 | INFO: Primitives created: 1
13:21:01 | INFO: Extracting primitive: Sphere.336
13:21:01 | INFO: Primitives created: 1
13:21:01 | INFO: Extracting primitive: Sphere.337
13:21:01 | INFO: Primitives created: 1
13:21:01 | INFO: Extracting primitive: Sphere.338
13:21:01 | INFO: Primitives created: 1
13:21:01 | INFO: Extracting primitive: Sphere.339
13:21:01 | INFO: Primitives created: 1
13:21:01 | INFO: Extracting primitive: Cube.093
13:21:01 | INFO: Primitives created: 1
13:21:01 | INFO: Extracting primitive: uesugi-samurai-08 sandal toe strap -1
13:21:01 | INFO: Primitives created: 1
13:21:01 | INFO: Extracting primitive: Sphere.340
13:21:01 | INFO: Primitives created: 1
13:21:01 | INFO: Extracting primitive: uesugi-samurai-08 articulated sode shoulder plate 1 1 mesh
13:21:01 | INFO: Primitives created: 1
13:21:01 | INFO: Extracting primitive: uesugi-samurai-08 sode lacing 1 1
13:21:01 | INFO: Primitives created: 1
13:21:01 | INFO: Extracting primitive: uesugi-samurai-08 articulated sode shoulder plate 1 2 mesh
13:21:01 | INFO: Primitives created: 1
13:21:01 | INFO: Extracting primitive: uesugi-samurai-08 sode lacing 1 2
13:21:01 | INFO: Primitives created: 1
13:21:01 | INFO: Extracting primitive: uesugi-samurai-08 articulated sode shoulder plate 1 3 mesh
13:21:01 | INFO: Primitives created: 1
13:21:01 | INFO: Extracting primitive: uesugi-samurai-08 sode lacing 1 3
13:21:01 | INFO: Primitives created: 1
13:21:01 | INFO: Extracting primitive: uesugi-samurai-08 articulated sode shoulder plate 1 4 mesh
13:21:01 | INFO: Primitives created: 1
13:21:01 | INFO: Extracting primitive: uesugi-samurai-08 sode lacing 1 4
13:21:01 | INFO: Primitives created: 1
13:21:01 | INFO: Extracting primitive: Sphere.341
13:21:01 | INFO: Primitives created: 1
13:21:01 | INFO: Extracting primitive: Sphere.342
13:21:01 | INFO: Primitives created: 1
13:21:01 | INFO: Extracting primitive: Sphere.343
13:21:01 | INFO: Primitives created: 1
13:21:01 | INFO: Extracting primitive: Sphere.344
13:21:01 | INFO: Primitives created: 1
13:21:01 | INFO: Extracting primitive: Sphere.345
13:21:01 | INFO: Primitives created: 1
13:21:01 | INFO: Extracting primitive: Cube.094
13:21:01 | INFO: Primitives created: 1
13:21:01 | INFO: Extracting primitive: uesugi-samurai-08 sandal toe strap 1
13:21:01 | INFO: Primitives created: 1
13:21:01 | INFO: Extracting primitive: uesugi-samurai-08 kusazuri skirt -1 row 1 mesh
13:21:01 | INFO: Primitives created: 1
13:21:01 | INFO: Extracting primitive: uesugi-samurai-08 kusazuri skirt -1 row 2 mesh
13:21:01 | INFO: Primitives created: 1
13:21:01 | INFO: Extracting primitive: uesugi-samurai-08 kusazuri skirt 0 row 1 mesh
13:21:01 | INFO: Primitives created: 1
13:21:01 | INFO: Extracting primitive: uesugi-samurai-08 kusazuri skirt 0 row 2 mesh
13:21:01 | INFO: Primitives created: 1
13:21:01 | INFO: Extracting primitive: uesugi-samurai-08 kusazuri skirt 1 row 1 mesh
13:21:01 | INFO: Primitives created: 1
13:21:01 | INFO: Extracting primitive: uesugi-samurai-08 kusazuri skirt 1 row 2 mesh
13:21:01 | INFO: Primitives created: 1
13:21:01 | INFO: Extracting primitive: uesugi-samurai-08 yari shaft
13:21:01 | INFO: Primitives created: 1
13:21:01 | INFO: Extracting primitive: Cone.034
13:21:01 | INFO: Primitives created: 1
13:21:01 | INFO: Extracting primitive: uesugi-samurai-08 sashimono bamboo pole
13:21:01 | INFO: Primitives created: 1
13:21:01 | INFO: Extracting primitive: uesugi-samurai-08 wind-bent sashimono cloth panel mesh
13:21:01 | INFO: Primitives created: 1
13:21:01 | INFO: Extracting primitive: Sphere.346
13:21:01 | INFO: Primitives created: 1
13:21:01 | INFO: Extracting primitive: Sphere.347
13:21:01 | INFO: Primitives created: 1
13:21:01 | INFO: Extracting primitive: Sphere.348
13:21:01 | INFO: Primitives created: 1
13:21:01 | INFO: Extracting primitive: Sphere.349
13:21:01 | INFO: Primitives created: 1
13:21:01 | INFO: Extracting primitive: Sphere.350
13:21:01 | INFO: Primitives created: 1
13:21:01 | INFO: Extracting primitive: Sphere.351
13:21:01 | INFO: Primitives created: 1
13:21:01 | INFO: Extracting primitive: Cube.095
13:21:01 | INFO: Primitives created: 1
13:21:01 | INFO: Extracting primitive: Sphere.352
13:21:01 | INFO: Primitives created: 1
13:21:01 | INFO: Extracting primitive: Cone.035
13:21:01 | INFO: Primitives created: 1
13:21:01 | INFO: Extracting primitive: uesugi-samurai-09 rear shikoro lamellar neck plate r1 c1 mesh
13:21:01 | INFO: Primitives created: 1
13:21:01 | INFO: Extracting primitive: uesugi-samurai-09 rear shikoro lamellar neck plate r1 c2 mesh
13:21:01 | INFO: Primitives created: 1
13:21:01 | INFO: Extracting primitive: uesugi-samurai-09 rear shikoro lamellar neck plate r1 c3 mesh
13:21:01 | INFO: Primitives created: 1
13:21:01 | INFO: Extracting primitive: uesugi-samurai-09 rear shikoro lamellar neck plate r2 c1 mesh
13:21:01 | INFO: Primitives created: 1
13:21:01 | INFO: Extracting primitive: uesugi-samurai-09 rear shikoro lamellar neck plate r2 c2 mesh
13:21:01 | INFO: Primitives created: 1
13:21:01 | INFO: Extracting primitive: uesugi-samurai-09 rear shikoro lamellar neck plate r2 c3 mesh
13:21:01 | INFO: Primitives created: 1
13:21:01 | INFO: Extracting primitive: uesugi-samurai-09 rear shikoro lamellar neck plate r3 c1 mesh
13:21:01 | INFO: Primitives created: 1
13:21:01 | INFO: Extracting primitive: uesugi-samurai-09 rear shikoro lamellar neck plate r3 c2 mesh
13:21:01 | INFO: Primitives created: 1
13:21:01 | INFO: Extracting primitive: uesugi-samurai-09 rear shikoro lamellar neck plate r3 c3 mesh
13:21:01 | INFO: Primitives created: 1
13:21:01 | INFO: Extracting primitive: uesugi-samurai-09 raised kabuto rib 1
13:21:01 | INFO: Primitives created: 1
13:21:01 | INFO: Extracting primitive: uesugi-samurai-09 raised kabuto rib 2
13:21:01 | INFO: Primitives created: 1
13:21:01 | INFO: Extracting primitive: uesugi-samurai-09 raised kabuto rib 3
13:21:01 | INFO: Primitives created: 1
13:21:01 | INFO: Extracting primitive: uesugi-samurai-09 left antler maedate
13:21:01 | INFO: Primitives created: 1
13:21:01 | INFO: Extracting primitive: uesugi-samurai-09 right antler maedate
13:21:01 | INFO: Primitives created: 1
13:21:01 | INFO: Extracting primitive: uesugi-samurai-09 individual front lamellar plate r1 c1 mesh
13:21:01 | INFO: Primitives created: 1
13:21:01 | INFO: Extracting primitive: uesugi-samurai-09 individual front lamellar plate r1 c2 mesh
13:21:01 | INFO: Primitives created: 1
13:21:01 | INFO: Extracting primitive: uesugi-samurai-09 individual front lamellar plate r1 c3 mesh
13:21:01 | INFO: Primitives created: 1
13:21:01 | INFO: Extracting primitive: uesugi-samurai-09 individual front lamellar plate r1 c4 mesh
13:21:01 | INFO: Primitives created: 1
13:21:01 | INFO: Extracting primitive: uesugi-samurai-09 individual front lamellar plate r1 c5 mesh
13:21:01 | INFO: Primitives created: 1
13:21:01 | INFO: Extracting primitive: uesugi-samurai-09 odoshi lacing row 1
13:21:01 | INFO: Primitives created: 1
13:21:01 | INFO: Extracting primitive: uesugi-samurai-09 chipped lacquer highlight r1 -0.16
13:21:01 | INFO: Primitives created: 1
13:21:01 | INFO: Extracting primitive: uesugi-samurai-09 chipped lacquer highlight r1 0.0
13:21:01 | INFO: Primitives created: 1
13:21:01 | INFO: Extracting primitive: uesugi-samurai-09 chipped lacquer highlight r1 0.16
13:21:01 | INFO: Primitives created: 1
13:21:01 | INFO: Extracting primitive: uesugi-samurai-09 individual front lamellar plate r2 c1 mesh
13:21:01 | INFO: Primitives created: 1
13:21:01 | INFO: Extracting primitive: uesugi-samurai-09 individual front lamellar plate r2 c2 mesh
13:21:01 | INFO: Primitives created: 1
13:21:01 | INFO: Extracting primitive: uesugi-samurai-09 individual front lamellar plate r2 c3 mesh
13:21:01 | INFO: Primitives created: 1
13:21:01 | INFO: Extracting primitive: uesugi-samurai-09 individual front lamellar plate r2 c4 mesh
13:21:01 | INFO: Primitives created: 1
13:21:01 | INFO: Extracting primitive: uesugi-samurai-09 individual front lamellar plate r2 c5 mesh
13:21:01 | INFO: Primitives created: 1
13:21:01 | INFO: Extracting primitive: uesugi-samurai-09 odoshi lacing row 2
13:21:01 | INFO: Primitives created: 1
13:21:01 | INFO: Extracting primitive: uesugi-samurai-09 chipped lacquer highlight r2 -0.16
13:21:01 | INFO: Primitives created: 1
13:21:01 | INFO: Extracting primitive: uesugi-samurai-09 chipped lacquer highlight r2 0.0
13:21:01 | INFO: Primitives created: 1
13:21:01 | INFO: Extracting primitive: uesugi-samurai-09 chipped lacquer highlight r2 0.16
13:21:01 | INFO: Primitives created: 1
13:21:01 | INFO: Extracting primitive: uesugi-samurai-09 individual front lamellar plate r3 c1 mesh
13:21:01 | INFO: Primitives created: 1
13:21:01 | INFO: Extracting primitive: uesugi-samurai-09 individual front lamellar plate r3 c2 mesh
13:21:01 | INFO: Primitives created: 1
13:21:01 | INFO: Extracting primitive: uesugi-samurai-09 individual front lamellar plate r3 c3 mesh
13:21:01 | INFO: Primitives created: 1
13:21:01 | INFO: Extracting primitive: uesugi-samurai-09 individual front lamellar plate r3 c4 mesh
13:21:01 | INFO: Primitives created: 1
13:21:01 | INFO: Extracting primitive: uesugi-samurai-09 individual front lamellar plate r3 c5 mesh
13:21:01 | INFO: Primitives created: 1
13:21:01 | INFO: Extracting primitive: uesugi-samurai-09 odoshi lacing row 3
13:21:01 | INFO: Primitives created: 1
13:21:01 | INFO: Extracting primitive: uesugi-samurai-09 chipped lacquer highlight r3 -0.16
13:21:01 | INFO: Primitives created: 1
13:21:01 | INFO: Extracting primitive: uesugi-samurai-09 chipped lacquer highlight r3 0.0
13:21:01 | INFO: Primitives created: 1
13:21:01 | INFO: Extracting primitive: uesugi-samurai-09 chipped lacquer highlight r3 0.16
13:21:01 | INFO: Primitives created: 1
13:21:01 | INFO: Extracting primitive: uesugi-samurai-09 individual front lamellar plate r4 c1 mesh
13:21:01 | INFO: Primitives created: 1
13:21:01 | INFO: Extracting primitive: uesugi-samurai-09 individual front lamellar plate r4 c2 mesh
13:21:01 | INFO: Primitives created: 1
13:21:01 | INFO: Extracting primitive: uesugi-samurai-09 individual front lamellar plate r4 c3 mesh
13:21:01 | INFO: Primitives created: 1
13:21:01 | INFO: Extracting primitive: uesugi-samurai-09 individual front lamellar plate r4 c4 mesh
13:21:01 | INFO: Primitives created: 1
13:21:01 | INFO: Extracting primitive: uesugi-samurai-09 individual front lamellar plate r4 c5 mesh
13:21:01 | INFO: Primitives created: 1
13:21:01 | INFO: Extracting primitive: uesugi-samurai-09 odoshi lacing row 4
13:21:01 | INFO: Primitives created: 1
13:21:01 | INFO: Extracting primitive: uesugi-samurai-09 chipped lacquer highlight r4 -0.16
13:21:01 | INFO: Primitives created: 1
13:21:01 | INFO: Extracting primitive: uesugi-samurai-09 chipped lacquer highlight r4 0.0
13:21:01 | INFO: Primitives created: 1
13:21:01 | INFO: Extracting primitive: uesugi-samurai-09 chipped lacquer highlight r4 0.16
13:21:01 | INFO: Primitives created: 1
13:21:01 | INFO: Extracting primitive: uesugi-samurai-09 rear lamellar back plate r1 c1 mesh
13:21:01 | INFO: Primitives created: 1
13:21:01 | INFO: Extracting primitive: uesugi-samurai-09 rear lamellar back plate r1 c2 mesh
13:21:01 | INFO: Primitives created: 1
13:21:01 | INFO: Extracting primitive: uesugi-samurai-09 rear lamellar back plate r1 c3 mesh
13:21:01 | INFO: Primitives created: 1
13:21:01 | INFO: Extracting primitive: uesugi-samurai-09 rear lamellar back plate r1 c4 mesh
13:21:01 | INFO: Primitives created: 1
13:21:01 | INFO: Extracting primitive: uesugi-samurai-09 rear odoshi lacing row 1
13:21:01 | INFO: Primitives created: 1
13:21:01 | INFO: Extracting primitive: uesugi-samurai-09 rear lamellar back plate r2 c1 mesh
13:21:01 | INFO: Primitives created: 1
13:21:01 | INFO: Extracting primitive: uesugi-samurai-09 rear lamellar back plate r2 c2 mesh
13:21:01 | INFO: Primitives created: 1
13:21:01 | INFO: Extracting primitive: uesugi-samurai-09 rear lamellar back plate r2 c3 mesh
13:21:01 | INFO: Primitives created: 1
13:21:01 | INFO: Extracting primitive: uesugi-samurai-09 rear lamellar back plate r2 c4 mesh
13:21:01 | INFO: Primitives created: 1
13:21:01 | INFO: Extracting primitive: uesugi-samurai-09 rear odoshi lacing row 2
13:21:01 | INFO: Primitives created: 1
13:21:01 | INFO: Extracting primitive: uesugi-samurai-09 rear lamellar back plate r3 c1 mesh
13:21:01 | INFO: Primitives created: 1
13:21:01 | INFO: Extracting primitive: uesugi-samurai-09 rear lamellar back plate r3 c2 mesh
13:21:01 | INFO: Primitives created: 1
13:21:01 | INFO: Extracting primitive: uesugi-samurai-09 rear lamellar back plate r3 c3 mesh
13:21:01 | INFO: Primitives created: 1
13:21:01 | INFO: Extracting primitive: uesugi-samurai-09 rear lamellar back plate r3 c4 mesh
13:21:01 | INFO: Primitives created: 1
13:21:01 | INFO: Extracting primitive: uesugi-samurai-09 rear odoshi lacing row 3
13:21:01 | INFO: Primitives created: 1
13:21:01 | INFO: Extracting primitive: uesugi-samurai-09 rear lamellar back plate r4 c1 mesh
13:21:01 | INFO: Primitives created: 1
13:21:01 | INFO: Extracting primitive: uesugi-samurai-09 rear lamellar back plate r4 c2 mesh
13:21:01 | INFO: Primitives created: 1
13:21:01 | INFO: Extracting primitive: uesugi-samurai-09 rear lamellar back plate r4 c3 mesh
13:21:01 | INFO: Primitives created: 1
13:21:01 | INFO: Extracting primitive: uesugi-samurai-09 rear lamellar back plate r4 c4 mesh
13:21:01 | INFO: Primitives created: 1
13:21:01 | INFO: Extracting primitive: uesugi-samurai-09 rear odoshi lacing row 4
13:21:01 | INFO: Primitives created: 1
13:21:01 | INFO: Extracting primitive: uesugi-samurai-09 rear lacquer edge scratch -0.17
13:21:01 | INFO: Primitives created: 1
13:21:01 | INFO: Extracting primitive: uesugi-samurai-09 rear lacquer edge scratch -0.06
13:21:01 | INFO: Primitives created: 1
13:21:01 | INFO: Extracting primitive: uesugi-samurai-09 rear lacquer edge scratch 0.06
13:21:01 | INFO: Primitives created: 1
13:21:01 | INFO: Extracting primitive: uesugi-samurai-09 rear lacquer edge scratch 0.17
13:21:01 | INFO: Primitives created: 1
13:21:01 | INFO: Extracting primitive: Sphere.353
13:21:01 | INFO: Primitives created: 1
13:21:01 | INFO: Extracting primitive: uesugi-samurai-09 articulated sode shoulder plate -1 1 mesh
13:21:01 | INFO: Primitives created: 1
13:21:01 | INFO: Extracting primitive: uesugi-samurai-09 sode lacing -1 1
13:21:01 | INFO: Primitives created: 1
13:21:01 | INFO: Extracting primitive: uesugi-samurai-09 articulated sode shoulder plate -1 2 mesh
13:21:01 | INFO: Primitives created: 1
13:21:01 | INFO: Extracting primitive: uesugi-samurai-09 sode lacing -1 2
13:21:01 | INFO: Primitives created: 1
13:21:01 | INFO: Extracting primitive: uesugi-samurai-09 articulated sode shoulder plate -1 3 mesh
13:21:01 | INFO: Primitives created: 1
13:21:01 | INFO: Extracting primitive: uesugi-samurai-09 sode lacing -1 3
13:21:01 | INFO: Primitives created: 1
13:21:01 | INFO: Extracting primitive: uesugi-samurai-09 articulated sode shoulder plate -1 4 mesh
13:21:01 | INFO: Primitives created: 1
13:21:01 | INFO: Extracting primitive: uesugi-samurai-09 sode lacing -1 4
13:21:01 | INFO: Primitives created: 1
13:21:01 | INFO: Extracting primitive: Sphere.354
13:21:01 | INFO: Primitives created: 1
13:21:01 | INFO: Extracting primitive: Sphere.355
13:21:01 | INFO: Primitives created: 1
13:21:01 | INFO: Extracting primitive: Sphere.356
13:21:01 | INFO: Primitives created: 1
13:21:01 | INFO: Extracting primitive: Sphere.357
13:21:01 | INFO: Primitives created: 1
13:21:01 | INFO: Extracting primitive: Sphere.358
13:21:01 | INFO: Primitives created: 1
13:21:01 | INFO: Extracting primitive: Cube.096
13:21:01 | INFO: Primitives created: 1
13:21:01 | INFO: Extracting primitive: uesugi-samurai-09 sandal toe strap -1
13:21:01 | INFO: Primitives created: 1
13:21:01 | INFO: Extracting primitive: Sphere.359
13:21:01 | INFO: Primitives created: 1
13:21:01 | INFO: Extracting primitive: uesugi-samurai-09 articulated sode shoulder plate 1 1 mesh
13:21:01 | INFO: Primitives created: 1
13:21:01 | INFO: Extracting primitive: uesugi-samurai-09 sode lacing 1 1
13:21:01 | INFO: Primitives created: 1
13:21:01 | INFO: Extracting primitive: uesugi-samurai-09 articulated sode shoulder plate 1 2 mesh
13:21:01 | INFO: Primitives created: 1
13:21:01 | INFO: Extracting primitive: uesugi-samurai-09 sode lacing 1 2
13:21:01 | INFO: Primitives created: 1
13:21:01 | INFO: Extracting primitive: uesugi-samurai-09 articulated sode shoulder plate 1 3 mesh
13:21:01 | INFO: Primitives created: 1
13:21:01 | INFO: Extracting primitive: uesugi-samurai-09 sode lacing 1 3
13:21:01 | INFO: Primitives created: 1
13:21:01 | INFO: Extracting primitive: uesugi-samurai-09 articulated sode shoulder plate 1 4 mesh
13:21:01 | INFO: Primitives created: 1
13:21:01 | INFO: Extracting primitive: uesugi-samurai-09 sode lacing 1 4
13:21:01 | INFO: Primitives created: 1
13:21:01 | INFO: Extracting primitive: Sphere.360
13:21:01 | INFO: Primitives created: 1
13:21:01 | INFO: Extracting primitive: Sphere.361
13:21:01 | INFO: Primitives created: 1
13:21:01 | INFO: Extracting primitive: Sphere.362
13:21:01 | INFO: Primitives created: 1
13:21:01 | INFO: Extracting primitive: Sphere.363
13:21:01 | INFO: Primitives created: 1
13:21:01 | INFO: Extracting primitive: Sphere.364
13:21:01 | INFO: Primitives created: 1
13:21:01 | INFO: Extracting primitive: Cube.097
13:21:01 | INFO: Primitives created: 1
13:21:01 | INFO: Extracting primitive: uesugi-samurai-09 sandal toe strap 1
13:21:01 | INFO: Primitives created: 1
13:21:01 | INFO: Extracting primitive: uesugi-samurai-09 kusazuri skirt -1 row 1 mesh
13:21:01 | INFO: Primitives created: 1
13:21:01 | INFO: Extracting primitive: uesugi-samurai-09 kusazuri skirt -1 row 2 mesh
13:21:01 | INFO: Primitives created: 1
13:21:01 | INFO: Extracting primitive: uesugi-samurai-09 kusazuri skirt 0 row 1 mesh
13:21:01 | INFO: Primitives created: 1
13:21:01 | INFO: Extracting primitive: uesugi-samurai-09 kusazuri skirt 0 row 2 mesh
13:21:01 | INFO: Primitives created: 1
13:21:01 | INFO: Extracting primitive: uesugi-samurai-09 kusazuri skirt 1 row 1 mesh
13:21:01 | INFO: Primitives created: 1
13:21:01 | INFO: Extracting primitive: uesugi-samurai-09 kusazuri skirt 1 row 2 mesh
13:21:01 | INFO: Primitives created: 1
13:21:01 | INFO: Extracting primitive: uesugi-samurai-09 guard katana blade
13:21:01 | INFO: Primitives created: 1
13:21:01 | INFO: Extracting primitive: Cylinder.021
13:21:01 | INFO: Primitives created: 1
13:21:01 | INFO: Extracting primitive: uesugi-samurai-09 sashimono bamboo pole
13:21:01 | INFO: Primitives created: 1
13:21:01 | INFO: Extracting primitive: uesugi-samurai-09 wind-bent sashimono cloth panel mesh
13:21:01 | INFO: Primitives created: 1
13:21:01 | INFO: Extracting primitive: Sphere.365
13:21:01 | INFO: Primitives created: 1
13:21:01 | INFO: Extracting primitive: Sphere.366
13:21:01 | INFO: Primitives created: 1
13:21:01 | INFO: Extracting primitive: Sphere.367
13:21:01 | INFO: Primitives created: 1
13:21:01 | INFO: Extracting primitive: Sphere.368
13:21:01 | INFO: Primitives created: 1
13:21:01 | INFO: Extracting primitive: Sphere.369
13:21:01 | INFO: Primitives created: 1
13:21:01 | INFO: Extracting primitive: Sphere.370
13:21:01 | INFO: Primitives created: 1
13:21:01 | INFO: Extracting primitive: Cube.098
13:21:01 | INFO: Primitives created: 1
13:21:01 | INFO: Extracting primitive: Sphere.371
13:21:01 | INFO: Primitives created: 1
13:21:01 | INFO: Extracting primitive: Cone.036
13:21:01 | INFO: Primitives created: 1
13:21:01 | INFO: Extracting primitive: uesugi-samurai-10 rear shikoro lamellar neck plate r1 c1 mesh
13:21:01 | INFO: Primitives created: 1
13:21:01 | INFO: Extracting primitive: uesugi-samurai-10 rear shikoro lamellar neck plate r1 c2 mesh
13:21:01 | INFO: Primitives created: 1
13:21:01 | INFO: Extracting primitive: uesugi-samurai-10 rear shikoro lamellar neck plate r1 c3 mesh
13:21:01 | INFO: Primitives created: 1
13:21:01 | INFO: Extracting primitive: uesugi-samurai-10 rear shikoro lamellar neck plate r2 c1 mesh
13:21:01 | INFO: Primitives created: 1
13:21:01 | INFO: Extracting primitive: uesugi-samurai-10 rear shikoro lamellar neck plate r2 c2 mesh
13:21:01 | INFO: Primitives created: 1
13:21:01 | INFO: Extracting primitive: uesugi-samurai-10 rear shikoro lamellar neck plate r2 c3 mesh
13:21:01 | INFO: Primitives created: 1
13:21:01 | INFO: Extracting primitive: uesugi-samurai-10 rear shikoro lamellar neck plate r3 c1 mesh
13:21:01 | INFO: Primitives created: 1
13:21:01 | INFO: Extracting primitive: uesugi-samurai-10 rear shikoro lamellar neck plate r3 c2 mesh
13:21:01 | INFO: Primitives created: 1
13:21:01 | INFO: Extracting primitive: uesugi-samurai-10 rear shikoro lamellar neck plate r3 c3 mesh
13:21:01 | INFO: Primitives created: 1
13:21:01 | INFO: Extracting primitive: uesugi-samurai-10 raised kabuto rib 1
13:21:01 | INFO: Primitives created: 1
13:21:01 | INFO: Extracting primitive: uesugi-samurai-10 raised kabuto rib 2
13:21:01 | INFO: Primitives created: 1
13:21:01 | INFO: Extracting primitive: uesugi-samurai-10 raised kabuto rib 3
13:21:01 | INFO: Primitives created: 1
13:21:01 | INFO: Extracting primitive: uesugi-samurai-10 left antler maedate
13:21:01 | INFO: Primitives created: 1
13:21:01 | INFO: Extracting primitive: uesugi-samurai-10 right antler maedate
13:21:01 | INFO: Primitives created: 1
13:21:01 | INFO: Extracting primitive: uesugi-samurai-10 individual front lamellar plate r1 c1 mesh
13:21:01 | INFO: Primitives created: 1
13:21:01 | INFO: Extracting primitive: uesugi-samurai-10 individual front lamellar plate r1 c2 mesh
13:21:01 | INFO: Primitives created: 1
13:21:01 | INFO: Extracting primitive: uesugi-samurai-10 individual front lamellar plate r1 c3 mesh
13:21:01 | INFO: Primitives created: 1
13:21:01 | INFO: Extracting primitive: uesugi-samurai-10 individual front lamellar plate r1 c4 mesh
13:21:01 | INFO: Primitives created: 1
13:21:01 | INFO: Extracting primitive: uesugi-samurai-10 individual front lamellar plate r1 c5 mesh
13:21:01 | INFO: Primitives created: 1
13:21:01 | INFO: Extracting primitive: uesugi-samurai-10 odoshi lacing row 1
13:21:01 | INFO: Primitives created: 1
13:21:01 | INFO: Extracting primitive: uesugi-samurai-10 chipped lacquer highlight r1 -0.16
13:21:01 | INFO: Primitives created: 1
13:21:01 | INFO: Extracting primitive: uesugi-samurai-10 chipped lacquer highlight r1 0.0
13:21:01 | INFO: Primitives created: 1
13:21:01 | INFO: Extracting primitive: uesugi-samurai-10 chipped lacquer highlight r1 0.16
13:21:01 | INFO: Primitives created: 1
13:21:01 | INFO: Extracting primitive: uesugi-samurai-10 individual front lamellar plate r2 c1 mesh
13:21:01 | INFO: Primitives created: 1
13:21:01 | INFO: Extracting primitive: uesugi-samurai-10 individual front lamellar plate r2 c2 mesh
13:21:01 | INFO: Primitives created: 1
13:21:01 | INFO: Extracting primitive: uesugi-samurai-10 individual front lamellar plate r2 c3 mesh
13:21:01 | INFO: Primitives created: 1
13:21:01 | INFO: Extracting primitive: uesugi-samurai-10 individual front lamellar plate r2 c4 mesh
13:21:01 | INFO: Primitives created: 1
13:21:01 | INFO: Extracting primitive: uesugi-samurai-10 individual front lamellar plate r2 c5 mesh
13:21:01 | INFO: Primitives created: 1
13:21:01 | INFO: Extracting primitive: uesugi-samurai-10 odoshi lacing row 2
13:21:01 | INFO: Primitives created: 1
13:21:01 | INFO: Extracting primitive: uesugi-samurai-10 chipped lacquer highlight r2 -0.16
13:21:01 | INFO: Primitives created: 1
13:21:01 | INFO: Extracting primitive: uesugi-samurai-10 chipped lacquer highlight r2 0.0
13:21:01 | INFO: Primitives created: 1
13:21:01 | INFO: Extracting primitive: uesugi-samurai-10 chipped lacquer highlight r2 0.16
13:21:01 | INFO: Primitives created: 1
13:21:01 | INFO: Extracting primitive: uesugi-samurai-10 individual front lamellar plate r3 c1 mesh
13:21:01 | INFO: Primitives created: 1
13:21:01 | INFO: Extracting primitive: uesugi-samurai-10 individual front lamellar plate r3 c2 mesh
13:21:01 | INFO: Primitives created: 1
13:21:01 | INFO: Extracting primitive: uesugi-samurai-10 individual front lamellar plate r3 c3 mesh
13:21:01 | INFO: Primitives created: 1
13:21:01 | INFO: Extracting primitive: uesugi-samurai-10 individual front lamellar plate r3 c4 mesh
13:21:01 | INFO: Primitives created: 1
13:21:01 | INFO: Extracting primitive: uesugi-samurai-10 individual front lamellar plate r3 c5 mesh
13:21:01 | INFO: Primitives created: 1
13:21:01 | INFO: Extracting primitive: uesugi-samurai-10 odoshi lacing row 3
13:21:01 | INFO: Primitives created: 1
13:21:01 | INFO: Extracting primitive: uesugi-samurai-10 chipped lacquer highlight r3 -0.16
13:21:01 | INFO: Primitives created: 1
13:21:01 | INFO: Extracting primitive: uesugi-samurai-10 chipped lacquer highlight r3 0.0
13:21:01 | INFO: Primitives created: 1
13:21:01 | INFO: Extracting primitive: uesugi-samurai-10 chipped lacquer highlight r3 0.16
13:21:01 | INFO: Primitives created: 1
13:21:01 | INFO: Extracting primitive: uesugi-samurai-10 individual front lamellar plate r4 c1 mesh
13:21:01 | INFO: Primitives created: 1
13:21:01 | INFO: Extracting primitive: uesugi-samurai-10 individual front lamellar plate r4 c2 mesh
13:21:01 | INFO: Primitives created: 1
13:21:01 | INFO: Extracting primitive: uesugi-samurai-10 individual front lamellar plate r4 c3 mesh
13:21:01 | INFO: Primitives created: 1
13:21:01 | INFO: Extracting primitive: uesugi-samurai-10 individual front lamellar plate r4 c4 mesh
13:21:01 | INFO: Primitives created: 1
13:21:01 | INFO: Extracting primitive: uesugi-samurai-10 individual front lamellar plate r4 c5 mesh
13:21:01 | INFO: Primitives created: 1
13:21:01 | INFO: Extracting primitive: uesugi-samurai-10 odoshi lacing row 4
13:21:01 | INFO: Primitives created: 1
13:21:01 | INFO: Extracting primitive: uesugi-samurai-10 chipped lacquer highlight r4 -0.16
13:21:01 | INFO: Primitives created: 1
13:21:01 | INFO: Extracting primitive: uesugi-samurai-10 chipped lacquer highlight r4 0.0
13:21:01 | INFO: Primitives created: 1
13:21:01 | INFO: Extracting primitive: uesugi-samurai-10 chipped lacquer highlight r4 0.16
13:21:01 | INFO: Primitives created: 1
13:21:01 | INFO: Extracting primitive: uesugi-samurai-10 rear lamellar back plate r1 c1 mesh
13:21:01 | INFO: Primitives created: 1
13:21:01 | INFO: Extracting primitive: uesugi-samurai-10 rear lamellar back plate r1 c2 mesh
13:21:01 | INFO: Primitives created: 1
13:21:01 | INFO: Extracting primitive: uesugi-samurai-10 rear lamellar back plate r1 c3 mesh
13:21:01 | INFO: Primitives created: 1
13:21:01 | INFO: Extracting primitive: uesugi-samurai-10 rear lamellar back plate r1 c4 mesh
13:21:01 | INFO: Primitives created: 1
13:21:01 | INFO: Extracting primitive: uesugi-samurai-10 rear odoshi lacing row 1
13:21:01 | INFO: Primitives created: 1
13:21:01 | INFO: Extracting primitive: uesugi-samurai-10 rear lamellar back plate r2 c1 mesh
13:21:01 | INFO: Primitives created: 1
13:21:01 | INFO: Extracting primitive: uesugi-samurai-10 rear lamellar back plate r2 c2 mesh
13:21:01 | INFO: Primitives created: 1
13:21:01 | INFO: Extracting primitive: uesugi-samurai-10 rear lamellar back plate r2 c3 mesh
13:21:01 | INFO: Primitives created: 1
13:21:01 | INFO: Extracting primitive: uesugi-samurai-10 rear lamellar back plate r2 c4 mesh
13:21:01 | INFO: Primitives created: 1
13:21:01 | INFO: Extracting primitive: uesugi-samurai-10 rear odoshi lacing row 2
13:21:01 | INFO: Primitives created: 1
13:21:01 | INFO: Extracting primitive: uesugi-samurai-10 rear lamellar back plate r3 c1 mesh
13:21:01 | INFO: Primitives created: 1
13:21:01 | INFO: Extracting primitive: uesugi-samurai-10 rear lamellar back plate r3 c2 mesh
13:21:01 | INFO: Primitives created: 1
13:21:01 | INFO: Extracting primitive: uesugi-samurai-10 rear lamellar back plate r3 c3 mesh
13:21:01 | INFO: Primitives created: 1
13:21:01 | INFO: Extracting primitive: uesugi-samurai-10 rear lamellar back plate r3 c4 mesh
13:21:01 | INFO: Primitives created: 1
13:21:01 | INFO: Extracting primitive: uesugi-samurai-10 rear odoshi lacing row 3
13:21:01 | INFO: Primitives created: 1
13:21:01 | INFO: Extracting primitive: uesugi-samurai-10 rear lamellar back plate r4 c1 mesh
13:21:01 | INFO: Primitives created: 1
13:21:01 | INFO: Extracting primitive: uesugi-samurai-10 rear lamellar back plate r4 c2 mesh
13:21:01 | INFO: Primitives created: 1
13:21:01 | INFO: Extracting primitive: uesugi-samurai-10 rear lamellar back plate r4 c3 mesh
13:21:01 | INFO: Primitives created: 1
13:21:01 | INFO: Extracting primitive: uesugi-samurai-10 rear lamellar back plate r4 c4 mesh
13:21:01 | INFO: Primitives created: 1
13:21:01 | INFO: Extracting primitive: uesugi-samurai-10 rear odoshi lacing row 4
13:21:01 | INFO: Primitives created: 1
13:21:01 | INFO: Extracting primitive: uesugi-samurai-10 rear lacquer edge scratch -0.17
13:21:01 | INFO: Primitives created: 1
13:21:01 | INFO: Extracting primitive: uesugi-samurai-10 rear lacquer edge scratch -0.06
13:21:01 | INFO: Primitives created: 1
13:21:01 | INFO: Extracting primitive: uesugi-samurai-10 rear lacquer edge scratch 0.06
13:21:01 | INFO: Primitives created: 1
13:21:01 | INFO: Extracting primitive: uesugi-samurai-10 rear lacquer edge scratch 0.17
13:21:01 | INFO: Primitives created: 1
13:21:01 | INFO: Extracting primitive: Sphere.372
13:21:01 | INFO: Primitives created: 1
13:21:01 | INFO: Extracting primitive: uesugi-samurai-10 articulated sode shoulder plate -1 1 mesh
13:21:01 | INFO: Primitives created: 1
13:21:01 | INFO: Extracting primitive: uesugi-samurai-10 sode lacing -1 1
13:21:01 | INFO: Primitives created: 1
13:21:01 | INFO: Extracting primitive: uesugi-samurai-10 articulated sode shoulder plate -1 2 mesh
13:21:01 | INFO: Primitives created: 1
13:21:01 | INFO: Extracting primitive: uesugi-samurai-10 sode lacing -1 2
13:21:01 | INFO: Primitives created: 1
13:21:01 | INFO: Extracting primitive: uesugi-samurai-10 articulated sode shoulder plate -1 3 mesh
13:21:01 | INFO: Primitives created: 1
13:21:01 | INFO: Extracting primitive: uesugi-samurai-10 sode lacing -1 3
13:21:01 | INFO: Primitives created: 1
13:21:01 | INFO: Extracting primitive: uesugi-samurai-10 articulated sode shoulder plate -1 4 mesh
13:21:01 | INFO: Primitives created: 1
13:21:01 | INFO: Extracting primitive: uesugi-samurai-10 sode lacing -1 4
13:21:01 | INFO: Primitives created: 1
13:21:01 | INFO: Extracting primitive: Sphere.373
13:21:01 | INFO: Primitives created: 1
13:21:01 | INFO: Extracting primitive: Sphere.374
13:21:01 | INFO: Primitives created: 1
13:21:01 | INFO: Extracting primitive: Sphere.375
13:21:01 | INFO: Primitives created: 1
13:21:01 | INFO: Extracting primitive: Sphere.376
13:21:01 | INFO: Primitives created: 1
13:21:01 | INFO: Extracting primitive: Sphere.377
13:21:01 | INFO: Primitives created: 1
13:21:01 | INFO: Extracting primitive: Cube.099
13:21:01 | INFO: Primitives created: 1
13:21:01 | INFO: Extracting primitive: uesugi-samurai-10 sandal toe strap -1
13:21:01 | INFO: Primitives created: 1
13:21:01 | INFO: Extracting primitive: Sphere.378
13:21:01 | INFO: Primitives created: 1
13:21:01 | INFO: Extracting primitive: uesugi-samurai-10 articulated sode shoulder plate 1 1 mesh
13:21:01 | INFO: Primitives created: 1
13:21:01 | INFO: Extracting primitive: uesugi-samurai-10 sode lacing 1 1
13:21:01 | INFO: Primitives created: 1
13:21:01 | INFO: Extracting primitive: uesugi-samurai-10 articulated sode shoulder plate 1 2 mesh
13:21:01 | INFO: Primitives created: 1
13:21:01 | INFO: Extracting primitive: uesugi-samurai-10 sode lacing 1 2
13:21:01 | INFO: Primitives created: 1
13:21:01 | INFO: Extracting primitive: uesugi-samurai-10 articulated sode shoulder plate 1 3 mesh
13:21:01 | INFO: Primitives created: 1
13:21:01 | INFO: Extracting primitive: uesugi-samurai-10 sode lacing 1 3
13:21:01 | INFO: Primitives created: 1
13:21:01 | INFO: Extracting primitive: uesugi-samurai-10 articulated sode shoulder plate 1 4 mesh
13:21:01 | INFO: Primitives created: 1
13:21:01 | INFO: Extracting primitive: uesugi-samurai-10 sode lacing 1 4
13:21:01 | INFO: Primitives created: 1
13:21:01 | INFO: Extracting primitive: Sphere.379
13:21:01 | INFO: Primitives created: 1
13:21:01 | INFO: Extracting primitive: Sphere.380
13:21:01 | INFO: Primitives created: 1
13:21:01 | INFO: Extracting primitive: Sphere.381
13:21:01 | INFO: Primitives created: 1
13:21:01 | INFO: Extracting primitive: Sphere.382
13:21:01 | INFO: Primitives created: 1
13:21:01 | INFO: Extracting primitive: Sphere.383
13:21:01 | INFO: Primitives created: 1
13:21:01 | INFO: Extracting primitive: Cube.100
13:21:01 | INFO: Primitives created: 1
13:21:01 | INFO: Extracting primitive: uesugi-samurai-10 sandal toe strap 1
13:21:01 | INFO: Primitives created: 1
13:21:01 | INFO: Extracting primitive: uesugi-samurai-10 kusazuri skirt -1 row 1 mesh
13:21:01 | INFO: Primitives created: 1
13:21:01 | INFO: Extracting primitive: uesugi-samurai-10 kusazuri skirt -1 row 2 mesh
13:21:01 | INFO: Primitives created: 1
13:21:01 | INFO: Extracting primitive: uesugi-samurai-10 kusazuri skirt 0 row 1 mesh
13:21:01 | INFO: Primitives created: 1
13:21:01 | INFO: Extracting primitive: uesugi-samurai-10 kusazuri skirt 0 row 2 mesh
13:21:01 | INFO: Primitives created: 1
13:21:01 | INFO: Extracting primitive: uesugi-samurai-10 kusazuri skirt 1 row 1 mesh
13:21:01 | INFO: Primitives created: 1
13:21:01 | INFO: Extracting primitive: uesugi-samurai-10 kusazuri skirt 1 row 2 mesh
13:21:01 | INFO: Primitives created: 1
13:21:01 | INFO: Extracting primitive: uesugi-samurai-10 yari shaft
13:21:01 | INFO: Primitives created: 1
13:21:01 | INFO: Extracting primitive: Cone.037
13:21:01 | INFO: Primitives created: 1
13:21:01 | INFO: Extracting primitive: uesugi-samurai-10 sashimono bamboo pole
13:21:01 | INFO: Primitives created: 1
13:21:01 | INFO: Extracting primitive: uesugi-samurai-10 wind-bent sashimono cloth panel mesh
13:21:01 | INFO: Primitives created: 1
13:21:01 | INFO: Extracting primitive: Sphere.384
13:21:01 | INFO: Primitives created: 1
13:21:01 | INFO: Extracting primitive: Sphere.385
13:21:01 | INFO: Primitives created: 1
13:21:01 | INFO: Extracting primitive: Cube.101
13:21:01 | INFO: Primitives created: 1
13:21:01 | INFO: Extracting primitive: Cube.102
13:21:01 | INFO: Primitives created: 1
13:21:01 | INFO: Extracting primitive: Cube.103
13:21:01 | INFO: Primitives created: 1
13:21:02 | INFO: Finished glTF 2.0 export in 1.7311699390411377 s
00:51.618  render           | Saved: '/Users/marcus/Documents/Github/asset-foundry/outputs/asset-1782152407992-cc920f4b/samurai_battlefield_wide_clash.png'
00:52.383  render           | Saved: '/Users/marcus/Documents/Github/asset-foundry/outputs/asset-1782152407992-cc920f4b/samurai_battlefield_overhead_layout.png'
00:53.167  render           | Saved: '/Users/marcus/Documents/Github/asset-foundry/outputs/asset-1782152407992-cc920f4b/samurai_battlefield_takeda_line.png'
00:53.882  render           | Saved: '/Users/marcus/Documents/Github/asset-foundry/outputs/asset-1782152407992-cc920f4b/samurai_battlefield_uesugi_line.png'
00:54.626  render           | Saved: '/Users/marcus/Documents/Github/asset-foundry/outputs/asset-1782152407992-cc920f4b/samurai_battlefield_center_meeting.png'

Blender 5.1.2 (hash ec6e62d40fa9 built 2026-05-19 01:30:33)

Blender quit
Error: Not freed memory blocks: 1, total unfreed memory 0.062584 MB
