Info: Saved as "samurai_battlefield_pack_source.blend"
INFO Draco mesh compression is available, use library at /Applications/Blender.app/Contents/Resources/5.1/scripts/addons_core/io_scene_gltf2/libextern_draco.dylib
00:08:35 | INFO: Starting glTF 2.0 export
00:08:35 | INFO: Extracting primitive: rolling shinano countryside battlefield ground mesh
00:08:35 | INFO: Primitives created: 1
00:08:35 | INFO: Extracting primitive: Sphere
00:08:35 | INFO: Primitives created: 1
00:08:35 | INFO: Extracting primitive: Sphere.001
00:08:35 | INFO: Primitives created: 1
00:08:35 | INFO: Extracting primitive: Sphere.002
00:08:35 | INFO: Primitives created: 1
00:08:35 | INFO: Extracting primitive: Sphere.003
00:08:35 | INFO: Primitives created: 1
00:08:35 | INFO: Extracting primitive: Sphere.004
00:08:35 | INFO: Primitives created: 1
00:08:35 | INFO: Extracting primitive: Sphere.005
00:08:35 | INFO: Primitives created: 1
00:08:35 | INFO: Extracting primitive: Sphere.006
00:08:35 | INFO: Primitives created: 1
00:08:35 | INFO: Extracting primitive: Sphere.007
00:08:35 | INFO: Primitives created: 1
00:08:35 | INFO: Extracting primitive: Sphere.008
00:08:35 | INFO: Primitives created: 1
00:08:35 | INFO: Extracting primitive: Sphere.009
00:08:35 | INFO: Primitives created: 1
00:08:35 | INFO: Extracting primitive: Sphere.010
00:08:35 | INFO: Primitives created: 1
00:08:35 | INFO: Extracting primitive: Sphere.011
00:08:35 | INFO: Primitives created: 1
00:08:35 | INFO: Extracting primitive: rice paddy green shoots 1 -4.1
00:08:35 | INFO: Primitives created: 1
00:08:35 | INFO: Extracting primitive: rice paddy green shoots 1 -3.7
00:08:35 | INFO: Primitives created: 1
00:08:35 | INFO: Extracting primitive: rice paddy green shoots 1 -3.3
00:08:35 | INFO: Primitives created: 1
00:08:35 | INFO: Extracting primitive: Sphere.012
00:08:35 | INFO: Primitives created: 1
00:08:35 | INFO: Extracting primitive: rice paddy green shoots 2 -4.1
00:08:35 | INFO: Primitives created: 1
00:08:35 | INFO: Extracting primitive: rice paddy green shoots 2 -3.7
00:08:35 | INFO: Primitives created: 1
00:08:35 | INFO: Extracting primitive: rice paddy green shoots 2 -3.3
00:08:35 | INFO: Primitives created: 1
00:08:35 | INFO: Extracting primitive: Sphere.013
00:08:35 | INFO: Primitives created: 1
00:08:35 | INFO: Extracting primitive: rice paddy green shoots 3 -4.1
00:08:35 | INFO: Primitives created: 1
00:08:35 | INFO: Extracting primitive: rice paddy green shoots 3 -3.7
00:08:35 | INFO: Primitives created: 1
00:08:35 | INFO: Extracting primitive: rice paddy green shoots 3 -3.3
00:08:35 | INFO: Primitives created: 1
00:08:35 | INFO: Extracting primitive: Sphere.014
00:08:35 | INFO: Primitives created: 1
00:08:35 | INFO: Extracting primitive: rice paddy green shoots 4 -4.1
00:08:35 | INFO: Primitives created: 1
00:08:35 | INFO: Extracting primitive: rice paddy green shoots 4 -3.7
00:08:35 | INFO: Primitives created: 1
00:08:35 | INFO: Extracting primitive: rice paddy green shoots 4 -3.3
00:08:35 | INFO: Primitives created: 1
00:08:35 | INFO: Extracting primitive: uneven battlefield grass tuft 1
00:08:35 | INFO: Primitives created: 1
00:08:35 | INFO: Extracting primitive: uneven battlefield grass tuft 2
00:08:35 | INFO: Primitives created: 1
00:08:35 | INFO: Extracting primitive: uneven battlefield grass tuft 3
00:08:35 | INFO: Primitives created: 1
00:08:35 | INFO: Extracting primitive: uneven battlefield grass tuft 4
00:08:35 | INFO: Primitives created: 1
00:08:35 | INFO: Extracting primitive: uneven battlefield grass tuft 5
00:08:35 | INFO: Primitives created: 1
00:08:35 | INFO: Extracting primitive: uneven battlefield grass tuft 6
00:08:35 | INFO: Primitives created: 1
00:08:35 | INFO: Extracting primitive: uneven battlefield grass tuft 7
00:08:35 | INFO: Primitives created: 1
00:08:35 | INFO: Extracting primitive: uneven battlefield grass tuft 8
00:08:35 | INFO: Primitives created: 1
00:08:35 | INFO: Extracting primitive: uneven battlefield grass tuft 9
00:08:35 | INFO: Primitives created: 1
00:08:35 | INFO: Extracting primitive: uneven battlefield grass tuft 10
00:08:35 | INFO: Primitives created: 1
00:08:35 | INFO: Extracting primitive: uneven battlefield grass tuft 11
00:08:35 | INFO: Primitives created: 1
00:08:35 | INFO: Extracting primitive: uneven battlefield grass tuft 12
00:08:35 | INFO: Primitives created: 1
00:08:35 | INFO: Extracting primitive: uneven battlefield grass tuft 13
00:08:35 | INFO: Primitives created: 1
00:08:35 | INFO: Extracting primitive: uneven battlefield grass tuft 14
00:08:35 | INFO: Primitives created: 1
00:08:35 | INFO: Extracting primitive: uneven battlefield grass tuft 15
00:08:35 | INFO: Primitives created: 1
00:08:35 | INFO: Extracting primitive: uneven battlefield grass tuft 16
00:08:35 | INFO: Primitives created: 1
00:08:35 | INFO: Extracting primitive: uneven battlefield grass tuft 17
00:08:35 | INFO: Primitives created: 1
00:08:35 | INFO: Extracting primitive: uneven battlefield grass tuft 18
00:08:35 | INFO: Primitives created: 1
00:08:35 | INFO: Extracting primitive: uneven battlefield grass tuft 19
00:08:35 | INFO: Primitives created: 1
00:08:35 | INFO: Extracting primitive: uneven battlefield grass tuft 20
00:08:35 | INFO: Primitives created: 1
00:08:35 | INFO: Extracting primitive: uneven battlefield grass tuft 21
00:08:35 | INFO: Primitives created: 1
00:08:35 | INFO: Extracting primitive: uneven battlefield grass tuft 22
00:08:35 | INFO: Primitives created: 1
00:08:35 | INFO: Extracting primitive: uneven battlefield grass tuft 23
00:08:35 | INFO: Primitives created: 1
00:08:35 | INFO: Extracting primitive: uneven battlefield grass tuft 24
00:08:35 | INFO: Primitives created: 1
00:08:35 | INFO: Extracting primitive: uneven battlefield grass tuft 25
00:08:35 | INFO: Primitives created: 1
00:08:35 | INFO: Extracting primitive: uneven battlefield grass tuft 26
00:08:35 | INFO: Primitives created: 1
00:08:35 | INFO: Extracting primitive: uneven battlefield grass tuft 27
00:08:35 | INFO: Primitives created: 1
00:08:35 | INFO: Extracting primitive: uneven battlefield grass tuft 28
00:08:35 | INFO: Primitives created: 1
00:08:35 | INFO: Extracting primitive: uneven battlefield grass tuft 29
00:08:35 | INFO: Primitives created: 1
00:08:35 | INFO: Extracting primitive: uneven battlefield grass tuft 30
00:08:35 | INFO: Primitives created: 1
00:08:35 | INFO: Extracting primitive: uneven battlefield grass tuft 31
00:08:35 | INFO: Primitives created: 1
00:08:35 | INFO: Extracting primitive: uneven battlefield grass tuft 34
00:08:35 | INFO: Primitives created: 1
00:08:35 | INFO: Extracting primitive: uneven battlefield grass tuft 35
00:08:35 | INFO: Primitives created: 1
00:08:35 | INFO: Extracting primitive: uneven battlefield grass tuft 36
00:08:35 | INFO: Primitives created: 1
00:08:35 | INFO: Extracting primitive: uneven battlefield grass tuft 37
00:08:35 | INFO: Primitives created: 1
00:08:35 | INFO: Extracting primitive: uneven battlefield grass tuft 38
00:08:35 | INFO: Primitives created: 1
00:08:35 | INFO: Extracting primitive: uneven battlefield grass tuft 41
00:08:35 | INFO: Primitives created: 1
00:08:35 | INFO: Extracting primitive: uneven battlefield grass tuft 42
00:08:35 | INFO: Primitives created: 1
00:08:35 | INFO: Extracting primitive: uneven battlefield grass tuft 43
00:08:35 | INFO: Primitives created: 1
00:08:35 | INFO: Extracting primitive: uneven battlefield grass tuft 44
00:08:35 | INFO: Primitives created: 1
00:08:35 | INFO: Extracting primitive: uneven battlefield grass tuft 45
00:08:35 | INFO: Primitives created: 1
00:08:35 | INFO: Extracting primitive: uneven battlefield grass tuft 46
00:08:35 | INFO: Primitives created: 1
00:08:35 | INFO: Extracting primitive: uneven battlefield grass tuft 47
00:08:35 | INFO: Primitives created: 1
00:08:35 | INFO: Extracting primitive: uneven battlefield grass tuft 48
00:08:35 | INFO: Primitives created: 1
00:08:35 | INFO: Extracting primitive: uneven battlefield grass tuft 49
00:08:35 | INFO: Primitives created: 1
00:08:35 | INFO: Extracting primitive: uneven battlefield grass tuft 50
00:08:35 | INFO: Primitives created: 1
00:08:35 | INFO: Extracting primitive: uneven battlefield grass tuft 51
00:08:35 | INFO: Primitives created: 1
00:08:35 | INFO: Extracting primitive: uneven battlefield grass tuft 52
00:08:35 | INFO: Primitives created: 1
00:08:35 | INFO: Extracting primitive: uneven battlefield grass tuft 53
00:08:35 | INFO: Primitives created: 1
00:08:35 | INFO: Extracting primitive: uneven battlefield grass tuft 54
00:08:35 | INFO: Primitives created: 1
00:08:35 | INFO: Extracting primitive: uneven battlefield grass tuft 55
00:08:35 | INFO: Primitives created: 1
00:08:35 | INFO: Extracting primitive: uneven battlefield grass tuft 56
00:08:35 | INFO: Primitives created: 1
00:08:35 | INFO: Extracting primitive: Sphere.015
00:08:35 | INFO: Primitives created: 1
00:08:35 | INFO: Extracting primitive: Sphere.016
00:08:35 | INFO: Primitives created: 1
00:08:35 | INFO: Extracting primitive: Sphere.017
00:08:35 | INFO: Primitives created: 1
00:08:35 | INFO: Extracting primitive: Sphere.018
00:08:35 | INFO: Primitives created: 1
00:08:35 | INFO: Extracting primitive: Sphere.019
00:08:35 | INFO: Primitives created: 1
00:08:35 | INFO: Extracting primitive: Sphere.020
00:08:35 | INFO: Primitives created: 1
00:08:35 | INFO: Extracting primitive: Sphere.021
00:08:35 | INFO: Primitives created: 1
00:08:35 | INFO: Extracting primitive: Sphere.022
00:08:35 | INFO: Primitives created: 1
00:08:35 | INFO: Extracting primitive: Sphere.023
00:08:35 | INFO: Primitives created: 1
00:08:35 | INFO: Extracting primitive: Cylinder
00:08:35 | INFO: Primitives created: 1
00:08:35 | INFO: Extracting primitive: Cone
00:08:35 | INFO: Primitives created: 1
00:08:35 | INFO: Extracting primitive: Cylinder.001
00:08:35 | INFO: Primitives created: 1
00:08:35 | INFO: Extracting primitive: Cone.001
00:08:35 | INFO: Primitives created: 1
00:08:35 | INFO: Extracting primitive: Cylinder.002
00:08:35 | INFO: Primitives created: 1
00:08:35 | INFO: Extracting primitive: Cone.002
00:08:35 | INFO: Primitives created: 1
00:08:35 | INFO: Extracting primitive: Cylinder.003
00:08:35 | INFO: Primitives created: 1
00:08:35 | INFO: Extracting primitive: Cone.003
00:08:35 | INFO: Primitives created: 1
00:08:35 | INFO: Extracting primitive: Cylinder.004
00:08:35 | INFO: Primitives created: 1
00:08:35 | INFO: Extracting primitive: Cone.004
00:08:35 | INFO: Primitives created: 1
00:08:35 | INFO: Extracting primitive: Cylinder.005
00:08:35 | INFO: Primitives created: 1
00:08:35 | INFO: Extracting primitive: Cone.005
00:08:35 | INFO: Primitives created: 1
00:08:35 | INFO: Extracting primitive: Cylinder.006
00:08:35 | INFO: Primitives created: 1
00:08:35 | INFO: Extracting primitive: Cone.006
00:08:35 | INFO: Primitives created: 1
00:08:35 | INFO: Extracting primitive: Cylinder.007
00:08:35 | INFO: Primitives created: 1
00:08:35 | INFO: Extracting primitive: Cone.007
00:08:35 | INFO: Primitives created: 1
00:08:35 | INFO: Extracting primitive: Sphere.024
00:08:35 | INFO: Primitives created: 1
00:08:35 | INFO: Extracting primitive: Sphere.025
00:08:35 | INFO: Primitives created: 1
00:08:35 | INFO: Extracting primitive: Sphere.026
00:08:35 | INFO: Primitives created: 1
00:08:35 | INFO: Extracting primitive: Sphere.027
00:08:35 | INFO: Primitives created: 1
00:08:35 | INFO: Extracting primitive: Cube.001
00:08:35 | INFO: Primitives created: 1
00:08:35 | INFO: Extracting primitive: Sphere.028
00:08:35 | INFO: Primitives created: 1
00:08:35 | INFO: Extracting primitive: Cone.008
00:08:35 | INFO: Primitives created: 1
00:08:35 | INFO: Extracting primitive: takeda-samurai-01 rear shikoro lamellar neck plate r1 c1 mesh
00:08:35 | INFO: Primitives created: 1
00:08:35 | INFO: Extracting primitive: takeda-samurai-01 rear shikoro lamellar neck plate r1 c2 mesh
00:08:35 | INFO: Primitives created: 1
00:08:35 | INFO: Extracting primitive: takeda-samurai-01 rear shikoro lamellar neck plate r1 c3 mesh
00:08:35 | INFO: Primitives created: 1
00:08:35 | INFO: Extracting primitive: takeda-samurai-01 rear shikoro lamellar neck plate r2 c1 mesh
00:08:35 | INFO: Primitives created: 1
00:08:35 | INFO: Extracting primitive: takeda-samurai-01 rear shikoro lamellar neck plate r2 c2 mesh
00:08:35 | INFO: Primitives created: 1
00:08:35 | INFO: Extracting primitive: takeda-samurai-01 rear shikoro lamellar neck plate r2 c3 mesh
00:08:35 | INFO: Primitives created: 1
00:08:35 | INFO: Extracting primitive: takeda-samurai-01 rear shikoro lamellar neck plate r3 c1 mesh
00:08:35 | INFO: Primitives created: 1
00:08:35 | INFO: Extracting primitive: takeda-samurai-01 rear shikoro lamellar neck plate r3 c2 mesh
00:08:35 | INFO: Primitives created: 1
00:08:35 | INFO: Extracting primitive: takeda-samurai-01 rear shikoro lamellar neck plate r3 c3 mesh
00:08:35 | INFO: Primitives created: 1
00:08:35 | INFO: Extracting primitive: takeda-samurai-01 raised kabuto rib 1
00:08:35 | INFO: Primitives created: 1
00:08:35 | INFO: Extracting primitive: takeda-samurai-01 raised kabuto rib 2
00:08:35 | INFO: Primitives created: 1
00:08:35 | INFO: Extracting primitive: takeda-samurai-01 raised kabuto rib 3
00:08:35 | INFO: Primitives created: 1
00:08:35 | INFO: Extracting primitive: takeda-samurai-01 crescent maedate crest
00:08:35 | INFO: Primitives created: 1
00:08:35 | INFO: Extracting primitive: takeda-samurai-01 individual front lamellar plate r1 c1 mesh
00:08:35 | INFO: Primitives created: 1
00:08:35 | INFO: Extracting primitive: takeda-samurai-01 individual front lamellar plate r1 c2 mesh
00:08:35 | INFO: Primitives created: 1
00:08:35 | INFO: Extracting primitive: takeda-samurai-01 individual front lamellar plate r1 c3 mesh
00:08:35 | INFO: Primitives created: 1
00:08:35 | INFO: Extracting primitive: takeda-samurai-01 individual front lamellar plate r1 c4 mesh
00:08:35 | INFO: Primitives created: 1
00:08:35 | INFO: Extracting primitive: takeda-samurai-01 individual front lamellar plate r1 c5 mesh
00:08:35 | INFO: Primitives created: 1
00:08:35 | INFO: Extracting primitive: takeda-samurai-01 odoshi lacing row 1
00:08:35 | INFO: Primitives created: 1
00:08:35 | INFO: Extracting primitive: takeda-samurai-01 chipped lacquer highlight r1 -0.16
00:08:35 | INFO: Primitives created: 1
00:08:35 | INFO: Extracting primitive: takeda-samurai-01 chipped lacquer highlight r1 0.0
00:08:35 | INFO: Primitives created: 1
00:08:35 | INFO: Extracting primitive: takeda-samurai-01 chipped lacquer highlight r1 0.16
00:08:35 | INFO: Primitives created: 1
00:08:35 | INFO: Extracting primitive: takeda-samurai-01 individual front lamellar plate r2 c1 mesh
00:08:35 | INFO: Primitives created: 1
00:08:35 | INFO: Extracting primitive: takeda-samurai-01 individual front lamellar plate r2 c2 mesh
00:08:35 | INFO: Primitives created: 1
00:08:35 | INFO: Extracting primitive: takeda-samurai-01 individual front lamellar plate r2 c3 mesh
00:08:35 | INFO: Primitives created: 1
00:08:35 | INFO: Extracting primitive: takeda-samurai-01 individual front lamellar plate r2 c4 mesh
00:08:35 | INFO: Primitives created: 1
00:08:35 | INFO: Extracting primitive: takeda-samurai-01 individual front lamellar plate r2 c5 mesh
00:08:35 | INFO: Primitives created: 1
00:08:35 | INFO: Extracting primitive: takeda-samurai-01 odoshi lacing row 2
00:08:35 | INFO: Primitives created: 1
00:08:35 | INFO: Extracting primitive: takeda-samurai-01 chipped lacquer highlight r2 -0.16
00:08:35 | INFO: Primitives created: 1
00:08:35 | INFO: Extracting primitive: takeda-samurai-01 chipped lacquer highlight r2 0.0
00:08:35 | INFO: Primitives created: 1
00:08:35 | INFO: Extracting primitive: takeda-samurai-01 chipped lacquer highlight r2 0.16
00:08:35 | INFO: Primitives created: 1
00:08:35 | INFO: Extracting primitive: takeda-samurai-01 individual front lamellar plate r3 c1 mesh
00:08:35 | INFO: Primitives created: 1
00:08:35 | INFO: Extracting primitive: takeda-samurai-01 individual front lamellar plate r3 c2 mesh
00:08:35 | INFO: Primitives created: 1
00:08:35 | INFO: Extracting primitive: takeda-samurai-01 individual front lamellar plate r3 c3 mesh
00:08:35 | INFO: Primitives created: 1
00:08:35 | INFO: Extracting primitive: takeda-samurai-01 individual front lamellar plate r3 c4 mesh
00:08:35 | INFO: Primitives created: 1
00:08:35 | INFO: Extracting primitive: takeda-samurai-01 individual front lamellar plate r3 c5 mesh
00:08:35 | INFO: Primitives created: 1
00:08:35 | INFO: Extracting primitive: takeda-samurai-01 odoshi lacing row 3
00:08:35 | INFO: Primitives created: 1
00:08:35 | INFO: Extracting primitive: takeda-samurai-01 chipped lacquer highlight r3 -0.16
00:08:35 | INFO: Primitives created: 1
00:08:35 | INFO: Extracting primitive: takeda-samurai-01 chipped lacquer highlight r3 0.0
00:08:35 | INFO: Primitives created: 1
00:08:35 | INFO: Extracting primitive: takeda-samurai-01 chipped lacquer highlight r3 0.16
00:08:35 | INFO: Primitives created: 1
00:08:35 | INFO: Extracting primitive: takeda-samurai-01 individual front lamellar plate r4 c1 mesh
00:08:35 | INFO: Primitives created: 1
00:08:35 | INFO: Extracting primitive: takeda-samurai-01 individual front lamellar plate r4 c2 mesh
00:08:35 | INFO: Primitives created: 1
00:08:35 | INFO: Extracting primitive: takeda-samurai-01 individual front lamellar plate r4 c3 mesh
00:08:35 | INFO: Primitives created: 1
00:08:35 | INFO: Extracting primitive: takeda-samurai-01 individual front lamellar plate r4 c4 mesh
00:08:35 | INFO: Primitives created: 1
00:08:35 | INFO: Extracting primitive: takeda-samurai-01 individual front lamellar plate r4 c5 mesh
00:08:35 | INFO: Primitives created: 1
00:08:35 | INFO: Extracting primitive: takeda-samurai-01 odoshi lacing row 4
00:08:35 | INFO: Primitives created: 1
00:08:35 | INFO: Extracting primitive: takeda-samurai-01 chipped lacquer highlight r4 -0.16
00:08:35 | INFO: Primitives created: 1
00:08:35 | INFO: Extracting primitive: takeda-samurai-01 chipped lacquer highlight r4 0.0
00:08:35 | INFO: Primitives created: 1
00:08:35 | INFO: Extracting primitive: takeda-samurai-01 chipped lacquer highlight r4 0.16
00:08:35 | INFO: Primitives created: 1
00:08:35 | INFO: Extracting primitive: Sphere.029
00:08:35 | INFO: Primitives created: 1
00:08:35 | INFO: Extracting primitive: takeda-samurai-01 articulated sode shoulder plate -1 1 mesh
00:08:35 | INFO: Primitives created: 1
00:08:35 | INFO: Extracting primitive: takeda-samurai-01 sode lacing -1 1
00:08:35 | INFO: Primitives created: 1
00:08:35 | INFO: Extracting primitive: takeda-samurai-01 articulated sode shoulder plate -1 2 mesh
00:08:35 | INFO: Primitives created: 1
00:08:35 | INFO: Extracting primitive: takeda-samurai-01 sode lacing -1 2
00:08:35 | INFO: Primitives created: 1
00:08:35 | INFO: Extracting primitive: takeda-samurai-01 articulated sode shoulder plate -1 3 mesh
00:08:35 | INFO: Primitives created: 1
00:08:35 | INFO: Extracting primitive: takeda-samurai-01 sode lacing -1 3
00:08:35 | INFO: Primitives created: 1
00:08:35 | INFO: Extracting primitive: takeda-samurai-01 articulated sode shoulder plate -1 4 mesh
00:08:35 | INFO: Primitives created: 1
00:08:35 | INFO: Extracting primitive: takeda-samurai-01 sode lacing -1 4
00:08:35 | INFO: Primitives created: 1
00:08:35 | INFO: Extracting primitive: Sphere.030
00:08:35 | INFO: Primitives created: 1
00:08:35 | INFO: Extracting primitive: Sphere.031
00:08:35 | INFO: Primitives created: 1
00:08:35 | INFO: Extracting primitive: Sphere.032
00:08:35 | INFO: Primitives created: 1
00:08:35 | INFO: Extracting primitive: Sphere.033
00:08:35 | INFO: Primitives created: 1
00:08:35 | INFO: Extracting primitive: Sphere.034
00:08:35 | INFO: Primitives created: 1
00:08:35 | INFO: Extracting primitive: Cube.002
00:08:35 | INFO: Primitives created: 1
00:08:35 | INFO: Extracting primitive: takeda-samurai-01 sandal toe strap -1
00:08:35 | INFO: Primitives created: 1
00:08:35 | INFO: Extracting primitive: Sphere.035
00:08:35 | INFO: Primitives created: 1
00:08:35 | INFO: Extracting primitive: takeda-samurai-01 articulated sode shoulder plate 1 1 mesh
00:08:35 | INFO: Primitives created: 1
00:08:35 | INFO: Extracting primitive: takeda-samurai-01 sode lacing 1 1
00:08:35 | INFO: Primitives created: 1
00:08:35 | INFO: Extracting primitive: takeda-samurai-01 articulated sode shoulder plate 1 2 mesh
00:08:35 | INFO: Primitives created: 1
00:08:35 | INFO: Extracting primitive: takeda-samurai-01 sode lacing 1 2
00:08:35 | INFO: Primitives created: 1
00:08:35 | INFO: Extracting primitive: takeda-samurai-01 articulated sode shoulder plate 1 3 mesh
00:08:35 | INFO: Primitives created: 1
00:08:35 | INFO: Extracting primitive: takeda-samurai-01 sode lacing 1 3
00:08:35 | INFO: Primitives created: 1
00:08:35 | INFO: Extracting primitive: takeda-samurai-01 articulated sode shoulder plate 1 4 mesh
00:08:35 | INFO: Primitives created: 1
00:08:35 | INFO: Extracting primitive: takeda-samurai-01 sode lacing 1 4
00:08:35 | INFO: Primitives created: 1
00:08:35 | INFO: Extracting primitive: Sphere.036
00:08:35 | INFO: Primitives created: 1
00:08:35 | INFO: Extracting primitive: Sphere.037
00:08:35 | INFO: Primitives created: 1
00:08:35 | INFO: Extracting primitive: Sphere.038
00:08:35 | INFO: Primitives created: 1
00:08:35 | INFO: Extracting primitive: Sphere.039
00:08:35 | INFO: Primitives created: 1
00:08:35 | INFO: Extracting primitive: Sphere.040
00:08:35 | INFO: Primitives created: 1
00:08:35 | INFO: Extracting primitive: Cube.003
00:08:35 | INFO: Primitives created: 1
00:08:35 | INFO: Extracting primitive: takeda-samurai-01 sandal toe strap 1
00:08:35 | INFO: Primitives created: 1
00:08:35 | INFO: Extracting primitive: takeda-samurai-01 kusazuri skirt -1 row 1 mesh
00:08:35 | INFO: Primitives created: 1
00:08:35 | INFO: Extracting primitive: takeda-samurai-01 kusazuri skirt -1 row 2 mesh
00:08:35 | INFO: Primitives created: 1
00:08:35 | INFO: Extracting primitive: takeda-samurai-01 kusazuri skirt 0 row 1 mesh
00:08:35 | INFO: Primitives created: 1
00:08:35 | INFO: Extracting primitive: takeda-samurai-01 kusazuri skirt 0 row 2 mesh
00:08:35 | INFO: Primitives created: 1
00:08:35 | INFO: Extracting primitive: takeda-samurai-01 kusazuri skirt 1 row 1 mesh
00:08:35 | INFO: Primitives created: 1
00:08:35 | INFO: Extracting primitive: takeda-samurai-01 kusazuri skirt 1 row 2 mesh
00:08:35 | INFO: Primitives created: 1
00:08:35 | INFO: Extracting primitive: takeda-samurai-01 guard katana blade
00:08:35 | INFO: Primitives created: 1
00:08:35 | INFO: Extracting primitive: Cylinder.008
00:08:35 | INFO: Primitives created: 1
00:08:35 | INFO: Extracting primitive: takeda-samurai-01 sashimono bamboo pole
00:08:35 | INFO: Primitives created: 1
00:08:35 | INFO: Extracting primitive: takeda-samurai-01 wind-bent sashimono cloth panel mesh
00:08:35 | INFO: Primitives created: 1
00:08:35 | INFO: Extracting primitive: Cube.004
00:08:35 | INFO: Primitives created: 1
00:08:35 | INFO: Extracting primitive: Cube.005
00:08:35 | INFO: Primitives created: 1
00:08:35 | INFO: Extracting primitive: Cube.006
00:08:35 | INFO: Primitives created: 1
00:08:35 | INFO: Extracting primitive: Cube.007
00:08:35 | INFO: Primitives created: 1
00:08:35 | INFO: Extracting primitive: Sphere.041
00:08:35 | INFO: Primitives created: 1
00:08:35 | INFO: Extracting primitive: Sphere.042
00:08:35 | INFO: Primitives created: 1
00:08:35 | INFO: Extracting primitive: Sphere.043
00:08:35 | INFO: Primitives created: 1
00:08:35 | INFO: Extracting primitive: Sphere.044
00:08:35 | INFO: Primitives created: 1
00:08:35 | INFO: Extracting primitive: Cube.008
00:08:35 | INFO: Primitives created: 1
00:08:35 | INFO: Extracting primitive: Sphere.045
00:08:35 | INFO: Primitives created: 1
00:08:35 | INFO: Extracting primitive: Cone.009
00:08:35 | INFO: Primitives created: 1
00:08:35 | INFO: Extracting primitive: takeda-samurai-02 rear shikoro lamellar neck plate r1 c1 mesh
00:08:35 | INFO: Primitives created: 1
00:08:35 | INFO: Extracting primitive: takeda-samurai-02 rear shikoro lamellar neck plate r1 c2 mesh
00:08:35 | INFO: Primitives created: 1
00:08:35 | INFO: Extracting primitive: takeda-samurai-02 rear shikoro lamellar neck plate r1 c3 mesh
00:08:35 | INFO: Primitives created: 1
00:08:35 | INFO: Extracting primitive: takeda-samurai-02 rear shikoro lamellar neck plate r2 c1 mesh
00:08:35 | INFO: Primitives created: 1
00:08:35 | INFO: Extracting primitive: takeda-samurai-02 rear shikoro lamellar neck plate r2 c2 mesh
00:08:35 | INFO: Primitives created: 1
00:08:35 | INFO: Extracting primitive: takeda-samurai-02 rear shikoro lamellar neck plate r2 c3 mesh
00:08:35 | INFO: Primitives created: 1
00:08:35 | INFO: Extracting primitive: takeda-samurai-02 rear shikoro lamellar neck plate r3 c1 mesh
00:08:35 | INFO: Primitives created: 1
00:08:35 | INFO: Extracting primitive: takeda-samurai-02 rear shikoro lamellar neck plate r3 c2 mesh
00:08:35 | INFO: Primitives created: 1
00:08:35 | INFO: Extracting primitive: takeda-samurai-02 rear shikoro lamellar neck plate r3 c3 mesh
00:08:35 | INFO: Primitives created: 1
00:08:35 | INFO: Extracting primitive: takeda-samurai-02 raised kabuto rib 1
00:08:35 | INFO: Primitives created: 1
00:08:35 | INFO: Extracting primitive: takeda-samurai-02 raised kabuto rib 2
00:08:35 | INFO: Primitives created: 1
00:08:35 | INFO: Extracting primitive: takeda-samurai-02 raised kabuto rib 3
00:08:35 | INFO: Primitives created: 1
00:08:35 | INFO: Extracting primitive: takeda-samurai-02 crescent maedate crest
00:08:35 | INFO: Primitives created: 1
00:08:35 | INFO: Extracting primitive: takeda-samurai-02 individual front lamellar plate r1 c1 mesh
00:08:35 | INFO: Primitives created: 1
00:08:35 | INFO: Extracting primitive: takeda-samurai-02 individual front lamellar plate r1 c2 mesh
00:08:35 | INFO: Primitives created: 1
00:08:35 | INFO: Extracting primitive: takeda-samurai-02 individual front lamellar plate r1 c3 mesh
00:08:35 | INFO: Primitives created: 1
00:08:35 | INFO: Extracting primitive: takeda-samurai-02 individual front lamellar plate r1 c4 mesh
00:08:35 | INFO: Primitives created: 1
00:08:35 | INFO: Extracting primitive: takeda-samurai-02 individual front lamellar plate r1 c5 mesh
00:08:35 | INFO: Primitives created: 1
00:08:35 | INFO: Extracting primitive: takeda-samurai-02 odoshi lacing row 1
00:08:35 | INFO: Primitives created: 1
00:08:35 | INFO: Extracting primitive: takeda-samurai-02 chipped lacquer highlight r1 -0.16
00:08:35 | INFO: Primitives created: 1
00:08:35 | INFO: Extracting primitive: takeda-samurai-02 chipped lacquer highlight r1 0.0
00:08:35 | INFO: Primitives created: 1
00:08:35 | INFO: Extracting primitive: takeda-samurai-02 chipped lacquer highlight r1 0.16
00:08:35 | INFO: Primitives created: 1
00:08:35 | INFO: Extracting primitive: takeda-samurai-02 individual front lamellar plate r2 c1 mesh
00:08:35 | INFO: Primitives created: 1
00:08:35 | INFO: Extracting primitive: takeda-samurai-02 individual front lamellar plate r2 c2 mesh
00:08:35 | INFO: Primitives created: 1
00:08:35 | INFO: Extracting primitive: takeda-samurai-02 individual front lamellar plate r2 c3 mesh
00:08:35 | INFO: Primitives created: 1
00:08:35 | INFO: Extracting primitive: takeda-samurai-02 individual front lamellar plate r2 c4 mesh
00:08:35 | INFO: Primitives created: 1
00:08:35 | INFO: Extracting primitive: takeda-samurai-02 individual front lamellar plate r2 c5 mesh
00:08:35 | INFO: Primitives created: 1
00:08:35 | INFO: Extracting primitive: takeda-samurai-02 odoshi lacing row 2
00:08:35 | INFO: Primitives created: 1
00:08:35 | INFO: Extracting primitive: takeda-samurai-02 chipped lacquer highlight r2 -0.16
00:08:35 | INFO: Primitives created: 1
00:08:35 | INFO: Extracting primitive: takeda-samurai-02 chipped lacquer highlight r2 0.0
00:08:35 | INFO: Primitives created: 1
00:08:35 | INFO: Extracting primitive: takeda-samurai-02 chipped lacquer highlight r2 0.16
00:08:35 | INFO: Primitives created: 1
00:08:35 | INFO: Extracting primitive: takeda-samurai-02 individual front lamellar plate r3 c1 mesh
00:08:35 | INFO: Primitives created: 1
00:08:35 | INFO: Extracting primitive: takeda-samurai-02 individual front lamellar plate r3 c2 mesh
00:08:35 | INFO: Primitives created: 1
00:08:35 | INFO: Extracting primitive: takeda-samurai-02 individual front lamellar plate r3 c3 mesh
00:08:35 | INFO: Primitives created: 1
00:08:35 | INFO: Extracting primitive: takeda-samurai-02 individual front lamellar plate r3 c4 mesh
00:08:35 | INFO: Primitives created: 1
00:08:35 | INFO: Extracting primitive: takeda-samurai-02 individual front lamellar plate r3 c5 mesh
00:08:35 | INFO: Primitives created: 1
00:08:35 | INFO: Extracting primitive: takeda-samurai-02 odoshi lacing row 3
00:08:35 | INFO: Primitives created: 1
00:08:35 | INFO: Extracting primitive: takeda-samurai-02 chipped lacquer highlight r3 -0.16
00:08:35 | INFO: Primitives created: 1
00:08:35 | INFO: Extracting primitive: takeda-samurai-02 chipped lacquer highlight r3 0.0
00:08:35 | INFO: Primitives created: 1
00:08:35 | INFO: Extracting primitive: takeda-samurai-02 chipped lacquer highlight r3 0.16
00:08:35 | INFO: Primitives created: 1
00:08:35 | INFO: Extracting primitive: takeda-samurai-02 individual front lamellar plate r4 c1 mesh
00:08:35 | INFO: Primitives created: 1
00:08:35 | INFO: Extracting primitive: takeda-samurai-02 individual front lamellar plate r4 c2 mesh
00:08:35 | INFO: Primitives created: 1
00:08:35 | INFO: Extracting primitive: takeda-samurai-02 individual front lamellar plate r4 c3 mesh
00:08:35 | INFO: Primitives created: 1
00:08:35 | INFO: Extracting primitive: takeda-samurai-02 individual front lamellar plate r4 c4 mesh
00:08:35 | INFO: Primitives created: 1
00:08:35 | INFO: Extracting primitive: takeda-samurai-02 individual front lamellar plate r4 c5 mesh
00:08:35 | INFO: Primitives created: 1
00:08:35 | INFO: Extracting primitive: takeda-samurai-02 odoshi lacing row 4
00:08:35 | INFO: Primitives created: 1
00:08:35 | INFO: Extracting primitive: takeda-samurai-02 chipped lacquer highlight r4 -0.16
00:08:35 | INFO: Primitives created: 1
00:08:35 | INFO: Extracting primitive: takeda-samurai-02 chipped lacquer highlight r4 0.0
00:08:35 | INFO: Primitives created: 1
00:08:35 | INFO: Extracting primitive: takeda-samurai-02 chipped lacquer highlight r4 0.16
00:08:35 | INFO: Primitives created: 1
00:08:35 | INFO: Extracting primitive: Sphere.046
00:08:35 | INFO: Primitives created: 1
00:08:35 | INFO: Extracting primitive: takeda-samurai-02 articulated sode shoulder plate -1 1 mesh
00:08:35 | INFO: Primitives created: 1
00:08:35 | INFO: Extracting primitive: takeda-samurai-02 sode lacing -1 1
00:08:35 | INFO: Primitives created: 1
00:08:35 | INFO: Extracting primitive: takeda-samurai-02 articulated sode shoulder plate -1 2 mesh
00:08:35 | INFO: Primitives created: 1
00:08:35 | INFO: Extracting primitive: takeda-samurai-02 sode lacing -1 2
00:08:35 | INFO: Primitives created: 1
00:08:35 | INFO: Extracting primitive: takeda-samurai-02 articulated sode shoulder plate -1 3 mesh
00:08:35 | INFO: Primitives created: 1
00:08:35 | INFO: Extracting primitive: takeda-samurai-02 sode lacing -1 3
00:08:35 | INFO: Primitives created: 1
00:08:35 | INFO: Extracting primitive: takeda-samurai-02 articulated sode shoulder plate -1 4 mesh
00:08:35 | INFO: Primitives created: 1
00:08:35 | INFO: Extracting primitive: takeda-samurai-02 sode lacing -1 4
00:08:35 | INFO: Primitives created: 1
00:08:35 | INFO: Extracting primitive: Sphere.047
00:08:35 | INFO: Primitives created: 1
00:08:35 | INFO: Extracting primitive: Sphere.048
00:08:35 | INFO: Primitives created: 1
00:08:35 | INFO: Extracting primitive: Sphere.049
00:08:35 | INFO: Primitives created: 1
00:08:35 | INFO: Extracting primitive: Sphere.050
00:08:35 | INFO: Primitives created: 1
00:08:35 | INFO: Extracting primitive: Sphere.051
00:08:35 | INFO: Primitives created: 1
00:08:35 | INFO: Extracting primitive: Cube.009
00:08:35 | INFO: Primitives created: 1
00:08:35 | INFO: Extracting primitive: takeda-samurai-02 sandal toe strap -1
00:08:35 | INFO: Primitives created: 1
00:08:35 | INFO: Extracting primitive: Sphere.052
00:08:35 | INFO: Primitives created: 1
00:08:35 | INFO: Extracting primitive: takeda-samurai-02 articulated sode shoulder plate 1 1 mesh
00:08:35 | INFO: Primitives created: 1
00:08:35 | INFO: Extracting primitive: takeda-samurai-02 sode lacing 1 1
00:08:35 | INFO: Primitives created: 1
00:08:35 | INFO: Extracting primitive: takeda-samurai-02 articulated sode shoulder plate 1 2 mesh
00:08:35 | INFO: Primitives created: 1
00:08:35 | INFO: Extracting primitive: takeda-samurai-02 sode lacing 1 2
00:08:35 | INFO: Primitives created: 1
00:08:35 | INFO: Extracting primitive: takeda-samurai-02 articulated sode shoulder plate 1 3 mesh
00:08:35 | INFO: Primitives created: 1
00:08:35 | INFO: Extracting primitive: takeda-samurai-02 sode lacing 1 3
00:08:35 | INFO: Primitives created: 1
00:08:35 | INFO: Extracting primitive: takeda-samurai-02 articulated sode shoulder plate 1 4 mesh
00:08:35 | INFO: Primitives created: 1
00:08:35 | INFO: Extracting primitive: takeda-samurai-02 sode lacing 1 4
00:08:35 | INFO: Primitives created: 1
00:08:35 | INFO: Extracting primitive: Sphere.053
00:08:35 | INFO: Primitives created: 1
00:08:35 | INFO: Extracting primitive: Sphere.054
00:08:35 | INFO: Primitives created: 1
00:08:35 | INFO: Extracting primitive: Sphere.055
00:08:35 | INFO: Primitives created: 1
00:08:35 | INFO: Extracting primitive: Sphere.056
00:08:35 | INFO: Primitives created: 1
00:08:35 | INFO: Extracting primitive: Sphere.057
00:08:35 | INFO: Primitives created: 1
00:08:35 | INFO: Extracting primitive: Cube.010
00:08:35 | INFO: Primitives created: 1
00:08:35 | INFO: Extracting primitive: takeda-samurai-02 sandal toe strap 1
00:08:35 | INFO: Primitives created: 1
00:08:35 | INFO: Extracting primitive: takeda-samurai-02 kusazuri skirt -1 row 1 mesh
00:08:35 | INFO: Primitives created: 1
00:08:35 | INFO: Extracting primitive: takeda-samurai-02 kusazuri skirt -1 row 2 mesh
00:08:35 | INFO: Primitives created: 1
00:08:35 | INFO: Extracting primitive: takeda-samurai-02 kusazuri skirt 0 row 1 mesh
00:08:35 | INFO: Primitives created: 1
00:08:35 | INFO: Extracting primitive: takeda-samurai-02 kusazuri skirt 0 row 2 mesh
00:08:35 | INFO: Primitives created: 1
00:08:35 | INFO: Extracting primitive: takeda-samurai-02 kusazuri skirt 1 row 1 mesh
00:08:35 | INFO: Primitives created: 1
00:08:35 | INFO: Extracting primitive: takeda-samurai-02 kusazuri skirt 1 row 2 mesh
00:08:35 | INFO: Primitives created: 1
00:08:35 | INFO: Extracting primitive: takeda-samurai-02 yari shaft
00:08:35 | INFO: Primitives created: 1
00:08:35 | INFO: Extracting primitive: Cone.010
00:08:35 | INFO: Primitives created: 1
00:08:35 | INFO: Extracting primitive: takeda-samurai-02 sashimono bamboo pole
00:08:35 | INFO: Primitives created: 1
00:08:35 | INFO: Extracting primitive: takeda-samurai-02 wind-bent sashimono cloth panel mesh
00:08:35 | INFO: Primitives created: 1
00:08:35 | INFO: Extracting primitive: Cube.011
00:08:35 | INFO: Primitives created: 1
00:08:35 | INFO: Extracting primitive: Cube.012
00:08:35 | INFO: Primitives created: 1
00:08:35 | INFO: Extracting primitive: Cube.013
00:08:35 | INFO: Primitives created: 1
00:08:35 | INFO: Extracting primitive: Cube.014
00:08:35 | INFO: Primitives created: 1
00:08:35 | INFO: Extracting primitive: Sphere.058
00:08:35 | INFO: Primitives created: 1
00:08:35 | INFO: Extracting primitive: Sphere.059
00:08:35 | INFO: Primitives created: 1
00:08:35 | INFO: Extracting primitive: Sphere.060
00:08:35 | INFO: Primitives created: 1
00:08:35 | INFO: Extracting primitive: Sphere.061
00:08:35 | INFO: Primitives created: 1
00:08:35 | INFO: Extracting primitive: Cube.015
00:08:35 | INFO: Primitives created: 1
00:08:35 | INFO: Extracting primitive: Sphere.062
00:08:35 | INFO: Primitives created: 1
00:08:35 | INFO: Extracting primitive: Cone.011
00:08:35 | INFO: Primitives created: 1
00:08:35 | INFO: Extracting primitive: takeda-samurai-03 rear shikoro lamellar neck plate r1 c1 mesh
00:08:35 | INFO: Primitives created: 1
00:08:35 | INFO: Extracting primitive: takeda-samurai-03 rear shikoro lamellar neck plate r1 c2 mesh
00:08:35 | INFO: Primitives created: 1
00:08:35 | INFO: Extracting primitive: takeda-samurai-03 rear shikoro lamellar neck plate r1 c3 mesh
00:08:35 | INFO: Primitives created: 1
00:08:35 | INFO: Extracting primitive: takeda-samurai-03 rear shikoro lamellar neck plate r2 c1 mesh
00:08:35 | INFO: Primitives created: 1
00:08:35 | INFO: Extracting primitive: takeda-samurai-03 rear shikoro lamellar neck plate r2 c2 mesh
00:08:35 | INFO: Primitives created: 1
00:08:35 | INFO: Extracting primitive: takeda-samurai-03 rear shikoro lamellar neck plate r2 c3 mesh
00:08:35 | INFO: Primitives created: 1
00:08:35 | INFO: Extracting primitive: takeda-samurai-03 rear shikoro lamellar neck plate r3 c1 mesh
00:08:35 | INFO: Primitives created: 1
00:08:35 | INFO: Extracting primitive: takeda-samurai-03 rear shikoro lamellar neck plate r3 c2 mesh
00:08:35 | INFO: Primitives created: 1
00:08:35 | INFO: Extracting primitive: takeda-samurai-03 rear shikoro lamellar neck plate r3 c3 mesh
00:08:35 | INFO: Primitives created: 1
00:08:35 | INFO: Extracting primitive: takeda-samurai-03 raised kabuto rib 1
00:08:35 | INFO: Primitives created: 1
00:08:35 | INFO: Extracting primitive: takeda-samurai-03 raised kabuto rib 2
00:08:35 | INFO: Primitives created: 1
00:08:35 | INFO: Extracting primitive: takeda-samurai-03 raised kabuto rib 3
00:08:35 | INFO: Primitives created: 1
00:08:35 | INFO: Extracting primitive: takeda-samurai-03 crescent maedate crest
00:08:35 | INFO: Primitives created: 1
00:08:35 | INFO: Extracting primitive: takeda-samurai-03 individual front lamellar plate r1 c1 mesh
00:08:35 | INFO: Primitives created: 1
00:08:35 | INFO: Extracting primitive: takeda-samurai-03 individual front lamellar plate r1 c2 mesh
00:08:35 | INFO: Primitives created: 1
00:08:35 | INFO: Extracting primitive: takeda-samurai-03 individual front lamellar plate r1 c3 mesh
00:08:35 | INFO: Primitives created: 1
00:08:35 | INFO: Extracting primitive: takeda-samurai-03 individual front lamellar plate r1 c4 mesh
00:08:35 | INFO: Primitives created: 1
00:08:35 | INFO: Extracting primitive: takeda-samurai-03 individual front lamellar plate r1 c5 mesh
00:08:35 | INFO: Primitives created: 1
00:08:35 | INFO: Extracting primitive: takeda-samurai-03 odoshi lacing row 1
00:08:35 | INFO: Primitives created: 1
00:08:35 | INFO: Extracting primitive: takeda-samurai-03 chipped lacquer highlight r1 -0.16
00:08:35 | INFO: Primitives created: 1
00:08:35 | INFO: Extracting primitive: takeda-samurai-03 chipped lacquer highlight r1 0.0
00:08:35 | INFO: Primitives created: 1
00:08:35 | INFO: Extracting primitive: takeda-samurai-03 chipped lacquer highlight r1 0.16
00:08:35 | INFO: Primitives created: 1
00:08:35 | INFO: Extracting primitive: takeda-samurai-03 individual front lamellar plate r2 c1 mesh
00:08:35 | INFO: Primitives created: 1
00:08:35 | INFO: Extracting primitive: takeda-samurai-03 individual front lamellar plate r2 c2 mesh
00:08:35 | INFO: Primitives created: 1
00:08:35 | INFO: Extracting primitive: takeda-samurai-03 individual front lamellar plate r2 c3 mesh
00:08:35 | INFO: Primitives created: 1
00:08:35 | INFO: Extracting primitive: takeda-samurai-03 individual front lamellar plate r2 c4 mesh
00:08:35 | INFO: Primitives created: 1
00:08:35 | INFO: Extracting primitive: takeda-samurai-03 individual front lamellar plate r2 c5 mesh
00:08:35 | INFO: Primitives created: 1
00:08:35 | INFO: Extracting primitive: takeda-samurai-03 odoshi lacing row 2
00:08:35 | INFO: Primitives created: 1
00:08:35 | INFO: Extracting primitive: takeda-samurai-03 chipped lacquer highlight r2 -0.16
00:08:35 | INFO: Primitives created: 1
00:08:35 | INFO: Extracting primitive: takeda-samurai-03 chipped lacquer highlight r2 0.0
00:08:35 | INFO: Primitives created: 1
00:08:35 | INFO: Extracting primitive: takeda-samurai-03 chipped lacquer highlight r2 0.16
00:08:35 | INFO: Primitives created: 1
00:08:35 | INFO: Extracting primitive: takeda-samurai-03 individual front lamellar plate r3 c1 mesh
00:08:35 | INFO: Primitives created: 1
00:08:35 | INFO: Extracting primitive: takeda-samurai-03 individual front lamellar plate r3 c2 mesh
00:08:35 | INFO: Primitives created: 1
00:08:35 | INFO: Extracting primitive: takeda-samurai-03 individual front lamellar plate r3 c3 mesh
00:08:35 | INFO: Primitives created: 1
00:08:35 | INFO: Extracting primitive: takeda-samurai-03 individual front lamellar plate r3 c4 mesh
00:08:35 | INFO: Primitives created: 1
00:08:35 | INFO: Extracting primitive: takeda-samurai-03 individual front lamellar plate r3 c5 mesh
00:08:35 | INFO: Primitives created: 1
00:08:35 | INFO: Extracting primitive: takeda-samurai-03 odoshi lacing row 3
00:08:35 | INFO: Primitives created: 1
00:08:35 | INFO: Extracting primitive: takeda-samurai-03 chipped lacquer highlight r3 -0.16
00:08:35 | INFO: Primitives created: 1
00:08:35 | INFO: Extracting primitive: takeda-samurai-03 chipped lacquer highlight r3 0.0
00:08:35 | INFO: Primitives created: 1
00:08:35 | INFO: Extracting primitive: takeda-samurai-03 chipped lacquer highlight r3 0.16
00:08:35 | INFO: Primitives created: 1
00:08:35 | INFO: Extracting primitive: takeda-samurai-03 individual front lamellar plate r4 c1 mesh
00:08:35 | INFO: Primitives created: 1
00:08:35 | INFO: Extracting primitive: takeda-samurai-03 individual front lamellar plate r4 c2 mesh
00:08:35 | INFO: Primitives created: 1
00:08:35 | INFO: Extracting primitive: takeda-samurai-03 individual front lamellar plate r4 c3 mesh
00:08:35 | INFO: Primitives created: 1
00:08:35 | INFO: Extracting primitive: takeda-samurai-03 individual front lamellar plate r4 c4 mesh
00:08:35 | INFO: Primitives created: 1
00:08:35 | INFO: Extracting primitive: takeda-samurai-03 individual front lamellar plate r4 c5 mesh
00:08:35 | INFO: Primitives created: 1
00:08:35 | INFO: Extracting primitive: takeda-samurai-03 odoshi lacing row 4
00:08:35 | INFO: Primitives created: 1
00:08:35 | INFO: Extracting primitive: takeda-samurai-03 chipped lacquer highlight r4 -0.16
00:08:35 | INFO: Primitives created: 1
00:08:35 | INFO: Extracting primitive: takeda-samurai-03 chipped lacquer highlight r4 0.0
00:08:35 | INFO: Primitives created: 1
00:08:35 | INFO: Extracting primitive: takeda-samurai-03 chipped lacquer highlight r4 0.16
00:08:35 | INFO: Primitives created: 1
00:08:35 | INFO: Extracting primitive: Sphere.063
00:08:35 | INFO: Primitives created: 1
00:08:35 | INFO: Extracting primitive: takeda-samurai-03 articulated sode shoulder plate -1 1 mesh
00:08:35 | INFO: Primitives created: 1
00:08:35 | INFO: Extracting primitive: takeda-samurai-03 sode lacing -1 1
00:08:35 | INFO: Primitives created: 1
00:08:35 | INFO: Extracting primitive: takeda-samurai-03 articulated sode shoulder plate -1 2 mesh
00:08:35 | INFO: Primitives created: 1
00:08:35 | INFO: Extracting primitive: takeda-samurai-03 sode lacing -1 2
00:08:35 | INFO: Primitives created: 1
00:08:35 | INFO: Extracting primitive: takeda-samurai-03 articulated sode shoulder plate -1 3 mesh
00:08:35 | INFO: Primitives created: 1
00:08:35 | INFO: Extracting primitive: takeda-samurai-03 sode lacing -1 3
00:08:35 | INFO: Primitives created: 1
00:08:35 | INFO: Extracting primitive: takeda-samurai-03 articulated sode shoulder plate -1 4 mesh
00:08:35 | INFO: Primitives created: 1
00:08:35 | INFO: Extracting primitive: takeda-samurai-03 sode lacing -1 4
00:08:35 | INFO: Primitives created: 1
00:08:35 | INFO: Extracting primitive: Sphere.064
00:08:35 | INFO: Primitives created: 1
00:08:35 | INFO: Extracting primitive: Sphere.065
00:08:35 | INFO: Primitives created: 1
00:08:35 | INFO: Extracting primitive: Sphere.066
00:08:35 | INFO: Primitives created: 1
00:08:35 | INFO: Extracting primitive: Sphere.067
00:08:35 | INFO: Primitives created: 1
00:08:35 | INFO: Extracting primitive: Sphere.068
00:08:35 | INFO: Primitives created: 1
00:08:35 | INFO: Extracting primitive: Cube.016
00:08:35 | INFO: Primitives created: 1
00:08:35 | INFO: Extracting primitive: takeda-samurai-03 sandal toe strap -1
00:08:35 | INFO: Primitives created: 1
00:08:35 | INFO: Extracting primitive: Sphere.069
00:08:35 | INFO: Primitives created: 1
00:08:35 | INFO: Extracting primitive: takeda-samurai-03 articulated sode shoulder plate 1 1 mesh
00:08:35 | INFO: Primitives created: 1
00:08:35 | INFO: Extracting primitive: takeda-samurai-03 sode lacing 1 1
00:08:35 | INFO: Primitives created: 1
00:08:35 | INFO: Extracting primitive: takeda-samurai-03 articulated sode shoulder plate 1 2 mesh
00:08:35 | INFO: Primitives created: 1
00:08:35 | INFO: Extracting primitive: takeda-samurai-03 sode lacing 1 2
00:08:35 | INFO: Primitives created: 1
00:08:35 | INFO: Extracting primitive: takeda-samurai-03 articulated sode shoulder plate 1 3 mesh
00:08:35 | INFO: Primitives created: 1
00:08:35 | INFO: Extracting primitive: takeda-samurai-03 sode lacing 1 3
00:08:35 | INFO: Primitives created: 1
00:08:35 | INFO: Extracting primitive: takeda-samurai-03 articulated sode shoulder plate 1 4 mesh
00:08:35 | INFO: Primitives created: 1
00:08:35 | INFO: Extracting primitive: takeda-samurai-03 sode lacing 1 4
00:08:35 | INFO: Primitives created: 1
00:08:35 | INFO: Extracting primitive: Sphere.070
00:08:35 | INFO: Primitives created: 1
00:08:35 | INFO: Extracting primitive: Sphere.071
00:08:35 | INFO: Primitives created: 1
00:08:35 | INFO: Extracting primitive: Sphere.072
00:08:35 | INFO: Primitives created: 1
00:08:35 | INFO: Extracting primitive: Sphere.073
00:08:35 | INFO: Primitives created: 1
00:08:35 | INFO: Extracting primitive: Sphere.074
00:08:35 | INFO: Primitives created: 1
00:08:35 | INFO: Extracting primitive: Cube.017
00:08:35 | INFO: Primitives created: 1
00:08:35 | INFO: Extracting primitive: takeda-samurai-03 sandal toe strap 1
00:08:35 | INFO: Primitives created: 1
00:08:35 | INFO: Extracting primitive: takeda-samurai-03 kusazuri skirt -1 row 1 mesh
00:08:35 | INFO: Primitives created: 1
00:08:35 | INFO: Extracting primitive: takeda-samurai-03 kusazuri skirt -1 row 2 mesh
00:08:35 | INFO: Primitives created: 1
00:08:35 | INFO: Extracting primitive: takeda-samurai-03 kusazuri skirt 0 row 1 mesh
00:08:35 | INFO: Primitives created: 1
00:08:35 | INFO: Extracting primitive: takeda-samurai-03 kusazuri skirt 0 row 2 mesh
00:08:35 | INFO: Primitives created: 1
00:08:35 | INFO: Extracting primitive: takeda-samurai-03 kusazuri skirt 1 row 1 mesh
00:08:35 | INFO: Primitives created: 1
00:08:35 | INFO: Extracting primitive: takeda-samurai-03 kusazuri skirt 1 row 2 mesh
00:08:35 | INFO: Primitives created: 1
00:08:35 | INFO: Extracting primitive: takeda-samurai-03 raised katana blade
00:08:35 | INFO: Primitives created: 1
00:08:35 | INFO: Extracting primitive: Cylinder.009
00:08:35 | INFO: Primitives created: 1
00:08:35 | INFO: Extracting primitive: takeda-samurai-03 sashimono bamboo pole
00:08:35 | INFO: Primitives created: 1
00:08:35 | INFO: Extracting primitive: takeda-samurai-03 wind-bent sashimono cloth panel mesh
00:08:35 | INFO: Primitives created: 1
00:08:35 | INFO: Extracting primitive: Cube.018
00:08:35 | INFO: Primitives created: 1
00:08:35 | INFO: Extracting primitive: Cube.019
00:08:35 | INFO: Primitives created: 1
00:08:35 | INFO: Extracting primitive: Cube.020
00:08:35 | INFO: Primitives created: 1
00:08:35 | INFO: Extracting primitive: Cube.021
00:08:35 | INFO: Primitives created: 1
00:08:35 | INFO: Extracting primitive: Sphere.075
00:08:35 | INFO: Primitives created: 1
00:08:35 | INFO: Extracting primitive: Sphere.076
00:08:35 | INFO: Primitives created: 1
00:08:35 | INFO: Extracting primitive: Sphere.077
00:08:35 | INFO: Primitives created: 1
00:08:35 | INFO: Extracting primitive: Sphere.078
00:08:35 | INFO: Primitives created: 1
00:08:35 | INFO: Extracting primitive: Cube.022
00:08:35 | INFO: Primitives created: 1
00:08:35 | INFO: Extracting primitive: Sphere.079
00:08:35 | INFO: Primitives created: 1
00:08:35 | INFO: Extracting primitive: Cone.012
00:08:35 | INFO: Primitives created: 1
00:08:35 | INFO: Extracting primitive: takeda-samurai-04 rear shikoro lamellar neck plate r1 c1 mesh
00:08:35 | INFO: Primitives created: 1
00:08:35 | INFO: Extracting primitive: takeda-samurai-04 rear shikoro lamellar neck plate r1 c2 mesh
00:08:35 | INFO: Primitives created: 1
00:08:35 | INFO: Extracting primitive: takeda-samurai-04 rear shikoro lamellar neck plate r1 c3 mesh
00:08:35 | INFO: Primitives created: 1
00:08:35 | INFO: Extracting primitive: takeda-samurai-04 rear shikoro lamellar neck plate r2 c1 mesh
00:08:35 | INFO: Primitives created: 1
00:08:35 | INFO: Extracting primitive: takeda-samurai-04 rear shikoro lamellar neck plate r2 c2 mesh
00:08:35 | INFO: Primitives created: 1
00:08:35 | INFO: Extracting primitive: takeda-samurai-04 rear shikoro lamellar neck plate r2 c3 mesh
00:08:35 | INFO: Primitives created: 1
00:08:35 | INFO: Extracting primitive: takeda-samurai-04 rear shikoro lamellar neck plate r3 c1 mesh
00:08:35 | INFO: Primitives created: 1
00:08:35 | INFO: Extracting primitive: takeda-samurai-04 rear shikoro lamellar neck plate r3 c2 mesh
00:08:35 | INFO: Primitives created: 1
00:08:35 | INFO: Extracting primitive: takeda-samurai-04 rear shikoro lamellar neck plate r3 c3 mesh
00:08:35 | INFO: Primitives created: 1
00:08:35 | INFO: Extracting primitive: takeda-samurai-04 raised kabuto rib 1
00:08:35 | INFO: Primitives created: 1
00:08:35 | INFO: Extracting primitive: takeda-samurai-04 raised kabuto rib 2
00:08:35 | INFO: Primitives created: 1
00:08:35 | INFO: Extracting primitive: takeda-samurai-04 raised kabuto rib 3
00:08:35 | INFO: Primitives created: 1
00:08:35 | INFO: Extracting primitive: takeda-samurai-04 crescent maedate crest
00:08:35 | INFO: Primitives created: 1
00:08:35 | INFO: Extracting primitive: takeda-samurai-04 individual front lamellar plate r1 c1 mesh
00:08:35 | INFO: Primitives created: 1
00:08:35 | INFO: Extracting primitive: takeda-samurai-04 individual front lamellar plate r1 c2 mesh
00:08:35 | INFO: Primitives created: 1
00:08:35 | INFO: Extracting primitive: takeda-samurai-04 individual front lamellar plate r1 c3 mesh
00:08:35 | INFO: Primitives created: 1
00:08:35 | INFO: Extracting primitive: takeda-samurai-04 individual front lamellar plate r1 c4 mesh
00:08:35 | INFO: Primitives created: 1
00:08:35 | INFO: Extracting primitive: takeda-samurai-04 individual front lamellar plate r1 c5 mesh
00:08:35 | INFO: Primitives created: 1
00:08:35 | INFO: Extracting primitive: takeda-samurai-04 odoshi lacing row 1
00:08:35 | INFO: Primitives created: 1
00:08:35 | INFO: Extracting primitive: takeda-samurai-04 chipped lacquer highlight r1 -0.16
00:08:35 | INFO: Primitives created: 1
00:08:35 | INFO: Extracting primitive: takeda-samurai-04 chipped lacquer highlight r1 0.0
00:08:35 | INFO: Primitives created: 1
00:08:35 | INFO: Extracting primitive: takeda-samurai-04 chipped lacquer highlight r1 0.16
00:08:35 | INFO: Primitives created: 1
00:08:35 | INFO: Extracting primitive: takeda-samurai-04 individual front lamellar plate r2 c1 mesh
00:08:35 | INFO: Primitives created: 1
00:08:35 | INFO: Extracting primitive: takeda-samurai-04 individual front lamellar plate r2 c2 mesh
00:08:35 | INFO: Primitives created: 1
00:08:35 | INFO: Extracting primitive: takeda-samurai-04 individual front lamellar plate r2 c3 mesh
00:08:35 | INFO: Primitives created: 1
00:08:35 | INFO: Extracting primitive: takeda-samurai-04 individual front lamellar plate r2 c4 mesh
00:08:35 | INFO: Primitives created: 1
00:08:35 | INFO: Extracting primitive: takeda-samurai-04 individual front lamellar plate r2 c5 mesh
00:08:35 | INFO: Primitives created: 1
00:08:35 | INFO: Extracting primitive: takeda-samurai-04 odoshi lacing row 2
00:08:35 | INFO: Primitives created: 1
00:08:35 | INFO: Extracting primitive: takeda-samurai-04 chipped lacquer highlight r2 -0.16
00:08:35 | INFO: Primitives created: 1
00:08:35 | INFO: Extracting primitive: takeda-samurai-04 chipped lacquer highlight r2 0.0
00:08:35 | INFO: Primitives created: 1
00:08:35 | INFO: Extracting primitive: takeda-samurai-04 chipped lacquer highlight r2 0.16
00:08:35 | INFO: Primitives created: 1
00:08:35 | INFO: Extracting primitive: takeda-samurai-04 individual front lamellar plate r3 c1 mesh
00:08:35 | INFO: Primitives created: 1
00:08:35 | INFO: Extracting primitive: takeda-samurai-04 individual front lamellar plate r3 c2 mesh
00:08:35 | INFO: Primitives created: 1
00:08:35 | INFO: Extracting primitive: takeda-samurai-04 individual front lamellar plate r3 c3 mesh
00:08:35 | INFO: Primitives created: 1
00:08:35 | INFO: Extracting primitive: takeda-samurai-04 individual front lamellar plate r3 c4 mesh
00:08:35 | INFO: Primitives created: 1
00:08:35 | INFO: Extracting primitive: takeda-samurai-04 individual front lamellar plate r3 c5 mesh
00:08:35 | INFO: Primitives created: 1
00:08:35 | INFO: Extracting primitive: takeda-samurai-04 odoshi lacing row 3
00:08:35 | INFO: Primitives created: 1
00:08:35 | INFO: Extracting primitive: takeda-samurai-04 chipped lacquer highlight r3 -0.16
00:08:35 | INFO: Primitives created: 1
00:08:35 | INFO: Extracting primitive: takeda-samurai-04 chipped lacquer highlight r3 0.0
00:08:35 | INFO: Primitives created: 1
00:08:35 | INFO: Extracting primitive: takeda-samurai-04 chipped lacquer highlight r3 0.16
00:08:35 | INFO: Primitives created: 1
00:08:35 | INFO: Extracting primitive: takeda-samurai-04 individual front lamellar plate r4 c1 mesh
00:08:35 | INFO: Primitives created: 1
00:08:35 | INFO: Extracting primitive: takeda-samurai-04 individual front lamellar plate r4 c2 mesh
00:08:35 | INFO: Primitives created: 1
00:08:35 | INFO: Extracting primitive: takeda-samurai-04 individual front lamellar plate r4 c3 mesh
00:08:35 | INFO: Primitives created: 1
00:08:35 | INFO: Extracting primitive: takeda-samurai-04 individual front lamellar plate r4 c4 mesh
00:08:35 | INFO: Primitives created: 1
00:08:35 | INFO: Extracting primitive: takeda-samurai-04 individual front lamellar plate r4 c5 mesh
00:08:35 | INFO: Primitives created: 1
00:08:35 | INFO: Extracting primitive: takeda-samurai-04 odoshi lacing row 4
00:08:35 | INFO: Primitives created: 1
00:08:35 | INFO: Extracting primitive: takeda-samurai-04 chipped lacquer highlight r4 -0.16
00:08:35 | INFO: Primitives created: 1
00:08:35 | INFO: Extracting primitive: takeda-samurai-04 chipped lacquer highlight r4 0.0
00:08:35 | INFO: Primitives created: 1
00:08:35 | INFO: Extracting primitive: takeda-samurai-04 chipped lacquer highlight r4 0.16
00:08:35 | INFO: Primitives created: 1
00:08:35 | INFO: Extracting primitive: Sphere.080
00:08:35 | INFO: Primitives created: 1
00:08:35 | INFO: Extracting primitive: takeda-samurai-04 articulated sode shoulder plate -1 1 mesh
00:08:35 | INFO: Primitives created: 1
00:08:35 | INFO: Extracting primitive: takeda-samurai-04 sode lacing -1 1
00:08:35 | INFO: Primitives created: 1
00:08:35 | INFO: Extracting primitive: takeda-samurai-04 articulated sode shoulder plate -1 2 mesh
00:08:35 | INFO: Primitives created: 1
00:08:35 | INFO: Extracting primitive: takeda-samurai-04 sode lacing -1 2
00:08:35 | INFO: Primitives created: 1
00:08:35 | INFO: Extracting primitive: takeda-samurai-04 articulated sode shoulder plate -1 3 mesh
00:08:35 | INFO: Primitives created: 1
00:08:35 | INFO: Extracting primitive: takeda-samurai-04 sode lacing -1 3
00:08:35 | INFO: Primitives created: 1
00:08:35 | INFO: Extracting primitive: takeda-samurai-04 articulated sode shoulder plate -1 4 mesh
00:08:35 | INFO: Primitives created: 1
00:08:35 | INFO: Extracting primitive: takeda-samurai-04 sode lacing -1 4
00:08:35 | INFO: Primitives created: 1
00:08:35 | INFO: Extracting primitive: Sphere.081
00:08:35 | INFO: Primitives created: 1
00:08:35 | INFO: Extracting primitive: Sphere.082
00:08:35 | INFO: Primitives created: 1
00:08:35 | INFO: Extracting primitive: Sphere.083
00:08:35 | INFO: Primitives created: 1
00:08:35 | INFO: Extracting primitive: Sphere.084
00:08:35 | INFO: Primitives created: 1
00:08:35 | INFO: Extracting primitive: Sphere.085
00:08:35 | INFO: Primitives created: 1
00:08:35 | INFO: Extracting primitive: Cube.023
00:08:35 | INFO: Primitives created: 1
00:08:35 | INFO: Extracting primitive: takeda-samurai-04 sandal toe strap -1
00:08:35 | INFO: Primitives created: 1
00:08:35 | INFO: Extracting primitive: Sphere.086
00:08:35 | INFO: Primitives created: 1
00:08:35 | INFO: Extracting primitive: takeda-samurai-04 articulated sode shoulder plate 1 1 mesh
00:08:35 | INFO: Primitives created: 1
00:08:35 | INFO: Extracting primitive: takeda-samurai-04 sode lacing 1 1
00:08:35 | INFO: Primitives created: 1
00:08:35 | INFO: Extracting primitive: takeda-samurai-04 articulated sode shoulder plate 1 2 mesh
00:08:35 | INFO: Primitives created: 1
00:08:35 | INFO: Extracting primitive: takeda-samurai-04 sode lacing 1 2
00:08:35 | INFO: Primitives created: 1
00:08:35 | INFO: Extracting primitive: takeda-samurai-04 articulated sode shoulder plate 1 3 mesh
00:08:35 | INFO: Primitives created: 1
00:08:35 | INFO: Extracting primitive: takeda-samurai-04 sode lacing 1 3
00:08:35 | INFO: Primitives created: 1
00:08:35 | INFO: Extracting primitive: takeda-samurai-04 articulated sode shoulder plate 1 4 mesh
00:08:35 | INFO: Primitives created: 1
00:08:35 | INFO: Extracting primitive: takeda-samurai-04 sode lacing 1 4
00:08:35 | INFO: Primitives created: 1
00:08:35 | INFO: Extracting primitive: Sphere.087
00:08:35 | INFO: Primitives created: 1
00:08:35 | INFO: Extracting primitive: Sphere.088
00:08:35 | INFO: Primitives created: 1
00:08:35 | INFO: Extracting primitive: Sphere.089
00:08:35 | INFO: Primitives created: 1
00:08:35 | INFO: Extracting primitive: Sphere.090
00:08:35 | INFO: Primitives created: 1
00:08:35 | INFO: Extracting primitive: Sphere.091
00:08:35 | INFO: Primitives created: 1
00:08:35 | INFO: Extracting primitive: Cube.024
00:08:35 | INFO: Primitives created: 1
00:08:35 | INFO: Extracting primitive: takeda-samurai-04 sandal toe strap 1
00:08:35 | INFO: Primitives created: 1
00:08:35 | INFO: Extracting primitive: takeda-samurai-04 kusazuri skirt -1 row 1 mesh
00:08:35 | INFO: Primitives created: 1
00:08:35 | INFO: Extracting primitive: takeda-samurai-04 kusazuri skirt -1 row 2 mesh
00:08:35 | INFO: Primitives created: 1
00:08:35 | INFO: Extracting primitive: takeda-samurai-04 kusazuri skirt 0 row 1 mesh
00:08:35 | INFO: Primitives created: 1
00:08:35 | INFO: Extracting primitive: takeda-samurai-04 kusazuri skirt 0 row 2 mesh
00:08:35 | INFO: Primitives created: 1
00:08:35 | INFO: Extracting primitive: takeda-samurai-04 kusazuri skirt 1 row 1 mesh
00:08:35 | INFO: Primitives created: 1
00:08:35 | INFO: Extracting primitive: takeda-samurai-04 kusazuri skirt 1 row 2 mesh
00:08:35 | INFO: Primitives created: 1
00:08:35 | INFO: Extracting primitive: takeda-samurai-04 guard katana blade
00:08:35 | INFO: Primitives created: 1
00:08:35 | INFO: Extracting primitive: Cylinder.010
00:08:35 | INFO: Primitives created: 1
00:08:35 | INFO: Extracting primitive: takeda-samurai-04 sashimono bamboo pole
00:08:35 | INFO: Primitives created: 1
00:08:35 | INFO: Extracting primitive: takeda-samurai-04 wind-bent sashimono cloth panel mesh
00:08:35 | INFO: Primitives created: 1
00:08:35 | INFO: Extracting primitive: Cube.025
00:08:35 | INFO: Primitives created: 1
00:08:35 | INFO: Extracting primitive: Cube.026
00:08:35 | INFO: Primitives created: 1
00:08:35 | INFO: Extracting primitive: Cube.027
00:08:35 | INFO: Primitives created: 1
00:08:35 | INFO: Extracting primitive: Cube.028
00:08:35 | INFO: Primitives created: 1
00:08:35 | INFO: Extracting primitive: Sphere.092
00:08:35 | INFO: Primitives created: 1
00:08:35 | INFO: Extracting primitive: Sphere.093
00:08:35 | INFO: Primitives created: 1
00:08:35 | INFO: Extracting primitive: Sphere.094
00:08:35 | INFO: Primitives created: 1
00:08:35 | INFO: Extracting primitive: Sphere.095
00:08:35 | INFO: Primitives created: 1
00:08:35 | INFO: Extracting primitive: Cube.029
00:08:35 | INFO: Primitives created: 1
00:08:35 | INFO: Extracting primitive: Sphere.096
00:08:35 | INFO: Primitives created: 1
00:08:35 | INFO: Extracting primitive: Cone.013
00:08:35 | INFO: Primitives created: 1
00:08:35 | INFO: Extracting primitive: takeda-samurai-05 rear shikoro lamellar neck plate r1 c1 mesh
00:08:35 | INFO: Primitives created: 1
00:08:35 | INFO: Extracting primitive: takeda-samurai-05 rear shikoro lamellar neck plate r1 c2 mesh
00:08:35 | INFO: Primitives created: 1
00:08:35 | INFO: Extracting primitive: takeda-samurai-05 rear shikoro lamellar neck plate r1 c3 mesh
00:08:35 | INFO: Primitives created: 1
00:08:35 | INFO: Extracting primitive: takeda-samurai-05 rear shikoro lamellar neck plate r2 c1 mesh
00:08:35 | INFO: Primitives created: 1
00:08:35 | INFO: Extracting primitive: takeda-samurai-05 rear shikoro lamellar neck plate r2 c2 mesh
00:08:35 | INFO: Primitives created: 1
00:08:35 | INFO: Extracting primitive: takeda-samurai-05 rear shikoro lamellar neck plate r2 c3 mesh
00:08:35 | INFO: Primitives created: 1
00:08:35 | INFO: Extracting primitive: takeda-samurai-05 rear shikoro lamellar neck plate r3 c1 mesh
00:08:35 | INFO: Primitives created: 1
00:08:35 | INFO: Extracting primitive: takeda-samurai-05 rear shikoro lamellar neck plate r3 c2 mesh
00:08:35 | INFO: Primitives created: 1
00:08:35 | INFO: Extracting primitive: takeda-samurai-05 rear shikoro lamellar neck plate r3 c3 mesh
00:08:35 | INFO: Primitives created: 1
00:08:35 | INFO: Extracting primitive: takeda-samurai-05 raised kabuto rib 1
00:08:35 | INFO: Primitives created: 1
00:08:35 | INFO: Extracting primitive: takeda-samurai-05 raised kabuto rib 2
00:08:35 | INFO: Primitives created: 1
00:08:35 | INFO: Extracting primitive: takeda-samurai-05 raised kabuto rib 3
00:08:35 | INFO: Primitives created: 1
00:08:35 | INFO: Extracting primitive: takeda-samurai-05 crescent maedate crest
00:08:35 | INFO: Primitives created: 1
00:08:35 | INFO: Extracting primitive: takeda-samurai-05 individual front lamellar plate r1 c1 mesh
00:08:35 | INFO: Primitives created: 1
00:08:35 | INFO: Extracting primitive: takeda-samurai-05 individual front lamellar plate r1 c2 mesh
00:08:35 | INFO: Primitives created: 1
00:08:35 | INFO: Extracting primitive: takeda-samurai-05 individual front lamellar plate r1 c3 mesh
00:08:35 | INFO: Primitives created: 1
00:08:35 | INFO: Extracting primitive: takeda-samurai-05 individual front lamellar plate r1 c4 mesh
00:08:35 | INFO: Primitives created: 1
00:08:35 | INFO: Extracting primitive: takeda-samurai-05 individual front lamellar plate r1 c5 mesh
00:08:35 | INFO: Primitives created: 1
00:08:35 | INFO: Extracting primitive: takeda-samurai-05 odoshi lacing row 1
00:08:35 | INFO: Primitives created: 1
00:08:35 | INFO: Extracting primitive: takeda-samurai-05 chipped lacquer highlight r1 -0.16
00:08:35 | INFO: Primitives created: 1
00:08:35 | INFO: Extracting primitive: takeda-samurai-05 chipped lacquer highlight r1 0.0
00:08:35 | INFO: Primitives created: 1
00:08:35 | INFO: Extracting primitive: takeda-samurai-05 chipped lacquer highlight r1 0.16
00:08:35 | INFO: Primitives created: 1
00:08:35 | INFO: Extracting primitive: takeda-samurai-05 individual front lamellar plate r2 c1 mesh
00:08:35 | INFO: Primitives created: 1
00:08:35 | INFO: Extracting primitive: takeda-samurai-05 individual front lamellar plate r2 c2 mesh
00:08:35 | INFO: Primitives created: 1
00:08:35 | INFO: Extracting primitive: takeda-samurai-05 individual front lamellar plate r2 c3 mesh
00:08:35 | INFO: Primitives created: 1
00:08:35 | INFO: Extracting primitive: takeda-samurai-05 individual front lamellar plate r2 c4 mesh
00:08:35 | INFO: Primitives created: 1
00:08:35 | INFO: Extracting primitive: takeda-samurai-05 individual front lamellar plate r2 c5 mesh
00:08:35 | INFO: Primitives created: 1
00:08:35 | INFO: Extracting primitive: takeda-samurai-05 odoshi lacing row 2
00:08:35 | INFO: Primitives created: 1
00:08:35 | INFO: Extracting primitive: takeda-samurai-05 chipped lacquer highlight r2 -0.16
00:08:35 | INFO: Primitives created: 1
00:08:35 | INFO: Extracting primitive: takeda-samurai-05 chipped lacquer highlight r2 0.0
00:08:35 | INFO: Primitives created: 1
00:08:35 | INFO: Extracting primitive: takeda-samurai-05 chipped lacquer highlight r2 0.16
00:08:35 | INFO: Primitives created: 1
00:08:35 | INFO: Extracting primitive: takeda-samurai-05 individual front lamellar plate r3 c1 mesh
00:08:35 | INFO: Primitives created: 1
00:08:35 | INFO: Extracting primitive: takeda-samurai-05 individual front lamellar plate r3 c2 mesh
00:08:35 | INFO: Primitives created: 1
00:08:35 | INFO: Extracting primitive: takeda-samurai-05 individual front lamellar plate r3 c3 mesh
00:08:35 | INFO: Primitives created: 1
00:08:35 | INFO: Extracting primitive: takeda-samurai-05 individual front lamellar plate r3 c4 mesh
00:08:35 | INFO: Primitives created: 1
00:08:35 | INFO: Extracting primitive: takeda-samurai-05 individual front lamellar plate r3 c5 mesh
00:08:35 | INFO: Primitives created: 1
00:08:35 | INFO: Extracting primitive: takeda-samurai-05 odoshi lacing row 3
00:08:35 | INFO: Primitives created: 1
00:08:35 | INFO: Extracting primitive: takeda-samurai-05 chipped lacquer highlight r3 -0.16
00:08:35 | INFO: Primitives created: 1
00:08:35 | INFO: Extracting primitive: takeda-samurai-05 chipped lacquer highlight r3 0.0
00:08:35 | INFO: Primitives created: 1
00:08:35 | INFO: Extracting primitive: takeda-samurai-05 chipped lacquer highlight r3 0.16
00:08:35 | INFO: Primitives created: 1
00:08:35 | INFO: Extracting primitive: takeda-samurai-05 individual front lamellar plate r4 c1 mesh
00:08:35 | INFO: Primitives created: 1
00:08:35 | INFO: Extracting primitive: takeda-samurai-05 individual front lamellar plate r4 c2 mesh
00:08:35 | INFO: Primitives created: 1
00:08:35 | INFO: Extracting primitive: takeda-samurai-05 individual front lamellar plate r4 c3 mesh
00:08:35 | INFO: Primitives created: 1
00:08:35 | INFO: Extracting primitive: takeda-samurai-05 individual front lamellar plate r4 c4 mesh
00:08:35 | INFO: Primitives created: 1
00:08:35 | INFO: Extracting primitive: takeda-samurai-05 individual front lamellar plate r4 c5 mesh
00:08:35 | INFO: Primitives created: 1
00:08:35 | INFO: Extracting primitive: takeda-samurai-05 odoshi lacing row 4
00:08:35 | INFO: Primitives created: 1
00:08:35 | INFO: Extracting primitive: takeda-samurai-05 chipped lacquer highlight r4 -0.16
00:08:35 | INFO: Primitives created: 1
00:08:35 | INFO: Extracting primitive: takeda-samurai-05 chipped lacquer highlight r4 0.0
00:08:35 | INFO: Primitives created: 1
00:08:35 | INFO: Extracting primitive: takeda-samurai-05 chipped lacquer highlight r4 0.16
00:08:35 | INFO: Primitives created: 1
00:08:35 | INFO: Extracting primitive: Sphere.097
00:08:35 | INFO: Primitives created: 1
00:08:35 | INFO: Extracting primitive: takeda-samurai-05 articulated sode shoulder plate -1 1 mesh
00:08:35 | INFO: Primitives created: 1
00:08:35 | INFO: Extracting primitive: takeda-samurai-05 sode lacing -1 1
00:08:35 | INFO: Primitives created: 1
00:08:35 | INFO: Extracting primitive: takeda-samurai-05 articulated sode shoulder plate -1 2 mesh
00:08:35 | INFO: Primitives created: 1
00:08:35 | INFO: Extracting primitive: takeda-samurai-05 sode lacing -1 2
00:08:35 | INFO: Primitives created: 1
00:08:35 | INFO: Extracting primitive: takeda-samurai-05 articulated sode shoulder plate -1 3 mesh
00:08:35 | INFO: Primitives created: 1
00:08:35 | INFO: Extracting primitive: takeda-samurai-05 sode lacing -1 3
00:08:35 | INFO: Primitives created: 1
00:08:35 | INFO: Extracting primitive: takeda-samurai-05 articulated sode shoulder plate -1 4 mesh
00:08:35 | INFO: Primitives created: 1
00:08:35 | INFO: Extracting primitive: takeda-samurai-05 sode lacing -1 4
00:08:35 | INFO: Primitives created: 1
00:08:35 | INFO: Extracting primitive: Sphere.098
00:08:35 | INFO: Primitives created: 1
00:08:35 | INFO: Extracting primitive: Sphere.099
00:08:35 | INFO: Primitives created: 1
00:08:35 | INFO: Extracting primitive: Sphere.100
00:08:35 | INFO: Primitives created: 1
00:08:35 | INFO: Extracting primitive: Sphere.101
00:08:35 | INFO: Primitives created: 1
00:08:35 | INFO: Extracting primitive: Sphere.102
00:08:35 | INFO: Primitives created: 1
00:08:35 | INFO: Extracting primitive: Cube.030
00:08:35 | INFO: Primitives created: 1
00:08:35 | INFO: Extracting primitive: takeda-samurai-05 sandal toe strap -1
00:08:35 | INFO: Primitives created: 1
00:08:35 | INFO: Extracting primitive: Sphere.103
00:08:35 | INFO: Primitives created: 1
00:08:35 | INFO: Extracting primitive: takeda-samurai-05 articulated sode shoulder plate 1 1 mesh
00:08:35 | INFO: Primitives created: 1
00:08:35 | INFO: Extracting primitive: takeda-samurai-05 sode lacing 1 1
00:08:35 | INFO: Primitives created: 1
00:08:35 | INFO: Extracting primitive: takeda-samurai-05 articulated sode shoulder plate 1 2 mesh
00:08:35 | INFO: Primitives created: 1
00:08:35 | INFO: Extracting primitive: takeda-samurai-05 sode lacing 1 2
00:08:35 | INFO: Primitives created: 1
00:08:35 | INFO: Extracting primitive: takeda-samurai-05 articulated sode shoulder plate 1 3 mesh
00:08:35 | INFO: Primitives created: 1
00:08:35 | INFO: Extracting primitive: takeda-samurai-05 sode lacing 1 3
00:08:35 | INFO: Primitives created: 1
00:08:35 | INFO: Extracting primitive: takeda-samurai-05 articulated sode shoulder plate 1 4 mesh
00:08:35 | INFO: Primitives created: 1
00:08:35 | INFO: Extracting primitive: takeda-samurai-05 sode lacing 1 4
00:08:35 | INFO: Primitives created: 1
00:08:35 | INFO: Extracting primitive: Sphere.104
00:08:35 | INFO: Primitives created: 1
00:08:35 | INFO: Extracting primitive: Sphere.105
00:08:35 | INFO: Primitives created: 1
00:08:35 | INFO: Extracting primitive: Sphere.106
00:08:35 | INFO: Primitives created: 1
00:08:35 | INFO: Extracting primitive: Sphere.107
00:08:35 | INFO: Primitives created: 1
00:08:35 | INFO: Extracting primitive: Sphere.108
00:08:35 | INFO: Primitives created: 1
00:08:35 | INFO: Extracting primitive: Cube.031
00:08:35 | INFO: Primitives created: 1
00:08:35 | INFO: Extracting primitive: takeda-samurai-05 sandal toe strap 1
00:08:35 | INFO: Primitives created: 1
00:08:35 | INFO: Extracting primitive: takeda-samurai-05 kusazuri skirt -1 row 1 mesh
00:08:35 | INFO: Primitives created: 1
00:08:35 | INFO: Extracting primitive: takeda-samurai-05 kusazuri skirt -1 row 2 mesh
00:08:35 | INFO: Primitives created: 1
00:08:35 | INFO: Extracting primitive: takeda-samurai-05 kusazuri skirt 0 row 1 mesh
00:08:35 | INFO: Primitives created: 1
00:08:35 | INFO: Extracting primitive: takeda-samurai-05 kusazuri skirt 0 row 2 mesh
00:08:35 | INFO: Primitives created: 1
00:08:35 | INFO: Extracting primitive: takeda-samurai-05 kusazuri skirt 1 row 1 mesh
00:08:35 | INFO: Primitives created: 1
00:08:35 | INFO: Extracting primitive: takeda-samurai-05 kusazuri skirt 1 row 2 mesh
00:08:35 | INFO: Primitives created: 1
00:08:35 | INFO: Extracting primitive: takeda-samurai-05 yari shaft
00:08:35 | INFO: Primitives created: 1
00:08:35 | INFO: Extracting primitive: Cone.014
00:08:35 | INFO: Primitives created: 1
00:08:35 | INFO: Extracting primitive: takeda-samurai-05 sashimono bamboo pole
00:08:35 | INFO: Primitives created: 1
00:08:35 | INFO: Extracting primitive: takeda-samurai-05 wind-bent sashimono cloth panel mesh
00:08:35 | INFO: Primitives created: 1
00:08:35 | INFO: Extracting primitive: Cube.032
00:08:35 | INFO: Primitives created: 1
00:08:35 | INFO: Extracting primitive: Cube.033
00:08:35 | INFO: Primitives created: 1
00:08:35 | INFO: Extracting primitive: Cube.034
00:08:35 | INFO: Primitives created: 1
00:08:35 | INFO: Extracting primitive: Cube.035
00:08:35 | INFO: Primitives created: 1
00:08:35 | INFO: Extracting primitive: Sphere.109
00:08:35 | INFO: Primitives created: 1
00:08:35 | INFO: Extracting primitive: Sphere.110
00:08:35 | INFO: Primitives created: 1
00:08:35 | INFO: Extracting primitive: Sphere.111
00:08:35 | INFO: Primitives created: 1
00:08:35 | INFO: Extracting primitive: Sphere.112
00:08:35 | INFO: Primitives created: 1
00:08:35 | INFO: Extracting primitive: Cube.036
00:08:35 | INFO: Primitives created: 1
00:08:35 | INFO: Extracting primitive: Sphere.113
00:08:35 | INFO: Primitives created: 1
00:08:35 | INFO: Extracting primitive: Cone.015
00:08:35 | INFO: Primitives created: 1
00:08:35 | INFO: Extracting primitive: takeda-samurai-06 rear shikoro lamellar neck plate r1 c1 mesh
00:08:35 | INFO: Primitives created: 1
00:08:35 | INFO: Extracting primitive: takeda-samurai-06 rear shikoro lamellar neck plate r1 c2 mesh
00:08:35 | INFO: Primitives created: 1
00:08:35 | INFO: Extracting primitive: takeda-samurai-06 rear shikoro lamellar neck plate r1 c3 mesh
00:08:35 | INFO: Primitives created: 1
00:08:35 | INFO: Extracting primitive: takeda-samurai-06 rear shikoro lamellar neck plate r2 c1 mesh
00:08:35 | INFO: Primitives created: 1
00:08:35 | INFO: Extracting primitive: takeda-samurai-06 rear shikoro lamellar neck plate r2 c2 mesh
00:08:35 | INFO: Primitives created: 1
00:08:35 | INFO: Extracting primitive: takeda-samurai-06 rear shikoro lamellar neck plate r2 c3 mesh
00:08:35 | INFO: Primitives created: 1
00:08:35 | INFO: Extracting primitive: takeda-samurai-06 rear shikoro lamellar neck plate r3 c1 mesh
00:08:35 | INFO: Primitives created: 1
00:08:35 | INFO: Extracting primitive: takeda-samurai-06 rear shikoro lamellar neck plate r3 c2 mesh
00:08:35 | INFO: Primitives created: 1
00:08:35 | INFO: Extracting primitive: takeda-samurai-06 rear shikoro lamellar neck plate r3 c3 mesh
00:08:35 | INFO: Primitives created: 1
00:08:35 | INFO: Extracting primitive: takeda-samurai-06 raised kabuto rib 1
00:08:35 | INFO: Primitives created: 1
00:08:35 | INFO: Extracting primitive: takeda-samurai-06 raised kabuto rib 2
00:08:35 | INFO: Primitives created: 1
00:08:35 | INFO: Extracting primitive: takeda-samurai-06 raised kabuto rib 3
00:08:35 | INFO: Primitives created: 1
00:08:35 | INFO: Extracting primitive: takeda-samurai-06 crescent maedate crest
00:08:35 | INFO: Primitives created: 1
00:08:35 | INFO: Extracting primitive: takeda-samurai-06 individual front lamellar plate r1 c1 mesh
00:08:35 | INFO: Primitives created: 1
00:08:35 | INFO: Extracting primitive: takeda-samurai-06 individual front lamellar plate r1 c2 mesh
00:08:35 | INFO: Primitives created: 1
00:08:35 | INFO: Extracting primitive: takeda-samurai-06 individual front lamellar plate r1 c3 mesh
00:08:35 | INFO: Primitives created: 1
00:08:35 | INFO: Extracting primitive: takeda-samurai-06 individual front lamellar plate r1 c4 mesh
00:08:35 | INFO: Primitives created: 1
00:08:35 | INFO: Extracting primitive: takeda-samurai-06 individual front lamellar plate r1 c5 mesh
00:08:35 | INFO: Primitives created: 1
00:08:35 | INFO: Extracting primitive: takeda-samurai-06 odoshi lacing row 1
00:08:35 | INFO: Primitives created: 1
00:08:35 | INFO: Extracting primitive: takeda-samurai-06 chipped lacquer highlight r1 -0.16
00:08:35 | INFO: Primitives created: 1
00:08:35 | INFO: Extracting primitive: takeda-samurai-06 chipped lacquer highlight r1 0.0
00:08:35 | INFO: Primitives created: 1
00:08:35 | INFO: Extracting primitive: takeda-samurai-06 chipped lacquer highlight r1 0.16
00:08:35 | INFO: Primitives created: 1
00:08:35 | INFO: Extracting primitive: takeda-samurai-06 individual front lamellar plate r2 c1 mesh
00:08:35 | INFO: Primitives created: 1
00:08:35 | INFO: Extracting primitive: takeda-samurai-06 individual front lamellar plate r2 c2 mesh
00:08:35 | INFO: Primitives created: 1
00:08:35 | INFO: Extracting primitive: takeda-samurai-06 individual front lamellar plate r2 c3 mesh
00:08:35 | INFO: Primitives created: 1
00:08:35 | INFO: Extracting primitive: takeda-samurai-06 individual front lamellar plate r2 c4 mesh
00:08:35 | INFO: Primitives created: 1
00:08:35 | INFO: Extracting primitive: takeda-samurai-06 individual front lamellar plate r2 c5 mesh
00:08:35 | INFO: Primitives created: 1
00:08:35 | INFO: Extracting primitive: takeda-samurai-06 odoshi lacing row 2
00:08:35 | INFO: Primitives created: 1
00:08:35 | INFO: Extracting primitive: takeda-samurai-06 chipped lacquer highlight r2 -0.16
00:08:35 | INFO: Primitives created: 1
00:08:35 | INFO: Extracting primitive: takeda-samurai-06 chipped lacquer highlight r2 0.0
00:08:35 | INFO: Primitives created: 1
00:08:35 | INFO: Extracting primitive: takeda-samurai-06 chipped lacquer highlight r2 0.16
00:08:35 | INFO: Primitives created: 1
00:08:35 | INFO: Extracting primitive: takeda-samurai-06 individual front lamellar plate r3 c1 mesh
00:08:35 | INFO: Primitives created: 1
00:08:35 | INFO: Extracting primitive: takeda-samurai-06 individual front lamellar plate r3 c2 mesh
00:08:35 | INFO: Primitives created: 1
00:08:35 | INFO: Extracting primitive: takeda-samurai-06 individual front lamellar plate r3 c3 mesh
00:08:35 | INFO: Primitives created: 1
00:08:35 | INFO: Extracting primitive: takeda-samurai-06 individual front lamellar plate r3 c4 mesh
00:08:35 | INFO: Primitives created: 1
00:08:35 | INFO: Extracting primitive: takeda-samurai-06 individual front lamellar plate r3 c5 mesh
00:08:35 | INFO: Primitives created: 1
00:08:35 | INFO: Extracting primitive: takeda-samurai-06 odoshi lacing row 3
00:08:35 | INFO: Primitives created: 1
00:08:35 | INFO: Extracting primitive: takeda-samurai-06 chipped lacquer highlight r3 -0.16
00:08:35 | INFO: Primitives created: 1
00:08:35 | INFO: Extracting primitive: takeda-samurai-06 chipped lacquer highlight r3 0.0
00:08:35 | INFO: Primitives created: 1
00:08:35 | INFO: Extracting primitive: takeda-samurai-06 chipped lacquer highlight r3 0.16
00:08:35 | INFO: Primitives created: 1
00:08:35 | INFO: Extracting primitive: takeda-samurai-06 individual front lamellar plate r4 c1 mesh
00:08:35 | INFO: Primitives created: 1
00:08:35 | INFO: Extracting primitive: takeda-samurai-06 individual front lamellar plate r4 c2 mesh
00:08:35 | INFO: Primitives created: 1
00:08:35 | INFO: Extracting primitive: takeda-samurai-06 individual front lamellar plate r4 c3 mesh
00:08:35 | INFO: Primitives created: 1
00:08:35 | INFO: Extracting primitive: takeda-samurai-06 individual front lamellar plate r4 c4 mesh
00:08:35 | INFO: Primitives created: 1
00:08:35 | INFO: Extracting primitive: takeda-samurai-06 individual front lamellar plate r4 c5 mesh
00:08:35 | INFO: Primitives created: 1
00:08:35 | INFO: Extracting primitive: takeda-samurai-06 odoshi lacing row 4
00:08:35 | INFO: Primitives created: 1
00:08:35 | INFO: Extracting primitive: takeda-samurai-06 chipped lacquer highlight r4 -0.16
00:08:35 | INFO: Primitives created: 1
00:08:35 | INFO: Extracting primitive: takeda-samurai-06 chipped lacquer highlight r4 0.0
00:08:35 | INFO: Primitives created: 1
00:08:35 | INFO: Extracting primitive: takeda-samurai-06 chipped lacquer highlight r4 0.16
00:08:35 | INFO: Primitives created: 1
00:08:35 | INFO: Extracting primitive: Sphere.114
00:08:35 | INFO: Primitives created: 1
00:08:35 | INFO: Extracting primitive: takeda-samurai-06 articulated sode shoulder plate -1 1 mesh
00:08:35 | INFO: Primitives created: 1
00:08:35 | INFO: Extracting primitive: takeda-samurai-06 sode lacing -1 1
00:08:35 | INFO: Primitives created: 1
00:08:35 | INFO: Extracting primitive: takeda-samurai-06 articulated sode shoulder plate -1 2 mesh
00:08:35 | INFO: Primitives created: 1
00:08:35 | INFO: Extracting primitive: takeda-samurai-06 sode lacing -1 2
00:08:35 | INFO: Primitives created: 1
00:08:35 | INFO: Extracting primitive: takeda-samurai-06 articulated sode shoulder plate -1 3 mesh
00:08:35 | INFO: Primitives created: 1
00:08:35 | INFO: Extracting primitive: takeda-samurai-06 sode lacing -1 3
00:08:35 | INFO: Primitives created: 1
00:08:35 | INFO: Extracting primitive: takeda-samurai-06 articulated sode shoulder plate -1 4 mesh
00:08:35 | INFO: Primitives created: 1
00:08:35 | INFO: Extracting primitive: takeda-samurai-06 sode lacing -1 4
00:08:35 | INFO: Primitives created: 1
00:08:35 | INFO: Extracting primitive: Sphere.115
00:08:35 | INFO: Primitives created: 1
00:08:35 | INFO: Extracting primitive: Sphere.116
00:08:35 | INFO: Primitives created: 1
00:08:35 | INFO: Extracting primitive: Sphere.117
00:08:35 | INFO: Primitives created: 1
00:08:35 | INFO: Extracting primitive: Sphere.118
00:08:35 | INFO: Primitives created: 1
00:08:35 | INFO: Extracting primitive: Sphere.119
00:08:35 | INFO: Primitives created: 1
00:08:35 | INFO: Extracting primitive: Cube.037
00:08:35 | INFO: Primitives created: 1
00:08:35 | INFO: Extracting primitive: takeda-samurai-06 sandal toe strap -1
00:08:35 | INFO: Primitives created: 1
00:08:35 | INFO: Extracting primitive: Sphere.120
00:08:35 | INFO: Primitives created: 1
00:08:35 | INFO: Extracting primitive: takeda-samurai-06 articulated sode shoulder plate 1 1 mesh
00:08:35 | INFO: Primitives created: 1
00:08:35 | INFO: Extracting primitive: takeda-samurai-06 sode lacing 1 1
00:08:35 | INFO: Primitives created: 1
00:08:35 | INFO: Extracting primitive: takeda-samurai-06 articulated sode shoulder plate 1 2 mesh
00:08:35 | INFO: Primitives created: 1
00:08:35 | INFO: Extracting primitive: takeda-samurai-06 sode lacing 1 2
00:08:35 | INFO: Primitives created: 1
00:08:35 | INFO: Extracting primitive: takeda-samurai-06 articulated sode shoulder plate 1 3 mesh
00:08:35 | INFO: Primitives created: 1
00:08:35 | INFO: Extracting primitive: takeda-samurai-06 sode lacing 1 3
00:08:35 | INFO: Primitives created: 1
00:08:35 | INFO: Extracting primitive: takeda-samurai-06 articulated sode shoulder plate 1 4 mesh
00:08:35 | INFO: Primitives created: 1
00:08:35 | INFO: Extracting primitive: takeda-samurai-06 sode lacing 1 4
00:08:35 | INFO: Primitives created: 1
00:08:35 | INFO: Extracting primitive: Sphere.121
00:08:35 | INFO: Primitives created: 1
00:08:35 | INFO: Extracting primitive: Sphere.122
00:08:35 | INFO: Primitives created: 1
00:08:35 | INFO: Extracting primitive: Sphere.123
00:08:35 | INFO: Primitives created: 1
00:08:35 | INFO: Extracting primitive: Sphere.124
00:08:35 | INFO: Primitives created: 1
00:08:35 | INFO: Extracting primitive: Sphere.125
00:08:35 | INFO: Primitives created: 1
00:08:35 | INFO: Extracting primitive: Cube.038
00:08:35 | INFO: Primitives created: 1
00:08:35 | INFO: Extracting primitive: takeda-samurai-06 sandal toe strap 1
00:08:35 | INFO: Primitives created: 1
00:08:35 | INFO: Extracting primitive: takeda-samurai-06 kusazuri skirt -1 row 1 mesh
00:08:35 | INFO: Primitives created: 1
00:08:35 | INFO: Extracting primitive: takeda-samurai-06 kusazuri skirt -1 row 2 mesh
00:08:35 | INFO: Primitives created: 1
00:08:35 | INFO: Extracting primitive: takeda-samurai-06 kusazuri skirt 0 row 1 mesh
00:08:35 | INFO: Primitives created: 1
00:08:35 | INFO: Extracting primitive: takeda-samurai-06 kusazuri skirt 0 row 2 mesh
00:08:35 | INFO: Primitives created: 1
00:08:35 | INFO: Extracting primitive: takeda-samurai-06 kusazuri skirt 1 row 1 mesh
00:08:35 | INFO: Primitives created: 1
00:08:35 | INFO: Extracting primitive: takeda-samurai-06 kusazuri skirt 1 row 2 mesh
00:08:35 | INFO: Primitives created: 1
00:08:35 | INFO: Extracting primitive: takeda-samurai-06 guard katana blade
00:08:35 | INFO: Primitives created: 1
00:08:35 | INFO: Extracting primitive: Cylinder.011
00:08:35 | INFO: Primitives created: 1
00:08:35 | INFO: Extracting primitive: takeda-samurai-06 sashimono bamboo pole
00:08:35 | INFO: Primitives created: 1
00:08:35 | INFO: Extracting primitive: takeda-samurai-06 wind-bent sashimono cloth panel mesh
00:08:35 | INFO: Primitives created: 1
00:08:35 | INFO: Extracting primitive: Cube.039
00:08:35 | INFO: Primitives created: 1
00:08:35 | INFO: Extracting primitive: Cube.040
00:08:35 | INFO: Primitives created: 1
00:08:35 | INFO: Extracting primitive: Cube.041
00:08:35 | INFO: Primitives created: 1
00:08:35 | INFO: Extracting primitive: Cube.042
00:08:35 | INFO: Primitives created: 1
00:08:35 | INFO: Extracting primitive: Sphere.126
00:08:35 | INFO: Primitives created: 1
00:08:35 | INFO: Extracting primitive: Sphere.127
00:08:35 | INFO: Primitives created: 1
00:08:35 | INFO: Extracting primitive: Sphere.128
00:08:35 | INFO: Primitives created: 1
00:08:35 | INFO: Extracting primitive: Sphere.129
00:08:35 | INFO: Primitives created: 1
00:08:35 | INFO: Extracting primitive: Cube.043
00:08:35 | INFO: Primitives created: 1
00:08:35 | INFO: Extracting primitive: Sphere.130
00:08:35 | INFO: Primitives created: 1
00:08:35 | INFO: Extracting primitive: Cone.016
00:08:35 | INFO: Primitives created: 1
00:08:35 | INFO: Extracting primitive: takeda-samurai-07 rear shikoro lamellar neck plate r1 c1 mesh
00:08:35 | INFO: Primitives created: 1
00:08:35 | INFO: Extracting primitive: takeda-samurai-07 rear shikoro lamellar neck plate r1 c2 mesh
00:08:35 | INFO: Primitives created: 1
00:08:35 | INFO: Extracting primitive: takeda-samurai-07 rear shikoro lamellar neck plate r1 c3 mesh
00:08:35 | INFO: Primitives created: 1
00:08:35 | INFO: Extracting primitive: takeda-samurai-07 rear shikoro lamellar neck plate r2 c1 mesh
00:08:35 | INFO: Primitives created: 1
00:08:35 | INFO: Extracting primitive: takeda-samurai-07 rear shikoro lamellar neck plate r2 c2 mesh
00:08:35 | INFO: Primitives created: 1
00:08:35 | INFO: Extracting primitive: takeda-samurai-07 rear shikoro lamellar neck plate r2 c3 mesh
00:08:35 | INFO: Primitives created: 1
00:08:35 | INFO: Extracting primitive: takeda-samurai-07 rear shikoro lamellar neck plate r3 c1 mesh
00:08:35 | INFO: Primitives created: 1
00:08:35 | INFO: Extracting primitive: takeda-samurai-07 rear shikoro lamellar neck plate r3 c2 mesh
00:08:35 | INFO: Primitives created: 1
00:08:35 | INFO: Extracting primitive: takeda-samurai-07 rear shikoro lamellar neck plate r3 c3 mesh
00:08:35 | INFO: Primitives created: 1
00:08:35 | INFO: Extracting primitive: takeda-samurai-07 raised kabuto rib 1
00:08:35 | INFO: Primitives created: 1
00:08:35 | INFO: Extracting primitive: takeda-samurai-07 raised kabuto rib 2
00:08:35 | INFO: Primitives created: 1
00:08:35 | INFO: Extracting primitive: takeda-samurai-07 raised kabuto rib 3
00:08:35 | INFO: Primitives created: 1
00:08:35 | INFO: Extracting primitive: takeda-samurai-07 crescent maedate crest
00:08:35 | INFO: Primitives created: 1
00:08:35 | INFO: Extracting primitive: takeda-samurai-07 individual front lamellar plate r1 c1 mesh
00:08:35 | INFO: Primitives created: 1
00:08:35 | INFO: Extracting primitive: takeda-samurai-07 individual front lamellar plate r1 c2 mesh
00:08:35 | INFO: Primitives created: 1
00:08:35 | INFO: Extracting primitive: takeda-samurai-07 individual front lamellar plate r1 c3 mesh
00:08:35 | INFO: Primitives created: 1
00:08:35 | INFO: Extracting primitive: takeda-samurai-07 individual front lamellar plate r1 c4 mesh
00:08:35 | INFO: Primitives created: 1
00:08:35 | INFO: Extracting primitive: takeda-samurai-07 individual front lamellar plate r1 c5 mesh
00:08:35 | INFO: Primitives created: 1
00:08:35 | INFO: Extracting primitive: takeda-samurai-07 odoshi lacing row 1
00:08:35 | INFO: Primitives created: 1
00:08:35 | INFO: Extracting primitive: takeda-samurai-07 chipped lacquer highlight r1 -0.16
00:08:35 | INFO: Primitives created: 1
00:08:35 | INFO: Extracting primitive: takeda-samurai-07 chipped lacquer highlight r1 0.0
00:08:35 | INFO: Primitives created: 1
00:08:35 | INFO: Extracting primitive: takeda-samurai-07 chipped lacquer highlight r1 0.16
00:08:35 | INFO: Primitives created: 1
00:08:35 | INFO: Extracting primitive: takeda-samurai-07 individual front lamellar plate r2 c1 mesh
00:08:35 | INFO: Primitives created: 1
00:08:35 | INFO: Extracting primitive: takeda-samurai-07 individual front lamellar plate r2 c2 mesh
00:08:35 | INFO: Primitives created: 1
00:08:35 | INFO: Extracting primitive: takeda-samurai-07 individual front lamellar plate r2 c3 mesh
00:08:35 | INFO: Primitives created: 1
00:08:35 | INFO: Extracting primitive: takeda-samurai-07 individual front lamellar plate r2 c4 mesh
00:08:35 | INFO: Primitives created: 1
00:08:35 | INFO: Extracting primitive: takeda-samurai-07 individual front lamellar plate r2 c5 mesh
00:08:35 | INFO: Primitives created: 1
00:08:35 | INFO: Extracting primitive: takeda-samurai-07 odoshi lacing row 2
00:08:35 | INFO: Primitives created: 1
00:08:35 | INFO: Extracting primitive: takeda-samurai-07 chipped lacquer highlight r2 -0.16
00:08:35 | INFO: Primitives created: 1
00:08:35 | INFO: Extracting primitive: takeda-samurai-07 chipped lacquer highlight r2 0.0
00:08:35 | INFO: Primitives created: 1
00:08:35 | INFO: Extracting primitive: takeda-samurai-07 chipped lacquer highlight r2 0.16
00:08:35 | INFO: Primitives created: 1
00:08:35 | INFO: Extracting primitive: takeda-samurai-07 individual front lamellar plate r3 c1 mesh
00:08:35 | INFO: Primitives created: 1
00:08:35 | INFO: Extracting primitive: takeda-samurai-07 individual front lamellar plate r3 c2 mesh
00:08:35 | INFO: Primitives created: 1
00:08:35 | INFO: Extracting primitive: takeda-samurai-07 individual front lamellar plate r3 c3 mesh
00:08:35 | INFO: Primitives created: 1
00:08:35 | INFO: Extracting primitive: takeda-samurai-07 individual front lamellar plate r3 c4 mesh
00:08:35 | INFO: Primitives created: 1
00:08:35 | INFO: Extracting primitive: takeda-samurai-07 individual front lamellar plate r3 c5 mesh
00:08:35 | INFO: Primitives created: 1
00:08:35 | INFO: Extracting primitive: takeda-samurai-07 odoshi lacing row 3
00:08:35 | INFO: Primitives created: 1
00:08:35 | INFO: Extracting primitive: takeda-samurai-07 chipped lacquer highlight r3 -0.16
00:08:35 | INFO: Primitives created: 1
00:08:35 | INFO: Extracting primitive: takeda-samurai-07 chipped lacquer highlight r3 0.0
00:08:35 | INFO: Primitives created: 1
00:08:35 | INFO: Extracting primitive: takeda-samurai-07 chipped lacquer highlight r3 0.16
00:08:35 | INFO: Primitives created: 1
00:08:35 | INFO: Extracting primitive: takeda-samurai-07 individual front lamellar plate r4 c1 mesh
00:08:35 | INFO: Primitives created: 1
00:08:35 | INFO: Extracting primitive: takeda-samurai-07 individual front lamellar plate r4 c2 mesh
00:08:35 | INFO: Primitives created: 1
00:08:35 | INFO: Extracting primitive: takeda-samurai-07 individual front lamellar plate r4 c3 mesh
00:08:35 | INFO: Primitives created: 1
00:08:35 | INFO: Extracting primitive: takeda-samurai-07 individual front lamellar plate r4 c4 mesh
00:08:35 | INFO: Primitives created: 1
00:08:35 | INFO: Extracting primitive: takeda-samurai-07 individual front lamellar plate r4 c5 mesh
00:08:35 | INFO: Primitives created: 1
00:08:35 | INFO: Extracting primitive: takeda-samurai-07 odoshi lacing row 4
00:08:35 | INFO: Primitives created: 1
00:08:35 | INFO: Extracting primitive: takeda-samurai-07 chipped lacquer highlight r4 -0.16
00:08:35 | INFO: Primitives created: 1
00:08:35 | INFO: Extracting primitive: takeda-samurai-07 chipped lacquer highlight r4 0.0
00:08:35 | INFO: Primitives created: 1
00:08:35 | INFO: Extracting primitive: takeda-samurai-07 chipped lacquer highlight r4 0.16
00:08:35 | INFO: Primitives created: 1
00:08:35 | INFO: Extracting primitive: Sphere.131
00:08:35 | INFO: Primitives created: 1
00:08:35 | INFO: Extracting primitive: takeda-samurai-07 articulated sode shoulder plate -1 1 mesh
00:08:35 | INFO: Primitives created: 1
00:08:35 | INFO: Extracting primitive: takeda-samurai-07 sode lacing -1 1
00:08:35 | INFO: Primitives created: 1
00:08:35 | INFO: Extracting primitive: takeda-samurai-07 articulated sode shoulder plate -1 2 mesh
00:08:35 | INFO: Primitives created: 1
00:08:35 | INFO: Extracting primitive: takeda-samurai-07 sode lacing -1 2
00:08:35 | INFO: Primitives created: 1
00:08:35 | INFO: Extracting primitive: takeda-samurai-07 articulated sode shoulder plate -1 3 mesh
00:08:35 | INFO: Primitives created: 1
00:08:35 | INFO: Extracting primitive: takeda-samurai-07 sode lacing -1 3
00:08:35 | INFO: Primitives created: 1
00:08:35 | INFO: Extracting primitive: takeda-samurai-07 articulated sode shoulder plate -1 4 mesh
00:08:35 | INFO: Primitives created: 1
00:08:35 | INFO: Extracting primitive: takeda-samurai-07 sode lacing -1 4
00:08:35 | INFO: Primitives created: 1
00:08:35 | INFO: Extracting primitive: Sphere.132
00:08:35 | INFO: Primitives created: 1
00:08:35 | INFO: Extracting primitive: Sphere.133
00:08:35 | INFO: Primitives created: 1
00:08:35 | INFO: Extracting primitive: Sphere.134
00:08:35 | INFO: Primitives created: 1
00:08:35 | INFO: Extracting primitive: Sphere.135
00:08:35 | INFO: Primitives created: 1
00:08:35 | INFO: Extracting primitive: Sphere.136
00:08:35 | INFO: Primitives created: 1
00:08:35 | INFO: Extracting primitive: Cube.044
00:08:35 | INFO: Primitives created: 1
00:08:35 | INFO: Extracting primitive: takeda-samurai-07 sandal toe strap -1
00:08:35 | INFO: Primitives created: 1
00:08:35 | INFO: Extracting primitive: Sphere.137
00:08:35 | INFO: Primitives created: 1
00:08:35 | INFO: Extracting primitive: takeda-samurai-07 articulated sode shoulder plate 1 1 mesh
00:08:35 | INFO: Primitives created: 1
00:08:35 | INFO: Extracting primitive: takeda-samurai-07 sode lacing 1 1
00:08:36 | INFO: Primitives created: 1
00:08:36 | INFO: Extracting primitive: takeda-samurai-07 articulated sode shoulder plate 1 2 mesh
00:08:36 | INFO: Primitives created: 1
00:08:36 | INFO: Extracting primitive: takeda-samurai-07 sode lacing 1 2
00:08:36 | INFO: Primitives created: 1
00:08:36 | INFO: Extracting primitive: takeda-samurai-07 articulated sode shoulder plate 1 3 mesh
00:08:36 | INFO: Primitives created: 1
00:08:36 | INFO: Extracting primitive: takeda-samurai-07 sode lacing 1 3
00:08:36 | INFO: Primitives created: 1
00:08:36 | INFO: Extracting primitive: takeda-samurai-07 articulated sode shoulder plate 1 4 mesh
00:08:36 | INFO: Primitives created: 1
00:08:36 | INFO: Extracting primitive: takeda-samurai-07 sode lacing 1 4
00:08:36 | INFO: Primitives created: 1
00:08:36 | INFO: Extracting primitive: Sphere.138
00:08:36 | INFO: Primitives created: 1
00:08:36 | INFO: Extracting primitive: Sphere.139
00:08:36 | INFO: Primitives created: 1
00:08:36 | INFO: Extracting primitive: Sphere.140
00:08:36 | INFO: Primitives created: 1
00:08:36 | INFO: Extracting primitive: Sphere.141
00:08:36 | INFO: Primitives created: 1
00:08:36 | INFO: Extracting primitive: Sphere.142
00:08:36 | INFO: Primitives created: 1
00:08:36 | INFO: Extracting primitive: Cube.045
00:08:36 | INFO: Primitives created: 1
00:08:36 | INFO: Extracting primitive: takeda-samurai-07 sandal toe strap 1
00:08:36 | INFO: Primitives created: 1
00:08:36 | INFO: Extracting primitive: takeda-samurai-07 kusazuri skirt -1 row 1 mesh
00:08:36 | INFO: Primitives created: 1
00:08:36 | INFO: Extracting primitive: takeda-samurai-07 kusazuri skirt -1 row 2 mesh
00:08:36 | INFO: Primitives created: 1
00:08:36 | INFO: Extracting primitive: takeda-samurai-07 kusazuri skirt 0 row 1 mesh
00:08:36 | INFO: Primitives created: 1
00:08:36 | INFO: Extracting primitive: takeda-samurai-07 kusazuri skirt 0 row 2 mesh
00:08:36 | INFO: Primitives created: 1
00:08:36 | INFO: Extracting primitive: takeda-samurai-07 kusazuri skirt 1 row 1 mesh
00:08:36 | INFO: Primitives created: 1
00:08:36 | INFO: Extracting primitive: takeda-samurai-07 kusazuri skirt 1 row 2 mesh
00:08:36 | INFO: Primitives created: 1
00:08:36 | INFO: Extracting primitive: takeda-samurai-07 yari shaft
00:08:36 | INFO: Primitives created: 1
00:08:36 | INFO: Extracting primitive: Cone.017
00:08:36 | INFO: Primitives created: 1
00:08:36 | INFO: Extracting primitive: takeda-samurai-07 sashimono bamboo pole
00:08:36 | INFO: Primitives created: 1
00:08:36 | INFO: Extracting primitive: takeda-samurai-07 wind-bent sashimono cloth panel mesh
00:08:36 | INFO: Primitives created: 1
00:08:36 | INFO: Extracting primitive: Cube.046
00:08:36 | INFO: Primitives created: 1
00:08:36 | INFO: Extracting primitive: Cube.047
00:08:36 | INFO: Primitives created: 1
00:08:36 | INFO: Extracting primitive: Cube.048
00:08:36 | INFO: Primitives created: 1
00:08:36 | INFO: Extracting primitive: Cube.049
00:08:36 | INFO: Primitives created: 1
00:08:36 | INFO: Extracting primitive: Sphere.143
00:08:36 | INFO: Primitives created: 1
00:08:36 | INFO: Extracting primitive: Sphere.144
00:08:36 | INFO: Primitives created: 1
00:08:36 | INFO: Extracting primitive: Sphere.145
00:08:36 | INFO: Primitives created: 1
00:08:36 | INFO: Extracting primitive: Sphere.146
00:08:36 | INFO: Primitives created: 1
00:08:36 | INFO: Extracting primitive: Cube.050
00:08:36 | INFO: Primitives created: 1
00:08:36 | INFO: Extracting primitive: Sphere.147
00:08:36 | INFO: Primitives created: 1
00:08:36 | INFO: Extracting primitive: Cone.018
00:08:36 | INFO: Primitives created: 1
00:08:36 | INFO: Extracting primitive: takeda-samurai-08 rear shikoro lamellar neck plate r1 c1 mesh
00:08:36 | INFO: Primitives created: 1
00:08:36 | INFO: Extracting primitive: takeda-samurai-08 rear shikoro lamellar neck plate r1 c2 mesh
00:08:36 | INFO: Primitives created: 1
00:08:36 | INFO: Extracting primitive: takeda-samurai-08 rear shikoro lamellar neck plate r1 c3 mesh
00:08:36 | INFO: Primitives created: 1
00:08:36 | INFO: Extracting primitive: takeda-samurai-08 rear shikoro lamellar neck plate r2 c1 mesh
00:08:36 | INFO: Primitives created: 1
00:08:36 | INFO: Extracting primitive: takeda-samurai-08 rear shikoro lamellar neck plate r2 c2 mesh
00:08:36 | INFO: Primitives created: 1
00:08:36 | INFO: Extracting primitive: takeda-samurai-08 rear shikoro lamellar neck plate r2 c3 mesh
00:08:36 | INFO: Primitives created: 1
00:08:36 | INFO: Extracting primitive: takeda-samurai-08 rear shikoro lamellar neck plate r3 c1 mesh
00:08:36 | INFO: Primitives created: 1
00:08:36 | INFO: Extracting primitive: takeda-samurai-08 rear shikoro lamellar neck plate r3 c2 mesh
00:08:36 | INFO: Primitives created: 1
00:08:36 | INFO: Extracting primitive: takeda-samurai-08 rear shikoro lamellar neck plate r3 c3 mesh
00:08:36 | INFO: Primitives created: 1
00:08:36 | INFO: Extracting primitive: takeda-samurai-08 raised kabuto rib 1
00:08:36 | INFO: Primitives created: 1
00:08:36 | INFO: Extracting primitive: takeda-samurai-08 raised kabuto rib 2
00:08:36 | INFO: Primitives created: 1
00:08:36 | INFO: Extracting primitive: takeda-samurai-08 raised kabuto rib 3
00:08:36 | INFO: Primitives created: 1
00:08:36 | INFO: Extracting primitive: takeda-samurai-08 crescent maedate crest
00:08:36 | INFO: Primitives created: 1
00:08:36 | INFO: Extracting primitive: takeda-samurai-08 individual front lamellar plate r1 c1 mesh
00:08:36 | INFO: Primitives created: 1
00:08:36 | INFO: Extracting primitive: takeda-samurai-08 individual front lamellar plate r1 c2 mesh
00:08:36 | INFO: Primitives created: 1
00:08:36 | INFO: Extracting primitive: takeda-samurai-08 individual front lamellar plate r1 c3 mesh
00:08:36 | INFO: Primitives created: 1
00:08:36 | INFO: Extracting primitive: takeda-samurai-08 individual front lamellar plate r1 c4 mesh
00:08:36 | INFO: Primitives created: 1
00:08:36 | INFO: Extracting primitive: takeda-samurai-08 individual front lamellar plate r1 c5 mesh
00:08:36 | INFO: Primitives created: 1
00:08:36 | INFO: Extracting primitive: takeda-samurai-08 odoshi lacing row 1
00:08:36 | INFO: Primitives created: 1
00:08:36 | INFO: Extracting primitive: takeda-samurai-08 chipped lacquer highlight r1 -0.16
00:08:36 | INFO: Primitives created: 1
00:08:36 | INFO: Extracting primitive: takeda-samurai-08 chipped lacquer highlight r1 0.0
00:08:36 | INFO: Primitives created: 1
00:08:36 | INFO: Extracting primitive: takeda-samurai-08 chipped lacquer highlight r1 0.16
00:08:36 | INFO: Primitives created: 1
00:08:36 | INFO: Extracting primitive: takeda-samurai-08 individual front lamellar plate r2 c1 mesh
00:08:36 | INFO: Primitives created: 1
00:08:36 | INFO: Extracting primitive: takeda-samurai-08 individual front lamellar plate r2 c2 mesh
00:08:36 | INFO: Primitives created: 1
00:08:36 | INFO: Extracting primitive: takeda-samurai-08 individual front lamellar plate r2 c3 mesh
00:08:36 | INFO: Primitives created: 1
00:08:36 | INFO: Extracting primitive: takeda-samurai-08 individual front lamellar plate r2 c4 mesh
00:08:36 | INFO: Primitives created: 1
00:08:36 | INFO: Extracting primitive: takeda-samurai-08 individual front lamellar plate r2 c5 mesh
00:08:36 | INFO: Primitives created: 1
00:08:36 | INFO: Extracting primitive: takeda-samurai-08 odoshi lacing row 2
00:08:36 | INFO: Primitives created: 1
00:08:36 | INFO: Extracting primitive: takeda-samurai-08 chipped lacquer highlight r2 -0.16
00:08:36 | INFO: Primitives created: 1
00:08:36 | INFO: Extracting primitive: takeda-samurai-08 chipped lacquer highlight r2 0.0
00:08:36 | INFO: Primitives created: 1
00:08:36 | INFO: Extracting primitive: takeda-samurai-08 chipped lacquer highlight r2 0.16
00:08:36 | INFO: Primitives created: 1
00:08:36 | INFO: Extracting primitive: takeda-samurai-08 individual front lamellar plate r3 c1 mesh
00:08:36 | INFO: Primitives created: 1
00:08:36 | INFO: Extracting primitive: takeda-samurai-08 individual front lamellar plate r3 c2 mesh
00:08:36 | INFO: Primitives created: 1
00:08:36 | INFO: Extracting primitive: takeda-samurai-08 individual front lamellar plate r3 c3 mesh
00:08:36 | INFO: Primitives created: 1
00:08:36 | INFO: Extracting primitive: takeda-samurai-08 individual front lamellar plate r3 c4 mesh
00:08:36 | INFO: Primitives created: 1
00:08:36 | INFO: Extracting primitive: takeda-samurai-08 individual front lamellar plate r3 c5 mesh
00:08:36 | INFO: Primitives created: 1
00:08:36 | INFO: Extracting primitive: takeda-samurai-08 odoshi lacing row 3
00:08:36 | INFO: Primitives created: 1
00:08:36 | INFO: Extracting primitive: takeda-samurai-08 chipped lacquer highlight r3 -0.16
00:08:36 | INFO: Primitives created: 1
00:08:36 | INFO: Extracting primitive: takeda-samurai-08 chipped lacquer highlight r3 0.0
00:08:36 | INFO: Primitives created: 1
00:08:36 | INFO: Extracting primitive: takeda-samurai-08 chipped lacquer highlight r3 0.16
00:08:36 | INFO: Primitives created: 1
00:08:36 | INFO: Extracting primitive: takeda-samurai-08 individual front lamellar plate r4 c1 mesh
00:08:36 | INFO: Primitives created: 1
00:08:36 | INFO: Extracting primitive: takeda-samurai-08 individual front lamellar plate r4 c2 mesh
00:08:36 | INFO: Primitives created: 1
00:08:36 | INFO: Extracting primitive: takeda-samurai-08 individual front lamellar plate r4 c3 mesh
00:08:36 | INFO: Primitives created: 1
00:08:36 | INFO: Extracting primitive: takeda-samurai-08 individual front lamellar plate r4 c4 mesh
00:08:36 | INFO: Primitives created: 1
00:08:36 | INFO: Extracting primitive: takeda-samurai-08 individual front lamellar plate r4 c5 mesh
00:08:36 | INFO: Primitives created: 1
00:08:36 | INFO: Extracting primitive: takeda-samurai-08 odoshi lacing row 4
00:08:36 | INFO: Primitives created: 1
00:08:36 | INFO: Extracting primitive: takeda-samurai-08 chipped lacquer highlight r4 -0.16
00:08:36 | INFO: Primitives created: 1
00:08:36 | INFO: Extracting primitive: takeda-samurai-08 chipped lacquer highlight r4 0.0
00:08:36 | INFO: Primitives created: 1
00:08:36 | INFO: Extracting primitive: takeda-samurai-08 chipped lacquer highlight r4 0.16
00:08:36 | INFO: Primitives created: 1
00:08:36 | INFO: Extracting primitive: Sphere.148
00:08:36 | INFO: Primitives created: 1
00:08:36 | INFO: Extracting primitive: takeda-samurai-08 articulated sode shoulder plate -1 1 mesh
00:08:36 | INFO: Primitives created: 1
00:08:36 | INFO: Extracting primitive: takeda-samurai-08 sode lacing -1 1
00:08:36 | INFO: Primitives created: 1
00:08:36 | INFO: Extracting primitive: takeda-samurai-08 articulated sode shoulder plate -1 2 mesh
00:08:36 | INFO: Primitives created: 1
00:08:36 | INFO: Extracting primitive: takeda-samurai-08 sode lacing -1 2
00:08:36 | INFO: Primitives created: 1
00:08:36 | INFO: Extracting primitive: takeda-samurai-08 articulated sode shoulder plate -1 3 mesh
00:08:36 | INFO: Primitives created: 1
00:08:36 | INFO: Extracting primitive: takeda-samurai-08 sode lacing -1 3
00:08:36 | INFO: Primitives created: 1
00:08:36 | INFO: Extracting primitive: takeda-samurai-08 articulated sode shoulder plate -1 4 mesh
00:08:36 | INFO: Primitives created: 1
00:08:36 | INFO: Extracting primitive: takeda-samurai-08 sode lacing -1 4
00:08:36 | INFO: Primitives created: 1
00:08:36 | INFO: Extracting primitive: Sphere.149
00:08:36 | INFO: Primitives created: 1
00:08:36 | INFO: Extracting primitive: Sphere.150
00:08:36 | INFO: Primitives created: 1
00:08:36 | INFO: Extracting primitive: Sphere.151
00:08:36 | INFO: Primitives created: 1
00:08:36 | INFO: Extracting primitive: Sphere.152
00:08:36 | INFO: Primitives created: 1
00:08:36 | INFO: Extracting primitive: Sphere.153
00:08:36 | INFO: Primitives created: 1
00:08:36 | INFO: Extracting primitive: Cube.051
00:08:36 | INFO: Primitives created: 1
00:08:36 | INFO: Extracting primitive: takeda-samurai-08 sandal toe strap -1
00:08:36 | INFO: Primitives created: 1
00:08:36 | INFO: Extracting primitive: Sphere.154
00:08:36 | INFO: Primitives created: 1
00:08:36 | INFO: Extracting primitive: takeda-samurai-08 articulated sode shoulder plate 1 1 mesh
00:08:36 | INFO: Primitives created: 1
00:08:36 | INFO: Extracting primitive: takeda-samurai-08 sode lacing 1 1
00:08:36 | INFO: Primitives created: 1
00:08:36 | INFO: Extracting primitive: takeda-samurai-08 articulated sode shoulder plate 1 2 mesh
00:08:36 | INFO: Primitives created: 1
00:08:36 | INFO: Extracting primitive: takeda-samurai-08 sode lacing 1 2
00:08:36 | INFO: Primitives created: 1
00:08:36 | INFO: Extracting primitive: takeda-samurai-08 articulated sode shoulder plate 1 3 mesh
00:08:36 | INFO: Primitives created: 1
00:08:36 | INFO: Extracting primitive: takeda-samurai-08 sode lacing 1 3
00:08:36 | INFO: Primitives created: 1
00:08:36 | INFO: Extracting primitive: takeda-samurai-08 articulated sode shoulder plate 1 4 mesh
00:08:36 | INFO: Primitives created: 1
00:08:36 | INFO: Extracting primitive: takeda-samurai-08 sode lacing 1 4
00:08:36 | INFO: Primitives created: 1
00:08:36 | INFO: Extracting primitive: Sphere.155
00:08:36 | INFO: Primitives created: 1
00:08:36 | INFO: Extracting primitive: Sphere.156
00:08:36 | INFO: Primitives created: 1
00:08:36 | INFO: Extracting primitive: Sphere.157
00:08:36 | INFO: Primitives created: 1
00:08:36 | INFO: Extracting primitive: Sphere.158
00:08:36 | INFO: Primitives created: 1
00:08:36 | INFO: Extracting primitive: Sphere.159
00:08:36 | INFO: Primitives created: 1
00:08:36 | INFO: Extracting primitive: Cube.052
00:08:36 | INFO: Primitives created: 1
00:08:36 | INFO: Extracting primitive: takeda-samurai-08 sandal toe strap 1
00:08:36 | INFO: Primitives created: 1
00:08:36 | INFO: Extracting primitive: takeda-samurai-08 kusazuri skirt -1 row 1 mesh
00:08:36 | INFO: Primitives created: 1
00:08:36 | INFO: Extracting primitive: takeda-samurai-08 kusazuri skirt -1 row 2 mesh
00:08:36 | INFO: Primitives created: 1
00:08:36 | INFO: Extracting primitive: takeda-samurai-08 kusazuri skirt 0 row 1 mesh
00:08:36 | INFO: Primitives created: 1
00:08:36 | INFO: Extracting primitive: takeda-samurai-08 kusazuri skirt 0 row 2 mesh
00:08:36 | INFO: Primitives created: 1
00:08:36 | INFO: Extracting primitive: takeda-samurai-08 kusazuri skirt 1 row 1 mesh
00:08:36 | INFO: Primitives created: 1
00:08:36 | INFO: Extracting primitive: takeda-samurai-08 kusazuri skirt 1 row 2 mesh
00:08:36 | INFO: Primitives created: 1
00:08:36 | INFO: Extracting primitive: takeda-samurai-08 raised katana blade
00:08:36 | INFO: Primitives created: 1
00:08:36 | INFO: Extracting primitive: Cylinder.012
00:08:36 | INFO: Primitives created: 1
00:08:36 | INFO: Extracting primitive: takeda-samurai-08 sashimono bamboo pole
00:08:36 | INFO: Primitives created: 1
00:08:36 | INFO: Extracting primitive: takeda-samurai-08 wind-bent sashimono cloth panel mesh
00:08:36 | INFO: Primitives created: 1
00:08:36 | INFO: Extracting primitive: Cube.053
00:08:36 | INFO: Primitives created: 1
00:08:36 | INFO: Extracting primitive: Cube.054
00:08:36 | INFO: Primitives created: 1
00:08:36 | INFO: Extracting primitive: Cube.055
00:08:36 | INFO: Primitives created: 1
00:08:36 | INFO: Extracting primitive: Cube.056
00:08:36 | INFO: Primitives created: 1
00:08:36 | INFO: Extracting primitive: Sphere.160
00:08:36 | INFO: Primitives created: 1
00:08:36 | INFO: Extracting primitive: Sphere.161
00:08:36 | INFO: Primitives created: 1
00:08:36 | INFO: Extracting primitive: Sphere.162
00:08:36 | INFO: Primitives created: 1
00:08:36 | INFO: Extracting primitive: Sphere.163
00:08:36 | INFO: Primitives created: 1
00:08:36 | INFO: Extracting primitive: Cube.057
00:08:36 | INFO: Primitives created: 1
00:08:36 | INFO: Extracting primitive: Sphere.164
00:08:36 | INFO: Primitives created: 1
00:08:36 | INFO: Extracting primitive: Cone.019
00:08:36 | INFO: Primitives created: 1
00:08:36 | INFO: Extracting primitive: takeda-samurai-09 rear shikoro lamellar neck plate r1 c1 mesh
00:08:36 | INFO: Primitives created: 1
00:08:36 | INFO: Extracting primitive: takeda-samurai-09 rear shikoro lamellar neck plate r1 c2 mesh
00:08:36 | INFO: Primitives created: 1
00:08:36 | INFO: Extracting primitive: takeda-samurai-09 rear shikoro lamellar neck plate r1 c3 mesh
00:08:36 | INFO: Primitives created: 1
00:08:36 | INFO: Extracting primitive: takeda-samurai-09 rear shikoro lamellar neck plate r2 c1 mesh
00:08:36 | INFO: Primitives created: 1
00:08:36 | INFO: Extracting primitive: takeda-samurai-09 rear shikoro lamellar neck plate r2 c2 mesh
00:08:36 | INFO: Primitives created: 1
00:08:36 | INFO: Extracting primitive: takeda-samurai-09 rear shikoro lamellar neck plate r2 c3 mesh
00:08:36 | INFO: Primitives created: 1
00:08:36 | INFO: Extracting primitive: takeda-samurai-09 rear shikoro lamellar neck plate r3 c1 mesh
00:08:36 | INFO: Primitives created: 1
00:08:36 | INFO: Extracting primitive: takeda-samurai-09 rear shikoro lamellar neck plate r3 c2 mesh
00:08:36 | INFO: Primitives created: 1
00:08:36 | INFO: Extracting primitive: takeda-samurai-09 rear shikoro lamellar neck plate r3 c3 mesh
00:08:36 | INFO: Primitives created: 1
00:08:36 | INFO: Extracting primitive: takeda-samurai-09 raised kabuto rib 1
00:08:36 | INFO: Primitives created: 1
00:08:36 | INFO: Extracting primitive: takeda-samurai-09 raised kabuto rib 2
00:08:36 | INFO: Primitives created: 1
00:08:36 | INFO: Extracting primitive: takeda-samurai-09 raised kabuto rib 3
00:08:36 | INFO: Primitives created: 1
00:08:36 | INFO: Extracting primitive: takeda-samurai-09 crescent maedate crest
00:08:36 | INFO: Primitives created: 1
00:08:36 | INFO: Extracting primitive: takeda-samurai-09 individual front lamellar plate r1 c1 mesh
00:08:36 | INFO: Primitives created: 1
00:08:36 | INFO: Extracting primitive: takeda-samurai-09 individual front lamellar plate r1 c2 mesh
00:08:36 | INFO: Primitives created: 1
00:08:36 | INFO: Extracting primitive: takeda-samurai-09 individual front lamellar plate r1 c3 mesh
00:08:36 | INFO: Primitives created: 1
00:08:36 | INFO: Extracting primitive: takeda-samurai-09 individual front lamellar plate r1 c4 mesh
00:08:36 | INFO: Primitives created: 1
00:08:36 | INFO: Extracting primitive: takeda-samurai-09 individual front lamellar plate r1 c5 mesh
00:08:36 | INFO: Primitives created: 1
00:08:36 | INFO: Extracting primitive: takeda-samurai-09 odoshi lacing row 1
00:08:36 | INFO: Primitives created: 1
00:08:36 | INFO: Extracting primitive: takeda-samurai-09 chipped lacquer highlight r1 -0.16
00:08:36 | INFO: Primitives created: 1
00:08:36 | INFO: Extracting primitive: takeda-samurai-09 chipped lacquer highlight r1 0.0
00:08:36 | INFO: Primitives created: 1
00:08:36 | INFO: Extracting primitive: takeda-samurai-09 chipped lacquer highlight r1 0.16
00:08:36 | INFO: Primitives created: 1
00:08:36 | INFO: Extracting primitive: takeda-samurai-09 individual front lamellar plate r2 c1 mesh
00:08:36 | INFO: Primitives created: 1
00:08:36 | INFO: Extracting primitive: takeda-samurai-09 individual front lamellar plate r2 c2 mesh
00:08:36 | INFO: Primitives created: 1
00:08:36 | INFO: Extracting primitive: takeda-samurai-09 individual front lamellar plate r2 c3 mesh
00:08:36 | INFO: Primitives created: 1
00:08:36 | INFO: Extracting primitive: takeda-samurai-09 individual front lamellar plate r2 c4 mesh
00:08:36 | INFO: Primitives created: 1
00:08:36 | INFO: Extracting primitive: takeda-samurai-09 individual front lamellar plate r2 c5 mesh
00:08:36 | INFO: Primitives created: 1
00:08:36 | INFO: Extracting primitive: takeda-samurai-09 odoshi lacing row 2
00:08:36 | INFO: Primitives created: 1
00:08:36 | INFO: Extracting primitive: takeda-samurai-09 chipped lacquer highlight r2 -0.16
00:08:36 | INFO: Primitives created: 1
00:08:36 | INFO: Extracting primitive: takeda-samurai-09 chipped lacquer highlight r2 0.0
00:08:36 | INFO: Primitives created: 1
00:08:36 | INFO: Extracting primitive: takeda-samurai-09 chipped lacquer highlight r2 0.16
00:08:36 | INFO: Primitives created: 1
00:08:36 | INFO: Extracting primitive: takeda-samurai-09 individual front lamellar plate r3 c1 mesh
00:08:36 | INFO: Primitives created: 1
00:08:36 | INFO: Extracting primitive: takeda-samurai-09 individual front lamellar plate r3 c2 mesh
00:08:36 | INFO: Primitives created: 1
00:08:36 | INFO: Extracting primitive: takeda-samurai-09 individual front lamellar plate r3 c3 mesh
00:08:36 | INFO: Primitives created: 1
00:08:36 | INFO: Extracting primitive: takeda-samurai-09 individual front lamellar plate r3 c4 mesh
00:08:36 | INFO: Primitives created: 1
00:08:36 | INFO: Extracting primitive: takeda-samurai-09 individual front lamellar plate r3 c5 mesh
00:08:36 | INFO: Primitives created: 1
00:08:36 | INFO: Extracting primitive: takeda-samurai-09 odoshi lacing row 3
00:08:36 | INFO: Primitives created: 1
00:08:36 | INFO: Extracting primitive: takeda-samurai-09 chipped lacquer highlight r3 -0.16
00:08:36 | INFO: Primitives created: 1
00:08:36 | INFO: Extracting primitive: takeda-samurai-09 chipped lacquer highlight r3 0.0
00:08:36 | INFO: Primitives created: 1
00:08:36 | INFO: Extracting primitive: takeda-samurai-09 chipped lacquer highlight r3 0.16
00:08:36 | INFO: Primitives created: 1
00:08:36 | INFO: Extracting primitive: takeda-samurai-09 individual front lamellar plate r4 c1 mesh
00:08:36 | INFO: Primitives created: 1
00:08:36 | INFO: Extracting primitive: takeda-samurai-09 individual front lamellar plate r4 c2 mesh
00:08:36 | INFO: Primitives created: 1
00:08:36 | INFO: Extracting primitive: takeda-samurai-09 individual front lamellar plate r4 c3 mesh
00:08:36 | INFO: Primitives created: 1
00:08:36 | INFO: Extracting primitive: takeda-samurai-09 individual front lamellar plate r4 c4 mesh
00:08:36 | INFO: Primitives created: 1
00:08:36 | INFO: Extracting primitive: takeda-samurai-09 individual front lamellar plate r4 c5 mesh
00:08:36 | INFO: Primitives created: 1
00:08:36 | INFO: Extracting primitive: takeda-samurai-09 odoshi lacing row 4
00:08:36 | INFO: Primitives created: 1
00:08:36 | INFO: Extracting primitive: takeda-samurai-09 chipped lacquer highlight r4 -0.16
00:08:36 | INFO: Primitives created: 1
00:08:36 | INFO: Extracting primitive: takeda-samurai-09 chipped lacquer highlight r4 0.0
00:08:36 | INFO: Primitives created: 1
00:08:36 | INFO: Extracting primitive: takeda-samurai-09 chipped lacquer highlight r4 0.16
00:08:36 | INFO: Primitives created: 1
00:08:36 | INFO: Extracting primitive: Sphere.165
00:08:36 | INFO: Primitives created: 1
00:08:36 | INFO: Extracting primitive: takeda-samurai-09 articulated sode shoulder plate -1 1 mesh
00:08:36 | INFO: Primitives created: 1
00:08:36 | INFO: Extracting primitive: takeda-samurai-09 sode lacing -1 1
00:08:36 | INFO: Primitives created: 1
00:08:36 | INFO: Extracting primitive: takeda-samurai-09 articulated sode shoulder plate -1 2 mesh
00:08:36 | INFO: Primitives created: 1
00:08:36 | INFO: Extracting primitive: takeda-samurai-09 sode lacing -1 2
00:08:36 | INFO: Primitives created: 1
00:08:36 | INFO: Extracting primitive: takeda-samurai-09 articulated sode shoulder plate -1 3 mesh
00:08:36 | INFO: Primitives created: 1
00:08:36 | INFO: Extracting primitive: takeda-samurai-09 sode lacing -1 3
00:08:36 | INFO: Primitives created: 1
00:08:36 | INFO: Extracting primitive: takeda-samurai-09 articulated sode shoulder plate -1 4 mesh
00:08:36 | INFO: Primitives created: 1
00:08:36 | INFO: Extracting primitive: takeda-samurai-09 sode lacing -1 4
00:08:36 | INFO: Primitives created: 1
00:08:36 | INFO: Extracting primitive: Sphere.166
00:08:36 | INFO: Primitives created: 1
00:08:36 | INFO: Extracting primitive: Sphere.167
00:08:36 | INFO: Primitives created: 1
00:08:36 | INFO: Extracting primitive: Sphere.168
00:08:36 | INFO: Primitives created: 1
00:08:36 | INFO: Extracting primitive: Sphere.169
00:08:36 | INFO: Primitives created: 1
00:08:36 | INFO: Extracting primitive: Sphere.170
00:08:36 | INFO: Primitives created: 1
00:08:36 | INFO: Extracting primitive: Cube.058
00:08:36 | INFO: Primitives created: 1
00:08:36 | INFO: Extracting primitive: takeda-samurai-09 sandal toe strap -1
00:08:36 | INFO: Primitives created: 1
00:08:36 | INFO: Extracting primitive: Sphere.171
00:08:36 | INFO: Primitives created: 1
00:08:36 | INFO: Extracting primitive: takeda-samurai-09 articulated sode shoulder plate 1 1 mesh
00:08:36 | INFO: Primitives created: 1
00:08:36 | INFO: Extracting primitive: takeda-samurai-09 sode lacing 1 1
00:08:36 | INFO: Primitives created: 1
00:08:36 | INFO: Extracting primitive: takeda-samurai-09 articulated sode shoulder plate 1 2 mesh
00:08:36 | INFO: Primitives created: 1
00:08:36 | INFO: Extracting primitive: takeda-samurai-09 sode lacing 1 2
00:08:36 | INFO: Primitives created: 1
00:08:36 | INFO: Extracting primitive: takeda-samurai-09 articulated sode shoulder plate 1 3 mesh
00:08:36 | INFO: Primitives created: 1
00:08:36 | INFO: Extracting primitive: takeda-samurai-09 sode lacing 1 3
00:08:36 | INFO: Primitives created: 1
00:08:36 | INFO: Extracting primitive: takeda-samurai-09 articulated sode shoulder plate 1 4 mesh
00:08:36 | INFO: Primitives created: 1
00:08:36 | INFO: Extracting primitive: takeda-samurai-09 sode lacing 1 4
00:08:36 | INFO: Primitives created: 1
00:08:36 | INFO: Extracting primitive: Sphere.172
00:08:36 | INFO: Primitives created: 1
00:08:36 | INFO: Extracting primitive: Sphere.173
00:08:36 | INFO: Primitives created: 1
00:08:36 | INFO: Extracting primitive: Sphere.174
00:08:36 | INFO: Primitives created: 1
00:08:36 | INFO: Extracting primitive: Sphere.175
00:08:36 | INFO: Primitives created: 1
00:08:36 | INFO: Extracting primitive: Sphere.176
00:08:36 | INFO: Primitives created: 1
00:08:36 | INFO: Extracting primitive: Cube.059
00:08:36 | INFO: Primitives created: 1
00:08:36 | INFO: Extracting primitive: takeda-samurai-09 sandal toe strap 1
00:08:36 | INFO: Primitives created: 1
00:08:36 | INFO: Extracting primitive: takeda-samurai-09 kusazuri skirt -1 row 1 mesh
00:08:36 | INFO: Primitives created: 1
00:08:36 | INFO: Extracting primitive: takeda-samurai-09 kusazuri skirt -1 row 2 mesh
00:08:36 | INFO: Primitives created: 1
00:08:36 | INFO: Extracting primitive: takeda-samurai-09 kusazuri skirt 0 row 1 mesh
00:08:36 | INFO: Primitives created: 1
00:08:36 | INFO: Extracting primitive: takeda-samurai-09 kusazuri skirt 0 row 2 mesh
00:08:36 | INFO: Primitives created: 1
00:08:36 | INFO: Extracting primitive: takeda-samurai-09 kusazuri skirt 1 row 1 mesh
00:08:36 | INFO: Primitives created: 1
00:08:36 | INFO: Extracting primitive: takeda-samurai-09 kusazuri skirt 1 row 2 mesh
00:08:36 | INFO: Primitives created: 1
00:08:36 | INFO: Extracting primitive: takeda-samurai-09 guard katana blade
00:08:36 | INFO: Primitives created: 1
00:08:36 | INFO: Extracting primitive: Cylinder.013
00:08:36 | INFO: Primitives created: 1
00:08:36 | INFO: Extracting primitive: takeda-samurai-09 sashimono bamboo pole
00:08:36 | INFO: Primitives created: 1
00:08:36 | INFO: Extracting primitive: takeda-samurai-09 wind-bent sashimono cloth panel mesh
00:08:36 | INFO: Primitives created: 1
00:08:36 | INFO: Extracting primitive: Cube.060
00:08:36 | INFO: Primitives created: 1
00:08:36 | INFO: Extracting primitive: Cube.061
00:08:36 | INFO: Primitives created: 1
00:08:36 | INFO: Extracting primitive: Cube.062
00:08:36 | INFO: Primitives created: 1
00:08:36 | INFO: Extracting primitive: Cube.063
00:08:36 | INFO: Primitives created: 1
00:08:36 | INFO: Extracting primitive: Sphere.177
00:08:36 | INFO: Primitives created: 1
00:08:36 | INFO: Extracting primitive: Sphere.178
00:08:36 | INFO: Primitives created: 1
00:08:36 | INFO: Extracting primitive: Sphere.179
00:08:36 | INFO: Primitives created: 1
00:08:36 | INFO: Extracting primitive: Sphere.180
00:08:36 | INFO: Primitives created: 1
00:08:36 | INFO: Extracting primitive: Cube.064
00:08:36 | INFO: Primitives created: 1
00:08:36 | INFO: Extracting primitive: Sphere.181
00:08:36 | INFO: Primitives created: 1
00:08:36 | INFO: Extracting primitive: Cone.020
00:08:36 | INFO: Primitives created: 1
00:08:36 | INFO: Extracting primitive: takeda-samurai-10 rear shikoro lamellar neck plate r1 c1 mesh
00:08:36 | INFO: Primitives created: 1
00:08:36 | INFO: Extracting primitive: takeda-samurai-10 rear shikoro lamellar neck plate r1 c2 mesh
00:08:36 | INFO: Primitives created: 1
00:08:36 | INFO: Extracting primitive: takeda-samurai-10 rear shikoro lamellar neck plate r1 c3 mesh
00:08:36 | INFO: Primitives created: 1
00:08:36 | INFO: Extracting primitive: takeda-samurai-10 rear shikoro lamellar neck plate r2 c1 mesh
00:08:36 | INFO: Primitives created: 1
00:08:36 | INFO: Extracting primitive: takeda-samurai-10 rear shikoro lamellar neck plate r2 c2 mesh
00:08:36 | INFO: Primitives created: 1
00:08:36 | INFO: Extracting primitive: takeda-samurai-10 rear shikoro lamellar neck plate r2 c3 mesh
00:08:36 | INFO: Primitives created: 1
00:08:36 | INFO: Extracting primitive: takeda-samurai-10 rear shikoro lamellar neck plate r3 c1 mesh
00:08:36 | INFO: Primitives created: 1
00:08:36 | INFO: Extracting primitive: takeda-samurai-10 rear shikoro lamellar neck plate r3 c2 mesh
00:08:36 | INFO: Primitives created: 1
00:08:36 | INFO: Extracting primitive: takeda-samurai-10 rear shikoro lamellar neck plate r3 c3 mesh
00:08:36 | INFO: Primitives created: 1
00:08:36 | INFO: Extracting primitive: takeda-samurai-10 raised kabuto rib 1
00:08:36 | INFO: Primitives created: 1
00:08:36 | INFO: Extracting primitive: takeda-samurai-10 raised kabuto rib 2
00:08:36 | INFO: Primitives created: 1
00:08:36 | INFO: Extracting primitive: takeda-samurai-10 raised kabuto rib 3
00:08:36 | INFO: Primitives created: 1
00:08:36 | INFO: Extracting primitive: takeda-samurai-10 crescent maedate crest
00:08:36 | INFO: Primitives created: 1
00:08:36 | INFO: Extracting primitive: takeda-samurai-10 individual front lamellar plate r1 c1 mesh
00:08:36 | INFO: Primitives created: 1
00:08:36 | INFO: Extracting primitive: takeda-samurai-10 individual front lamellar plate r1 c2 mesh
00:08:36 | INFO: Primitives created: 1
00:08:36 | INFO: Extracting primitive: takeda-samurai-10 individual front lamellar plate r1 c3 mesh
00:08:36 | INFO: Primitives created: 1
00:08:36 | INFO: Extracting primitive: takeda-samurai-10 individual front lamellar plate r1 c4 mesh
00:08:36 | INFO: Primitives created: 1
00:08:36 | INFO: Extracting primitive: takeda-samurai-10 individual front lamellar plate r1 c5 mesh
00:08:36 | INFO: Primitives created: 1
00:08:36 | INFO: Extracting primitive: takeda-samurai-10 odoshi lacing row 1
00:08:36 | INFO: Primitives created: 1
00:08:36 | INFO: Extracting primitive: takeda-samurai-10 chipped lacquer highlight r1 -0.16
00:08:36 | INFO: Primitives created: 1
00:08:36 | INFO: Extracting primitive: takeda-samurai-10 chipped lacquer highlight r1 0.0
00:08:36 | INFO: Primitives created: 1
00:08:36 | INFO: Extracting primitive: takeda-samurai-10 chipped lacquer highlight r1 0.16
00:08:36 | INFO: Primitives created: 1
00:08:36 | INFO: Extracting primitive: takeda-samurai-10 individual front lamellar plate r2 c1 mesh
00:08:36 | INFO: Primitives created: 1
00:08:36 | INFO: Extracting primitive: takeda-samurai-10 individual front lamellar plate r2 c2 mesh
00:08:36 | INFO: Primitives created: 1
00:08:36 | INFO: Extracting primitive: takeda-samurai-10 individual front lamellar plate r2 c3 mesh
00:08:36 | INFO: Primitives created: 1
00:08:36 | INFO: Extracting primitive: takeda-samurai-10 individual front lamellar plate r2 c4 mesh
00:08:36 | INFO: Primitives created: 1
00:08:36 | INFO: Extracting primitive: takeda-samurai-10 individual front lamellar plate r2 c5 mesh
00:08:36 | INFO: Primitives created: 1
00:08:36 | INFO: Extracting primitive: takeda-samurai-10 odoshi lacing row 2
00:08:36 | INFO: Primitives created: 1
00:08:36 | INFO: Extracting primitive: takeda-samurai-10 chipped lacquer highlight r2 -0.16
00:08:36 | INFO: Primitives created: 1
00:08:36 | INFO: Extracting primitive: takeda-samurai-10 chipped lacquer highlight r2 0.0
00:08:36 | INFO: Primitives created: 1
00:08:36 | INFO: Extracting primitive: takeda-samurai-10 chipped lacquer highlight r2 0.16
00:08:36 | INFO: Primitives created: 1
00:08:36 | INFO: Extracting primitive: takeda-samurai-10 individual front lamellar plate r3 c1 mesh
00:08:36 | INFO: Primitives created: 1
00:08:36 | INFO: Extracting primitive: takeda-samurai-10 individual front lamellar plate r3 c2 mesh
00:08:36 | INFO: Primitives created: 1
00:08:36 | INFO: Extracting primitive: takeda-samurai-10 individual front lamellar plate r3 c3 mesh
00:08:36 | INFO: Primitives created: 1
00:08:36 | INFO: Extracting primitive: takeda-samurai-10 individual front lamellar plate r3 c4 mesh
00:08:36 | INFO: Primitives created: 1
00:08:36 | INFO: Extracting primitive: takeda-samurai-10 individual front lamellar plate r3 c5 mesh
00:08:36 | INFO: Primitives created: 1
00:08:36 | INFO: Extracting primitive: takeda-samurai-10 odoshi lacing row 3
00:08:36 | INFO: Primitives created: 1
00:08:36 | INFO: Extracting primitive: takeda-samurai-10 chipped lacquer highlight r3 -0.16
00:08:36 | INFO: Primitives created: 1
00:08:36 | INFO: Extracting primitive: takeda-samurai-10 chipped lacquer highlight r3 0.0
00:08:36 | INFO: Primitives created: 1
00:08:36 | INFO: Extracting primitive: takeda-samurai-10 chipped lacquer highlight r3 0.16
00:08:36 | INFO: Primitives created: 1
00:08:36 | INFO: Extracting primitive: takeda-samurai-10 individual front lamellar plate r4 c1 mesh
00:08:36 | INFO: Primitives created: 1
00:08:36 | INFO: Extracting primitive: takeda-samurai-10 individual front lamellar plate r4 c2 mesh
00:08:36 | INFO: Primitives created: 1
00:08:36 | INFO: Extracting primitive: takeda-samurai-10 individual front lamellar plate r4 c3 mesh
00:08:36 | INFO: Primitives created: 1
00:08:36 | INFO: Extracting primitive: takeda-samurai-10 individual front lamellar plate r4 c4 mesh
00:08:36 | INFO: Primitives created: 1
00:08:36 | INFO: Extracting primitive: takeda-samurai-10 individual front lamellar plate r4 c5 mesh
00:08:36 | INFO: Primitives created: 1
00:08:36 | INFO: Extracting primitive: takeda-samurai-10 odoshi lacing row 4
00:08:36 | INFO: Primitives created: 1
00:08:36 | INFO: Extracting primitive: takeda-samurai-10 chipped lacquer highlight r4 -0.16
00:08:36 | INFO: Primitives created: 1
00:08:36 | INFO: Extracting primitive: takeda-samurai-10 chipped lacquer highlight r4 0.0
00:08:36 | INFO: Primitives created: 1
00:08:36 | INFO: Extracting primitive: takeda-samurai-10 chipped lacquer highlight r4 0.16
00:08:36 | INFO: Primitives created: 1
00:08:36 | INFO: Extracting primitive: Sphere.182
00:08:36 | INFO: Primitives created: 1
00:08:36 | INFO: Extracting primitive: takeda-samurai-10 articulated sode shoulder plate -1 1 mesh
00:08:36 | INFO: Primitives created: 1
00:08:36 | INFO: Extracting primitive: takeda-samurai-10 sode lacing -1 1
00:08:36 | INFO: Primitives created: 1
00:08:36 | INFO: Extracting primitive: takeda-samurai-10 articulated sode shoulder plate -1 2 mesh
00:08:36 | INFO: Primitives created: 1
00:08:36 | INFO: Extracting primitive: takeda-samurai-10 sode lacing -1 2
00:08:36 | INFO: Primitives created: 1
00:08:36 | INFO: Extracting primitive: takeda-samurai-10 articulated sode shoulder plate -1 3 mesh
00:08:36 | INFO: Primitives created: 1
00:08:36 | INFO: Extracting primitive: takeda-samurai-10 sode lacing -1 3
00:08:36 | INFO: Primitives created: 1
00:08:36 | INFO: Extracting primitive: takeda-samurai-10 articulated sode shoulder plate -1 4 mesh
00:08:36 | INFO: Primitives created: 1
00:08:36 | INFO: Extracting primitive: takeda-samurai-10 sode lacing -1 4
00:08:36 | INFO: Primitives created: 1
00:08:36 | INFO: Extracting primitive: Sphere.183
00:08:36 | INFO: Primitives created: 1
00:08:36 | INFO: Extracting primitive: Sphere.184
00:08:36 | INFO: Primitives created: 1
00:08:36 | INFO: Extracting primitive: Sphere.185
00:08:36 | INFO: Primitives created: 1
00:08:36 | INFO: Extracting primitive: Sphere.186
00:08:36 | INFO: Primitives created: 1
00:08:36 | INFO: Extracting primitive: Sphere.187
00:08:36 | INFO: Primitives created: 1
00:08:36 | INFO: Extracting primitive: Cube.065
00:08:36 | INFO: Primitives created: 1
00:08:36 | INFO: Extracting primitive: takeda-samurai-10 sandal toe strap -1
00:08:36 | INFO: Primitives created: 1
00:08:36 | INFO: Extracting primitive: Sphere.188
00:08:36 | INFO: Primitives created: 1
00:08:36 | INFO: Extracting primitive: takeda-samurai-10 articulated sode shoulder plate 1 1 mesh
00:08:36 | INFO: Primitives created: 1
00:08:36 | INFO: Extracting primitive: takeda-samurai-10 sode lacing 1 1
00:08:36 | INFO: Primitives created: 1
00:08:36 | INFO: Extracting primitive: takeda-samurai-10 articulated sode shoulder plate 1 2 mesh
00:08:36 | INFO: Primitives created: 1
00:08:36 | INFO: Extracting primitive: takeda-samurai-10 sode lacing 1 2
00:08:36 | INFO: Primitives created: 1
00:08:36 | INFO: Extracting primitive: takeda-samurai-10 articulated sode shoulder plate 1 3 mesh
00:08:36 | INFO: Primitives created: 1
00:08:36 | INFO: Extracting primitive: takeda-samurai-10 sode lacing 1 3
00:08:36 | INFO: Primitives created: 1
00:08:36 | INFO: Extracting primitive: takeda-samurai-10 articulated sode shoulder plate 1 4 mesh
00:08:36 | INFO: Primitives created: 1
00:08:36 | INFO: Extracting primitive: takeda-samurai-10 sode lacing 1 4
00:08:36 | INFO: Primitives created: 1
00:08:36 | INFO: Extracting primitive: Sphere.189
00:08:36 | INFO: Primitives created: 1
00:08:36 | INFO: Extracting primitive: Sphere.190
00:08:36 | INFO: Primitives created: 1
00:08:36 | INFO: Extracting primitive: Sphere.191
00:08:36 | INFO: Primitives created: 1
00:08:36 | INFO: Extracting primitive: Sphere.192
00:08:36 | INFO: Primitives created: 1
00:08:36 | INFO: Extracting primitive: Sphere.193
00:08:36 | INFO: Primitives created: 1
00:08:36 | INFO: Extracting primitive: Cube.066
00:08:36 | INFO: Primitives created: 1
00:08:36 | INFO: Extracting primitive: takeda-samurai-10 sandal toe strap 1
00:08:36 | INFO: Primitives created: 1
00:08:36 | INFO: Extracting primitive: takeda-samurai-10 kusazuri skirt -1 row 1 mesh
00:08:36 | INFO: Primitives created: 1
00:08:36 | INFO: Extracting primitive: takeda-samurai-10 kusazuri skirt -1 row 2 mesh
00:08:36 | INFO: Primitives created: 1
00:08:36 | INFO: Extracting primitive: takeda-samurai-10 kusazuri skirt 0 row 1 mesh
00:08:36 | INFO: Primitives created: 1
00:08:36 | INFO: Extracting primitive: takeda-samurai-10 kusazuri skirt 0 row 2 mesh
00:08:36 | INFO: Primitives created: 1
00:08:36 | INFO: Extracting primitive: takeda-samurai-10 kusazuri skirt 1 row 1 mesh
00:08:36 | INFO: Primitives created: 1
00:08:36 | INFO: Extracting primitive: takeda-samurai-10 kusazuri skirt 1 row 2 mesh
00:08:36 | INFO: Primitives created: 1
00:08:36 | INFO: Extracting primitive: takeda-samurai-10 yari shaft
00:08:36 | INFO: Primitives created: 1
00:08:36 | INFO: Extracting primitive: Cone.021
00:08:36 | INFO: Primitives created: 1
00:08:36 | INFO: Extracting primitive: takeda-samurai-10 sashimono bamboo pole
00:08:36 | INFO: Primitives created: 1
00:08:36 | INFO: Extracting primitive: takeda-samurai-10 wind-bent sashimono cloth panel mesh
00:08:36 | INFO: Primitives created: 1
00:08:36 | INFO: Extracting primitive: Cube.067
00:08:36 | INFO: Primitives created: 1
00:08:36 | INFO: Extracting primitive: Cube.068
00:08:36 | INFO: Primitives created: 1
00:08:36 | INFO: Extracting primitive: Cube.069
00:08:36 | INFO: Primitives created: 1
00:08:36 | INFO: Extracting primitive: Cube.070
00:08:36 | INFO: Primitives created: 1
00:08:36 | INFO: Extracting primitive: Sphere.194
00:08:36 | INFO: Primitives created: 1
00:08:36 | INFO: Extracting primitive: Sphere.195
00:08:36 | INFO: Primitives created: 1
00:08:36 | INFO: Extracting primitive: Sphere.196
00:08:36 | INFO: Primitives created: 1
00:08:36 | INFO: Extracting primitive: Sphere.197
00:08:36 | INFO: Primitives created: 1
00:08:36 | INFO: Extracting primitive: Cube.071
00:08:36 | INFO: Primitives created: 1
00:08:36 | INFO: Extracting primitive: Sphere.198
00:08:36 | INFO: Primitives created: 1
00:08:36 | INFO: Extracting primitive: Cone.022
00:08:36 | INFO: Primitives created: 1
00:08:36 | INFO: Extracting primitive: uesugi-samurai-01 rear shikoro lamellar neck plate r1 c1 mesh
00:08:36 | INFO: Primitives created: 1
00:08:36 | INFO: Extracting primitive: uesugi-samurai-01 rear shikoro lamellar neck plate r1 c2 mesh
00:08:36 | INFO: Primitives created: 1
00:08:36 | INFO: Extracting primitive: uesugi-samurai-01 rear shikoro lamellar neck plate r1 c3 mesh
00:08:36 | INFO: Primitives created: 1
00:08:36 | INFO: Extracting primitive: uesugi-samurai-01 rear shikoro lamellar neck plate r2 c1 mesh
00:08:36 | INFO: Primitives created: 1
00:08:36 | INFO: Extracting primitive: uesugi-samurai-01 rear shikoro lamellar neck plate r2 c2 mesh
00:08:36 | INFO: Primitives created: 1
00:08:36 | INFO: Extracting primitive: uesugi-samurai-01 rear shikoro lamellar neck plate r2 c3 mesh
00:08:36 | INFO: Primitives created: 1
00:08:36 | INFO: Extracting primitive: uesugi-samurai-01 rear shikoro lamellar neck plate r3 c1 mesh
00:08:36 | INFO: Primitives created: 1
00:08:36 | INFO: Extracting primitive: uesugi-samurai-01 rear shikoro lamellar neck plate r3 c2 mesh
00:08:36 | INFO: Primitives created: 1
00:08:36 | INFO: Extracting primitive: uesugi-samurai-01 rear shikoro lamellar neck plate r3 c3 mesh
00:08:36 | INFO: Primitives created: 1
00:08:36 | INFO: Extracting primitive: uesugi-samurai-01 raised kabuto rib 1
00:08:36 | INFO: Primitives created: 1
00:08:36 | INFO: Extracting primitive: uesugi-samurai-01 raised kabuto rib 2
00:08:36 | INFO: Primitives created: 1
00:08:36 | INFO: Extracting primitive: uesugi-samurai-01 raised kabuto rib 3
00:08:36 | INFO: Primitives created: 1
00:08:36 | INFO: Extracting primitive: uesugi-samurai-01 left antler maedate
00:08:36 | INFO: Primitives created: 1
00:08:36 | INFO: Extracting primitive: uesugi-samurai-01 right antler maedate
00:08:36 | INFO: Primitives created: 1
00:08:36 | INFO: Extracting primitive: uesugi-samurai-01 individual front lamellar plate r1 c1 mesh
00:08:36 | INFO: Primitives created: 1
00:08:36 | INFO: Extracting primitive: uesugi-samurai-01 individual front lamellar plate r1 c2 mesh
00:08:36 | INFO: Primitives created: 1
00:08:36 | INFO: Extracting primitive: uesugi-samurai-01 individual front lamellar plate r1 c3 mesh
00:08:36 | INFO: Primitives created: 1
00:08:36 | INFO: Extracting primitive: uesugi-samurai-01 individual front lamellar plate r1 c4 mesh
00:08:36 | INFO: Primitives created: 1
00:08:36 | INFO: Extracting primitive: uesugi-samurai-01 individual front lamellar plate r1 c5 mesh
00:08:36 | INFO: Primitives created: 1
00:08:36 | INFO: Extracting primitive: uesugi-samurai-01 odoshi lacing row 1
00:08:36 | INFO: Primitives created: 1
00:08:36 | INFO: Extracting primitive: uesugi-samurai-01 chipped lacquer highlight r1 -0.16
00:08:36 | INFO: Primitives created: 1
00:08:36 | INFO: Extracting primitive: uesugi-samurai-01 chipped lacquer highlight r1 0.0
00:08:36 | INFO: Primitives created: 1
00:08:36 | INFO: Extracting primitive: uesugi-samurai-01 chipped lacquer highlight r1 0.16
00:08:36 | INFO: Primitives created: 1
00:08:36 | INFO: Extracting primitive: uesugi-samurai-01 individual front lamellar plate r2 c1 mesh
00:08:36 | INFO: Primitives created: 1
00:08:36 | INFO: Extracting primitive: uesugi-samurai-01 individual front lamellar plate r2 c2 mesh
00:08:36 | INFO: Primitives created: 1
00:08:36 | INFO: Extracting primitive: uesugi-samurai-01 individual front lamellar plate r2 c3 mesh
00:08:36 | INFO: Primitives created: 1
00:08:36 | INFO: Extracting primitive: uesugi-samurai-01 individual front lamellar plate r2 c4 mesh
00:08:36 | INFO: Primitives created: 1
00:08:36 | INFO: Extracting primitive: uesugi-samurai-01 individual front lamellar plate r2 c5 mesh
00:08:36 | INFO: Primitives created: 1
00:08:36 | INFO: Extracting primitive: uesugi-samurai-01 odoshi lacing row 2
00:08:36 | INFO: Primitives created: 1
00:08:36 | INFO: Extracting primitive: uesugi-samurai-01 chipped lacquer highlight r2 -0.16
00:08:36 | INFO: Primitives created: 1
00:08:36 | INFO: Extracting primitive: uesugi-samurai-01 chipped lacquer highlight r2 0.0
00:08:36 | INFO: Primitives created: 1
00:08:36 | INFO: Extracting primitive: uesugi-samurai-01 chipped lacquer highlight r2 0.16
00:08:36 | INFO: Primitives created: 1
00:08:36 | INFO: Extracting primitive: uesugi-samurai-01 individual front lamellar plate r3 c1 mesh
00:08:36 | INFO: Primitives created: 1
00:08:36 | INFO: Extracting primitive: uesugi-samurai-01 individual front lamellar plate r3 c2 mesh
00:08:36 | INFO: Primitives created: 1
00:08:36 | INFO: Extracting primitive: uesugi-samurai-01 individual front lamellar plate r3 c3 mesh
00:08:36 | INFO: Primitives created: 1
00:08:36 | INFO: Extracting primitive: uesugi-samurai-01 individual front lamellar plate r3 c4 mesh
00:08:36 | INFO: Primitives created: 1
00:08:36 | INFO: Extracting primitive: uesugi-samurai-01 individual front lamellar plate r3 c5 mesh
00:08:36 | INFO: Primitives created: 1
00:08:36 | INFO: Extracting primitive: uesugi-samurai-01 odoshi lacing row 3
00:08:36 | INFO: Primitives created: 1
00:08:36 | INFO: Extracting primitive: uesugi-samurai-01 chipped lacquer highlight r3 -0.16
00:08:36 | INFO: Primitives created: 1
00:08:36 | INFO: Extracting primitive: uesugi-samurai-01 chipped lacquer highlight r3 0.0
00:08:36 | INFO: Primitives created: 1
00:08:36 | INFO: Extracting primitive: uesugi-samurai-01 chipped lacquer highlight r3 0.16
00:08:36 | INFO: Primitives created: 1
00:08:36 | INFO: Extracting primitive: uesugi-samurai-01 individual front lamellar plate r4 c1 mesh
00:08:36 | INFO: Primitives created: 1
00:08:36 | INFO: Extracting primitive: uesugi-samurai-01 individual front lamellar plate r4 c2 mesh
00:08:36 | INFO: Primitives created: 1
00:08:36 | INFO: Extracting primitive: uesugi-samurai-01 individual front lamellar plate r4 c3 mesh
00:08:36 | INFO: Primitives created: 1
00:08:36 | INFO: Extracting primitive: uesugi-samurai-01 individual front lamellar plate r4 c4 mesh
00:08:36 | INFO: Primitives created: 1
00:08:36 | INFO: Extracting primitive: uesugi-samurai-01 individual front lamellar plate r4 c5 mesh
00:08:36 | INFO: Primitives created: 1
00:08:36 | INFO: Extracting primitive: uesugi-samurai-01 odoshi lacing row 4
00:08:36 | INFO: Primitives created: 1
00:08:36 | INFO: Extracting primitive: uesugi-samurai-01 chipped lacquer highlight r4 -0.16
00:08:36 | INFO: Primitives created: 1
00:08:36 | INFO: Extracting primitive: uesugi-samurai-01 chipped lacquer highlight r4 0.0
00:08:36 | INFO: Primitives created: 1
00:08:36 | INFO: Extracting primitive: uesugi-samurai-01 chipped lacquer highlight r4 0.16
00:08:36 | INFO: Primitives created: 1
00:08:36 | INFO: Extracting primitive: Sphere.199
00:08:36 | INFO: Primitives created: 1
00:08:36 | INFO: Extracting primitive: uesugi-samurai-01 articulated sode shoulder plate -1 1 mesh
00:08:36 | INFO: Primitives created: 1
00:08:36 | INFO: Extracting primitive: uesugi-samurai-01 sode lacing -1 1
00:08:36 | INFO: Primitives created: 1
00:08:36 | INFO: Extracting primitive: uesugi-samurai-01 articulated sode shoulder plate -1 2 mesh
00:08:36 | INFO: Primitives created: 1
00:08:36 | INFO: Extracting primitive: uesugi-samurai-01 sode lacing -1 2
00:08:36 | INFO: Primitives created: 1
00:08:36 | INFO: Extracting primitive: uesugi-samurai-01 articulated sode shoulder plate -1 3 mesh
00:08:36 | INFO: Primitives created: 1
00:08:36 | INFO: Extracting primitive: uesugi-samurai-01 sode lacing -1 3
00:08:36 | INFO: Primitives created: 1
00:08:36 | INFO: Extracting primitive: uesugi-samurai-01 articulated sode shoulder plate -1 4 mesh
00:08:36 | INFO: Primitives created: 1
00:08:36 | INFO: Extracting primitive: uesugi-samurai-01 sode lacing -1 4
00:08:36 | INFO: Primitives created: 1
00:08:36 | INFO: Extracting primitive: Sphere.200
00:08:36 | INFO: Primitives created: 1
00:08:36 | INFO: Extracting primitive: Sphere.201
00:08:36 | INFO: Primitives created: 1
00:08:36 | INFO: Extracting primitive: Sphere.202
00:08:36 | INFO: Primitives created: 1
00:08:36 | INFO: Extracting primitive: Sphere.203
00:08:36 | INFO: Primitives created: 1
00:08:36 | INFO: Extracting primitive: Sphere.204
00:08:36 | INFO: Primitives created: 1
00:08:36 | INFO: Extracting primitive: Cube.072
00:08:36 | INFO: Primitives created: 1
00:08:36 | INFO: Extracting primitive: uesugi-samurai-01 sandal toe strap -1
00:08:36 | INFO: Primitives created: 1
00:08:36 | INFO: Extracting primitive: Sphere.205
00:08:36 | INFO: Primitives created: 1
00:08:36 | INFO: Extracting primitive: uesugi-samurai-01 articulated sode shoulder plate 1 1 mesh
00:08:36 | INFO: Primitives created: 1
00:08:36 | INFO: Extracting primitive: uesugi-samurai-01 sode lacing 1 1
00:08:36 | INFO: Primitives created: 1
00:08:36 | INFO: Extracting primitive: uesugi-samurai-01 articulated sode shoulder plate 1 2 mesh
00:08:36 | INFO: Primitives created: 1
00:08:36 | INFO: Extracting primitive: uesugi-samurai-01 sode lacing 1 2
00:08:36 | INFO: Primitives created: 1
00:08:36 | INFO: Extracting primitive: uesugi-samurai-01 articulated sode shoulder plate 1 3 mesh
00:08:36 | INFO: Primitives created: 1
00:08:36 | INFO: Extracting primitive: uesugi-samurai-01 sode lacing 1 3
00:08:36 | INFO: Primitives created: 1
00:08:36 | INFO: Extracting primitive: uesugi-samurai-01 articulated sode shoulder plate 1 4 mesh
00:08:36 | INFO: Primitives created: 1
00:08:36 | INFO: Extracting primitive: uesugi-samurai-01 sode lacing 1 4
00:08:36 | INFO: Primitives created: 1
00:08:36 | INFO: Extracting primitive: Sphere.206
00:08:36 | INFO: Primitives created: 1
00:08:36 | INFO: Extracting primitive: Sphere.207
00:08:36 | INFO: Primitives created: 1
00:08:36 | INFO: Extracting primitive: Sphere.208
00:08:36 | INFO: Primitives created: 1
00:08:36 | INFO: Extracting primitive: Sphere.209
00:08:36 | INFO: Primitives created: 1
00:08:36 | INFO: Extracting primitive: Sphere.210
00:08:36 | INFO: Primitives created: 1
00:08:36 | INFO: Extracting primitive: Cube.073
00:08:36 | INFO: Primitives created: 1
00:08:36 | INFO: Extracting primitive: uesugi-samurai-01 sandal toe strap 1
00:08:36 | INFO: Primitives created: 1
00:08:36 | INFO: Extracting primitive: uesugi-samurai-01 kusazuri skirt -1 row 1 mesh
00:08:36 | INFO: Primitives created: 1
00:08:36 | INFO: Extracting primitive: uesugi-samurai-01 kusazuri skirt -1 row 2 mesh
00:08:36 | INFO: Primitives created: 1
00:08:36 | INFO: Extracting primitive: uesugi-samurai-01 kusazuri skirt 0 row 1 mesh
00:08:36 | INFO: Primitives created: 1
00:08:36 | INFO: Extracting primitive: uesugi-samurai-01 kusazuri skirt 0 row 2 mesh
00:08:36 | INFO: Primitives created: 1
00:08:36 | INFO: Extracting primitive: uesugi-samurai-01 kusazuri skirt 1 row 1 mesh
00:08:36 | INFO: Primitives created: 1
00:08:36 | INFO: Extracting primitive: uesugi-samurai-01 kusazuri skirt 1 row 2 mesh
00:08:36 | INFO: Primitives created: 1
00:08:36 | INFO: Extracting primitive: uesugi-samurai-01 raised katana blade
00:08:36 | INFO: Primitives created: 1
00:08:36 | INFO: Extracting primitive: Cylinder.014
00:08:36 | INFO: Primitives created: 1
00:08:36 | INFO: Extracting primitive: uesugi-samurai-01 sashimono bamboo pole
00:08:36 | INFO: Primitives created: 1
00:08:36 | INFO: Extracting primitive: uesugi-samurai-01 wind-bent sashimono cloth panel mesh
00:08:36 | INFO: Primitives created: 1
00:08:36 | INFO: Extracting primitive: Sphere.211
00:08:36 | INFO: Primitives created: 1
00:08:36 | INFO: Extracting primitive: Sphere.212
00:08:36 | INFO: Primitives created: 1
00:08:36 | INFO: Extracting primitive: Sphere.213
00:08:36 | INFO: Primitives created: 1
00:08:36 | INFO: Extracting primitive: Sphere.214
00:08:36 | INFO: Primitives created: 1
00:08:36 | INFO: Extracting primitive: Sphere.215
00:08:36 | INFO: Primitives created: 1
00:08:36 | INFO: Extracting primitive: Sphere.216
00:08:36 | INFO: Primitives created: 1
00:08:36 | INFO: Extracting primitive: Cube.074
00:08:36 | INFO: Primitives created: 1
00:08:36 | INFO: Extracting primitive: Sphere.217
00:08:36 | INFO: Primitives created: 1
00:08:36 | INFO: Extracting primitive: Cone.023
00:08:36 | INFO: Primitives created: 1
00:08:36 | INFO: Extracting primitive: uesugi-samurai-02 rear shikoro lamellar neck plate r1 c1 mesh
00:08:36 | INFO: Primitives created: 1
00:08:36 | INFO: Extracting primitive: uesugi-samurai-02 rear shikoro lamellar neck plate r1 c2 mesh
00:08:36 | INFO: Primitives created: 1
00:08:36 | INFO: Extracting primitive: uesugi-samurai-02 rear shikoro lamellar neck plate r1 c3 mesh
00:08:36 | INFO: Primitives created: 1
00:08:36 | INFO: Extracting primitive: uesugi-samurai-02 rear shikoro lamellar neck plate r2 c1 mesh
00:08:36 | INFO: Primitives created: 1
00:08:36 | INFO: Extracting primitive: uesugi-samurai-02 rear shikoro lamellar neck plate r2 c2 mesh
00:08:36 | INFO: Primitives created: 1
00:08:36 | INFO: Extracting primitive: uesugi-samurai-02 rear shikoro lamellar neck plate r2 c3 mesh
00:08:36 | INFO: Primitives created: 1
00:08:36 | INFO: Extracting primitive: uesugi-samurai-02 rear shikoro lamellar neck plate r3 c1 mesh
00:08:36 | INFO: Primitives created: 1
00:08:36 | INFO: Extracting primitive: uesugi-samurai-02 rear shikoro lamellar neck plate r3 c2 mesh
00:08:36 | INFO: Primitives created: 1
00:08:36 | INFO: Extracting primitive: uesugi-samurai-02 rear shikoro lamellar neck plate r3 c3 mesh
00:08:36 | INFO: Primitives created: 1
00:08:36 | INFO: Extracting primitive: uesugi-samurai-02 raised kabuto rib 1
00:08:36 | INFO: Primitives created: 1
00:08:36 | INFO: Extracting primitive: uesugi-samurai-02 raised kabuto rib 2
00:08:36 | INFO: Primitives created: 1
00:08:36 | INFO: Extracting primitive: uesugi-samurai-02 raised kabuto rib 3
00:08:36 | INFO: Primitives created: 1
00:08:36 | INFO: Extracting primitive: uesugi-samurai-02 left antler maedate
00:08:36 | INFO: Primitives created: 1
00:08:36 | INFO: Extracting primitive: uesugi-samurai-02 right antler maedate
00:08:36 | INFO: Primitives created: 1
00:08:36 | INFO: Extracting primitive: uesugi-samurai-02 individual front lamellar plate r1 c1 mesh
00:08:36 | INFO: Primitives created: 1
00:08:36 | INFO: Extracting primitive: uesugi-samurai-02 individual front lamellar plate r1 c2 mesh
00:08:36 | INFO: Primitives created: 1
00:08:36 | INFO: Extracting primitive: uesugi-samurai-02 individual front lamellar plate r1 c3 mesh
00:08:36 | INFO: Primitives created: 1
00:08:36 | INFO: Extracting primitive: uesugi-samurai-02 individual front lamellar plate r1 c4 mesh
00:08:36 | INFO: Primitives created: 1
00:08:36 | INFO: Extracting primitive: uesugi-samurai-02 individual front lamellar plate r1 c5 mesh
00:08:36 | INFO: Primitives created: 1
00:08:36 | INFO: Extracting primitive: uesugi-samurai-02 odoshi lacing row 1
00:08:36 | INFO: Primitives created: 1
00:08:36 | INFO: Extracting primitive: uesugi-samurai-02 chipped lacquer highlight r1 -0.16
00:08:36 | INFO: Primitives created: 1
00:08:36 | INFO: Extracting primitive: uesugi-samurai-02 chipped lacquer highlight r1 0.0
00:08:36 | INFO: Primitives created: 1
00:08:36 | INFO: Extracting primitive: uesugi-samurai-02 chipped lacquer highlight r1 0.16
00:08:36 | INFO: Primitives created: 1
00:08:36 | INFO: Extracting primitive: uesugi-samurai-02 individual front lamellar plate r2 c1 mesh
00:08:36 | INFO: Primitives created: 1
00:08:36 | INFO: Extracting primitive: uesugi-samurai-02 individual front lamellar plate r2 c2 mesh
00:08:36 | INFO: Primitives created: 1
00:08:36 | INFO: Extracting primitive: uesugi-samurai-02 individual front lamellar plate r2 c3 mesh
00:08:36 | INFO: Primitives created: 1
00:08:36 | INFO: Extracting primitive: uesugi-samurai-02 individual front lamellar plate r2 c4 mesh
00:08:36 | INFO: Primitives created: 1
00:08:36 | INFO: Extracting primitive: uesugi-samurai-02 individual front lamellar plate r2 c5 mesh
00:08:36 | INFO: Primitives created: 1
00:08:36 | INFO: Extracting primitive: uesugi-samurai-02 odoshi lacing row 2
00:08:36 | INFO: Primitives created: 1
00:08:36 | INFO: Extracting primitive: uesugi-samurai-02 chipped lacquer highlight r2 -0.16
00:08:36 | INFO: Primitives created: 1
00:08:36 | INFO: Extracting primitive: uesugi-samurai-02 chipped lacquer highlight r2 0.0
00:08:36 | INFO: Primitives created: 1
00:08:36 | INFO: Extracting primitive: uesugi-samurai-02 chipped lacquer highlight r2 0.16
00:08:36 | INFO: Primitives created: 1
00:08:36 | INFO: Extracting primitive: uesugi-samurai-02 individual front lamellar plate r3 c1 mesh
00:08:36 | INFO: Primitives created: 1
00:08:36 | INFO: Extracting primitive: uesugi-samurai-02 individual front lamellar plate r3 c2 mesh
00:08:36 | INFO: Primitives created: 1
00:08:36 | INFO: Extracting primitive: uesugi-samurai-02 individual front lamellar plate r3 c3 mesh
00:08:36 | INFO: Primitives created: 1
00:08:36 | INFO: Extracting primitive: uesugi-samurai-02 individual front lamellar plate r3 c4 mesh
00:08:36 | INFO: Primitives created: 1
00:08:36 | INFO: Extracting primitive: uesugi-samurai-02 individual front lamellar plate r3 c5 mesh
00:08:36 | INFO: Primitives created: 1
00:08:36 | INFO: Extracting primitive: uesugi-samurai-02 odoshi lacing row 3
00:08:36 | INFO: Primitives created: 1
00:08:36 | INFO: Extracting primitive: uesugi-samurai-02 chipped lacquer highlight r3 -0.16
00:08:36 | INFO: Primitives created: 1
00:08:36 | INFO: Extracting primitive: uesugi-samurai-02 chipped lacquer highlight r3 0.0
00:08:36 | INFO: Primitives created: 1
00:08:36 | INFO: Extracting primitive: uesugi-samurai-02 chipped lacquer highlight r3 0.16
00:08:36 | INFO: Primitives created: 1
00:08:36 | INFO: Extracting primitive: uesugi-samurai-02 individual front lamellar plate r4 c1 mesh
00:08:36 | INFO: Primitives created: 1
00:08:36 | INFO: Extracting primitive: uesugi-samurai-02 individual front lamellar plate r4 c2 mesh
00:08:36 | INFO: Primitives created: 1
00:08:36 | INFO: Extracting primitive: uesugi-samurai-02 individual front lamellar plate r4 c3 mesh
00:08:36 | INFO: Primitives created: 1
00:08:36 | INFO: Extracting primitive: uesugi-samurai-02 individual front lamellar plate r4 c4 mesh
00:08:36 | INFO: Primitives created: 1
00:08:36 | INFO: Extracting primitive: uesugi-samurai-02 individual front lamellar plate r4 c5 mesh
00:08:36 | INFO: Primitives created: 1
00:08:36 | INFO: Extracting primitive: uesugi-samurai-02 odoshi lacing row 4
00:08:36 | INFO: Primitives created: 1
00:08:36 | INFO: Extracting primitive: uesugi-samurai-02 chipped lacquer highlight r4 -0.16
00:08:36 | INFO: Primitives created: 1
00:08:36 | INFO: Extracting primitive: uesugi-samurai-02 chipped lacquer highlight r4 0.0
00:08:36 | INFO: Primitives created: 1
00:08:36 | INFO: Extracting primitive: uesugi-samurai-02 chipped lacquer highlight r4 0.16
00:08:36 | INFO: Primitives created: 1
00:08:36 | INFO: Extracting primitive: Sphere.218
00:08:36 | INFO: Primitives created: 1
00:08:36 | INFO: Extracting primitive: uesugi-samurai-02 articulated sode shoulder plate -1 1 mesh
00:08:36 | INFO: Primitives created: 1
00:08:36 | INFO: Extracting primitive: uesugi-samurai-02 sode lacing -1 1
00:08:36 | INFO: Primitives created: 1
00:08:36 | INFO: Extracting primitive: uesugi-samurai-02 articulated sode shoulder plate -1 2 mesh
00:08:36 | INFO: Primitives created: 1
00:08:36 | INFO: Extracting primitive: uesugi-samurai-02 sode lacing -1 2
00:08:36 | INFO: Primitives created: 1
00:08:36 | INFO: Extracting primitive: uesugi-samurai-02 articulated sode shoulder plate -1 3 mesh
00:08:36 | INFO: Primitives created: 1
00:08:36 | INFO: Extracting primitive: uesugi-samurai-02 sode lacing -1 3
00:08:36 | INFO: Primitives created: 1
00:08:36 | INFO: Extracting primitive: uesugi-samurai-02 articulated sode shoulder plate -1 4 mesh
00:08:36 | INFO: Primitives created: 1
00:08:36 | INFO: Extracting primitive: uesugi-samurai-02 sode lacing -1 4
00:08:36 | INFO: Primitives created: 1
00:08:36 | INFO: Extracting primitive: Sphere.219
00:08:36 | INFO: Primitives created: 1
00:08:36 | INFO: Extracting primitive: Sphere.220
00:08:36 | INFO: Primitives created: 1
00:08:36 | INFO: Extracting primitive: Sphere.221
00:08:36 | INFO: Primitives created: 1
00:08:36 | INFO: Extracting primitive: Sphere.222
00:08:36 | INFO: Primitives created: 1
00:08:36 | INFO: Extracting primitive: Sphere.223
00:08:36 | INFO: Primitives created: 1
00:08:36 | INFO: Extracting primitive: Cube.075
00:08:36 | INFO: Primitives created: 1
00:08:36 | INFO: Extracting primitive: uesugi-samurai-02 sandal toe strap -1
00:08:36 | INFO: Primitives created: 1
00:08:36 | INFO: Extracting primitive: Sphere.224
00:08:36 | INFO: Primitives created: 1
00:08:36 | INFO: Extracting primitive: uesugi-samurai-02 articulated sode shoulder plate 1 1 mesh
00:08:36 | INFO: Primitives created: 1
00:08:36 | INFO: Extracting primitive: uesugi-samurai-02 sode lacing 1 1
00:08:36 | INFO: Primitives created: 1
00:08:36 | INFO: Extracting primitive: uesugi-samurai-02 articulated sode shoulder plate 1 2 mesh
00:08:36 | INFO: Primitives created: 1
00:08:36 | INFO: Extracting primitive: uesugi-samurai-02 sode lacing 1 2
00:08:36 | INFO: Primitives created: 1
00:08:36 | INFO: Extracting primitive: uesugi-samurai-02 articulated sode shoulder plate 1 3 mesh
00:08:36 | INFO: Primitives created: 1
00:08:36 | INFO: Extracting primitive: uesugi-samurai-02 sode lacing 1 3
00:08:36 | INFO: Primitives created: 1
00:08:36 | INFO: Extracting primitive: uesugi-samurai-02 articulated sode shoulder plate 1 4 mesh
00:08:36 | INFO: Primitives created: 1
00:08:36 | INFO: Extracting primitive: uesugi-samurai-02 sode lacing 1 4
00:08:36 | INFO: Primitives created: 1
00:08:36 | INFO: Extracting primitive: Sphere.225
00:08:36 | INFO: Primitives created: 1
00:08:36 | INFO: Extracting primitive: Sphere.226
00:08:36 | INFO: Primitives created: 1
00:08:36 | INFO: Extracting primitive: Sphere.227
00:08:36 | INFO: Primitives created: 1
00:08:36 | INFO: Extracting primitive: Sphere.228
00:08:36 | INFO: Primitives created: 1
00:08:36 | INFO: Extracting primitive: Sphere.229
00:08:36 | INFO: Primitives created: 1
00:08:36 | INFO: Extracting primitive: Cube.076
00:08:36 | INFO: Primitives created: 1
00:08:36 | INFO: Extracting primitive: uesugi-samurai-02 sandal toe strap 1
00:08:36 | INFO: Primitives created: 1
00:08:36 | INFO: Extracting primitive: uesugi-samurai-02 kusazuri skirt -1 row 1 mesh
00:08:36 | INFO: Primitives created: 1
00:08:36 | INFO: Extracting primitive: uesugi-samurai-02 kusazuri skirt -1 row 2 mesh
00:08:36 | INFO: Primitives created: 1
00:08:36 | INFO: Extracting primitive: uesugi-samurai-02 kusazuri skirt 0 row 1 mesh
00:08:36 | INFO: Primitives created: 1
00:08:36 | INFO: Extracting primitive: uesugi-samurai-02 kusazuri skirt 0 row 2 mesh
00:08:36 | INFO: Primitives created: 1
00:08:36 | INFO: Extracting primitive: uesugi-samurai-02 kusazuri skirt 1 row 1 mesh
00:08:36 | INFO: Primitives created: 1
00:08:36 | INFO: Extracting primitive: uesugi-samurai-02 kusazuri skirt 1 row 2 mesh
00:08:36 | INFO: Primitives created: 1
00:08:36 | INFO: Extracting primitive: uesugi-samurai-02 guard katana blade
00:08:36 | INFO: Primitives created: 1
00:08:36 | INFO: Extracting primitive: Cylinder.015
00:08:36 | INFO: Primitives created: 1
00:08:36 | INFO: Extracting primitive: uesugi-samurai-02 sashimono bamboo pole
00:08:36 | INFO: Primitives created: 1
00:08:36 | INFO: Extracting primitive: uesugi-samurai-02 wind-bent sashimono cloth panel mesh
00:08:36 | INFO: Primitives created: 1
00:08:36 | INFO: Extracting primitive: Sphere.230
00:08:36 | INFO: Primitives created: 1
00:08:36 | INFO: Extracting primitive: Sphere.231
00:08:36 | INFO: Primitives created: 1
00:08:36 | INFO: Extracting primitive: Sphere.232
00:08:36 | INFO: Primitives created: 1
00:08:36 | INFO: Extracting primitive: Sphere.233
00:08:36 | INFO: Primitives created: 1
00:08:36 | INFO: Extracting primitive: Sphere.234
00:08:36 | INFO: Primitives created: 1
00:08:36 | INFO: Extracting primitive: Sphere.235
00:08:36 | INFO: Primitives created: 1
00:08:36 | INFO: Extracting primitive: Cube.077
00:08:36 | INFO: Primitives created: 1
00:08:36 | INFO: Extracting primitive: Sphere.236
00:08:36 | INFO: Primitives created: 1
00:08:36 | INFO: Extracting primitive: Cone.024
00:08:36 | INFO: Primitives created: 1
00:08:36 | INFO: Extracting primitive: uesugi-samurai-03 rear shikoro lamellar neck plate r1 c1 mesh
00:08:36 | INFO: Primitives created: 1
00:08:36 | INFO: Extracting primitive: uesugi-samurai-03 rear shikoro lamellar neck plate r1 c2 mesh
00:08:36 | INFO: Primitives created: 1
00:08:36 | INFO: Extracting primitive: uesugi-samurai-03 rear shikoro lamellar neck plate r1 c3 mesh
00:08:36 | INFO: Primitives created: 1
00:08:36 | INFO: Extracting primitive: uesugi-samurai-03 rear shikoro lamellar neck plate r2 c1 mesh
00:08:36 | INFO: Primitives created: 1
00:08:36 | INFO: Extracting primitive: uesugi-samurai-03 rear shikoro lamellar neck plate r2 c2 mesh
00:08:36 | INFO: Primitives created: 1
00:08:36 | INFO: Extracting primitive: uesugi-samurai-03 rear shikoro lamellar neck plate r2 c3 mesh
00:08:36 | INFO: Primitives created: 1
00:08:36 | INFO: Extracting primitive: uesugi-samurai-03 rear shikoro lamellar neck plate r3 c1 mesh
00:08:36 | INFO: Primitives created: 1
00:08:36 | INFO: Extracting primitive: uesugi-samurai-03 rear shikoro lamellar neck plate r3 c2 mesh
00:08:36 | INFO: Primitives created: 1
00:08:36 | INFO: Extracting primitive: uesugi-samurai-03 rear shikoro lamellar neck plate r3 c3 mesh
00:08:36 | INFO: Primitives created: 1
00:08:36 | INFO: Extracting primitive: uesugi-samurai-03 raised kabuto rib 1
00:08:36 | INFO: Primitives created: 1
00:08:36 | INFO: Extracting primitive: uesugi-samurai-03 raised kabuto rib 2
00:08:36 | INFO: Primitives created: 1
00:08:36 | INFO: Extracting primitive: uesugi-samurai-03 raised kabuto rib 3
00:08:36 | INFO: Primitives created: 1
00:08:36 | INFO: Extracting primitive: uesugi-samurai-03 left antler maedate
00:08:36 | INFO: Primitives created: 1
00:08:36 | INFO: Extracting primitive: uesugi-samurai-03 right antler maedate
00:08:36 | INFO: Primitives created: 1
00:08:36 | INFO: Extracting primitive: uesugi-samurai-03 individual front lamellar plate r1 c1 mesh
00:08:36 | INFO: Primitives created: 1
00:08:36 | INFO: Extracting primitive: uesugi-samurai-03 individual front lamellar plate r1 c2 mesh
00:08:36 | INFO: Primitives created: 1
00:08:36 | INFO: Extracting primitive: uesugi-samurai-03 individual front lamellar plate r1 c3 mesh
00:08:36 | INFO: Primitives created: 1
00:08:36 | INFO: Extracting primitive: uesugi-samurai-03 individual front lamellar plate r1 c4 mesh
00:08:36 | INFO: Primitives created: 1
00:08:36 | INFO: Extracting primitive: uesugi-samurai-03 individual front lamellar plate r1 c5 mesh
00:08:36 | INFO: Primitives created: 1
00:08:36 | INFO: Extracting primitive: uesugi-samurai-03 odoshi lacing row 1
00:08:36 | INFO: Primitives created: 1
00:08:36 | INFO: Extracting primitive: uesugi-samurai-03 chipped lacquer highlight r1 -0.16
00:08:36 | INFO: Primitives created: 1
00:08:36 | INFO: Extracting primitive: uesugi-samurai-03 chipped lacquer highlight r1 0.0
00:08:36 | INFO: Primitives created: 1
00:08:36 | INFO: Extracting primitive: uesugi-samurai-03 chipped lacquer highlight r1 0.16
00:08:36 | INFO: Primitives created: 1
00:08:36 | INFO: Extracting primitive: uesugi-samurai-03 individual front lamellar plate r2 c1 mesh
00:08:36 | INFO: Primitives created: 1
00:08:36 | INFO: Extracting primitive: uesugi-samurai-03 individual front lamellar plate r2 c2 mesh
00:08:36 | INFO: Primitives created: 1
00:08:36 | INFO: Extracting primitive: uesugi-samurai-03 individual front lamellar plate r2 c3 mesh
00:08:36 | INFO: Primitives created: 1
00:08:36 | INFO: Extracting primitive: uesugi-samurai-03 individual front lamellar plate r2 c4 mesh
00:08:36 | INFO: Primitives created: 1
00:08:36 | INFO: Extracting primitive: uesugi-samurai-03 individual front lamellar plate r2 c5 mesh
00:08:36 | INFO: Primitives created: 1
00:08:36 | INFO: Extracting primitive: uesugi-samurai-03 odoshi lacing row 2
00:08:36 | INFO: Primitives created: 1
00:08:36 | INFO: Extracting primitive: uesugi-samurai-03 chipped lacquer highlight r2 -0.16
00:08:36 | INFO: Primitives created: 1
00:08:36 | INFO: Extracting primitive: uesugi-samurai-03 chipped lacquer highlight r2 0.0
00:08:36 | INFO: Primitives created: 1
00:08:36 | INFO: Extracting primitive: uesugi-samurai-03 chipped lacquer highlight r2 0.16
00:08:36 | INFO: Primitives created: 1
00:08:36 | INFO: Extracting primitive: uesugi-samurai-03 individual front lamellar plate r3 c1 mesh
00:08:36 | INFO: Primitives created: 1
00:08:36 | INFO: Extracting primitive: uesugi-samurai-03 individual front lamellar plate r3 c2 mesh
00:08:36 | INFO: Primitives created: 1
00:08:36 | INFO: Extracting primitive: uesugi-samurai-03 individual front lamellar plate r3 c3 mesh
00:08:36 | INFO: Primitives created: 1
00:08:36 | INFO: Extracting primitive: uesugi-samurai-03 individual front lamellar plate r3 c4 mesh
00:08:36 | INFO: Primitives created: 1
00:08:36 | INFO: Extracting primitive: uesugi-samurai-03 individual front lamellar plate r3 c5 mesh
00:08:36 | INFO: Primitives created: 1
00:08:36 | INFO: Extracting primitive: uesugi-samurai-03 odoshi lacing row 3
00:08:36 | INFO: Primitives created: 1
00:08:36 | INFO: Extracting primitive: uesugi-samurai-03 chipped lacquer highlight r3 -0.16
00:08:36 | INFO: Primitives created: 1
00:08:36 | INFO: Extracting primitive: uesugi-samurai-03 chipped lacquer highlight r3 0.0
00:08:36 | INFO: Primitives created: 1
00:08:36 | INFO: Extracting primitive: uesugi-samurai-03 chipped lacquer highlight r3 0.16
00:08:36 | INFO: Primitives created: 1
00:08:36 | INFO: Extracting primitive: uesugi-samurai-03 individual front lamellar plate r4 c1 mesh
00:08:36 | INFO: Primitives created: 1
00:08:36 | INFO: Extracting primitive: uesugi-samurai-03 individual front lamellar plate r4 c2 mesh
00:08:36 | INFO: Primitives created: 1
00:08:36 | INFO: Extracting primitive: uesugi-samurai-03 individual front lamellar plate r4 c3 mesh
00:08:36 | INFO: Primitives created: 1
00:08:36 | INFO: Extracting primitive: uesugi-samurai-03 individual front lamellar plate r4 c4 mesh
00:08:36 | INFO: Primitives created: 1
00:08:36 | INFO: Extracting primitive: uesugi-samurai-03 individual front lamellar plate r4 c5 mesh
00:08:36 | INFO: Primitives created: 1
00:08:36 | INFO: Extracting primitive: uesugi-samurai-03 odoshi lacing row 4
00:08:36 | INFO: Primitives created: 1
00:08:36 | INFO: Extracting primitive: uesugi-samurai-03 chipped lacquer highlight r4 -0.16
00:08:36 | INFO: Primitives created: 1
00:08:36 | INFO: Extracting primitive: uesugi-samurai-03 chipped lacquer highlight r4 0.0
00:08:36 | INFO: Primitives created: 1
00:08:36 | INFO: Extracting primitive: uesugi-samurai-03 chipped lacquer highlight r4 0.16
00:08:36 | INFO: Primitives created: 1
00:08:36 | INFO: Extracting primitive: Sphere.237
00:08:36 | INFO: Primitives created: 1
00:08:36 | INFO: Extracting primitive: uesugi-samurai-03 articulated sode shoulder plate -1 1 mesh
00:08:36 | INFO: Primitives created: 1
00:08:36 | INFO: Extracting primitive: uesugi-samurai-03 sode lacing -1 1
00:08:36 | INFO: Primitives created: 1
00:08:36 | INFO: Extracting primitive: uesugi-samurai-03 articulated sode shoulder plate -1 2 mesh
00:08:36 | INFO: Primitives created: 1
00:08:36 | INFO: Extracting primitive: uesugi-samurai-03 sode lacing -1 2
00:08:36 | INFO: Primitives created: 1
00:08:36 | INFO: Extracting primitive: uesugi-samurai-03 articulated sode shoulder plate -1 3 mesh
00:08:36 | INFO: Primitives created: 1
00:08:36 | INFO: Extracting primitive: uesugi-samurai-03 sode lacing -1 3
00:08:36 | INFO: Primitives created: 1
00:08:36 | INFO: Extracting primitive: uesugi-samurai-03 articulated sode shoulder plate -1 4 mesh
00:08:36 | INFO: Primitives created: 1
00:08:36 | INFO: Extracting primitive: uesugi-samurai-03 sode lacing -1 4
00:08:36 | INFO: Primitives created: 1
00:08:36 | INFO: Extracting primitive: Sphere.238
00:08:36 | INFO: Primitives created: 1
00:08:36 | INFO: Extracting primitive: Sphere.239
00:08:36 | INFO: Primitives created: 1
00:08:36 | INFO: Extracting primitive: Sphere.240
00:08:36 | INFO: Primitives created: 1
00:08:36 | INFO: Extracting primitive: Sphere.241
00:08:36 | INFO: Primitives created: 1
00:08:36 | INFO: Extracting primitive: Sphere.242
00:08:36 | INFO: Primitives created: 1
00:08:36 | INFO: Extracting primitive: Cube.078
00:08:36 | INFO: Primitives created: 1
00:08:36 | INFO: Extracting primitive: uesugi-samurai-03 sandal toe strap -1
00:08:36 | INFO: Primitives created: 1
00:08:36 | INFO: Extracting primitive: Sphere.243
00:08:36 | INFO: Primitives created: 1
00:08:36 | INFO: Extracting primitive: uesugi-samurai-03 articulated sode shoulder plate 1 1 mesh
00:08:36 | INFO: Primitives created: 1
00:08:36 | INFO: Extracting primitive: uesugi-samurai-03 sode lacing 1 1
00:08:36 | INFO: Primitives created: 1
00:08:36 | INFO: Extracting primitive: uesugi-samurai-03 articulated sode shoulder plate 1 2 mesh
00:08:36 | INFO: Primitives created: 1
00:08:36 | INFO: Extracting primitive: uesugi-samurai-03 sode lacing 1 2
00:08:36 | INFO: Primitives created: 1
00:08:36 | INFO: Extracting primitive: uesugi-samurai-03 articulated sode shoulder plate 1 3 mesh
00:08:36 | INFO: Primitives created: 1
00:08:36 | INFO: Extracting primitive: uesugi-samurai-03 sode lacing 1 3
00:08:36 | INFO: Primitives created: 1
00:08:36 | INFO: Extracting primitive: uesugi-samurai-03 articulated sode shoulder plate 1 4 mesh
00:08:36 | INFO: Primitives created: 1
00:08:36 | INFO: Extracting primitive: uesugi-samurai-03 sode lacing 1 4
00:08:36 | INFO: Primitives created: 1
00:08:36 | INFO: Extracting primitive: Sphere.244
00:08:36 | INFO: Primitives created: 1
00:08:36 | INFO: Extracting primitive: Sphere.245
00:08:36 | INFO: Primitives created: 1
00:08:36 | INFO: Extracting primitive: Sphere.246
00:08:36 | INFO: Primitives created: 1
00:08:36 | INFO: Extracting primitive: Sphere.247
00:08:36 | INFO: Primitives created: 1
00:08:36 | INFO: Extracting primitive: Sphere.248
00:08:36 | INFO: Primitives created: 1
00:08:36 | INFO: Extracting primitive: Cube.079
00:08:36 | INFO: Primitives created: 1
00:08:36 | INFO: Extracting primitive: uesugi-samurai-03 sandal toe strap 1
00:08:36 | INFO: Primitives created: 1
00:08:36 | INFO: Extracting primitive: uesugi-samurai-03 kusazuri skirt -1 row 1 mesh
00:08:36 | INFO: Primitives created: 1
00:08:36 | INFO: Extracting primitive: uesugi-samurai-03 kusazuri skirt -1 row 2 mesh
00:08:36 | INFO: Primitives created: 1
00:08:36 | INFO: Extracting primitive: uesugi-samurai-03 kusazuri skirt 0 row 1 mesh
00:08:36 | INFO: Primitives created: 1
00:08:36 | INFO: Extracting primitive: uesugi-samurai-03 kusazuri skirt 0 row 2 mesh
00:08:36 | INFO: Primitives created: 1
00:08:36 | INFO: Extracting primitive: uesugi-samurai-03 kusazuri skirt 1 row 1 mesh
00:08:36 | INFO: Primitives created: 1
00:08:36 | INFO: Extracting primitive: uesugi-samurai-03 kusazuri skirt 1 row 2 mesh
00:08:36 | INFO: Primitives created: 1
00:08:36 | INFO: Extracting primitive: uesugi-samurai-03 yari shaft
00:08:36 | INFO: Primitives created: 1
00:08:36 | INFO: Extracting primitive: Cone.025
00:08:36 | INFO: Primitives created: 1
00:08:36 | INFO: Extracting primitive: uesugi-samurai-03 sashimono bamboo pole
00:08:36 | INFO: Primitives created: 1
00:08:36 | INFO: Extracting primitive: uesugi-samurai-03 wind-bent sashimono cloth panel mesh
00:08:36 | INFO: Primitives created: 1
00:08:36 | INFO: Extracting primitive: Sphere.249
00:08:36 | INFO: Primitives created: 1
00:08:36 | INFO: Extracting primitive: Sphere.250
00:08:36 | INFO: Primitives created: 1
00:08:36 | INFO: Extracting primitive: Sphere.251
00:08:36 | INFO: Primitives created: 1
00:08:36 | INFO: Extracting primitive: Sphere.252
00:08:36 | INFO: Primitives created: 1
00:08:36 | INFO: Extracting primitive: Sphere.253
00:08:36 | INFO: Primitives created: 1
00:08:36 | INFO: Extracting primitive: Sphere.254
00:08:36 | INFO: Primitives created: 1
00:08:36 | INFO: Extracting primitive: Cube.080
00:08:36 | INFO: Primitives created: 1
00:08:36 | INFO: Extracting primitive: Sphere.255
00:08:36 | INFO: Primitives created: 1
00:08:36 | INFO: Extracting primitive: Cone.026
00:08:36 | INFO: Primitives created: 1
00:08:36 | INFO: Extracting primitive: uesugi-samurai-04 rear shikoro lamellar neck plate r1 c1 mesh
00:08:36 | INFO: Primitives created: 1
00:08:36 | INFO: Extracting primitive: uesugi-samurai-04 rear shikoro lamellar neck plate r1 c2 mesh
00:08:36 | INFO: Primitives created: 1
00:08:36 | INFO: Extracting primitive: uesugi-samurai-04 rear shikoro lamellar neck plate r1 c3 mesh
00:08:36 | INFO: Primitives created: 1
00:08:36 | INFO: Extracting primitive: uesugi-samurai-04 rear shikoro lamellar neck plate r2 c1 mesh
00:08:36 | INFO: Primitives created: 1
00:08:36 | INFO: Extracting primitive: uesugi-samurai-04 rear shikoro lamellar neck plate r2 c2 mesh
00:08:36 | INFO: Primitives created: 1
00:08:36 | INFO: Extracting primitive: uesugi-samurai-04 rear shikoro lamellar neck plate r2 c3 mesh
00:08:36 | INFO: Primitives created: 1
00:08:36 | INFO: Extracting primitive: uesugi-samurai-04 rear shikoro lamellar neck plate r3 c1 mesh
00:08:36 | INFO: Primitives created: 1
00:08:36 | INFO: Extracting primitive: uesugi-samurai-04 rear shikoro lamellar neck plate r3 c2 mesh
00:08:36 | INFO: Primitives created: 1
00:08:36 | INFO: Extracting primitive: uesugi-samurai-04 rear shikoro lamellar neck plate r3 c3 mesh
00:08:36 | INFO: Primitives created: 1
00:08:36 | INFO: Extracting primitive: uesugi-samurai-04 raised kabuto rib 1
00:08:36 | INFO: Primitives created: 1
00:08:36 | INFO: Extracting primitive: uesugi-samurai-04 raised kabuto rib 2
00:08:36 | INFO: Primitives created: 1
00:08:36 | INFO: Extracting primitive: uesugi-samurai-04 raised kabuto rib 3
00:08:36 | INFO: Primitives created: 1
00:08:36 | INFO: Extracting primitive: uesugi-samurai-04 left antler maedate
00:08:36 | INFO: Primitives created: 1
00:08:36 | INFO: Extracting primitive: uesugi-samurai-04 right antler maedate
00:08:36 | INFO: Primitives created: 1
00:08:36 | INFO: Extracting primitive: uesugi-samurai-04 individual front lamellar plate r1 c1 mesh
00:08:36 | INFO: Primitives created: 1
00:08:36 | INFO: Extracting primitive: uesugi-samurai-04 individual front lamellar plate r1 c2 mesh
00:08:36 | INFO: Primitives created: 1
00:08:36 | INFO: Extracting primitive: uesugi-samurai-04 individual front lamellar plate r1 c3 mesh
00:08:36 | INFO: Primitives created: 1
00:08:36 | INFO: Extracting primitive: uesugi-samurai-04 individual front lamellar plate r1 c4 mesh
00:08:36 | INFO: Primitives created: 1
00:08:36 | INFO: Extracting primitive: uesugi-samurai-04 individual front lamellar plate r1 c5 mesh
00:08:36 | INFO: Primitives created: 1
00:08:36 | INFO: Extracting primitive: uesugi-samurai-04 odoshi lacing row 1
00:08:36 | INFO: Primitives created: 1
00:08:36 | INFO: Extracting primitive: uesugi-samurai-04 chipped lacquer highlight r1 -0.16
00:08:36 | INFO: Primitives created: 1
00:08:36 | INFO: Extracting primitive: uesugi-samurai-04 chipped lacquer highlight r1 0.0
00:08:36 | INFO: Primitives created: 1
00:08:36 | INFO: Extracting primitive: uesugi-samurai-04 chipped lacquer highlight r1 0.16
00:08:36 | INFO: Primitives created: 1
00:08:36 | INFO: Extracting primitive: uesugi-samurai-04 individual front lamellar plate r2 c1 mesh
00:08:36 | INFO: Primitives created: 1
00:08:36 | INFO: Extracting primitive: uesugi-samurai-04 individual front lamellar plate r2 c2 mesh
00:08:36 | INFO: Primitives created: 1
00:08:36 | INFO: Extracting primitive: uesugi-samurai-04 individual front lamellar plate r2 c3 mesh
00:08:36 | INFO: Primitives created: 1
00:08:36 | INFO: Extracting primitive: uesugi-samurai-04 individual front lamellar plate r2 c4 mesh
00:08:36 | INFO: Primitives created: 1
00:08:36 | INFO: Extracting primitive: uesugi-samurai-04 individual front lamellar plate r2 c5 mesh
00:08:36 | INFO: Primitives created: 1
00:08:36 | INFO: Extracting primitive: uesugi-samurai-04 odoshi lacing row 2
00:08:36 | INFO: Primitives created: 1
00:08:36 | INFO: Extracting primitive: uesugi-samurai-04 chipped lacquer highlight r2 -0.16
00:08:36 | INFO: Primitives created: 1
00:08:36 | INFO: Extracting primitive: uesugi-samurai-04 chipped lacquer highlight r2 0.0
00:08:36 | INFO: Primitives created: 1
00:08:36 | INFO: Extracting primitive: uesugi-samurai-04 chipped lacquer highlight r2 0.16
00:08:36 | INFO: Primitives created: 1
00:08:36 | INFO: Extracting primitive: uesugi-samurai-04 individual front lamellar plate r3 c1 mesh
00:08:36 | INFO: Primitives created: 1
00:08:36 | INFO: Extracting primitive: uesugi-samurai-04 individual front lamellar plate r3 c2 mesh
00:08:36 | INFO: Primitives created: 1
00:08:36 | INFO: Extracting primitive: uesugi-samurai-04 individual front lamellar plate r3 c3 mesh
00:08:36 | INFO: Primitives created: 1
00:08:36 | INFO: Extracting primitive: uesugi-samurai-04 individual front lamellar plate r3 c4 mesh
00:08:36 | INFO: Primitives created: 1
00:08:36 | INFO: Extracting primitive: uesugi-samurai-04 individual front lamellar plate r3 c5 mesh
00:08:36 | INFO: Primitives created: 1
00:08:36 | INFO: Extracting primitive: uesugi-samurai-04 odoshi lacing row 3
00:08:36 | INFO: Primitives created: 1
00:08:36 | INFO: Extracting primitive: uesugi-samurai-04 chipped lacquer highlight r3 -0.16
00:08:36 | INFO: Primitives created: 1
00:08:36 | INFO: Extracting primitive: uesugi-samurai-04 chipped lacquer highlight r3 0.0
00:08:36 | INFO: Primitives created: 1
00:08:36 | INFO: Extracting primitive: uesugi-samurai-04 chipped lacquer highlight r3 0.16
00:08:36 | INFO: Primitives created: 1
00:08:36 | INFO: Extracting primitive: uesugi-samurai-04 individual front lamellar plate r4 c1 mesh
00:08:36 | INFO: Primitives created: 1
00:08:36 | INFO: Extracting primitive: uesugi-samurai-04 individual front lamellar plate r4 c2 mesh
00:08:36 | INFO: Primitives created: 1
00:08:36 | INFO: Extracting primitive: uesugi-samurai-04 individual front lamellar plate r4 c3 mesh
00:08:36 | INFO: Primitives created: 1
00:08:36 | INFO: Extracting primitive: uesugi-samurai-04 individual front lamellar plate r4 c4 mesh
00:08:36 | INFO: Primitives created: 1
00:08:36 | INFO: Extracting primitive: uesugi-samurai-04 individual front lamellar plate r4 c5 mesh
00:08:36 | INFO: Primitives created: 1
00:08:36 | INFO: Extracting primitive: uesugi-samurai-04 odoshi lacing row 4
00:08:36 | INFO: Primitives created: 1
00:08:36 | INFO: Extracting primitive: uesugi-samurai-04 chipped lacquer highlight r4 -0.16
00:08:36 | INFO: Primitives created: 1
00:08:36 | INFO: Extracting primitive: uesugi-samurai-04 chipped lacquer highlight r4 0.0
00:08:36 | INFO: Primitives created: 1
00:08:36 | INFO: Extracting primitive: uesugi-samurai-04 chipped lacquer highlight r4 0.16
00:08:36 | INFO: Primitives created: 1
00:08:36 | INFO: Extracting primitive: Sphere.256
00:08:36 | INFO: Primitives created: 1
00:08:36 | INFO: Extracting primitive: uesugi-samurai-04 articulated sode shoulder plate -1 1 mesh
00:08:36 | INFO: Primitives created: 1
00:08:36 | INFO: Extracting primitive: uesugi-samurai-04 sode lacing -1 1
00:08:36 | INFO: Primitives created: 1
00:08:36 | INFO: Extracting primitive: uesugi-samurai-04 articulated sode shoulder plate -1 2 mesh
00:08:36 | INFO: Primitives created: 1
00:08:36 | INFO: Extracting primitive: uesugi-samurai-04 sode lacing -1 2
00:08:36 | INFO: Primitives created: 1
00:08:36 | INFO: Extracting primitive: uesugi-samurai-04 articulated sode shoulder plate -1 3 mesh
00:08:36 | INFO: Primitives created: 1
00:08:36 | INFO: Extracting primitive: uesugi-samurai-04 sode lacing -1 3
00:08:36 | INFO: Primitives created: 1
00:08:36 | INFO: Extracting primitive: uesugi-samurai-04 articulated sode shoulder plate -1 4 mesh
00:08:36 | INFO: Primitives created: 1
00:08:36 | INFO: Extracting primitive: uesugi-samurai-04 sode lacing -1 4
00:08:36 | INFO: Primitives created: 1
00:08:36 | INFO: Extracting primitive: Sphere.257
00:08:36 | INFO: Primitives created: 1
00:08:36 | INFO: Extracting primitive: Sphere.258
00:08:36 | INFO: Primitives created: 1
00:08:36 | INFO: Extracting primitive: Sphere.259
00:08:36 | INFO: Primitives created: 1
00:08:36 | INFO: Extracting primitive: Sphere.260
00:08:36 | INFO: Primitives created: 1
00:08:36 | INFO: Extracting primitive: Sphere.261
00:08:36 | INFO: Primitives created: 1
00:08:36 | INFO: Extracting primitive: Cube.081
00:08:36 | INFO: Primitives created: 1
00:08:36 | INFO: Extracting primitive: uesugi-samurai-04 sandal toe strap -1
00:08:36 | INFO: Primitives created: 1
00:08:36 | INFO: Extracting primitive: Sphere.262
00:08:36 | INFO: Primitives created: 1
00:08:36 | INFO: Extracting primitive: uesugi-samurai-04 articulated sode shoulder plate 1 1 mesh
00:08:36 | INFO: Primitives created: 1
00:08:36 | INFO: Extracting primitive: uesugi-samurai-04 sode lacing 1 1
00:08:36 | INFO: Primitives created: 1
00:08:36 | INFO: Extracting primitive: uesugi-samurai-04 articulated sode shoulder plate 1 2 mesh
00:08:36 | INFO: Primitives created: 1
00:08:36 | INFO: Extracting primitive: uesugi-samurai-04 sode lacing 1 2
00:08:36 | INFO: Primitives created: 1
00:08:36 | INFO: Extracting primitive: uesugi-samurai-04 articulated sode shoulder plate 1 3 mesh
00:08:36 | INFO: Primitives created: 1
00:08:36 | INFO: Extracting primitive: uesugi-samurai-04 sode lacing 1 3
00:08:36 | INFO: Primitives created: 1
00:08:36 | INFO: Extracting primitive: uesugi-samurai-04 articulated sode shoulder plate 1 4 mesh
00:08:36 | INFO: Primitives created: 1
00:08:36 | INFO: Extracting primitive: uesugi-samurai-04 sode lacing 1 4
00:08:36 | INFO: Primitives created: 1
00:08:36 | INFO: Extracting primitive: Sphere.263
00:08:36 | INFO: Primitives created: 1
00:08:36 | INFO: Extracting primitive: Sphere.264
00:08:36 | INFO: Primitives created: 1
00:08:36 | INFO: Extracting primitive: Sphere.265
00:08:36 | INFO: Primitives created: 1
00:08:36 | INFO: Extracting primitive: Sphere.266
00:08:36 | INFO: Primitives created: 1
00:08:36 | INFO: Extracting primitive: Sphere.267
00:08:36 | INFO: Primitives created: 1
00:08:36 | INFO: Extracting primitive: Cube.082
00:08:36 | INFO: Primitives created: 1
00:08:36 | INFO: Extracting primitive: uesugi-samurai-04 sandal toe strap 1
00:08:36 | INFO: Primitives created: 1
00:08:36 | INFO: Extracting primitive: uesugi-samurai-04 kusazuri skirt -1 row 1 mesh
00:08:36 | INFO: Primitives created: 1
00:08:36 | INFO: Extracting primitive: uesugi-samurai-04 kusazuri skirt -1 row 2 mesh
00:08:36 | INFO: Primitives created: 1
00:08:36 | INFO: Extracting primitive: uesugi-samurai-04 kusazuri skirt 0 row 1 mesh
00:08:36 | INFO: Primitives created: 1
00:08:36 | INFO: Extracting primitive: uesugi-samurai-04 kusazuri skirt 0 row 2 mesh
00:08:36 | INFO: Primitives created: 1
00:08:36 | INFO: Extracting primitive: uesugi-samurai-04 kusazuri skirt 1 row 1 mesh
00:08:36 | INFO: Primitives created: 1
00:08:36 | INFO: Extracting primitive: uesugi-samurai-04 kusazuri skirt 1 row 2 mesh
00:08:36 | INFO: Primitives created: 1
00:08:36 | INFO: Extracting primitive: uesugi-samurai-04 guard katana blade
00:08:36 | INFO: Primitives created: 1
00:08:36 | INFO: Extracting primitive: Cylinder.016
00:08:36 | INFO: Primitives created: 1
00:08:36 | INFO: Extracting primitive: uesugi-samurai-04 sashimono bamboo pole
00:08:36 | INFO: Primitives created: 1
00:08:36 | INFO: Extracting primitive: uesugi-samurai-04 wind-bent sashimono cloth panel mesh
00:08:36 | INFO: Primitives created: 1
00:08:36 | INFO: Extracting primitive: Sphere.268
00:08:36 | INFO: Primitives created: 1
00:08:36 | INFO: Extracting primitive: Sphere.269
00:08:36 | INFO: Primitives created: 1
00:08:36 | INFO: Extracting primitive: Sphere.270
00:08:36 | INFO: Primitives created: 1
00:08:36 | INFO: Extracting primitive: Sphere.271
00:08:36 | INFO: Primitives created: 1
00:08:36 | INFO: Extracting primitive: Sphere.272
00:08:36 | INFO: Primitives created: 1
00:08:36 | INFO: Extracting primitive: Sphere.273
00:08:36 | INFO: Primitives created: 1
00:08:36 | INFO: Extracting primitive: Cube.083
00:08:36 | INFO: Primitives created: 1
00:08:36 | INFO: Extracting primitive: Sphere.274
00:08:36 | INFO: Primitives created: 1
00:08:36 | INFO: Extracting primitive: Cone.027
00:08:36 | INFO: Primitives created: 1
00:08:36 | INFO: Extracting primitive: uesugi-samurai-05 rear shikoro lamellar neck plate r1 c1 mesh
00:08:36 | INFO: Primitives created: 1
00:08:36 | INFO: Extracting primitive: uesugi-samurai-05 rear shikoro lamellar neck plate r1 c2 mesh
00:08:36 | INFO: Primitives created: 1
00:08:36 | INFO: Extracting primitive: uesugi-samurai-05 rear shikoro lamellar neck plate r1 c3 mesh
00:08:36 | INFO: Primitives created: 1
00:08:36 | INFO: Extracting primitive: uesugi-samurai-05 rear shikoro lamellar neck plate r2 c1 mesh
00:08:36 | INFO: Primitives created: 1
00:08:36 | INFO: Extracting primitive: uesugi-samurai-05 rear shikoro lamellar neck plate r2 c2 mesh
00:08:36 | INFO: Primitives created: 1
00:08:36 | INFO: Extracting primitive: uesugi-samurai-05 rear shikoro lamellar neck plate r2 c3 mesh
00:08:36 | INFO: Primitives created: 1
00:08:36 | INFO: Extracting primitive: uesugi-samurai-05 rear shikoro lamellar neck plate r3 c1 mesh
00:08:36 | INFO: Primitives created: 1
00:08:36 | INFO: Extracting primitive: uesugi-samurai-05 rear shikoro lamellar neck plate r3 c2 mesh
00:08:36 | INFO: Primitives created: 1
00:08:36 | INFO: Extracting primitive: uesugi-samurai-05 rear shikoro lamellar neck plate r3 c3 mesh
00:08:36 | INFO: Primitives created: 1
00:08:36 | INFO: Extracting primitive: uesugi-samurai-05 raised kabuto rib 1
00:08:36 | INFO: Primitives created: 1
00:08:36 | INFO: Extracting primitive: uesugi-samurai-05 raised kabuto rib 2
00:08:36 | INFO: Primitives created: 1
00:08:36 | INFO: Extracting primitive: uesugi-samurai-05 raised kabuto rib 3
00:08:36 | INFO: Primitives created: 1
00:08:36 | INFO: Extracting primitive: uesugi-samurai-05 left antler maedate
00:08:36 | INFO: Primitives created: 1
00:08:36 | INFO: Extracting primitive: uesugi-samurai-05 right antler maedate
00:08:36 | INFO: Primitives created: 1
00:08:36 | INFO: Extracting primitive: uesugi-samurai-05 individual front lamellar plate r1 c1 mesh
00:08:36 | INFO: Primitives created: 1
00:08:36 | INFO: Extracting primitive: uesugi-samurai-05 individual front lamellar plate r1 c2 mesh
00:08:36 | INFO: Primitives created: 1
00:08:36 | INFO: Extracting primitive: uesugi-samurai-05 individual front lamellar plate r1 c3 mesh
00:08:36 | INFO: Primitives created: 1
00:08:36 | INFO: Extracting primitive: uesugi-samurai-05 individual front lamellar plate r1 c4 mesh
00:08:36 | INFO: Primitives created: 1
00:08:36 | INFO: Extracting primitive: uesugi-samurai-05 individual front lamellar plate r1 c5 mesh
00:08:36 | INFO: Primitives created: 1
00:08:36 | INFO: Extracting primitive: uesugi-samurai-05 odoshi lacing row 1
00:08:36 | INFO: Primitives created: 1
00:08:36 | INFO: Extracting primitive: uesugi-samurai-05 chipped lacquer highlight r1 -0.16
00:08:36 | INFO: Primitives created: 1
00:08:36 | INFO: Extracting primitive: uesugi-samurai-05 chipped lacquer highlight r1 0.0
00:08:36 | INFO: Primitives created: 1
00:08:36 | INFO: Extracting primitive: uesugi-samurai-05 chipped lacquer highlight r1 0.16
00:08:36 | INFO: Primitives created: 1
00:08:36 | INFO: Extracting primitive: uesugi-samurai-05 individual front lamellar plate r2 c1 mesh
00:08:36 | INFO: Primitives created: 1
00:08:36 | INFO: Extracting primitive: uesugi-samurai-05 individual front lamellar plate r2 c2 mesh
00:08:36 | INFO: Primitives created: 1
00:08:36 | INFO: Extracting primitive: uesugi-samurai-05 individual front lamellar plate r2 c3 mesh
00:08:36 | INFO: Primitives created: 1
00:08:36 | INFO: Extracting primitive: uesugi-samurai-05 individual front lamellar plate r2 c4 mesh
00:08:36 | INFO: Primitives created: 1
00:08:36 | INFO: Extracting primitive: uesugi-samurai-05 individual front lamellar plate r2 c5 mesh
00:08:36 | INFO: Primitives created: 1
00:08:36 | INFO: Extracting primitive: uesugi-samurai-05 odoshi lacing row 2
00:08:36 | INFO: Primitives created: 1
00:08:36 | INFO: Extracting primitive: uesugi-samurai-05 chipped lacquer highlight r2 -0.16
00:08:36 | INFO: Primitives created: 1
00:08:36 | INFO: Extracting primitive: uesugi-samurai-05 chipped lacquer highlight r2 0.0
00:08:36 | INFO: Primitives created: 1
00:08:36 | INFO: Extracting primitive: uesugi-samurai-05 chipped lacquer highlight r2 0.16
00:08:36 | INFO: Primitives created: 1
00:08:36 | INFO: Extracting primitive: uesugi-samurai-05 individual front lamellar plate r3 c1 mesh
00:08:36 | INFO: Primitives created: 1
00:08:36 | INFO: Extracting primitive: uesugi-samurai-05 individual front lamellar plate r3 c2 mesh
00:08:36 | INFO: Primitives created: 1
00:08:36 | INFO: Extracting primitive: uesugi-samurai-05 individual front lamellar plate r3 c3 mesh
00:08:36 | INFO: Primitives created: 1
00:08:36 | INFO: Extracting primitive: uesugi-samurai-05 individual front lamellar plate r3 c4 mesh
00:08:36 | INFO: Primitives created: 1
00:08:36 | INFO: Extracting primitive: uesugi-samurai-05 individual front lamellar plate r3 c5 mesh
00:08:36 | INFO: Primitives created: 1
00:08:36 | INFO: Extracting primitive: uesugi-samurai-05 odoshi lacing row 3
00:08:36 | INFO: Primitives created: 1
00:08:36 | INFO: Extracting primitive: uesugi-samurai-05 chipped lacquer highlight r3 -0.16
00:08:36 | INFO: Primitives created: 1
00:08:36 | INFO: Extracting primitive: uesugi-samurai-05 chipped lacquer highlight r3 0.0
00:08:36 | INFO: Primitives created: 1
00:08:36 | INFO: Extracting primitive: uesugi-samurai-05 chipped lacquer highlight r3 0.16
00:08:36 | INFO: Primitives created: 1
00:08:36 | INFO: Extracting primitive: uesugi-samurai-05 individual front lamellar plate r4 c1 mesh
00:08:36 | INFO: Primitives created: 1
00:08:36 | INFO: Extracting primitive: uesugi-samurai-05 individual front lamellar plate r4 c2 mesh
00:08:36 | INFO: Primitives created: 1
00:08:36 | INFO: Extracting primitive: uesugi-samurai-05 individual front lamellar plate r4 c3 mesh
00:08:36 | INFO: Primitives created: 1
00:08:36 | INFO: Extracting primitive: uesugi-samurai-05 individual front lamellar plate r4 c4 mesh
00:08:36 | INFO: Primitives created: 1
00:08:36 | INFO: Extracting primitive: uesugi-samurai-05 individual front lamellar plate r4 c5 mesh
00:08:36 | INFO: Primitives created: 1
00:08:36 | INFO: Extracting primitive: uesugi-samurai-05 odoshi lacing row 4
00:08:36 | INFO: Primitives created: 1
00:08:36 | INFO: Extracting primitive: uesugi-samurai-05 chipped lacquer highlight r4 -0.16
00:08:36 | INFO: Primitives created: 1
00:08:36 | INFO: Extracting primitive: uesugi-samurai-05 chipped lacquer highlight r4 0.0
00:08:36 | INFO: Primitives created: 1
00:08:36 | INFO: Extracting primitive: uesugi-samurai-05 chipped lacquer highlight r4 0.16
00:08:36 | INFO: Primitives created: 1
00:08:36 | INFO: Extracting primitive: Sphere.275
00:08:36 | INFO: Primitives created: 1
00:08:36 | INFO: Extracting primitive: uesugi-samurai-05 articulated sode shoulder plate -1 1 mesh
00:08:36 | INFO: Primitives created: 1
00:08:36 | INFO: Extracting primitive: uesugi-samurai-05 sode lacing -1 1
00:08:36 | INFO: Primitives created: 1
00:08:36 | INFO: Extracting primitive: uesugi-samurai-05 articulated sode shoulder plate -1 2 mesh
00:08:36 | INFO: Primitives created: 1
00:08:36 | INFO: Extracting primitive: uesugi-samurai-05 sode lacing -1 2
00:08:36 | INFO: Primitives created: 1
00:08:36 | INFO: Extracting primitive: uesugi-samurai-05 articulated sode shoulder plate -1 3 mesh
00:08:36 | INFO: Primitives created: 1
00:08:36 | INFO: Extracting primitive: uesugi-samurai-05 sode lacing -1 3
00:08:36 | INFO: Primitives created: 1
00:08:36 | INFO: Extracting primitive: uesugi-samurai-05 articulated sode shoulder plate -1 4 mesh
00:08:36 | INFO: Primitives created: 1
00:08:36 | INFO: Extracting primitive: uesugi-samurai-05 sode lacing -1 4
00:08:36 | INFO: Primitives created: 1
00:08:36 | INFO: Extracting primitive: Sphere.276
00:08:36 | INFO: Primitives created: 1
00:08:36 | INFO: Extracting primitive: Sphere.277
00:08:36 | INFO: Primitives created: 1
00:08:36 | INFO: Extracting primitive: Sphere.278
00:08:36 | INFO: Primitives created: 1
00:08:36 | INFO: Extracting primitive: Sphere.279
00:08:36 | INFO: Primitives created: 1
00:08:36 | INFO: Extracting primitive: Sphere.280
00:08:36 | INFO: Primitives created: 1
00:08:36 | INFO: Extracting primitive: Cube.084
00:08:36 | INFO: Primitives created: 1
00:08:36 | INFO: Extracting primitive: uesugi-samurai-05 sandal toe strap -1
00:08:36 | INFO: Primitives created: 1
00:08:36 | INFO: Extracting primitive: Sphere.281
00:08:36 | INFO: Primitives created: 1
00:08:36 | INFO: Extracting primitive: uesugi-samurai-05 articulated sode shoulder plate 1 1 mesh
00:08:36 | INFO: Primitives created: 1
00:08:36 | INFO: Extracting primitive: uesugi-samurai-05 sode lacing 1 1
00:08:36 | INFO: Primitives created: 1
00:08:36 | INFO: Extracting primitive: uesugi-samurai-05 articulated sode shoulder plate 1 2 mesh
00:08:36 | INFO: Primitives created: 1
00:08:36 | INFO: Extracting primitive: uesugi-samurai-05 sode lacing 1 2
00:08:36 | INFO: Primitives created: 1
00:08:36 | INFO: Extracting primitive: uesugi-samurai-05 articulated sode shoulder plate 1 3 mesh
00:08:36 | INFO: Primitives created: 1
00:08:36 | INFO: Extracting primitive: uesugi-samurai-05 sode lacing 1 3
00:08:36 | INFO: Primitives created: 1
00:08:36 | INFO: Extracting primitive: uesugi-samurai-05 articulated sode shoulder plate 1 4 mesh
00:08:36 | INFO: Primitives created: 1
00:08:36 | INFO: Extracting primitive: uesugi-samurai-05 sode lacing 1 4
00:08:36 | INFO: Primitives created: 1
00:08:36 | INFO: Extracting primitive: Sphere.282
00:08:36 | INFO: Primitives created: 1
00:08:36 | INFO: Extracting primitive: Sphere.283
00:08:36 | INFO: Primitives created: 1
00:08:36 | INFO: Extracting primitive: Sphere.284
00:08:36 | INFO: Primitives created: 1
00:08:36 | INFO: Extracting primitive: Sphere.285
00:08:36 | INFO: Primitives created: 1
00:08:36 | INFO: Extracting primitive: Sphere.286
00:08:36 | INFO: Primitives created: 1
00:08:36 | INFO: Extracting primitive: Cube.085
00:08:36 | INFO: Primitives created: 1
00:08:36 | INFO: Extracting primitive: uesugi-samurai-05 sandal toe strap 1
00:08:36 | INFO: Primitives created: 1
00:08:36 | INFO: Extracting primitive: uesugi-samurai-05 kusazuri skirt -1 row 1 mesh
00:08:36 | INFO: Primitives created: 1
00:08:36 | INFO: Extracting primitive: uesugi-samurai-05 kusazuri skirt -1 row 2 mesh
00:08:36 | INFO: Primitives created: 1
00:08:36 | INFO: Extracting primitive: uesugi-samurai-05 kusazuri skirt 0 row 1 mesh
00:08:36 | INFO: Primitives created: 1
00:08:36 | INFO: Extracting primitive: uesugi-samurai-05 kusazuri skirt 0 row 2 mesh
00:08:36 | INFO: Primitives created: 1
00:08:36 | INFO: Extracting primitive: uesugi-samurai-05 kusazuri skirt 1 row 1 mesh
00:08:36 | INFO: Primitives created: 1
00:08:36 | INFO: Extracting primitive: uesugi-samurai-05 kusazuri skirt 1 row 2 mesh
00:08:36 | INFO: Primitives created: 1
00:08:36 | INFO: Extracting primitive: uesugi-samurai-05 yari shaft
00:08:36 | INFO: Primitives created: 1
00:08:36 | INFO: Extracting primitive: Cone.028
00:08:36 | INFO: Primitives created: 1
00:08:36 | INFO: Extracting primitive: uesugi-samurai-05 sashimono bamboo pole
00:08:36 | INFO: Primitives created: 1
00:08:36 | INFO: Extracting primitive: uesugi-samurai-05 wind-bent sashimono cloth panel mesh
00:08:36 | INFO: Primitives created: 1
00:08:36 | INFO: Extracting primitive: Sphere.287
00:08:36 | INFO: Primitives created: 1
00:08:36 | INFO: Extracting primitive: Sphere.288
00:08:36 | INFO: Primitives created: 1
00:08:36 | INFO: Extracting primitive: Sphere.289
00:08:36 | INFO: Primitives created: 1
00:08:36 | INFO: Extracting primitive: Sphere.290
00:08:36 | INFO: Primitives created: 1
00:08:36 | INFO: Extracting primitive: Sphere.291
00:08:36 | INFO: Primitives created: 1
00:08:36 | INFO: Extracting primitive: Sphere.292
00:08:36 | INFO: Primitives created: 1
00:08:36 | INFO: Extracting primitive: Cube.086
00:08:36 | INFO: Primitives created: 1
00:08:36 | INFO: Extracting primitive: Sphere.293
00:08:36 | INFO: Primitives created: 1
00:08:36 | INFO: Extracting primitive: Cone.029
00:08:36 | INFO: Primitives created: 1
00:08:36 | INFO: Extracting primitive: uesugi-samurai-06 rear shikoro lamellar neck plate r1 c1 mesh
00:08:36 | INFO: Primitives created: 1
00:08:36 | INFO: Extracting primitive: uesugi-samurai-06 rear shikoro lamellar neck plate r1 c2 mesh
00:08:36 | INFO: Primitives created: 1
00:08:36 | INFO: Extracting primitive: uesugi-samurai-06 rear shikoro lamellar neck plate r1 c3 mesh
00:08:36 | INFO: Primitives created: 1
00:08:36 | INFO: Extracting primitive: uesugi-samurai-06 rear shikoro lamellar neck plate r2 c1 mesh
00:08:36 | INFO: Primitives created: 1
00:08:36 | INFO: Extracting primitive: uesugi-samurai-06 rear shikoro lamellar neck plate r2 c2 mesh
00:08:36 | INFO: Primitives created: 1
00:08:36 | INFO: Extracting primitive: uesugi-samurai-06 rear shikoro lamellar neck plate r2 c3 mesh
00:08:36 | INFO: Primitives created: 1
00:08:36 | INFO: Extracting primitive: uesugi-samurai-06 rear shikoro lamellar neck plate r3 c1 mesh
00:08:36 | INFO: Primitives created: 1
00:08:36 | INFO: Extracting primitive: uesugi-samurai-06 rear shikoro lamellar neck plate r3 c2 mesh
00:08:36 | INFO: Primitives created: 1
00:08:36 | INFO: Extracting primitive: uesugi-samurai-06 rear shikoro lamellar neck plate r3 c3 mesh
00:08:36 | INFO: Primitives created: 1
00:08:36 | INFO: Extracting primitive: uesugi-samurai-06 raised kabuto rib 1
00:08:36 | INFO: Primitives created: 1
00:08:36 | INFO: Extracting primitive: uesugi-samurai-06 raised kabuto rib 2
00:08:36 | INFO: Primitives created: 1
00:08:36 | INFO: Extracting primitive: uesugi-samurai-06 raised kabuto rib 3
00:08:36 | INFO: Primitives created: 1
00:08:36 | INFO: Extracting primitive: uesugi-samurai-06 left antler maedate
00:08:36 | INFO: Primitives created: 1
00:08:36 | INFO: Extracting primitive: uesugi-samurai-06 right antler maedate
00:08:36 | INFO: Primitives created: 1
00:08:36 | INFO: Extracting primitive: uesugi-samurai-06 individual front lamellar plate r1 c1 mesh
00:08:36 | INFO: Primitives created: 1
00:08:36 | INFO: Extracting primitive: uesugi-samurai-06 individual front lamellar plate r1 c2 mesh
00:08:36 | INFO: Primitives created: 1
00:08:36 | INFO: Extracting primitive: uesugi-samurai-06 individual front lamellar plate r1 c3 mesh
00:08:36 | INFO: Primitives created: 1
00:08:36 | INFO: Extracting primitive: uesugi-samurai-06 individual front lamellar plate r1 c4 mesh
00:08:36 | INFO: Primitives created: 1
00:08:36 | INFO: Extracting primitive: uesugi-samurai-06 individual front lamellar plate r1 c5 mesh
00:08:36 | INFO: Primitives created: 1
00:08:36 | INFO: Extracting primitive: uesugi-samurai-06 odoshi lacing row 1
00:08:36 | INFO: Primitives created: 1
00:08:36 | INFO: Extracting primitive: uesugi-samurai-06 chipped lacquer highlight r1 -0.16
00:08:36 | INFO: Primitives created: 1
00:08:36 | INFO: Extracting primitive: uesugi-samurai-06 chipped lacquer highlight r1 0.0
00:08:36 | INFO: Primitives created: 1
00:08:36 | INFO: Extracting primitive: uesugi-samurai-06 chipped lacquer highlight r1 0.16
00:08:36 | INFO: Primitives created: 1
00:08:36 | INFO: Extracting primitive: uesugi-samurai-06 individual front lamellar plate r2 c1 mesh
00:08:36 | INFO: Primitives created: 1
00:08:36 | INFO: Extracting primitive: uesugi-samurai-06 individual front lamellar plate r2 c2 mesh
00:08:36 | INFO: Primitives created: 1
00:08:36 | INFO: Extracting primitive: uesugi-samurai-06 individual front lamellar plate r2 c3 mesh
00:08:36 | INFO: Primitives created: 1
00:08:36 | INFO: Extracting primitive: uesugi-samurai-06 individual front lamellar plate r2 c4 mesh
00:08:36 | INFO: Primitives created: 1
00:08:36 | INFO: Extracting primitive: uesugi-samurai-06 individual front lamellar plate r2 c5 mesh
00:08:36 | INFO: Primitives created: 1
00:08:36 | INFO: Extracting primitive: uesugi-samurai-06 odoshi lacing row 2
00:08:36 | INFO: Primitives created: 1
00:08:36 | INFO: Extracting primitive: uesugi-samurai-06 chipped lacquer highlight r2 -0.16
00:08:36 | INFO: Primitives created: 1
00:08:36 | INFO: Extracting primitive: uesugi-samurai-06 chipped lacquer highlight r2 0.0
00:08:36 | INFO: Primitives created: 1
00:08:36 | INFO: Extracting primitive: uesugi-samurai-06 chipped lacquer highlight r2 0.16
00:08:36 | INFO: Primitives created: 1
00:08:36 | INFO: Extracting primitive: uesugi-samurai-06 individual front lamellar plate r3 c1 mesh
00:08:36 | INFO: Primitives created: 1
00:08:36 | INFO: Extracting primitive: uesugi-samurai-06 individual front lamellar plate r3 c2 mesh
00:08:36 | INFO: Primitives created: 1
00:08:36 | INFO: Extracting primitive: uesugi-samurai-06 individual front lamellar plate r3 c3 mesh
00:08:36 | INFO: Primitives created: 1
00:08:36 | INFO: Extracting primitive: uesugi-samurai-06 individual front lamellar plate r3 c4 mesh
00:08:36 | INFO: Primitives created: 1
00:08:36 | INFO: Extracting primitive: uesugi-samurai-06 individual front lamellar plate r3 c5 mesh
00:08:36 | INFO: Primitives created: 1
00:08:36 | INFO: Extracting primitive: uesugi-samurai-06 odoshi lacing row 3
00:08:36 | INFO: Primitives created: 1
00:08:36 | INFO: Extracting primitive: uesugi-samurai-06 chipped lacquer highlight r3 -0.16
00:08:36 | INFO: Primitives created: 1
00:08:36 | INFO: Extracting primitive: uesugi-samurai-06 chipped lacquer highlight r3 0.0
00:08:36 | INFO: Primitives created: 1
00:08:36 | INFO: Extracting primitive: uesugi-samurai-06 chipped lacquer highlight r3 0.16
00:08:36 | INFO: Primitives created: 1
00:08:36 | INFO: Extracting primitive: uesugi-samurai-06 individual front lamellar plate r4 c1 mesh
00:08:36 | INFO: Primitives created: 1
00:08:36 | INFO: Extracting primitive: uesugi-samurai-06 individual front lamellar plate r4 c2 mesh
00:08:36 | INFO: Primitives created: 1
00:08:36 | INFO: Extracting primitive: uesugi-samurai-06 individual front lamellar plate r4 c3 mesh
00:08:36 | INFO: Primitives created: 1
00:08:36 | INFO: Extracting primitive: uesugi-samurai-06 individual front lamellar plate r4 c4 mesh
00:08:36 | INFO: Primitives created: 1
00:08:36 | INFO: Extracting primitive: uesugi-samurai-06 individual front lamellar plate r4 c5 mesh
00:08:36 | INFO: Primitives created: 1
00:08:36 | INFO: Extracting primitive: uesugi-samurai-06 odoshi lacing row 4
00:08:36 | INFO: Primitives created: 1
00:08:36 | INFO: Extracting primitive: uesugi-samurai-06 chipped lacquer highlight r4 -0.16
00:08:36 | INFO: Primitives created: 1
00:08:36 | INFO: Extracting primitive: uesugi-samurai-06 chipped lacquer highlight r4 0.0
00:08:36 | INFO: Primitives created: 1
00:08:36 | INFO: Extracting primitive: uesugi-samurai-06 chipped lacquer highlight r4 0.16
00:08:36 | INFO: Primitives created: 1
00:08:36 | INFO: Extracting primitive: Sphere.294
00:08:36 | INFO: Primitives created: 1
00:08:36 | INFO: Extracting primitive: uesugi-samurai-06 articulated sode shoulder plate -1 1 mesh
00:08:36 | INFO: Primitives created: 1
00:08:36 | INFO: Extracting primitive: uesugi-samurai-06 sode lacing -1 1
00:08:36 | INFO: Primitives created: 1
00:08:36 | INFO: Extracting primitive: uesugi-samurai-06 articulated sode shoulder plate -1 2 mesh
00:08:36 | INFO: Primitives created: 1
00:08:36 | INFO: Extracting primitive: uesugi-samurai-06 sode lacing -1 2
00:08:36 | INFO: Primitives created: 1
00:08:36 | INFO: Extracting primitive: uesugi-samurai-06 articulated sode shoulder plate -1 3 mesh
00:08:36 | INFO: Primitives created: 1
00:08:36 | INFO: Extracting primitive: uesugi-samurai-06 sode lacing -1 3
00:08:36 | INFO: Primitives created: 1
00:08:36 | INFO: Extracting primitive: uesugi-samurai-06 articulated sode shoulder plate -1 4 mesh
00:08:36 | INFO: Primitives created: 1
00:08:36 | INFO: Extracting primitive: uesugi-samurai-06 sode lacing -1 4
00:08:36 | INFO: Primitives created: 1
00:08:36 | INFO: Extracting primitive: Sphere.295
00:08:36 | INFO: Primitives created: 1
00:08:36 | INFO: Extracting primitive: Sphere.296
00:08:36 | INFO: Primitives created: 1
00:08:36 | INFO: Extracting primitive: Sphere.297
00:08:36 | INFO: Primitives created: 1
00:08:36 | INFO: Extracting primitive: Sphere.298
00:08:36 | INFO: Primitives created: 1
00:08:36 | INFO: Extracting primitive: Sphere.299
00:08:36 | INFO: Primitives created: 1
00:08:36 | INFO: Extracting primitive: Cube.087
00:08:36 | INFO: Primitives created: 1
00:08:36 | INFO: Extracting primitive: uesugi-samurai-06 sandal toe strap -1
00:08:36 | INFO: Primitives created: 1
00:08:36 | INFO: Extracting primitive: Sphere.300
00:08:36 | INFO: Primitives created: 1
00:08:36 | INFO: Extracting primitive: uesugi-samurai-06 articulated sode shoulder plate 1 1 mesh
00:08:36 | INFO: Primitives created: 1
00:08:36 | INFO: Extracting primitive: uesugi-samurai-06 sode lacing 1 1
00:08:36 | INFO: Primitives created: 1
00:08:36 | INFO: Extracting primitive: uesugi-samurai-06 articulated sode shoulder plate 1 2 mesh
00:08:36 | INFO: Primitives created: 1
00:08:36 | INFO: Extracting primitive: uesugi-samurai-06 sode lacing 1 2
00:08:36 | INFO: Primitives created: 1
00:08:36 | INFO: Extracting primitive: uesugi-samurai-06 articulated sode shoulder plate 1 3 mesh
00:08:36 | INFO: Primitives created: 1
00:08:36 | INFO: Extracting primitive: uesugi-samurai-06 sode lacing 1 3
00:08:36 | INFO: Primitives created: 1
00:08:36 | INFO: Extracting primitive: uesugi-samurai-06 articulated sode shoulder plate 1 4 mesh
00:08:36 | INFO: Primitives created: 1
00:08:36 | INFO: Extracting primitive: uesugi-samurai-06 sode lacing 1 4
00:08:36 | INFO: Primitives created: 1
00:08:36 | INFO: Extracting primitive: Sphere.301
00:08:36 | INFO: Primitives created: 1
00:08:36 | INFO: Extracting primitive: Sphere.302
00:08:36 | INFO: Primitives created: 1
00:08:36 | INFO: Extracting primitive: Sphere.303
00:08:36 | INFO: Primitives created: 1
00:08:36 | INFO: Extracting primitive: Sphere.304
00:08:36 | INFO: Primitives created: 1
00:08:36 | INFO: Extracting primitive: Sphere.305
00:08:36 | INFO: Primitives created: 1
00:08:36 | INFO: Extracting primitive: Cube.088
00:08:36 | INFO: Primitives created: 1
00:08:36 | INFO: Extracting primitive: uesugi-samurai-06 sandal toe strap 1
00:08:36 | INFO: Primitives created: 1
00:08:36 | INFO: Extracting primitive: uesugi-samurai-06 kusazuri skirt -1 row 1 mesh
00:08:36 | INFO: Primitives created: 1
00:08:36 | INFO: Extracting primitive: uesugi-samurai-06 kusazuri skirt -1 row 2 mesh
00:08:36 | INFO: Primitives created: 1
00:08:36 | INFO: Extracting primitive: uesugi-samurai-06 kusazuri skirt 0 row 1 mesh
00:08:36 | INFO: Primitives created: 1
00:08:36 | INFO: Extracting primitive: uesugi-samurai-06 kusazuri skirt 0 row 2 mesh
00:08:36 | INFO: Primitives created: 1
00:08:36 | INFO: Extracting primitive: uesugi-samurai-06 kusazuri skirt 1 row 1 mesh
00:08:36 | INFO: Primitives created: 1
00:08:36 | INFO: Extracting primitive: uesugi-samurai-06 kusazuri skirt 1 row 2 mesh
00:08:36 | INFO: Primitives created: 1
00:08:36 | INFO: Extracting primitive: uesugi-samurai-06 raised katana blade
00:08:36 | INFO: Primitives created: 1
00:08:36 | INFO: Extracting primitive: Cylinder.017
00:08:36 | INFO: Primitives created: 1
00:08:36 | INFO: Extracting primitive: uesugi-samurai-06 sashimono bamboo pole
00:08:36 | INFO: Primitives created: 1
00:08:36 | INFO: Extracting primitive: uesugi-samurai-06 wind-bent sashimono cloth panel mesh
00:08:36 | INFO: Primitives created: 1
00:08:36 | INFO: Extracting primitive: Sphere.306
00:08:36 | INFO: Primitives created: 1
00:08:36 | INFO: Extracting primitive: Sphere.307
00:08:36 | INFO: Primitives created: 1
00:08:36 | INFO: Extracting primitive: Sphere.308
00:08:36 | INFO: Primitives created: 1
00:08:36 | INFO: Extracting primitive: Sphere.309
00:08:36 | INFO: Primitives created: 1
00:08:36 | INFO: Extracting primitive: Sphere.310
00:08:36 | INFO: Primitives created: 1
00:08:36 | INFO: Extracting primitive: Sphere.311
00:08:36 | INFO: Primitives created: 1
00:08:36 | INFO: Extracting primitive: Cube.089
00:08:36 | INFO: Primitives created: 1
00:08:36 | INFO: Extracting primitive: Sphere.312
00:08:36 | INFO: Primitives created: 1
00:08:36 | INFO: Extracting primitive: Cone.030
00:08:36 | INFO: Primitives created: 1
00:08:36 | INFO: Extracting primitive: uesugi-samurai-07 rear shikoro lamellar neck plate r1 c1 mesh
00:08:36 | INFO: Primitives created: 1
00:08:36 | INFO: Extracting primitive: uesugi-samurai-07 rear shikoro lamellar neck plate r1 c2 mesh
00:08:36 | INFO: Primitives created: 1
00:08:36 | INFO: Extracting primitive: uesugi-samurai-07 rear shikoro lamellar neck plate r1 c3 mesh
00:08:36 | INFO: Primitives created: 1
00:08:36 | INFO: Extracting primitive: uesugi-samurai-07 rear shikoro lamellar neck plate r2 c1 mesh
00:08:36 | INFO: Primitives created: 1
00:08:36 | INFO: Extracting primitive: uesugi-samurai-07 rear shikoro lamellar neck plate r2 c2 mesh
00:08:36 | INFO: Primitives created: 1
00:08:36 | INFO: Extracting primitive: uesugi-samurai-07 rear shikoro lamellar neck plate r2 c3 mesh
00:08:36 | INFO: Primitives created: 1
00:08:36 | INFO: Extracting primitive: uesugi-samurai-07 rear shikoro lamellar neck plate r3 c1 mesh
00:08:36 | INFO: Primitives created: 1
00:08:36 | INFO: Extracting primitive: uesugi-samurai-07 rear shikoro lamellar neck plate r3 c2 mesh
00:08:36 | INFO: Primitives created: 1
00:08:36 | INFO: Extracting primitive: uesugi-samurai-07 rear shikoro lamellar neck plate r3 c3 mesh
00:08:36 | INFO: Primitives created: 1
00:08:36 | INFO: Extracting primitive: uesugi-samurai-07 raised kabuto rib 1
00:08:36 | INFO: Primitives created: 1
00:08:36 | INFO: Extracting primitive: uesugi-samurai-07 raised kabuto rib 2
00:08:36 | INFO: Primitives created: 1
00:08:36 | INFO: Extracting primitive: uesugi-samurai-07 raised kabuto rib 3
00:08:36 | INFO: Primitives created: 1
00:08:36 | INFO: Extracting primitive: uesugi-samurai-07 left antler maedate
00:08:36 | INFO: Primitives created: 1
00:08:36 | INFO: Extracting primitive: uesugi-samurai-07 right antler maedate
00:08:36 | INFO: Primitives created: 1
00:08:36 | INFO: Extracting primitive: uesugi-samurai-07 individual front lamellar plate r1 c1 mesh
00:08:36 | INFO: Primitives created: 1
00:08:36 | INFO: Extracting primitive: uesugi-samurai-07 individual front lamellar plate r1 c2 mesh
00:08:36 | INFO: Primitives created: 1
00:08:36 | INFO: Extracting primitive: uesugi-samurai-07 individual front lamellar plate r1 c3 mesh
00:08:36 | INFO: Primitives created: 1
00:08:36 | INFO: Extracting primitive: uesugi-samurai-07 individual front lamellar plate r1 c4 mesh
00:08:36 | INFO: Primitives created: 1
00:08:36 | INFO: Extracting primitive: uesugi-samurai-07 individual front lamellar plate r1 c5 mesh
00:08:36 | INFO: Primitives created: 1
00:08:36 | INFO: Extracting primitive: uesugi-samurai-07 odoshi lacing row 1
00:08:36 | INFO: Primitives created: 1
00:08:36 | INFO: Extracting primitive: uesugi-samurai-07 chipped lacquer highlight r1 -0.16
00:08:36 | INFO: Primitives created: 1
00:08:36 | INFO: Extracting primitive: uesugi-samurai-07 chipped lacquer highlight r1 0.0
00:08:36 | INFO: Primitives created: 1
00:08:36 | INFO: Extracting primitive: uesugi-samurai-07 chipped lacquer highlight r1 0.16
00:08:36 | INFO: Primitives created: 1
00:08:36 | INFO: Extracting primitive: uesugi-samurai-07 individual front lamellar plate r2 c1 mesh
00:08:36 | INFO: Primitives created: 1
00:08:36 | INFO: Extracting primitive: uesugi-samurai-07 individual front lamellar plate r2 c2 mesh
00:08:36 | INFO: Primitives created: 1
00:08:36 | INFO: Extracting primitive: uesugi-samurai-07 individual front lamellar plate r2 c3 mesh
00:08:36 | INFO: Primitives created: 1
00:08:36 | INFO: Extracting primitive: uesugi-samurai-07 individual front lamellar plate r2 c4 mesh
00:08:36 | INFO: Primitives created: 1
00:08:36 | INFO: Extracting primitive: uesugi-samurai-07 individual front lamellar plate r2 c5 mesh
00:08:36 | INFO: Primitives created: 1
00:08:36 | INFO: Extracting primitive: uesugi-samurai-07 odoshi lacing row 2
00:08:36 | INFO: Primitives created: 1
00:08:36 | INFO: Extracting primitive: uesugi-samurai-07 chipped lacquer highlight r2 -0.16
00:08:36 | INFO: Primitives created: 1
00:08:36 | INFO: Extracting primitive: uesugi-samurai-07 chipped lacquer highlight r2 0.0
00:08:36 | INFO: Primitives created: 1
00:08:36 | INFO: Extracting primitive: uesugi-samurai-07 chipped lacquer highlight r2 0.16
00:08:36 | INFO: Primitives created: 1
00:08:36 | INFO: Extracting primitive: uesugi-samurai-07 individual front lamellar plate r3 c1 mesh
00:08:36 | INFO: Primitives created: 1
00:08:36 | INFO: Extracting primitive: uesugi-samurai-07 individual front lamellar plate r3 c2 mesh
00:08:36 | INFO: Primitives created: 1
00:08:36 | INFO: Extracting primitive: uesugi-samurai-07 individual front lamellar plate r3 c3 mesh
00:08:36 | INFO: Primitives created: 1
00:08:36 | INFO: Extracting primitive: uesugi-samurai-07 individual front lamellar plate r3 c4 mesh
00:08:36 | INFO: Primitives created: 1
00:08:36 | INFO: Extracting primitive: uesugi-samurai-07 individual front lamellar plate r3 c5 mesh
00:08:36 | INFO: Primitives created: 1
00:08:36 | INFO: Extracting primitive: uesugi-samurai-07 odoshi lacing row 3
00:08:36 | INFO: Primitives created: 1
00:08:36 | INFO: Extracting primitive: uesugi-samurai-07 chipped lacquer highlight r3 -0.16
00:08:36 | INFO: Primitives created: 1
00:08:36 | INFO: Extracting primitive: uesugi-samurai-07 chipped lacquer highlight r3 0.0
00:08:36 | INFO: Primitives created: 1
00:08:36 | INFO: Extracting primitive: uesugi-samurai-07 chipped lacquer highlight r3 0.16
00:08:36 | INFO: Primitives created: 1
00:08:36 | INFO: Extracting primitive: uesugi-samurai-07 individual front lamellar plate r4 c1 mesh
00:08:36 | INFO: Primitives created: 1
00:08:36 | INFO: Extracting primitive: uesugi-samurai-07 individual front lamellar plate r4 c2 mesh
00:08:36 | INFO: Primitives created: 1
00:08:36 | INFO: Extracting primitive: uesugi-samurai-07 individual front lamellar plate r4 c3 mesh
00:08:36 | INFO: Primitives created: 1
00:08:36 | INFO: Extracting primitive: uesugi-samurai-07 individual front lamellar plate r4 c4 mesh
00:08:36 | INFO: Primitives created: 1
00:08:36 | INFO: Extracting primitive: uesugi-samurai-07 individual front lamellar plate r4 c5 mesh
00:08:36 | INFO: Primitives created: 1
00:08:36 | INFO: Extracting primitive: uesugi-samurai-07 odoshi lacing row 4
00:08:36 | INFO: Primitives created: 1
00:08:36 | INFO: Extracting primitive: uesugi-samurai-07 chipped lacquer highlight r4 -0.16
00:08:36 | INFO: Primitives created: 1
00:08:36 | INFO: Extracting primitive: uesugi-samurai-07 chipped lacquer highlight r4 0.0
00:08:36 | INFO: Primitives created: 1
00:08:36 | INFO: Extracting primitive: uesugi-samurai-07 chipped lacquer highlight r4 0.16
00:08:36 | INFO: Primitives created: 1
00:08:36 | INFO: Extracting primitive: Sphere.313
00:08:36 | INFO: Primitives created: 1
00:08:36 | INFO: Extracting primitive: uesugi-samurai-07 articulated sode shoulder plate -1 1 mesh
00:08:36 | INFO: Primitives created: 1
00:08:36 | INFO: Extracting primitive: uesugi-samurai-07 sode lacing -1 1
00:08:36 | INFO: Primitives created: 1
00:08:36 | INFO: Extracting primitive: uesugi-samurai-07 articulated sode shoulder plate -1 2 mesh
00:08:36 | INFO: Primitives created: 1
00:08:36 | INFO: Extracting primitive: uesugi-samurai-07 sode lacing -1 2
00:08:36 | INFO: Primitives created: 1
00:08:36 | INFO: Extracting primitive: uesugi-samurai-07 articulated sode shoulder plate -1 3 mesh
00:08:36 | INFO: Primitives created: 1
00:08:36 | INFO: Extracting primitive: uesugi-samurai-07 sode lacing -1 3
00:08:36 | INFO: Primitives created: 1
00:08:36 | INFO: Extracting primitive: uesugi-samurai-07 articulated sode shoulder plate -1 4 mesh
00:08:36 | INFO: Primitives created: 1
00:08:36 | INFO: Extracting primitive: uesugi-samurai-07 sode lacing -1 4
00:08:36 | INFO: Primitives created: 1
00:08:36 | INFO: Extracting primitive: Sphere.314
00:08:36 | INFO: Primitives created: 1
00:08:36 | INFO: Extracting primitive: Sphere.315
00:08:36 | INFO: Primitives created: 1
00:08:36 | INFO: Extracting primitive: Sphere.316
00:08:36 | INFO: Primitives created: 1
00:08:36 | INFO: Extracting primitive: Sphere.317
00:08:36 | INFO: Primitives created: 1
00:08:36 | INFO: Extracting primitive: Sphere.318
00:08:36 | INFO: Primitives created: 1
00:08:36 | INFO: Extracting primitive: Cube.090
00:08:36 | INFO: Primitives created: 1
00:08:36 | INFO: Extracting primitive: uesugi-samurai-07 sandal toe strap -1
00:08:36 | INFO: Primitives created: 1
00:08:36 | INFO: Extracting primitive: Sphere.319
00:08:36 | INFO: Primitives created: 1
00:08:36 | INFO: Extracting primitive: uesugi-samurai-07 articulated sode shoulder plate 1 1 mesh
00:08:36 | INFO: Primitives created: 1
00:08:36 | INFO: Extracting primitive: uesugi-samurai-07 sode lacing 1 1
00:08:36 | INFO: Primitives created: 1
00:08:36 | INFO: Extracting primitive: uesugi-samurai-07 articulated sode shoulder plate 1 2 mesh
00:08:36 | INFO: Primitives created: 1
00:08:36 | INFO: Extracting primitive: uesugi-samurai-07 sode lacing 1 2
00:08:36 | INFO: Primitives created: 1
00:08:36 | INFO: Extracting primitive: uesugi-samurai-07 articulated sode shoulder plate 1 3 mesh
00:08:36 | INFO: Primitives created: 1
00:08:36 | INFO: Extracting primitive: uesugi-samurai-07 sode lacing 1 3
00:08:36 | INFO: Primitives created: 1
00:08:36 | INFO: Extracting primitive: uesugi-samurai-07 articulated sode shoulder plate 1 4 mesh
00:08:36 | INFO: Primitives created: 1
00:08:36 | INFO: Extracting primitive: uesugi-samurai-07 sode lacing 1 4
00:08:36 | INFO: Primitives created: 1
00:08:36 | INFO: Extracting primitive: Sphere.320
00:08:36 | INFO: Primitives created: 1
00:08:36 | INFO: Extracting primitive: Sphere.321
00:08:36 | INFO: Primitives created: 1
00:08:36 | INFO: Extracting primitive: Sphere.322
00:08:36 | INFO: Primitives created: 1
00:08:36 | INFO: Extracting primitive: Sphere.323
00:08:36 | INFO: Primitives created: 1
00:08:36 | INFO: Extracting primitive: Sphere.324
00:08:36 | INFO: Primitives created: 1
00:08:36 | INFO: Extracting primitive: Cube.091
00:08:36 | INFO: Primitives created: 1
00:08:36 | INFO: Extracting primitive: uesugi-samurai-07 sandal toe strap 1
00:08:36 | INFO: Primitives created: 1
00:08:36 | INFO: Extracting primitive: uesugi-samurai-07 kusazuri skirt -1 row 1 mesh
00:08:36 | INFO: Primitives created: 1
00:08:36 | INFO: Extracting primitive: uesugi-samurai-07 kusazuri skirt -1 row 2 mesh
00:08:36 | INFO: Primitives created: 1
00:08:36 | INFO: Extracting primitive: uesugi-samurai-07 kusazuri skirt 0 row 1 mesh
00:08:36 | INFO: Primitives created: 1
00:08:36 | INFO: Extracting primitive: uesugi-samurai-07 kusazuri skirt 0 row 2 mesh
00:08:36 | INFO: Primitives created: 1
00:08:36 | INFO: Extracting primitive: uesugi-samurai-07 kusazuri skirt 1 row 1 mesh
00:08:36 | INFO: Primitives created: 1
00:08:36 | INFO: Extracting primitive: uesugi-samurai-07 kusazuri skirt 1 row 2 mesh
00:08:36 | INFO: Primitives created: 1
00:08:36 | INFO: Extracting primitive: uesugi-samurai-07 guard katana blade
00:08:36 | INFO: Primitives created: 1
00:08:36 | INFO: Extracting primitive: Cylinder.018
00:08:36 | INFO: Primitives created: 1
00:08:36 | INFO: Extracting primitive: uesugi-samurai-07 sashimono bamboo pole
00:08:36 | INFO: Primitives created: 1
00:08:36 | INFO: Extracting primitive: uesugi-samurai-07 wind-bent sashimono cloth panel mesh
00:08:36 | INFO: Primitives created: 1
00:08:36 | INFO: Extracting primitive: Sphere.325
00:08:36 | INFO: Primitives created: 1
00:08:36 | INFO: Extracting primitive: Sphere.326
00:08:36 | INFO: Primitives created: 1
00:08:36 | INFO: Extracting primitive: Sphere.327
00:08:36 | INFO: Primitives created: 1
00:08:36 | INFO: Extracting primitive: Sphere.328
00:08:36 | INFO: Primitives created: 1
00:08:36 | INFO: Extracting primitive: Sphere.329
00:08:36 | INFO: Primitives created: 1
00:08:36 | INFO: Extracting primitive: Sphere.330
00:08:36 | INFO: Primitives created: 1
00:08:36 | INFO: Extracting primitive: Cube.092
00:08:36 | INFO: Primitives created: 1
00:08:36 | INFO: Extracting primitive: Sphere.331
00:08:36 | INFO: Primitives created: 1
00:08:36 | INFO: Extracting primitive: Cone.031
00:08:36 | INFO: Primitives created: 1
00:08:36 | INFO: Extracting primitive: uesugi-samurai-08 rear shikoro lamellar neck plate r1 c1 mesh
00:08:36 | INFO: Primitives created: 1
00:08:36 | INFO: Extracting primitive: uesugi-samurai-08 rear shikoro lamellar neck plate r1 c2 mesh
00:08:36 | INFO: Primitives created: 1
00:08:36 | INFO: Extracting primitive: uesugi-samurai-08 rear shikoro lamellar neck plate r1 c3 mesh
00:08:36 | INFO: Primitives created: 1
00:08:36 | INFO: Extracting primitive: uesugi-samurai-08 rear shikoro lamellar neck plate r2 c1 mesh
00:08:36 | INFO: Primitives created: 1
00:08:36 | INFO: Extracting primitive: uesugi-samurai-08 rear shikoro lamellar neck plate r2 c2 mesh
00:08:36 | INFO: Primitives created: 1
00:08:36 | INFO: Extracting primitive: uesugi-samurai-08 rear shikoro lamellar neck plate r2 c3 mesh
00:08:36 | INFO: Primitives created: 1
00:08:36 | INFO: Extracting primitive: uesugi-samurai-08 rear shikoro lamellar neck plate r3 c1 mesh
00:08:36 | INFO: Primitives created: 1
00:08:36 | INFO: Extracting primitive: uesugi-samurai-08 rear shikoro lamellar neck plate r3 c2 mesh
00:08:36 | INFO: Primitives created: 1
00:08:36 | INFO: Extracting primitive: uesugi-samurai-08 rear shikoro lamellar neck plate r3 c3 mesh
00:08:36 | INFO: Primitives created: 1
00:08:36 | INFO: Extracting primitive: uesugi-samurai-08 raised kabuto rib 1
00:08:36 | INFO: Primitives created: 1
00:08:36 | INFO: Extracting primitive: uesugi-samurai-08 raised kabuto rib 2
00:08:36 | INFO: Primitives created: 1
00:08:36 | INFO: Extracting primitive: uesugi-samurai-08 raised kabuto rib 3
00:08:36 | INFO: Primitives created: 1
00:08:36 | INFO: Extracting primitive: uesugi-samurai-08 left antler maedate
00:08:36 | INFO: Primitives created: 1
00:08:36 | INFO: Extracting primitive: uesugi-samurai-08 right antler maedate
00:08:36 | INFO: Primitives created: 1
00:08:36 | INFO: Extracting primitive: uesugi-samurai-08 individual front lamellar plate r1 c1 mesh
00:08:36 | INFO: Primitives created: 1
00:08:36 | INFO: Extracting primitive: uesugi-samurai-08 individual front lamellar plate r1 c2 mesh
00:08:36 | INFO: Primitives created: 1
00:08:36 | INFO: Extracting primitive: uesugi-samurai-08 individual front lamellar plate r1 c3 mesh
00:08:36 | INFO: Primitives created: 1
00:08:36 | INFO: Extracting primitive: uesugi-samurai-08 individual front lamellar plate r1 c4 mesh
00:08:36 | INFO: Primitives created: 1
00:08:36 | INFO: Extracting primitive: uesugi-samurai-08 individual front lamellar plate r1 c5 mesh
00:08:36 | INFO: Primitives created: 1
00:08:36 | INFO: Extracting primitive: uesugi-samurai-08 odoshi lacing row 1
00:08:36 | INFO: Primitives created: 1
00:08:36 | INFO: Extracting primitive: uesugi-samurai-08 chipped lacquer highlight r1 -0.16
00:08:36 | INFO: Primitives created: 1
00:08:36 | INFO: Extracting primitive: uesugi-samurai-08 chipped lacquer highlight r1 0.0
00:08:36 | INFO: Primitives created: 1
00:08:36 | INFO: Extracting primitive: uesugi-samurai-08 chipped lacquer highlight r1 0.16
00:08:36 | INFO: Primitives created: 1
00:08:36 | INFO: Extracting primitive: uesugi-samurai-08 individual front lamellar plate r2 c1 mesh
00:08:36 | INFO: Primitives created: 1
00:08:36 | INFO: Extracting primitive: uesugi-samurai-08 individual front lamellar plate r2 c2 mesh
00:08:36 | INFO: Primitives created: 1
00:08:36 | INFO: Extracting primitive: uesugi-samurai-08 individual front lamellar plate r2 c3 mesh
00:08:36 | INFO: Primitives created: 1
00:08:36 | INFO: Extracting primitive: uesugi-samurai-08 individual front lamellar plate r2 c4 mesh
00:08:36 | INFO: Primitives created: 1
00:08:36 | INFO: Extracting primitive: uesugi-samurai-08 individual front lamellar plate r2 c5 mesh
00:08:36 | INFO: Primitives created: 1
00:08:36 | INFO: Extracting primitive: uesugi-samurai-08 odoshi lacing row 2
00:08:36 | INFO: Primitives created: 1
00:08:36 | INFO: Extracting primitive: uesugi-samurai-08 chipped lacquer highlight r2 -0.16
00:08:36 | INFO: Primitives created: 1
00:08:36 | INFO: Extracting primitive: uesugi-samurai-08 chipped lacquer highlight r2 0.0
00:08:36 | INFO: Primitives created: 1
00:08:36 | INFO: Extracting primitive: uesugi-samurai-08 chipped lacquer highlight r2 0.16
00:08:36 | INFO: Primitives created: 1
00:08:36 | INFO: Extracting primitive: uesugi-samurai-08 individual front lamellar plate r3 c1 mesh
00:08:36 | INFO: Primitives created: 1
00:08:36 | INFO: Extracting primitive: uesugi-samurai-08 individual front lamellar plate r3 c2 mesh
00:08:36 | INFO: Primitives created: 1
00:08:36 | INFO: Extracting primitive: uesugi-samurai-08 individual front lamellar plate r3 c3 mesh
00:08:36 | INFO: Primitives created: 1
00:08:36 | INFO: Extracting primitive: uesugi-samurai-08 individual front lamellar plate r3 c4 mesh
00:08:36 | INFO: Primitives created: 1
00:08:36 | INFO: Extracting primitive: uesugi-samurai-08 individual front lamellar plate r3 c5 mesh
00:08:36 | INFO: Primitives created: 1
00:08:36 | INFO: Extracting primitive: uesugi-samurai-08 odoshi lacing row 3
00:08:36 | INFO: Primitives created: 1
00:08:36 | INFO: Extracting primitive: uesugi-samurai-08 chipped lacquer highlight r3 -0.16
00:08:36 | INFO: Primitives created: 1
00:08:36 | INFO: Extracting primitive: uesugi-samurai-08 chipped lacquer highlight r3 0.0
00:08:36 | INFO: Primitives created: 1
00:08:36 | INFO: Extracting primitive: uesugi-samurai-08 chipped lacquer highlight r3 0.16
00:08:36 | INFO: Primitives created: 1
00:08:36 | INFO: Extracting primitive: uesugi-samurai-08 individual front lamellar plate r4 c1 mesh
00:08:36 | INFO: Primitives created: 1
00:08:36 | INFO: Extracting primitive: uesugi-samurai-08 individual front lamellar plate r4 c2 mesh
00:08:36 | INFO: Primitives created: 1
00:08:36 | INFO: Extracting primitive: uesugi-samurai-08 individual front lamellar plate r4 c3 mesh
00:08:36 | INFO: Primitives created: 1
00:08:36 | INFO: Extracting primitive: uesugi-samurai-08 individual front lamellar plate r4 c4 mesh
00:08:36 | INFO: Primitives created: 1
00:08:36 | INFO: Extracting primitive: uesugi-samurai-08 individual front lamellar plate r4 c5 mesh
00:08:36 | INFO: Primitives created: 1
00:08:36 | INFO: Extracting primitive: uesugi-samurai-08 odoshi lacing row 4
00:08:36 | INFO: Primitives created: 1
00:08:36 | INFO: Extracting primitive: uesugi-samurai-08 chipped lacquer highlight r4 -0.16
00:08:36 | INFO: Primitives created: 1
00:08:36 | INFO: Extracting primitive: uesugi-samurai-08 chipped lacquer highlight r4 0.0
00:08:36 | INFO: Primitives created: 1
00:08:36 | INFO: Extracting primitive: uesugi-samurai-08 chipped lacquer highlight r4 0.16
00:08:36 | INFO: Primitives created: 1
00:08:36 | INFO: Extracting primitive: Sphere.332
00:08:36 | INFO: Primitives created: 1
00:08:36 | INFO: Extracting primitive: uesugi-samurai-08 articulated sode shoulder plate -1 1 mesh
00:08:36 | INFO: Primitives created: 1
00:08:36 | INFO: Extracting primitive: uesugi-samurai-08 sode lacing -1 1
00:08:36 | INFO: Primitives created: 1
00:08:36 | INFO: Extracting primitive: uesugi-samurai-08 articulated sode shoulder plate -1 2 mesh
00:08:36 | INFO: Primitives created: 1
00:08:36 | INFO: Extracting primitive: uesugi-samurai-08 sode lacing -1 2
00:08:36 | INFO: Primitives created: 1
00:08:36 | INFO: Extracting primitive: uesugi-samurai-08 articulated sode shoulder plate -1 3 mesh
00:08:36 | INFO: Primitives created: 1
00:08:36 | INFO: Extracting primitive: uesugi-samurai-08 sode lacing -1 3
00:08:36 | INFO: Primitives created: 1
00:08:36 | INFO: Extracting primitive: uesugi-samurai-08 articulated sode shoulder plate -1 4 mesh
00:08:36 | INFO: Primitives created: 1
00:08:36 | INFO: Extracting primitive: uesugi-samurai-08 sode lacing -1 4
00:08:36 | INFO: Primitives created: 1
00:08:36 | INFO: Extracting primitive: Sphere.333
00:08:36 | INFO: Primitives created: 1
00:08:36 | INFO: Extracting primitive: Sphere.334
00:08:36 | INFO: Primitives created: 1
00:08:36 | INFO: Extracting primitive: Sphere.335
00:08:36 | INFO: Primitives created: 1
00:08:36 | INFO: Extracting primitive: Sphere.336
00:08:36 | INFO: Primitives created: 1
00:08:36 | INFO: Extracting primitive: Sphere.337
00:08:36 | INFO: Primitives created: 1
00:08:36 | INFO: Extracting primitive: Cube.093
00:08:36 | INFO: Primitives created: 1
00:08:36 | INFO: Extracting primitive: uesugi-samurai-08 sandal toe strap -1
00:08:36 | INFO: Primitives created: 1
00:08:36 | INFO: Extracting primitive: Sphere.338
00:08:36 | INFO: Primitives created: 1
00:08:36 | INFO: Extracting primitive: uesugi-samurai-08 articulated sode shoulder plate 1 1 mesh
00:08:36 | INFO: Primitives created: 1
00:08:36 | INFO: Extracting primitive: uesugi-samurai-08 sode lacing 1 1
00:08:36 | INFO: Primitives created: 1
00:08:36 | INFO: Extracting primitive: uesugi-samurai-08 articulated sode shoulder plate 1 2 mesh
00:08:36 | INFO: Primitives created: 1
00:08:36 | INFO: Extracting primitive: uesugi-samurai-08 sode lacing 1 2
00:08:36 | INFO: Primitives created: 1
00:08:36 | INFO: Extracting primitive: uesugi-samurai-08 articulated sode shoulder plate 1 3 mesh
00:08:36 | INFO: Primitives created: 1
00:08:36 | INFO: Extracting primitive: uesugi-samurai-08 sode lacing 1 3
00:08:36 | INFO: Primitives created: 1
00:08:36 | INFO: Extracting primitive: uesugi-samurai-08 articulated sode shoulder plate 1 4 mesh
00:08:36 | INFO: Primitives created: 1
00:08:36 | INFO: Extracting primitive: uesugi-samurai-08 sode lacing 1 4
00:08:36 | INFO: Primitives created: 1
00:08:36 | INFO: Extracting primitive: Sphere.339
00:08:36 | INFO: Primitives created: 1
00:08:36 | INFO: Extracting primitive: Sphere.340
00:08:36 | INFO: Primitives created: 1
00:08:36 | INFO: Extracting primitive: Sphere.341
00:08:36 | INFO: Primitives created: 1
00:08:36 | INFO: Extracting primitive: Sphere.342
00:08:36 | INFO: Primitives created: 1
00:08:36 | INFO: Extracting primitive: Sphere.343
00:08:36 | INFO: Primitives created: 1
00:08:36 | INFO: Extracting primitive: Cube.094
00:08:36 | INFO: Primitives created: 1
00:08:36 | INFO: Extracting primitive: uesugi-samurai-08 sandal toe strap 1
00:08:36 | INFO: Primitives created: 1
00:08:36 | INFO: Extracting primitive: uesugi-samurai-08 kusazuri skirt -1 row 1 mesh
00:08:36 | INFO: Primitives created: 1
00:08:36 | INFO: Extracting primitive: uesugi-samurai-08 kusazuri skirt -1 row 2 mesh
00:08:36 | INFO: Primitives created: 1
00:08:36 | INFO: Extracting primitive: uesugi-samurai-08 kusazuri skirt 0 row 1 mesh
00:08:36 | INFO: Primitives created: 1
00:08:36 | INFO: Extracting primitive: uesugi-samurai-08 kusazuri skirt 0 row 2 mesh
00:08:36 | INFO: Primitives created: 1
00:08:36 | INFO: Extracting primitive: uesugi-samurai-08 kusazuri skirt 1 row 1 mesh
00:08:36 | INFO: Primitives created: 1
00:08:36 | INFO: Extracting primitive: uesugi-samurai-08 kusazuri skirt 1 row 2 mesh
00:08:36 | INFO: Primitives created: 1
00:08:36 | INFO: Extracting primitive: uesugi-samurai-08 yari shaft
00:08:36 | INFO: Primitives created: 1
00:08:36 | INFO: Extracting primitive: Cone.032
00:08:36 | INFO: Primitives created: 1
00:08:36 | INFO: Extracting primitive: uesugi-samurai-08 sashimono bamboo pole
00:08:36 | INFO: Primitives created: 1
00:08:36 | INFO: Extracting primitive: uesugi-samurai-08 wind-bent sashimono cloth panel mesh
00:08:36 | INFO: Primitives created: 1
00:08:36 | INFO: Extracting primitive: Sphere.344
00:08:36 | INFO: Primitives created: 1
00:08:36 | INFO: Extracting primitive: Sphere.345
00:08:36 | INFO: Primitives created: 1
00:08:36 | INFO: Extracting primitive: Sphere.346
00:08:36 | INFO: Primitives created: 1
00:08:36 | INFO: Extracting primitive: Sphere.347
00:08:36 | INFO: Primitives created: 1
00:08:36 | INFO: Extracting primitive: Sphere.348
00:08:36 | INFO: Primitives created: 1
00:08:36 | INFO: Extracting primitive: Sphere.349
00:08:36 | INFO: Primitives created: 1
00:08:36 | INFO: Extracting primitive: Cube.095
00:08:36 | INFO: Primitives created: 1
00:08:36 | INFO: Extracting primitive: Sphere.350
00:08:36 | INFO: Primitives created: 1
00:08:36 | INFO: Extracting primitive: Cone.033
00:08:36 | INFO: Primitives created: 1
00:08:36 | INFO: Extracting primitive: uesugi-samurai-09 rear shikoro lamellar neck plate r1 c1 mesh
00:08:36 | INFO: Primitives created: 1
00:08:36 | INFO: Extracting primitive: uesugi-samurai-09 rear shikoro lamellar neck plate r1 c2 mesh
00:08:36 | INFO: Primitives created: 1
00:08:36 | INFO: Extracting primitive: uesugi-samurai-09 rear shikoro lamellar neck plate r1 c3 mesh
00:08:36 | INFO: Primitives created: 1
00:08:36 | INFO: Extracting primitive: uesugi-samurai-09 rear shikoro lamellar neck plate r2 c1 mesh
00:08:36 | INFO: Primitives created: 1
00:08:36 | INFO: Extracting primitive: uesugi-samurai-09 rear shikoro lamellar neck plate r2 c2 mesh
00:08:36 | INFO: Primitives created: 1
00:08:36 | INFO: Extracting primitive: uesugi-samurai-09 rear shikoro lamellar neck plate r2 c3 mesh
00:08:36 | INFO: Primitives created: 1
00:08:36 | INFO: Extracting primitive: uesugi-samurai-09 rear shikoro lamellar neck plate r3 c1 mesh
00:08:36 | INFO: Primitives created: 1
00:08:36 | INFO: Extracting primitive: uesugi-samurai-09 rear shikoro lamellar neck plate r3 c2 mesh
00:08:36 | INFO: Primitives created: 1
00:08:36 | INFO: Extracting primitive: uesugi-samurai-09 rear shikoro lamellar neck plate r3 c3 mesh
00:08:36 | INFO: Primitives created: 1
00:08:36 | INFO: Extracting primitive: uesugi-samurai-09 raised kabuto rib 1
00:08:36 | INFO: Primitives created: 1
00:08:36 | INFO: Extracting primitive: uesugi-samurai-09 raised kabuto rib 2
00:08:36 | INFO: Primitives created: 1
00:08:36 | INFO: Extracting primitive: uesugi-samurai-09 raised kabuto rib 3
00:08:36 | INFO: Primitives created: 1
00:08:36 | INFO: Extracting primitive: uesugi-samurai-09 left antler maedate
00:08:36 | INFO: Primitives created: 1
00:08:36 | INFO: Extracting primitive: uesugi-samurai-09 right antler maedate
00:08:36 | INFO: Primitives created: 1
00:08:36 | INFO: Extracting primitive: uesugi-samurai-09 individual front lamellar plate r1 c1 mesh
00:08:36 | INFO: Primitives created: 1
00:08:36 | INFO: Extracting primitive: uesugi-samurai-09 individual front lamellar plate r1 c2 mesh
00:08:36 | INFO: Primitives created: 1
00:08:36 | INFO: Extracting primitive: uesugi-samurai-09 individual front lamellar plate r1 c3 mesh
00:08:36 | INFO: Primitives created: 1
00:08:36 | INFO: Extracting primitive: uesugi-samurai-09 individual front lamellar plate r1 c4 mesh
00:08:36 | INFO: Primitives created: 1
00:08:36 | INFO: Extracting primitive: uesugi-samurai-09 individual front lamellar plate r1 c5 mesh
00:08:36 | INFO: Primitives created: 1
00:08:36 | INFO: Extracting primitive: uesugi-samurai-09 odoshi lacing row 1
00:08:36 | INFO: Primitives created: 1
00:08:36 | INFO: Extracting primitive: uesugi-samurai-09 chipped lacquer highlight r1 -0.16
00:08:36 | INFO: Primitives created: 1
00:08:36 | INFO: Extracting primitive: uesugi-samurai-09 chipped lacquer highlight r1 0.0
00:08:36 | INFO: Primitives created: 1
00:08:36 | INFO: Extracting primitive: uesugi-samurai-09 chipped lacquer highlight r1 0.16
00:08:36 | INFO: Primitives created: 1
00:08:36 | INFO: Extracting primitive: uesugi-samurai-09 individual front lamellar plate r2 c1 mesh
00:08:36 | INFO: Primitives created: 1
00:08:36 | INFO: Extracting primitive: uesugi-samurai-09 individual front lamellar plate r2 c2 mesh
00:08:36 | INFO: Primitives created: 1
00:08:36 | INFO: Extracting primitive: uesugi-samurai-09 individual front lamellar plate r2 c3 mesh
00:08:36 | INFO: Primitives created: 1
00:08:36 | INFO: Extracting primitive: uesugi-samurai-09 individual front lamellar plate r2 c4 mesh
00:08:36 | INFO: Primitives created: 1
00:08:36 | INFO: Extracting primitive: uesugi-samurai-09 individual front lamellar plate r2 c5 mesh
00:08:36 | INFO: Primitives created: 1
00:08:36 | INFO: Extracting primitive: uesugi-samurai-09 odoshi lacing row 2
00:08:36 | INFO: Primitives created: 1
00:08:36 | INFO: Extracting primitive: uesugi-samurai-09 chipped lacquer highlight r2 -0.16
00:08:36 | INFO: Primitives created: 1
00:08:36 | INFO: Extracting primitive: uesugi-samurai-09 chipped lacquer highlight r2 0.0
00:08:36 | INFO: Primitives created: 1
00:08:36 | INFO: Extracting primitive: uesugi-samurai-09 chipped lacquer highlight r2 0.16
00:08:36 | INFO: Primitives created: 1
00:08:36 | INFO: Extracting primitive: uesugi-samurai-09 individual front lamellar plate r3 c1 mesh
00:08:36 | INFO: Primitives created: 1
00:08:36 | INFO: Extracting primitive: uesugi-samurai-09 individual front lamellar plate r3 c2 mesh
00:08:36 | INFO: Primitives created: 1
00:08:36 | INFO: Extracting primitive: uesugi-samurai-09 individual front lamellar plate r3 c3 mesh
00:08:36 | INFO: Primitives created: 1
00:08:36 | INFO: Extracting primitive: uesugi-samurai-09 individual front lamellar plate r3 c4 mesh
00:08:36 | INFO: Primitives created: 1
00:08:36 | INFO: Extracting primitive: uesugi-samurai-09 individual front lamellar plate r3 c5 mesh
00:08:36 | INFO: Primitives created: 1
00:08:36 | INFO: Extracting primitive: uesugi-samurai-09 odoshi lacing row 3
00:08:36 | INFO: Primitives created: 1
00:08:36 | INFO: Extracting primitive: uesugi-samurai-09 chipped lacquer highlight r3 -0.16
00:08:36 | INFO: Primitives created: 1
00:08:36 | INFO: Extracting primitive: uesugi-samurai-09 chipped lacquer highlight r3 0.0
00:08:36 | INFO: Primitives created: 1
00:08:36 | INFO: Extracting primitive: uesugi-samurai-09 chipped lacquer highlight r3 0.16
00:08:36 | INFO: Primitives created: 1
00:08:36 | INFO: Extracting primitive: uesugi-samurai-09 individual front lamellar plate r4 c1 mesh
00:08:36 | INFO: Primitives created: 1
00:08:36 | INFO: Extracting primitive: uesugi-samurai-09 individual front lamellar plate r4 c2 mesh
00:08:36 | INFO: Primitives created: 1
00:08:36 | INFO: Extracting primitive: uesugi-samurai-09 individual front lamellar plate r4 c3 mesh
00:08:36 | INFO: Primitives created: 1
00:08:36 | INFO: Extracting primitive: uesugi-samurai-09 individual front lamellar plate r4 c4 mesh
00:08:36 | INFO: Primitives created: 1
00:08:36 | INFO: Extracting primitive: uesugi-samurai-09 individual front lamellar plate r4 c5 mesh
00:08:36 | INFO: Primitives created: 1
00:08:36 | INFO: Extracting primitive: uesugi-samurai-09 odoshi lacing row 4
00:08:36 | INFO: Primitives created: 1
00:08:36 | INFO: Extracting primitive: uesugi-samurai-09 chipped lacquer highlight r4 -0.16
00:08:36 | INFO: Primitives created: 1
00:08:36 | INFO: Extracting primitive: uesugi-samurai-09 chipped lacquer highlight r4 0.0
00:08:36 | INFO: Primitives created: 1
00:08:36 | INFO: Extracting primitive: uesugi-samurai-09 chipped lacquer highlight r4 0.16
00:08:36 | INFO: Primitives created: 1
00:08:36 | INFO: Extracting primitive: Sphere.351
00:08:36 | INFO: Primitives created: 1
00:08:36 | INFO: Extracting primitive: uesugi-samurai-09 articulated sode shoulder plate -1 1 mesh
00:08:36 | INFO: Primitives created: 1
00:08:36 | INFO: Extracting primitive: uesugi-samurai-09 sode lacing -1 1
00:08:36 | INFO: Primitives created: 1
00:08:36 | INFO: Extracting primitive: uesugi-samurai-09 articulated sode shoulder plate -1 2 mesh
00:08:36 | INFO: Primitives created: 1
00:08:36 | INFO: Extracting primitive: uesugi-samurai-09 sode lacing -1 2
00:08:36 | INFO: Primitives created: 1
00:08:36 | INFO: Extracting primitive: uesugi-samurai-09 articulated sode shoulder plate -1 3 mesh
00:08:36 | INFO: Primitives created: 1
00:08:36 | INFO: Extracting primitive: uesugi-samurai-09 sode lacing -1 3
00:08:36 | INFO: Primitives created: 1
00:08:36 | INFO: Extracting primitive: uesugi-samurai-09 articulated sode shoulder plate -1 4 mesh
00:08:36 | INFO: Primitives created: 1
00:08:36 | INFO: Extracting primitive: uesugi-samurai-09 sode lacing -1 4
00:08:36 | INFO: Primitives created: 1
00:08:36 | INFO: Extracting primitive: Sphere.352
00:08:36 | INFO: Primitives created: 1
00:08:36 | INFO: Extracting primitive: Sphere.353
00:08:36 | INFO: Primitives created: 1
00:08:36 | INFO: Extracting primitive: Sphere.354
00:08:36 | INFO: Primitives created: 1
00:08:36 | INFO: Extracting primitive: Sphere.355
00:08:36 | INFO: Primitives created: 1
00:08:36 | INFO: Extracting primitive: Sphere.356
00:08:36 | INFO: Primitives created: 1
00:08:36 | INFO: Extracting primitive: Cube.096
00:08:36 | INFO: Primitives created: 1
00:08:36 | INFO: Extracting primitive: uesugi-samurai-09 sandal toe strap -1
00:08:36 | INFO: Primitives created: 1
00:08:36 | INFO: Extracting primitive: Sphere.357
00:08:36 | INFO: Primitives created: 1
00:08:36 | INFO: Extracting primitive: uesugi-samurai-09 articulated sode shoulder plate 1 1 mesh
00:08:36 | INFO: Primitives created: 1
00:08:36 | INFO: Extracting primitive: uesugi-samurai-09 sode lacing 1 1
00:08:36 | INFO: Primitives created: 1
00:08:36 | INFO: Extracting primitive: uesugi-samurai-09 articulated sode shoulder plate 1 2 mesh
00:08:36 | INFO: Primitives created: 1
00:08:36 | INFO: Extracting primitive: uesugi-samurai-09 sode lacing 1 2
00:08:36 | INFO: Primitives created: 1
00:08:36 | INFO: Extracting primitive: uesugi-samurai-09 articulated sode shoulder plate 1 3 mesh
00:08:36 | INFO: Primitives created: 1
00:08:36 | INFO: Extracting primitive: uesugi-samurai-09 sode lacing 1 3
00:08:36 | INFO: Primitives created: 1
00:08:36 | INFO: Extracting primitive: uesugi-samurai-09 articulated sode shoulder plate 1 4 mesh
00:08:36 | INFO: Primitives created: 1
00:08:36 | INFO: Extracting primitive: uesugi-samurai-09 sode lacing 1 4
00:08:36 | INFO: Primitives created: 1
00:08:36 | INFO: Extracting primitive: Sphere.358
00:08:36 | INFO: Primitives created: 1
00:08:36 | INFO: Extracting primitive: Sphere.359
00:08:36 | INFO: Primitives created: 1
00:08:36 | INFO: Extracting primitive: Sphere.360
00:08:36 | INFO: Primitives created: 1
00:08:36 | INFO: Extracting primitive: Sphere.361
00:08:36 | INFO: Primitives created: 1
00:08:36 | INFO: Extracting primitive: Sphere.362
00:08:36 | INFO: Primitives created: 1
00:08:36 | INFO: Extracting primitive: Cube.097
00:08:36 | INFO: Primitives created: 1
00:08:36 | INFO: Extracting primitive: uesugi-samurai-09 sandal toe strap 1
00:08:36 | INFO: Primitives created: 1
00:08:36 | INFO: Extracting primitive: uesugi-samurai-09 kusazuri skirt -1 row 1 mesh
00:08:36 | INFO: Primitives created: 1
00:08:36 | INFO: Extracting primitive: uesugi-samurai-09 kusazuri skirt -1 row 2 mesh
00:08:36 | INFO: Primitives created: 1
00:08:36 | INFO: Extracting primitive: uesugi-samurai-09 kusazuri skirt 0 row 1 mesh
00:08:36 | INFO: Primitives created: 1
00:08:36 | INFO: Extracting primitive: uesugi-samurai-09 kusazuri skirt 0 row 2 mesh
00:08:36 | INFO: Primitives created: 1
00:08:36 | INFO: Extracting primitive: uesugi-samurai-09 kusazuri skirt 1 row 1 mesh
00:08:36 | INFO: Primitives created: 1
00:08:36 | INFO: Extracting primitive: uesugi-samurai-09 kusazuri skirt 1 row 2 mesh
00:08:36 | INFO: Primitives created: 1
00:08:36 | INFO: Extracting primitive: uesugi-samurai-09 guard katana blade
00:08:36 | INFO: Primitives created: 1
00:08:36 | INFO: Extracting primitive: Cylinder.019
00:08:36 | INFO: Primitives created: 1
00:08:36 | INFO: Extracting primitive: uesugi-samurai-09 sashimono bamboo pole
00:08:36 | INFO: Primitives created: 1
00:08:36 | INFO: Extracting primitive: uesugi-samurai-09 wind-bent sashimono cloth panel mesh
00:08:36 | INFO: Primitives created: 1
00:08:36 | INFO: Extracting primitive: Sphere.363
00:08:36 | INFO: Primitives created: 1
00:08:36 | INFO: Extracting primitive: Sphere.364
00:08:36 | INFO: Primitives created: 1
00:08:36 | INFO: Extracting primitive: Sphere.365
00:08:36 | INFO: Primitives created: 1
00:08:36 | INFO: Extracting primitive: Sphere.366
00:08:36 | INFO: Primitives created: 1
00:08:36 | INFO: Extracting primitive: Sphere.367
00:08:36 | INFO: Primitives created: 1
00:08:36 | INFO: Extracting primitive: Sphere.368
00:08:36 | INFO: Primitives created: 1
00:08:36 | INFO: Extracting primitive: Cube.098
00:08:36 | INFO: Primitives created: 1
00:08:36 | INFO: Extracting primitive: Sphere.369
00:08:36 | INFO: Primitives created: 1
00:08:36 | INFO: Extracting primitive: Cone.034
00:08:36 | INFO: Primitives created: 1
00:08:36 | INFO: Extracting primitive: uesugi-samurai-10 rear shikoro lamellar neck plate r1 c1 mesh
00:08:36 | INFO: Primitives created: 1
00:08:36 | INFO: Extracting primitive: uesugi-samurai-10 rear shikoro lamellar neck plate r1 c2 mesh
00:08:36 | INFO: Primitives created: 1
00:08:36 | INFO: Extracting primitive: uesugi-samurai-10 rear shikoro lamellar neck plate r1 c3 mesh
00:08:36 | INFO: Primitives created: 1
00:08:36 | INFO: Extracting primitive: uesugi-samurai-10 rear shikoro lamellar neck plate r2 c1 mesh
00:08:36 | INFO: Primitives created: 1
00:08:36 | INFO: Extracting primitive: uesugi-samurai-10 rear shikoro lamellar neck plate r2 c2 mesh
00:08:36 | INFO: Primitives created: 1
00:08:36 | INFO: Extracting primitive: uesugi-samurai-10 rear shikoro lamellar neck plate r2 c3 mesh
00:08:36 | INFO: Primitives created: 1
00:08:36 | INFO: Extracting primitive: uesugi-samurai-10 rear shikoro lamellar neck plate r3 c1 mesh
00:08:36 | INFO: Primitives created: 1
00:08:36 | INFO: Extracting primitive: uesugi-samurai-10 rear shikoro lamellar neck plate r3 c2 mesh
00:08:36 | INFO: Primitives created: 1
00:08:36 | INFO: Extracting primitive: uesugi-samurai-10 rear shikoro lamellar neck plate r3 c3 mesh
00:08:36 | INFO: Primitives created: 1
00:08:36 | INFO: Extracting primitive: uesugi-samurai-10 raised kabuto rib 1
00:08:36 | INFO: Primitives created: 1
00:08:36 | INFO: Extracting primitive: uesugi-samurai-10 raised kabuto rib 2
00:08:36 | INFO: Primitives created: 1
00:08:36 | INFO: Extracting primitive: uesugi-samurai-10 raised kabuto rib 3
00:08:36 | INFO: Primitives created: 1
00:08:36 | INFO: Extracting primitive: uesugi-samurai-10 left antler maedate
00:08:36 | INFO: Primitives created: 1
00:08:36 | INFO: Extracting primitive: uesugi-samurai-10 right antler maedate
00:08:36 | INFO: Primitives created: 1
00:08:36 | INFO: Extracting primitive: uesugi-samurai-10 individual front lamellar plate r1 c1 mesh
00:08:36 | INFO: Primitives created: 1
00:08:36 | INFO: Extracting primitive: uesugi-samurai-10 individual front lamellar plate r1 c2 mesh
00:08:36 | INFO: Primitives created: 1
00:08:36 | INFO: Extracting primitive: uesugi-samurai-10 individual front lamellar plate r1 c3 mesh
00:08:36 | INFO: Primitives created: 1
00:08:36 | INFO: Extracting primitive: uesugi-samurai-10 individual front lamellar plate r1 c4 mesh
00:08:36 | INFO: Primitives created: 1
00:08:36 | INFO: Extracting primitive: uesugi-samurai-10 individual front lamellar plate r1 c5 mesh
00:08:36 | INFO: Primitives created: 1
00:08:36 | INFO: Extracting primitive: uesugi-samurai-10 odoshi lacing row 1
00:08:36 | INFO: Primitives created: 1
00:08:36 | INFO: Extracting primitive: uesugi-samurai-10 chipped lacquer highlight r1 -0.16
00:08:36 | INFO: Primitives created: 1
00:08:36 | INFO: Extracting primitive: uesugi-samurai-10 chipped lacquer highlight r1 0.0
00:08:36 | INFO: Primitives created: 1
00:08:36 | INFO: Extracting primitive: uesugi-samurai-10 chipped lacquer highlight r1 0.16
00:08:36 | INFO: Primitives created: 1
00:08:36 | INFO: Extracting primitive: uesugi-samurai-10 individual front lamellar plate r2 c1 mesh
00:08:36 | INFO: Primitives created: 1
00:08:36 | INFO: Extracting primitive: uesugi-samurai-10 individual front lamellar plate r2 c2 mesh
00:08:36 | INFO: Primitives created: 1
00:08:36 | INFO: Extracting primitive: uesugi-samurai-10 individual front lamellar plate r2 c3 mesh
00:08:36 | INFO: Primitives created: 1
00:08:36 | INFO: Extracting primitive: uesugi-samurai-10 individual front lamellar plate r2 c4 mesh
00:08:36 | INFO: Primitives created: 1
00:08:36 | INFO: Extracting primitive: uesugi-samurai-10 individual front lamellar plate r2 c5 mesh
00:08:36 | INFO: Primitives created: 1
00:08:36 | INFO: Extracting primitive: uesugi-samurai-10 odoshi lacing row 2
00:08:36 | INFO: Primitives created: 1
00:08:36 | INFO: Extracting primitive: uesugi-samurai-10 chipped lacquer highlight r2 -0.16
00:08:36 | INFO: Primitives created: 1
00:08:36 | INFO: Extracting primitive: uesugi-samurai-10 chipped lacquer highlight r2 0.0
00:08:36 | INFO: Primitives created: 1
00:08:36 | INFO: Extracting primitive: uesugi-samurai-10 chipped lacquer highlight r2 0.16
00:08:36 | INFO: Primitives created: 1
00:08:36 | INFO: Extracting primitive: uesugi-samurai-10 individual front lamellar plate r3 c1 mesh
00:08:36 | INFO: Primitives created: 1
00:08:36 | INFO: Extracting primitive: uesugi-samurai-10 individual front lamellar plate r3 c2 mesh
00:08:36 | INFO: Primitives created: 1
00:08:36 | INFO: Extracting primitive: uesugi-samurai-10 individual front lamellar plate r3 c3 mesh
00:08:36 | INFO: Primitives created: 1
00:08:36 | INFO: Extracting primitive: uesugi-samurai-10 individual front lamellar plate r3 c4 mesh
00:08:36 | INFO: Primitives created: 1
00:08:36 | INFO: Extracting primitive: uesugi-samurai-10 individual front lamellar plate r3 c5 mesh
00:08:36 | INFO: Primitives created: 1
00:08:36 | INFO: Extracting primitive: uesugi-samurai-10 odoshi lacing row 3
00:08:36 | INFO: Primitives created: 1
00:08:36 | INFO: Extracting primitive: uesugi-samurai-10 chipped lacquer highlight r3 -0.16
00:08:36 | INFO: Primitives created: 1
00:08:36 | INFO: Extracting primitive: uesugi-samurai-10 chipped lacquer highlight r3 0.0
00:08:36 | INFO: Primitives created: 1
00:08:36 | INFO: Extracting primitive: uesugi-samurai-10 chipped lacquer highlight r3 0.16
00:08:36 | INFO: Primitives created: 1
00:08:36 | INFO: Extracting primitive: uesugi-samurai-10 individual front lamellar plate r4 c1 mesh
00:08:36 | INFO: Primitives created: 1
00:08:36 | INFO: Extracting primitive: uesugi-samurai-10 individual front lamellar plate r4 c2 mesh
00:08:36 | INFO: Primitives created: 1
00:08:36 | INFO: Extracting primitive: uesugi-samurai-10 individual front lamellar plate r4 c3 mesh
00:08:36 | INFO: Primitives created: 1
00:08:36 | INFO: Extracting primitive: uesugi-samurai-10 individual front lamellar plate r4 c4 mesh
00:08:36 | INFO: Primitives created: 1
00:08:36 | INFO: Extracting primitive: uesugi-samurai-10 individual front lamellar plate r4 c5 mesh
00:08:36 | INFO: Primitives created: 1
00:08:36 | INFO: Extracting primitive: uesugi-samurai-10 odoshi lacing row 4
00:08:36 | INFO: Primitives created: 1
00:08:36 | INFO: Extracting primitive: uesugi-samurai-10 chipped lacquer highlight r4 -0.16
00:08:36 | INFO: Primitives created: 1
00:08:36 | INFO: Extracting primitive: uesugi-samurai-10 chipped lacquer highlight r4 0.0
00:08:36 | INFO: Primitives created: 1
00:08:36 | INFO: Extracting primitive: uesugi-samurai-10 chipped lacquer highlight r4 0.16
00:08:36 | INFO: Primitives created: 1
00:08:36 | INFO: Extracting primitive: Sphere.370
00:08:36 | INFO: Primitives created: 1
00:08:36 | INFO: Extracting primitive: uesugi-samurai-10 articulated sode shoulder plate -1 1 mesh
00:08:36 | INFO: Primitives created: 1
00:08:36 | INFO: Extracting primitive: uesugi-samurai-10 sode lacing -1 1
00:08:36 | INFO: Primitives created: 1
00:08:36 | INFO: Extracting primitive: uesugi-samurai-10 articulated sode shoulder plate -1 2 mesh
00:08:36 | INFO: Primitives created: 1
00:08:36 | INFO: Extracting primitive: uesugi-samurai-10 sode lacing -1 2
00:08:36 | INFO: Primitives created: 1
00:08:36 | INFO: Extracting primitive: uesugi-samurai-10 articulated sode shoulder plate -1 3 mesh
00:08:36 | INFO: Primitives created: 1
00:08:36 | INFO: Extracting primitive: uesugi-samurai-10 sode lacing -1 3
00:08:36 | INFO: Primitives created: 1
00:08:36 | INFO: Extracting primitive: uesugi-samurai-10 articulated sode shoulder plate -1 4 mesh
00:08:36 | INFO: Primitives created: 1
00:08:36 | INFO: Extracting primitive: uesugi-samurai-10 sode lacing -1 4
00:08:36 | INFO: Primitives created: 1
00:08:36 | INFO: Extracting primitive: Sphere.371
00:08:36 | INFO: Primitives created: 1
00:08:36 | INFO: Extracting primitive: Sphere.372
00:08:36 | INFO: Primitives created: 1
00:08:36 | INFO: Extracting primitive: Sphere.373
00:08:36 | INFO: Primitives created: 1
00:08:36 | INFO: Extracting primitive: Sphere.374
00:08:36 | INFO: Primitives created: 1
00:08:36 | INFO: Extracting primitive: Sphere.375
00:08:36 | INFO: Primitives created: 1
00:08:36 | INFO: Extracting primitive: Cube.099
00:08:36 | INFO: Primitives created: 1
00:08:36 | INFO: Extracting primitive: uesugi-samurai-10 sandal toe strap -1
00:08:36 | INFO: Primitives created: 1
00:08:36 | INFO: Extracting primitive: Sphere.376
00:08:36 | INFO: Primitives created: 1
00:08:36 | INFO: Extracting primitive: uesugi-samurai-10 articulated sode shoulder plate 1 1 mesh
00:08:36 | INFO: Primitives created: 1
00:08:36 | INFO: Extracting primitive: uesugi-samurai-10 sode lacing 1 1
00:08:36 | INFO: Primitives created: 1
00:08:36 | INFO: Extracting primitive: uesugi-samurai-10 articulated sode shoulder plate 1 2 mesh
00:08:36 | INFO: Primitives created: 1
00:08:36 | INFO: Extracting primitive: uesugi-samurai-10 sode lacing 1 2
00:08:36 | INFO: Primitives created: 1
00:08:36 | INFO: Extracting primitive: uesugi-samurai-10 articulated sode shoulder plate 1 3 mesh
00:08:36 | INFO: Primitives created: 1
00:08:36 | INFO: Extracting primitive: uesugi-samurai-10 sode lacing 1 3
00:08:36 | INFO: Primitives created: 1
00:08:36 | INFO: Extracting primitive: uesugi-samurai-10 articulated sode shoulder plate 1 4 mesh
00:08:36 | INFO: Primitives created: 1
00:08:36 | INFO: Extracting primitive: uesugi-samurai-10 sode lacing 1 4
00:08:36 | INFO: Primitives created: 1
00:08:36 | INFO: Extracting primitive: Sphere.377
00:08:36 | INFO: Primitives created: 1
00:08:36 | INFO: Extracting primitive: Sphere.378
00:08:36 | INFO: Primitives created: 1
00:08:36 | INFO: Extracting primitive: Sphere.379
00:08:36 | INFO: Primitives created: 1
00:08:36 | INFO: Extracting primitive: Sphere.380
00:08:36 | INFO: Primitives created: 1
00:08:36 | INFO: Extracting primitive: Sphere.381
00:08:36 | INFO: Primitives created: 1
00:08:36 | INFO: Extracting primitive: Cube.100
00:08:36 | INFO: Primitives created: 1
00:08:36 | INFO: Extracting primitive: uesugi-samurai-10 sandal toe strap 1
00:08:36 | INFO: Primitives created: 1
00:08:36 | INFO: Extracting primitive: uesugi-samurai-10 kusazuri skirt -1 row 1 mesh
00:08:36 | INFO: Primitives created: 1
00:08:36 | INFO: Extracting primitive: uesugi-samurai-10 kusazuri skirt -1 row 2 mesh
00:08:36 | INFO: Primitives created: 1
00:08:36 | INFO: Extracting primitive: uesugi-samurai-10 kusazuri skirt 0 row 1 mesh
00:08:36 | INFO: Primitives created: 1
00:08:36 | INFO: Extracting primitive: uesugi-samurai-10 kusazuri skirt 0 row 2 mesh
00:08:36 | INFO: Primitives created: 1
00:08:36 | INFO: Extracting primitive: uesugi-samurai-10 kusazuri skirt 1 row 1 mesh
00:08:36 | INFO: Primitives created: 1
00:08:36 | INFO: Extracting primitive: uesugi-samurai-10 kusazuri skirt 1 row 2 mesh
00:08:36 | INFO: Primitives created: 1
00:08:36 | INFO: Extracting primitive: uesugi-samurai-10 yari shaft
00:08:36 | INFO: Primitives created: 1
00:08:36 | INFO: Extracting primitive: Cone.035
00:08:36 | INFO: Primitives created: 1
00:08:36 | INFO: Extracting primitive: uesugi-samurai-10 sashimono bamboo pole
00:08:36 | INFO: Primitives created: 1
00:08:36 | INFO: Extracting primitive: uesugi-samurai-10 wind-bent sashimono cloth panel mesh
00:08:36 | INFO: Primitives created: 1
00:08:36 | INFO: Extracting primitive: Sphere.382
00:08:36 | INFO: Primitives created: 1
00:08:36 | INFO: Extracting primitive: Sphere.383
00:08:36 | INFO: Primitives created: 1
00:08:36 | INFO: Extracting primitive: Cube.101
00:08:36 | INFO: Primitives created: 1
00:08:36 | INFO: Extracting primitive: Cube.102
00:08:36 | INFO: Primitives created: 1
00:08:36 | INFO: Extracting primitive: Cube.103
00:08:36 | INFO: Primitives created: 1
00:08:37 | INFO: Finished glTF 2.0 export in 1.4075331687927246 s
00:40.841  render           | Saved: '/Users/marcus/Documents/Github/asset-foundry/outputs/asset-1782104876865-071b076d/samurai_battlefield_wide_clash.png'
00:41.508  render           | Saved: '/Users/marcus/Documents/Github/asset-foundry/outputs/asset-1782104876865-071b076d/samurai_battlefield_overhead_layout.png'
00:42.144  render           | Saved: '/Users/marcus/Documents/Github/asset-foundry/outputs/asset-1782104876865-071b076d/samurai_battlefield_takeda_line.png'
00:42.786  render           | Saved: '/Users/marcus/Documents/Github/asset-foundry/outputs/asset-1782104876865-071b076d/samurai_battlefield_uesugi_line.png'
00:43.413  render           | Saved: '/Users/marcus/Documents/Github/asset-foundry/outputs/asset-1782104876865-071b076d/samurai_battlefield_center_meeting.png'

Blender 5.1.2 (hash ec6e62d40fa9 built 2026-05-19 01:30:33)

Blender quit
