ERROR (bke.modifier): ./source/blender/blenkernel/intern/modifier.cc:458 BKE_modifier_set_error: Object: "do_cuirass_core", Modifier: "weighted_normal", Enable 'Auto Smooth' in Object Data Properties
ERROR (bke.modifier): ./source/blender/blenkernel/intern/modifier.cc:458 BKE_modifier_set_error: Object: "front_row_0_kozane_125_0", Modifier: "weighted_normal", Enable 'Auto Smooth' in Object Data Properties
ERROR (bke.modifier): ./source/blender/blenkernel/intern/modifier.cc:458 BKE_modifier_set_error: Object: "front_row_0_kozane_125_1", Modifier: "weighted_normal", Enable 'Auto Smooth' in Object Data Properties
ERROR (bke.modifier): ./source/blender/blenkernel/intern/modifier.cc:458 BKE_modifier_set_error: Object: "front_row_0_kozane_125_2", Modifier: "weighted_normal", Enable 'Auto Smooth' in Object Data Properties
ERROR (bke.modifier): ./source/blender/blenkernel/intern/modifier.cc:458 BKE_modifier_set_error: Object: "front_row_0_kozane_125_3", Modifier: "weighted_normal", Enable 'Auto Smooth' in Object Data Properties
ERROR (bke.modifier): ./source/blender/blenkernel/intern/modifier.cc:458 BKE_modifier_set_error: Object: "front_row_0_kozane_125_4", Modifier: "weighted_normal", Enable 'Auto Smooth' in Object Data Properties
ERROR (bke.modifier): ./source/blender/blenkernel/intern/modifier.cc:458 BKE_modifier_set_error: Object: "front_row_0_kozane_125_5", Modifier: "weighted_normal", Enable 'Auto Smooth' in Object Data Properties
ERROR (bke.modifier): ./source/blender/blenkernel/intern/modifier.cc:458 BKE_modifier_set_error: Object: "front_row_0_kozane_125_6", Modifier: "weighted_normal", Enable 'Auto Smooth' in Object Data Properties
ERROR (bke.modifier): ./source/blender/blenkernel/intern/modifier.cc:458 BKE_modifier_set_error: Object: "front_row_1_kozane_115_0", Modifier: "weighted_normal", Enable 'Auto Smooth' in Object Data Properties
ERROR (bke.modifier): ./source/blender/blenkernel/intern/modifier.cc:458 BKE_modifier_set_error: Object: "front_row_1_kozane_115_1", Modifier: "weighted_normal", Enable 'Auto Smooth' in Object Data Properties
ERROR (bke.modifier): ./source/blender/blenkernel/intern/modifier.cc:458 BKE_modifier_set_error: Object: "front_row_1_kozane_115_2", Modifier: "weighted_normal", Enable 'Auto Smooth' in Object Data Properties
ERROR (bke.modifier): ./source/blender/blenkernel/intern/modifier.cc:458 BKE_modifier_set_error: Object: "front_row_1_kozane_115_3", Modifier: "weighted_normal", Enable 'Auto Smooth' in Object Data Properties
ERROR (bke.modifier): ./source/blender/blenkernel/intern/modifier.cc:458 BKE_modifier_set_error: Object: "front_row_1_kozane_115_4", Modifier: "weighted_normal", Enable 'Auto Smooth' in Object Data Properties
ERROR (bke.modifier): ./source/blender/blenkernel/intern/modifier.cc:458 BKE_modifier_set_error: Object: "front_row_1_kozane_115_5", Modifier: "weighted_normal", Enable 'Auto Smooth' in Object Data Properties
ERROR (bke.modifier): ./source/blender/blenkernel/intern/modifier.cc:458 BKE_modifier_set_error: Object: "front_row_1_kozane_115_6", Modifier: "weighted_normal", Enable 'Auto Smooth' in Object Data Properties
ERROR (bke.modifier): ./source/blender/blenkernel/intern/modifier.cc:458 BKE_modifier_set_error: Object: "front_row_2_kozane_106_0", Modifier: "weighted_normal", Enable 'Auto Smooth' in Object Data Properties
ERROR (bke.modifier): ./source/blender/blenkernel/intern/modifier.cc:458 BKE_modifier_set_error: Object: "front_row_2_kozane_106_1", Modifier: "weighted_normal", Enable 'Auto Smooth' in Object Data Properties
ERROR (bke.modifier): ./source/blender/blenkernel/intern/modifier.cc:458 BKE_modifier_set_error: Object: "front_row_2_kozane_106_2", Modifier: "weighted_normal", Enable 'Auto Smooth' in Object Data Properties
ERROR (bke.modifier): ./source/blender/blenkernel/intern/modifier.cc:458 BKE_modifier_set_error: Object: "front_row_2_kozane_106_3", Modifier: "weighted_normal", Enable 'Auto Smooth' in Object Data Properties
ERROR (bke.modifier): ./source/blender/blenkernel/intern/modifier.cc:458 BKE_modifier_set_error: Object: "front_row_2_kozane_106_4", Modifier: "weighted_normal", Enable 'Auto Smooth' in Object Data Properties
ERROR (bke.modifier): ./source/blender/blenkernel/intern/modifier.cc:458 BKE_modifier_set_error: Object: "front_row_2_kozane_106_5", Modifier: "weighted_normal", Enable 'Auto Smooth' in Object Data Properties
ERROR (bke.modifier): ./source/blender/blenkernel/intern/modifier.cc:458 BKE_modifier_set_error: Object: "front_row_2_kozane_106_6", Modifier: "weighted_normal", Enable 'Auto Smooth' in Object Data Properties
ERROR (bke.modifier): ./source/blender/blenkernel/intern/modifier.cc:458 BKE_modifier_set_error: Object: "front_row_3_kozane_96_0", Modifier: "weighted_normal", Enable 'Auto Smooth' in Object Data Properties
ERROR (bke.modifier): ./source/blender/blenkernel/intern/modifier.cc:458 BKE_modifier_set_error: Object: "front_row_3_kozane_96_1", Modifier: "weighted_normal", Enable 'Auto Smooth' in Object Data Properties
ERROR (bke.modifier): ./source/blender/blenkernel/intern/modifier.cc:458 BKE_modifier_set_error: Object: "front_row_3_kozane_96_2", Modifier: "weighted_normal", Enable 'Auto Smooth' in Object Data Properties
ERROR (bke.modifier): ./source/blender/blenkernel/intern/modifier.cc:458 BKE_modifier_set_error: Object: "front_row_3_kozane_96_3", Modifier: "weighted_normal", Enable 'Auto Smooth' in Object Data Properties
ERROR (bke.modifier): ./source/blender/blenkernel/intern/modifier.cc:458 BKE_modifier_set_error: Object: "front_row_3_kozane_96_4", Modifier: "weighted_normal", Enable 'Auto Smooth' in Object Data Properties
ERROR (bke.modifier): ./source/blender/blenkernel/intern/modifier.cc:458 BKE_modifier_set_error: Object: "front_row_3_kozane_96_5", Modifier: "weighted_normal", Enable 'Auto Smooth' in Object Data Properties
ERROR (bke.modifier): ./source/blender/blenkernel/intern/modifier.cc:458 BKE_modifier_set_error: Object: "front_row_4_kozane_87_0", Modifier: "weighted_normal", Enable 'Auto Smooth' in Object Data Properties
ERROR (bke.modifier): ./source/blender/blenkernel/intern/modifier.cc:458 BKE_modifier_set_error: Object: "front_row_4_kozane_87_1", Modifier: "weighted_normal", Enable 'Auto Smooth' in Object Data Properties
ERROR (bke.modifier): ./source/blender/blenkernel/intern/modifier.cc:458 BKE_modifier_set_error: Object: "front_row_4_kozane_87_2", Modifier: "weighted_normal", Enable 'Auto Smooth' in Object Data Properties
ERROR (bke.modifier): ./source/blender/blenkernel/intern/modifier.cc:458 BKE_modifier_set_error: Object: "front_row_4_kozane_87_3", Modifier: "weighted_normal", Enable 'Auto Smooth' in Object Data Properties
ERROR (bke.modifier): ./source/blender/blenkernel/intern/modifier.cc:458 BKE_modifier_set_error: Object: "front_row_4_kozane_87_4", Modifier: "weighted_normal", Enable 'Auto Smooth' in Object Data Properties
ERROR (bke.modifier): ./source/blender/blenkernel/intern/modifier.cc:458 BKE_modifier_set_error: Object: "front_row_4_kozane_87_5", Modifier: "weighted_normal", Enable 'Auto Smooth' in Object Data Properties
ERROR (bke.modifier): ./source/blender/blenkernel/intern/modifier.cc:458 BKE_modifier_set_error: Object: "left_side_lamellar_0", Modifier: "weighted_normal", Enable 'Auto Smooth' in Object Data Properties
ERROR (bke.modifier): ./source/blender/blenkernel/intern/modifier.cc:458 BKE_modifier_set_error: Object: "left_side_lamellar_1", Modifier: "weighted_normal", Enable 'Auto Smooth' in Object Data Properties
ERROR (bke.modifier): ./source/blender/blenkernel/intern/modifier.cc:458 BKE_modifier_set_error: Object: "left_side_lamellar_2", Modifier: "weighted_normal", Enable 'Auto Smooth' in Object Data Properties
ERROR (bke.modifier): ./source/blender/blenkernel/intern/modifier.cc:458 BKE_modifier_set_error: Object: "left_side_lamellar_3", Modifier: "weighted_normal", Enable 'Auto Smooth' in Object Data Properties
ERROR (bke.modifier): ./source/blender/blenkernel/intern/modifier.cc:458 BKE_modifier_set_error: Object: "right_side_lamellar_0", Modifier: "weighted_normal", Enable 'Auto Smooth' in Object Data Properties
ERROR (bke.modifier): ./source/blender/blenkernel/intern/modifier.cc:458 BKE_modifier_set_error: Object: "right_side_lamellar_1", Modifier: "weighted_normal", Enable 'Auto Smooth' in Object Data Properties
ERROR (bke.modifier): ./source/blender/blenkernel/intern/modifier.cc:458 BKE_modifier_set_error: Object: "right_side_lamellar_2", Modifier: "weighted_normal", Enable 'Auto Smooth' in Object Data Properties
ERROR (bke.modifier): ./source/blender/blenkernel/intern/modifier.cc:458 BKE_modifier_set_error: Object: "right_side_lamellar_3", Modifier: "weighted_normal", Enable 'Auto Smooth' in Object Data Properties
ERROR (bke.modifier): ./source/blender/blenkernel/intern/modifier.cc:458 BKE_modifier_set_error: Object: "kusazuri_front_left", Modifier: "weighted_normal", Enable 'Auto Smooth' in Object Data Properties
ERROR (bke.modifier): ./source/blender/blenkernel/intern/modifier.cc:458 BKE_modifier_set_error: Object: "kusazuri_front_right", Modifier: "weighted_normal", Enable 'Auto Smooth' in Object Data Properties
ERROR (bke.modifier): ./source/blender/blenkernel/intern/modifier.cc:458 BKE_modifier_set_error: Object: "left_layered_sode_0", Modifier: "weighted_normal", Enable 'Auto Smooth' in Object Data Properties
ERROR (bke.modifier): ./source/blender/blenkernel/intern/modifier.cc:458 BKE_modifier_set_error: Object: "left_layered_sode_1", Modifier: "weighted_normal", Enable 'Auto Smooth' in Object Data Properties
ERROR (bke.modifier): ./source/blender/blenkernel/intern/modifier.cc:458 BKE_modifier_set_error: Object: "left_layered_sode_2", Modifier: "weighted_normal", Enable 'Auto Smooth' in Object Data Properties
ERROR (bke.modifier): ./source/blender/blenkernel/intern/modifier.cc:458 BKE_modifier_set_error: Object: "left_layered_sode_3", Modifier: "weighted_normal", Enable 'Auto Smooth' in Object Data Properties
ERROR (bke.modifier): ./source/blender/blenkernel/intern/modifier.cc:458 BKE_modifier_set_error: Object: "left_layered_sode_4", Modifier: "weighted_normal", Enable 'Auto Smooth' in Object Data Properties
ERROR (bke.modifier): ./source/blender/blenkernel/intern/modifier.cc:458 BKE_modifier_set_error: Object: "right_layered_sode_0", Modifier: "weighted_normal", Enable 'Auto Smooth' in Object Data Properties
ERROR (bke.modifier): ./source/blender/blenkernel/intern/modifier.cc:458 BKE_modifier_set_error: Object: "right_layered_sode_1", Modifier: "weighted_normal", Enable 'Auto Smooth' in Object Data Properties
ERROR (bke.modifier): ./source/blender/blenkernel/intern/modifier.cc:458 BKE_modifier_set_error: Object: "right_layered_sode_2", Modifier: "weighted_normal", Enable 'Auto Smooth' in Object Data Properties
ERROR (bke.modifier): ./source/blender/blenkernel/intern/modifier.cc:458 BKE_modifier_set_error: Object: "right_layered_sode_3", Modifier: "weighted_normal", Enable 'Auto Smooth' in Object Data Properties
ERROR (bke.modifier): ./source/blender/blenkernel/intern/modifier.cc:458 BKE_modifier_set_error: Object: "right_layered_sode_4", Modifier: "weighted_normal", Enable 'Auto Smooth' in Object Data Properties
ERROR (bke.modifier): ./source/blender/blenkernel/intern/modifier.cc:458 BKE_modifier_set_error: Object: "left_geta_sole", Modifier: "weighted_normal", Enable 'Auto Smooth' in Object Data Properties
ERROR (bke.modifier): ./source/blender/blenkernel/intern/modifier.cc:458 BKE_modifier_set_error: Object: "left_geta_tooth_front", Modifier: "weighted_normal", Enable 'Auto Smooth' in Object Data Properties
ERROR (bke.modifier): ./source/blender/blenkernel/intern/modifier.cc:458 BKE_modifier_set_error: Object: "left_geta_tooth_rear", Modifier: "weighted_normal", Enable 'Auto Smooth' in Object Data Properties
ERROR (bke.modifier): ./source/blender/blenkernel/intern/modifier.cc:458 BKE_modifier_set_error: Object: "right_geta_sole", Modifier: "weighted_normal", Enable 'Auto Smooth' in Object Data Properties
ERROR (bke.modifier): ./source/blender/blenkernel/intern/modifier.cc:458 BKE_modifier_set_error: Object: "right_geta_tooth_front", Modifier: "weighted_normal", Enable 'Auto Smooth' in Object Data Properties
ERROR (bke.modifier): ./source/blender/blenkernel/intern/modifier.cc:458 BKE_modifier_set_error: Object: "right_geta_tooth_rear", Modifier: "weighted_normal", Enable 'Auto Smooth' in Object Data Properties
ERROR (bke.modifier): ./source/blender/blenkernel/intern/modifier.cc:458 BKE_modifier_set_error: Object: "left_fukigaeshi_flare", Modifier: "weighted_normal", Enable 'Auto Smooth' in Object Data Properties
ERROR (bke.modifier): ./source/blender/blenkernel/intern/modifier.cc:458 BKE_modifier_set_error: Object: "right_fukigaeshi_flare", Modifier: "weighted_normal", Enable 'Auto Smooth' in Object Data Properties
ERROR (bke.modifier): ./source/blender/blenkernel/intern/modifier.cc:458 BKE_modifier_set_error: Object: "shikoro_neck_guard_0", Modifier: "weighted_normal", Enable 'Auto Smooth' in Object Data Properties
ERROR (bke.modifier): ./source/blender/blenkernel/intern/modifier.cc:458 BKE_modifier_set_error: Object: "shikoro_neck_guard_1", Modifier: "weighted_normal", Enable 'Auto Smooth' in Object Data Properties
ERROR (bke.modifier): ./source/blender/blenkernel/intern/modifier.cc:458 BKE_modifier_set_error: Object: "shikoro_neck_guard_2", Modifier: "weighted_normal", Enable 'Auto Smooth' in Object Data Properties
ERROR (bke.modifier): ./source/blender/blenkernel/intern/modifier.cc:458 BKE_modifier_set_error: Object: "shikoro_neck_guard_3", Modifier: "weighted_normal", Enable 'Auto Smooth' in Object Data Properties
ERROR (bke.modifier): ./source/blender/blenkernel/intern/modifier.cc:458 BKE_modifier_set_error: Object: "left_eye_slit", Modifier: "weighted_normal", Enable 'Auto Smooth' in Object Data Properties
ERROR (bke.modifier): ./source/blender/blenkernel/intern/modifier.cc:458 BKE_modifier_set_error: Object: "right_eye_slit", Modifier: "weighted_normal", Enable 'Auto Smooth' in Object Data Properties
ERROR (bke.modifier): ./source/blender/blenkernel/intern/modifier.cc:458 BKE_modifier_set_error: Object: "katana_tsuba_guard", Modifier: "weighted_normal", Enable 'Auto Smooth' in Object Data Properties
ERROR (bke.modifier): ./source/blender/blenkernel/intern/modifier.cc:458 BKE_modifier_set_error: Object: "banner_cloth", Modifier: "weighted_normal", Enable 'Auto Smooth' in Object Data Properties
Blender 3.4.1
Info: Total files 0 | Changed 0 | Failed 0
ERROR (bke.modifier): ./source/blender/blenkernel/intern/modifier.cc:458 BKE_modifier_set_error: Object: "do_cuirass_core", Modifier: "weighted_normal", Enable 'Auto Smooth' in Object Data Properties
ERROR (bke.modifier): ./source/blender/blenkernel/intern/modifier.cc:458 BKE_modifier_set_error: Object: "front_row_0_kozane_125_0", Modifier: "weighted_normal", Enable 'Auto Smooth' in Object Data Properties
ERROR (bke.modifier): ./source/blender/blenkernel/intern/modifier.cc:458 BKE_modifier_set_error: Object: "front_row_0_kozane_125_1", Modifier: "weighted_normal", Enable 'Auto Smooth' in Object Data Properties
ERROR (bke.modifier): ./source/blender/blenkernel/intern/modifier.cc:458 BKE_modifier_set_error: Object: "front_row_0_kozane_125_2", Modifier: "weighted_normal", Enable 'Auto Smooth' in Object Data Properties
ERROR (bke.modifier): ./source/blender/blenkernel/intern/modifier.cc:458 BKE_modifier_set_error: Object: "front_row_0_kozane_125_3", Modifier: "weighted_normal", Enable 'Auto Smooth' in Object Data Properties
ERROR (bke.modifier): ./source/blender/blenkernel/intern/modifier.cc:458 BKE_modifier_set_error: Object: "front_row_0_kozane_125_4", Modifier: "weighted_normal", Enable 'Auto Smooth' in Object Data Properties
ERROR (bke.modifier): ./source/blender/blenkernel/intern/modifier.cc:458 BKE_modifier_set_error: Object: "front_row_0_kozane_125_5", Modifier: "weighted_normal", Enable 'Auto Smooth' in Object Data Properties
ERROR (bke.modifier): ./source/blender/blenkernel/intern/modifier.cc:458 BKE_modifier_set_error: Object: "front_row_0_kozane_125_6", Modifier: "weighted_normal", Enable 'Auto Smooth' in Object Data Properties
ERROR (bke.modifier): ./source/blender/blenkernel/intern/modifier.cc:458 BKE_modifier_set_error: Object: "front_row_1_kozane_115_0", Modifier: "weighted_normal", Enable 'Auto Smooth' in Object Data Properties
ERROR (bke.modifier): ./source/blender/blenkernel/intern/modifier.cc:458 BKE_modifier_set_error: Object: "front_row_1_kozane_115_1", Modifier: "weighted_normal", Enable 'Auto Smooth' in Object Data Properties
ERROR (bke.modifier): ./source/blender/blenkernel/intern/modifier.cc:458 BKE_modifier_set_error: Object: "front_row_1_kozane_115_2", Modifier: "weighted_normal", Enable 'Auto Smooth' in Object Data Properties
ERROR (bke.modifier): ./source/blender/blenkernel/intern/modifier.cc:458 BKE_modifier_set_error: Object: "front_row_1_kozane_115_3", Modifier: "weighted_normal", Enable 'Auto Smooth' in Object Data Properties
ERROR (bke.modifier): ./source/blender/blenkernel/intern/modifier.cc:458 BKE_modifier_set_error: Object: "front_row_1_kozane_115_4", Modifier: "weighted_normal", Enable 'Auto Smooth' in Object Data Properties
ERROR (bke.modifier): ./source/blender/blenkernel/intern/modifier.cc:458 BKE_modifier_set_error: Object: "front_row_1_kozane_115_5", Modifier: "weighted_normal", Enable 'Auto Smooth' in Object Data Properties
ERROR (bke.modifier): ./source/blender/blenkernel/intern/modifier.cc:458 BKE_modifier_set_error: Object: "front_row_1_kozane_115_6", Modifier: "weighted_normal", Enable 'Auto Smooth' in Object Data Properties
ERROR (bke.modifier): ./source/blender/blenkernel/intern/modifier.cc:458 BKE_modifier_set_error: Object: "front_row_2_kozane_106_0", Modifier: "weighted_normal", Enable 'Auto Smooth' in Object Data Properties
ERROR (bke.modifier): ./source/blender/blenkernel/intern/modifier.cc:458 BKE_modifier_set_error: Object: "front_row_2_kozane_106_1", Modifier: "weighted_normal", Enable 'Auto Smooth' in Object Data Properties
ERROR (bke.modifier): ./source/blender/blenkernel/intern/modifier.cc:458 BKE_modifier_set_error: Object: "front_row_2_kozane_106_2", Modifier: "weighted_normal", Enable 'Auto Smooth' in Object Data Properties
ERROR (bke.modifier): ./source/blender/blenkernel/intern/modifier.cc:458 BKE_modifier_set_error: Object: "front_row_2_kozane_106_3", Modifier: "weighted_normal", Enable 'Auto Smooth' in Object Data Properties
ERROR (bke.modifier): ./source/blender/blenkernel/intern/modifier.cc:458 BKE_modifier_set_error: Object: "front_row_2_kozane_106_4", Modifier: "weighted_normal", Enable 'Auto Smooth' in Object Data Properties
ERROR (bke.modifier): ./source/blender/blenkernel/intern/modifier.cc:458 BKE_modifier_set_error: Object: "front_row_2_kozane_106_5", Modifier: "weighted_normal", Enable 'Auto Smooth' in Object Data Properties
ERROR (bke.modifier): ./source/blender/blenkernel/intern/modifier.cc:458 BKE_modifier_set_error: Object: "front_row_2_kozane_106_6", Modifier: "weighted_normal", Enable 'Auto Smooth' in Object Data Properties
ERROR (bke.modifier): ./source/blender/blenkernel/intern/modifier.cc:458 BKE_modifier_set_error: Object: "front_row_3_kozane_96_0", Modifier: "weighted_normal", Enable 'Auto Smooth' in Object Data Properties
ERROR (bke.modifier): ./source/blender/blenkernel/intern/modifier.cc:458 BKE_modifier_set_error: Object: "front_row_3_kozane_96_1", Modifier: "weighted_normal", Enable 'Auto Smooth' in Object Data Properties
ERROR (bke.modifier): ./source/blender/blenkernel/intern/modifier.cc:458 BKE_modifier_set_error: Object: "front_row_3_kozane_96_2", Modifier: "weighted_normal", Enable 'Auto Smooth' in Object Data Properties
ERROR (bke.modifier): ./source/blender/blenkernel/intern/modifier.cc:458 BKE_modifier_set_error: Object: "front_row_3_kozane_96_3", Modifier: "weighted_normal", Enable 'Auto Smooth' in Object Data Properties
ERROR (bke.modifier): ./source/blender/blenkernel/intern/modifier.cc:458 BKE_modifier_set_error: Object: "front_row_3_kozane_96_4", Modifier: "weighted_normal", Enable 'Auto Smooth' in Object Data Properties
ERROR (bke.modifier): ./source/blender/blenkernel/intern/modifier.cc:458 BKE_modifier_set_error: Object: "front_row_3_kozane_96_5", Modifier: "weighted_normal", Enable 'Auto Smooth' in Object Data Properties
ERROR (bke.modifier): ./source/blender/blenkernel/intern/modifier.cc:458 BKE_modifier_set_error: Object: "front_row_4_kozane_87_0", Modifier: "weighted_normal", Enable 'Auto Smooth' in Object Data Properties
ERROR (bke.modifier): ./source/blender/blenkernel/intern/modifier.cc:458 BKE_modifier_set_error: Object: "front_row_4_kozane_87_1", Modifier: "weighted_normal", Enable 'Auto Smooth' in Object Data Properties
ERROR (bke.modifier): ./source/blender/blenkernel/intern/modifier.cc:458 BKE_modifier_set_error: Object: "front_row_4_kozane_87_2", Modifier: "weighted_normal", Enable 'Auto Smooth' in Object Data Properties
ERROR (bke.modifier): ./source/blender/blenkernel/intern/modifier.cc:458 BKE_modifier_set_error: Object: "front_row_4_kozane_87_3", Modifier: "weighted_normal", Enable 'Auto Smooth' in Object Data Properties
ERROR (bke.modifier): ./source/blender/blenkernel/intern/modifier.cc:458 BKE_modifier_set_error: Object: "front_row_4_kozane_87_4", Modifier: "weighted_normal", Enable 'Auto Smooth' in Object Data Properties
ERROR (bke.modifier): ./source/blender/blenkernel/intern/modifier.cc:458 BKE_modifier_set_error: Object: "front_row_4_kozane_87_5", Modifier: "weighted_normal", Enable 'Auto Smooth' in Object Data Properties
ERROR (bke.modifier): ./source/blender/blenkernel/intern/modifier.cc:458 BKE_modifier_set_error: Object: "left_side_lamellar_0", Modifier: "weighted_normal", Enable 'Auto Smooth' in Object Data Properties
ERROR (bke.modifier): ./source/blender/blenkernel/intern/modifier.cc:458 BKE_modifier_set_error: Object: "left_side_lamellar_1", Modifier: "weighted_normal", Enable 'Auto Smooth' in Object Data Properties
ERROR (bke.modifier): ./source/blender/blenkernel/intern/modifier.cc:458 BKE_modifier_set_error: Object: "left_side_lamellar_2", Modifier: "weighted_normal", Enable 'Auto Smooth' in Object Data Properties
ERROR (bke.modifier): ./source/blender/blenkernel/intern/modifier.cc:458 BKE_modifier_set_error: Object: "left_side_lamellar_3", Modifier: "weighted_normal", Enable 'Auto Smooth' in Object Data Properties
ERROR (bke.modifier): ./source/blender/blenkernel/intern/modifier.cc:458 BKE_modifier_set_error: Object: "right_side_lamellar_0", Modifier: "weighted_normal", Enable 'Auto Smooth' in Object Data Properties
ERROR (bke.modifier): ./source/blender/blenkernel/intern/modifier.cc:458 BKE_modifier_set_error: Object: "right_side_lamellar_1", Modifier: "weighted_normal", Enable 'Auto Smooth' in Object Data Properties
ERROR (bke.modifier): ./source/blender/blenkernel/intern/modifier.cc:458 BKE_modifier_set_error: Object: "right_side_lamellar_2", Modifier: "weighted_normal", Enable 'Auto Smooth' in Object Data Properties
ERROR (bke.modifier): ./source/blender/blenkernel/intern/modifier.cc:458 BKE_modifier_set_error: Object: "right_side_lamellar_3", Modifier: "weighted_normal", Enable 'Auto Smooth' in Object Data Properties
ERROR (bke.modifier): ./source/blender/blenkernel/intern/modifier.cc:458 BKE_modifier_set_error: Object: "kusazuri_front_left", Modifier: "weighted_normal", Enable 'Auto Smooth' in Object Data Properties
ERROR (bke.modifier): ./source/blender/blenkernel/intern/modifier.cc:458 BKE_modifier_set_error: Object: "kusazuri_front_right", Modifier: "weighted_normal", Enable 'Auto Smooth' in Object Data Properties
ERROR (bke.modifier): ./source/blender/blenkernel/intern/modifier.cc:458 BKE_modifier_set_error: Object: "left_layered_sode_0", Modifier: "weighted_normal", Enable 'Auto Smooth' in Object Data Properties
ERROR (bke.modifier): ./source/blender/blenkernel/intern/modifier.cc:458 BKE_modifier_set_error: Object: "left_layered_sode_1", Modifier: "weighted_normal", Enable 'Auto Smooth' in Object Data Properties
ERROR (bke.modifier): ./source/blender/blenkernel/intern/modifier.cc:458 BKE_modifier_set_error: Object: "left_layered_sode_2", Modifier: "weighted_normal", Enable 'Auto Smooth' in Object Data Properties
ERROR (bke.modifier): ./source/blender/blenkernel/intern/modifier.cc:458 BKE_modifier_set_error: Object: "left_layered_sode_3", Modifier: "weighted_normal", Enable 'Auto Smooth' in Object Data Properties
ERROR (bke.modifier): ./source/blender/blenkernel/intern/modifier.cc:458 BKE_modifier_set_error: Object: "left_layered_sode_4", Modifier: "weighted_normal", Enable 'Auto Smooth' in Object Data Properties
ERROR (bke.modifier): ./source/blender/blenkernel/intern/modifier.cc:458 BKE_modifier_set_error: Object: "right_layered_sode_0", Modifier: "weighted_normal", Enable 'Auto Smooth' in Object Data Properties
ERROR (bke.modifier): ./source/blender/blenkernel/intern/modifier.cc:458 BKE_modifier_set_error: Object: "right_layered_sode_1", Modifier: "weighted_normal", Enable 'Auto Smooth' in Object Data Properties
ERROR (bke.modifier): ./source/blender/blenkernel/intern/modifier.cc:458 BKE_modifier_set_error: Object: "right_layered_sode_2", Modifier: "weighted_normal", Enable 'Auto Smooth' in Object Data Properties
ERROR (bke.modifier): ./source/blender/blenkernel/intern/modifier.cc:458 BKE_modifier_set_error: Object: "right_layered_sode_3", Modifier: "weighted_normal", Enable 'Auto Smooth' in Object Data Properties
Planned 1 samurai assets
Output root: /workspaces/factory-edo-woodblock/worker-1/ystackai_studio-edo-woodblock/checkout/games/kawanakajima-foundry-samurai-proof/assets/generated/foundry/samurai-v17/full-20
ID           Team     Variant  OutputDir
----------------------------------------------------------------------------------------------------
takeda-01    takeda   0        /workspaces/factory-edo-woodblock/worker-1/ystackai_studio-edo-woodblock/checkout/games/kawanakajima-foundry-samurai-proof/assets/generated/foundry/samurai-v17/full-20/takeda-01

=== Building takeda-01 (takeda, variant 0) ===
[takeda-01 v0] Built samurai with 149 mesh objects
[takeda-01] mesh_count=149
Info: Saved "takeda-01_source.blend"
  Blend saved: /workspaces/factory-edo-woodblock/worker-1/ystackai_studio-edo-woodblock/checkout/games/kawanakajima-foundry-samurai-proof/assets/generated/foundry/samurai-v17/full-20/takeda-01/takeda-01_source.blend
00:48:05 | ERROR: Draco mesh compression is not available because library could not be found at /usr/bin/3.4/python/lib/python3.11/site-packages/libextern_draco.so
00:48:05 | INFO: Starting glTF 2.0 export
00:48:05 | INFO: Extracting primitive: Sphere
00:48:05 | INFO: Primitives created: 1
00:48:05 | INFO: Extracting primitive: Cube
00:48:05 | INFO: Primitives created: 1
00:48:05 | INFO: Extracting primitive: Cube.001
00:48:06 | INFO: Primitives created: 1
00:48:06 | INFO: Extracting primitive: Cube.002
00:48:06 | INFO: Primitives created: 1
00:48:06 | INFO: Extracting primitive: Cube.003
00:48:06 | INFO: Primitives created: 1
00:48:06 | INFO: Extracting primitive: Cube.004
00:48:06 | INFO: Primitives created: 1
00:48:06 | INFO: Extracting primitive: Cube.005
00:48:06 | INFO: Primitives created: 1
00:48:06 | INFO: Extracting primitive: Cube.006
00:48:06 | INFO: Primitives created: 1
00:48:06 | INFO: Extracting primitive: Cube.007
00:48:06 | INFO: Primitives created: 1
00:48:06 | INFO: Extracting primitive: Cube.008
00:48:06 | INFO: Primitives created: 1
00:48:06 | INFO: Extracting primitive: Cube.009
00:48:06 | INFO: Primitives created: 1
00:48:06 | INFO: Extracting primitive: Cube.010
00:48:06 | INFO: Primitives created: 1
00:48:06 | INFO: Extracting primitive: Cube.011
00:48:06 | INFO: Primitives created: 1
00:48:06 | INFO: Extracting primitive: Cube.012
00:48:06 | INFO: Primitives created: 1
00:48:06 | INFO: Extracting primitive: Cube.013
00:48:06 | INFO: Primitives created: 1
00:48:06 | INFO: Extracting primitive: Cube.014
00:48:06 | INFO: Primitives created: 1
00:48:06 | INFO: Extracting primitive: Cube.015
00:48:06 | INFO: Primitives created: 1
00:48:06 | INFO: Extracting primitive: Cube.016
00:48:06 | INFO: Primitives created: 1
00:48:06 | INFO: Extracting primitive: Cube.017
00:48:06 | INFO: Primitives created: 1
00:48:06 | INFO: Extracting primitive: Cube.018
00:48:06 | INFO: Primitives created: 1
00:48:06 | INFO: Extracting primitive: Cube.019
00:48:06 | INFO: Primitives created: 1
00:48:06 | INFO: Extracting primitive: Cube.020
00:48:06 | INFO: Primitives created: 1
00:48:06 | INFO: Extracting primitive: Cube.021
00:48:06 | INFO: Primitives created: 1
00:48:06 | INFO: Extracting primitive: Cube.022
00:48:06 | INFO: Primitives created: 1
00:48:06 | INFO: Extracting primitive: Cube.023
00:48:06 | INFO: Primitives created: 1
00:48:06 | INFO: Extracting primitive: Cube.024
00:48:06 | INFO: Primitives created: 1
00:48:06 | INFO: Extracting primitive: Cube.025
00:48:06 | INFO: Primitives created: 1
00:48:06 | INFO: Extracting primitive: Cube.026
00:48:06 | INFO: Primitives created: 1
00:48:06 | INFO: Extracting primitive: Cube.027
00:48:06 | INFO: Primitives created: 1
00:48:06 | INFO: Extracting primitive: Cube.028
00:48:06 | INFO: Primitives created: 1
00:48:06 | INFO: Extracting primitive: Cube.029
00:48:06 | INFO: Primitives created: 1
00:48:06 | INFO: Extracting primitive: Cube.030
00:48:06 | INFO: Primitives created: 1
00:48:06 | INFO: Extracting primitive: Cube.031
00:48:06 | INFO: Primitives created: 1
00:48:06 | INFO: Extracting primitive: Cube.032
00:48:06 | INFO: Primitives created: 1
00:48:06 | INFO: Extracting primitive: Cube.033
00:48:06 | INFO: Primitives created: 1
00:48:06 | INFO: Extracting primitive: Cube.034
00:48:06 | INFO: Primitives created: 1
00:48:06 | INFO: Extracting primitive: Cube.035
00:48:06 | INFO: Primitives created: 1
00:48:06 | INFO: Extracting primitive: Cube.036
00:48:06 | INFO: Primitives created: 1
00:48:06 | INFO: Extracting primitive: Cube.037
00:48:06 | INFO: Primitives created: 1
00:48:06 | INFO: Extracting primitive: Cube.038
00:48:06 | INFO: Primitives created: 1
00:48:06 | INFO: Extracting primitive: Cube.039
00:48:06 | INFO: Primitives created: 1
00:48:06 | INFO: Extracting primitive: Cube.040
00:48:06 | INFO: Primitives created: 1
00:48:06 | INFO: Extracting primitive: Cube.041
00:48:06 | INFO: Primitives created: 1
00:48:06 | INFO: Extracting primitive: Cylinder
00:48:06 | INFO: Primitives created: 1
00:48:06 | INFO: Extracting primitive: Cube.042
00:48:06 | INFO: Primitives created: 1
00:48:06 | INFO: Extracting primitive: Cube.043
00:48:06 | INFO: Primitives created: 1
00:48:06 | INFO: Extracting primitive: Cylinder.001
00:48:06 | INFO: Primitives created: 1
00:48:06 | INFO: Extracting primitive: Cylinder.002
00:48:06 | INFO: Primitives created: 1
00:48:06 | INFO: Extracting primitive: Cylinder.003
00:48:06 | INFO: Primitives created: 1
00:48:06 | INFO: Extracting primitive: Cylinder.004
00:48:06 | INFO: Primitives created: 1
00:48:06 | INFO: Extracting primitive: Cylinder.005
00:48:06 | INFO: Primitives created: 1
00:48:06 | INFO: Extracting primitive: Sphere.001
00:48:06 | INFO: Primitives created: 1
00:48:06 | INFO: Extracting primitive: Cube.044
00:48:06 | INFO: Primitives created: 1
00:48:06 | INFO: Extracting primitive: Cylinder.006
00:48:06 | INFO: Primitives created: 1
00:48:06 | INFO: Extracting primitive: Cylinder.007
00:48:06 | INFO: Primitives created: 1
00:48:06 | INFO: Extracting primitive: Cube.045
00:48:06 | INFO: Primitives created: 1
00:48:06 | INFO: Extracting primitive: Cylinder.008
00:48:06 | INFO: Primitives created: 1
00:48:06 | INFO: Extracting primitive: Cylinder.009
00:48:06 | INFO: Primitives created: 1
00:48:06 | INFO: Extracting primitive: Cube.046
00:48:06 | INFO: Primitives created: 1
00:48:06 | INFO: Extracting primitive: Cylinder.010
00:48:06 | INFO: Primitives created: 1
00:48:06 | INFO: Extracting primitive: Cylinder.011
00:48:06 | INFO: Primitives created: 1
00:48:06 | INFO: Extracting primitive: Cube.047
00:48:06 | INFO: Primitives created: 1
00:48:06 | INFO: Extracting primitive: Cylinder.012
00:48:06 | INFO: Primitives created: 1
00:48:06 | INFO: Extracting primitive: Cylinder.013
00:48:06 | INFO: Primitives created: 1
00:48:06 | INFO: Extracting primitive: Cube.048
00:48:06 | INFO: Primitives created: 1
00:48:06 | INFO: Extracting primitive: Cylinder.014
00:48:06 | INFO: Primitives created: 1
00:48:06 | INFO: Extracting primitive: Cylinder.015
00:48:06 | INFO: Primitives created: 1
00:48:06 | INFO: Extracting primitive: Sphere.002
00:48:06 | INFO: Primitives created: 1
00:48:06 | INFO: Extracting primitive: Cube.049
00:48:06 | INFO: Primitives created: 1
00:48:06 | INFO: Extracting primitive: Cylinder.016
00:48:06 | INFO: Primitives created: 1
00:48:06 | INFO: Extracting primitive: Cylinder.017
00:48:06 | INFO: Primitives created: 1
00:48:06 | INFO: Extracting primitive: Cube.050
00:48:06 | INFO: Primitives created: 1
00:48:06 | INFO: Extracting primitive: Cylinder.018
00:48:06 | INFO: Primitives created: 1
00:48:06 | INFO: Extracting primitive: Cylinder.019
00:48:06 | INFO: Primitives created: 1
00:48:06 | INFO: Extracting primitive: Cube.051
00:48:06 | INFO: Primitives created: 1
00:48:06 | INFO: Extracting primitive: Cylinder.020
00:48:06 | INFO: Primitives created: 1
00:48:06 | INFO: Extracting primitive: Cylinder.021
00:48:06 | INFO: Primitives created: 1
00:48:06 | INFO: Extracting primitive: Cube.052
00:48:06 | INFO: Primitives created: 1
00:48:06 | INFO: Extracting primitive: Cylinder.022
00:48:06 | INFO: Primitives created: 1
00:48:06 | INFO: Extracting primitive: Cylinder.023
00:48:06 | INFO: Primitives created: 1
ERROR (bke.modifier): ./source/blender/blenkernel/intern/modifier.cc:458 BKE_modifier_set_error: Object: "right_layered_sode_4", Modifier: "weighted_normal", Enable 'Auto Smooth' in Object Data Properties
ERROR (bke.modifier): ./source/blender/blenkernel/intern/modifier.cc:458 BKE_modifier_set_error: Object: "left_geta_sole", Modifier: "weighted_normal", Enable 'Auto Smooth' in Object Data Properties
ERROR (bke.modifier): ./source/blender/blenkernel/intern/modifier.cc:458 BKE_modifier_set_error: Object: "left_geta_tooth_front", Modifier: "weighted_normal", Enable 'Auto Smooth' in Object Data Properties
ERROR (bke.modifier): ./source/blender/blenkernel/intern/modifier.cc:458 BKE_modifier_set_error: Object: "left_geta_tooth_rear", Modifier: "weighted_normal", Enable 'Auto Smooth' in Object Data Properties
ERROR (bke.modifier): ./source/blender/blenkernel/intern/modifier.cc:458 BKE_modifier_set_error: Object: "right_geta_sole", Modifier: "weighted_normal", Enable 'Auto Smooth' in Object Data Properties
ERROR (bke.modifier): ./source/blender/blenkernel/intern/modifier.cc:458 BKE_modifier_set_error: Object: "right_geta_tooth_front", Modifier: "weighted_normal", Enable 'Auto Smooth' in Object Data Properties
ERROR (bke.modifier): ./source/blender/blenkernel/intern/modifier.cc:458 BKE_modifier_set_error: Object: "right_geta_tooth_rear", Modifier: "weighted_normal", Enable 'Auto Smooth' in Object Data Properties
ERROR (bke.modifier): ./source/blender/blenkernel/intern/modifier.cc:458 BKE_modifier_set_error: Object: "left_fukigaeshi_flare", Modifier: "weighted_normal", Enable 'Auto Smooth' in Object Data Properties
ERROR (bke.modifier): ./source/blender/blenkernel/intern/modifier.cc:458 BKE_modifier_set_error: Object: "right_fukigaeshi_flare", Modifier: "weighted_normal", Enable 'Auto Smooth' in Object Data Properties
ERROR (bke.modifier): ./source/blender/blenkernel/intern/modifier.cc:458 BKE_modifier_set_error: Object: "shikoro_neck_guard_0", Modifier: "weighted_normal", Enable 'Auto Smooth' in Object Data Properties
ERROR (bke.modifier): ./source/blender/blenkernel/intern/modifier.cc:458 BKE_modifier_set_error: Object: "shikoro_neck_guard_1", Modifier: "weighted_normal", Enable 'Auto Smooth' in Object Data Properties
ERROR (bke.modifier): ./source/blender/blenkernel/intern/modifier.cc:458 BKE_modifier_set_error: Object: "shikoro_neck_guard_2", Modifier: "weighted_normal", Enable 'Auto Smooth' in Object Data Properties
ERROR (bke.modifier): ./source/blender/blenkernel/intern/modifier.cc:458 BKE_modifier_set_error: Object: "shikoro_neck_guard_3", Modifier: "weighted_normal", Enable 'Auto Smooth' in Object Data Properties
ERROR (bke.modifier): ./source/blender/blenkernel/intern/modifier.cc:458 BKE_modifier_set_error: Object: "left_eye_slit", Modifier: "weighted_normal", Enable 'Auto Smooth' in Object Data Properties
ERROR (bke.modifier): ./source/blender/blenkernel/intern/modifier.cc:458 BKE_modifier_set_error: Object: "right_eye_slit", Modifier: "weighted_normal", Enable 'Auto Smooth' in Object Data Properties
ERROR (bke.modifier): ./source/blender/blenkernel/intern/modifier.cc:458 BKE_modifier_set_error: Object: "katana_tsuba_guard", Modifier: "weighted_normal", Enable 'Auto Smooth' in Object Data Properties
ERROR (bke.modifier): ./source/blender/blenkernel/intern/modifier.cc:458 BKE_modifier_set_error: Object: "banner_cloth", Modifier: "weighted_normal", Enable 'Auto Smooth' in Object Data Properties
ERROR (bke.modifier): ./source/blender/blenkernel/intern/modifier.cc:458 BKE_modifier_set_error: Object: "front_row_1_kozane_115_1", Modifier: "weighted_normal", Enable 'Auto Smooth' in Object Data Properties
ERROR (bke.modifier): ./source/blender/blenkernel/intern/modifier.cc:458 BKE_modifier_set_error: Object: "front_row_1_kozane_115_4", Modifier: "weighted_normal", Enable 'Auto Smooth' in Object Data Properties
ERROR (bke.modifier): ./source/blender/blenkernel/intern/modifier.cc:458 BKE_modifier_set_error: Object: "front_row_1_kozane_115_0", Modifier: "weighted_normal", Enable 'Auto Smooth' in Object Data Properties
ERROR (bke.modifier): ./source/blender/blenkernel/intern/modifier.cc:458 BKE_modifier_set_error: Object: "front_row_0_kozane_125_6", Modifier: "weighted_normal", Enable 'Auto Smooth' in Object Data Properties
ERROR (bke.modifier): ./source/blender/blenkernel/intern/modifier.cc:458 BKE_modifier_set_error: Object: "front_row_0_kozane_125_5", Modifier: "weighted_normal", Enable 'Auto Smooth' in Object Data Properties
ERROR (bke.modifier): ./source/blender/blenkernel/intern/modifier.cc:458 BKE_modifier_set_error: Object: "front_row_3_kozane_96_3", Modifier: "weighted_normal", Enable 'Auto Smooth' in Object Data Properties
ERROR (bke.modifier): ./source/blender/blenkernel/intern/modifier.cc:458 BKE_modifier_set_error: Object: "front_row_0_kozane_125_4", Modifier: "weighted_normal", Enable 'Auto Smooth' in Object Data Properties
ERROR (bke.modifier): ./source/blender/blenkernel/intern/modifier.cc:458 BKE_modifier_set_error: Object: "front_row_0_kozane_125_3", Modifier: "weighted_normal", Enable 'Auto Smooth' in Object Data Properties
ERROR (bke.modifier): ./source/blender/blenkernel/intern/modifier.cc:458 BKE_modifier_set_error: Object: "front_row_0_kozane_125_2", Modifier: "weighted_normal", Enable 'Auto Smooth' in Object Data Properties
ERROR (bke.modifier): ./source/blender/blenkernel/intern/modifier.cc:458 BKE_modifier_set_error: Object: "front_row_1_kozane_115_5", Modifier: "weighted_normal", Enable 'Auto Smooth' in Object Data Properties
ERROR (bke.modifier): ./source/blender/blenkernel/intern/modifier.cc:458 BKE_modifier_set_error: Object: "front_row_0_kozane_125_1", Modifier: "weighted_normal", Enable 'Auto Smooth' in Object Data Properties
ERROR (bke.modifier): ./source/blender/blenkernel/intern/modifier.cc:458 BKE_modifier_set_error: Object: "front_row_3_kozane_96_4", Modifier: "weighted_normal", Enable 'Auto Smooth' in Object Data Properties
ERROR (bke.modifier): ./source/blender/blenkernel/intern/modifier.cc:458 BKE_modifier_set_error: Object: "front_row_2_kozane_106_5", Modifier: "weighted_normal", Enable 'Auto Smooth' in Object Data Properties
ERROR (bke.modifier): ./source/blender/blenkernel/intern/modifier.cc:458 BKE_modifier_set_error: Object: "front_row_2_kozane_106_6", Modifier: "weighted_normal", Enable 'Auto Smooth' in Object Data Properties
ERROR (bke.modifier): ./source/blender/blenkernel/intern/modifier.cc:458 BKE_modifier_set_error: Object: "front_row_2_kozane_106_2", Modifier: "weighted_normal", Enable 'Auto Smooth' in Object Data Properties
ERROR (bke.modifier): ./source/blender/blenkernel/intern/modifier.cc:458 BKE_modifier_set_error: Object: "front_row_3_kozane_96_0", Modifier: "weighted_normal", Enable 'Auto Smooth' in Object Data Properties
ERROR (bke.modifier): ./source/blender/blenkernel/intern/modifier.cc:458 BKE_modifier_set_error: Object: "front_row_1_kozane_115_3", Modifier: "weighted_normal", Enable 'Auto Smooth' in Object Data Properties
ERROR (bke.modifier): ./source/blender/blenkernel/intern/modifier.cc:458 BKE_modifier_set_error: Object: "front_row_2_kozane_106_4", Modifier: "weighted_normal", Enable 'Auto Smooth' in Object Data Properties
ERROR (bke.modifier): ./source/blender/blenkernel/intern/modifier.cc:458 BKE_modifier_set_error: Object: "front_row_3_kozane_96_5", Modifier: "weighted_normal", Enable 'Auto Smooth' in Object Data Properties
ERROR (bke.modifier): ./source/blender/blenkernel/intern/modifier.cc:458 BKE_modifier_set_error: Object: "front_row_2_kozane_106_0", Modifier: "weighted_normal", Enable 'Auto Smooth' in Object Data Properties
ERROR (bke.modifier): ./source/blender/blenkernel/intern/modifier.cc:458 BKE_modifier_set_error: Object: "front_row_3_kozane_96_2", Modifier: "weighted_normal", Enable 'Auto Smooth' in Object Data Properties
ERROR (bke.modifier): ./source/blender/blenkernel/intern/modifier.cc:458 BKE_modifier_set_error: Object: "front_row_0_kozane_125_0", Modifier: "weighted_normal", Enable 'Auto Smooth' in Object Data Properties
ERROR (bke.modifier): ./source/blender/blenkernel/intern/modifier.cc:458 BKE_modifier_set_error: Object: "front_row_4_kozane_87_0", Modifier: "weighted_normal", Enable 'Auto Smooth' in Object Data Properties
ERROR (bke.modifier): ./source/blender/blenkernel/intern/modifier.cc:458 BKE_modifier_set_error: Object: "front_row_4_kozane_87_3", Modifier: "weighted_normal", Enable 'Auto Smooth' in Object Data Properties
ERROR (bke.modifier): ./source/blender/blenkernel/intern/modifier.cc:458 BKE_modifier_set_error: Object: "front_row_2_kozane_106_1", Modifier: "weighted_normal", Enable 'Auto Smooth' in Object Data Properties
ERROR (bke.modifier): ./source/blender/blenkernel/intern/modifier.cc:458 BKE_modifier_set_error: Object: "front_row_4_kozane_87_2", Modifier: "weighted_normal", Enable 'Auto Smooth' in Object Data Properties
ERROR (bke.modifier): ./source/blender/blenkernel/intern/modifier.cc:458 BKE_modifier_set_error: Object: "front_row_2_kozane_106_3", Modifier: "weighted_normal", Enable 'Auto Smooth' in Object Data Properties
ERROR (bke.modifier): ./source/blender/blenkernel/intern/modifier.cc:458 BKE_modifier_set_error: Object: "front_row_4_kozane_87_4", Modifier: "weighted_normal", Enable 'Auto Smooth' in Object Data Properties
ERROR (bke.modifier): ./source/blender/blenkernel/intern/modifier.cc:458 BKE_modifier_set_error: Object: "front_row_1_kozane_115_2", Modifier: "weighted_normal", Enable 'Auto Smooth' in Object Data Properties
ERROR (bke.modifier): ./source/blender/blenkernel/intern/modifier.cc:458 BKE_modifier_set_error: Object: "front_row_3_kozane_96_1", Modifier: "weighted_normal", Enable 'Auto Smooth' in Object Data Properties
ERROR (bke.modifier): ./source/blender/blenkernel/intern/modifier.cc:458 BKE_modifier_set_error: Object: "left_side_lamellar_0", Modifier: "weighted_normal", Enable 'Auto Smooth' in Object Data Properties
ERROR (bke.modifier): ./source/blender/blenkernel/intern/modifier.cc:458 BKE_modifier_set_error: Object: "left_side_lamellar_1", Modifier: "weighted_normal", Enable 'Auto Smooth' in Object Data Properties
ERROR (bke.modifier): ./source/blender/blenkernel/intern/modifier.cc:458 BKE_modifier_set_error: Object: "front_row_4_kozane_87_5", Modifier: "weighted_normal", Enable 'Auto Smooth' in Object Data Properties
ERROR (bke.modifier): ./source/blender/blenkernel/intern/modifier.cc:458 BKE_modifier_set_error: Object: "left_side_lamellar_2", Modifier: "weighted_normal", Enable 'Auto Smooth' in Object Data Properties
ERROR (bke.modifier): ./source/blender/blenkernel/intern/modifier.cc:458 BKE_modifier_set_error: Object: "do_cuirass_core", Modifier: "weighted_normal", Enable 'Auto Smooth' in Object Data Properties
ERROR (bke.modifier): ./source/blender/blenkernel/intern/modifier.cc:458 BKE_modifier_set_error: Object: "left_side_lamellar_3", Modifier: "weighted_normal", Enable 'Auto Smooth' in Object Data Properties
ERROR (bke.modifier): ./source/blender/blenkernel/intern/modifier.cc:458 BKE_modifier_set_error: Object: "right_side_lamellar_0", Modifier: "weighted_normal", Enable 'Auto Smooth' in Object Data Properties
ERROR (bke.modifier): ./source/blender/blenkernel/intern/modifier.cc:458 BKE_modifier_set_error: Object: "front_row_1_kozane_115_6", Modifier: "weighted_normal", Enable 'Auto Smooth' in Object Data Properties
ERROR (bke.modifier): ./source/blender/blenkernel/intern/modifier.cc:458 BKE_modifier_set_error: Object: "right_side_lamellar_3", Modifier: "weighted_normal", Enable 'Auto Smooth' in Object Data Properties
ERROR (bke.modifier): ./source/blender/blenkernel/intern/modifier.cc:458 BKE_modifier_set_error: Object: "right_side_lamellar_1", Modifier: "weighted_normal", Enable 'Auto Smooth' in Object Data Properties
ERROR (bke.modifier): ./source/blender/blenkernel/intern/modifier.cc:458 BKE_modifier_set_error: Object: "front_row_4_kozane_87_1", Modifier: "weighted_normal", Enable 'Auto Smooth' in Object Data Properties
ERROR (bke.modifier): ./source/blender/blenkernel/intern/modifier.cc:458 BKE_modifier_set_error: Object: "right_side_lamellar_2", Modifier: "weighted_normal", Enable 'Auto Smooth' in Object Data Properties
ERROR (bke.modifier): ./source/blender/blenkernel/intern/modifier.cc:458 BKE_modifier_set_error: Object: "kusazuri_front_left", Modifier: "weighted_normal", Enable 'Auto Smooth' in Object Data Properties
ERROR (bke.modifier): ./source/blender/blenkernel/intern/modifier.cc:458 BKE_modifier_set_error: Object: "kusazuri_front_right", Modifier: "weighted_normal", Enable 'Auto Smooth' in Object Data Properties
ERROR (bke.modifier): ./source/blender/blenkernel/intern/modifier.cc:458 BKE_modifier_set_error: Object: "left_layered_sode_2", Modifier: "weighted_normal", Enable 'Auto Smooth' in Object Data Properties
ERROR (bke.modifier): ./source/blender/blenkernel/intern/modifier.cc:458 BKE_modifier_set_error: Object: "left_layered_sode_0", Modifier: "weighted_normal", Enable 'Auto Smooth' in Object Data Properties
ERROR (bke.modifier): ./source/blender/blenkernel/intern/modifier.cc:458 BKE_modifier_set_error: Object: "left_layered_sode_1", Modifier: "weighted_normal", Enable 'Auto Smooth' in Object Data Properties
ERROR (bke.modifier): ./source/blender/blenkernel/intern/modifier.cc:458 BKE_modifier_set_error: Object: "right_layered_sode_1", Modifier: "weighted_normal", Enable 'Auto Smooth' in Object Data Properties
ERROR (bke.modifier): ./source/blender/blenkernel/intern/modifier.cc:458 BKE_modifier_set_error: Object: "left_layered_sode_4", Modifier: "weighted_normal", Enable 'Auto Smooth' in Object Data Properties
ERROR (bke.modifier): ./source/blender/blenkernel/intern/modifier.cc:458 BKE_modifier_set_error: Object: "right_layered_sode_0", Modifier: "weighted_normal", Enable 'Auto Smooth' in Object Data Properties
ERROR (bke.modifier): ./source/blender/blenkernel/intern/modifier.cc:458 BKE_modifier_set_error: Object: "left_layered_sode_3", Modifier: "weighted_normal", Enable 'Auto Smooth' in Object Data Properties
ERROR (bke.modifier): ./source/blender/blenkernel/intern/modifier.cc:458 BKE_modifier_set_error: Object: "right_layered_sode_3", Modifier: "weighted_normal", Enable 'Auto Smooth' in Object Data Properties
ERROR (bke.modifier): ./source/blender/blenkernel/intern/modifier.cc:458 BKE_modifier_set_error: Object: "right_layered_sode_4", Modifier: "weighted_normal", Enable 'Auto Smooth' in Object Data Properties
ERROR (bke.modifier): ./source/blender/blenkernel/intern/modifier.cc:458 BKE_modifier_set_error: Object: "right_layered_sode_2", Modifier: "weighted_normal", Enable 'Auto Smooth' in Object Data Properties
ERROR (bke.modifier): ./source/blender/blenkernel/intern/modifier.cc:458 BKE_modifier_set_error: Object: "left_geta_sole", Modifier: "weighted_normal", Enable 'Auto Smooth' in Object Data Properties
ERROR (bke.modifier): ./source/blender/blenkernel/intern/modifier.cc:458 BKE_modifier_set_error: Object: "banner_cloth", Modifier: "weighted_normal", Enable 'Auto Smooth' in Object Data Properties
ERROR (bke.modifier): ./source/blender/blenkernel/intern/modifier.cc:458 BKE_modifier_set_error: Object: "right_geta_sole", Modifier: "weighted_normal", Enable 'Auto Smooth' in Object Data Properties
ERROR (bke.modifier): ./source/blender/blenkernel/intern/modifier.cc:458 BKE_modifier_set_error: Object: "left_geta_tooth_front", Modifier: "weighted_normal", Enable 'Auto Smooth' in Object Data Properties
ERROR (bke.modifier): ./source/blender/blenkernel/intern/modifier.cc:458 BKE_modifier_set_error: Object: "right_geta_tooth_front", Modifier: "weighted_normal", Enable 'Auto Smooth' in Object Data Properties
ERROR (bke.modifier): ./source/blender/blenkernel/intern/modifier.cc:458 BKE_modifier_set_error: Object: "right_fukigaeshi_flare", Modifier: "weighted_normal", Enable 'Auto Smooth' in Object Data Properties
ERROR (bke.modifier): ./source/blender/blenkernel/intern/modifier.cc:458 BKE_modifier_set_error: Object: "shikoro_neck_guard_0", Modifier: "weighted_normal", Enable 'Auto Smooth' in Object Data Properties
ERROR (bke.modifier): ./source/blender/blenkernel/intern/modifier.cc:458 BKE_modifier_set_error: Object: "shikoro_neck_guard_2", Modifier: "weighted_normal", Enable 'Auto Smooth' in Object Data Properties
ERROR (bke.modifier): ./source/blender/blenkernel/intern/modifier.cc:458 BKE_modifier_set_error: Object: "left_geta_tooth_rear", Modifier: "weighted_normal", Enable 'Auto Smooth' in Object Data Properties
ERROR (bke.modifier): ./source/blender/blenkernel/intern/modifier.cc:458 BKE_modifier_set_error: Object: "left_fukigaeshi_flare", Modifier: "weighted_normal", Enable 'Auto Smooth' in Object Data Properties
ERROR (bke.modifier): ./source/blender/blenkernel/intern/modifier.cc:458 BKE_modifier_set_error: Object: "left_eye_slit", Modifier: "weighted_normal", Enable 'Auto Smooth' in Object Data Properties
ERROR (bke.modifier): ./source/blender/blenkernel/intern/modifier.cc:458 BKE_modifier_set_error: Object: "right_geta_tooth_rear", Modifier: "weighted_normal", Enable 'Auto Smooth' in Object Data Properties
ERROR (bke.modifier): ./source/blender/blenkernel/intern/modifier.cc:458 BKE_modifier_set_error: Object: "shikoro_neck_guard_1", Modifier: "weighted_normal", Enable 'Auto Smooth' in Object Data Properties
ERROR (bke.modifier): ./source/blender/blenkernel/intern/modifier.cc:458 BKE_modifier_set_error: Object: "katana_tsuba_guard", Modifier: "weighted_normal", Enable 'Auto Smooth' in Object Data Properties
ERROR (bke.modifier): ./source/blender/blenkernel/intern/modifier.cc:458 BKE_modifier_set_error: Object: "right_eye_slit", Modifier: "weighted_normal", Enable 'Auto Smooth' in Object Data Properties
ERROR (bke.modifier): ./source/blender/blenkernel/intern/modifier.cc:458 BKE_modifier_set_error: Object: "shikoro_neck_guard_3", Modifier: "weighted_normal", Enable 'Auto Smooth' in Object Data Properties
EGL Error (0x3001): EGL_NOT_INITIALIZED: EGL is not initialized, or could not be initialized, for the specified EGL display connection.

Managed to successfully fallback to surfaceless EGL rendering!

EGL Error (0x3009): EGL_BAD_MATCH: Arguments are inconsistent (for example, a valid context requires buffers not supplied by a valid surface).
EGL Error (0x3001): EGL_NOT_INITIALIZED: EGL is not initialized, or could not be initialized, for the specified EGL display connection.

Managed to successfully fallback to surfaceless EGL rendering!

Fra:1 Mem:36.97M (Peak 38.09M) | Time:00:00.32 | Syncing cloth_torso_underlayer
Fra:1 Mem:37.05M (Peak 38.09M) | Time:00:00.34 | Syncing do_cuirass_core
Fra:1 Mem:37.07M (Peak 38.09M) | Time:00:00.34 | Syncing front_row_0_kozane_125_0
Fra:1 Mem:37.09M (Peak 38.09M) | Time:00:00.34 | Syncing front_row_0_kozane_125_1
Fra:1 Mem:37.11M (Peak 38.09M) | Time:00:00.34 | Syncing front_row_0_kozane_125_2
Fra:1 Mem:37.13M (Peak 38.09M) | Time:00:00.34 | Syncing front_row_0_kozane_125_3
Fra:1 Mem:37.15M (Peak 38.09M) | Time:00:00.34 | Syncing front_row_0_kozane_125_4
Fra:1 Mem:37.17M (Peak 38.09M) | Time:00:00.34 | Syncing front_row_0_kozane_125_5
Fra:1 Mem:37.18M (Peak 38.09M) | Time:00:00.34 | Syncing front_row_0_kozane_125_6
Fra:1 Mem:37.20M (Peak 38.09M) | Time:00:00.34 | Syncing front_row_1_kozane_115_0
Fra:1 Mem:37.22M (Peak 38.09M) | Time:00:00.34 | Syncing front_row_1_kozane_115_1
Fra:1 Mem:37.24M (Peak 38.09M) | Time:00:00.34 | Syncing front_row_1_kozane_115_2
Fra:1 Mem:37.26M (Peak 38.09M) | Time:00:00.34 | Syncing front_row_1_kozane_115_3
Fra:1 Mem:37.28M (Peak 38.09M) | Time:00:00.34 | Syncing front_row_1_kozane_115_4
Fra:1 Mem:37.30M (Peak 38.09M) | Time:00:00.34 | Syncing front_row_1_kozane_115_5
Fra:1 Mem:37.32M (Peak 38.09M) | Time:00:00.34 | Syncing front_row_1_kozane_115_6
Fra:1 Mem:37.34M (Peak 38.09M) | Time:00:00.34 | Syncing front_row_2_kozane_106_0
Fra:1 Mem:37.36M (Peak 38.09M) | Time:00:00.34 | Syncing front_row_2_kozane_106_1
Fra:1 Mem:37.38M (Peak 38.09M) | Time:00:00.34 | Syncing front_row_2_kozane_106_2
Fra:1 Mem:37.40M (Peak 38.09M) | Time:00:00.34 | Syncing front_row_2_kozane_106_3
Fra:1 Mem:37.42M (Peak 38.09M) | Time:00:00.34 | Syncing front_row_2_kozane_106_4
Fra:1 Mem:37.44M (Peak 38.09M) | Time:00:00.34 | Syncing front_row_2_kozane_106_5
Fra:1 Mem:37.46M (Peak 38.09M) | Time:00:00.34 | Syncing front_row_2_kozane_106_6
Fra:1 Mem:37.48M (Peak 38.09M) | Time:00:00.34 | Syncing front_row_3_kozane_96_0
Fra:1 Mem:37.50M (Peak 38.09M) | Time:00:00.34 | Syncing front_row_3_kozane_96_1
Fra:1 Mem:37.51M (Peak 38.09M) | Time:00:00.34 | Syncing front_row_3_kozane_96_2
Fra:1 Mem:37.53M (Peak 38.09M) | Time:00:00.34 | Syncing front_row_3_kozane_96_3
Fra:1 Mem:37.55M (Peak 38.09M) | Time:00:00.34 | Syncing front_row_3_kozane_96_4
Fra:1 Mem:37.57M (Peak 38.09M) | Time:00:00.34 | Syncing front_row_3_kozane_96_5
Fra:1 Mem:37.59M (Peak 38.09M) | Time:00:00.34 | Syncing front_row_4_kozane_87_0
Fra:1 Mem:37.61M (Peak 38.09M) | Time:00:00.34 | Syncing front_row_4_kozane_87_1
Fra:1 Mem:37.63M (Peak 38.09M) | Time:00:00.34 | Syncing front_row_4_kozane_87_2
Fra:1 Mem:37.65M (Peak 38.09M) | Time:00:00.34 | Syncing front_row_4_kozane_87_3
Fra:1 Mem:37.67M (Peak 38.09M) | Time:00:00.34 | Syncing front_row_4_kozane_87_4
Fra:1 Mem:37.69M (Peak 38.09M) | Time:00:00.34 | Syncing front_row_4_kozane_87_5
Fra:1 Mem:37.71M (Peak 38.09M) | Time:00:00.34 | Syncing left_side_lamellar_0
Fra:1 Mem:37.73M (Peak 38.09M) | Time:00:00.34 | Syncing left_side_lamellar_1
Fra:1 Mem:37.75M (Peak 38.09M) | Time:00:00.34 | Syncing left_side_lamellar_2
Fra:1 Mem:37.77M (Peak 38.09M) | Time:00:00.34 | Syncing left_side_lamellar_3
Fra:1 Mem:37.79M (Peak 38.09M) | Time:00:00.34 | Syncing right_side_lamellar_0
Fra:1 Mem:37.81M (Peak 38.09M) | Time:00:00.34 | Syncing right_side_lamellar_1
Fra:1 Mem:37.83M (Peak 38.09M) | Time:00:00.34 | Syncing right_side_lamellar_2
Fra:1 Mem:37.84M (Peak 38.09M) | Time:00:00.34 | Syncing right_side_lamellar_3
Fra:1 Mem:37.86M (Peak 38.09M) | Time:00:00.34 | Syncing obi_sash_front
Fra:1 Mem:37.88M (Peak 38.09M) | Time:00:00.34 | Syncing kusazuri_front_left
Fra:1 Mem:37.89M (Peak 38.09M) | Time:00:00.34 | Syncing kusazuri_front_right
Fra:1 Mem:37.91M (Peak 38.09M) | Time:00:00.34 | Syncing blue_lacing_front_0
Fra:1 Mem:37.92M (Peak 38.09M) | Time:00:00.34 | Syncing blue_lacing_front_1
Fra:1 Mem:37.93M (Peak 38.09M) | Time:00:00.34 | Syncing blue_lacing_front_2
Fra:1 Mem:37.94M (Peak 38.09M) | Time:00:00.34 | Syncing blue_lacing_front_3
Fra:1 Mem:37.95M (Peak 38.09M) | Time:00:00.34 | Syncing blue_lacing_front_4
Fra:1 Mem:37.96M (Peak 38.09M) | Time:00:00.34 | Syncing left_rounded_shoulder_undercloth
Fra:1 Mem:38.00M (Peak 38.09M) | Time:00:00.34 | Syncing left_layered_sode_0
Fra:1 Mem:38.02M (Peak 38.09M) | Time:00:00.34 | Syncing left_sode_lace_0_a
Fra:1 Mem:38.03M (Peak 38.09M) | Time:00:00.34 | Syncing left_sode_lace_0_b
Fra:1 Mem:38.04M (Peak 38.09M) | Time:00:00.34 | Syncing left_layered_sode_1
Fra:1 Mem:38.06M (Peak 38.09M) | Time:00:00.34 | Syncing left_sode_lace_1_a
Fra:1 Mem:38.06M (Peak 38.09M) | Time:00:00.34 | Syncing left_sode_lace_1_b
Fra:1 Mem:38.07M (Peak 38.09M) | Time:00:00.34 | Syncing left_layered_sode_2
Fra:1 Mem:38.09M (Peak 38.09M) | Time:00:00.34 | Syncing left_sode_lace_2_a
Fra:1 Mem:38.10M (Peak 38.11M) | Time:00:00.34 | Syncing left_sode_lace_2_b
Fra:1 Mem:38.11M (Peak 38.12M) | Time:00:00.34 | Syncing left_layered_sode_3
Fra:1 Mem:38.13M (Peak 38.13M) | Time:00:00.34 | Syncing left_sode_lace_3_a
Fra:1 Mem:38.14M (Peak 38.15M) | Time:00:00.34 | Syncing left_sode_lace_3_b
Fra:1 Mem:38.15M (Peak 38.15M) | Time:00:00.34 | Syncing left_layered_sode_4
Fra:1 Mem:38.17M (Peak 38.17M) | Time:00:00.34 | Syncing left_sode_lace_4_a
Fra:1 Mem:38.17M (Peak 38.18M) | Time:00:00.34 | Syncing left_sode_lace_4_b
Fra:1 Mem:38.18M (Peak 38.19M) | Time:00:00.35 | Syncing right_rounded_shoulder_undercloth
Fra:1 Mem:38.23M (Peak 38.23M) | Time:00:00.35 | Syncing right_layered_sode_0
Fra:1 Mem:38.24M (Peak 38.24M) | Time:00:00.35 | Syncing right_sode_lace_0_a
Fra:1 Mem:38.25M (Peak 38.26M) | Time:00:00.35 | Syncing right_sode_lace_0_b
Fra:1 Mem:38.26M (Peak 38.27M) | Time:00:00.35 | Syncing right_layered_sode_1
Fra:1 Mem:38.28M (Peak 38.28M) | Time:00:00.35 | Syncing right_sode_lace_1_a
Fra:1 Mem:38.29M (Peak 38.30M) | Time:00:00.35 | Syncing right_sode_lace_1_b
Fra:1 Mem:38.30M (Peak 38.31M) | Time:00:00.35 | Syncing right_layered_sode_2
Fra:1 Mem:38.32M (Peak 38.32M) | Time:00:00.35 | Syncing right_sode_lace_2_a
Fra:1 Mem:38.33M (Peak 38.34M) | Time:00:00.35 | Syncing right_sode_lace_2_b
Fra:1 Mem:38.34M (Peak 38.34M) | Time:00:00.35 | Syncing right_layered_sode_3
Fra:1 Mem:38.35M (Peak 38.35M) | Time:00:00.35 | Syncing right_sode_lace_3_a
Fra:1 Mem:38.36M (Peak 38.37M) | Time:00:00.35 | Syncing right_sode_lace_3_b
Fra:1 Mem:38.37M (Peak 38.38M) | Time:00:00.35 | Syncing right_layered_sode_4
Fra:1 Mem:38.39M (Peak 38.39M) | Time:00:00.35 | Syncing right_sode_lace_4_a
Fra:1 Mem:38.40M (Peak 38.41M) | Time:00:00.35 | Syncing right_sode_lace_4_b
Fra:1 Mem:38.41M (Peak 38.42M) | Time:00:00.35 | Syncing left_upper_arm_cloth
Fra:1 Mem:38.42M (Peak 38.43M) | Time:00:00.35 | Syncing left_forearm_kote
Fra:1 Mem:38.43M (Peak 38.48M) | Time:00:00.35 | Syncing left_gloved_hand
Fra:1 Mem:38.46M (Peak 38.49M) | Time:00:00.35 | Syncing left_finger_0
Fra:1 Mem:38.47M (Peak 38.49M) | Time:00:00.35 | Syncing left_finger_1
Fra:1 Mem:38.48M (Peak 38.49M) | Time:00:00.35 | Syncing left_finger_2
Fra:1 Mem:38.49M (Peak 38.50M) | Time:00:00.35 | Syncing left_finger_3
Fra:1 Mem:38.50M (Peak 38.51M) | Time:00:00.35 | Syncing right_upper_arm_cloth
Fra:1 Mem:38.51M (Peak 38.52M) | Time:00:00.35 | Syncing right_forearm_kote
Fra:1 Mem:38.52M (Peak 38.53M) | Time:00:00.35 | Syncing right_gloved_hand
Fra:1 Mem:38.55M (Peak 38.55M) | Time:00:00.35 | Syncing right_finger_0
Fra:1 Mem:38.56M (Peak 38.57M) | Time:00:00.35 | Syncing right_finger_1
Fra:1 Mem:38.56M (Peak 38.57M) | Time:00:00.35 | Syncing right_finger_2
Fra:1 Mem:38.57M (Peak 38.58M) | Time:00:00.35 | Syncing right_finger_3
Fra:1 Mem:38.58M (Peak 38.59M) | Time:00:00.35 | Syncing left_hakama_outer_fold
Fra:1 Mem:38.59M (Peak 38.60M) | Time:00:00.35 | Syncing left_shin_guard
Fra:1 Mem:38.60M (Peak 38.61M) | Time:00:00.35 | Syncing left_ankle_tabi_bridge
Fra:1 Mem:38.65M (Peak 38.65M) | Time:00:00.35 | Syncing left_tabi_sock
Fra:1 Mem:38.67M (Peak 38.67M) | Time:00:00.35 | Syncing left_geta_sole
Fra:1 Mem:38.69M (Peak 38.73M) | Time:00:00.35 | Syncing left_geta_tooth_front
Fra:1 Mem:38.71M (Peak 38.73M) | Time:00:00.35 | Syncing left_geta_tooth_rear
Fra:1 Mem:38.73M (Peak 38.73M) | Time:00:00.35 | Syncing left_geta_thong_a
Fra:1 Mem:38.74M (Peak 38.75M) | Time:00:00.35 | Syncing left_geta_thong_b
Fra:1 Mem:38.75M (Peak 38.76M) | Time:00:00.35 | Syncing left_hakama_fold_line_0
Fra:1 Mem:38.76M (Peak 38.77M) | Time:00:00.35 | Syncing left_hakama_fold_line_1
Fra:1 Mem:38.77M (Peak 38.78M) | Time:00:00.35 | Syncing left_hakama_fold_line_2
Fra:1 Mem:38.78M (Peak 38.79M) | Time:00:00.35 | Syncing right_hakama_outer_fold
Fra:1 Mem:38.79M (Peak 38.80M) | Time:00:00.35 | Syncing right_shin_guard
Fra:1 Mem:38.80M (Peak 38.81M) | Time:00:00.35 | Syncing right_ankle_tabi_bridge
Fra:1 Mem:38.81M (Peak 38.82M) | Time:00:00.35 | Syncing right_tabi_sock
Fra:1 Mem:38.84M (Peak 38.84M) | Time:00:00.35 | Syncing right_geta_sole
Fra:1 Mem:38.86M (Peak 38.86M) | Time:00:00.35 | Syncing right_geta_tooth_front
Fra:1 Mem:38.88M (Peak 38.88M) | Time:00:00.35 | Syncing right_geta_tooth_rear
Fra:1 Mem:38.90M (Peak 38.90M) | Time:00:00.35 | Syncing right_geta_thong_a
Fra:1 Mem:38.90M (Peak 38.91M) | Time:00:00.35 | Syncing right_geta_thong_b
Fra:1 Mem:38.91M (Peak 38.92M) | Time:00:00.35 | Syncing right_hakama_fold_line_0
Fra:1 Mem:38.92M (Peak 38.93M) | Time:00:00.35 | Syncing right_hakama_fold_line_1
Fra:1 Mem:38.93M (Peak 38.94M) | Time:00:00.35 | Syncing right_hakama_fold_line_2
Fra:1 Mem:38.94M (Peak 38.95M) | Time:00:00.35 | Syncing kabuto_helmet_bowl
Fra:1 Mem:39.04M (Peak 39.04M) | Time:00:00.35 | Syncing helmet_front_brim
Fra:1 Mem:39.08M (Peak 39.08M) | Time:00:00.35 | Syncing helmet_rear_flare
Fra:1 Mem:39.13M (Peak 39.13M) | Time:00:00.35 | Syncing helmet_gold_rivet
Fra:1 Mem:39.15M (Peak 39.19M) | Time:00:00.35 | Syncing left_fukigaeshi_flare
Fra:1 Mem:39.17M (Peak 39.19M) | Time:00:00.35 | Syncing right_fukigaeshi_flare
Fra:1 Mem:39.19M (Peak 39.19M) | Time:00:00.35 | Syncing shikoro_neck_guard_0
Fra:1 Mem:39.21M (Peak 39.21M) | Time:00:00.35 | Syncing shikoro_neck_guard_1
Fra:1 Mem:39.23M (Peak 39.23M) | Time:00:00.35 | Syncing shikoro_neck_guard_2
Fra:1 Mem:39.25M (Peak 39.25M) | Time:00:00.35 | Syncing shikoro_neck_guard_3
Fra:1 Mem:39.27M (Peak 39.27M) | Time:00:00.35 | Syncing maedate_hawk_left
Fra:1 Mem:39.28M (Peak 39.29M) | Time:00:00.35 | Syncing maedate_hawk_right
Fra:1 Mem:39.29M (Peak 39.30M) | Time:00:00.35 | Syncing maedate_hawk_stem
Fra:1 Mem:39.30M (Peak 39.31M) | Time:00:00.35 | Syncing visible_face_shadow
Fra:1 Mem:39.34M (Peak 39.36M) | Time:00:00.35 | Syncing mempo_cheek_mask
Fra:1 Mem:39.39M (Peak 39.40M) | Time:00:00.35 | Syncing left_eye_slit
Fra:1 Mem:39.41M (Peak 39.41M) | Time:00:00.35 | Syncing right_eye_slit
Fra:1 Mem:39.43M (Peak 39.43M) | Time:00:00.35 | Syncing mempo_moustache_left
Fra:1 Mem:39.44M (Peak 39.44M) | Time:00:00.35 | Syncing mempo_moustache_right
Fra:1 Mem:39.44M (Peak 39.45M) | Time:00:00.35 | Syncing katana_blade
Fra:1 Mem:39.45M (Peak 39.50M) | Time:00:00.35 | Syncing katana_black_ridge
Fra:1 Mem:39.46M (Peak 39.50M) | Time:00:00.35 | Syncing tsuka_wrapped_handle
Fra:1 Mem:39.47M (Peak 39.50M) | Time:00:00.35 | Syncing katana_tsuba_guard
Fra:1 Mem:39.49M (Peak 39.50M) | Time:00:00.35 | Syncing katana_pommel
Fra:1 Mem:39.50M (Peak 39.51M) | Time:00:00.35 | Syncing banner_cloth
Fra:1 Mem:39.52M (Peak 39.56M) | Time:00:00.35 | Syncing banner_cloth_mon
Fra:1 Mem:39.54M (Peak 39.58M) | Time:00:00.35 | Syncing banner_pole
Fra:1 Mem:39.54M (Peak 39.58M) | Time:00:00.35 | Syncing banner_mon
Fra:1 Mem:39.55M (Peak 39.58M) | Time:00:00.35 | Syncing softbox_key
Fra:1 Mem:39.55M (Peak 39.58M) | Time:00:00.35 | Syncing front_fill
Fra:1 Mem:39.55M (Peak 39.58M) | Time:00:00.35 | Syncing rim_light
Fra:1 Mem:39.56M (Peak 39.58M) | Time:00:00.35 | Syncing render_ground
Fra:1 Mem:39.56M (Peak 39.61M) | Time:00:00.35 | Syncing cam_takeda-01
Fra:1 Mem:39.50M (Peak 39.61M) | Time:00:00.36 | Rendering 1 / 64 samples
Fra:1 Mem:38.37M (Peak 39.61M) | Time:00:03.86 | Rendering 26 / 64 samples
Fra:1 Mem:38.37M (Peak 39.61M) | Time:00:06.58 | Rendering 51 / 64 samples
Fra:1 Mem:38.37M (Peak 39.61M) | Time:00:07.97 | Rendering 64 / 64 samples
Saved: '/workspaces/factory-edo-woodblock/worker-1/ystackai_studio-edo-woodblock/checkout/games/kawanakajima-foundry-samurai-proof/assets/generated/foundry/samurai-v17/full-20/takeda-01/cs_front.png'
 Time: 00:08.23 (Saving: 00:00.14)

ERROR (bke.modifier): ./source/blender/blenkernel/intern/modifier.cc:458 BKE_modifier_set_error: Object: "front_row_0_kozane_125_5", Modifier: "weighted_normal", Enable 'Auto Smooth' in Object Data Properties
ERROR (bke.modifier): ./source/blender/blenkernel/intern/modifier.cc:458 BKE_modifier_set_error: Object: "front_row_1_kozane_115_1", Modifier: "weighted_normal", Enable 'Auto Smooth' in Object Data Properties
ERROR (bke.modifier): ./source/blender/blenkernel/intern/modifier.cc:458 BKE_modifier_set_error: Object: "front_row_0_kozane_125_4", Modifier: "weighted_normal", Enable 'Auto Smooth' in Object Data Properties
ERROR (bke.modifier): ./source/blender/blenkernel/intern/modifier.cc:458 BKE_modifier_set_error: Object: "front_row_1_kozane_115_2", Modifier: "weighted_normal", Enable 'Auto Smooth' in Object Data Properties
ERROR (bke.modifier): ./source/blender/blenkernel/intern/modifier.cc:458 BKE_modifier_set_error: Object: "front_row_1_kozane_115_4", Modifier: "weighted_normal", Enable 'Auto Smooth' in Object Data Properties
ERROR (bke.modifier): ./source/blender/blenkernel/intern/modifier.cc:458 BKE_modifier_set_error: Object: "front_row_1_kozane_115_3", Modifier: "weighted_normal", Enable 'Auto Smooth' in Object Data Properties
ERROR (bke.modifier): ./source/blender/blenkernel/intern/modifier.cc:458 BKE_modifier_set_error: Object: "front_row_1_kozane_115_5", Modifier: "weighted_normal", Enable 'Auto Smooth' in Object Data Properties
ERROR (bke.modifier): ./source/blender/blenkernel/intern/modifier.cc:458 BKE_modifier_set_error: Object: "front_row_1_kozane_115_0", Modifier: "weighted_normal", Enable 'Auto Smooth' in Object Data Properties
ERROR (bke.modifier): ./source/blender/blenkernel/intern/modifier.cc:458 BKE_modifier_set_error: Object: "front_row_0_kozane_125_6", Modifier: "weighted_normal", Enable 'Auto Smooth' in Object Data Properties
ERROR (bke.modifier): ./source/blender/blenkernel/intern/modifier.cc:458 BKE_modifier_set_error: Object: "front_row_2_kozane_106_0", Modifier: "weighted_normal", Enable 'Auto Smooth' in Object Data Properties
ERROR (bke.modifier): ./source/blender/blenkernel/intern/modifier.cc:458 BKE_modifier_set_error: Object: "front_row_2_kozane_106_6", Modifier: "weighted_normal", Enable 'Auto Smooth' in Object Data Properties
ERROR (bke.modifier): ./source/blender/blenkernel/intern/modifier.cc:458 BKE_modifier_set_error: Object: "front_row_2_kozane_106_2", Modifier: "weighted_normal", Enable 'Auto Smooth' in Object Data Properties
ERROR (bke.modifier): ./source/blender/blenkernel/intern/modifier.cc:458 BKE_modifier_set_error: Object: "front_row_2_kozane_106_3", Modifier: "weighted_normal", Enable 'Auto Smooth' in Object Data Properties
ERROR (bke.modifier): ./source/blender/blenkernel/intern/modifier.cc:458 BKE_modifier_set_error: Object: "front_row_2_kozane_106_5", Modifier: "weighted_normal", Enable 'Auto Smooth' in Object Data Properties
ERROR (bke.modifier): ./source/blender/blenkernel/intern/modifier.cc:458 BKE_modifier_set_error: Object: "front_row_0_kozane_125_3", Modifier: "weighted_normal", Enable 'Auto Smooth' in Object Data Properties
ERROR (bke.modifier): ./source/blender/blenkernel/intern/modifier.cc:458 BKE_modifier_set_error: Object: "front_row_3_kozane_96_1", Modifier: "weighted_normal", Enable 'Auto Smooth' in Object Data Properties
ERROR (bke.modifier): ./source/blender/blenkernel/intern/modifier.cc:458 BKE_modifier_set_error: Object: "front_row_3_kozane_96_0", Modifier: "weighted_normal", Enable 'Auto Smooth' in Object Data Properties
ERROR (bke.modifier): ./source/blender/blenkernel/intern/modifier.cc:458 BKE_modifier_set_error: Object: "front_row_1_kozane_115_6", Modifier: "weighted_normal", Enable 'Auto Smooth' in Object Data Properties
ERROR (bke.modifier): ./source/blender/blenkernel/intern/modifier.cc:458 BKE_modifier_set_error: Object: "front_row_3_kozane_96_4", Modifier: "weighted_normal", Enable 'Auto Smooth' in Object Data Properties
ERROR (bke.modifier): ./source/blender/blenkernel/intern/modifier.cc:458 BKE_modifier_set_error: Object: "front_row_2_kozane_106_4", Modifier: "weighted_normal", Enable 'Auto Smooth' in Object Data Properties
ERROR (bke.modifier): ./source/blender/blenkernel/intern/modifier.cc:458 BKE_modifier_set_error: Object: "front_row_3_kozane_96_2", Modifier: "weighted_normal", Enable 'Auto Smooth' in Object Data Properties
ERROR (bke.modifier): ./source/blender/blenkernel/intern/modifier.cc:458 BKE_modifier_set_error: Object: "front_row_3_kozane_96_3", Modifier: "weighted_normal", Enable 'Auto Smooth' in Object Data Properties
ERROR (bke.modifier): ./source/blender/blenkernel/intern/modifier.cc:458 BKE_modifier_set_error: Object: "front_row_3_kozane_96_5", Modifier: "weighted_normal", Enable 'Auto Smooth' in Object Data Properties
ERROR (bke.modifier): ./source/blender/blenkernel/intern/modifier.cc:458 BKE_modifier_set_error: Object: "front_row_2_kozane_106_1", Modifier: "weighted_normal", Enable 'Auto Smooth' in Object Data Properties
ERROR (bke.modifier): ./source/blender/blenkernel/intern/modifier.cc:458 BKE_modifier_set_error: Object: "front_row_4_kozane_87_0", Modifier: "weighted_normal", Enable 'Auto Smooth' in Object Data Properties
ERROR (bke.modifier): ./source/blender/blenkernel/intern/modifier.cc:458 BKE_modifier_set_error: Object: "front_row_4_kozane_87_2", Modifier: "weighted_normal", Enable 'Auto Smooth' in Object Data Properties
ERROR (bke.modifier): ./source/blender/blenkernel/intern/modifier.cc:458 BKE_modifier_set_error: Object: "front_row_4_kozane_87_1", Modifier: "weighted_normal", Enable 'Auto Smooth' in Object Data Properties
ERROR (bke.modifier): ./source/blender/blenkernel/intern/modifier.cc:458 BKE_modifier_set_error: Object: "front_row_4_kozane_87_3", Modifier: "weighted_normal", Enable 'Auto Smooth' in Object Data Properties
ERROR (bke.modifier): ./source/blender/blenkernel/intern/modifier.cc:458 BKE_modifier_set_error: Object: "front_row_0_kozane_125_2", Modifier: "weighted_normal", Enable 'Auto Smooth' in Object Data Properties
ERROR (bke.modifier): ./source/blender/blenkernel/intern/modifier.cc:458 BKE_modifier_set_error: Object: "front_row_4_kozane_87_4", Modifier: "weighted_normal", Enable 'Auto Smooth' in Object Data Properties
ERROR (bke.modifier): ./source/blender/blenkernel/intern/modifier.cc:458 BKE_modifier_set_error: Object: "left_side_lamellar_0", Modifier: "weighted_normal", Enable 'Auto Smooth' in Object Data Properties
ERROR (bke.modifier): ./source/blender/blenkernel/intern/modifier.cc:458 BKE_modifier_set_error: Object: "left_side_lamellar_3", Modifier: "weighted_normal", Enable 'Auto Smooth' in Object Data Properties
ERROR (bke.modifier): ./source/blender/blenkernel/intern/modifier.cc:458 BKE_modifier_set_error: Object: "front_row_4_kozane_87_5", Modifier: "weighted_normal", Enable 'Auto Smooth' in Object Data Properties
ERROR (bke.modifier): ./source/blender/blenkernel/intern/modifier.cc:458 BKE_modifier_set_error: Object: "left_side_lamellar_1", Modifier: "weighted_normal", Enable 'Auto Smooth' in Object Data Properties
ERROR (bke.modifier): ./source/blender/blenkernel/intern/modifier.cc:458 BKE_modifier_set_error: Object: "left_side_lamellar_2", Modifier: "weighted_normal", Enable 'Auto Smooth' in Object Data Properties
ERROR (bke.modifier): ./source/blender/blenkernel/intern/modifier.cc:458 BKE_modifier_set_error: Object: "right_side_lamellar_3", Modifier: "weighted_normal", Enable 'Auto Smooth' in Object Data Properties
ERROR (bke.modifier): ./source/blender/blenkernel/intern/modifier.cc:458 BKE_modifier_set_error: Object: "right_side_lamellar_0", Modifier: "weighted_normal", Enable 'Auto Smooth' in Object Data Properties
ERROR (bke.modifier): ./source/blender/blenkernel/intern/modifier.cc:458 BKE_modifier_set_error: Object: "right_side_lamellar_2", Modifier: "weighted_normal", Enable 'Auto Smooth' in Object Data Properties
ERROR (bke.modifier): ./source/blender/blenkernel/intern/modifier.cc:458 BKE_modifier_set_error: Object: "front_row_0_kozane_125_1", Modifier: "weighted_normal", Enable 'Auto Smooth' in Object Data Properties
ERROR (bke.modifier): ./source/blender/blenkernel/intern/modifier.cc:458 BKE_modifier_set_error: Object: "kusazuri_front_right", Modifier: "weighted_normal", Enable 'Auto Smooth' in Object Data Properties
ERROR (bke.modifier): ./source/blender/blenkernel/intern/modifier.cc:458 BKE_modifier_set_error: Object: "right_side_lamellar_1", Modifier: "weighted_normal", Enable 'Auto Smooth' in Object Data Properties
ERROR (bke.modifier): ./source/blender/blenkernel/intern/modifier.cc:458 BKE_modifier_set_error: Object: "left_layered_sode_1", Modifier: "weighted_normal", Enable 'Auto Smooth' in Object Data Properties
ERROR (bke.modifier): ./source/blender/blenkernel/intern/modifier.cc:458 BKE_modifier_set_error: Object: "kusazuri_front_left", Modifier: "weighted_normal", Enable 'Auto Smooth' in Object Data Properties
ERROR (bke.modifier): ./source/blender/blenkernel/intern/modifier.cc:458 BKE_modifier_set_error: Object: "left_layered_sode_2", Modifier: "weighted_normal", Enable 'Auto Smooth' in Object Data Properties
ERROR (bke.modifier): ./source/blender/blenkernel/intern/modifier.cc:458 BKE_modifier_set_error: Object: "left_layered_sode_0", Modifier: "weighted_normal", Enable 'Auto Smooth' in Object Data Properties
ERROR (bke.modifier): ./source/blender/blenkernel/intern/modifier.cc:458 BKE_modifier_set_error: Object: "left_layered_sode_3", Modifier: "weighted_normal", Enable 'Auto Smooth' in Object Data Properties
ERROR (bke.modifier): ./source/blender/blenkernel/intern/modifier.cc:458 BKE_modifier_set_error: Object: "left_layered_sode_4", Modifier: "weighted_normal", Enable 'Auto Smooth' in Object Data Properties
ERROR (bke.modifier): ./source/blender/blenkernel/intern/modifier.cc:458 BKE_modifier_set_error: Object: "front_row_0_kozane_125_0", Modifier: "weighted_normal", Enable 'Auto Smooth' in Object Data Properties
ERROR (bke.modifier): ./source/blender/blenkernel/intern/modifier.cc:458 BKE_modifier_set_error: Object: "right_layered_sode_0", Modifier: "weighted_normal", Enable 'Auto Smooth' in Object Data Properties
ERROR (bke.modifier): ./source/blender/blenkernel/intern/modifier.cc:458 BKE_modifier_set_error: Object: "right_layered_sode_3", Modifier: "weighted_normal", Enable 'Auto Smooth' in Object Data Properties
ERROR (bke.modifier): ./source/blender/blenkernel/intern/modifier.cc:458 BKE_modifier_set_error: Object: "right_layered_sode_1", Modifier: "weighted_normal", Enable 'Auto Smooth' in Object Data Properties
ERROR (bke.modifier): ./source/blender/blenkernel/intern/modifier.cc:458 BKE_modifier_set_error: Object: "right_layered_sode_2", Modifier: "weighted_normal", Enable 'Auto Smooth' in Object Data Properties
ERROR (bke.modifier): ./source/blender/blenkernel/intern/modifier.cc:458 BKE_modifier_set_error: Object: "right_layered_sode_4", Modifier: "weighted_normal", Enable 'Auto Smooth' in Object Data Properties
ERROR (bke.modifier): ./source/blender/blenkernel/intern/modifier.cc:458 BKE_modifier_set_error: Object: "left_geta_sole", Modifier: "weighted_normal", Enable 'Auto Smooth' in Object Data Properties
ERROR (bke.modifier): ./source/blender/blenkernel/intern/modifier.cc:458 BKE_modifier_set_error: Object: "left_geta_tooth_rear", Modifier: "weighted_normal", Enable 'Auto Smooth' in Object Data Properties
ERROR (bke.modifier): ./source/blender/blenkernel/intern/modifier.cc:458 BKE_modifier_set_error: Object: "left_geta_tooth_front", Modifier: "weighted_normal", Enable 'Auto Smooth' in Object Data Properties
ERROR (bke.modifier): ./source/blender/blenkernel/intern/modifier.cc:458 BKE_modifier_set_error: Object: "right_geta_tooth_front", Modifier: "weighted_normal", Enable 'Auto Smooth' in Object Data Properties
ERROR (bke.modifier): ./source/blender/blenkernel/intern/modifier.cc:458 BKE_modifier_set_error: Object: "do_cuirass_core", Modifier: "weighted_normal", Enable 'Auto Smooth' in Object Data Properties
ERROR (bke.modifier): ./source/blender/blenkernel/intern/modifier.cc:458 BKE_modifier_set_error: Object: "right_fukigaeshi_flare", Modifier: "weighted_normal", Enable 'Auto Smooth' in Object Data Properties
ERROR (bke.modifier): ./source/blender/blenkernel/intern/modifier.cc:458 BKE_modifier_set_error: Object: "right_geta_sole", Modifier: "weighted_normal", Enable 'Auto Smooth' in Object Data Properties
ERROR (bke.modifier): ./source/blender/blenkernel/intern/modifier.cc:458 BKE_modifier_set_error: Object: "right_geta_tooth_rear", Modifier: "weighted_normal", Enable 'Auto Smooth' in Object Data Properties
ERROR (bke.modifier): ./source/blender/blenkernel/intern/modifier.cc:458 BKE_modifier_set_error: Object: "left_fukigaeshi_flare", Modifier: "weighted_normal", Enable 'Auto Smooth' in Object Data Properties
ERROR (bke.modifier): ./source/blender/blenkernel/intern/modifier.cc:458 BKE_modifier_set_error: Object: "shikoro_neck_guard_0", Modifier: "weighted_normal", Enable 'Auto Smooth' in Object Data Properties
ERROR (bke.modifier): ./source/blender/blenkernel/intern/modifier.cc:458 BKE_modifier_set_error: Object: "shikoro_neck_guard_1", Modifier: "weighted_normal", Enable 'Auto Smooth' in Object Data Properties
ERROR (bke.modifier): ./source/blender/blenkernel/intern/modifier.cc:458 BKE_modifier_set_error: Object: "shikoro_neck_guard_2", Modifier: "weighted_normal", Enable 'Auto Smooth' in Object Data Properties
ERROR (bke.modifier): ./source/blender/blenkernel/intern/modifier.cc:458 BKE_modifier_set_error: Object: "shikoro_neck_guard_3", Modifier: "weighted_normal", Enable 'Auto Smooth' in Object Data Properties
ERROR (bke.modifier): ./source/blender/blenkernel/intern/modifier.cc:458 BKE_modifier_set_error: Object: "left_eye_slit", Modifier: "weighted_normal", Enable 'Auto Smooth' in Object Data Properties
ERROR (bke.modifier): ./source/blender/blenkernel/intern/modifier.cc:458 BKE_modifier_set_error: Object: "katana_tsuba_guard", Modifier: "weighted_normal", Enable 'Auto Smooth' in Object Data Properties
ERROR (bke.modifier): ./source/blender/blenkernel/intern/modifier.cc:458 BKE_modifier_set_error: Object: "right_eye_slit", Modifier: "weighted_normal", Enable 'Auto Smooth' in Object Data Properties
ERROR (bke.modifier): ./source/blender/blenkernel/intern/modifier.cc:458 BKE_modifier_set_error: Object: "banner_cloth", Modifier: "weighted_normal", Enable 'Auto Smooth' in Object Data Properties
Fra:1 Mem:36.99M (Peak 37.01M) | Time:00:00.06 | Syncing cloth_torso_underlayer
Fra:1 Mem:37.06M (Peak 37.06M) | Time:00:00.06 | Syncing do_cuirass_core
Fra:1 Mem:37.08M (Peak 37.12M) | Time:00:00.06 | Syncing front_row_0_kozane_125_0
Fra:1 Mem:37.10M (Peak 37.12M) | Time:00:00.06 | Syncing front_row_0_kozane_125_1
Fra:1 Mem:37.12M (Peak 37.12M) | Time:00:00.06 | Syncing front_row_0_kozane_125_2
Fra:1 Mem:37.14M (Peak 37.14M) | Time:00:00.06 | Syncing front_row_0_kozane_125_3
Fra:1 Mem:37.16M (Peak 37.16M) | Time:00:00.06 | Syncing front_row_0_kozane_125_4
Fra:1 Mem:37.18M (Peak 37.18M) | Time:00:00.06 | Syncing front_row_0_kozane_125_5
Fra:1 Mem:37.19M (Peak 37.19M) | Time:00:00.06 | Syncing front_row_0_kozane_125_6
Fra:1 Mem:37.21M (Peak 37.21M) | Time:00:00.06 | Syncing front_row_1_kozane_115_0
Fra:1 Mem:37.23M (Peak 37.27M) | Time:00:00.06 | Syncing front_row_1_kozane_115_1
Fra:1 Mem:37.25M (Peak 37.27M) | Time:00:00.06 | Syncing front_row_1_kozane_115_2
Fra:1 Mem:37.27M (Peak 37.27M) | Time:00:00.06 | Syncing front_row_1_kozane_115_3
Fra:1 Mem:37.29M (Peak 37.29M) | Time:00:00.06 | Syncing front_row_1_kozane_115_4
Fra:1 Mem:37.31M (Peak 37.31M) | Time:00:00.06 | Syncing front_row_1_kozane_115_5
Fra:1 Mem:37.33M (Peak 37.33M) | Time:00:00.06 | Syncing front_row_1_kozane_115_6
Fra:1 Mem:37.35M (Peak 37.35M) | Time:00:00.06 | Syncing front_row_2_kozane_106_0
Fra:1 Mem:37.37M (Peak 37.37M) | Time:00:00.06 | Syncing front_row_2_kozane_106_1
Fra:1 Mem:37.39M (Peak 37.39M) | Time:00:00.06 | Syncing front_row_2_kozane_106_2
Fra:1 Mem:37.41M (Peak 37.41M) | Time:00:00.06 | Syncing front_row_2_kozane_106_3
Fra:1 Mem:37.43M (Peak 37.43M) | Time:00:00.06 | Syncing front_row_2_kozane_106_4
Fra:1 Mem:37.45M (Peak 37.45M) | Time:00:00.06 | Syncing front_row_2_kozane_106_5
Fra:1 Mem:37.47M (Peak 37.47M) | Time:00:00.06 | Syncing front_row_2_kozane_106_6
Fra:1 Mem:37.49M (Peak 37.49M) | Time:00:00.06 | Syncing front_row_3_kozane_96_0
Fra:1 Mem:37.51M (Peak 37.51M) | Time:00:00.06 | Syncing front_row_3_kozane_96_1
Fra:1 Mem:37.52M (Peak 37.52M) | Time:00:00.06 | Syncing front_row_3_kozane_96_2
Fra:1 Mem:37.54M (Peak 37.54M) | Time:00:00.06 | Syncing front_row_3_kozane_96_3
Fra:1 Mem:37.56M (Peak 37.56M) | Time:00:00.06 | Syncing front_row_3_kozane_96_4
Fra:1 Mem:37.58M (Peak 37.58M) | Time:00:00.06 | Syncing front_row_3_kozane_96_5
Fra:1 Mem:37.60M (Peak 37.60M) | Time:00:00.06 | Syncing front_row_4_kozane_87_0
Fra:1 Mem:37.62M (Peak 37.62M) | Time:00:00.06 | Syncing front_row_4_kozane_87_1
Fra:1 Mem:37.64M (Peak 37.64M) | Time:00:00.06 | Syncing front_row_4_kozane_87_2
Fra:1 Mem:37.66M (Peak 37.66M) | Time:00:00.07 | Syncing front_row_4_kozane_87_3
Fra:1 Mem:37.68M (Peak 37.68M) | Time:00:00.07 | Syncing front_row_4_kozane_87_4
Fra:1 Mem:37.70M (Peak 37.70M) | Time:00:00.07 | Syncing front_row_4_kozane_87_5
Fra:1 Mem:37.72M (Peak 37.72M) | Time:00:00.07 | Syncing left_side_lamellar_0
Fra:1 Mem:37.74M (Peak 37.74M) | Time:00:00.07 | Syncing left_side_lamellar_1
Fra:1 Mem:37.76M (Peak 37.80M) | Time:00:00.07 | Syncing left_side_lamellar_2
Fra:1 Mem:37.78M (Peak 37.80M) | Time:00:00.07 | Syncing left_side_lamellar_3
Fra:1 Mem:37.80M (Peak 37.80M) | Time:00:00.07 | Syncing right_side_lamellar_0
Fra:1 Mem:37.82M (Peak 37.82M) | Time:00:00.07 | Syncing right_side_lamellar_1
Fra:1 Mem:37.84M (Peak 37.84M) | Time:00:00.07 | Syncing right_side_lamellar_2
Fra:1 Mem:37.85M (Peak 37.85M) | Time:00:00.07 | Syncing right_side_lamellar_3
Fra:1 Mem:37.87M (Peak 37.87M) | Time:00:00.07 | Syncing obi_sash_front
Fra:1 Mem:37.89M (Peak 37.93M) | Time:00:00.07 | Syncing kusazuri_front_left
Fra:1 Mem:37.90M (Peak 37.93M) | Time:00:00.07 | Syncing kusazuri_front_right
Fra:1 Mem:37.92M (Peak 37.93M) | Time:00:00.07 | Syncing blue_lacing_front_0
Fra:1 Mem:37.93M (Peak 37.94M) | Time:00:00.07 | Syncing blue_lacing_front_1
Fra:1 Mem:37.94M (Peak 37.95M) | Time:00:00.07 | Syncing blue_lacing_front_2
Fra:1 Mem:37.95M (Peak 37.96M) | Time:00:00.07 | Syncing blue_lacing_front_3
Fra:1 Mem:37.96M (Peak 37.97M) | Time:00:00.07 | Syncing blue_lacing_front_4
Fra:1 Mem:37.97M (Peak 37.98M) | Time:00:00.07 | Syncing left_rounded_shoulder_undercloth
Fra:1 Mem:38.01M (Peak 38.01M) | Time:00:00.07 | Syncing left_layered_sode_0
Fra:1 Mem:38.03M (Peak 38.03M) | Time:00:00.07 | Syncing left_sode_lace_0_a
Fra:1 Mem:38.04M (Peak 38.05M) | Time:00:00.07 | Syncing left_sode_lace_0_b
Fra:1 Mem:38.05M (Peak 38.06M) | Time:00:00.07 | Syncing left_layered_sode_1
Fra:1 Mem:38.07M (Peak 38.07M) | Time:00:00.07 | Syncing left_sode_lace_1_a
Fra:1 Mem:38.07M (Peak 38.08M) | Time:00:00.07 | Syncing left_sode_lace_1_b
Fra:1 Mem:38.08M (Peak 38.09M) | Time:00:00.07 | Syncing left_layered_sode_2
Fra:1 Mem:38.10M (Peak 38.10M) | Time:00:00.07 | Syncing left_sode_lace_2_a
Fra:1 Mem:38.11M (Peak 38.12M) | Time:00:00.07 | Syncing left_sode_lace_2_b
Fra:1 Mem:38.12M (Peak 38.13M) | Time:00:00.07 | Syncing left_layered_sode_3
Fra:1 Mem:38.14M (Peak 38.14M) | Time:00:00.07 | Syncing left_sode_lace_3_a
Fra:1 Mem:38.15M (Peak 38.16M) | Time:00:00.07 | Syncing left_sode_lace_3_b
Fra:1 Mem:38.16M (Peak 38.16M) | Time:00:00.07 | Syncing left_layered_sode_4
Fra:1 Mem:38.18M (Peak 38.18M) | Time:00:00.07 | Syncing left_sode_lace_4_a
Fra:1 Mem:38.18M (Peak 38.19M) | Time:00:00.07 | Syncing left_sode_lace_4_b
Fra:1 Mem:38.19M (Peak 38.20M) | Time:00:00.07 | Syncing right_rounded_shoulder_undercloth
Fra:1 Mem:38.24M (Peak 38.24M) | Time:00:00.07 | Syncing right_layered_sode_0
Fra:1 Mem:38.25M (Peak 38.25M) | Time:00:00.07 | Syncing right_sode_lace_0_a
Fra:1 Mem:38.26M (Peak 38.27M) | Time:00:00.07 | Syncing right_sode_lace_0_b
Fra:1 Mem:38.27M (Peak 38.28M) | Time:00:00.07 | Syncing right_layered_sode_1
Fra:1 Mem:38.29M (Peak 38.29M) | Time:00:00.07 | Syncing right_sode_lace_1_a
Fra:1 Mem:38.30M (Peak 38.31M) | Time:00:00.07 | Syncing right_sode_lace_1_b
Fra:1 Mem:38.31M (Peak 38.32M) | Time:00:00.07 | Syncing right_layered_sode_2
Fra:1 Mem:38.33M (Peak 38.33M) | Time:00:00.07 | Syncing right_sode_lace_2_a
Fra:1 Mem:38.34M (Peak 38.35M) | Time:00:00.07 | Syncing right_sode_lace_2_b
Fra:1 Mem:38.35M (Peak 38.35M) | Time:00:00.07 | Syncing right_layered_sode_3
Fra:1 Mem:38.36M (Peak 38.36M) | Time:00:00.07 | Syncing right_sode_lace_3_a
Fra:1 Mem:38.37M (Peak 38.38M) | Time:00:00.07 | Syncing right_sode_lace_3_b
Fra:1 Mem:38.38M (Peak 38.39M) | Time:00:00.07 | Syncing right_layered_sode_4
Fra:1 Mem:38.40M (Peak 38.40M) | Time:00:00.07 | Syncing right_sode_lace_4_a
Fra:1 Mem:38.41M (Peak 38.42M) | Time:00:00.07 | Syncing right_sode_lace_4_b
Fra:1 Mem:38.42M (Peak 38.43M) | Time:00:00.07 | Syncing left_upper_arm_cloth
Fra:1 Mem:38.43M (Peak 38.44M) | Time:00:00.07 | Syncing left_forearm_kote
Fra:1 Mem:38.44M (Peak 38.49M) | Time:00:00.07 | Syncing left_gloved_hand
Fra:1 Mem:38.47M (Peak 38.50M) | Time:00:00.07 | Syncing left_finger_0
Fra:1 Mem:38.48M (Peak 38.50M) | Time:00:00.07 | Syncing left_finger_1
Fra:1 Mem:38.49M (Peak 38.50M) | Time:00:00.07 | Syncing left_finger_2
Fra:1 Mem:38.50M (Peak 38.51M) | Time:00:00.07 | Syncing left_finger_3
Fra:1 Mem:38.51M (Peak 38.52M) | Time:00:00.07 | Syncing right_upper_arm_cloth
Fra:1 Mem:38.52M (Peak 38.53M) | Time:00:00.07 | Syncing right_forearm_kote
Fra:1 Mem:38.53M (Peak 38.54M) | Time:00:00.07 | Syncing right_gloved_hand
Fra:1 Mem:38.56M (Peak 38.56M) | Time:00:00.07 | Syncing right_finger_0
Fra:1 Mem:38.57M (Peak 38.57M) | Time:00:00.07 | Syncing right_finger_1
Fra:1 Mem:38.57M (Peak 38.58M) | Time:00:00.07 | Syncing right_finger_2
Fra:1 Mem:38.58M (Peak 38.59M) | Time:00:00.07 | Syncing right_finger_3
Fra:1 Mem:38.59M (Peak 38.60M) | Time:00:00.07 | Syncing left_hakama_outer_fold
Fra:1 Mem:38.60M (Peak 38.61M) | Time:00:00.07 | Syncing left_shin_guard
Fra:1 Mem:38.61M (Peak 38.62M) | Time:00:00.07 | Syncing left_ankle_tabi_bridge
Fra:1 Mem:38.66M (Peak 38.66M) | Time:00:00.07 | Syncing left_tabi_sock
Fra:1 Mem:38.68M (Peak 38.68M) | Time:00:00.07 | Syncing left_geta_sole
Fra:1 Mem:38.70M (Peak 38.74M) | Time:00:00.07 | Syncing left_geta_tooth_front
Fra:1 Mem:38.72M (Peak 38.74M) | Time:00:00.08 | Syncing left_geta_tooth_rear
Fra:1 Mem:38.74M (Peak 38.74M) | Time:00:00.08 | Syncing left_geta_thong_a
Fra:1 Mem:38.75M (Peak 38.76M) | Time:00:00.08 | Syncing left_geta_thong_b
Fra:1 Mem:38.76M (Peak 38.77M) | Time:00:00.08 | Syncing left_hakama_fold_line_0
Fra:1 Mem:38.77M (Peak 38.78M) | Time:00:00.08 | Syncing left_hakama_fold_line_1
Fra:1 Mem:38.78M (Peak 38.79M) | Time:00:00.08 | Syncing left_hakama_fold_line_2
Fra:1 Mem:38.79M (Peak 38.80M) | Time:00:00.08 | Syncing right_hakama_outer_fold
Fra:1 Mem:38.80M (Peak 38.81M) | Time:00:00.08 | Syncing right_shin_guard
Fra:1 Mem:38.81M (Peak 38.82M) | Time:00:00.08 | Syncing right_ankle_tabi_bridge
Fra:1 Mem:38.82M (Peak 38.83M) | Time:00:00.08 | Syncing right_tabi_sock
Fra:1 Mem:38.85M (Peak 38.85M) | Time:00:00.08 | Syncing right_geta_sole
Fra:1 Mem:38.87M (Peak 38.87M) | Time:00:00.08 | Syncing right_geta_tooth_front
Fra:1 Mem:38.89M (Peak 38.89M) | Time:00:00.08 | Syncing right_geta_tooth_rear
Fra:1 Mem:38.91M (Peak 38.91M) | Time:00:00.08 | Syncing right_geta_thong_a
Fra:1 Mem:38.91M (Peak 38.92M) | Time:00:00.08 | Syncing right_geta_thong_b
Fra:1 Mem:38.92M (Peak 38.93M) | Time:00:00.08 | Syncing right_hakama_fold_line_0
Fra:1 Mem:38.93M (Peak 38.94M) | Time:00:00.08 | Syncing right_hakama_fold_line_1
Fra:1 Mem:38.94M (Peak 38.95M) | Time:00:00.08 | Syncing right_hakama_fold_line_2
Fra:1 Mem:38.95M (Peak 38.96M) | Time:00:00.08 | Syncing kabuto_helmet_bowl
Fra:1 Mem:39.05M (Peak 39.05M) | Time:00:00.08 | Syncing helmet_front_brim
Fra:1 Mem:39.09M (Peak 39.09M) | Time:00:00.08 | Syncing helmet_rear_flare
Fra:1 Mem:39.14M (Peak 39.14M) | Time:00:00.08 | Syncing helmet_gold_rivet
Fra:1 Mem:39.16M (Peak 39.20M) | Time:00:00.08 | Syncing left_fukigaeshi_flare
Fra:1 Mem:39.18M (Peak 39.20M) | Time:00:00.08 | Syncing right_fukigaeshi_flare
Fra:1 Mem:39.20M (Peak 39.20M) | Time:00:00.08 | Syncing shikoro_neck_guard_0
Fra:1 Mem:39.22M (Peak 39.22M) | Time:00:00.08 | Syncing shikoro_neck_guard_1
Fra:1 Mem:39.24M (Peak 39.24M) | Time:00:00.08 | Syncing shikoro_neck_guard_2
Fra:1 Mem:39.26M (Peak 39.26M) | Time:00:00.08 | Syncing shikoro_neck_guard_3
Fra:1 Mem:39.28M (Peak 39.28M) | Time:00:00.08 | Syncing maedate_hawk_left
Fra:1 Mem:39.29M (Peak 39.30M) | Time:00:00.08 | Syncing maedate_hawk_right
Fra:1 Mem:39.30M (Peak 39.31M) | Time:00:00.08 | Syncing maedate_hawk_stem
Fra:1 Mem:39.31M (Peak 39.32M) | Time:00:00.08 | Syncing visible_face_shadow
Fra:1 Mem:39.35M (Peak 39.37M) | Time:00:00.08 | Syncing mempo_cheek_mask
Fra:1 Mem:39.40M (Peak 39.41M) | Time:00:00.08 | Syncing left_eye_slit
Fra:1 Mem:39.42M (Peak 39.42M) | Time:00:00.08 | Syncing right_eye_slit
Fra:1 Mem:39.44M (Peak 39.44M) | Time:00:00.08 | Syncing mempo_moustache_left
Fra:1 Mem:39.45M (Peak 39.45M) | Time:00:00.08 | Syncing mempo_moustache_right
Fra:1 Mem:39.45M (Peak 39.46M) | Time:00:00.08 | Syncing katana_blade
Fra:1 Mem:39.46M (Peak 39.51M) | Time:00:00.08 | Syncing katana_black_ridge
Fra:1 Mem:39.47M (Peak 39.51M) | Time:00:00.08 | Syncing tsuka_wrapped_handle
Fra:1 Mem:39.48M (Peak 39.51M) | Time:00:00.08 | Syncing katana_tsuba_guard
Fra:1 Mem:39.50M (Peak 39.51M) | Time:00:00.08 | Syncing katana_pommel
Fra:1 Mem:39.51M (Peak 39.52M) | Time:00:00.08 | Syncing banner_cloth
Fra:1 Mem:39.53M (Peak 39.57M) | Time:00:00.08 | Syncing banner_cloth_mon
Fra:1 Mem:39.55M (Peak 39.59M) | Time:00:00.08 | Syncing banner_pole
Fra:1 Mem:39.55M (Peak 39.59M) | Time:00:00.08 | Syncing banner_mon
Fra:1 Mem:39.56M (Peak 39.59M) | Time:00:00.08 | Syncing softbox_key
Fra:1 Mem:39.56M (Peak 39.59M) | Time:00:00.08 | Syncing front_fill
Fra:1 Mem:39.56M (Peak 39.59M) | Time:00:00.08 | Syncing rim_light
Fra:1 Mem:39.57M (Peak 39.59M) | Time:00:00.08 | Syncing render_ground
Fra:1 Mem:39.57M (Peak 39.62M) | Time:00:00.08 | Syncing cam_takeda-01
Fra:1 Mem:39.51M (Peak 39.62M) | Time:00:00.09 | Rendering 1 / 64 samples
Fra:1 Mem:38.37M (Peak 39.62M) | Time:00:02.98 | Rendering 26 / 64 samples
Fra:1 Mem:38.37M (Peak 39.62M) | Time:00:05.25 | Rendering 51 / 64 samples
Fra:1 Mem:38.37M (Peak 39.62M) | Time:00:06.44 | Rendering 64 / 64 samples
Saved: '/workspaces/factory-edo-woodblock/worker-1/ystackai_studio-edo-woodblock/checkout/games/kawanakajima-foundry-samurai-proof/assets/generated/foundry/samurai-v17/full-20/takeda-01/cs_side_l.png'
 Time: 00:06.57 (Saving: 00:00.03)

ERROR (bke.modifier): ./source/blender/blenkernel/intern/modifier.cc:458 BKE_modifier_set_error: Object: "do_cuirass_core", Modifier: "weighted_normal", Enable 'Auto Smooth' in Object Data Properties
ERROR (bke.modifier): ./source/blender/blenkernel/intern/modifier.cc:458 BKE_modifier_set_error: Object: "front_row_0_kozane_125_0", Modifier: "weighted_normal", Enable 'Auto Smooth' in Object Data Properties
ERROR (bke.modifier): ./source/blender/blenkernel/intern/modifier.cc:458 BKE_modifier_set_error: Object: "front_row_1_kozane_115_4", Modifier: "weighted_normal", Enable 'Auto Smooth' in Object Data Properties
ERROR (bke.modifier): ./source/blender/blenkernel/intern/modifier.cc:458 BKE_modifier_set_error: Object: "front_row_0_kozane_125_2", Modifier: "weighted_normal", Enable 'Auto Smooth' in Object Data Properties
ERROR (bke.modifier): ./source/blender/blenkernel/intern/modifier.cc:458 BKE_modifier_set_error: Object: "front_row_0_kozane_125_4", Modifier: "weighted_normal", Enable 'Auto Smooth' in Object Data Properties
ERROR (bke.modifier): ./source/blender/blenkernel/intern/modifier.cc:458 BKE_modifier_set_error: Object: "front_row_0_kozane_125_3", Modifier: "weighted_normal", Enable 'Auto Smooth' in Object Data Properties
ERROR (bke.modifier): ./source/blender/blenkernel/intern/modifier.cc:458 BKE_modifier_set_error: Object: "front_row_1_kozane_115_3", Modifier: "weighted_normal", Enable 'Auto Smooth' in Object Data Properties
ERROR (bke.modifier): ./source/blender/blenkernel/intern/modifier.cc:458 BKE_modifier_set_error: Object: "front_row_1_kozane_115_2", Modifier: "weighted_normal", Enable 'Auto Smooth' in Object Data Properties
ERROR (bke.modifier): ./source/blender/blenkernel/intern/modifier.cc:458 BKE_modifier_set_error: Object: "front_row_1_kozane_115_5", Modifier: "weighted_normal", Enable 'Auto Smooth' in Object Data Properties
ERROR (bke.modifier): ./source/blender/blenkernel/intern/modifier.cc:458 BKE_modifier_set_error: Object: "front_row_0_kozane_125_1", Modifier: "weighted_normal", Enable 'Auto Smooth' in Object Data Properties
ERROR (bke.modifier): ./source/blender/blenkernel/intern/modifier.cc:458 BKE_modifier_set_error: Object: "front_row_1_kozane_115_1", Modifier: "weighted_normal", Enable 'Auto Smooth' in Object Data Properties
ERROR (bke.modifier): ./source/blender/blenkernel/intern/modifier.cc:458 BKE_modifier_set_error: Object: "front_row_0_kozane_125_5", Modifier: "weighted_normal", Enable 'Auto Smooth' in Object Data Properties
ERROR (bke.modifier): ./source/blender/blenkernel/intern/modifier.cc:458 BKE_modifier_set_error: Object: "front_row_2_kozane_106_1", Modifier: "weighted_normal", Enable 'Auto Smooth' in Object Data Properties
ERROR (bke.modifier): ./source/blender/blenkernel/intern/modifier.cc:458 BKE_modifier_set_error: Object: "front_row_0_kozane_125_6", Modifier: "weighted_normal", Enable 'Auto Smooth' in Object Data Properties
ERROR (bke.modifier): ./source/blender/blenkernel/intern/modifier.cc:458 BKE_modifier_set_error: Object: "front_row_1_kozane_115_0", Modifier: "weighted_normal", Enable 'Auto Smooth' in Object Data Properties
ERROR (bke.modifier): ./source/blender/blenkernel/intern/modifier.cc:458 BKE_modifier_set_error: Object: "front_row_2_kozane_106_2", Modifier: "weighted_normal", Enable 'Auto Smooth' in Object Data Properties
ERROR (bke.modifier): ./source/blender/blenkernel/intern/modifier.cc:458 BKE_modifier_set_error: Object: "front_row_2_kozane_106_0", Modifier: "weighted_normal", Enable 'Auto Smooth' in Object Data Properties
ERROR (bke.modifier): ./source/blender/blenkernel/intern/modifier.cc:458 BKE_modifier_set_error: Object: "banner_cloth", Modifier: "weighted_normal", Enable 'Auto Smooth' in Object Data Properties
ERROR (bke.modifier): ./source/blender/blenkernel/intern/modifier.cc:458 BKE_modifier_set_error: Object: "front_row_1_kozane_115_6", Modifier: "weighted_normal", Enable 'Auto Smooth' in Object Data Properties
ERROR (bke.modifier): ./source/blender/blenkernel/intern/modifier.cc:458 BKE_modifier_set_error: Object: "front_row_2_kozane_106_4", Modifier: "weighted_normal", Enable 'Auto Smooth' in Object Data Properties
ERROR (bke.modifier): ./source/blender/blenkernel/intern/modifier.cc:458 BKE_modifier_set_error: Object: "front_row_2_kozane_106_3", Modifier: "weighted_normal", Enable 'Auto Smooth' in Object Data Properties
ERROR (bke.modifier): ./source/blender/blenkernel/intern/modifier.cc:458 BKE_modifier_set_error: Object: "front_row_2_kozane_106_6", Modifier: "weighted_normal", Enable 'Auto Smooth' in Object Data Properties
ERROR (bke.modifier): ./source/blender/blenkernel/intern/modifier.cc:458 BKE_modifier_set_error: Object: "front_row_3_kozane_96_0", Modifier: "weighted_normal", Enable 'Auto Smooth' in Object Data Properties
ERROR (bke.modifier): ./source/blender/blenkernel/intern/modifier.cc:458 BKE_modifier_set_error: Object: "front_row_2_kozane_106_5", Modifier: "weighted_normal", Enable 'Auto Smooth' in Object Data Properties
ERROR (bke.modifier): ./source/blender/blenkernel/intern/modifier.cc:458 BKE_modifier_set_error: Object: "front_row_3_kozane_96_2", Modifier: "weighted_normal", Enable 'Auto Smooth' in Object Data Properties
ERROR (bke.modifier): ./source/blender/blenkernel/intern/modifier.cc:458 BKE_modifier_set_error: Object: "front_row_3_kozane_96_5", Modifier: "weighted_normal", Enable 'Auto Smooth' in Object Data Properties
ERROR (bke.modifier): ./source/blender/blenkernel/intern/modifier.cc:458 BKE_modifier_set_error: Object: "front_row_3_kozane_96_3", Modifier: "weighted_normal", Enable 'Auto Smooth' in Object Data Properties
ERROR (bke.modifier): ./source/blender/blenkernel/intern/modifier.cc:458 BKE_modifier_set_error: Object: "front_row_3_kozane_96_4", Modifier: "weighted_normal", Enable 'Auto Smooth' in Object Data Properties
ERROR (bke.modifier): ./source/blender/blenkernel/intern/modifier.cc:458 BKE_modifier_set_error: Object: "katana_tsuba_guard", Modifier: "weighted_normal", Enable 'Auto Smooth' in Object Data Properties
ERROR (bke.modifier): ./source/blender/blenkernel/intern/modifier.cc:458 BKE_modifier_set_error: Object: "front_row_3_kozane_96_1", Modifier: "weighted_normal", Enable 'Auto Smooth' in Object Data Properties
ERROR (bke.modifier): ./source/blender/blenkernel/intern/modifier.cc:458 BKE_modifier_set_error: Object: "front_row_4_kozane_87_0", Modifier: "weighted_normal", Enable 'Auto Smooth' in Object Data Properties
ERROR (bke.modifier): ./source/blender/blenkernel/intern/modifier.cc:458 BKE_modifier_set_error: Object: "front_row_4_kozane_87_2", Modifier: "weighted_normal", Enable 'Auto Smooth' in Object Data Properties
ERROR (bke.modifier): ./source/blender/blenkernel/intern/modifier.cc:458 BKE_modifier_set_error: Object: "front_row_4_kozane_87_1", Modifier: "weighted_normal", Enable 'Auto Smooth' in Object Data Properties
ERROR (bke.modifier): ./source/blender/blenkernel/intern/modifier.cc:458 BKE_modifier_set_error: Object: "front_row_4_kozane_87_3", Modifier: "weighted_normal", Enable 'Auto Smooth' in Object Data Properties
ERROR (bke.modifier): ./source/blender/blenkernel/intern/modifier.cc:458 BKE_modifier_set_error: Object: "front_row_4_kozane_87_4", Modifier: "weighted_normal", Enable 'Auto Smooth' in Object Data Properties
ERROR (bke.modifier): ./source/blender/blenkernel/intern/modifier.cc:458 BKE_modifier_set_error: Object: "front_row_4_kozane_87_5", Modifier: "weighted_normal", Enable 'Auto Smooth' in Object Data Properties
ERROR (bke.modifier): ./source/blender/blenkernel/intern/modifier.cc:458 BKE_modifier_set_error: Object: "left_side_lamellar_0", Modifier: "weighted_normal", Enable 'Auto Smooth' in Object Data Properties
ERROR (bke.modifier): ./source/blender/blenkernel/intern/modifier.cc:458 BKE_modifier_set_error: Object: "left_side_lamellar_2", Modifier: "weighted_normal", Enable 'Auto Smooth' in Object Data Properties
ERROR (bke.modifier): ./source/blender/blenkernel/intern/modifier.cc:458 BKE_modifier_set_error: Object: "left_side_lamellar_1", Modifier: "weighted_normal", Enable 'Auto Smooth' in Object Data Properties
ERROR (bke.modifier): ./source/blender/blenkernel/intern/modifier.cc:458 BKE_modifier_set_error: Object: "left_side_lamellar_3", Modifier: "weighted_normal", Enable 'Auto Smooth' in Object Data Properties
ERROR (bke.modifier): ./source/blender/blenkernel/intern/modifier.cc:458 BKE_modifier_set_error: Object: "right_side_lamellar_2", Modifier: "weighted_normal", Enable 'Auto Smooth' in Object Data Properties
ERROR (bke.modifier): ./source/blender/blenkernel/intern/modifier.cc:458 BKE_modifier_set_error: Object: "right_side_lamellar_3", Modifier: "weighted_normal", Enable 'Auto Smooth' in Object Data Properties
ERROR (bke.modifier): ./source/blender/blenkernel/intern/modifier.cc:458 BKE_modifier_set_error: Object: "right_eye_slit", Modifier: "weighted_normal", Enable 'Auto Smooth' in Object Data Properties
ERROR (bke.modifier): ./source/blender/blenkernel/intern/modifier.cc:458 BKE_modifier_set_error: Object: "kusazuri_front_left", Modifier: "weighted_normal", Enable 'Auto Smooth' in Object Data Properties
ERROR (bke.modifier): ./source/blender/blenkernel/intern/modifier.cc:458 BKE_modifier_set_error: Object: "right_side_lamellar_0", Modifier: "weighted_normal", Enable 'Auto Smooth' in Object Data Properties
ERROR (bke.modifier): ./source/blender/blenkernel/intern/modifier.cc:458 BKE_modifier_set_error: Object: "right_layered_sode_0", Modifier: "weighted_normal", Enable 'Auto Smooth' in Object Data Properties
ERROR (bke.modifier): ./source/blender/blenkernel/intern/modifier.cc:458 BKE_modifier_set_error: Object: "right_side_lamellar_1", Modifier: "weighted_normal", Enable 'Auto Smooth' in Object Data Properties
ERROR (bke.modifier): ./source/blender/blenkernel/intern/modifier.cc:458 BKE_modifier_set_error: Object: "left_layered_sode_0", Modifier: "weighted_normal", Enable 'Auto Smooth' in Object Data Properties
ERROR (bke.modifier): ./source/blender/blenkernel/intern/modifier.cc:458 BKE_modifier_set_error: Object: "left_eye_slit", Modifier: "weighted_normal", Enable 'Auto Smooth' in Object Data Properties
ERROR (bke.modifier): ./source/blender/blenkernel/intern/modifier.cc:458 BKE_modifier_set_error: Object: "left_layered_sode_1", Modifier: "weighted_normal", Enable 'Auto Smooth' in Object Data Properties
ERROR (bke.modifier): ./source/blender/blenkernel/intern/modifier.cc:458 BKE_modifier_set_error: Object: "left_layered_sode_3", Modifier: "weighted_normal", Enable 'Auto Smooth' in Object Data Properties
ERROR (bke.modifier): ./source/blender/blenkernel/intern/modifier.cc:458 BKE_modifier_set_error: Object: "kusazuri_front_right", Modifier: "weighted_normal", Enable 'Auto Smooth' in Object Data Properties
ERROR (bke.modifier): ./source/blender/blenkernel/intern/modifier.cc:458 BKE_modifier_set_error: Object: "right_layered_sode_2", Modifier: "weighted_normal", Enable 'Auto Smooth' in Object Data Properties
ERROR (bke.modifier): ./source/blender/blenkernel/intern/modifier.cc:458 BKE_modifier_set_error: Object: "left_layered_sode_2", Modifier: "weighted_normal", Enable 'Auto Smooth' in Object Data Properties
ERROR (bke.modifier): ./source/blender/blenkernel/intern/modifier.cc:458 BKE_modifier_set_error: Object: "right_layered_sode_4", Modifier: "weighted_normal", Enable 'Auto Smooth' in Object Data Properties
ERROR (bke.modifier): ./source/blender/blenkernel/intern/modifier.cc:458 BKE_modifier_set_error: Object: "right_layered_sode_1", Modifier: "weighted_normal", Enable 'Auto Smooth' in Object Data Properties
ERROR (bke.modifier): ./source/blender/blenkernel/intern/modifier.cc:458 BKE_modifier_set_error: Object: "right_layered_sode_3", Modifier: "weighted_normal", Enable 'Auto Smooth' in Object Data Properties
ERROR (bke.modifier): ./source/blender/blenkernel/intern/modifier.cc:458 BKE_modifier_set_error: Object: "left_layered_sode_4", Modifier: "weighted_normal", Enable 'Auto Smooth' in Object Data Properties
ERROR (bke.modifier): ./source/blender/blenkernel/intern/modifier.cc:458 BKE_modifier_set_error: Object: "left_geta_sole", Modifier: "weighted_normal", Enable 'Auto Smooth' in Object Data Properties
ERROR (bke.modifier): ./source/blender/blenkernel/intern/modifier.cc:458 BKE_modifier_set_error: Object: "right_geta_sole", Modifier: "weighted_normal", Enable 'Auto Smooth' in Object Data Properties
ERROR (bke.modifier): ./source/blender/blenkernel/intern/modifier.cc:458 BKE_modifier_set_error: Object: "left_geta_tooth_rear", Modifier: "weighted_normal", Enable 'Auto Smooth' in Object Data Properties
ERROR (bke.modifier): ./source/blender/blenkernel/intern/modifier.cc:458 BKE_modifier_set_error: Object: "left_geta_tooth_front", Modifier: "weighted_normal", Enable 'Auto Smooth' in Object Data Properties
ERROR (bke.modifier): ./source/blender/blenkernel/intern/modifier.cc:458 BKE_modifier_set_error: Object: "right_geta_tooth_rear", Modifier: "weighted_normal", Enable 'Auto Smooth' in Object Data Properties
ERROR (bke.modifier): ./source/blender/blenkernel/intern/modifier.cc:458 BKE_modifier_set_error: Object: "right_geta_tooth_front", Modifier: "weighted_normal", Enable 'Auto Smooth' in Object Data Properties
ERROR (bke.modifier): ./source/blender/blenkernel/intern/modifier.cc:458 BKE_modifier_set_error: Object: "shikoro_neck_guard_3", Modifier: "weighted_normal", Enable 'Auto Smooth' in Object Data Properties
ERROR (bke.modifier): ./source/blender/blenkernel/intern/modifier.cc:458 BKE_modifier_set_error: Object: "shikoro_neck_guard_0", Modifier: "weighted_normal", Enable 'Auto Smooth' in Object Data Properties
ERROR (bke.modifier): ./source/blender/blenkernel/intern/modifier.cc:458 BKE_modifier_set_error: Object: "right_fukigaeshi_flare", Modifier: "weighted_normal", Enable 'Auto Smooth' in Object Data Properties
ERROR (bke.modifier): ./source/blender/blenkernel/intern/modifier.cc:458 BKE_modifier_set_error: Object: "left_fukigaeshi_flare", Modifier: "weighted_normal", Enable 'Auto Smooth' in Object Data Properties
ERROR (bke.modifier): ./source/blender/blenkernel/intern/modifier.cc:458 BKE_modifier_set_error: Object: "shikoro_neck_guard_1", Modifier: "weighted_normal", Enable 'Auto Smooth' in Object Data Properties
ERROR (bke.modifier): ./source/blender/blenkernel/intern/modifier.cc:458 BKE_modifier_set_error: Object: "shikoro_neck_guard_2", Modifier: "weighted_normal", Enable 'Auto Smooth' in Object Data Properties
Fra:1 Mem:36.99M (Peak 37.01M) | Time:00:00.06 | Syncing cloth_torso_underlayer
Fra:1 Mem:37.06M (Peak 37.06M) | Time:00:00.06 | Syncing do_cuirass_core
Fra:1 Mem:37.08M (Peak 37.12M) | Time:00:00.06 | Syncing front_row_0_kozane_125_0
Fra:1 Mem:37.10M (Peak 37.12M) | Time:00:00.06 | Syncing front_row_0_kozane_125_1
Fra:1 Mem:37.12M (Peak 37.12M) | Time:00:00.06 | Syncing front_row_0_kozane_125_2
Fra:1 Mem:37.14M (Peak 37.14M) | Time:00:00.06 | Syncing front_row_0_kozane_125_3
Fra:1 Mem:37.16M (Peak 37.16M) | Time:00:00.06 | Syncing front_row_0_kozane_125_4
Fra:1 Mem:37.18M (Peak 37.18M) | Time:00:00.06 | Syncing front_row_0_kozane_125_5
Fra:1 Mem:37.19M (Peak 37.19M) | Time:00:00.06 | Syncing front_row_0_kozane_125_6
Fra:1 Mem:37.21M (Peak 37.21M) | Time:00:00.06 | Syncing front_row_1_kozane_115_0
Fra:1 Mem:37.23M (Peak 37.27M) | Time:00:00.06 | Syncing front_row_1_kozane_115_1
Fra:1 Mem:37.25M (Peak 37.27M) | Time:00:00.06 | Syncing front_row_1_kozane_115_2
Fra:1 Mem:37.27M (Peak 37.27M) | Time:00:00.06 | Syncing front_row_1_kozane_115_3
Fra:1 Mem:37.29M (Peak 37.29M) | Time:00:00.06 | Syncing front_row_1_kozane_115_4
Fra:1 Mem:37.31M (Peak 37.31M) | Time:00:00.06 | Syncing front_row_1_kozane_115_5
Fra:1 Mem:37.33M (Peak 37.33M) | Time:00:00.06 | Syncing front_row_1_kozane_115_6
Fra:1 Mem:37.35M (Peak 37.35M) | Time:00:00.06 | Syncing front_row_2_kozane_106_0
Fra:1 Mem:37.37M (Peak 37.37M) | Time:00:00.06 | Syncing front_row_2_kozane_106_1
Fra:1 Mem:37.39M (Peak 37.39M) | Time:00:00.06 | Syncing front_row_2_kozane_106_2
Fra:1 Mem:37.41M (Peak 37.41M) | Time:00:00.06 | Syncing front_row_2_kozane_106_3
Fra:1 Mem:37.43M (Peak 37.43M) | Time:00:00.06 | Syncing front_row_2_kozane_106_4
Fra:1 Mem:37.45M (Peak 37.45M) | Time:00:00.06 | Syncing front_row_2_kozane_106_5
Fra:1 Mem:37.47M (Peak 37.47M) | Time:00:00.06 | Syncing front_row_2_kozane_106_6
Fra:1 Mem:37.49M (Peak 37.49M) | Time:00:00.07 | Syncing front_row_3_kozane_96_0
Fra:1 Mem:37.51M (Peak 37.51M) | Time:00:00.07 | Syncing front_row_3_kozane_96_1
Fra:1 Mem:37.52M (Peak 37.52M) | Time:00:00.07 | Syncing front_row_3_kozane_96_2
Fra:1 Mem:37.54M (Peak 37.54M) | Time:00:00.07 | Syncing front_row_3_kozane_96_3
Fra:1 Mem:37.56M (Peak 37.56M) | Time:00:00.07 | Syncing front_row_3_kozane_96_4
Fra:1 Mem:37.58M (Peak 37.58M) | Time:00:00.07 | Syncing front_row_3_kozane_96_5
Fra:1 Mem:37.60M (Peak 37.60M) | Time:00:00.07 | Syncing front_row_4_kozane_87_0
Fra:1 Mem:37.62M (Peak 37.62M) | Time:00:00.07 | Syncing front_row_4_kozane_87_1
Fra:1 Mem:37.64M (Peak 37.64M) | Time:00:00.07 | Syncing front_row_4_kozane_87_2
Fra:1 Mem:37.66M (Peak 37.66M) | Time:00:00.07 | Syncing front_row_4_kozane_87_3
Fra:1 Mem:37.68M (Peak 37.68M) | Time:00:00.07 | Syncing front_row_4_kozane_87_4
Fra:1 Mem:37.70M (Peak 37.70M) | Time:00:00.07 | Syncing front_row_4_kozane_87_5
Fra:1 Mem:37.72M (Peak 37.72M) | Time:00:00.07 | Syncing left_side_lamellar_0
Fra:1 Mem:37.74M (Peak 37.74M) | Time:00:00.07 | Syncing left_side_lamellar_1
Fra:1 Mem:37.76M (Peak 37.80M) | Time:00:00.07 | Syncing left_side_lamellar_2
Fra:1 Mem:37.78M (Peak 37.80M) | Time:00:00.07 | Syncing left_side_lamellar_3
Fra:1 Mem:37.80M (Peak 37.80M) | Time:00:00.07 | Syncing right_side_lamellar_0
Fra:1 Mem:37.82M (Peak 37.82M) | Time:00:00.07 | Syncing right_side_lamellar_1
Fra:1 Mem:37.84M (Peak 37.84M) | Time:00:00.07 | Syncing right_side_lamellar_2
Fra:1 Mem:37.85M (Peak 37.85M) | Time:00:00.07 | Syncing right_side_lamellar_3
Fra:1 Mem:37.87M (Peak 37.87M) | Time:00:00.07 | Syncing obi_sash_front
Fra:1 Mem:37.89M (Peak 37.93M) | Time:00:00.07 | Syncing kusazuri_front_left
Fra:1 Mem:37.90M (Peak 37.93M) | Time:00:00.07 | Syncing kusazuri_front_right
Fra:1 Mem:37.92M (Peak 37.93M) | Time:00:00.07 | Syncing blue_lacing_front_0
Fra:1 Mem:37.93M (Peak 37.94M) | Time:00:00.07 | Syncing blue_lacing_front_1
Fra:1 Mem:37.94M (Peak 37.95M) | Time:00:00.07 | Syncing blue_lacing_front_2
Fra:1 Mem:37.95M (Peak 37.96M) | Time:00:00.07 | Syncing blue_lacing_front_3
Fra:1 Mem:37.96M (Peak 37.97M) | Time:00:00.07 | Syncing blue_lacing_front_4
Fra:1 Mem:37.97M (Peak 37.98M) | Time:00:00.07 | Syncing left_rounded_shoulder_undercloth
Fra:1 Mem:38.01M (Peak 38.01M) | Time:00:00.07 | Syncing left_layered_sode_0
Fra:1 Mem:38.03M (Peak 38.03M) | Time:00:00.07 | Syncing left_sode_lace_0_a
Fra:1 Mem:38.04M (Peak 38.05M) | Time:00:00.07 | Syncing left_sode_lace_0_b
Fra:1 Mem:38.05M (Peak 38.06M) | Time:00:00.07 | Syncing left_layered_sode_1
Fra:1 Mem:38.07M (Peak 38.07M) | Time:00:00.07 | Syncing left_sode_lace_1_a
Fra:1 Mem:38.07M (Peak 38.08M) | Time:00:00.07 | Syncing left_sode_lace_1_b
Fra:1 Mem:38.08M (Peak 38.09M) | Time:00:00.07 | Syncing left_layered_sode_2
Fra:1 Mem:38.10M (Peak 38.10M) | Time:00:00.07 | Syncing left_sode_lace_2_a
Fra:1 Mem:38.11M (Peak 38.12M) | Time:00:00.07 | Syncing left_sode_lace_2_b
Fra:1 Mem:38.12M (Peak 38.13M) | Time:00:00.07 | Syncing left_layered_sode_3
Fra:1 Mem:38.14M (Peak 38.14M) | Time:00:00.07 | Syncing left_sode_lace_3_a
Fra:1 Mem:38.15M (Peak 38.16M) | Time:00:00.07 | Syncing left_sode_lace_3_b
Fra:1 Mem:38.16M (Peak 38.16M) | Time:00:00.07 | Syncing left_layered_sode_4
Fra:1 Mem:38.18M (Peak 38.18M) | Time:00:00.07 | Syncing left_sode_lace_4_a
Fra:1 Mem:38.18M (Peak 38.19M) | Time:00:00.07 | Syncing left_sode_lace_4_b
Fra:1 Mem:38.19M (Peak 38.20M) | Time:00:00.07 | Syncing right_rounded_shoulder_undercloth
Fra:1 Mem:38.24M (Peak 38.24M) | Time:00:00.07 | Syncing right_layered_sode_0
Fra:1 Mem:38.25M (Peak 38.25M) | Time:00:00.07 | Syncing right_sode_lace_0_a
Fra:1 Mem:38.26M (Peak 38.27M) | Time:00:00.07 | Syncing right_sode_lace_0_b
Fra:1 Mem:38.27M (Peak 38.28M) | Time:00:00.07 | Syncing right_layered_sode_1
Fra:1 Mem:38.29M (Peak 38.29M) | Time:00:00.07 | Syncing right_sode_lace_1_a
Fra:1 Mem:38.30M (Peak 38.31M) | Time:00:00.07 | Syncing right_sode_lace_1_b
Fra:1 Mem:38.31M (Peak 38.32M) | Time:00:00.07 | Syncing right_layered_sode_2
Fra:1 Mem:38.33M (Peak 38.33M) | Time:00:00.07 | Syncing right_sode_lace_2_a
Fra:1 Mem:38.34M (Peak 38.35M) | Time:00:00.07 | Syncing right_sode_lace_2_b
Fra:1 Mem:38.35M (Peak 38.35M) | Time:00:00.07 | Syncing right_layered_sode_3
Fra:1 Mem:38.36M (Peak 38.36M) | Time:00:00.07 | Syncing right_sode_lace_3_a
Fra:1 Mem:38.37M (Peak 38.38M) | Time:00:00.07 | Syncing right_sode_lace_3_b
Fra:1 Mem:38.38M (Peak 38.39M) | Time:00:00.07 | Syncing right_layered_sode_4
Fra:1 Mem:38.40M (Peak 38.40M) | Time:00:00.07 | Syncing right_sode_lace_4_a
Fra:1 Mem:38.41M (Peak 38.42M) | Time:00:00.07 | Syncing right_sode_lace_4_b
Fra:1 Mem:38.42M (Peak 38.43M) | Time:00:00.07 | Syncing left_upper_arm_cloth
Fra:1 Mem:38.43M (Peak 38.44M) | Time:00:00.07 | Syncing left_forearm_kote
Fra:1 Mem:38.44M (Peak 38.49M) | Time:00:00.07 | Syncing left_gloved_hand
Fra:1 Mem:38.47M (Peak 38.50M) | Time:00:00.07 | Syncing left_finger_0
Fra:1 Mem:38.48M (Peak 38.50M) | Time:00:00.07 | Syncing left_finger_1
Fra:1 Mem:38.49M (Peak 38.50M) | Time:00:00.07 | Syncing left_finger_2
Fra:1 Mem:38.50M (Peak 38.51M) | Time:00:00.07 | Syncing left_finger_3
Fra:1 Mem:38.51M (Peak 38.52M) | Time:00:00.07 | Syncing right_upper_arm_cloth
Fra:1 Mem:38.52M (Peak 38.53M) | Time:00:00.07 | Syncing right_forearm_kote
Fra:1 Mem:38.53M (Peak 38.54M) | Time:00:00.07 | Syncing right_gloved_hand
Fra:1 Mem:38.56M (Peak 38.56M) | Time:00:00.07 | Syncing right_finger_0
Fra:1 Mem:38.57M (Peak 38.57M) | Time:00:00.07 | Syncing right_finger_1
Fra:1 Mem:38.57M (Peak 38.58M) | Time:00:00.08 | Syncing right_finger_2
Fra:1 Mem:38.58M (Peak 38.59M) | Time:00:00.08 | Syncing right_finger_3
Fra:1 Mem:38.59M (Peak 38.60M) | Time:00:00.08 | Syncing left_hakama_outer_fold
Fra:1 Mem:38.60M (Peak 38.61M) | Time:00:00.08 | Syncing left_shin_guard
Fra:1 Mem:38.61M (Peak 38.62M) | Time:00:00.08 | Syncing left_ankle_tabi_bridge
Fra:1 Mem:38.66M (Peak 38.66M) | Time:00:00.08 | Syncing left_tabi_sock
Fra:1 Mem:38.68M (Peak 38.68M) | Time:00:00.08 | Syncing left_geta_sole
Fra:1 Mem:38.70M (Peak 38.74M) | Time:00:00.08 | Syncing left_geta_tooth_front
Fra:1 Mem:38.72M (Peak 38.74M) | Time:00:00.08 | Syncing left_geta_tooth_rear
Fra:1 Mem:38.74M (Peak 38.74M) | Time:00:00.08 | Syncing left_geta_thong_a
Fra:1 Mem:38.75M (Peak 38.76M) | Time:00:00.08 | Syncing left_geta_thong_b
Fra:1 Mem:38.76M (Peak 38.77M) | Time:00:00.08 | Syncing left_hakama_fold_line_0
Fra:1 Mem:38.77M (Peak 38.78M) | Time:00:00.08 | Syncing left_hakama_fold_line_1
Fra:1 Mem:38.78M (Peak 38.79M) | Time:00:00.08 | Syncing left_hakama_fold_line_2
Fra:1 Mem:38.79M (Peak 38.80M) | Time:00:00.08 | Syncing right_hakama_outer_fold
Fra:1 Mem:38.80M (Peak 38.81M) | Time:00:00.08 | Syncing right_shin_guard
Fra:1 Mem:38.81M (Peak 38.82M) | Time:00:00.08 | Syncing right_ankle_tabi_bridge
Fra:1 Mem:38.82M (Peak 38.83M) | Time:00:00.08 | Syncing right_tabi_sock
Fra:1 Mem:38.85M (Peak 38.85M) | Time:00:00.08 | Syncing right_geta_sole
Fra:1 Mem:38.87M (Peak 38.87M) | Time:00:00.08 | Syncing right_geta_tooth_front
Fra:1 Mem:38.89M (Peak 38.89M) | Time:00:00.08 | Syncing right_geta_tooth_rear
Fra:1 Mem:38.91M (Peak 38.91M) | Time:00:00.08 | Syncing right_geta_thong_a
Fra:1 Mem:38.91M (Peak 38.92M) | Time:00:00.08 | Syncing right_geta_thong_b
Fra:1 Mem:38.92M (Peak 38.93M) | Time:00:00.08 | Syncing right_hakama_fold_line_0
Fra:1 Mem:38.93M (Peak 38.94M) | Time:00:00.08 | Syncing right_hakama_fold_line_1
Fra:1 Mem:38.94M (Peak 38.95M) | Time:00:00.08 | Syncing right_hakama_fold_line_2
Fra:1 Mem:38.95M (Peak 38.96M) | Time:00:00.08 | Syncing kabuto_helmet_bowl
Fra:1 Mem:39.05M (Peak 39.05M) | Time:00:00.08 | Syncing helmet_front_brim
Fra:1 Mem:39.09M (Peak 39.09M) | Time:00:00.08 | Syncing helmet_rear_flare
Fra:1 Mem:39.14M (Peak 39.14M) | Time:00:00.08 | Syncing helmet_gold_rivet
Fra:1 Mem:39.16M (Peak 39.20M) | Time:00:00.08 | Syncing left_fukigaeshi_flare
Fra:1 Mem:39.18M (Peak 39.20M) | Time:00:00.08 | Syncing right_fukigaeshi_flare
Fra:1 Mem:39.20M (Peak 39.20M) | Time:00:00.08 | Syncing shikoro_neck_guard_0
Fra:1 Mem:39.22M (Peak 39.22M) | Time:00:00.08 | Syncing shikoro_neck_guard_1
Fra:1 Mem:39.24M (Peak 39.24M) | Time:00:00.08 | Syncing shikoro_neck_guard_2
Fra:1 Mem:39.26M (Peak 39.26M) | Time:00:00.08 | Syncing shikoro_neck_guard_3
Fra:1 Mem:39.28M (Peak 39.28M) | Time:00:00.08 | Syncing maedate_hawk_left
Fra:1 Mem:39.29M (Peak 39.30M) | Time:00:00.08 | Syncing maedate_hawk_right
Fra:1 Mem:39.30M (Peak 39.31M) | Time:00:00.08 | Syncing maedate_hawk_stem
Fra:1 Mem:39.31M (Peak 39.32M) | Time:00:00.08 | Syncing visible_face_shadow
Fra:1 Mem:39.35M (Peak 39.37M) | Time:00:00.08 | Syncing mempo_cheek_mask
Fra:1 Mem:39.40M (Peak 39.41M) | Time:00:00.08 | Syncing left_eye_slit
Fra:1 Mem:39.42M (Peak 39.42M) | Time:00:00.08 | Syncing right_eye_slit
Fra:1 Mem:39.44M (Peak 39.44M) | Time:00:00.08 | Syncing mempo_moustache_left
Fra:1 Mem:39.45M (Peak 39.45M) | Time:00:00.08 | Syncing mempo_moustache_right
Fra:1 Mem:39.45M (Peak 39.46M) | Time:00:00.08 | Syncing katana_blade
Fra:1 Mem:39.46M (Peak 39.51M) | Time:00:00.08 | Syncing katana_black_ridge
Fra:1 Mem:39.47M (Peak 39.51M) | Time:00:00.08 | Syncing tsuka_wrapped_handle
Fra:1 Mem:39.48M (Peak 39.51M) | Time:00:00.08 | Syncing katana_tsuba_guard
Fra:1 Mem:39.50M (Peak 39.51M) | Time:00:00.08 | Syncing katana_pommel
Fra:1 Mem:39.51M (Peak 39.52M) | Time:00:00.08 | Syncing banner_cloth
Fra:1 Mem:39.53M (Peak 39.57M) | Time:00:00.08 | Syncing banner_cloth_mon
Fra:1 Mem:39.55M (Peak 39.59M) | Time:00:00.08 | Syncing banner_pole
Fra:1 Mem:39.55M (Peak 39.59M) | Time:00:00.08 | Syncing banner_mon
Fra:1 Mem:39.56M (Peak 39.59M) | Time:00:00.08 | Syncing softbox_key
Fra:1 Mem:39.56M (Peak 39.59M) | Time:00:00.08 | Syncing front_fill
Fra:1 Mem:39.56M (Peak 39.59M) | Time:00:00.08 | Syncing rim_light
Fra:1 Mem:39.57M (Peak 39.59M) | Time:00:00.08 | Syncing render_ground
Fra:1 Mem:39.57M (Peak 39.62M) | Time:00:00.09 | Syncing cam_takeda-01
Fra:1 Mem:39.51M (Peak 39.62M) | Time:00:00.09 | Rendering 1 / 64 samples
Fra:1 Mem:38.37M (Peak 39.62M) | Time:00:03.55 | Rendering 26 / 64 samples
Fra:1 Mem:38.37M (Peak 39.62M) | Time:00:06.37 | Rendering 51 / 64 samples
Fra:1 Mem:38.37M (Peak 39.62M) | Time:00:07.81 | Rendering 64 / 64 samples
Saved: '/workspaces/factory-edo-woodblock/worker-1/ystackai_studio-edo-woodblock/checkout/games/kawanakajima-foundry-samurai-proof/assets/generated/foundry/samurai-v17/full-20/takeda-01/cs_rear.png'
 Time: 00:07.96 (Saving: 00:00.03)

ERROR (bke.modifier): ./source/blender/blenkernel/intern/modifier.cc:458 BKE_modifier_set_error: Object: "front_row_0_kozane_125_6", Modifier: "weighted_normal", Enable 'Auto Smooth' in Object Data Properties
ERROR (bke.modifier): ./source/blender/blenkernel/intern/modifier.cc:458 BKE_modifier_set_error: Object: "banner_cloth", Modifier: "weighted_normal", Enable 'Auto Smooth' in Object Data Properties
ERROR (bke.modifier): ./source/blender/blenkernel/intern/modifier.cc:458 BKE_modifier_set_error: Object: "front_row_0_kozane_125_1", Modifier: "weighted_normal", Enable 'Auto Smooth' in Object Data Properties
ERROR (bke.modifier): ./source/blender/blenkernel/intern/modifier.cc:458 BKE_modifier_set_error: Object: "do_cuirass_core", Modifier: "weighted_normal", Enable 'Auto Smooth' in Object Data Properties
ERROR (bke.modifier): ./source/blender/blenkernel/intern/modifier.cc:458 BKE_modifier_set_error: Object: "front_row_1_kozane_115_0", Modifier: "weighted_normal", Enable 'Auto Smooth' in Object Data Properties
ERROR (bke.modifier): ./source/blender/blenkernel/intern/modifier.cc:458 BKE_modifier_set_error: Object: "front_row_0_kozane_125_4", Modifier: "weighted_normal", Enable 'Auto Smooth' in Object Data Properties
ERROR (bke.modifier): ./source/blender/blenkernel/intern/modifier.cc:458 BKE_modifier_set_error: Object: "front_row_1_kozane_115_4", Modifier: "weighted_normal", Enable 'Auto Smooth' in Object Data Properties
ERROR (bke.modifier): ./source/blender/blenkernel/intern/modifier.cc:458 BKE_modifier_set_error: Object: "front_row_0_kozane_125_2", Modifier: "weighted_normal", Enable 'Auto Smooth' in Object Data Properties
ERROR (bke.modifier): ./source/blender/blenkernel/intern/modifier.cc:458 BKE_modifier_set_error: Object: "front_row_0_kozane_125_0", Modifier: "weighted_normal", Enable 'Auto Smooth' in Object Data Properties
ERROR (bke.modifier): ./source/blender/blenkernel/intern/modifier.cc:458 BKE_modifier_set_error: Object: "front_row_1_kozane_115_3", Modifier: "weighted_normal", Enable 'Auto Smooth' in Object Data Properties
ERROR (bke.modifier): ./source/blender/blenkernel/intern/modifier.cc:458 BKE_modifier_set_error: Object: "front_row_1_kozane_115_1", Modifier: "weighted_normal", Enable 'Auto Smooth' in Object Data Properties
ERROR (bke.modifier): ./source/blender/blenkernel/intern/modifier.cc:458 BKE_modifier_set_error: Object: "front_row_1_kozane_115_6", Modifier: "weighted_normal", Enable 'Auto Smooth' in Object Data Properties
ERROR (bke.modifier): ./source/blender/blenkernel/intern/modifier.cc:458 BKE_modifier_set_error: Object: "front_row_0_kozane_125_5", Modifier: "weighted_normal", Enable 'Auto Smooth' in Object Data Properties
ERROR (bke.modifier): ./source/blender/blenkernel/intern/modifier.cc:458 BKE_modifier_set_error: Object: "front_row_2_kozane_106_0", Modifier: "weighted_normal", Enable 'Auto Smooth' in Object Data Properties
ERROR (bke.modifier): ./source/blender/blenkernel/intern/modifier.cc:458 BKE_modifier_set_error: Object: "katana_tsuba_guard", Modifier: "weighted_normal", Enable 'Auto Smooth' in Object Data Properties
ERROR (bke.modifier): ./source/blender/blenkernel/intern/modifier.cc:458 BKE_modifier_set_error: Object: "front_row_0_kozane_125_3", Modifier: "weighted_normal", Enable 'Auto Smooth' in Object Data Properties
ERROR (bke.modifier): ./source/blender/blenkernel/intern/modifier.cc:458 BKE_modifier_set_error: Object: "front_row_1_kozane_115_2", Modifier: "weighted_normal", Enable 'Auto Smooth' in Object Data Properties
ERROR (bke.modifier): ./source/blender/blenkernel/intern/modifier.cc:458 BKE_modifier_set_error: Object: "front_row_2_kozane_106_1", Modifier: "weighted_normal", Enable 'Auto Smooth' in Object Data Properties
ERROR (bke.modifier): ./source/blender/blenkernel/intern/modifier.cc:458 BKE_modifier_set_error: Object: "front_row_1_kozane_115_5", Modifier: "weighted_normal", Enable 'Auto Smooth' in Object Data Properties
ERROR (bke.modifier): ./source/blender/blenkernel/intern/modifier.cc:458 BKE_modifier_set_error: Object: "front_row_2_kozane_106_3", Modifier: "weighted_normal", Enable 'Auto Smooth' in Object Data Properties
ERROR (bke.modifier): ./source/blender/blenkernel/intern/modifier.cc:458 BKE_modifier_set_error: Object: "front_row_2_kozane_106_2", Modifier: "weighted_normal", Enable 'Auto Smooth' in Object Data Properties
ERROR (bke.modifier): ./source/blender/blenkernel/intern/modifier.cc:458 BKE_modifier_set_error: Object: "front_row_2_kozane_106_4", Modifier: "weighted_normal", Enable 'Auto Smooth' in Object Data Properties
ERROR (bke.modifier): ./source/blender/blenkernel/intern/modifier.cc:458 BKE_modifier_set_error: Object: "front_row_2_kozane_106_6", Modifier: "weighted_normal", Enable 'Auto Smooth' in Object Data Properties
ERROR (bke.modifier): ./source/blender/blenkernel/intern/modifier.cc:458 BKE_modifier_set_error: Object: "front_row_2_kozane_106_5", Modifier: "weighted_normal", Enable 'Auto Smooth' in Object Data Properties
ERROR (bke.modifier): ./source/blender/blenkernel/intern/modifier.cc:458 BKE_modifier_set_error: Object: "front_row_3_kozane_96_0", Modifier: "weighted_normal", Enable 'Auto Smooth' in Object Data Properties
ERROR (bke.modifier): ./source/blender/blenkernel/intern/modifier.cc:458 BKE_modifier_set_error: Object: "front_row_3_kozane_96_2", Modifier: "weighted_normal", Enable 'Auto Smooth' in Object Data Properties
ERROR (bke.modifier): ./source/blender/blenkernel/intern/modifier.cc:458 BKE_modifier_set_error: Object: "front_row_3_kozane_96_1", Modifier: "weighted_normal", Enable 'Auto Smooth' in Object Data Properties
ERROR (bke.modifier): ./source/blender/blenkernel/intern/modifier.cc:458 BKE_modifier_set_error: Object: "front_row_4_kozane_87_0", Modifier: "weighted_normal", Enable 'Auto Smooth' in Object Data Properties
ERROR (bke.modifier): ./source/blender/blenkernel/intern/modifier.cc:458 BKE_modifier_set_error: Object: "front_row_4_kozane_87_2", Modifier: "weighted_normal", Enable 'Auto Smooth' in Object Data Properties
ERROR (bke.modifier): ./source/blender/blenkernel/intern/modifier.cc:458 BKE_modifier_set_error: Object: "front_row_3_kozane_96_4", Modifier: "weighted_normal", Enable 'Auto Smooth' in Object Data Properties
ERROR (bke.modifier): ./source/blender/blenkernel/intern/modifier.cc:458 BKE_modifier_set_error: Object: "front_row_3_kozane_96_3", Modifier: "weighted_normal", Enable 'Auto Smooth' in Object Data Properties
ERROR (bke.modifier): ./source/blender/blenkernel/intern/modifier.cc:458 BKE_modifier_set_error: Object: "front_row_4_kozane_87_5", Modifier: "weighted_normal", Enable 'Auto Smooth' in Object Data Properties
ERROR (bke.modifier): ./source/blender/blenkernel/intern/modifier.cc:458 BKE_modifier_set_error: Object: "front_row_3_kozane_96_5", Modifier: "weighted_normal", Enable 'Auto Smooth' in Object Data Properties
ERROR (bke.modifier): ./source/blender/blenkernel/intern/modifier.cc:458 BKE_modifier_set_error: Object: "front_row_4_kozane_87_1", Modifier: "weighted_normal", Enable 'Auto Smooth' in Object Data Properties
ERROR (bke.modifier): ./source/blender/blenkernel/intern/modifier.cc:458 BKE_modifier_set_error: Object: "front_row_4_kozane_87_4", Modifier: "weighted_normal", Enable 'Auto Smooth' in Object Data Properties
ERROR (bke.modifier): ./source/blender/blenkernel/intern/modifier.cc:458 BKE_modifier_set_error: Object: "left_side_lamellar_0", Modifier: "weighted_normal", Enable 'Auto Smooth' in Object Data Properties
ERROR (bke.modifier): ./source/blender/blenkernel/intern/modifier.cc:458 BKE_modifier_set_error: Object: "left_side_lamellar_3", Modifier: "weighted_normal", Enable 'Auto Smooth' in Object Data Properties
ERROR (bke.modifier): ./source/blender/blenkernel/intern/modifier.cc:458 BKE_modifier_set_error: Object: "front_row_4_kozane_87_3", Modifier: "weighted_normal", Enable 'Auto Smooth' in Object Data Properties
ERROR (bke.modifier): ./source/blender/blenkernel/intern/modifier.cc:458 BKE_modifier_set_error: Object: "right_eye_slit", Modifier: "weighted_normal", Enable 'Auto Smooth' in Object Data Properties
ERROR (bke.modifier): ./source/blender/blenkernel/intern/modifier.cc:458 BKE_modifier_set_error: Object: "right_side_lamellar_3", Modifier: "weighted_normal", Enable 'Auto Smooth' in Object Data Properties
ERROR (bke.modifier): ./source/blender/blenkernel/intern/modifier.cc:458 BKE_modifier_set_error: Object: "left_side_lamellar_1", Modifier: "weighted_normal", Enable 'Auto Smooth' in Object Data Properties
ERROR (bke.modifier): ./source/blender/blenkernel/intern/modifier.cc:458 BKE_modifier_set_error: Object: "left_side_lamellar_2", Modifier: "weighted_normal", Enable 'Auto Smooth' in Object Data Properties
ERROR (bke.modifier): ./source/blender/blenkernel/intern/modifier.cc:458 BKE_modifier_set_error: Object: "right_side_lamellar_0", Modifier: "weighted_normal", Enable 'Auto Smooth' in Object Data Properties
ERROR (bke.modifier): ./source/blender/blenkernel/intern/modifier.cc:458 BKE_modifier_set_error: Object: "kusazuri_front_left", Modifier: "weighted_normal", Enable 'Auto Smooth' in Object Data Properties
ERROR (bke.modifier): ./source/blender/blenkernel/intern/modifier.cc:458 BKE_modifier_set_error: Object: "right_side_lamellar_1", Modifier: "weighted_normal", Enable 'Auto Smooth' in Object Data Properties
ERROR (bke.modifier): ./source/blender/blenkernel/intern/modifier.cc:458 BKE_modifier_set_error: Object: "right_side_lamellar_2", Modifier: "weighted_normal", Enable 'Auto Smooth' in Object Data Properties
ERROR (bke.modifier): ./source/blender/blenkernel/intern/modifier.cc:458 BKE_modifier_set_error: Object: "kusazuri_front_right", Modifier: "weighted_normal", Enable 'Auto Smooth' in Object Data Properties
ERROR (bke.modifier): ./source/blender/blenkernel/intern/modifier.cc:458 BKE_modifier_set_error: Object: "left_layered_sode_2", Modifier: "weighted_normal", Enable 'Auto Smooth' in Object Data Properties
ERROR (bke.modifier): ./source/blender/blenkernel/intern/modifier.cc:458 BKE_modifier_set_error: Object: "left_layered_sode_3", Modifier: "weighted_normal", Enable 'Auto Smooth' in Object Data Properties
ERROR (bke.modifier): ./source/blender/blenkernel/intern/modifier.cc:458 BKE_modifier_set_error: Object: "left_layered_sode_1", Modifier: "weighted_normal", Enable 'Auto Smooth' in Object Data Properties
ERROR (bke.modifier): ./source/blender/blenkernel/intern/modifier.cc:458 BKE_modifier_set_error: Object: "left_layered_sode_0", Modifier: "weighted_normal", Enable 'Auto Smooth' in Object Data Properties
ERROR (bke.modifier): ./source/blender/blenkernel/intern/modifier.cc:458 BKE_modifier_set_error: Object: "left_eye_slit", Modifier: "weighted_normal", Enable 'Auto Smooth' in Object Data Properties
ERROR (bke.modifier): ./source/blender/blenkernel/intern/modifier.cc:458 BKE_modifier_set_error: Object: "left_layered_sode_4", Modifier: "weighted_normal", Enable 'Auto Smooth' in Object Data Properties
ERROR (bke.modifier): ./source/blender/blenkernel/intern/modifier.cc:458 BKE_modifier_set_error: Object: "right_layered_sode_0", Modifier: "weighted_normal", Enable 'Auto Smooth' in Object Data Properties
ERROR (bke.modifier): ./source/blender/blenkernel/intern/modifier.cc:458 BKE_modifier_set_error: Object: "right_layered_sode_3", Modifier: "weighted_normal", Enable 'Auto Smooth' in Object Data Properties
ERROR (bke.modifier): ./source/blender/blenkernel/intern/modifier.cc:458 BKE_modifier_set_error: Object: "right_layered_sode_1", Modifier: "weighted_normal", Enable 'Auto Smooth' in Object Data Properties
ERROR (bke.modifier): ./source/blender/blenkernel/intern/modifier.cc:458 BKE_modifier_set_error: Object: "right_layered_sode_2", Modifier: "weighted_normal", Enable 'Auto Smooth' in Object Data Properties
ERROR (bke.modifier): ./source/blender/blenkernel/intern/modifier.cc:458 BKE_modifier_set_error: Object: "right_layered_sode_4", Modifier: "weighted_normal", Enable 'Auto Smooth' in Object Data Properties
ERROR (bke.modifier): ./source/blender/blenkernel/intern/modifier.cc:458 BKE_modifier_set_error: Object: "left_geta_sole", Modifier: "weighted_normal", Enable 'Auto Smooth' in Object Data Properties
ERROR (bke.modifier): ./source/blender/blenkernel/intern/modifier.cc:458 BKE_modifier_set_error: Object: "left_geta_tooth_front", Modifier: "weighted_normal", Enable 'Auto Smooth' in Object Data Properties
ERROR (bke.modifier): ./source/blender/blenkernel/intern/modifier.cc:458 BKE_modifier_set_error: Object: "left_geta_tooth_rear", Modifier: "weighted_normal", Enable 'Auto Smooth' in Object Data Properties
ERROR (bke.modifier): ./source/blender/blenkernel/intern/modifier.cc:458 BKE_modifier_set_error: Object: "right_geta_tooth_front", Modifier: "weighted_normal", Enable 'Auto Smooth' in Object Data Properties
ERROR (bke.modifier): ./source/blender/blenkernel/intern/modifier.cc:458 BKE_modifier_set_error: Object: "right_geta_sole", Modifier: "weighted_normal", Enable 'Auto Smooth' in Object Data Properties
ERROR (bke.modifier): ./source/blender/blenkernel/intern/modifier.cc:458 BKE_modifier_set_error: Object: "right_geta_tooth_rear", Modifier: "weighted_normal", Enable 'Auto Smooth' in Object Data Properties
ERROR (bke.modifier): ./source/blender/blenkernel/intern/modifier.cc:458 BKE_modifier_set_error: Object: "right_fukigaeshi_flare", Modifier: "weighted_normal", Enable 'Auto Smooth' in Object Data Properties
ERROR (bke.modifier): ./source/blender/blenkernel/intern/modifier.cc:458 BKE_modifier_set_error: Object: "shikoro_neck_guard_0", Modifier: "weighted_normal", Enable 'Auto Smooth' in Object Data Properties
ERROR (bke.modifier): ./source/blender/blenkernel/intern/modifier.cc:458 BKE_modifier_set_error: Object: "left_fukigaeshi_flare", Modifier: "weighted_normal", Enable 'Auto Smooth' in Object Data Properties
ERROR (bke.modifier): ./source/blender/blenkernel/intern/modifier.cc:458 BKE_modifier_set_error: Object: "shikoro_neck_guard_2", Modifier: "weighted_normal", Enable 'Auto Smooth' in Object Data Properties
ERROR (bke.modifier): ./source/blender/blenkernel/intern/modifier.cc:458 BKE_modifier_set_error: Object: "shikoro_neck_guard_3", Modifier: "weighted_normal", Enable 'Auto Smooth' in Object Data Properties
ERROR (bke.modifier): ./source/blender/blenkernel/intern/modifier.cc:458 BKE_modifier_set_error: Object: "shikoro_neck_guard_1", Modifier: "weighted_normal", Enable 'Auto Smooth' in Object Data Properties
Fra:1 Mem:36.99M (Peak 37.01M) | Time:00:00.06 | Syncing cloth_torso_underlayer
Fra:1 Mem:37.06M (Peak 37.06M) | Time:00:00.06 | Syncing do_cuirass_core
Fra:1 Mem:37.08M (Peak 37.12M) | Time:00:00.06 | Syncing front_row_0_kozane_125_0
Fra:1 Mem:37.10M (Peak 37.12M) | Time:00:00.06 | Syncing front_row_0_kozane_125_1
Fra:1 Mem:37.12M (Peak 37.12M) | Time:00:00.06 | Syncing front_row_0_kozane_125_2
Fra:1 Mem:37.14M (Peak 37.14M) | Time:00:00.06 | Syncing front_row_0_kozane_125_3
Fra:1 Mem:37.16M (Peak 37.16M) | Time:00:00.06 | Syncing front_row_0_kozane_125_4
Fra:1 Mem:37.18M (Peak 37.18M) | Time:00:00.06 | Syncing front_row_0_kozane_125_5
Fra:1 Mem:37.19M (Peak 37.19M) | Time:00:00.06 | Syncing front_row_0_kozane_125_6
Fra:1 Mem:37.21M (Peak 37.21M) | Time:00:00.06 | Syncing front_row_1_kozane_115_0
Fra:1 Mem:37.23M (Peak 37.27M) | Time:00:00.06 | Syncing front_row_1_kozane_115_1
Fra:1 Mem:37.25M (Peak 37.27M) | Time:00:00.06 | Syncing front_row_1_kozane_115_2
Fra:1 Mem:37.27M (Peak 37.27M) | Time:00:00.06 | Syncing front_row_1_kozane_115_3
Fra:1 Mem:37.29M (Peak 37.29M) | Time:00:00.06 | Syncing front_row_1_kozane_115_4
Fra:1 Mem:37.31M (Peak 37.31M) | Time:00:00.06 | Syncing front_row_1_kozane_115_5
Fra:1 Mem:37.33M (Peak 37.33M) | Time:00:00.06 | Syncing front_row_1_kozane_115_6
Fra:1 Mem:37.35M (Peak 37.35M) | Time:00:00.06 | Syncing front_row_2_kozane_106_0
Fra:1 Mem:37.37M (Peak 37.37M) | Time:00:00.06 | Syncing front_row_2_kozane_106_1
Fra:1 Mem:37.39M (Peak 37.39M) | Time:00:00.06 | Syncing front_row_2_kozane_106_2
Fra:1 Mem:37.41M (Peak 37.41M) | Time:00:00.06 | Syncing front_row_2_kozane_106_3
Fra:1 Mem:37.43M (Peak 37.43M) | Time:00:00.06 | Syncing front_row_2_kozane_106_4
Fra:1 Mem:37.45M (Peak 37.45M) | Time:00:00.06 | Syncing front_row_2_kozane_106_5
Fra:1 Mem:37.47M (Peak 37.47M) | Time:00:00.06 | Syncing front_row_2_kozane_106_6
Fra:1 Mem:37.49M (Peak 37.49M) | Time:00:00.06 | Syncing front_row_3_kozane_96_0
Fra:1 Mem:37.51M (Peak 37.51M) | Time:00:00.06 | Syncing front_row_3_kozane_96_1
Fra:1 Mem:37.52M (Peak 37.52M) | Time:00:00.06 | Syncing front_row_3_kozane_96_2
Fra:1 Mem:37.54M (Peak 37.54M) | Time:00:00.06 | Syncing front_row_3_kozane_96_3
Fra:1 Mem:37.56M (Peak 37.56M) | Time:00:00.06 | Syncing front_row_3_kozane_96_4
Fra:1 Mem:37.58M (Peak 37.58M) | Time:00:00.06 | Syncing front_row_3_kozane_96_5
Fra:1 Mem:37.60M (Peak 37.60M) | Time:00:00.07 | Syncing front_row_4_kozane_87_0
Fra:1 Mem:37.62M (Peak 37.62M) | Time:00:00.07 | Syncing front_row_4_kozane_87_1
Fra:1 Mem:37.64M (Peak 37.64M) | Time:00:00.07 | Syncing front_row_4_kozane_87_2
Fra:1 Mem:37.66M (Peak 37.66M) | Time:00:00.07 | Syncing front_row_4_kozane_87_3
Fra:1 Mem:37.68M (Peak 37.68M) | Time:00:00.07 | Syncing front_row_4_kozane_87_4
Fra:1 Mem:37.70M (Peak 37.70M) | Time:00:00.07 | Syncing front_row_4_kozane_87_5
Fra:1 Mem:37.72M (Peak 37.72M) | Time:00:00.07 | Syncing left_side_lamellar_0
Fra:1 Mem:37.74M (Peak 37.74M) | Time:00:00.07 | Syncing left_side_lamellar_1
Fra:1 Mem:37.76M (Peak 37.80M) | Time:00:00.07 | Syncing left_side_lamellar_2
Fra:1 Mem:37.78M (Peak 37.80M) | Time:00:00.07 | Syncing left_side_lamellar_3
Fra:1 Mem:37.80M (Peak 37.80M) | Time:00:00.07 | Syncing right_side_lamellar_0
Fra:1 Mem:37.82M (Peak 37.82M) | Time:00:00.07 | Syncing right_side_lamellar_1
Fra:1 Mem:37.84M (Peak 37.84M) | Time:00:00.07 | Syncing right_side_lamellar_2
Fra:1 Mem:37.85M (Peak 37.85M) | Time:00:00.07 | Syncing right_side_lamellar_3
Fra:1 Mem:37.87M (Peak 37.87M) | Time:00:00.07 | Syncing obi_sash_front
Fra:1 Mem:37.89M (Peak 37.93M) | Time:00:00.07 | Syncing kusazuri_front_left
Fra:1 Mem:37.90M (Peak 37.93M) | Time:00:00.07 | Syncing kusazuri_front_right
Fra:1 Mem:37.92M (Peak 37.93M) | Time:00:00.07 | Syncing blue_lacing_front_0
Fra:1 Mem:37.93M (Peak 37.94M) | Time:00:00.07 | Syncing blue_lacing_front_1
Fra:1 Mem:37.94M (Peak 37.95M) | Time:00:00.07 | Syncing blue_lacing_front_2
Fra:1 Mem:37.95M (Peak 37.96M) | Time:00:00.07 | Syncing blue_lacing_front_3
Fra:1 Mem:37.96M (Peak 37.97M) | Time:00:00.07 | Syncing blue_lacing_front_4
Fra:1 Mem:37.97M (Peak 37.98M) | Time:00:00.07 | Syncing left_rounded_shoulder_undercloth
Fra:1 Mem:38.01M (Peak 38.01M) | Time:00:00.07 | Syncing left_layered_sode_0
Fra:1 Mem:38.03M (Peak 38.03M) | Time:00:00.07 | Syncing left_sode_lace_0_a
Fra:1 Mem:38.04M (Peak 38.05M) | Time:00:00.07 | Syncing left_sode_lace_0_b
Fra:1 Mem:38.05M (Peak 38.06M) | Time:00:00.07 | Syncing left_layered_sode_1
Fra:1 Mem:38.07M (Peak 38.07M) | Time:00:00.07 | Syncing left_sode_lace_1_a
Fra:1 Mem:38.07M (Peak 38.08M) | Time:00:00.07 | Syncing left_sode_lace_1_b
Fra:1 Mem:38.08M (Peak 38.09M) | Time:00:00.07 | Syncing left_layered_sode_2
Fra:1 Mem:38.10M (Peak 38.10M) | Time:00:00.07 | Syncing left_sode_lace_2_a
Fra:1 Mem:38.11M (Peak 38.12M) | Time:00:00.07 | Syncing left_sode_lace_2_b
Fra:1 Mem:38.12M (Peak 38.13M) | Time:00:00.07 | Syncing left_layered_sode_3
Fra:1 Mem:38.14M (Peak 38.14M) | Time:00:00.07 | Syncing left_sode_lace_3_a
Fra:1 Mem:38.15M (Peak 38.16M) | Time:00:00.07 | Syncing left_sode_lace_3_b
Fra:1 Mem:38.16M (Peak 38.16M) | Time:00:00.07 | Syncing left_layered_sode_4
Fra:1 Mem:38.18M (Peak 38.18M) | Time:00:00.07 | Syncing left_sode_lace_4_a
Fra:1 Mem:38.18M (Peak 38.19M) | Time:00:00.07 | Syncing left_sode_lace_4_b
Fra:1 Mem:38.19M (Peak 38.20M) | Time:00:00.07 | Syncing right_rounded_shoulder_undercloth
Fra:1 Mem:38.24M (Peak 38.24M) | Time:00:00.07 | Syncing right_layered_sode_0
Fra:1 Mem:38.25M (Peak 38.25M) | Time:00:00.07 | Syncing right_sode_lace_0_a
Fra:1 Mem:38.26M (Peak 38.27M) | Time:00:00.07 | Syncing right_sode_lace_0_b
Fra:1 Mem:38.27M (Peak 38.28M) | Time:00:00.07 | Syncing right_layered_sode_1
Fra:1 Mem:38.29M (Peak 38.29M) | Time:00:00.07 | Syncing right_sode_lace_1_a
Fra:1 Mem:38.30M (Peak 38.31M) | Time:00:00.07 | Syncing right_sode_lace_1_b
Fra:1 Mem:38.31M (Peak 38.32M) | Time:00:00.07 | Syncing right_layered_sode_2
Fra:1 Mem:38.33M (Peak 38.33M) | Time:00:00.07 | Syncing right_sode_lace_2_a
Fra:1 Mem:38.34M (Peak 38.35M) | Time:00:00.07 | Syncing right_sode_lace_2_b
Fra:1 Mem:38.35M (Peak 38.35M) | Time:00:00.07 | Syncing right_layered_sode_3
Fra:1 Mem:38.36M (Peak 38.36M) | Time:00:00.07 | Syncing right_sode_lace_3_a
Fra:1 Mem:38.37M (Peak 38.38M) | Time:00:00.07 | Syncing right_sode_lace_3_b
Fra:1 Mem:38.38M (Peak 38.39M) | Time:00:00.07 | Syncing right_layered_sode_4
Fra:1 Mem:38.40M (Peak 38.40M) | Time:00:00.07 | Syncing right_sode_lace_4_a
Fra:1 Mem:38.41M (Peak 38.42M) | Time:00:00.07 | Syncing right_sode_lace_4_b
Fra:1 Mem:38.42M (Peak 38.43M) | Time:00:00.07 | Syncing left_upper_arm_cloth
Fra:1 Mem:38.43M (Peak 38.44M) | Time:00:00.07 | Syncing left_forearm_kote
Fra:1 Mem:38.44M (Peak 38.49M) | Time:00:00.07 | Syncing left_gloved_hand
Fra:1 Mem:38.47M (Peak 38.50M) | Time:00:00.07 | Syncing left_finger_0
Fra:1 Mem:38.48M (Peak 38.50M) | Time:00:00.07 | Syncing left_finger_1
Fra:1 Mem:38.49M (Peak 38.50M) | Time:00:00.07 | Syncing left_finger_2
Fra:1 Mem:38.50M (Peak 38.51M) | Time:00:00.07 | Syncing left_finger_3
Fra:1 Mem:38.51M (Peak 38.52M) | Time:00:00.07 | Syncing right_upper_arm_cloth
Fra:1 Mem:38.52M (Peak 38.53M) | Time:00:00.07 | Syncing right_forearm_kote
Fra:1 Mem:38.53M (Peak 38.54M) | Time:00:00.07 | Syncing right_gloved_hand
Fra:1 Mem:38.56M (Peak 38.56M) | Time:00:00.07 | Syncing right_finger_0
Fra:1 Mem:38.57M (Peak 38.57M) | Time:00:00.07 | Syncing right_finger_1
Fra:1 Mem:38.57M (Peak 38.58M) | Time:00:00.07 | Syncing right_finger_2
Fra:1 Mem:38.58M (Peak 38.59M) | Time:00:00.07 | Syncing right_finger_3
Fra:1 Mem:38.59M (Peak 38.60M) | Time:00:00.07 | Syncing left_hakama_outer_fold
Fra:1 Mem:38.60M (Peak 38.61M) | Time:00:00.07 | Syncing left_shin_guard
Fra:1 Mem:38.61M (Peak 38.62M) | Time:00:00.07 | Syncing left_ankle_tabi_bridge
Fra:1 Mem:38.66M (Peak 38.66M) | Time:00:00.07 | Syncing left_tabi_sock
Fra:1 Mem:38.68M (Peak 38.68M) | Time:00:00.07 | Syncing left_geta_sole
Fra:1 Mem:38.70M (Peak 38.74M) | Time:00:00.07 | Syncing left_geta_tooth_front
Fra:1 Mem:38.72M (Peak 38.74M) | Time:00:00.07 | Syncing left_geta_tooth_rear
Fra:1 Mem:38.74M (Peak 38.74M) | Time:00:00.07 | Syncing left_geta_thong_a
Fra:1 Mem:38.75M (Peak 38.76M) | Time:00:00.07 | Syncing left_geta_thong_b
Fra:1 Mem:38.76M (Peak 38.77M) | Time:00:00.07 | Syncing left_hakama_fold_line_0
Fra:1 Mem:38.77M (Peak 38.78M) | Time:00:00.07 | Syncing left_hakama_fold_line_1
Fra:1 Mem:38.78M (Peak 38.79M) | Time:00:00.07 | Syncing left_hakama_fold_line_2
Fra:1 Mem:38.79M (Peak 38.80M) | Time:00:00.07 | Syncing right_hakama_outer_fold
Fra:1 Mem:38.80M (Peak 38.81M) | Time:00:00.07 | Syncing right_shin_guard
Fra:1 Mem:38.81M (Peak 38.82M) | Time:00:00.07 | Syncing right_ankle_tabi_bridge
Fra:1 Mem:38.82M (Peak 38.83M) | Time:00:00.07 | Syncing right_tabi_sock
Fra:1 Mem:38.85M (Peak 38.85M) | Time:00:00.07 | Syncing right_geta_sole
Fra:1 Mem:38.87M (Peak 38.87M) | Time:00:00.07 | Syncing right_geta_tooth_front
Fra:1 Mem:38.89M (Peak 38.89M) | Time:00:00.07 | Syncing right_geta_tooth_rear
Fra:1 Mem:38.91M (Peak 38.91M) | Time:00:00.08 | Syncing right_geta_thong_a
Fra:1 Mem:38.91M (Peak 38.92M) | Time:00:00.08 | Syncing right_geta_thong_b
Fra:1 Mem:38.92M (Peak 38.93M) | Time:00:00.08 | Syncing right_hakama_fold_line_0
Fra:1 Mem:38.93M (Peak 38.94M) | Time:00:00.08 | Syncing right_hakama_fold_line_1
Fra:1 Mem:38.94M (Peak 38.95M) | Time:00:00.08 | Syncing right_hakama_fold_line_2
Fra:1 Mem:38.95M (Peak 38.96M) | Time:00:00.08 | Syncing kabuto_helmet_bowl
Fra:1 Mem:39.05M (Peak 39.05M) | Time:00:00.08 | Syncing helmet_front_brim
Fra:1 Mem:39.09M (Peak 39.09M) | Time:00:00.08 | Syncing helmet_rear_flare
Fra:1 Mem:39.14M (Peak 39.14M) | Time:00:00.08 | Syncing helmet_gold_rivet
Fra:1 Mem:39.16M (Peak 39.20M) | Time:00:00.08 | Syncing left_fukigaeshi_flare
Fra:1 Mem:39.18M (Peak 39.20M) | Time:00:00.08 | Syncing right_fukigaeshi_flare
Fra:1 Mem:39.20M (Peak 39.20M) | Time:00:00.08 | Syncing shikoro_neck_guard_0
Fra:1 Mem:39.22M (Peak 39.22M) | Time:00:00.08 | Syncing shikoro_neck_guard_1
Fra:1 Mem:39.24M (Peak 39.24M) | Time:00:00.08 | Syncing shikoro_neck_guard_2
Fra:1 Mem:39.26M (Peak 39.26M) | Time:00:00.08 | Syncing shikoro_neck_guard_3
Fra:1 Mem:39.28M (Peak 39.28M) | Time:00:00.08 | Syncing maedate_hawk_left
Fra:1 Mem:39.29M (Peak 39.30M) | Time:00:00.08 | Syncing maedate_hawk_right
Fra:1 Mem:39.30M (Peak 39.31M) | Time:00:00.08 | Syncing maedate_hawk_stem
Fra:1 Mem:39.31M (Peak 39.32M) | Time:00:00.08 | Syncing visible_face_shadow
Fra:1 Mem:39.35M (Peak 39.37M) | Time:00:00.08 | Syncing mempo_cheek_mask
Fra:1 Mem:39.40M (Peak 39.41M) | Time:00:00.08 | Syncing left_eye_slit
Fra:1 Mem:39.42M (Peak 39.42M) | Time:00:00.08 | Syncing right_eye_slit
Fra:1 Mem:39.44M (Peak 39.44M) | Time:00:00.08 | Syncing mempo_moustache_left
Fra:1 Mem:39.45M (Peak 39.45M) | Time:00:00.08 | Syncing mempo_moustache_right
Fra:1 Mem:39.45M (Peak 39.46M) | Time:00:00.08 | Syncing katana_blade
Fra:1 Mem:39.46M (Peak 39.51M) | Time:00:00.08 | Syncing katana_black_ridge
Fra:1 Mem:39.47M (Peak 39.51M) | Time:00:00.08 | Syncing tsuka_wrapped_handle
Fra:1 Mem:39.48M (Peak 39.51M) | Time:00:00.08 | Syncing katana_tsuba_guard
Fra:1 Mem:39.50M (Peak 39.51M) | Time:00:00.08 | Syncing katana_pommel
Fra:1 Mem:39.51M (Peak 39.52M) | Time:00:00.08 | Syncing banner_cloth
Fra:1 Mem:39.53M (Peak 39.57M) | Time:00:00.08 | Syncing banner_cloth_mon
Fra:1 Mem:39.55M (Peak 39.59M) | Time:00:00.08 | Syncing banner_pole
Fra:1 Mem:39.55M (Peak 39.59M) | Time:00:00.08 | Syncing banner_mon
Fra:1 Mem:39.56M (Peak 39.59M) | Time:00:00.08 | Syncing softbox_key
Fra:1 Mem:39.56M (Peak 39.59M) | Time:00:00.08 | Syncing front_fill
Fra:1 Mem:39.56M (Peak 39.59M) | Time:00:00.08 | Syncing rim_light
Fra:1 Mem:39.57M (Peak 39.59M) | Time:00:00.08 | Syncing render_ground
Fra:1 Mem:39.57M (Peak 39.62M) | Time:00:00.08 | Syncing cam_takeda-01
Fra:1 Mem:39.51M (Peak 39.62M) | Time:00:00.09 | Rendering 1 / 64 samples
Fra:1 Mem:38.37M (Peak 39.62M) | Time:00:03.54 | Rendering 26 / 64 samples
Fra:1 Mem:38.37M (Peak 39.62M) | Time:00:06.29 | Rendering 51 / 64 samples
Fra:1 Mem:38.37M (Peak 39.62M) | Time:00:07.71 | Rendering 64 / 64 samples
Saved: '/workspaces/factory-edo-woodblock/worker-1/ystackai_studio-edo-woodblock/checkout/games/kawanakajima-foundry-samurai-proof/assets/generated/foundry/samurai-v17/full-20/takeda-01/cs_qtr_fl.png'
 Time: 00:07.87 (Saving: 00:00.03)

ERROR (bke.modifier): ./source/blender/blenkernel/intern/modifier.cc:458 BKE_modifier_set_error: Object: "front_row_0_kozane_125_1", Modifier: "weighted_normal", Enable 'Auto Smooth' in Object Data Properties
ERROR (bke.modifier): ./source/blender/blenkernel/intern/modifier.cc:458 BKE_modifier_set_error: Object: "banner_cloth", Modifier: "weighted_normal", Enable 'Auto Smooth' in Object Data Properties
ERROR (bke.modifier): ./source/blender/blenkernel/intern/modifier.cc:458 BKE_modifier_set_error: Object: "front_row_0_kozane_125_3", Modifier: "weighted_normal", Enable 'Auto Smooth' in Object Data Properties
ERROR (bke.modifier): ./source/blender/blenkernel/intern/modifier.cc:458 BKE_modifier_set_error: Object: "front_row_1_kozane_115_3", Modifier: "weighted_normal", Enable 'Auto Smooth' in Object Data Properties
ERROR (bke.modifier): ./source/blender/blenkernel/intern/modifier.cc:458 BKE_modifier_set_error: Object: "front_row_1_kozane_115_0", Modifier: "weighted_normal", Enable 'Auto Smooth' in Object Data Properties
ERROR (bke.modifier): ./source/blender/blenkernel/intern/modifier.cc:458 BKE_modifier_set_error: Object: "front_row_1_kozane_115_2", Modifier: "weighted_normal", Enable 'Auto Smooth' in Object Data Properties
ERROR (bke.modifier): ./source/blender/blenkernel/intern/modifier.cc:458 BKE_modifier_set_error: Object: "front_row_0_kozane_125_6", Modifier: "weighted_normal", Enable 'Auto Smooth' in Object Data Properties
ERROR (bke.modifier): ./source/blender/blenkernel/intern/modifier.cc:458 BKE_modifier_set_error: Object: "front_row_0_kozane_125_0", Modifier: "weighted_normal", Enable 'Auto Smooth' in Object Data Properties
ERROR (bke.modifier): ./source/blender/blenkernel/intern/modifier.cc:458 BKE_modifier_set_error: Object: "front_row_1_kozane_115_6", Modifier: "weighted_normal", Enable 'Auto Smooth' in Object Data Properties
ERROR (bke.modifier): ./source/blender/blenkernel/intern/modifier.cc:458 BKE_modifier_set_error: Object: "front_row_1_kozane_115_1", Modifier: "weighted_normal", Enable 'Auto Smooth' in Object Data Properties
ERROR (bke.modifier): ./source/blender/blenkernel/intern/modifier.cc:458 BKE_modifier_set_error: Object: "front_row_0_kozane_125_4", Modifier: "weighted_normal", Enable 'Auto Smooth' in Object Data Properties
ERROR (bke.modifier): ./source/blender/blenkernel/intern/modifier.cc:458 BKE_modifier_set_error: Object: "front_row_2_kozane_106_0", Modifier: "weighted_normal", Enable 'Auto Smooth' in Object Data Properties
ERROR (bke.modifier): ./source/blender/blenkernel/intern/modifier.cc:458 BKE_modifier_set_error: Object: "front_row_1_kozane_115_5", Modifier: "weighted_normal", Enable 'Auto Smooth' in Object Data Properties
ERROR (bke.modifier): ./source/blender/blenkernel/intern/modifier.cc:458 BKE_modifier_set_error: Object: "front_row_2_kozane_106_1", Modifier: "weighted_normal", Enable 'Auto Smooth' in Object Data Properties
ERROR (bke.modifier): ./source/blender/blenkernel/intern/modifier.cc:458 BKE_modifier_set_error: Object: "do_cuirass_core", Modifier: "weighted_normal", Enable 'Auto Smooth' in Object Data Properties
ERROR (bke.modifier): ./source/blender/blenkernel/intern/modifier.cc:458 BKE_modifier_set_error: Object: "katana_tsuba_guard", Modifier: "weighted_normal", Enable 'Auto Smooth' in Object Data Properties
ERROR (bke.modifier): ./source/blender/blenkernel/intern/modifier.cc:458 BKE_modifier_set_error: Object: "front_row_2_kozane_106_3", Modifier: "weighted_normal", Enable 'Auto Smooth' in Object Data Properties
ERROR (bke.modifier): ./source/blender/blenkernel/intern/modifier.cc:458 BKE_modifier_set_error: Object: "front_row_2_kozane_106_4", Modifier: "weighted_normal", Enable 'Auto Smooth' in Object Data Properties
ERROR (bke.modifier): ./source/blender/blenkernel/intern/modifier.cc:458 BKE_modifier_set_error: Object: "front_row_1_kozane_115_4", Modifier: "weighted_normal", Enable 'Auto Smooth' in Object Data Properties
ERROR (bke.modifier): ./source/blender/blenkernel/intern/modifier.cc:458 BKE_modifier_set_error: Object: "front_row_2_kozane_106_5", Modifier: "weighted_normal", Enable 'Auto Smooth' in Object Data Properties
ERROR (bke.modifier): ./source/blender/blenkernel/intern/modifier.cc:458 BKE_modifier_set_error: Object: "front_row_2_kozane_106_2", Modifier: "weighted_normal", Enable 'Auto Smooth' in Object Data Properties
ERROR (bke.modifier): ./source/blender/blenkernel/intern/modifier.cc:458 BKE_modifier_set_error: Object: "front_row_3_kozane_96_0", Modifier: "weighted_normal", Enable 'Auto Smooth' in Object Data Properties
ERROR (bke.modifier): ./source/blender/blenkernel/intern/modifier.cc:458 BKE_modifier_set_error: Object: "front_row_2_kozane_106_6", Modifier: "weighted_normal", Enable 'Auto Smooth' in Object Data Properties
ERROR (bke.modifier): ./source/blender/blenkernel/intern/modifier.cc:458 BKE_modifier_set_error: Object: "front_row_0_kozane_125_2", Modifier: "weighted_normal", Enable 'Auto Smooth' in Object Data Properties
ERROR (bke.modifier): ./source/blender/blenkernel/intern/modifier.cc:458 BKE_modifier_set_error: Object: "front_row_3_kozane_96_1", Modifier: "weighted_normal", Enable 'Auto Smooth' in Object Data Properties
ERROR (bke.modifier): ./source/blender/blenkernel/intern/modifier.cc:458 BKE_modifier_set_error: Object: "front_row_3_kozane_96_2", Modifier: "weighted_normal", Enable 'Auto Smooth' in Object Data Properties
ERROR (bke.modifier): ./source/blender/blenkernel/intern/modifier.cc:458 BKE_modifier_set_error: Object: "front_row_4_kozane_87_0", Modifier: "weighted_normal", Enable 'Auto Smooth' in Object Data Properties
ERROR (bke.modifier): ./source/blender/blenkernel/intern/modifier.cc:458 BKE_modifier_set_error: Object: "front_row_3_kozane_96_3", Modifier: "weighted_normal", Enable 'Auto Smooth' in Object Data Properties
ERROR (bke.modifier): ./source/blender/blenkernel/intern/modifier.cc:458 BKE_modifier_set_error: Object: "front_row_0_kozane_125_5", Modifier: "weighted_normal", Enable 'Auto Smooth' in Object Data Properties
ERROR (bke.modifier): ./source/blender/blenkernel/intern/modifier.cc:458 BKE_modifier_set_error: Object: "front_row_3_kozane_96_5", Modifier: "weighted_normal", Enable 'Auto Smooth' in Object Data Properties
ERROR (bke.modifier): ./source/blender/blenkernel/intern/modifier.cc:458 BKE_modifier_set_error: Object: "front_row_4_kozane_87_1", Modifier: "weighted_normal", Enable 'Auto Smooth' in Object Data Properties
ERROR (bke.modifier): ./source/blender/blenkernel/intern/modifier.cc:458 BKE_modifier_set_error: Object: "front_row_4_kozane_87_2", Modifier: "weighted_normal", Enable 'Auto Smooth' in Object Data Properties
ERROR (bke.modifier): ./source/blender/blenkernel/intern/modifier.cc:458 BKE_modifier_set_error: Object: "front_row_4_kozane_87_3", Modifier: "weighted_normal", Enable 'Auto Smooth' in Object Data Properties
ERROR (bke.modifier): ./source/blender/blenkernel/intern/modifier.cc:458 BKE_modifier_set_error: Object: "front_row_3_kozane_96_4", Modifier: "weighted_normal", Enable 'Auto Smooth' in Object Data Properties
ERROR (bke.modifier): ./source/blender/blenkernel/intern/modifier.cc:458 BKE_modifier_set_error: Object: "front_row_4_kozane_87_5", Modifier: "weighted_normal", Enable 'Auto Smooth' in Object Data Properties
ERROR (bke.modifier): ./source/blender/blenkernel/intern/modifier.cc:458 BKE_modifier_set_error: Object: "right_eye_slit", Modifier: "weighted_normal", Enable 'Auto Smooth' in Object Data Properties
ERROR (bke.modifier): ./source/blender/blenkernel/intern/modifier.cc:458 BKE_modifier_set_error: Object: "front_row_4_kozane_87_4", Modifier: "weighted_normal", Enable 'Auto Smooth' in Object Data Properties
ERROR (bke.modifier): ./source/blender/blenkernel/intern/modifier.cc:458 BKE_modifier_set_error: Object: "left_side_lamellar_3", Modifier: "weighted_normal", Enable 'Auto Smooth' in Object Data Properties
ERROR (bke.modifier): ./source/blender/blenkernel/intern/modifier.cc:458 BKE_modifier_set_error: Object: "left_side_lamellar_0", Modifier: "weighted_normal", Enable 'Auto Smooth' in Object Data Properties
ERROR (bke.modifier): ./source/blender/blenkernel/intern/modifier.cc:458 BKE_modifier_set_error: Object: "left_side_lamellar_1", Modifier: "weighted_normal", Enable 'Auto Smooth' in Object Data Properties
ERROR (bke.modifier): ./source/blender/blenkernel/intern/modifier.cc:458 BKE_modifier_set_error: Object: "right_side_lamellar_2", Modifier: "weighted_normal", Enable 'Auto Smooth' in Object Data Properties
ERROR (bke.modifier): ./source/blender/blenkernel/intern/modifier.cc:458 BKE_modifier_set_error: Object: "right_side_lamellar_1", Modifier: "weighted_normal", Enable 'Auto Smooth' in Object Data Properties
ERROR (bke.modifier): ./source/blender/blenkernel/intern/modifier.cc:458 BKE_modifier_set_error: Object: "right_side_lamellar_0", Modifier: "weighted_normal", Enable 'Auto Smooth' in Object Data Properties
ERROR (bke.modifier): ./source/blender/blenkernel/intern/modifier.cc:458 BKE_modifier_set_error: Object: "left_side_lamellar_2", Modifier: "weighted_normal", Enable 'Auto Smooth' in Object Data Properties
ERROR (bke.modifier): ./source/blender/blenkernel/intern/modifier.cc:458 BKE_modifier_set_error: Object: "right_side_lamellar_3", Modifier: "weighted_normal", Enable 'Auto Smooth' in Object Data Properties
ERROR (bke.modifier): ./source/blender/blenkernel/intern/modifier.cc:458 BKE_modifier_set_error: Object: "kusazuri_front_left", Modifier: "weighted_normal", Enable 'Auto Smooth' in Object Data Properties
ERROR (bke.modifier): ./source/blender/blenkernel/intern/modifier.cc:458 BKE_modifier_set_error: Object: "left_layered_sode_2", Modifier: "weighted_normal", Enable 'Auto Smooth' in Object Data Properties
ERROR (bke.modifier): ./source/blender/blenkernel/intern/modifier.cc:458 BKE_modifier_set_error: Object: "kusazuri_front_right", Modifier: "weighted_normal", Enable 'Auto Smooth' in Object Data Properties
ERROR (bke.modifier): ./source/blender/blenkernel/intern/modifier.cc:458 BKE_modifier_set_error: Object: "left_eye_slit", Modifier: "weighted_normal", Enable 'Auto Smooth' in Object Data Properties
ERROR (bke.modifier): ./source/blender/blenkernel/intern/modifier.cc:458 BKE_modifier_set_error: Object: "left_layered_sode_3", Modifier: "weighted_normal", Enable 'Auto Smooth' in Object Data Properties
ERROR (bke.modifier): ./source/blender/blenkernel/intern/modifier.cc:458 BKE_modifier_set_error: Object: "left_layered_sode_0", Modifier: "weighted_normal", Enable 'Auto Smooth' in Object Data Properties
ERROR (bke.modifier): ./source/blender/blenkernel/intern/modifier.cc:458 BKE_modifier_set_error: Object: "left_layered_sode_1", Modifier: "weighted_normal", Enable 'Auto Smooth' in Object Data Properties
ERROR (bke.modifier): ./source/blender/blenkernel/intern/modifier.cc:458 BKE_modifier_set_error: Object: "left_layered_sode_4", Modifier: "weighted_normal", Enable 'Auto Smooth' in Object Data Properties
ERROR (bke.modifier): ./source/blender/blenkernel/intern/modifier.cc:458 BKE_modifier_set_error: Object: "right_layered_sode_2", Modifier: "weighted_normal", Enable 'Auto Smooth' in Object Data Properties
ERROR (bke.modifier): ./source/blender/blenkernel/intern/modifier.cc:458 BKE_modifier_set_error: Object: "right_layered_sode_1", Modifier: "weighted_normal", Enable 'Auto Smooth' in Object Data Properties
ERROR (bke.modifier): ./source/blender/blenkernel/intern/modifier.cc:458 BKE_modifier_set_error: Object: "right_layered_sode_4", Modifier: "weighted_normal", Enable 'Auto Smooth' in Object Data Properties
ERROR (bke.modifier): ./source/blender/blenkernel/intern/modifier.cc:458 BKE_modifier_set_error: Object: "right_layered_sode_0", Modifier: "weighted_normal", Enable 'Auto Smooth' in Object Data Properties
ERROR (bke.modifier): ./source/blender/blenkernel/intern/modifier.cc:458 BKE_modifier_set_error: Object: "right_layered_sode_3", Modifier: "weighted_normal", Enable 'Auto Smooth' in Object Data Properties
ERROR (bke.modifier): ./source/blender/blenkernel/intern/modifier.cc:458 BKE_modifier_set_error: Object: "left_geta_tooth_front", Modifier: "weighted_normal", Enable 'Auto Smooth' in Object Data Properties
ERROR (bke.modifier): ./source/blender/blenkernel/intern/modifier.cc:458 BKE_modifier_set_error: Object: "left_geta_sole", Modifier: "weighted_normal", Enable 'Auto Smooth' in Object Data Properties
ERROR (bke.modifier): ./source/blender/blenkernel/intern/modifier.cc:458 BKE_modifier_set_error: Object: "right_geta_sole", Modifier: "weighted_normal", Enable 'Auto Smooth' in Object Data Properties
ERROR (bke.modifier): ./source/blender/blenkernel/intern/modifier.cc:458 BKE_modifier_set_error: Object: "right_geta_tooth_front", Modifier: "weighted_normal", Enable 'Auto Smooth' in Object Data Properties
ERROR (bke.modifier): ./source/blender/blenkernel/intern/modifier.cc:458 BKE_modifier_set_error: Object: "right_geta_tooth_rear", Modifier: "weighted_normal", Enable 'Auto Smooth' in Object Data Properties
ERROR (bke.modifier): ./source/blender/blenkernel/intern/modifier.cc:458 BKE_modifier_set_error: Object: "left_geta_tooth_rear", Modifier: "weighted_normal", Enable 'Auto Smooth' in Object Data Properties
ERROR (bke.modifier): ./source/blender/blenkernel/intern/modifier.cc:458 BKE_modifier_set_error: Object: "left_fukigaeshi_flare", Modifier: "weighted_normal", Enable 'Auto Smooth' in Object Data Properties
ERROR (bke.modifier): ./source/blender/blenkernel/intern/modifier.cc:458 BKE_modifier_set_error: Object: "shikoro_neck_guard_3", Modifier: "weighted_normal", Enable 'Auto Smooth' in Object Data Properties
ERROR (bke.modifier): ./source/blender/blenkernel/intern/modifier.cc:458 BKE_modifier_set_error: Object: "right_fukigaeshi_flare", Modifier: "weighted_normal", Enable 'Auto Smooth' in Object Data Properties
ERROR (bke.modifier): ./source/blender/blenkernel/intern/modifier.cc:458 BKE_modifier_set_error: Object: "shikoro_neck_guard_2", Modifier: "weighted_normal", Enable 'Auto Smooth' in Object Data Properties
ERROR (bke.modifier): ./source/blender/blenkernel/intern/modifier.cc:458 BKE_modifier_set_error: Object: "shikoro_neck_guard_0", Modifier: "weighted_normal", Enable 'Auto Smooth' in Object Data Properties
ERROR (bke.modifier): ./source/blender/blenkernel/intern/modifier.cc:458 BKE_modifier_set_error: Object: "shikoro_neck_guard_1", Modifier: "weighted_normal", Enable 'Auto Smooth' in Object Data Properties
Fra:1 Mem:36.99M (Peak 37.01M) | Time:00:00.06 | Syncing cloth_torso_underlayer
Fra:1 Mem:37.06M (Peak 37.06M) | Time:00:00.06 | Syncing do_cuirass_core
Fra:1 Mem:37.08M (Peak 37.12M) | Time:00:00.06 | Syncing front_row_0_kozane_125_0
Fra:1 Mem:37.10M (Peak 37.12M) | Time:00:00.06 | Syncing front_row_0_kozane_125_1
Fra:1 Mem:37.12M (Peak 37.12M) | Time:00:00.06 | Syncing front_row_0_kozane_125_2
Fra:1 Mem:37.14M (Peak 37.14M) | Time:00:00.06 | Syncing front_row_0_kozane_125_3
Fra:1 Mem:37.16M (Peak 37.16M) | Time:00:00.06 | Syncing front_row_0_kozane_125_4
Fra:1 Mem:37.18M (Peak 37.18M) | Time:00:00.06 | Syncing front_row_0_kozane_125_5
Fra:1 Mem:37.19M (Peak 37.19M) | Time:00:00.06 | Syncing front_row_0_kozane_125_6
Fra:1 Mem:37.21M (Peak 37.21M) | Time:00:00.06 | Syncing front_row_1_kozane_115_0
Fra:1 Mem:37.23M (Peak 37.27M) | Time:00:00.06 | Syncing front_row_1_kozane_115_1
Fra:1 Mem:37.25M (Peak 37.27M) | Time:00:00.06 | Syncing front_row_1_kozane_115_2
Fra:1 Mem:37.27M (Peak 37.27M) | Time:00:00.06 | Syncing front_row_1_kozane_115_3
Fra:1 Mem:37.29M (Peak 37.29M) | Time:00:00.06 | Syncing front_row_1_kozane_115_4
Fra:1 Mem:37.31M (Peak 37.31M) | Time:00:00.06 | Syncing front_row_1_kozane_115_5
Fra:1 Mem:37.33M (Peak 37.33M) | Time:00:00.06 | Syncing front_row_1_kozane_115_6
Fra:1 Mem:37.35M (Peak 37.35M) | Time:00:00.06 | Syncing front_row_2_kozane_106_0
Fra:1 Mem:37.37M (Peak 37.37M) | Time:00:00.06 | Syncing front_row_2_kozane_106_1
Fra:1 Mem:37.39M (Peak 37.39M) | Time:00:00.06 | Syncing front_row_2_kozane_106_2
Fra:1 Mem:37.41M (Peak 37.41M) | Time:00:00.06 | Syncing front_row_2_kozane_106_3
Fra:1 Mem:37.43M (Peak 37.43M) | Time:00:00.06 | Syncing front_row_2_kozane_106_4
Fra:1 Mem:37.45M (Peak 37.45M) | Time:00:00.06 | Syncing front_row_2_kozane_106_5
Fra:1 Mem:37.47M (Peak 37.47M) | Time:00:00.06 | Syncing front_row_2_kozane_106_6
Fra:1 Mem:37.49M (Peak 37.49M) | Time:00:00.06 | Syncing front_row_3_kozane_96_0
Fra:1 Mem:37.51M (Peak 37.51M) | Time:00:00.06 | Syncing front_row_3_kozane_96_1
Fra:1 Mem:37.52M (Peak 37.52M) | Time:00:00.06 | Syncing front_row_3_kozane_96_2
Fra:1 Mem:37.54M (Peak 37.54M) | Time:00:00.06 | Syncing front_row_3_kozane_96_3
Fra:1 Mem:37.56M (Peak 37.56M) | Time:00:00.06 | Syncing front_row_3_kozane_96_4
Fra:1 Mem:37.58M (Peak 37.58M) | Time:00:00.06 | Syncing front_row_3_kozane_96_5
Fra:1 Mem:37.60M (Peak 37.60M) | Time:00:00.06 | Syncing front_row_4_kozane_87_0
Fra:1 Mem:37.62M (Peak 37.62M) | Time:00:00.06 | Syncing front_row_4_kozane_87_1
Fra:1 Mem:37.64M (Peak 37.64M) | Time:00:00.06 | Syncing front_row_4_kozane_87_2
Fra:1 Mem:37.66M (Peak 37.66M) | Time:00:00.06 | Syncing front_row_4_kozane_87_3
Fra:1 Mem:37.68M (Peak 37.68M) | Time:00:00.06 | Syncing front_row_4_kozane_87_4
Fra:1 Mem:37.70M (Peak 37.70M) | Time:00:00.06 | Syncing front_row_4_kozane_87_5
Fra:1 Mem:37.72M (Peak 37.72M) | Time:00:00.06 | Syncing left_side_lamellar_0
Fra:1 Mem:37.74M (Peak 37.74M) | Time:00:00.06 | Syncing left_side_lamellar_1
Fra:1 Mem:37.76M (Peak 37.80M) | Time:00:00.07 | Syncing left_side_lamellar_2
Fra:1 Mem:37.78M (Peak 37.80M) | Time:00:00.07 | Syncing left_side_lamellar_3
Fra:1 Mem:37.80M (Peak 37.80M) | Time:00:00.07 | Syncing right_side_lamellar_0
Fra:1 Mem:37.82M (Peak 37.82M) | Time:00:00.07 | Syncing right_side_lamellar_1
Fra:1 Mem:37.84M (Peak 37.84M) | Time:00:00.07 | Syncing right_side_lamellar_2
Fra:1 Mem:37.85M (Peak 37.85M) | Time:00:00.07 | Syncing right_side_lamellar_3
Fra:1 Mem:37.87M (Peak 37.87M) | Time:00:00.07 | Syncing obi_sash_front
Fra:1 Mem:37.89M (Peak 37.93M) | Time:00:00.07 | Syncing kusazuri_front_left
Fra:1 Mem:37.90M (Peak 37.93M) | Time:00:00.07 | Syncing kusazuri_front_right
Fra:1 Mem:37.92M (Peak 37.93M) | Time:00:00.07 | Syncing blue_lacing_front_0
Fra:1 Mem:37.93M (Peak 37.94M) | Time:00:00.07 | Syncing blue_lacing_front_1
Fra:1 Mem:37.94M (Peak 37.95M) | Time:00:00.07 | Syncing blue_lacing_front_2
Fra:1 Mem:37.95M (Peak 37.96M) | Time:00:00.07 | Syncing blue_lacing_front_3
Fra:1 Mem:37.96M (Peak 37.97M) | Time:00:00.07 | Syncing blue_lacing_front_4
Fra:1 Mem:37.97M (Peak 37.98M) | Time:00:00.07 | Syncing left_rounded_shoulder_undercloth
Fra:1 Mem:38.01M (Peak 38.01M) | Time:00:00.07 | Syncing left_layered_sode_0
Fra:1 Mem:38.03M (Peak 38.03M) | Time:00:00.07 | Syncing left_sode_lace_0_a
Fra:1 Mem:38.04M (Peak 38.05M) | Time:00:00.07 | Syncing left_sode_lace_0_b
Fra:1 Mem:38.05M (Peak 38.06M) | Time:00:00.07 | Syncing left_layered_sode_1
Fra:1 Mem:38.07M (Peak 38.07M) | Time:00:00.07 | Syncing left_sode_lace_1_a
Fra:1 Mem:38.07M (Peak 38.08M) | Time:00:00.07 | Syncing left_sode_lace_1_b
Fra:1 Mem:38.08M (Peak 38.09M) | Time:00:00.07 | Syncing left_layered_sode_2
Fra:1 Mem:38.10M (Peak 38.10M) | Time:00:00.07 | Syncing left_sode_lace_2_a
Fra:1 Mem:38.11M (Peak 38.12M) | Time:00:00.07 | Syncing left_sode_lace_2_b
Fra:1 Mem:38.12M (Peak 38.13M) | Time:00:00.07 | Syncing left_layered_sode_3
Fra:1 Mem:38.14M (Peak 38.14M) | Time:00:00.07 | Syncing left_sode_lace_3_a
Fra:1 Mem:38.15M (Peak 38.16M) | Time:00:00.07 | Syncing left_sode_lace_3_b
Fra:1 Mem:38.16M (Peak 38.16M) | Time:00:00.07 | Syncing left_layered_sode_4
Fra:1 Mem:38.18M (Peak 38.18M) | Time:00:00.07 | Syncing left_sode_lace_4_a
Fra:1 Mem:38.18M (Peak 38.19M) | Time:00:00.07 | Syncing left_sode_lace_4_b
Fra:1 Mem:38.19M (Peak 38.20M) | Time:00:00.07 | Syncing right_rounded_shoulder_undercloth
Fra:1 Mem:38.24M (Peak 38.24M) | Time:00:00.07 | Syncing right_layered_sode_0
Fra:1 Mem:38.25M (Peak 38.25M) | Time:00:00.07 | Syncing right_sode_lace_0_a
Fra:1 Mem:38.26M (Peak 38.27M) | Time:00:00.07 | Syncing right_sode_lace_0_b
Fra:1 Mem:38.27M (Peak 38.28M) | Time:00:00.07 | Syncing right_layered_sode_1
Fra:1 Mem:38.29M (Peak 38.29M) | Time:00:00.07 | Syncing right_sode_lace_1_a
Fra:1 Mem:38.30M (Peak 38.31M) | Time:00:00.07 | Syncing right_sode_lace_1_b
Fra:1 Mem:38.31M (Peak 38.32M) | Time:00:00.07 | Syncing right_layered_sode_2
Fra:1 Mem:38.33M (Peak 38.33M) | Time:00:00.07 | Syncing right_sode_lace_2_a
Fra:1 Mem:38.34M (Peak 38.35M) | Time:00:00.07 | Syncing right_sode_lace_2_b
Fra:1 Mem:38.35M (Peak 38.35M) | Time:00:00.07 | Syncing right_layered_sode_3
Fra:1 Mem:38.36M (Peak 38.36M) | Time:00:00.07 | Syncing right_sode_lace_3_a
Fra:1 Mem:38.37M (Peak 38.38M) | Time:00:00.07 | Syncing right_sode_lace_3_b
Fra:1 Mem:38.38M (Peak 38.39M) | Time:00:00.07 | Syncing right_layered_sode_4
Fra:1 Mem:38.40M (Peak 38.40M) | Time:00:00.07 | Syncing right_sode_lace_4_a
Fra:1 Mem:38.41M (Peak 38.42M) | Time:00:00.07 | Syncing right_sode_lace_4_b
Fra:1 Mem:38.42M (Peak 38.43M) | Time:00:00.07 | Syncing left_upper_arm_cloth
Fra:1 Mem:38.43M (Peak 38.44M) | Time:00:00.07 | Syncing left_forearm_kote
Fra:1 Mem:38.44M (Peak 38.49M) | Time:00:00.07 | Syncing left_gloved_hand
Fra:1 Mem:38.47M (Peak 38.50M) | Time:00:00.07 | Syncing left_finger_0
Fra:1 Mem:38.48M (Peak 38.50M) | Time:00:00.07 | Syncing left_finger_1
Fra:1 Mem:38.49M (Peak 38.50M) | Time:00:00.07 | Syncing left_finger_2
Fra:1 Mem:38.50M (Peak 38.51M) | Time:00:00.07 | Syncing left_finger_3
Fra:1 Mem:38.51M (Peak 38.52M) | Time:00:00.07 | Syncing right_upper_arm_cloth
Fra:1 Mem:38.52M (Peak 38.53M) | Time:00:00.07 | Syncing right_forearm_kote
Fra:1 Mem:38.53M (Peak 38.54M) | Time:00:00.07 | Syncing right_gloved_hand
Fra:1 Mem:38.56M (Peak 38.56M) | Time:00:00.07 | Syncing right_finger_0
Fra:1 Mem:38.57M (Peak 38.57M) | Time:00:00.07 | Syncing right_finger_1
Fra:1 Mem:38.57M (Peak 38.58M) | Time:00:00.07 | Syncing right_finger_2
Fra:1 Mem:38.58M (Peak 38.59M) | Time:00:00.07 | Syncing right_finger_3
Fra:1 Mem:38.59M (Peak 38.60M) | Time:00:00.07 | Syncing left_hakama_outer_fold
Fra:1 Mem:38.60M (Peak 38.61M) | Time:00:00.07 | Syncing left_shin_guard
Fra:1 Mem:38.61M (Peak 38.62M) | Time:00:00.07 | Syncing left_ankle_tabi_bridge
Fra:1 Mem:38.66M (Peak 38.66M) | Time:00:00.07 | Syncing left_tabi_sock
Fra:1 Mem:38.68M (Peak 38.68M) | Time:00:00.07 | Syncing left_geta_sole
Fra:1 Mem:38.70M (Peak 38.74M) | Time:00:00.07 | Syncing left_geta_tooth_front
Fra:1 Mem:38.72M (Peak 38.74M) | Time:00:00.07 | Syncing left_geta_tooth_rear
Fra:1 Mem:38.74M (Peak 38.74M) | Time:00:00.07 | Syncing left_geta_thong_a
Fra:1 Mem:38.75M (Peak 38.76M) | Time:00:00.07 | Syncing left_geta_thong_b
Fra:1 Mem:38.76M (Peak 38.77M) | Time:00:00.07 | Syncing left_hakama_fold_line_0
Fra:1 Mem:38.77M (Peak 38.78M) | Time:00:00.07 | Syncing left_hakama_fold_line_1
Fra:1 Mem:38.78M (Peak 38.79M) | Time:00:00.07 | Syncing left_hakama_fold_line_2
Fra:1 Mem:38.79M (Peak 38.80M) | Time:00:00.07 | Syncing right_hakama_outer_fold
Fra:1 Mem:38.80M (Peak 38.81M) | Time:00:00.07 | Syncing right_shin_guard
Fra:1 Mem:38.81M (Peak 38.82M) | Time:00:00.07 | Syncing right_ankle_tabi_bridge
Fra:1 Mem:38.82M (Peak 38.83M) | Time:00:00.07 | Syncing right_tabi_sock
Fra:1 Mem:38.85M (Peak 38.85M) | Time:00:00.07 | Syncing right_geta_sole
Fra:1 Mem:38.87M (Peak 38.87M) | Time:00:00.07 | Syncing right_geta_tooth_front
Fra:1 Mem:38.89M (Peak 38.89M) | Time:00:00.07 | Syncing right_geta_tooth_rear
Fra:1 Mem:38.91M (Peak 38.91M) | Time:00:00.07 | Syncing right_geta_thong_a
Fra:1 Mem:38.91M (Peak 38.92M) | Time:00:00.07 | Syncing right_geta_thong_b
Fra:1 Mem:38.92M (Peak 38.93M) | Time:00:00.07 | Syncing right_hakama_fold_line_0
Fra:1 Mem:38.93M (Peak 38.94M) | Time:00:00.07 | Syncing right_hakama_fold_line_1
Fra:1 Mem:38.94M (Peak 38.95M) | Time:00:00.07 | Syncing right_hakama_fold_line_2
Fra:1 Mem:38.95M (Peak 38.96M) | Time:00:00.07 | Syncing kabuto_helmet_bowl
Fra:1 Mem:39.05M (Peak 39.05M) | Time:00:00.07 | Syncing helmet_front_brim
Fra:1 Mem:39.09M (Peak 39.09M) | Time:00:00.07 | Syncing helmet_rear_flare
Fra:1 Mem:39.14M (Peak 39.14M) | Time:00:00.07 | Syncing helmet_gold_rivet
Fra:1 Mem:39.16M (Peak 39.20M) | Time:00:00.07 | Syncing left_fukigaeshi_flare
Fra:1 Mem:39.18M (Peak 39.20M) | Time:00:00.07 | Syncing right_fukigaeshi_flare
Fra:1 Mem:39.20M (Peak 39.20M) | Time:00:00.07 | Syncing shikoro_neck_guard_0
Fra:1 Mem:39.22M (Peak 39.22M) | Time:00:00.07 | Syncing shikoro_neck_guard_1
Fra:1 Mem:39.24M (Peak 39.24M) | Time:00:00.07 | Syncing shikoro_neck_guard_2
Fra:1 Mem:39.26M (Peak 39.26M) | Time:00:00.07 | Syncing shikoro_neck_guard_3
Fra:1 Mem:39.28M (Peak 39.28M) | Time:00:00.07 | Syncing maedate_hawk_left
Fra:1 Mem:39.29M (Peak 39.30M) | Time:00:00.07 | Syncing maedate_hawk_right
Fra:1 Mem:39.30M (Peak 39.31M) | Time:00:00.07 | Syncing maedate_hawk_stem
Fra:1 Mem:39.31M (Peak 39.32M) | Time:00:00.07 | Syncing visible_face_shadow
Fra:1 Mem:39.35M (Peak 39.37M) | Time:00:00.08 | Syncing mempo_cheek_mask
Fra:1 Mem:39.40M (Peak 39.41M) | Time:00:00.08 | Syncing left_eye_slit
Fra:1 Mem:39.42M (Peak 39.42M) | Time:00:00.08 | Syncing right_eye_slit
Fra:1 Mem:39.44M (Peak 39.44M) | Time:00:00.08 | Syncing mempo_moustache_left
Fra:1 Mem:39.45M (Peak 39.45M) | Time:00:00.08 | Syncing mempo_moustache_right
Fra:1 Mem:39.45M (Peak 39.46M) | Time:00:00.08 | Syncing katana_blade
Fra:1 Mem:39.46M (Peak 39.51M) | Time:00:00.08 | Syncing katana_black_ridge
Fra:1 Mem:39.47M (Peak 39.51M) | Time:00:00.08 | Syncing tsuka_wrapped_handle
Fra:1 Mem:39.48M (Peak 39.51M) | Time:00:00.08 | Syncing katana_tsuba_guard
Fra:1 Mem:39.50M (Peak 39.51M) | Time:00:00.08 | Syncing katana_pommel
Fra:1 Mem:39.51M (Peak 39.52M) | Time:00:00.08 | Syncing banner_cloth
Fra:1 Mem:39.53M (Peak 39.57M) | Time:00:00.08 | Syncing banner_cloth_mon
Fra:1 Mem:39.55M (Peak 39.59M) | Time:00:00.08 | Syncing banner_pole
Fra:1 Mem:39.55M (Peak 39.59M) | Time:00:00.08 | Syncing banner_mon
Fra:1 Mem:39.56M (Peak 39.59M) | Time:00:00.08 | Syncing softbox_key
Fra:1 Mem:39.56M (Peak 39.59M) | Time:00:00.08 | Syncing front_fill
Fra:1 Mem:39.56M (Peak 39.59M) | Time:00:00.08 | Syncing rim_light
Fra:1 Mem:39.57M (Peak 39.59M) | Time:00:00.08 | Syncing render_ground
Fra:1 Mem:39.57M (Peak 39.62M) | Time:00:00.08 | Syncing cam_takeda-01
Fra:1 Mem:39.51M (Peak 39.62M) | Time:00:00.08 | Rendering 1 / 64 samples
Fra:1 Mem:38.37M (Peak 39.62M) | Time:00:03.43 | Rendering 26 / 64 samples
Fra:1 Mem:38.37M (Peak 39.62M) | Time:00:06.06 | Rendering 51 / 64 samples
Fra:1 Mem:38.37M (Peak 39.62M) | Time:00:07.43 | Rendering 64 / 64 samples
Saved: '/workspaces/factory-edo-woodblock/worker-1/ystackai_studio-edo-woodblock/checkout/games/kawanakajima-foundry-samurai-proof/assets/generated/foundry/samurai-v17/full-20/takeda-01/cs_qtr_fr.png'
 Time: 00:07.58 (Saving: 00:00.03)

ERROR (bke.modifier): ./source/blender/blenkernel/intern/modifier.cc:458 BKE_modifier_set_error: Object: "front_row_1_kozane_115_2", Modifier: "weighted_normal", Enable 'Auto Smooth' in Object Data Properties
ERROR (bke.modifier): ./source/blender/blenkernel/intern/modifier.cc:458 BKE_modifier_set_error: Object: "front_row_1_kozane_115_5", Modifier: "weighted_normal", Enable 'Auto Smooth' in Object Data Properties
ERROR (bke.modifier): ./source/blender/blenkernel/intern/modifier.cc:458 BKE_modifier_set_error: Object: "front_row_1_kozane_115_3", Modifier: "weighted_normal", Enable 'Auto Smooth' in Object Data Properties
ERROR (bke.modifier): ./source/blender/blenkernel/intern/modifier.cc:458 BKE_modifier_set_error: Object: "front_row_1_kozane_115_6", Modifier: "weighted_normal", Enable 'Auto Smooth' in Object Data Properties
ERROR (bke.modifier): ./source/blender/blenkernel/intern/modifier.cc:458 BKE_modifier_set_error: Object: "front_row_1_kozane_115_4", Modifier: "weighted_normal", Enable 'Auto Smooth' in Object Data Properties
ERROR (bke.modifier): ./source/blender/blenkernel/intern/modifier.cc:458 BKE_modifier_set_error: Object: "front_row_2_kozane_106_1", Modifier: "weighted_normal", Enable 'Auto Smooth' in Object Data Properties
ERROR (bke.modifier): ./source/blender/blenkernel/intern/modifier.cc:458 BKE_modifier_set_error: Object: "front_row_2_kozane_106_4", Modifier: "weighted_normal", Enable 'Auto Smooth' in Object Data Properties
ERROR (bke.modifier): ./source/blender/blenkernel/intern/modifier.cc:458 BKE_modifier_set_error: Object: "front_row_2_kozane_106_6", Modifier: "weighted_normal", Enable 'Auto Smooth' in Object Data Properties
ERROR (bke.modifier): ./source/blender/blenkernel/intern/modifier.cc:458 BKE_modifier_set_error: Object: "front_row_3_kozane_96_0", Modifier: "weighted_normal", Enable 'Auto Smooth' in Object Data Properties
ERROR (bke.modifier): ./source/blender/blenkernel/intern/modifier.cc:458 BKE_modifier_set_error: Object: "front_row_1_kozane_115_1", Modifier: "weighted_normal", Enable 'Auto Smooth' in Object Data Properties
ERROR (bke.modifier): ./source/blender/blenkernel/intern/modifier.cc:458 BKE_modifier_set_error: Object: "front_row_3_kozane_96_1", Modifier: "weighted_normal", Enable 'Auto Smooth' in Object Data Properties
ERROR (bke.modifier): ./source/blender/blenkernel/intern/modifier.cc:458 BKE_modifier_set_error: Object: "front_row_2_kozane_106_2", Modifier: "weighted_normal", Enable 'Auto Smooth' in Object Data Properties
ERROR (bke.modifier): ./source/blender/blenkernel/intern/modifier.cc:458 BKE_modifier_set_error: Object: "front_row_2_kozane_106_0", Modifier: "weighted_normal", Enable 'Auto Smooth' in Object Data Properties
ERROR (bke.modifier): ./source/blender/blenkernel/intern/modifier.cc:458 BKE_modifier_set_error: Object: "front_row_3_kozane_96_3", Modifier: "weighted_normal", Enable 'Auto Smooth' in Object Data Properties
ERROR (bke.modifier): ./source/blender/blenkernel/intern/modifier.cc:458 BKE_modifier_set_error: Object: "front_row_4_kozane_87_0", Modifier: "weighted_normal", Enable 'Auto Smooth' in Object Data Properties
ERROR (bke.modifier): ./source/blender/blenkernel/intern/modifier.cc:458 BKE_modifier_set_error: Object: "front_row_2_kozane_106_3", Modifier: "weighted_normal", Enable 'Auto Smooth' in Object Data Properties
ERROR (bke.modifier): ./source/blender/blenkernel/intern/modifier.cc:458 BKE_modifier_set_error: Object: "front_row_3_kozane_96_4", Modifier: "weighted_normal", Enable 'Auto Smooth' in Object Data Properties
ERROR (bke.modifier): ./source/blender/blenkernel/intern/modifier.cc:458 BKE_modifier_set_error: Object: "front_row_2_kozane_106_5", Modifier: "weighted_normal", Enable 'Auto Smooth' in Object Data Properties
ERROR (bke.modifier): ./source/blender/blenkernel/intern/modifier.cc:458 BKE_modifier_set_error: Object: "front_row_4_kozane_87_2", Modifier: "weighted_normal", Enable 'Auto Smooth' in Object Data Properties
ERROR (bke.modifier): ./source/blender/blenkernel/intern/modifier.cc:458 BKE_modifier_set_error: Object: "front_row_3_kozane_96_2", Modifier: "weighted_normal", Enable 'Auto Smooth' in Object Data Properties
ERROR (bke.modifier): ./source/blender/blenkernel/intern/modifier.cc:458 BKE_modifier_set_error: Object: "front_row_3_kozane_96_5", Modifier: "weighted_normal", Enable 'Auto Smooth' in Object Data Properties
ERROR (bke.modifier): ./source/blender/blenkernel/intern/modifier.cc:458 BKE_modifier_set_error: Object: "front_row_4_kozane_87_1", Modifier: "weighted_normal", Enable 'Auto Smooth' in Object Data Properties
ERROR (bke.modifier): ./source/blender/blenkernel/intern/modifier.cc:458 BKE_modifier_set_error: Object: "left_side_lamellar_3", Modifier: "weighted_normal", Enable 'Auto Smooth' in Object Data Properties
ERROR (bke.modifier): ./source/blender/blenkernel/intern/modifier.cc:458 BKE_modifier_set_error: Object: "front_row_4_kozane_87_3", Modifier: "weighted_normal", Enable 'Auto Smooth' in Object Data Properties
ERROR (bke.modifier): ./source/blender/blenkernel/intern/modifier.cc:458 BKE_modifier_set_error: Object: "front_row_1_kozane_115_0", Modifier: "weighted_normal", Enable 'Auto Smooth' in Object Data Properties
ERROR (bke.modifier): ./source/blender/blenkernel/intern/modifier.cc:458 BKE_modifier_set_error: Object: "right_side_lamellar_0", Modifier: "weighted_normal", Enable 'Auto Smooth' in Object Data Properties
ERROR (bke.modifier): ./source/blender/blenkernel/intern/modifier.cc:458 BKE_modifier_set_error: Object: "front_row_4_kozane_87_5", Modifier: "weighted_normal", Enable 'Auto Smooth' in Object Data Properties
ERROR (bke.modifier): ./source/blender/blenkernel/intern/modifier.cc:458 BKE_modifier_set_error: Object: "front_row_4_kozane_87_4", Modifier: "weighted_normal", Enable 'Auto Smooth' in Object Data Properties
ERROR (bke.modifier): ./source/blender/blenkernel/intern/modifier.cc:458 BKE_modifier_set_error: Object: "right_side_lamellar_2", Modifier: "weighted_normal", Enable 'Auto Smooth' in Object Data Properties
ERROR (bke.modifier): ./source/blender/blenkernel/intern/modifier.cc:458 BKE_modifier_set_error: Object: "right_side_lamellar_1", Modifier: "weighted_normal", Enable 'Auto Smooth' in Object Data Properties
ERROR (bke.modifier): ./source/blender/blenkernel/intern/modifier.cc:458 BKE_modifier_set_error: Object: "right_side_lamellar_3", Modifier: "weighted_normal", Enable 'Auto Smooth' in Object Data Properties
ERROR (bke.modifier): ./source/blender/blenkernel/intern/modifier.cc:458 BKE_modifier_set_error: Object: "left_side_lamellar_1", Modifier: "weighted_normal", Enable 'Auto Smooth' in Object Data Properties
ERROR (bke.modifier): ./source/blender/blenkernel/intern/modifier.cc:458 BKE_modifier_set_error: Object: "left_side_lamellar_0", Modifier: "weighted_normal", Enable 'Auto Smooth' in Object Data Properties
ERROR (bke.modifier): ./source/blender/blenkernel/intern/modifier.cc:458 BKE_modifier_set_error: Object: "kusazuri_front_left", Modifier: "weighted_normal", Enable 'Auto Smooth' in Object Data Properties
ERROR (bke.modifier): ./source/blender/blenkernel/intern/modifier.cc:458 BKE_modifier_set_error: Object: "kusazuri_front_right", Modifier: "weighted_normal", Enable 'Auto Smooth' in Object Data Properties
ERROR (bke.modifier): ./source/blender/blenkernel/intern/modifier.cc:458 BKE_modifier_set_error: Object: "left_side_lamellar_2", Modifier: "weighted_normal", Enable 'Auto Smooth' in Object Data Properties
ERROR (bke.modifier): ./source/blender/blenkernel/intern/modifier.cc:458 BKE_modifier_set_error: Object: "front_row_0_kozane_125_6", Modifier: "weighted_normal", Enable 'Auto Smooth' in Object Data Properties
ERROR (bke.modifier): ./source/blender/blenkernel/intern/modifier.cc:458 BKE_modifier_set_error: Object: "left_layered_sode_1", Modifier: "weighted_normal", Enable 'Auto Smooth' in Object Data Properties
ERROR (bke.modifier): ./source/blender/blenkernel/intern/modifier.cc:458 BKE_modifier_set_error: Object: "left_layered_sode_3", Modifier: "weighted_normal", Enable 'Auto Smooth' in Object Data Properties
ERROR (bke.modifier): ./source/blender/blenkernel/intern/modifier.cc:458 BKE_modifier_set_error: Object: "left_layered_sode_2", Modifier: "weighted_normal", Enable 'Auto Smooth' in Object Data Properties
ERROR (bke.modifier): ./source/blender/blenkernel/intern/modifier.cc:458 BKE_modifier_set_error: Object: "left_layered_sode_4", Modifier: "weighted_normal", Enable 'Auto Smooth' in Object Data Properties
ERROR (bke.modifier): ./source/blender/blenkernel/intern/modifier.cc:458 BKE_modifier_set_error: Object: "right_layered_sode_0", Modifier: "weighted_normal", Enable 'Auto Smooth' in Object Data Properties
ERROR (bke.modifier): ./source/blender/blenkernel/intern/modifier.cc:458 BKE_modifier_set_error: Object: "right_layered_sode_2", Modifier: "weighted_normal", Enable 'Auto Smooth' in Object Data Properties
ERROR (bke.modifier): ./source/blender/blenkernel/intern/modifier.cc:458 BKE_modifier_set_error: Object: "right_layered_sode_3", Modifier: "weighted_normal", Enable 'Auto Smooth' in Object Data Properties
ERROR (bke.modifier): ./source/blender/blenkernel/intern/modifier.cc:458 BKE_modifier_set_error: Object: "right_layered_sode_1", Modifier: "weighted_normal", Enable 'Auto Smooth' in Object Data Properties
ERROR (bke.modifier): ./source/blender/blenkernel/intern/modifier.cc:458 BKE_modifier_set_error: Object: "front_row_0_kozane_125_5", Modifier: "weighted_normal", Enable 'Auto Smooth' in Object Data Properties
ERROR (bke.modifier): ./source/blender/blenkernel/intern/modifier.cc:458 BKE_modifier_set_error: Object: "right_layered_sode_4", Modifier: "weighted_normal", Enable 'Auto Smooth' in Object Data Properties
ERROR (bke.modifier): ./source/blender/blenkernel/intern/modifier.cc:458 BKE_modifier_set_error: Object: "left_layered_sode_0", Modifier: "weighted_normal", Enable 'Auto Smooth' in Object Data Properties
ERROR (bke.modifier): ./source/blender/blenkernel/intern/modifier.cc:458 BKE_modifier_set_error: Object: "left_geta_tooth_rear", Modifier: "weighted_normal", Enable 'Auto Smooth' in Object Data Properties
ERROR (bke.modifier): ./source/blender/blenkernel/intern/modifier.cc:458 BKE_modifier_set_error: Object: "left_geta_tooth_front", Modifier: "weighted_normal", Enable 'Auto Smooth' in Object Data Properties
ERROR (bke.modifier): ./source/blender/blenkernel/intern/modifier.cc:458 BKE_modifier_set_error: Object: "left_geta_sole", Modifier: "weighted_normal", Enable 'Auto Smooth' in Object Data Properties
ERROR (bke.modifier): ./source/blender/blenkernel/intern/modifier.cc:458 BKE_modifier_set_error: Object: "right_geta_tooth_front", Modifier: "weighted_normal", Enable 'Auto Smooth' in Object Data Properties
ERROR (bke.modifier): ./source/blender/blenkernel/intern/modifier.cc:458 BKE_modifier_set_error: Object: "front_row_0_kozane_125_4", Modifier: "weighted_normal", Enable 'Auto Smooth' in Object Data Properties
ERROR (bke.modifier): ./source/blender/blenkernel/intern/modifier.cc:458 BKE_modifier_set_error: Object: "right_geta_sole", Modifier: "weighted_normal", Enable 'Auto Smooth' in Object Data Properties
ERROR (bke.modifier): ./source/blender/blenkernel/intern/modifier.cc:458 BKE_modifier_set_error: Object: "right_geta_tooth_rear", Modifier: "weighted_normal", Enable 'Auto Smooth' in Object Data Properties
ERROR (bke.modifier): ./source/blender/blenkernel/intern/modifier.cc:458 BKE_modifier_set_error: Object: "right_fukigaeshi_flare", Modifier: "weighted_normal", Enable 'Auto Smooth' in Object Data Properties
ERROR (bke.modifier): ./source/blender/blenkernel/intern/modifier.cc:458 BKE_modifier_set_error: Object: "left_fukigaeshi_flare", Modifier: "weighted_normal", Enable 'Auto Smooth' in Object Data Properties
ERROR (bke.modifier): ./source/blender/blenkernel/intern/modifier.cc:458 BKE_modifier_set_error: Object: "front_row_0_kozane_125_3", Modifier: "weighted_normal", Enable 'Auto Smooth' in Object Data Properties
ERROR (bke.modifier): ./source/blender/blenkernel/intern/modifier.cc:458 BKE_modifier_set_error: Object: "shikoro_neck_guard_2", Modifier: "weighted_normal", Enable 'Auto Smooth' in Object Data Properties
ERROR (bke.modifier): ./source/blender/blenkernel/intern/modifier.cc:458 BKE_modifier_set_error: Object: "right_eye_slit", Modifier: "weighted_normal", Enable 'Auto Smooth' in Object Data Properties
ERROR (bke.modifier): ./source/blender/blenkernel/intern/modifier.cc:458 BKE_modifier_set_error: Object: "shikoro_neck_guard_0", Modifier: "weighted_normal", Enable 'Auto Smooth' in Object Data Properties
ERROR (bke.modifier): ./source/blender/blenkernel/intern/modifier.cc:458 BKE_modifier_set_error: Object: "katana_tsuba_guard", Modifier: "weighted_normal", Enable 'Auto Smooth' in Object Data Properties
ERROR (bke.modifier): ./source/blender/blenkernel/intern/modifier.cc:458 BKE_modifier_set_error: Object: "shikoro_neck_guard_3", Modifier: "weighted_normal", Enable 'Auto Smooth' in Object Data Properties
ERROR (bke.modifier): ./source/blender/blenkernel/intern/modifier.cc:458 BKE_modifier_set_error: Object: "shikoro_neck_guard_1", Modifier: "weighted_normal", Enable 'Auto Smooth' in Object Data Properties
ERROR (bke.modifier): ./source/blender/blenkernel/intern/modifier.cc:458 BKE_modifier_set_error: Object: "left_eye_slit", Modifier: "weighted_normal", Enable 'Auto Smooth' in Object Data Properties
ERROR (bke.modifier): ./source/blender/blenkernel/intern/modifier.cc:458 BKE_modifier_set_error: Object: "banner_cloth", Modifier: "weighted_normal", Enable 'Auto Smooth' in Object Data Properties
ERROR (bke.modifier): ./source/blender/blenkernel/intern/modifier.cc:458 BKE_modifier_set_error: Object: "front_row_0_kozane_125_0", Modifier: "weighted_normal", Enable 'Auto Smooth' in Object Data Properties
ERROR (bke.modifier): ./source/blender/blenkernel/intern/modifier.cc:458 BKE_modifier_set_error: Object: "do_cuirass_core", Modifier: "weighted_normal", Enable 'Auto Smooth' in Object Data Properties
ERROR (bke.modifier): ./source/blender/blenkernel/intern/modifier.cc:458 BKE_modifier_set_error: Object: "front_row_0_kozane_125_2", Modifier: "weighted_normal", Enable 'Auto Smooth' in Object Data Properties
ERROR (bke.modifier): ./source/blender/blenkernel/intern/modifier.cc:458 BKE_modifier_set_error: Object: "front_row_0_kozane_125_1", Modifier: "weighted_normal", Enable 'Auto Smooth' in Object Data Properties
Fra:1 Mem:36.99M (Peak 37.01M) | Time:00:00.06 | Syncing cloth_torso_underlayer
Fra:1 Mem:37.06M (Peak 37.06M) | Time:00:00.06 | Syncing do_cuirass_core
Fra:1 Mem:37.08M (Peak 37.12M) | Time:00:00.06 | Syncing front_row_0_kozane_125_0
Fra:1 Mem:37.10M (Peak 37.12M) | Time:00:00.06 | Syncing front_row_0_kozane_125_1
Fra:1 Mem:37.12M (Peak 37.12M) | Time:00:00.06 | Syncing front_row_0_kozane_125_2
Fra:1 Mem:37.14M (Peak 37.14M) | Time:00:00.06 | Syncing front_row_0_kozane_125_3
Fra:1 Mem:37.16M (Peak 37.16M) | Time:00:00.06 | Syncing front_row_0_kozane_125_4
Fra:1 Mem:37.18M (Peak 37.18M) | Time:00:00.06 | Syncing front_row_0_kozane_125_5
Fra:1 Mem:37.19M (Peak 37.19M) | Time:00:00.06 | Syncing front_row_0_kozane_125_6
Fra:1 Mem:37.21M (Peak 37.21M) | Time:00:00.06 | Syncing front_row_1_kozane_115_0
Fra:1 Mem:37.23M (Peak 37.27M) | Time:00:00.07 | Syncing front_row_1_kozane_115_1
Fra:1 Mem:37.25M (Peak 37.27M) | Time:00:00.07 | Syncing front_row_1_kozane_115_2
Fra:1 Mem:37.27M (Peak 37.27M) | Time:00:00.07 | Syncing front_row_1_kozane_115_3
Fra:1 Mem:37.29M (Peak 37.29M) | Time:00:00.07 | Syncing front_row_1_kozane_115_4
Fra:1 Mem:37.31M (Peak 37.31M) | Time:00:00.07 | Syncing front_row_1_kozane_115_5
Fra:1 Mem:37.33M (Peak 37.33M) | Time:00:00.07 | Syncing front_row_1_kozane_115_6
Fra:1 Mem:37.35M (Peak 37.35M) | Time:00:00.07 | Syncing front_row_2_kozane_106_0
Fra:1 Mem:37.37M (Peak 37.37M) | Time:00:00.07 | Syncing front_row_2_kozane_106_1
Fra:1 Mem:37.39M (Peak 37.39M) | Time:00:00.07 | Syncing front_row_2_kozane_106_2
Fra:1 Mem:37.41M (Peak 37.41M) | Time:00:00.07 | Syncing front_row_2_kozane_106_3
Fra:1 Mem:37.43M (Peak 37.43M) | Time:00:00.07 | Syncing front_row_2_kozane_106_4
Fra:1 Mem:37.45M (Peak 37.45M) | Time:00:00.07 | Syncing front_row_2_kozane_106_5
Fra:1 Mem:37.47M (Peak 37.47M) | Time:00:00.07 | Syncing front_row_2_kozane_106_6
Fra:1 Mem:37.49M (Peak 37.49M) | Time:00:00.07 | Syncing front_row_3_kozane_96_0
Fra:1 Mem:37.51M (Peak 37.51M) | Time:00:00.07 | Syncing front_row_3_kozane_96_1
Fra:1 Mem:37.52M (Peak 37.52M) | Time:00:00.07 | Syncing front_row_3_kozane_96_2
Fra:1 Mem:37.54M (Peak 37.54M) | Time:00:00.07 | Syncing front_row_3_kozane_96_3
Fra:1 Mem:37.56M (Peak 37.56M) | Time:00:00.07 | Syncing front_row_3_kozane_96_4
Fra:1 Mem:37.58M (Peak 37.58M) | Time:00:00.07 | Syncing front_row_3_kozane_96_5
Fra:1 Mem:37.60M (Peak 37.60M) | Time:00:00.07 | Syncing front_row_4_kozane_87_0
Fra:1 Mem:37.62M (Peak 37.62M) | Time:00:00.07 | Syncing front_row_4_kozane_87_1
Fra:1 Mem:37.64M (Peak 37.64M) | Time:00:00.07 | Syncing front_row_4_kozane_87_2
Fra:1 Mem:37.66M (Peak 37.66M) | Time:00:00.07 | Syncing front_row_4_kozane_87_3
Fra:1 Mem:37.68M (Peak 37.68M) | Time:00:00.07 | Syncing front_row_4_kozane_87_4
Fra:1 Mem:37.70M (Peak 37.70M) | Time:00:00.07 | Syncing front_row_4_kozane_87_5
Fra:1 Mem:37.72M (Peak 37.72M) | Time:00:00.07 | Syncing left_side_lamellar_0
Fra:1 Mem:37.74M (Peak 37.74M) | Time:00:00.07 | Syncing left_side_lamellar_1
Fra:1 Mem:37.76M (Peak 37.80M) | Time:00:00.07 | Syncing left_side_lamellar_2
Fra:1 Mem:37.78M (Peak 37.80M) | Time:00:00.07 | Syncing left_side_lamellar_3
Fra:1 Mem:37.80M (Peak 37.80M) | Time:00:00.07 | Syncing right_side_lamellar_0
Fra:1 Mem:37.82M (Peak 37.82M) | Time:00:00.07 | Syncing right_side_lamellar_1
Fra:1 Mem:37.84M (Peak 37.84M) | Time:00:00.07 | Syncing right_side_lamellar_2
Fra:1 Mem:37.85M (Peak 37.85M) | Time:00:00.07 | Syncing right_side_lamellar_3
Fra:1 Mem:37.87M (Peak 37.87M) | Time:00:00.07 | Syncing obi_sash_front
Fra:1 Mem:37.89M (Peak 37.93M) | Time:00:00.07 | Syncing kusazuri_front_left
Fra:1 Mem:37.90M (Peak 37.93M) | Time:00:00.07 | Syncing kusazuri_front_right
Fra:1 Mem:37.92M (Peak 37.93M) | Time:00:00.07 | Syncing blue_lacing_front_0
Fra:1 Mem:37.93M (Peak 37.94M) | Time:00:00.07 | Syncing blue_lacing_front_1
Fra:1 Mem:37.94M (Peak 37.95M) | Time:00:00.07 | Syncing blue_lacing_front_2
Fra:1 Mem:37.95M (Peak 37.96M) | Time:00:00.07 | Syncing blue_lacing_front_3
Fra:1 Mem:37.96M (Peak 37.97M) | Time:00:00.07 | Syncing blue_lacing_front_4
Fra:1 Mem:37.97M (Peak 37.98M) | Time:00:00.07 | Syncing left_rounded_shoulder_undercloth
Fra:1 Mem:38.01M (Peak 38.01M) | Time:00:00.07 | Syncing left_layered_sode_0
Fra:1 Mem:38.03M (Peak 38.03M) | Time:00:00.07 | Syncing left_sode_lace_0_a
Fra:1 Mem:38.04M (Peak 38.05M) | Time:00:00.07 | Syncing left_sode_lace_0_b
Fra:1 Mem:38.05M (Peak 38.06M) | Time:00:00.07 | Syncing left_layered_sode_1
Fra:1 Mem:38.07M (Peak 38.07M) | Time:00:00.07 | Syncing left_sode_lace_1_a
Fra:1 Mem:38.07M (Peak 38.08M) | Time:00:00.07 | Syncing left_sode_lace_1_b
Fra:1 Mem:38.08M (Peak 38.09M) | Time:00:00.07 | Syncing left_layered_sode_2
Fra:1 Mem:38.10M (Peak 38.10M) | Time:00:00.07 | Syncing left_sode_lace_2_a
Fra:1 Mem:38.11M (Peak 38.12M) | Time:00:00.07 | Syncing left_sode_lace_2_b
Fra:1 Mem:38.12M (Peak 38.13M) | Time:00:00.07 | Syncing left_layered_sode_3
Fra:1 Mem:38.14M (Peak 38.14M) | Time:00:00.07 | Syncing left_sode_lace_3_a
Fra:1 Mem:38.15M (Peak 38.16M) | Time:00:00.07 | Syncing left_sode_lace_3_b
Fra:1 Mem:38.16M (Peak 38.16M) | Time:00:00.07 | Syncing left_layered_sode_4
Fra:1 Mem:38.18M (Peak 38.18M) | Time:00:00.07 | Syncing left_sode_lace_4_a
Fra:1 Mem:38.18M (Peak 38.19M) | Time:00:00.07 | Syncing left_sode_lace_4_b
Fra:1 Mem:38.19M (Peak 38.20M) | Time:00:00.07 | Syncing right_rounded_shoulder_undercloth
Fra:1 Mem:38.24M (Peak 38.24M) | Time:00:00.07 | Syncing right_layered_sode_0
Fra:1 Mem:38.25M (Peak 38.25M) | Time:00:00.07 | Syncing right_sode_lace_0_a
Fra:1 Mem:38.26M (Peak 38.27M) | Time:00:00.07 | Syncing right_sode_lace_0_b
Fra:1 Mem:38.27M (Peak 38.28M) | Time:00:00.07 | Syncing right_layered_sode_1
Fra:1 Mem:38.29M (Peak 38.29M) | Time:00:00.07 | Syncing right_sode_lace_1_a
Fra:1 Mem:38.30M (Peak 38.31M) | Time:00:00.07 | Syncing right_sode_lace_1_b
Fra:1 Mem:38.31M (Peak 38.32M) | Time:00:00.07 | Syncing right_layered_sode_2
Fra:1 Mem:38.33M (Peak 38.33M) | Time:00:00.07 | Syncing right_sode_lace_2_a
Fra:1 Mem:38.34M (Peak 38.35M) | Time:00:00.07 | Syncing right_sode_lace_2_b
Fra:1 Mem:38.35M (Peak 38.35M) | Time:00:00.07 | Syncing right_layered_sode_3
Fra:1 Mem:38.36M (Peak 38.36M) | Time:00:00.07 | Syncing right_sode_lace_3_a
Fra:1 Mem:38.37M (Peak 38.38M) | Time:00:00.07 | Syncing right_sode_lace_3_b
Fra:1 Mem:38.38M (Peak 38.39M) | Time:00:00.07 | Syncing right_layered_sode_4
Fra:1 Mem:38.40M (Peak 38.40M) | Time:00:00.07 | Syncing right_sode_lace_4_a
Fra:1 Mem:38.41M (Peak 38.42M) | Time:00:00.07 | Syncing right_sode_lace_4_b
Fra:1 Mem:38.42M (Peak 38.43M) | Time:00:00.07 | Syncing left_upper_arm_cloth
Fra:1 Mem:38.43M (Peak 38.44M) | Time:00:00.07 | Syncing left_forearm_kote
Fra:1 Mem:38.44M (Peak 38.49M) | Time:00:00.07 | Syncing left_gloved_hand
Fra:1 Mem:38.47M (Peak 38.50M) | Time:00:00.08 | Syncing left_finger_0
Fra:1 Mem:38.48M (Peak 38.50M) | Time:00:00.08 | Syncing left_finger_1
Fra:1 Mem:38.49M (Peak 38.50M) | Time:00:00.08 | Syncing left_finger_2
Fra:1 Mem:38.50M (Peak 38.51M) | Time:00:00.08 | Syncing left_finger_3
Fra:1 Mem:38.51M (Peak 38.52M) | Time:00:00.08 | Syncing right_upper_arm_cloth
Fra:1 Mem:38.52M (Peak 38.53M) | Time:00:00.08 | Syncing right_forearm_kote
Fra:1 Mem:38.53M (Peak 38.54M) | Time:00:00.08 | Syncing right_gloved_hand
Fra:1 Mem:38.56M (Peak 38.56M) | Time:00:00.08 | Syncing right_finger_0
Fra:1 Mem:38.57M (Peak 38.57M) | Time:00:00.08 | Syncing right_finger_1
Fra:1 Mem:38.57M (Peak 38.58M) | Time:00:00.08 | Syncing right_finger_2
Fra:1 Mem:38.58M (Peak 38.59M) | Time:00:00.08 | Syncing right_finger_3
Fra:1 Mem:38.59M (Peak 38.60M) | Time:00:00.08 | Syncing left_hakama_outer_fold
Fra:1 Mem:38.60M (Peak 38.61M) | Time:00:00.08 | Syncing left_shin_guard
Fra:1 Mem:38.61M (Peak 38.62M) | Time:00:00.08 | Syncing left_ankle_tabi_bridge
Fra:1 Mem:38.66M (Peak 38.66M) | Time:00:00.08 | Syncing left_tabi_sock
Fra:1 Mem:38.68M (Peak 38.68M) | Time:00:00.08 | Syncing left_geta_sole
Fra:1 Mem:38.70M (Peak 38.74M) | Time:00:00.08 | Syncing left_geta_tooth_front
Fra:1 Mem:38.72M (Peak 38.74M) | Time:00:00.08 | Syncing left_geta_tooth_rear
Fra:1 Mem:38.74M (Peak 38.74M) | Time:00:00.08 | Syncing left_geta_thong_a
Fra:1 Mem:38.75M (Peak 38.76M) | Time:00:00.08 | Syncing left_geta_thong_b
Fra:1 Mem:38.76M (Peak 38.77M) | Time:00:00.08 | Syncing left_hakama_fold_line_0
Fra:1 Mem:38.77M (Peak 38.78M) | Time:00:00.08 | Syncing left_hakama_fold_line_1
Fra:1 Mem:38.78M (Peak 38.79M) | Time:00:00.08 | Syncing left_hakama_fold_line_2
Fra:1 Mem:38.79M (Peak 38.80M) | Time:00:00.08 | Syncing right_hakama_outer_fold
Fra:1 Mem:38.80M (Peak 38.81M) | Time:00:00.08 | Syncing right_shin_guard
Fra:1 Mem:38.81M (Peak 38.82M) | Time:00:00.08 | Syncing right_ankle_tabi_bridge
Fra:1 Mem:38.82M (Peak 38.83M) | Time:00:00.08 | Syncing right_tabi_sock
Fra:1 Mem:38.85M (Peak 38.85M) | Time:00:00.08 | Syncing right_geta_sole
Fra:1 Mem:38.87M (Peak 38.87M) | Time:00:00.08 | Syncing right_geta_tooth_front
Fra:1 Mem:38.89M (Peak 38.89M) | Time:00:00.08 | Syncing right_geta_tooth_rear
Fra:1 Mem:38.91M (Peak 38.91M) | Time:00:00.08 | Syncing right_geta_thong_a
Fra:1 Mem:38.91M (Peak 38.92M) | Time:00:00.08 | Syncing right_geta_thong_b
Fra:1 Mem:38.92M (Peak 38.93M) | Time:00:00.08 | Syncing right_hakama_fold_line_0
Fra:1 Mem:38.93M (Peak 38.94M) | Time:00:00.08 | Syncing right_hakama_fold_line_1
Fra:1 Mem:38.94M (Peak 38.95M) | Time:00:00.08 | Syncing right_hakama_fold_line_2
Fra:1 Mem:38.95M (Peak 38.96M) | Time:00:00.08 | Syncing kabuto_helmet_bowl
Fra:1 Mem:39.05M (Peak 39.05M) | Time:00:00.08 | Syncing helmet_front_brim
Fra:1 Mem:39.09M (Peak 39.09M) | Time:00:00.08 | Syncing helmet_rear_flare
Fra:1 Mem:39.14M (Peak 39.14M) | Time:00:00.08 | Syncing helmet_gold_rivet
Fra:1 Mem:39.16M (Peak 39.20M) | Time:00:00.08 | Syncing left_fukigaeshi_flare
Fra:1 Mem:39.18M (Peak 39.20M) | Time:00:00.08 | Syncing right_fukigaeshi_flare
Fra:1 Mem:39.20M (Peak 39.20M) | Time:00:00.08 | Syncing shikoro_neck_guard_0
Fra:1 Mem:39.22M (Peak 39.22M) | Time:00:00.08 | Syncing shikoro_neck_guard_1
Fra:1 Mem:39.24M (Peak 39.24M) | Time:00:00.08 | Syncing shikoro_neck_guard_2
Fra:1 Mem:39.26M (Peak 39.26M) | Time:00:00.08 | Syncing shikoro_neck_guard_3
Fra:1 Mem:39.28M (Peak 39.28M) | Time:00:00.08 | Syncing maedate_hawk_left
Fra:1 Mem:39.29M (Peak 39.30M) | Time:00:00.08 | Syncing maedate_hawk_right
Fra:1 Mem:39.30M (Peak 39.31M) | Time:00:00.08 | Syncing maedate_hawk_stem
Fra:1 Mem:39.31M (Peak 39.32M) | Time:00:00.08 | Syncing visible_face_shadow
Fra:1 Mem:39.35M (Peak 39.37M) | Time:00:00.08 | Syncing mempo_cheek_mask
Fra:1 Mem:39.40M (Peak 39.41M) | Time:00:00.08 | Syncing left_eye_slit
Fra:1 Mem:39.42M (Peak 39.42M) | Time:00:00.08 | Syncing right_eye_slit
Fra:1 Mem:39.44M (Peak 39.44M) | Time:00:00.08 | Syncing mempo_moustache_left
Fra:1 Mem:39.45M (Peak 39.45M) | Time:00:00.08 | Syncing mempo_moustache_right
Fra:1 Mem:39.45M (Peak 39.46M) | Time:00:00.08 | Syncing katana_blade
Fra:1 Mem:39.46M (Peak 39.51M) | Time:00:00.09 | Syncing katana_black_ridge
Fra:1 Mem:39.47M (Peak 39.51M) | Time:00:00.09 | Syncing tsuka_wrapped_handle
Fra:1 Mem:39.48M (Peak 39.51M) | Time:00:00.09 | Syncing katana_tsuba_guard
Fra:1 Mem:39.50M (Peak 39.51M) | Time:00:00.09 | Syncing katana_pommel
Fra:1 Mem:39.51M (Peak 39.52M) | Time:00:00.09 | Syncing banner_cloth
Fra:1 Mem:39.53M (Peak 39.57M) | Time:00:00.09 | Syncing banner_cloth_mon
Fra:1 Mem:39.55M (Peak 39.59M) | Time:00:00.09 | Syncing banner_pole
Fra:1 Mem:39.55M (Peak 39.59M) | Time:00:00.09 | Syncing banner_mon
Fra:1 Mem:39.56M (Peak 39.59M) | Time:00:00.09 | Syncing softbox_key
Fra:1 Mem:39.56M (Peak 39.59M) | Time:00:00.09 | Syncing front_fill
Fra:1 Mem:39.56M (Peak 39.59M) | Time:00:00.09 | Syncing rim_light
Fra:1 Mem:39.57M (Peak 39.59M) | Time:00:00.09 | Syncing render_ground
Fra:1 Mem:39.57M (Peak 39.62M) | Time:00:00.09 | Syncing cam_takeda-01
Fra:1 Mem:39.51M (Peak 39.62M) | Time:00:00.09 | Rendering 1 / 64 samples
Fra:1 Mem:38.37M (Peak 39.62M) | Time:00:03.88 | Rendering 26 / 64 samples
Fra:1 Mem:38.37M (Peak 39.62M) | Time:00:07.06 | Rendering 51 / 64 samples
Fra:1 Mem:38.37M (Peak 39.62M) | Time:00:08.71 | Rendering 64 / 64 samples
Saved: '/workspaces/factory-edo-woodblock/worker-1/ystackai_studio-edo-woodblock/checkout/games/kawanakajima-foundry-samurai-proof/assets/generated/foundry/samurai-v17/full-20/takeda-01/cs_top.png'
 Time: 00:08.88 (Saving: 00:00.03)

ERROR (bke.modifier): ./source/blender/blenkernel/intern/modifier.cc:458 BKE_modifier_set_error: Object: "front_row_1_kozane_115_1", Modifier: "weighted_normal", Enable 'Auto Smooth' in Object Data Properties
ERROR (bke.modifier): ./source/blender/blenkernel/intern/modifier.cc:458 BKE_modifier_set_error: Object: "front_row_0_kozane_125_6", Modifier: "weighted_normal", Enable 'Auto Smooth' in Object Data Properties
ERROR (bke.modifier): ./source/blender/blenkernel/intern/modifier.cc:458 BKE_modifier_set_error: Object: "front_row_1_kozane_115_5", Modifier: "weighted_normal", Enable 'Auto Smooth' in Object Data Properties
ERROR (bke.modifier): ./source/blender/blenkernel/intern/modifier.cc:458 BKE_modifier_set_error: Object: "front_row_1_kozane_115_0", Modifier: "weighted_normal", Enable 'Auto Smooth' in Object Data Properties
ERROR (bke.modifier): ./source/blender/blenkernel/intern/modifier.cc:458 BKE_modifier_set_error: Object: "front_row_2_kozane_106_0", Modifier: "weighted_normal", Enable 'Auto Smooth' in Object Data Properties
ERROR (bke.modifier): ./source/blender/blenkernel/intern/modifier.cc:458 BKE_modifier_set_error: Object: "front_row_2_kozane_106_1", Modifier: "weighted_normal", Enable 'Auto Smooth' in Object Data Properties
ERROR (bke.modifier): ./source/blender/blenkernel/intern/modifier.cc:458 BKE_modifier_set_error: Object: "front_row_1_kozane_115_4", Modifier: "weighted_normal", Enable 'Auto Smooth' in Object Data Properties
ERROR (bke.modifier): ./source/blender/blenkernel/intern/modifier.cc:458 BKE_modifier_set_error: Object: "front_row_2_kozane_106_2", Modifier: "weighted_normal", Enable 'Auto Smooth' in Object Data Properties
ERROR (bke.modifier): ./source/blender/blenkernel/intern/modifier.cc:458 BKE_modifier_set_error: Object: "front_row_1_kozane_115_3", Modifier: "weighted_normal", Enable 'Auto Smooth' in Object Data Properties
ERROR (bke.modifier): ./source/blender/blenkernel/intern/modifier.cc:458 BKE_modifier_set_error: Object: "front_row_1_kozane_115_6", Modifier: "weighted_normal", Enable 'Auto Smooth' in Object Data Properties
ERROR (bke.modifier): ./source/blender/blenkernel/intern/modifier.cc:458 BKE_modifier_set_error: Object: "front_row_3_kozane_96_0", Modifier: "weighted_normal", Enable 'Auto Smooth' in Object Data Properties
ERROR (bke.modifier): ./source/blender/blenkernel/intern/modifier.cc:458 BKE_modifier_set_error: Object: "front_row_1_kozane_115_2", Modifier: "weighted_normal", Enable 'Auto Smooth' in Object Data Properties
ERROR (bke.modifier): ./source/blender/blenkernel/intern/modifier.cc:458 BKE_modifier_set_error: Object: "front_row_2_kozane_106_5", Modifier: "weighted_normal", Enable 'Auto Smooth' in Object Data Properties
ERROR (bke.modifier): ./source/blender/blenkernel/intern/modifier.cc:458 BKE_modifier_set_error: Object: "front_row_2_kozane_106_3", Modifier: "weighted_normal", Enable 'Auto Smooth' in Object Data Properties
ERROR (bke.modifier): ./source/blender/blenkernel/intern/modifier.cc:458 BKE_modifier_set_error: Object: "front_row_2_kozane_106_4", Modifier: "weighted_normal", Enable 'Auto Smooth' in Object Data Properties
ERROR (bke.modifier): ./source/blender/blenkernel/intern/modifier.cc:458 BKE_modifier_set_error: Object: "front_row_3_kozane_96_2", Modifier: "weighted_normal", Enable 'Auto Smooth' in Object Data Properties
ERROR (bke.modifier): ./source/blender/blenkernel/intern/modifier.cc:458 BKE_modifier_set_error: Object: "front_row_0_kozane_125_5", Modifier: "weighted_normal", Enable 'Auto Smooth' in Object Data Properties
ERROR (bke.modifier): ./source/blender/blenkernel/intern/modifier.cc:458 BKE_modifier_set_error: Object: "front_row_2_kozane_106_6", Modifier: "weighted_normal", Enable 'Auto Smooth' in Object Data Properties
ERROR (bke.modifier): ./source/blender/blenkernel/intern/modifier.cc:458 BKE_modifier_set_error: Object: "front_row_4_kozane_87_1", Modifier: "weighted_normal", Enable 'Auto Smooth' in Object Data Properties
ERROR (bke.modifier): ./source/blender/blenkernel/intern/modifier.cc:458 BKE_modifier_set_error: Object: "front_row_3_kozane_96_1", Modifier: "weighted_normal", Enable 'Auto Smooth' in Object Data Properties
ERROR (bke.modifier): ./source/blender/blenkernel/intern/modifier.cc:458 BKE_modifier_set_error: Object: "front_row_4_kozane_87_3", Modifier: "weighted_normal", Enable 'Auto Smooth' in Object Data Properties
ERROR (bke.modifier): ./source/blender/blenkernel/intern/modifier.cc:458 BKE_modifier_set_error: Object: "front_row_3_kozane_96_5", Modifier: "weighted_normal", Enable 'Auto Smooth' in Object Data Properties
ERROR (bke.modifier): ./source/blender/blenkernel/intern/modifier.cc:458 BKE_modifier_set_error: Object: "front_row_3_kozane_96_4", Modifier: "weighted_normal", Enable 'Auto Smooth' in Object Data Properties
ERROR (bke.modifier): ./source/blender/blenkernel/intern/modifier.cc:458 BKE_modifier_set_error: Object: "front_row_4_kozane_87_5", Modifier: "weighted_normal", Enable 'Auto Smooth' in Object Data Properties
ERROR (bke.modifier): ./source/blender/blenkernel/intern/modifier.cc:458 BKE_modifier_set_error: Object: "left_side_lamellar_0", Modifier: "weighted_normal", Enable 'Auto Smooth' in Object Data Properties
ERROR (bke.modifier): ./source/blender/blenkernel/intern/modifier.cc:458 BKE_modifier_set_error: Object: "left_side_lamellar_1", Modifier: "weighted_normal", Enable 'Auto Smooth' in Object Data Properties
ERROR (bke.modifier): ./source/blender/blenkernel/intern/modifier.cc:458 BKE_modifier_set_error: Object: "front_row_3_kozane_96_3", Modifier: "weighted_normal", Enable 'Auto Smooth' in Object Data Properties
ERROR (bke.modifier): ./source/blender/blenkernel/intern/modifier.cc:458 BKE_modifier_set_error: Object: "front_row_4_kozane_87_2", Modifier: "weighted_normal", Enable 'Auto Smooth' in Object Data Properties
ERROR (bke.modifier): ./source/blender/blenkernel/intern/modifier.cc:458 BKE_modifier_set_error: Object: "front_row_0_kozane_125_4", Modifier: "weighted_normal", Enable 'Auto Smooth' in Object Data Properties
ERROR (bke.modifier): ./source/blender/blenkernel/intern/modifier.cc:458 BKE_modifier_set_error: Object: "left_side_lamellar_2", Modifier: "weighted_normal", Enable 'Auto Smooth' in Object Data Properties
ERROR (bke.modifier): ./source/blender/blenkernel/intern/modifier.cc:458 BKE_modifier_set_error: Object: "left_side_lamellar_3", Modifier: "weighted_normal", Enable 'Auto Smooth' in Object Data Properties
ERROR (bke.modifier): ./source/blender/blenkernel/intern/modifier.cc:458 BKE_modifier_set_error: Object: "right_side_lamellar_1", Modifier: "weighted_normal", Enable 'Auto Smooth' in Object Data Properties
ERROR (bke.modifier): ./source/blender/blenkernel/intern/modifier.cc:458 BKE_modifier_set_error: Object: "front_row_4_kozane_87_4", Modifier: "weighted_normal", Enable 'Auto Smooth' in Object Data Properties
ERROR (bke.modifier): ./source/blender/blenkernel/intern/modifier.cc:458 BKE_modifier_set_error: Object: "front_row_4_kozane_87_0", Modifier: "weighted_normal", Enable 'Auto Smooth' in Object Data Properties
ERROR (bke.modifier): ./source/blender/blenkernel/intern/modifier.cc:458 BKE_modifier_set_error: Object: "right_side_lamellar_0", Modifier: "weighted_normal", Enable 'Auto Smooth' in Object Data Properties
ERROR (bke.modifier): ./source/blender/blenkernel/intern/modifier.cc:458 BKE_modifier_set_error: Object: "right_side_lamellar_2", Modifier: "weighted_normal", Enable 'Auto Smooth' in Object Data Properties
ERROR (bke.modifier): ./source/blender/blenkernel/intern/modifier.cc:458 BKE_modifier_set_error: Object: "kusazuri_front_left", Modifier: "weighted_normal", Enable 'Auto Smooth' in Object Data Properties
ERROR (bke.modifier): ./source/blender/blenkernel/intern/modifier.cc:458 BKE_modifier_set_error: Object: "kusazuri_front_right", Modifier: "weighted_normal", Enable 'Auto Smooth' in Object Data Properties
ERROR (bke.modifier): ./source/blender/blenkernel/intern/modifier.cc:458 BKE_modifier_set_error: Object: "front_row_0_kozane_125_3", Modifier: "weighted_normal", Enable 'Auto Smooth' in Object Data Properties
ERROR (bke.modifier): ./source/blender/blenkernel/intern/modifier.cc:458 BKE_modifier_set_error: Object: "right_side_lamellar_3", Modifier: "weighted_normal", Enable 'Auto Smooth' in Object Data Properties
ERROR (bke.modifier): ./source/blender/blenkernel/intern/modifier.cc:458 BKE_modifier_set_error: Object: "left_layered_sode_0", Modifier: "weighted_normal", Enable 'Auto Smooth' in Object Data Properties
ERROR (bke.modifier): ./source/blender/blenkernel/intern/modifier.cc:458 BKE_modifier_set_error: Object: "left_layered_sode_1", Modifier: "weighted_normal", Enable 'Auto Smooth' in Object Data Properties
ERROR (bke.modifier): ./source/blender/blenkernel/intern/modifier.cc:458 BKE_modifier_set_error: Object: "left_layered_sode_3", Modifier: "weighted_normal", Enable 'Auto Smooth' in Object Data Properties
ERROR (bke.modifier): ./source/blender/blenkernel/intern/modifier.cc:458 BKE_modifier_set_error: Object: "left_layered_sode_2", Modifier: "weighted_normal", Enable 'Auto Smooth' in Object Data Properties
ERROR (bke.modifier): ./source/blender/blenkernel/intern/modifier.cc:458 BKE_modifier_set_error: Object: "left_layered_sode_4", Modifier: "weighted_normal", Enable 'Auto Smooth' in Object Data Properties
ERROR (bke.modifier): ./source/blender/blenkernel/intern/modifier.cc:458 BKE_modifier_set_error: Object: "right_layered_sode_0", Modifier: "weighted_normal", Enable 'Auto Smooth' in Object Data Properties
ERROR (bke.modifier): ./source/blender/blenkernel/intern/modifier.cc:458 BKE_modifier_set_error: Object: "right_layered_sode_4", Modifier: "weighted_normal", Enable 'Auto Smooth' in Object Data Properties
ERROR (bke.modifier): ./source/blender/blenkernel/intern/modifier.cc:458 BKE_modifier_set_error: Object: "right_layered_sode_2", Modifier: "weighted_normal", Enable 'Auto Smooth' in Object Data Properties
ERROR (bke.modifier): ./source/blender/blenkernel/intern/modifier.cc:458 BKE_modifier_set_error: Object: "front_row_0_kozane_125_2", Modifier: "weighted_normal", Enable 'Auto Smooth' in Object Data Properties
ERROR (bke.modifier): ./source/blender/blenkernel/intern/modifier.cc:458 BKE_modifier_set_error: Object: "right_layered_sode_1", Modifier: "weighted_normal", Enable 'Auto Smooth' in Object Data Properties
ERROR (bke.modifier): ./source/blender/blenkernel/intern/modifier.cc:458 BKE_modifier_set_error: Object: "right_layered_sode_3", Modifier: "weighted_normal", Enable 'Auto Smooth' in Object Data Properties
ERROR (bke.modifier): ./source/blender/blenkernel/intern/modifier.cc:458 BKE_modifier_set_error: Object: "right_geta_sole", Modifier: "weighted_normal", Enable 'Auto Smooth' in Object Data Properties
ERROR (bke.modifier): ./source/blender/blenkernel/intern/modifier.cc:458 BKE_modifier_set_error: Object: "left_geta_sole", Modifier: "weighted_normal", Enable 'Auto Smooth' in Object Data Properties
ERROR (bke.modifier): ./source/blender/blenkernel/intern/modifier.cc:458 BKE_modifier_set_error: Object: "right_geta_tooth_rear", Modifier: "weighted_normal", Enable 'Auto Smooth' in Object Data Properties
ERROR (bke.modifier): ./source/blender/blenkernel/intern/modifier.cc:458 BKE_modifier_set_error: Object: "left_geta_tooth_rear", Modifier: "weighted_normal", Enable 'Auto Smooth' in Object Data Properties
ERROR (bke.modifier): ./source/blender/blenkernel/intern/modifier.cc:458 BKE_modifier_set_error: Object: "left_geta_tooth_front", Modifier: "weighted_normal", Enable 'Auto Smooth' in Object Data Properties
ERROR (bke.modifier): ./source/blender/blenkernel/intern/modifier.cc:458 BKE_modifier_set_error: Object: "front_row_0_kozane_125_1", Modifier: "weighted_normal", Enable 'Auto Smooth' in Object Data Properties
ERROR (bke.modifier): ./source/blender/blenkernel/intern/modifier.cc:458 BKE_modifier_set_error: Object: "right_fukigaeshi_flare", Modifier: "weighted_normal", Enable 'Auto Smooth' in Object Data Properties
ERROR (bke.modifier): ./source/blender/blenkernel/intern/modifier.cc:458 BKE_modifier_set_error: Object: "left_fukigaeshi_flare", Modifier: "weighted_normal", Enable 'Auto Smooth' in Object Data Properties
ERROR (bke.modifier): ./source/blender/blenkernel/intern/modifier.cc:458 BKE_modifier_set_error: Object: "shikoro_neck_guard_0", Modifier: "weighted_normal", Enable 'Auto Smooth' in Object Data Properties
ERROR (bke.modifier): ./source/blender/blenkernel/intern/modifier.cc:458 BKE_modifier_set_error: Object: "shikoro_neck_guard_1", Modifier: "weighted_normal", Enable 'Auto Smooth' in Object Data Properties
ERROR (bke.modifier): ./source/blender/blenkernel/intern/modifier.cc:458 BKE_modifier_set_error: Object: "shikoro_neck_guard_3", Modifier: "weighted_normal", Enable 'Auto Smooth' in Object Data Properties
ERROR (bke.modifier): ./source/blender/blenkernel/intern/modifier.cc:458 BKE_modifier_set_error: Object: "shikoro_neck_guard_2", Modifier: "weighted_normal", Enable 'Auto Smooth' in Object Data Properties
ERROR (bke.modifier): ./source/blender/blenkernel/intern/modifier.cc:458 BKE_modifier_set_error: Object: "right_geta_tooth_front", Modifier: "weighted_normal", Enable 'Auto Smooth' in Object Data Properties
ERROR (bke.modifier): ./source/blender/blenkernel/intern/modifier.cc:458 BKE_modifier_set_error: Object: "left_eye_slit", Modifier: "weighted_normal", Enable 'Auto Smooth' in Object Data Properties
ERROR (bke.modifier): ./source/blender/blenkernel/intern/modifier.cc:458 BKE_modifier_set_error: Object: "right_eye_slit", Modifier: "weighted_normal", Enable 'Auto Smooth' in Object Data Properties
ERROR (bke.modifier): ./source/blender/blenkernel/intern/modifier.cc:458 BKE_modifier_set_error: Object: "katana_tsuba_guard", Modifier: "weighted_normal", Enable 'Auto Smooth' in Object Data Properties
ERROR (bke.modifier): ./source/blender/blenkernel/intern/modifier.cc:458 BKE_modifier_set_error: Object: "front_row_0_kozane_125_0", Modifier: "weighted_normal", Enable 'Auto Smooth' in Object Data Properties
ERROR (bke.modifier): ./source/blender/blenkernel/intern/modifier.cc:458 BKE_modifier_set_error: Object: "banner_cloth", Modifier: "weighted_normal", Enable 'Auto Smooth' in Object Data Properties
ERROR (bke.modifier): ./source/blender/blenkernel/intern/modifier.cc:458 BKE_modifier_set_error: Object: "do_cuirass_core", Modifier: "weighted_normal", Enable 'Auto Smooth' in Object Data Properties
Fra:1 Mem:39.91M (Peak 39.93M) | Time:00:00.12 | Syncing cloth_torso_underlayer
Fra:1 Mem:39.98M (Peak 39.98M) | Time:00:00.12 | Syncing do_cuirass_core
Fra:1 Mem:40.00M (Peak 40.04M) | Time:00:00.13 | Syncing front_row_0_kozane_125_0
Fra:1 Mem:40.02M (Peak 40.04M) | Time:00:00.13 | Syncing front_row_0_kozane_125_1
Fra:1 Mem:40.04M (Peak 40.04M) | Time:00:00.13 | Syncing front_row_0_kozane_125_2
Fra:1 Mem:40.06M (Peak 40.06M) | Time:00:00.13 | Syncing front_row_0_kozane_125_3
Fra:1 Mem:40.08M (Peak 40.08M) | Time:00:00.13 | Syncing front_row_0_kozane_125_4
Fra:1 Mem:40.10M (Peak 40.10M) | Time:00:00.13 | Syncing front_row_0_kozane_125_5
Fra:1 Mem:40.12M (Peak 40.12M) | Time:00:00.13 | Syncing front_row_0_kozane_125_6
Fra:1 Mem:40.14M (Peak 40.14M) | Time:00:00.13 | Syncing front_row_1_kozane_115_0
Fra:1 Mem:40.16M (Peak 40.20M) | Time:00:00.13 | Syncing front_row_1_kozane_115_1
Fra:1 Mem:40.18M (Peak 40.20M) | Time:00:00.13 | Syncing front_row_1_kozane_115_2
Fra:1 Mem:40.20M (Peak 40.20M) | Time:00:00.13 | Syncing front_row_1_kozane_115_3
Fra:1 Mem:40.22M (Peak 40.22M) | Time:00:00.13 | Syncing front_row_1_kozane_115_4
Fra:1 Mem:40.24M (Peak 40.24M) | Time:00:00.13 | Syncing front_row_1_kozane_115_5
Fra:1 Mem:40.26M (Peak 40.26M) | Time:00:00.13 | Syncing front_row_1_kozane_115_6
Fra:1 Mem:40.28M (Peak 40.28M) | Time:00:00.13 | Syncing front_row_2_kozane_106_0
Fra:1 Mem:40.29M (Peak 40.29M) | Time:00:00.13 | Syncing front_row_2_kozane_106_1
Fra:1 Mem:40.31M (Peak 40.31M) | Time:00:00.13 | Syncing front_row_2_kozane_106_2
Fra:1 Mem:40.33M (Peak 40.33M) | Time:00:00.13 | Syncing front_row_2_kozane_106_3
Fra:1 Mem:40.35M (Peak 40.35M) | Time:00:00.13 | Syncing front_row_2_kozane_106_4
Fra:1 Mem:40.37M (Peak 40.37M) | Time:00:00.13 | Syncing front_row_2_kozane_106_5
Fra:1 Mem:40.39M (Peak 40.39M) | Time:00:00.13 | Syncing front_row_2_kozane_106_6
Fra:1 Mem:40.41M (Peak 40.41M) | Time:00:00.13 | Syncing front_row_3_kozane_96_0
Fra:1 Mem:40.43M (Peak 40.43M) | Time:00:00.13 | Syncing front_row_3_kozane_96_1
Fra:1 Mem:40.45M (Peak 40.45M) | Time:00:00.13 | Syncing front_row_3_kozane_96_2
Fra:1 Mem:40.47M (Peak 40.47M) | Time:00:00.13 | Syncing front_row_3_kozane_96_3
Fra:1 Mem:40.49M (Peak 40.49M) | Time:00:00.13 | Syncing front_row_3_kozane_96_4
Fra:1 Mem:40.51M (Peak 40.51M) | Time:00:00.13 | Syncing front_row_3_kozane_96_5
Fra:1 Mem:40.53M (Peak 40.53M) | Time:00:00.13 | Syncing front_row_4_kozane_87_0
Fra:1 Mem:40.55M (Peak 40.55M) | Time:00:00.13 | Syncing front_row_4_kozane_87_1
Fra:1 Mem:40.56M (Peak 40.56M) | Time:00:00.13 | Syncing front_row_4_kozane_87_2
Fra:1 Mem:40.58M (Peak 40.58M) | Time:00:00.13 | Syncing front_row_4_kozane_87_3
Fra:1 Mem:40.60M (Peak 40.60M) | Time:00:00.13 | Syncing front_row_4_kozane_87_4
Fra:1 Mem:40.62M (Peak 40.62M) | Time:00:00.13 | Syncing front_row_4_kozane_87_5
Fra:1 Mem:40.64M (Peak 40.64M) | Time:00:00.13 | Syncing left_side_lamellar_0
Fra:1 Mem:40.66M (Peak 40.66M) | Time:00:00.13 | Syncing left_side_lamellar_1
Fra:1 Mem:40.68M (Peak 40.72M) | Time:00:00.13 | Syncing left_side_lamellar_2
Fra:1 Mem:40.70M (Peak 40.72M) | Time:00:00.13 | Syncing left_side_lamellar_3
Fra:1 Mem:40.72M (Peak 40.72M) | Time:00:00.13 | Syncing right_side_lamellar_0
Fra:1 Mem:40.74M (Peak 40.74M) | Time:00:00.13 | Syncing right_side_lamellar_1
Fra:1 Mem:40.76M (Peak 40.76M) | Time:00:00.13 | Syncing right_side_lamellar_2
Fra:1 Mem:40.78M (Peak 40.78M) | Time:00:00.13 | Syncing right_side_lamellar_3
Fra:1 Mem:40.80M (Peak 40.80M) | Time:00:00.13 | Syncing obi_sash_front
Fra:1 Mem:40.81M (Peak 40.86M) | Time:00:00.13 | Syncing kusazuri_front_left
Fra:1 Mem:40.83M (Peak 40.86M) | Time:00:00.13 | Syncing kusazuri_front_right
Fra:1 Mem:40.85M (Peak 40.86M) | Time:00:00.14 | Syncing blue_lacing_front_0
Fra:1 Mem:40.86M (Peak 40.87M) | Time:00:00.14 | Syncing blue_lacing_front_1
Fra:1 Mem:40.87M (Peak 40.88M) | Time:00:00.14 | Syncing blue_lacing_front_2
Fra:1 Mem:40.87M (Peak 40.88M) | Time:00:00.14 | Syncing blue_lacing_front_3
Fra:1 Mem:40.88M (Peak 40.89M) | Time:00:00.14 | Syncing blue_lacing_front_4
Fra:1 Mem:40.89M (Peak 40.90M) | Time:00:00.14 | Syncing left_rounded_shoulder_undercloth
Fra:1 Mem:40.93M (Peak 40.93M) | Time:00:00.14 | Syncing left_layered_sode_0
Fra:1 Mem:40.95M (Peak 40.95M) | Time:00:00.14 | Syncing left_sode_lace_0_a
Fra:1 Mem:40.96M (Peak 40.97M) | Time:00:00.14 | Syncing left_sode_lace_0_b
Fra:1 Mem:40.97M (Peak 40.98M) | Time:00:00.14 | Syncing left_layered_sode_1
Fra:1 Mem:40.99M (Peak 40.99M) | Time:00:00.14 | Syncing left_sode_lace_1_a
Fra:1 Mem:41.00M (Peak 41.01M) | Time:00:00.14 | Syncing left_sode_lace_1_b
Fra:1 Mem:41.01M (Peak 41.02M) | Time:00:00.14 | Syncing left_layered_sode_2
Fra:1 Mem:41.03M (Peak 41.03M) | Time:00:00.14 | Syncing left_sode_lace_2_a
Fra:1 Mem:41.04M (Peak 41.04M) | Time:00:00.14 | Syncing left_sode_lace_2_b
Fra:1 Mem:41.04M (Peak 41.05M) | Time:00:00.14 | Syncing left_layered_sode_3
Fra:1 Mem:41.06M (Peak 41.06M) | Time:00:00.14 | Syncing left_sode_lace_3_a
Fra:1 Mem:41.07M (Peak 41.08M) | Time:00:00.14 | Syncing left_sode_lace_3_b
Fra:1 Mem:41.08M (Peak 41.09M) | Time:00:00.14 | Syncing left_layered_sode_4
Fra:1 Mem:41.10M (Peak 41.10M) | Time:00:00.14 | Syncing left_sode_lace_4_a
Fra:1 Mem:41.11M (Peak 41.12M) | Time:00:00.14 | Syncing left_sode_lace_4_b
Fra:1 Mem:41.12M (Peak 41.13M) | Time:00:00.14 | Syncing right_rounded_shoulder_undercloth
Fra:1 Mem:41.16M (Peak 41.16M) | Time:00:00.14 | Syncing right_layered_sode_0
Fra:1 Mem:41.18M (Peak 41.18M) | Time:00:00.14 | Syncing right_sode_lace_0_a
Fra:1 Mem:41.19M (Peak 41.20M) | Time:00:00.14 | Syncing right_sode_lace_0_b
Fra:1 Mem:41.20M (Peak 41.21M) | Time:00:00.14 | Syncing right_layered_sode_1
Fra:1 Mem:41.22M (Peak 41.22M) | Time:00:00.14 | Syncing right_sode_lace_1_a
Fra:1 Mem:41.22M (Peak 41.23M) | Time:00:00.14 | Syncing right_sode_lace_1_b
Fra:1 Mem:41.23M (Peak 41.24M) | Time:00:00.14 | Syncing right_layered_sode_2
Fra:1 Mem:41.25M (Peak 41.25M) | Time:00:00.14 | Syncing right_sode_lace_2_a
Fra:1 Mem:41.26M (Peak 41.27M) | Time:00:00.14 | Syncing right_sode_lace_2_b
Fra:1 Mem:41.27M (Peak 41.28M) | Time:00:00.14 | Syncing right_layered_sode_3
Fra:1 Mem:41.29M (Peak 41.29M) | Time:00:00.14 | Syncing right_sode_lace_3_a
Fra:1 Mem:41.30M (Peak 41.31M) | Time:00:00.14 | Syncing right_sode_lace_3_b
Fra:1 Mem:41.31M (Peak 41.32M) | Time:00:00.14 | Syncing right_layered_sode_4
Fra:1 Mem:41.33M (Peak 41.33M) | Time:00:00.14 | Syncing right_sode_lace_4_a
Fra:1 Mem:41.33M (Peak 41.34M) | Time:00:00.14 | Syncing right_sode_lace_4_b
Fra:1 Mem:41.34M (Peak 41.35M) | Time:00:00.14 | Syncing left_upper_arm_cloth
Fra:1 Mem:41.35M (Peak 41.36M) | Time:00:00.14 | Syncing left_forearm_kote
Fra:1 Mem:41.37M (Peak 41.41M) | Time:00:00.14 | Syncing left_gloved_hand
Fra:1 Mem:41.40M (Peak 41.43M) | Time:00:00.14 | Syncing left_finger_0
Fra:1 Mem:41.41M (Peak 41.43M) | Time:00:00.14 | Syncing left_finger_1
Fra:1 Mem:41.41M (Peak 41.43M) | Time:00:00.14 | Syncing left_finger_2
Fra:1 Mem:41.42M (Peak 41.43M) | Time:00:00.14 | Syncing left_finger_3
Fra:1 Mem:41.43M (Peak 41.44M) | Time:00:00.14 | Syncing right_upper_arm_cloth
Fra:1 Mem:41.44M (Peak 41.45M) | Time:00:00.14 | Syncing right_forearm_kote
Fra:1 Mem:41.45M (Peak 41.46M) | Time:00:00.14 | Syncing right_gloved_hand
Fra:1 Mem:41.48M (Peak 41.48M) | Time:00:00.14 | Syncing right_finger_0
Fra:1 Mem:41.49M (Peak 41.50M) | Time:00:00.14 | Syncing right_finger_1
Fra:1 Mem:41.50M (Peak 41.51M) | Time:00:00.14 | Syncing right_finger_2
Fra:1 Mem:41.51M (Peak 41.52M) | Time:00:00.14 | Syncing right_finger_3
Fra:1 Mem:41.52M (Peak 41.53M) | Time:00:00.14 | Syncing left_hakama_outer_fold
Fra:1 Mem:41.53M (Peak 41.53M) | Time:00:00.14 | Syncing left_shin_guard
Fra:1 Mem:41.54M (Peak 41.55M) | Time:00:00.14 | Syncing left_ankle_tabi_bridge
Fra:1 Mem:41.58M (Peak 41.59M) | Time:00:00.14 | Syncing left_tabi_sock
Fra:1 Mem:41.61M (Peak 41.61M) | Time:00:00.14 | Syncing left_geta_sole
Fra:1 Mem:41.63M (Peak 41.67M) | Time:00:00.14 | Syncing left_geta_tooth_front
Fra:1 Mem:41.65M (Peak 41.67M) | Time:00:00.14 | Syncing left_geta_tooth_rear
Fra:1 Mem:41.67M (Peak 41.67M) | Time:00:00.14 | Syncing left_geta_thong_a
Fra:1 Mem:41.68M (Peak 41.69M) | Time:00:00.14 | Syncing left_geta_thong_b
Fra:1 Mem:41.69M (Peak 41.69M) | Time:00:00.14 | Syncing left_hakama_fold_line_0
Fra:1 Mem:41.69M (Peak 41.70M) | Time:00:00.14 | Syncing left_hakama_fold_line_1
Fra:1 Mem:41.70M (Peak 41.71M) | Time:00:00.14 | Syncing left_hakama_fold_line_2
Fra:1 Mem:41.71M (Peak 41.72M) | Time:00:00.14 | Syncing right_hakama_outer_fold
Fra:1 Mem:41.72M (Peak 41.73M) | Time:00:00.14 | Syncing right_shin_guard
Fra:1 Mem:41.73M (Peak 41.74M) | Time:00:00.14 | Syncing right_ankle_tabi_bridge
Fra:1 Mem:41.74M (Peak 41.75M) | Time:00:00.14 | Syncing right_tabi_sock
Fra:1 Mem:41.77M (Peak 41.77M) | Time:00:00.14 | Syncing right_geta_sole
Fra:1 Mem:41.79M (Peak 41.79M) | Time:00:00.14 | Syncing right_geta_tooth_front
Fra:1 Mem:41.81M (Peak 41.81M) | Time:00:00.14 | Syncing right_geta_tooth_rear
Fra:1 Mem:41.83M (Peak 41.83M) | Time:00:00.14 | Syncing right_geta_thong_a
Fra:1 Mem:41.84M (Peak 41.85M) | Time:00:00.14 | Syncing right_geta_thong_b
Fra:1 Mem:41.85M (Peak 41.86M) | Time:00:00.14 | Syncing right_hakama_fold_line_0
Fra:1 Mem:41.86M (Peak 41.87M) | Time:00:00.14 | Syncing right_hakama_fold_line_1
Fra:1 Mem:41.86M (Peak 41.87M) | Time:00:00.14 | Syncing right_hakama_fold_line_2
Fra:1 Mem:41.87M (Peak 41.88M) | Time:00:00.14 | Syncing kabuto_helmet_bowl
Fra:1 Mem:41.97M (Peak 41.97M) | Time:00:00.14 | Syncing helmet_front_brim
Fra:1 Mem:42.02M (Peak 42.02M) | Time:00:00.14 | Syncing helmet_rear_flare
Fra:1 Mem:42.06M (Peak 42.06M) | Time:00:00.14 | Syncing helmet_gold_rivet
Fra:1 Mem:42.09M (Peak 42.12M) | Time:00:00.14 | Syncing left_fukigaeshi_flare
Fra:1 Mem:42.11M (Peak 42.12M) | Time:00:00.14 | Syncing right_fukigaeshi_flare
Fra:1 Mem:42.13M (Peak 42.13M) | Time:00:00.14 | Syncing shikoro_neck_guard_0
Fra:1 Mem:42.14M (Peak 42.14M) | Time:00:00.14 | Syncing shikoro_neck_guard_1
Fra:1 Mem:42.17M (Peak 42.17M) | Time:00:00.14 | Syncing shikoro_neck_guard_2
Fra:1 Mem:42.19M (Peak 42.19M) | Time:00:00.14 | Syncing shikoro_neck_guard_3
Fra:1 Mem:42.21M (Peak 42.21M) | Time:00:00.14 | Syncing maedate_hawk_left
Fra:1 Mem:42.22M (Peak 42.22M) | Time:00:00.14 | Syncing maedate_hawk_right
Fra:1 Mem:42.22M (Peak 42.23M) | Time:00:00.14 | Syncing maedate_hawk_stem
Fra:1 Mem:42.23M (Peak 42.24M) | Time:00:00.14 | Syncing visible_face_shadow
Fra:1 Mem:42.28M (Peak 42.29M) | Time:00:00.14 | Syncing mempo_cheek_mask
Fra:1 Mem:42.32M (Peak 42.34M) | Time:00:00.14 | Syncing left_eye_slit
Fra:1 Mem:42.34M (Peak 42.34M) | Time:00:00.14 | Syncing right_eye_slit
Fra:1 Mem:42.36M (Peak 42.36M) | Time:00:00.14 | Syncing mempo_moustache_left
Fra:1 Mem:42.37M (Peak 42.38M) | Time:00:00.14 | Syncing mempo_moustache_right
Fra:1 Mem:42.38M (Peak 42.39M) | Time:00:00.14 | Syncing katana_blade
Fra:1 Mem:42.39M (Peak 42.44M) | Time:00:00.14 | Syncing katana_black_ridge
Fra:1 Mem:42.40M (Peak 42.44M) | Time:00:00.14 | Syncing tsuka_wrapped_handle
Fra:1 Mem:42.41M (Peak 42.44M) | Time:00:00.14 | Syncing katana_tsuba_guard
Fra:1 Mem:42.43M (Peak 42.44M) | Time:00:00.14 | Syncing katana_pommel
Fra:1 Mem:42.44M (Peak 42.45M) | Time:00:00.14 | Syncing banner_cloth
Fra:1 Mem:42.46M (Peak 42.50M) | Time:00:00.15 | Syncing banner_cloth_mon
Fra:1 Mem:42.47M (Peak 42.52M) | Time:00:00.15 | Syncing banner_pole
Fra:1 Mem:42.48M (Peak 42.52M) | Time:00:00.15 | Syncing banner_mon
Fra:1 Mem:42.49M (Peak 42.52M) | Time:00:00.15 | Syncing softbox_key
Fra:1 Mem:42.49M (Peak 42.52M) | Time:00:00.15 | Syncing front_fill
Fra:1 Mem:42.49M (Peak 42.52M) | Time:00:00.15 | Syncing rim_light
Fra:1 Mem:42.49M (Peak 42.52M) | Time:00:00.15 | Syncing render_ground
Fra:1 Mem:42.49M (Peak 42.55M) | Time:00:00.15 | Syncing cam_takeda-01
Fra:1 Mem:42.43M (Peak 42.55M) | Time:00:00.15 | Rendering 1 / 64 samples
Fra:1 Mem:41.29M (Peak 42.55M) | Time:00:03.87 | Rendering 26 / 64 samples
Fra:1 Mem:41.29M (Peak 42.55M) | Time:00:06.93 | Rendering 51 / 64 samples
Fra:1 Mem:41.29M (Peak 42.55M) | Time:00:08.67 | Rendering 64 / 64 samples
Saved: '/workspaces/factory-edo-woodblock/worker-1/ystackai_studio-edo-woodblock/checkout/games/kawanakajima-foundry-samurai-proof/assets/generated/foundry/samurai-v17/full-20/takeda-01/hero.png'
 Time: 00:08.84 (Saving: 00:00.04)

00:48:06 | INFO: Extracting primitive: Cube.053
00:48:06 | INFO: Primitives created: 1
00:48:06 | INFO: Extracting primitive: Cylinder.024
00:48:06 | INFO: Primitives created: 1
00:48:06 | INFO: Extracting primitive: Cylinder.025
00:48:06 | INFO: Primitives created: 1
00:48:06 | INFO: Extracting primitive: Cylinder.026
00:48:06 | INFO: Primitives created: 1
00:48:06 | INFO: Extracting primitive: Cylinder.027
00:48:06 | INFO: Primitives created: 1
00:48:06 | INFO: Extracting primitive: Sphere.003
00:48:06 | INFO: Primitives created: 1
00:48:06 | INFO: Extracting primitive: Cylinder.028
00:48:06 | INFO: Primitives created: 1
00:48:06 | INFO: Extracting primitive: Cylinder.029
00:48:06 | INFO: Primitives created: 1
00:48:06 | INFO: Extracting primitive: Cylinder.030
00:48:06 | INFO: Primitives created: 1
00:48:06 | INFO: Extracting primitive: Cylinder.031
00:48:06 | INFO: Primitives created: 1
00:48:06 | INFO: Extracting primitive: Cylinder.032
00:48:06 | INFO: Primitives created: 1
00:48:06 | INFO: Extracting primitive: Cylinder.033
00:48:06 | INFO: Primitives created: 1
00:48:06 | INFO: Extracting primitive: Sphere.004
00:48:06 | INFO: Primitives created: 1
00:48:06 | INFO: Extracting primitive: Cylinder.034
00:48:06 | INFO: Primitives created: 1
00:48:06 | INFO: Extracting primitive: Cylinder.035
00:48:06 | INFO: Primitives created: 1
00:48:06 | INFO: Extracting primitive: Cylinder.036
00:48:06 | INFO: Primitives created: 1
00:48:06 | INFO: Extracting primitive: Cylinder.037
00:48:06 | INFO: Primitives created: 1
00:48:06 | INFO: Extracting primitive: Cylinder.038
00:48:06 | INFO: Primitives created: 1
00:48:06 | INFO: Extracting primitive: Cylinder.039
00:48:06 | INFO: Primitives created: 1
00:48:06 | INFO: Extracting primitive: Cylinder.040
00:48:06 | INFO: Primitives created: 1
00:48:06 | INFO: Extracting primitive: Sphere.005
00:48:06 | INFO: Primitives created: 1
00:48:06 | INFO: Extracting primitive: Cube.054
00:48:06 | INFO: Primitives created: 1
00:48:06 | INFO: Extracting primitive: Cube.055
00:48:06 | INFO: Primitives created: 1
00:48:06 | INFO: Extracting primitive: Cube.056
00:48:06 | INFO: Primitives created: 1
00:48:06 | INFO: Extracting primitive: Cylinder.041
00:48:06 | INFO: Primitives created: 1
00:48:06 | INFO: Extracting primitive: Cylinder.042
00:48:06 | INFO: Primitives created: 1
00:48:06 | INFO: Extracting primitive: Cylinder.043
00:48:06 | INFO: Primitives created: 1
00:48:06 | INFO: Extracting primitive: Cylinder.044
00:48:06 | INFO: Primitives created: 1
00:48:06 | INFO: Extracting primitive: Cylinder.045
00:48:06 | INFO: Primitives created: 1
00:48:06 | INFO: Extracting primitive: Cylinder.046
00:48:06 | INFO: Primitives created: 1
00:48:06 | INFO: Extracting primitive: Cylinder.047
00:48:06 | INFO: Primitives created: 1
00:48:06 | INFO: Extracting primitive: Cylinder.048
00:48:06 | INFO: Primitives created: 1
00:48:06 | INFO: Extracting primitive: Sphere.006
00:48:06 | INFO: Primitives created: 1
00:48:06 | INFO: Extracting primitive: Cube.057
00:48:06 | INFO: Primitives created: 1
00:48:06 | INFO: Extracting primitive: Cube.058
00:48:06 | INFO: Primitives created: 1
00:48:06 | INFO: Extracting primitive: Cube.059
00:48:06 | INFO: Primitives created: 1
00:48:06 | INFO: Extracting primitive: Cylinder.049
00:48:06 | INFO: Primitives created: 1
00:48:06 | INFO: Extracting primitive: Cylinder.050
00:48:06 | INFO: Primitives created: 1
00:48:06 | INFO: Extracting primitive: Cylinder.051
00:48:06 | INFO: Primitives created: 1
00:48:06 | INFO: Extracting primitive: Cylinder.052
00:48:06 | INFO: Primitives created: 1
00:48:06 | INFO: Extracting primitive: Cylinder.053
00:48:06 | INFO: Primitives created: 1
00:48:06 | INFO: Extracting primitive: Sphere.007
00:48:06 | INFO: Primitives created: 1
00:48:06 | INFO: Extracting primitive: Sphere.008
00:48:06 | INFO: Primitives created: 1
00:48:06 | INFO: Extracting primitive: Sphere.009
00:48:06 | INFO: Primitives created: 1
00:48:06 | INFO: Extracting primitive: Sphere.010
00:48:06 | INFO: Primitives created: 1
00:48:06 | INFO: Extracting primitive: Cube.060
00:48:06 | INFO: Primitives created: 1
00:48:06 | INFO: Extracting primitive: Cube.061
00:48:06 | INFO: Primitives created: 1
00:48:06 | INFO: Extracting primitive: Cube.062
00:48:06 | INFO: Primitives created: 1
00:48:06 | INFO: Extracting primitive: Cube.063
00:48:06 | INFO: Primitives created: 1
00:48:06 | INFO: Extracting primitive: Cube.064
00:48:06 | INFO: Primitives created: 1
00:48:06 | INFO: Extracting primitive: Cube.065
00:48:06 | INFO: Primitives created: 1
00:48:06 | INFO: Extracting primitive: Cylinder.054
00:48:06 | INFO: Primitives created: 1
00:48:06 | INFO: Extracting primitive: Cylinder.055
00:48:06 | INFO: Primitives created: 1
00:48:06 | INFO: Extracting primitive: Cylinder.056
00:48:06 | INFO: Primitives created: 1
00:48:06 | INFO: Extracting primitive: Sphere.011
00:48:06 | INFO: Primitives created: 1
00:48:06 | INFO: Extracting primitive: Sphere.012
00:48:06 | INFO: Primitives created: 1
00:48:06 | INFO: Extracting primitive: Cube.066
00:48:06 | INFO: Primitives created: 1
00:48:06 | INFO: Extracting primitive: Cube.067
00:48:06 | INFO: Primitives created: 1
00:48:06 | INFO: Extracting primitive: Cylinder.057
00:48:06 | INFO: Primitives created: 1
00:48:06 | INFO: Extracting primitive: Cylinder.058
00:48:06 | INFO: Primitives created: 1
00:48:06 | INFO: Extracting primitive: Cylinder.059
00:48:06 | INFO: Primitives created: 1
00:48:06 | INFO: Extracting primitive: Cylinder.060
00:48:06 | INFO: Primitives created: 1
00:48:06 | INFO: Extracting primitive: Cylinder.061
00:48:06 | INFO: Primitives created: 1
00:48:06 | INFO: Extracting primitive: Cube.068
00:48:06 | INFO: Primitives created: 1
00:48:06 | INFO: Extracting primitive: Cylinder.062
00:48:06 | INFO: Primitives created: 1
00:48:06 | INFO: Extracting primitive: Cube.069
00:48:06 | INFO: Primitives created: 1
00:48:06 | INFO: Extracting primitive: Cylinder.063
00:48:06 | INFO: Primitives created: 1
00:48:06 | INFO: Extracting primitive: Cylinder.064
00:48:06 | INFO: Primitives created: 1
00:48:06 | INFO: Extracting primitive: Cylinder.065
00:48:06 | INFO: Primitives created: 1
00:48:06 | INFO: Finished glTF 2.0 export in 0.1180262565612793 s

  GLB exported: /workspaces/factory-edo-woodblock/worker-1/ystackai_studio-edo-woodblock/checkout/games/kawanakajima-foundry-samurai-proof/assets/generated/foundry/samurai-v17/full-20/takeda-01/takeda-01.glb
  Rendered front → /workspaces/factory-edo-woodblock/worker-1/ystackai_studio-edo-woodblock/checkout/games/kawanakajima-foundry-samurai-proof/assets/generated/foundry/samurai-v17/full-20/takeda-01/cs_front.png
  Rendered side_l → /workspaces/factory-edo-woodblock/worker-1/ystackai_studio-edo-woodblock/checkout/games/kawanakajima-foundry-samurai-proof/assets/generated/foundry/samurai-v17/full-20/takeda-01/cs_side_l.png
  Rendered rear → /workspaces/factory-edo-woodblock/worker-1/ystackai_studio-edo-woodblock/checkout/games/kawanakajima-foundry-samurai-proof/assets/generated/foundry/samurai-v17/full-20/takeda-01/cs_rear.png
  Rendered qtr_fl → /workspaces/factory-edo-woodblock/worker-1/ystackai_studio-edo-woodblock/checkout/games/kawanakajima-foundry-samurai-proof/assets/generated/foundry/samurai-v17/full-20/takeda-01/cs_qtr_fl.png
  Rendered qtr_fr → /workspaces/factory-edo-woodblock/worker-1/ystackai_studio-edo-woodblock/checkout/games/kawanakajima-foundry-samurai-proof/assets/generated/foundry/samurai-v17/full-20/takeda-01/cs_qtr_fr.png
  Rendered top → /workspaces/factory-edo-woodblock/worker-1/ystackai_studio-edo-woodblock/checkout/games/kawanakajima-foundry-samurai-proof/assets/generated/foundry/samurai-v17/full-20/takeda-01/cs_top.png
  Contact sheet: /workspaces/factory-edo-woodblock/worker-1/ystackai_studio-edo-woodblock/checkout/games/kawanakajima-foundry-samurai-proof/assets/generated/foundry/samurai-v17/full-20/takeda-01/contact_sheet.png
  Hero shot: /workspaces/factory-edo-woodblock/worker-1/ystackai_studio-edo-woodblock/checkout/games/kawanakajima-foundry-samurai-proof/assets/generated/foundry/samurai-v17/full-20/takeda-01/hero.png
Batch evidence counts: glb=2 blend=2 png=16
