ERROR (bke.modifier): ./source/blender/blenkernel/intern/modifier.cc:458 BKE_modifier_set_error: Object: "matte charcoal inspection plinth", Modifier: "weighted normals", Enable 'Auto Smooth' in Object Data Properties
ERROR (bke.modifier): ./source/blender/blenkernel/intern/modifier.cc:458 BKE_modifier_set_error: Object: "ribcage under-kimono volume", Modifier: "weighted normals", Enable 'Auto Smooth' in Object Data Properties
ERROR (bke.modifier): ./source/blender/blenkernel/intern/modifier.cc:458 BKE_modifier_set_error: Object: "narrow waist under-kimono volume", Modifier: "weighted normals", Enable 'Auto Smooth' in Object Data Properties
ERROR (bke.modifier): ./source/blender/blenkernel/intern/modifier.cc:458 BKE_modifier_set_error: Object: "visible human head behind mempo", Modifier: "weighted normals", Enable 'Auto Smooth' in Object Data Properties
ERROR (bke.modifier): ./source/blender/blenkernel/intern/modifier.cc:458 BKE_modifier_set_error: Object: "thin exposed neck", Modifier: "weighted normals", Enable 'Auto Smooth' in Object Data Properties
ERROR (bke.modifier): ./source/blender/blenkernel/intern/modifier.cc:458 BKE_modifier_set_error: Object: "neck guard collar", Modifier: "weighted normals", Enable 'Auto Smooth' in Object Data Properties
ERROR (bke.modifier): ./source/blender/blenkernel/intern/modifier.cc:458 BKE_modifier_set_error: Object: "segmented kabuto helmet bowl", Modifier: "weighted normals", Enable 'Auto Smooth' in Object Data Properties
ERROR (bke.modifier): ./source/blender/blenkernel/intern/modifier.cc:458 BKE_modifier_set_error: Object: "wide kabuto brim", Modifier: "weighted normals", Enable 'Auto Smooth' in Object Data Properties
ERROR (bke.modifier): ./source/blender/blenkernel/intern/modifier.cc:458 BKE_modifier_set_error: Object: "layered rear shikoro neck guard", Modifier: "weighted normals", Enable 'Auto Smooth' in Object Data Properties
ERROR (bke.modifier): ./source/blender/blenkernel/intern/modifier.cc:458 BKE_modifier_set_error: Object: "left side helmet flange", Modifier: "weighted normals", Enable 'Auto Smooth' in Object Data Properties
ERROR (bke.modifier): ./source/blender/blenkernel/intern/modifier.cc:458 BKE_modifier_set_error: Object: "right side helmet flange", Modifier: "weighted normals", Enable 'Auto Smooth' in Object Data Properties
ERROR (bke.modifier): ./source/blender/blenkernel/intern/modifier.cc:458 BKE_modifier_set_error: Object: "crest central rivet", Modifier: "weighted normals", Enable 'Auto Smooth' in Object Data Properties
ERROR (bke.modifier): ./source/blender/blenkernel/intern/modifier.cc:458 BKE_modifier_set_error: Object: "left angular mempo cheek plate", Modifier: "weighted normals", Enable 'Auto Smooth' in Object Data Properties
ERROR (bke.modifier): ./source/blender/blenkernel/intern/modifier.cc:458 BKE_modifier_set_error: Object: "right angular mempo cheek plate", Modifier: "weighted normals", Enable 'Auto Smooth' in Object Data Properties
ERROR (bke.modifier): ./source/blender/blenkernel/intern/modifier.cc:458 BKE_modifier_set_error: Object: "mempo chin guard", Modifier: "weighted normals", Enable 'Auto Smooth' in Object Data Properties
ERROR (bke.modifier): ./source/blender/blenkernel/intern/modifier.cc:458 BKE_modifier_set_error: Object: "mempo nose ridge", Modifier: "weighted normals", Enable 'Auto Smooth' in Object Data Properties
ERROR (bke.modifier): ./source/blender/blenkernel/intern/modifier.cc:458 BKE_modifier_set_error: Object: "left narrow eye slit", Modifier: "weighted normals", Enable 'Auto Smooth' in Object Data Properties
ERROR (bke.modifier): ./source/blender/blenkernel/intern/modifier.cc:458 BKE_modifier_set_error: Object: "right narrow eye slit", Modifier: "weighted normals", Enable 'Auto Smooth' in Object Data Properties
ERROR (bke.modifier): ./source/blender/blenkernel/intern/modifier.cc:458 BKE_modifier_set_error: Object: "mempo grim mouth slit", Modifier: "weighted normals", Enable 'Auto Smooth' in Object Data Properties
ERROR (bke.modifier): ./source/blender/blenkernel/intern/modifier.cc:458 BKE_modifier_set_error: Object: "throat guard row 1 bevelled lamellar plate 01", Modifier: "weighted normals", Enable 'Auto Smooth' in Object Data Properties
ERROR (bke.modifier): ./source/blender/blenkernel/intern/modifier.cc:458 BKE_modifier_set_error: Object: "throat guard row 1 bevelled lamellar plate 02", Modifier: "weighted normals", Enable 'Auto Smooth' in Object Data Properties
ERROR (bke.modifier): ./source/blender/blenkernel/intern/modifier.cc:458 BKE_modifier_set_error: Object: "throat guard row 1 bevelled lamellar plate 03", Modifier: "weighted normals", Enable 'Auto Smooth' in Object Data Properties
ERROR (bke.modifier): ./source/blender/blenkernel/intern/modifier.cc:458 BKE_modifier_set_error: Object: "throat guard row 1 bevelled lamellar plate 04", Modifier: "weighted normals", Enable 'Auto Smooth' in Object Data Properties
ERROR (bke.modifier): ./source/blender/blenkernel/intern/modifier.cc:458 BKE_modifier_set_error: Object: "throat guard row 1 bevelled lamellar plate 05", Modifier: "weighted normals", Enable 'Auto Smooth' in Object Data Properties
ERROR (bke.modifier): ./source/blender/blenkernel/intern/modifier.cc:458 BKE_modifier_set_error: Object: "throat guard row 2 bevelled lamellar plate 01", Modifier: "weighted normals", Enable 'Auto Smooth' in Object Data Properties
ERROR (bke.modifier): ./source/blender/blenkernel/intern/modifier.cc:458 BKE_modifier_set_error: Object: "throat guard row 2 bevelled lamellar plate 02", Modifier: "weighted normals", Enable 'Auto Smooth' in Object Data Properties
ERROR (bke.modifier): ./source/blender/blenkernel/intern/modifier.cc:458 BKE_modifier_set_error: Object: "throat guard row 2 bevelled lamellar plate 03", Modifier: "weighted normals", Enable 'Auto Smooth' in Object Data Properties
ERROR (bke.modifier): ./source/blender/blenkernel/intern/modifier.cc:458 BKE_modifier_set_error: Object: "throat guard row 2 bevelled lamellar plate 04", Modifier: "weighted normals", Enable 'Auto Smooth' in Object Data Properties
ERROR (bke.modifier): ./source/blender/blenkernel/intern/modifier.cc:458 BKE_modifier_set_error: Object: "throat guard row 2 bevelled lamellar plate 05", Modifier: "weighted normals", Enable 'Auto Smooth' in Object Data Properties
ERROR (bke.modifier): ./source/blender/blenkernel/intern/modifier.cc:458 BKE_modifier_set_error: Object: "throat guard row 3 bevelled lamellar plate 01", Modifier: "weighted normals", Enable 'Auto Smooth' in Object Data Properties
ERROR (bke.modifier): ./source/blender/blenkernel/intern/modifier.cc:458 BKE_modifier_set_error: Object: "throat guard row 3 bevelled lamellar plate 02", Modifier: "weighted normals", Enable 'Auto Smooth' in Object Data Properties
ERROR (bke.modifier): ./source/blender/blenkernel/intern/modifier.cc:458 BKE_modifier_set_error: Object: "throat guard row 3 bevelled lamellar plate 03", Modifier: "weighted normals", Enable 'Auto Smooth' in Object Data Properties
ERROR (bke.modifier): ./source/blender/blenkernel/intern/modifier.cc:458 BKE_modifier_set_error: Object: "throat guard row 3 bevelled lamellar plate 04", Modifier: "weighted normals", Enable 'Auto Smooth' in Object Data Properties
ERROR (bke.modifier): ./source/blender/blenkernel/intern/modifier.cc:458 BKE_modifier_set_error: Object: "throat guard row 3 bevelled lamellar plate 05", Modifier: "weighted normals", Enable 'Auto Smooth' in Object Data Properties
ERROR (bke.modifier): ./source/blender/blenkernel/intern/modifier.cc:458 BKE_modifier_set_error: Object: "upper do cuirass fitted shell", Modifier: "weighted normals", Enable 'Auto Smooth' in Object Data Properties
ERROR (bke.modifier): ./source/blender/blenkernel/intern/modifier.cc:458 BKE_modifier_set_error: Object: "lower do cuirass narrowed shell", Modifier: "weighted normals", Enable 'Auto Smooth' in Object Data Properties
ERROR (bke.modifier): ./source/blender/blenkernel/intern/modifier.cc:458 BKE_modifier_set_error: Object: "front cuirass row 1 bevelled lamellar plate 01", Modifier: "weighted normals", Enable 'Auto Smooth' in Object Data Properties
ERROR (bke.modifier): ./source/blender/blenkernel/intern/modifier.cc:458 BKE_modifier_set_error: Object: "front cuirass row 1 bevelled lamellar plate 02", Modifier: "weighted normals", Enable 'Auto Smooth' in Object Data Properties
ERROR (bke.modifier): ./source/blender/blenkernel/intern/modifier.cc:458 BKE_modifier_set_error: Object: "front cuirass row 1 bevelled lamellar plate 03", Modifier: "weighted normals", Enable 'Auto Smooth' in Object Data Properties
ERROR (bke.modifier): ./source/blender/blenkernel/intern/modifier.cc:458 BKE_modifier_set_error: Object: "front cuirass row 1 bevelled lamellar plate 04", Modifier: "weighted normals", Enable 'Auto Smooth' in Object Data Properties
ERROR (bke.modifier): ./source/blender/blenkernel/intern/modifier.cc:458 BKE_modifier_set_error: Object: "front cuirass row 1 bevelled lamellar plate 05", Modifier: "weighted normals", Enable 'Auto Smooth' in Object Data Properties
ERROR (bke.modifier): ./source/blender/blenkernel/intern/modifier.cc:458 BKE_modifier_set_error: Object: "front cuirass row 1 bevelled lamellar plate 06", Modifier: "weighted normals", Enable 'Auto Smooth' in Object Data Properties
ERROR (bke.modifier): ./source/blender/blenkernel/intern/modifier.cc:458 BKE_modifier_set_error: Object: "front cuirass row 1 bevelled lamellar plate 07", Modifier: "weighted normals", Enable 'Auto Smooth' in Object Data Properties
ERROR (bke.modifier): ./source/blender/blenkernel/intern/modifier.cc:458 BKE_modifier_set_error: Object: "front cuirass row 1 bevelled lamellar plate 08", Modifier: "weighted normals", Enable 'Auto Smooth' in Object Data Properties
ERROR (bke.modifier): ./source/blender/blenkernel/intern/modifier.cc:458 BKE_modifier_set_error: Object: "rear cuirass row 1 bevelled lamellar plate 01", Modifier: "weighted normals", Enable 'Auto Smooth' in Object Data Properties
ERROR (bke.modifier): ./source/blender/blenkernel/intern/modifier.cc:458 BKE_modifier_set_error: Object: "rear cuirass row 1 bevelled lamellar plate 02", Modifier: "weighted normals", Enable 'Auto Smooth' in Object Data Properties
ERROR (bke.modifier): ./source/blender/blenkernel/intern/modifier.cc:458 BKE_modifier_set_error: Object: "rear cuirass row 1 bevelled lamellar plate 03", Modifier: "weighted normals", Enable 'Auto Smooth' in Object Data Properties
ERROR (bke.modifier): ./source/blender/blenkernel/intern/modifier.cc:458 BKE_modifier_set_error: Object: "rear cuirass row 1 bevelled lamellar plate 04", Modifier: "weighted normals", Enable 'Auto Smooth' in Object Data Properties
ERROR (bke.modifier): ./source/blender/blenkernel/intern/modifier.cc:458 BKE_modifier_set_error: Object: "rear cuirass row 1 bevelled lamellar plate 05", Modifier: "weighted normals", Enable 'Auto Smooth' in Object Data Properties
ERROR (bke.modifier): ./source/blender/blenkernel/intern/modifier.cc:458 BKE_modifier_set_error: Object: "rear cuirass row 1 bevelled lamellar plate 06", Modifier: "weighted normals", Enable 'Auto Smooth' in Object Data Properties
ERROR (bke.modifier): ./source/blender/blenkernel/intern/modifier.cc:458 BKE_modifier_set_error: Object: "rear cuirass row 1 bevelled lamellar plate 07", Modifier: "weighted normals", Enable 'Auto Smooth' in Object Data Properties
ERROR (bke.modifier): ./source/blender/blenkernel/intern/modifier.cc:458 BKE_modifier_set_error: Object: "rear cuirass row 1 bevelled lamellar plate 08", Modifier: "weighted normals", Enable 'Auto Smooth' in Object Data Properties
ERROR (bke.modifier): ./source/blender/blenkernel/intern/modifier.cc:458 BKE_modifier_set_error: Object: "front cuirass row 2 bevelled lamellar plate 01", Modifier: "weighted normals", Enable 'Auto Smooth' in Object Data Properties
ERROR (bke.modifier): ./source/blender/blenkernel/intern/modifier.cc:458 BKE_modifier_set_error: Object: "front cuirass row 2 bevelled lamellar plate 02", Modifier: "weighted normals", Enable 'Auto Smooth' in Object Data Properties
ERROR (bke.modifier): ./source/blender/blenkernel/intern/modifier.cc:458 BKE_modifier_set_error: Object: "front cuirass row 2 bevelled lamellar plate 03", Modifier: "weighted normals", Enable 'Auto Smooth' in Object Data Properties
ERROR (bke.modifier): ./source/blender/blenkernel/intern/modifier.cc:458 BKE_modifier_set_error: Object: "front cuirass row 2 bevelled lamellar plate 04", Modifier: "weighted normals", Enable 'Auto Smooth' in Object Data Properties
ERROR (bke.modifier): ./source/blender/blenkernel/intern/modifier.cc:458 BKE_modifier_set_error: Object: "front cuirass row 2 bevelled lamellar plate 05", Modifier: "weighted normals", Enable 'Auto Smooth' in Object Data Properties
ERROR (bke.modifier): ./source/blender/blenkernel/intern/modifier.cc:458 BKE_modifier_set_error: Object: "front cuirass row 2 bevelled lamellar plate 06", Modifier: "weighted normals", Enable 'Auto Smooth' in Object Data Properties
ERROR (bke.modifier): ./source/blender/blenkernel/intern/modifier.cc:458 BKE_modifier_set_error: Object: "front cuirass row 2 bevelled lamellar plate 07", Modifier: "weighted normals", Enable 'Auto Smooth' in Object Data Properties
ERROR (bke.modifier): ./source/blender/blenkernel/intern/modifier.cc:458 BKE_modifier_set_error: Object: "front cuirass row 2 bevelled lamellar plate 08", Modifier: "weighted normals", Enable 'Auto Smooth' in Object Data Properties
ERROR (bke.modifier): ./source/blender/blenkernel/intern/modifier.cc:458 BKE_modifier_set_error: Object: "rear cuirass row 2 bevelled lamellar plate 01", Modifier: "weighted normals", Enable 'Auto Smooth' in Object Data Properties
ERROR (bke.modifier): ./source/blender/blenkernel/intern/modifier.cc:458 BKE_modifier_set_error: Object: "rear cuirass row 2 bevelled lamellar plate 02", Modifier: "weighted normals", Enable 'Auto Smooth' in Object Data Properties
ERROR (bke.modifier): ./source/blender/blenkernel/intern/modifier.cc:458 BKE_modifier_set_error: Object: "rear cuirass row 2 bevelled lamellar plate 03", Modifier: "weighted normals", Enable 'Auto Smooth' in Object Data Properties
ERROR (bke.modifier): ./source/blender/blenkernel/intern/modifier.cc:458 BKE_modifier_set_error: Object: "rear cuirass row 2 bevelled lamellar plate 04", Modifier: "weighted normals", Enable 'Auto Smooth' in Object Data Properties
ERROR (bke.modifier): ./source/blender/blenkernel/intern/modifier.cc:458 BKE_modifier_set_error: Object: "rear cuirass row 2 bevelled lamellar plate 05", Modifier: "weighted normals", Enable 'Auto Smooth' in Object Data Properties
ERROR (bke.modifier): ./source/blender/blenkernel/intern/modifier.cc:458 BKE_modifier_set_error: Object: "rear cuirass row 2 bevelled lamellar plate 06", Modifier: "weighted normals", Enable 'Auto Smooth' in Object Data Properties
ERROR (bke.modifier): ./source/blender/blenkernel/intern/modifier.cc:458 BKE_modifier_set_error: Object: "rear cuirass row 2 bevelled lamellar plate 07", Modifier: "weighted normals", Enable 'Auto Smooth' in Object Data Properties
ERROR (bke.modifier): ./source/blender/blenkernel/intern/modifier.cc:458 BKE_modifier_set_error: Object: "rear cuirass row 2 bevelled lamellar plate 08", Modifier: "weighted normals", Enable 'Auto Smooth' in Object Data Properties
ERROR (bke.modifier): ./source/blender/blenkernel/intern/modifier.cc:458 BKE_modifier_set_error: Object: "front cuirass row 3 bevelled lamellar plate 01", Modifier: "weighted normals", Enable 'Auto Smooth' in Object Data Properties
ERROR (bke.modifier): ./source/blender/blenkernel/intern/modifier.cc:458 BKE_modifier_set_error: Object: "front cuirass row 3 bevelled lamellar plate 02", Modifier: "weighted normals", Enable 'Auto Smooth' in Object Data Properties
ERROR (bke.modifier): ./source/blender/blenkernel/intern/modifier.cc:458 BKE_modifier_set_error: Object: "front cuirass row 3 bevelled lamellar plate 03", Modifier: "weighted normals", Enable 'Auto Smooth' in Object Data Properties
ERROR (bke.modifier): ./source/blender/blenkernel/intern/modifier.cc:458 BKE_modifier_set_error: Object: "front cuirass row 3 bevelled lamellar plate 04", Modifier: "weighted normals", Enable 'Auto Smooth' in Object Data Properties
ERROR (bke.modifier): ./source/blender/blenkernel/intern/modifier.cc:458 BKE_modifier_set_error: Object: "front cuirass row 3 bevelled lamellar plate 05", Modifier: "weighted normals", Enable 'Auto Smooth' in Object Data Properties
ERROR (bke.modifier): ./source/blender/blenkernel/intern/modifier.cc:458 BKE_modifier_set_error: Object: "front cuirass row 3 bevelled lamellar plate 06", Modifier: "weighted normals", Enable 'Auto Smooth' in Object Data Properties
ERROR (bke.modifier): ./source/blender/blenkernel/intern/modifier.cc:458 BKE_modifier_set_error: Object: "front cuirass row 3 bevelled lamellar plate 07", Modifier: "weighted normals", Enable 'Auto Smooth' in Object Data Properties
ERROR (bke.modifier): ./source/blender/blenkernel/intern/modifier.cc:458 BKE_modifier_set_error: Object: "front cuirass row 3 bevelled lamellar plate 08", Modifier: "weighted normals", Enable 'Auto Smooth' in Object Data Properties
ERROR (bke.modifier): ./source/blender/blenkernel/intern/modifier.cc:458 BKE_modifier_set_error: Object: "rear cuirass row 3 bevelled lamellar plate 01", Modifier: "weighted normals", Enable 'Auto Smooth' in Object Data Properties
ERROR (bke.modifier): ./source/blender/blenkernel/intern/modifier.cc:458 BKE_modifier_set_error: Object: "rear cuirass row 3 bevelled lamellar plate 02", Modifier: "weighted normals", Enable 'Auto Smooth' in Object Data Properties
ERROR (bke.modifier): ./source/blender/blenkernel/intern/modifier.cc:458 BKE_modifier_set_error: Object: "rear cuirass row 3 bevelled lamellar plate 03", Modifier: "weighted normals", Enable 'Auto Smooth' in Object Data Properties
ERROR (bke.modifier): ./source/blender/blenkernel/intern/modifier.cc:458 BKE_modifier_set_error: Object: "rear cuirass row 3 bevelled lamellar plate 04", Modifier: "weighted normals", Enable 'Auto Smooth' in Object Data Properties
ERROR (bke.modifier): ./source/blender/blenkernel/intern/modifier.cc:458 BKE_modifier_set_error: Object: "rear cuirass row 3 bevelled lamellar plate 05", Modifier: "weighted normals", Enable 'Auto Smooth' in Object Data Properties
ERROR (bke.modifier): ./source/blender/blenkernel/intern/modifier.cc:458 BKE_modifier_set_error: Object: "rear cuirass row 3 bevelled lamellar plate 06", Modifier: "weighted normals", Enable 'Auto Smooth' in Object Data Properties
ERROR (bke.modifier): ./source/blender/blenkernel/intern/modifier.cc:458 BKE_modifier_set_error: Object: "rear cuirass row 3 bevelled lamellar plate 07", Modifier: "weighted normals", Enable 'Auto Smooth' in Object Data Properties
ERROR (bke.modifier): ./source/blender/blenkernel/intern/modifier.cc:458 BKE_modifier_set_error: Object: "rear cuirass row 3 bevelled lamellar plate 08", Modifier: "weighted normals", Enable 'Auto Smooth' in Object Data Properties
ERROR (bke.modifier): ./source/blender/blenkernel/intern/modifier.cc:458 BKE_modifier_set_error: Object: "front cuirass row 4 bevelled lamellar plate 01", Modifier: "weighted normals", Enable 'Auto Smooth' in Object Data Properties
ERROR (bke.modifier): ./source/blender/blenkernel/intern/modifier.cc:458 BKE_modifier_set_error: Object: "front cuirass row 4 bevelled lamellar plate 02", Modifier: "weighted normals", Enable 'Auto Smooth' in Object Data Properties
ERROR (bke.modifier): ./source/blender/blenkernel/intern/modifier.cc:458 BKE_modifier_set_error: Object: "front cuirass row 4 bevelled lamellar plate 03", Modifier: "weighted normals", Enable 'Auto Smooth' in Object Data Properties
ERROR (bke.modifier): ./source/blender/blenkernel/intern/modifier.cc:458 BKE_modifier_set_error: Object: "front cuirass row 4 bevelled lamellar plate 04", Modifier: "weighted normals", Enable 'Auto Smooth' in Object Data Properties
ERROR (bke.modifier): ./source/blender/blenkernel/intern/modifier.cc:458 BKE_modifier_set_error: Object: "front cuirass row 4 bevelled lamellar plate 05", Modifier: "weighted normals", Enable 'Auto Smooth' in Object Data Properties
ERROR (bke.modifier): ./source/blender/blenkernel/intern/modifier.cc:458 BKE_modifier_set_error: Object: "front cuirass row 4 bevelled lamellar plate 06", Modifier: "weighted normals", Enable 'Auto Smooth' in Object Data Properties
ERROR (bke.modifier): ./source/blender/blenkernel/intern/modifier.cc:458 BKE_modifier_set_error: Object: "front cuirass row 4 bevelled lamellar plate 07", Modifier: "weighted normals", Enable 'Auto Smooth' in Object Data Properties
ERROR (bke.modifier): ./source/blender/blenkernel/intern/modifier.cc:458 BKE_modifier_set_error: Object: "front cuirass row 4 bevelled lamellar plate 08", Modifier: "weighted normals", Enable 'Auto Smooth' in Object Data Properties
ERROR (bke.modifier): ./source/blender/blenkernel/intern/modifier.cc:458 BKE_modifier_set_error: Object: "rear cuirass row 4 bevelled lamellar plate 01", Modifier: "weighted normals", Enable 'Auto Smooth' in Object Data Properties
ERROR (bke.modifier): ./source/blender/blenkernel/intern/modifier.cc:458 BKE_modifier_set_error: Object: "rear cuirass row 4 bevelled lamellar plate 02", Modifier: "weighted normals", Enable 'Auto Smooth' in Object Data Properties
ERROR (bke.modifier): ./source/blender/blenkernel/intern/modifier.cc:458 BKE_modifier_set_error: Object: "rear cuirass row 4 bevelled lamellar plate 03", Modifier: "weighted normals", Enable 'Auto Smooth' in Object Data Properties
ERROR (bke.modifier): ./source/blender/blenkernel/intern/modifier.cc:458 BKE_modifier_set_error: Object: "rear cuirass row 4 bevelled lamellar plate 04", Modifier: "weighted normals", Enable 'Auto Smooth' in Object Data Properties
ERROR (bke.modifier): ./source/blender/blenkernel/intern/modifier.cc:458 BKE_modifier_set_error: Object: "rear cuirass row 4 bevelled lamellar plate 05", Modifier: "weighted normals", Enable 'Auto Smooth' in Object Data Properties
ERROR (bke.modifier): ./source/blender/blenkernel/intern/modifier.cc:458 BKE_modifier_set_error: Object: "rear cuirass row 4 bevelled lamellar plate 06", Modifier: "weighted normals", Enable 'Auto Smooth' in Object Data Properties
ERROR (bke.modifier): ./source/blender/blenkernel/intern/modifier.cc:458 BKE_modifier_set_error: Object: "rear cuirass row 4 bevelled lamellar plate 07", Modifier: "weighted normals", Enable 'Auto Smooth' in Object Data Properties
ERROR (bke.modifier): ./source/blender/blenkernel/intern/modifier.cc:458 BKE_modifier_set_error: Object: "rear cuirass row 4 bevelled lamellar plate 08", Modifier: "weighted normals", Enable 'Auto Smooth' in Object Data Properties
ERROR (bke.modifier): ./source/blender/blenkernel/intern/modifier.cc:458 BKE_modifier_set_error: Object: "front cuirass row 5 bevelled lamellar plate 01", Modifier: "weighted normals", Enable 'Auto Smooth' in Object Data Properties
ERROR (bke.modifier): ./source/blender/blenkernel/intern/modifier.cc:458 BKE_modifier_set_error: Object: "front cuirass row 5 bevelled lamellar plate 02", Modifier: "weighted normals", Enable 'Auto Smooth' in Object Data Properties
ERROR (bke.modifier): ./source/blender/blenkernel/intern/modifier.cc:458 BKE_modifier_set_error: Object: "front cuirass row 5 bevelled lamellar plate 03", Modifier: "weighted normals", Enable 'Auto Smooth' in Object Data Properties
ERROR (bke.modifier): ./source/blender/blenkernel/intern/modifier.cc:458 BKE_modifier_set_error: Object: "front cuirass row 5 bevelled lamellar plate 04", Modifier: "weighted normals", Enable 'Auto Smooth' in Object Data Properties
ERROR (bke.modifier): ./source/blender/blenkernel/intern/modifier.cc:458 BKE_modifier_set_error: Object: "front cuirass row 5 bevelled lamellar plate 05", Modifier: "weighted normals", Enable 'Auto Smooth' in Object Data Properties
ERROR (bke.modifier): ./source/blender/blenkernel/intern/modifier.cc:458 BKE_modifier_set_error: Object: "front cuirass row 5 bevelled lamellar plate 06", Modifier: "weighted normals", Enable 'Auto Smooth' in Object Data Properties
ERROR (bke.modifier): ./source/blender/blenkernel/intern/modifier.cc:458 BKE_modifier_set_error: Object: "front cuirass row 5 bevelled lamellar plate 07", Modifier: "weighted normals", Enable 'Auto Smooth' in Object Data Properties
ERROR (bke.modifier): ./source/blender/blenkernel/intern/modifier.cc:458 BKE_modifier_set_error: Object: "front cuirass row 5 bevelled lamellar plate 08", Modifier: "weighted normals", Enable 'Auto Smooth' in Object Data Properties
ERROR (bke.modifier): ./source/blender/blenkernel/intern/modifier.cc:458 BKE_modifier_set_error: Object: "rear cuirass row 5 bevelled lamellar plate 01", Modifier: "weighted normals", Enable 'Auto Smooth' in Object Data Properties
ERROR (bke.modifier): ./source/blender/blenkernel/intern/modifier.cc:458 BKE_modifier_set_error: Object: "rear cuirass row 5 bevelled lamellar plate 02", Modifier: "weighted normals", Enable 'Auto Smooth' in Object Data Properties
ERROR (bke.modifier): ./source/blender/blenkernel/intern/modifier.cc:458 BKE_modifier_set_error: Object: "rear cuirass row 5 bevelled lamellar plate 03", Modifier: "weighted normals", Enable 'Auto Smooth' in Object Data Properties
ERROR (bke.modifier): ./source/blender/blenkernel/intern/modifier.cc:458 BKE_modifier_set_error: Object: "rear cuirass row 5 bevelled lamellar plate 04", Modifier: "weighted normals", Enable 'Auto Smooth' in Object Data Properties
ERROR (bke.modifier): ./source/blender/blenkernel/intern/modifier.cc:458 BKE_modifier_set_error: Object: "rear cuirass row 5 bevelled lamellar plate 05", Modifier: "weighted normals", Enable 'Auto Smooth' in Object Data Properties
ERROR (bke.modifier): ./source/blender/blenkernel/intern/modifier.cc:458 BKE_modifier_set_error: Object: "rear cuirass row 5 bevelled lamellar plate 06", Modifier: "weighted normals", Enable 'Auto Smooth' in Object Data Properties
ERROR (bke.modifier): ./source/blender/blenkernel/intern/modifier.cc:458 BKE_modifier_set_error: Object: "rear cuirass row 5 bevelled lamellar plate 07", Modifier: "weighted normals", Enable 'Auto Smooth' in Object Data Properties
ERROR (bke.modifier): ./source/blender/blenkernel/intern/modifier.cc:458 BKE_modifier_set_error: Object: "rear cuirass row 5 bevelled lamellar plate 08", Modifier: "weighted normals", Enable 'Auto Smooth' in Object Data Properties
ERROR (bke.modifier): ./source/blender/blenkernel/intern/modifier.cc:458 BKE_modifier_set_error: Object: "left side cuirass plate 1", Modifier: "weighted normals", Enable 'Auto Smooth' in Object Data Properties
ERROR (bke.modifier): ./source/blender/blenkernel/intern/modifier.cc:458 BKE_modifier_set_error: Object: "left side cuirass plate 2", Modifier: "weighted normals", Enable 'Auto Smooth' in Object Data Properties
ERROR (bke.modifier): ./source/blender/blenkernel/intern/modifier.cc:458 BKE_modifier_set_error: Object: "left side cuirass plate 3", Modifier: "weighted normals", Enable 'Auto Smooth' in Object Data Properties
ERROR (bke.modifier): ./source/blender/blenkernel/intern/modifier.cc:458 BKE_modifier_set_error: Object: "right side cuirass plate 1", Modifier: "weighted normals", Enable 'Auto Smooth' in Object Data Properties
ERROR (bke.modifier): ./source/blender/blenkernel/intern/modifier.cc:458 BKE_modifier_set_error: Object: "right side cuirass plate 2", Modifier: "weighted normals", Enable 'Auto Smooth' in Object Data Properties
ERROR (bke.modifier): ./source/blender/blenkernel/intern/modifier.cc:458 BKE_modifier_set_error: Object: "right side cuirass plate 3", Modifier: "weighted normals", Enable 'Auto Smooth' in Object Data Properties
ERROR (bke.modifier): ./source/blender/blenkernel/intern/modifier.cc:458 BKE_modifier_set_error: Object: "left shoulder undercloth", Modifier: "weighted normals", Enable 'Auto Smooth' in Object Data Properties
ERROR (bke.modifier): ./source/blender/blenkernel/intern/modifier.cc:458 BKE_modifier_set_error: Object: "left hanging sode shoulder plate 1", Modifier: "weighted normals", Enable 'Auto Smooth' in Object Data Properties
ERROR (bke.modifier): ./source/blender/blenkernel/intern/modifier.cc:458 BKE_modifier_set_error: Object: "left hanging sode shoulder plate 2", Modifier: "weighted normals", Enable 'Auto Smooth' in Object Data Properties
ERROR (bke.modifier): ./source/blender/blenkernel/intern/modifier.cc:458 BKE_modifier_set_error: Object: "left hanging sode shoulder plate 3", Modifier: "weighted normals", Enable 'Auto Smooth' in Object Data Properties
ERROR (bke.modifier): ./source/blender/blenkernel/intern/modifier.cc:458 BKE_modifier_set_error: Object: "left hanging sode shoulder plate 4", Modifier: "weighted normals", Enable 'Auto Smooth' in Object Data Properties
ERROR (bke.modifier): ./source/blender/blenkernel/intern/modifier.cc:458 BKE_modifier_set_error: Object: "left armored upper arm", Modifier: "weighted normals", Enable 'Auto Smooth' in Object Data Properties
ERROR (bke.modifier): ./source/blender/blenkernel/intern/modifier.cc:458 BKE_modifier_set_error: Object: "left sode shoulder armor", Modifier: "weighted normals", Enable 'Auto Smooth' in Object Data Properties
ERROR (bke.modifier): ./source/blender/blenkernel/intern/modifier.cc:458 BKE_modifier_set_error: Object: "left kote forearm guard", Modifier: "weighted normals", Enable 'Auto Smooth' in Object Data Properties
ERROR (bke.modifier): ./source/blender/blenkernel/intern/modifier.cc:458 BKE_modifier_set_error: Object: "left leather palm volume", Modifier: "weighted normals", Enable 'Auto Smooth' in Object Data Properties
ERROR (bke.modifier): ./source/blender/blenkernel/intern/modifier.cc:458 BKE_modifier_set_error: Object: "left index fingertip", Modifier: "weighted normals", Enable 'Auto Smooth' in Object Data Properties
ERROR (bke.modifier): ./source/blender/blenkernel/intern/modifier.cc:458 BKE_modifier_set_error: Object: "left middle fingertip", Modifier: "weighted normals", Enable 'Auto Smooth' in Object Data Properties
ERROR (bke.modifier): ./source/blender/blenkernel/intern/modifier.cc:458 BKE_modifier_set_error: Object: "left ring fingertip", Modifier: "weighted normals", Enable 'Auto Smooth' in Object Data Properties
ERROR (bke.modifier): ./source/blender/blenkernel/intern/modifier.cc:458 BKE_modifier_set_error: Object: "left pinky fingertip", Modifier: "weighted normals", Enable 'Auto Smooth' in Object Data Properties
ERROR (bke.modifier): ./source/blender/blenkernel/intern/modifier.cc:458 BKE_modifier_set_error: Object: "left thumb fingertip", Modifier: "weighted normals", Enable 'Auto Smooth' in Object Data Properties
ERROR (bke.modifier): ./source/blender/blenkernel/intern/modifier.cc:458 BKE_modifier_set_error: Object: "right shoulder undercloth", Modifier: "weighted normals", Enable 'Auto Smooth' in Object Data Properties
ERROR (bke.modifier): ./source/blender/blenkernel/intern/modifier.cc:458 BKE_modifier_set_error: Object: "right hanging sode shoulder plate 1", Modifier: "weighted normals", Enable 'Auto Smooth' in Object Data Properties
ERROR (bke.modifier): ./source/blender/blenkernel/intern/modifier.cc:458 BKE_modifier_set_error: Object: "right hanging sode shoulder plate 2", Modifier: "weighted normals", Enable 'Auto Smooth' in Object Data Properties
ERROR (bke.modifier): ./source/blender/blenkernel/intern/modifier.cc:458 BKE_modifier_set_error: Object: "right hanging sode shoulder plate 3", Modifier: "weighted normals", Enable 'Auto Smooth' in Object Data Properties
ERROR (bke.modifier): ./source/blender/blenkernel/intern/modifier.cc:458 BKE_modifier_set_error: Object: "right hanging sode shoulder plate 4", Modifier: "weighted normals", Enable 'Auto Smooth' in Object Data Properties
ERROR (bke.modifier): ./source/blender/blenkernel/intern/modifier.cc:458 BKE_modifier_set_error: Object: "right armored upper arm", Modifier: "weighted normals", Enable 'Auto Smooth' in Object Data Properties
ERROR (bke.modifier): ./source/blender/blenkernel/intern/modifier.cc:458 BKE_modifier_set_error: Object: "right sode shoulder armor", Modifier: "weighted normals", Enable 'Auto Smooth' in Object Data Properties
ERROR (bke.modifier): ./source/blender/blenkernel/intern/modifier.cc:458 BKE_modifier_set_error: Object: "right kote forearm guard", Modifier: "weighted normals", Enable 'Auto Smooth' in Object Data Properties
ERROR (bke.modifier): ./source/blender/blenkernel/intern/modifier.cc:458 BKE_modifier_set_error: Object: "right leather palm volume", Modifier: "weighted normals", Enable 'Auto Smooth' in Object Data Properties
ERROR (bke.modifier): ./source/blender/blenkernel/intern/modifier.cc:458 BKE_modifier_set_error: Object: "right index fingertip", Modifier: "weighted normals", Enable 'Auto Smooth' in Object Data Properties
ERROR (bke.modifier): ./source/blender/blenkernel/intern/modifier.cc:458 BKE_modifier_set_error: Object: "right middle fingertip", Modifier: "weighted normals", Enable 'Auto Smooth' in Object Data Properties
ERROR (bke.modifier): ./source/blender/blenkernel/intern/modifier.cc:458 BKE_modifier_set_error: Object: "right ring fingertip", Modifier: "weighted normals", Enable 'Auto Smooth' in Object Data Properties
ERROR (bke.modifier): ./source/blender/blenkernel/intern/modifier.cc:458 BKE_modifier_set_error: Object: "right pinky fingertip", Modifier: "weighted normals", Enable 'Auto Smooth' in Object Data Properties
ERROR (bke.modifier): ./source/blender/blenkernel/intern/modifier.cc:458 BKE_modifier_set_error: Object: "right thumb fingertip", Modifier: "weighted normals", Enable 'Auto Smooth' in Object Data Properties
ERROR (bke.modifier): ./source/blender/blenkernel/intern/modifier.cc:458 BKE_modifier_set_error: Object: "kusazuri skirt plate -1 row 1", Modifier: "weighted normals", Enable 'Auto Smooth' in Object Data Properties
ERROR (bke.modifier): ./source/blender/blenkernel/intern/modifier.cc:458 BKE_modifier_set_error: Object: "rear kusazuri skirt plate -1 row 1", Modifier: "weighted normals", Enable 'Auto Smooth' in Object Data Properties
ERROR (bke.modifier): ./source/blender/blenkernel/intern/modifier.cc:458 BKE_modifier_set_error: Object: "kusazuri skirt plate -1 row 2", Modifier: "weighted normals", Enable 'Auto Smooth' in Object Data Properties
ERROR (bke.modifier): ./source/blender/blenkernel/intern/modifier.cc:458 BKE_modifier_set_error: Object: "rear kusazuri skirt plate -1 row 2", Modifier: "weighted normals", Enable 'Auto Smooth' in Object Data Properties
ERROR (bke.modifier): ./source/blender/blenkernel/intern/modifier.cc:458 BKE_modifier_set_error: Object: "kusazuri skirt plate -1 row 3", Modifier: "weighted normals", Enable 'Auto Smooth' in Object Data Properties
ERROR (bke.modifier): ./source/blender/blenkernel/intern/modifier.cc:458 BKE_modifier_set_error: Object: "rear kusazuri skirt plate -1 row 3", Modifier: "weighted normals", Enable 'Auto Smooth' in Object Data Properties
ERROR (bke.modifier): ./source/blender/blenkernel/intern/modifier.cc:458 BKE_modifier_set_error: Object: "kusazuri skirt plate +0 row 1", Modifier: "weighted normals", Enable 'Auto Smooth' in Object Data Properties
ERROR (bke.modifier): ./source/blender/blenkernel/intern/modifier.cc:458 BKE_modifier_set_error: Object: "rear kusazuri skirt plate +0 row 1", Modifier: "weighted normals", Enable 'Auto Smooth' in Object Data Properties
ERROR (bke.modifier): ./source/blender/blenkernel/intern/modifier.cc:458 BKE_modifier_set_error: Object: "kusazuri skirt plate +0 row 2", Modifier: "weighted normals", Enable 'Auto Smooth' in Object Data Properties
ERROR (bke.modifier): ./source/blender/blenkernel/intern/modifier.cc:458 BKE_modifier_set_error: Object: "rear kusazuri skirt plate +0 row 2", Modifier: "weighted normals", Enable 'Auto Smooth' in Object Data Properties
ERROR (bke.modifier): ./source/blender/blenkernel/intern/modifier.cc:458 BKE_modifier_set_error: Object: "kusazuri skirt plate +0 row 3", Modifier: "weighted normals", Enable 'Auto Smooth' in Object Data Properties
ERROR (bke.modifier): ./source/blender/blenkernel/intern/modifier.cc:458 BKE_modifier_set_error: Object: "rear kusazuri skirt plate +0 row 3", Modifier: "weighted normals", Enable 'Auto Smooth' in Object Data Properties
ERROR (bke.modifier): ./source/blender/blenkernel/intern/modifier.cc:458 BKE_modifier_set_error: Object: "kusazuri skirt plate +1 row 1", Modifier: "weighted normals", Enable 'Auto Smooth' in Object Data Properties
ERROR (bke.modifier): ./source/blender/blenkernel/intern/modifier.cc:458 BKE_modifier_set_error: Object: "rear kusazuri skirt plate +1 row 1", Modifier: "weighted normals", Enable 'Auto Smooth' in Object Data Properties
ERROR (bke.modifier): ./source/blender/blenkernel/intern/modifier.cc:458 BKE_modifier_set_error: Object: "kusazuri skirt plate +1 row 2", Modifier: "weighted normals", Enable 'Auto Smooth' in Object Data Properties
ERROR (bke.modifier): ./source/blender/blenkernel/intern/modifier.cc:458 BKE_modifier_set_error: Object: "rear kusazuri skirt plate +1 row 2", Modifier: "weighted normals", Enable 'Auto Smooth' in Object Data Properties
ERROR (bke.modifier): ./source/blender/blenkernel/intern/modifier.cc:458 BKE_modifier_set_error: Object: "kusazuri skirt plate +1 row 3", Modifier: "weighted normals", Enable 'Auto Smooth' in Object Data Properties
ERROR (bke.modifier): ./source/blender/blenkernel/intern/modifier.cc:458 BKE_modifier_set_error: Object: "rear kusazuri skirt plate +1 row 3", Modifier: "weighted normals", Enable 'Auto Smooth' in Object Data Properties
ERROR (bke.modifier): ./source/blender/blenkernel/intern/modifier.cc:458 BKE_modifier_set_error: Object: "left hakama trouser leg", Modifier: "weighted normals", Enable 'Auto Smooth' in Object Data Properties
ERROR (bke.modifier): ./source/blender/blenkernel/intern/modifier.cc:458 BKE_modifier_set_error: Object: "left shin greave", Modifier: "weighted normals", Enable 'Auto Smooth' in Object Data Properties
ERROR (bke.modifier): ./source/blender/blenkernel/intern/modifier.cc:458 BKE_modifier_set_error: Object: "left split-toe tabi foot volume", Modifier: "weighted normals", Enable 'Auto Smooth' in Object Data Properties
ERROR (bke.modifier): ./source/blender/blenkernel/intern/modifier.cc:458 BKE_modifier_set_error: Object: "left separated big toe", Modifier: "weighted normals", Enable 'Auto Smooth' in Object Data Properties
ERROR (bke.modifier): ./source/blender/blenkernel/intern/modifier.cc:458 BKE_modifier_set_error: Object: "left outer toe group", Modifier: "weighted normals", Enable 'Auto Smooth' in Object Data Properties
ERROR (bke.modifier): ./source/blender/blenkernel/intern/modifier.cc:458 BKE_modifier_set_error: Object: "left woven waraji sole grounded", Modifier: "weighted normals", Enable 'Auto Smooth' in Object Data Properties
ERROR (bke.modifier): ./source/blender/blenkernel/intern/modifier.cc:458 BKE_modifier_set_error: Object: "right hakama trouser leg", Modifier: "weighted normals", Enable 'Auto Smooth' in Object Data Properties
ERROR (bke.modifier): ./source/blender/blenkernel/intern/modifier.cc:458 BKE_modifier_set_error: Object: "right shin greave", Modifier: "weighted normals", Enable 'Auto Smooth' in Object Data Properties
ERROR (bke.modifier): ./source/blender/blenkernel/intern/modifier.cc:458 BKE_modifier_set_error: Object: "right split-toe tabi foot volume", Modifier: "weighted normals", Enable 'Auto Smooth' in Object Data Properties
ERROR (bke.modifier): ./source/blender/blenkernel/intern/modifier.cc:458 BKE_modifier_set_error: Object: "right separated big toe", Modifier: "weighted normals", Enable 'Auto Smooth' in Object Data Properties
ERROR (bke.modifier): ./source/blender/blenkernel/intern/modifier.cc:458 BKE_modifier_set_error: Object: "right outer toe group", Modifier: "weighted normals", Enable 'Auto Smooth' in Object Data Properties
ERROR (bke.modifier): ./source/blender/blenkernel/intern/modifier.cc:458 BKE_modifier_set_error: Object: "right woven waraji sole grounded", Modifier: "weighted normals", Enable 'Auto Smooth' in Object Data Properties
ERROR (bke.modifier): ./source/blender/blenkernel/intern/modifier.cc:458 BKE_modifier_set_error: Object: "wrapped katana grip", Modifier: "weighted normals", Enable 'Auto Smooth' in Object Data Properties
ERROR (bke.modifier): ./source/blender/blenkernel/intern/modifier.cc:458 BKE_modifier_set_error: Object: "square tsuba guard", Modifier: "weighted normals", Enable 'Auto Smooth' in Object Data Properties
ERROR (bke.modifier): ./source/blender/blenkernel/intern/modifier.cc:458 BKE_modifier_set_error: Object: "small lacquered sashimono crossbar", Modifier: "weighted normals", Enable 'Auto Smooth' in Object Data Properties
ERROR (bke.modifier): ./source/blender/blenkernel/intern/modifier.cc:458 BKE_modifier_set_error: Object: "cloth sashimono banner panel", Modifier: "weighted normals", Enable 'Auto Smooth' in Object Data Properties
ERROR (bke.modifier): ./source/blender/blenkernel/intern/modifier.cc:458 BKE_modifier_set_error: Object: "simple round clan mon on banner", Modifier: "weighted normals", Enable 'Auto Smooth' in Object Data Properties
Blender 3.4.1
Info: Total files 0 | Changed 0 | Failed 0
Info: Saved "samurai_character_source.blend"
03:09:00 | ERROR: Draco mesh compression is not available because library could not be found at /usr/bin/3.4/python/lib/python3.11/site-packages/libextern_draco.so
03:09:00 | INFO: Starting glTF 2.0 export
03:09:00 | INFO: Extracting primitive: Cube.001
03:09:00 | INFO: Primitives created: 1
03:09:00 | INFO: Extracting primitive: Sphere
03:09:00 | INFO: Primitives created: 1
03:09:00 | INFO: Extracting primitive: Sphere.001
03:09:00 | INFO: Primitives created: 1
03:09:00 | INFO: Extracting primitive: Sphere.002
03:09:00 | INFO: Primitives created: 1
03:09:00 | INFO: Extracting primitive: Cylinder
03:09:00 | INFO: Primitives created: 1
03:09:00 | INFO: Extracting primitive: Cylinder.001
03:09:00 | INFO: Primitives created: 1
03:09:00 | INFO: Extracting primitive: Sphere.003
03:09:00 | INFO: Primitives created: 1
03:09:00 | INFO: Extracting primitive: Cone
03:09:00 | INFO: Primitives created: 1
03:09:00 | INFO: Extracting primitive: Cone.001
03:09:00 | INFO: Primitives created: 1
03:09:00 | INFO: Extracting primitive: Cube.002
03:09:00 | INFO: Primitives created: 1
03:09:00 | INFO: Extracting primitive: Cube.003
03:09:00 | INFO: Primitives created: 1
03:09:00 | INFO: Extracting primitive: golden maedate crescent crest
03:09:00 | INFO: Primitives created: 1
03:09:00 | INFO: Extracting primitive: Cylinder.002
03:09:00 | INFO: Primitives created: 1
03:09:00 | INFO: Extracting primitive: Cube.004
03:09:00 | INFO: Primitives created: 1
03:09:00 | INFO: Extracting primitive: Cube.005
03:09:00 | INFO: Primitives created: 1
03:09:00 | INFO: Extracting primitive: Cube.006
03:09:00 | INFO: Primitives created: 1
03:09:00 | INFO: Extracting primitive: Cube.007
03:09:00 | INFO: Primitives created: 1
03:09:00 | INFO: Extracting primitive: Cube.008
03:09:00 | INFO: Primitives created: 1
03:09:00 | INFO: Extracting primitive: Cube.009
03:09:00 | INFO: Primitives created: 1
03:09:00 | INFO: Extracting primitive: Cube.010
03:09:00 | INFO: Primitives created: 1
03:09:00 | INFO: Extracting primitive: left mask moustache bristle
03:09:00 | INFO: Primitives created: 1
03:09:00 | INFO: Extracting primitive: right mask moustache bristle
03:09:00 | INFO: Primitives created: 1
03:09:00 | INFO: Extracting primitive: Cube.011
03:09:00 | INFO: Primitives created: 1
03:09:00 | INFO: Extracting primitive: Cube.012
03:09:00 | INFO: Primitives created: 1
03:09:00 | INFO: Extracting primitive: Cube.013
03:09:00 | INFO: Primitives created: 1
03:09:00 | INFO: Extracting primitive: Cube.014
03:09:00 | INFO: Primitives created: 1
03:09:00 | INFO: Extracting primitive: Cube.015
03:09:00 | INFO: Primitives created: 1
03:09:00 | INFO: Extracting primitive: Cube.016
03:09:00 | INFO: Primitives created: 1
03:09:00 | INFO: Extracting primitive: Cube.017
03:09:00 | INFO: Primitives created: 1
03:09:00 | INFO: Extracting primitive: Cube.018
03:09:00 | INFO: Primitives created: 1
03:09:00 | INFO: Extracting primitive: Cube.019
03:09:00 | INFO: Primitives created: 1
03:09:00 | INFO: Extracting primitive: Cube.020
03:09:00 | INFO: Primitives created: 1
03:09:00 | INFO: Extracting primitive: Cube.021
03:09:00 | INFO: Primitives created: 1
03:09:00 | INFO: Extracting primitive: Cube.022
03:09:00 | INFO: Primitives created: 1
03:09:00 | INFO: Extracting primitive: Cube.023
03:09:00 | INFO: Primitives created: 1
03:09:00 | INFO: Extracting primitive: Cube.024
03:09:00 | INFO: Primitives created: 1
03:09:00 | INFO: Extracting primitive: Cube.025
03:09:00 | INFO: Primitives created: 1
03:09:00 | INFO: Extracting primitive: Sphere.004
03:09:00 | INFO: Primitives created: 1
03:09:00 | INFO: Extracting primitive: Sphere.005
03:09:00 | INFO: Primitives created: 1
03:09:00 | INFO: Extracting primitive: Cube.026
03:09:00 | INFO: Primitives created: 1
03:09:00 | INFO: Extracting primitive: Cube.027
03:09:00 | INFO: Primitives created: 1
03:09:00 | INFO: Extracting primitive: Cube.028
03:09:00 | INFO: Primitives created: 1
03:09:00 | INFO: Extracting primitive: Cube.029
03:09:00 | INFO: Primitives created: 1
03:09:00 | INFO: Extracting primitive: Cube.030
03:09:00 | INFO: Primitives created: 1
03:09:00 | INFO: Extracting primitive: Cube.031
03:09:00 | INFO: Primitives created: 1
03:09:00 | INFO: Extracting primitive: Cube.032
03:09:00 | INFO: Primitives created: 1
03:09:00 | INFO: Extracting primitive: Cube.033
03:09:00 | INFO: Primitives created: 1
03:09:00 | INFO: Extracting primitive: Cube.034
03:09:00 | INFO: Primitives created: 1
03:09:00 | INFO: Extracting primitive: Cube.035
03:09:00 | INFO: Primitives created: 1
03:09:00 | INFO: Extracting primitive: Cube.036
03:09:00 | INFO: Primitives created: 1
03:09:00 | INFO: Extracting primitive: Cube.037
03:09:00 | INFO: Primitives created: 1
03:09:00 | INFO: Extracting primitive: Cube.038
03:09:00 | INFO: Primitives created: 1
03:09:00 | INFO: Extracting primitive: Cube.039
03:09:00 | INFO: Primitives created: 1
03:09:00 | INFO: Extracting primitive: Cube.040
03:09:00 | INFO: Primitives created: 1
03:09:00 | INFO: Extracting primitive: Cube.041
03:09:00 | INFO: Primitives created: 1
03:09:00 | INFO: Extracting primitive: Cube.042
03:09:00 | INFO: Primitives created: 1
03:09:00 | INFO: Extracting primitive: Cube.043
03:09:00 | INFO: Primitives created: 1
03:09:00 | INFO: Extracting primitive: Cube.044
03:09:00 | INFO: Primitives created: 1
03:09:00 | INFO: Extracting primitive: Cube.045
03:09:00 | INFO: Primitives created: 1
03:09:00 | INFO: Extracting primitive: Cube.046
03:09:00 | INFO: Primitives created: 1
03:09:00 | INFO: Extracting primitive: Cube.047
03:09:00 | INFO: Primitives created: 1
03:09:00 | INFO: Extracting primitive: Cube.048
03:09:00 | INFO: Primitives created: 1
03:09:00 | INFO: Extracting primitive: Cube.049
03:09:00 | INFO: Primitives created: 1
03:09:00 | INFO: Extracting primitive: Cube.050
03:09:00 | INFO: Primitives created: 1
03:09:00 | INFO: Extracting primitive: Cube.051
03:09:00 | INFO: Primitives created: 1
03:09:00 | INFO: Extracting primitive: Cube.052
03:09:00 | INFO: Primitives created: 1
03:09:00 | INFO: Extracting primitive: Cube.053
03:09:00 | INFO: Primitives created: 1
03:09:00 | INFO: Extracting primitive: Cube.054
03:09:00 | INFO: Primitives created: 1
03:09:00 | INFO: Extracting primitive: Cube.055
03:09:00 | INFO: Primitives created: 1
03:09:00 | INFO: Extracting primitive: Cube.056
03:09:00 | INFO: Primitives created: 1
03:09:00 | INFO: Extracting primitive: Cube.057
03:09:00 | INFO: Primitives created: 1
03:09:00 | INFO: Extracting primitive: Cube.058
03:09:00 | INFO: Primitives created: 1
03:09:00 | INFO: Extracting primitive: Cube.059
03:09:00 | INFO: Primitives created: 1
03:09:00 | INFO: Extracting primitive: Cube.060
03:09:00 | INFO: Primitives created: 1
03:09:00 | INFO: Extracting primitive: Cube.061
03:09:00 | INFO: Primitives created: 1
03:09:00 | INFO: Extracting primitive: Cube.062
03:09:00 | INFO: Primitives created: 1
03:09:00 | INFO: Extracting primitive: Cube.063
03:09:00 | INFO: Primitives created: 1
03:09:00 | INFO: Extracting primitive: Cube.064
03:09:00 | INFO: Primitives created: 1
03:09:00 | INFO: Extracting primitive: Cube.065
03:09:00 | INFO: Primitives created: 1
03:09:00 | INFO: Extracting primitive: Cube.066
03:09:00 | INFO: Primitives created: 1
03:09:00 | INFO: Extracting primitive: Cube.067
03:09:00 | INFO: Primitives created: 1
03:09:00 | INFO: Extracting primitive: Cube.068
03:09:00 | INFO: Primitives created: 1
03:09:00 | INFO: Extracting primitive: Cube.069
03:09:00 | INFO: Primitives created: 1
03:09:00 | INFO: Extracting primitive: Cube.070
03:09:00 | INFO: Primitives created: 1
03:09:00 | INFO: Extracting primitive: Cube.071
03:09:00 | INFO: Primitives created: 1
03:09:00 | INFO: Extracting primitive: Cube.072
03:09:00 | INFO: Primitives created: 1
03:09:00 | INFO: Extracting primitive: Cube.073
03:09:00 | INFO: Primitives created: 1
03:09:00 | INFO: Extracting primitive: Cube.074
03:09:00 | INFO: Primitives created: 1
03:09:00 | INFO: Extracting primitive: Cube.075
03:09:00 | INFO: Primitives created: 1
03:09:00 | INFO: Extracting primitive: Cube.076
03:09:00 | INFO: Primitives created: 1
03:09:00 | INFO: Extracting primitive: Cube.077
03:09:00 | INFO: Primitives created: 1
03:09:00 | INFO: Extracting primitive: Cube.078
03:09:00 | INFO: Primitives created: 1
03:09:00 | INFO: Extracting primitive: Cube.079
03:09:00 | INFO: Primitives created: 1
03:09:00 | INFO: Extracting primitive: Cube.080
03:09:00 | INFO: Primitives created: 1
03:09:00 | INFO: Extracting primitive: Cube.081
03:09:00 | INFO: Primitives created: 1
03:09:00 | INFO: Extracting primitive: Cube.082
03:09:00 | INFO: Primitives created: 1
03:09:00 | INFO: Extracting primitive: Cube.083
03:09:00 | INFO: Primitives created: 1
03:09:00 | INFO: Extracting primitive: Cube.084
03:09:00 | INFO: Primitives created: 1
03:09:00 | INFO: Extracting primitive: Cube.085
03:09:00 | INFO: Primitives created: 1
03:09:00 | INFO: Extracting primitive: Cube.086
03:09:00 | INFO: Primitives created: 1
03:09:00 | INFO: Extracting primitive: Cube.087
03:09:00 | INFO: Primitives created: 1
03:09:00 | INFO: Extracting primitive: Cube.088
03:09:00 | INFO: Primitives created: 1
03:09:00 | INFO: Extracting primitive: Cube.089
03:09:00 | INFO: Primitives created: 1
03:09:00 | INFO: Extracting primitive: Cube.090
03:09:00 | INFO: Primitives created: 1
03:09:00 | INFO: Extracting primitive: Cube.091
03:09:00 | INFO: Primitives created: 1
03:09:00 | INFO: Extracting primitive: Cube.092
03:09:00 | INFO: Primitives created: 1
03:09:00 | INFO: Extracting primitive: Cube.093
03:09:00 | INFO: Primitives created: 1
03:09:00 | INFO: Extracting primitive: Cube.094
03:09:00 | INFO: Primitives created: 1
03:09:00 | INFO: Extracting primitive: Cube.095
03:09:00 | INFO: Primitives created: 1
03:09:00 | INFO: Extracting primitive: Cube.096
03:09:00 | INFO: Primitives created: 1
03:09:00 | INFO: Extracting primitive: Cube.097
03:09:00 | INFO: Primitives created: 1
03:09:00 | INFO: Extracting primitive: Cube.098
03:09:00 | INFO: Primitives created: 1
03:09:00 | INFO: Extracting primitive: Cube.099
03:09:00 | INFO: Primitives created: 1
03:09:00 | INFO: Extracting primitive: Cube.100
03:09:00 | INFO: Primitives created: 1
03:09:00 | INFO: Extracting primitive: Cube.101
03:09:00 | INFO: Primitives created: 1
03:09:00 | INFO: Extracting primitive: Cube.102
03:09:00 | INFO: Primitives created: 1
03:09:00 | INFO: Extracting primitive: Cube.103
03:09:00 | INFO: Primitives created: 1
03:09:00 | INFO: Extracting primitive: Cube.104
03:09:00 | INFO: Primitives created: 1
03:09:00 | INFO: Extracting primitive: Cube.105
03:09:00 | INFO: Primitives created: 1
03:09:00 | INFO: Extracting primitive: Cube.106
03:09:00 | INFO: Primitives created: 1
03:09:00 | INFO: Extracting primitive: Cube.107
03:09:00 | INFO: Primitives created: 1
03:09:00 | INFO: Extracting primitive: Cube.108
03:09:00 | INFO: Primitives created: 1
03:09:00 | INFO: Extracting primitive: Cube.109
03:09:00 | INFO: Primitives created: 1
03:09:00 | INFO: Extracting primitive: Cube.110
03:09:00 | INFO: Primitives created: 1
03:09:00 | INFO: Extracting primitive: Cube.111
03:09:00 | INFO: Primitives created: 1
03:09:00 | INFO: Extracting primitive: Sphere.006
03:09:00 | INFO: Primitives created: 1
03:09:00 | INFO: Extracting primitive: Cube.112
03:09:00 | INFO: Primitives created: 1
03:09:00 | INFO: Extracting primitive: Cube.113
03:09:00 | INFO: Primitives created: 1
03:09:00 | INFO: Extracting primitive: Cube.114
03:09:00 | INFO: Primitives created: 1
03:09:00 | INFO: Extracting primitive: Cube.115
03:09:00 | INFO: Primitives created: 1
03:09:00 | INFO: Extracting primitive: Sphere.007
03:09:00 | INFO: Primitives created: 1
03:09:00 | INFO: Extracting primitive: Sphere.008
03:09:00 | INFO: Primitives created: 1
03:09:00 | INFO: Extracting primitive: Sphere.009
03:09:00 | INFO: Primitives created: 1
03:09:00 | INFO: Extracting primitive: Sphere.010
03:09:00 | INFO: Primitives created: 1
03:09:00 | INFO: Extracting primitive: left articulated index finger
03:09:00 | INFO: Primitives created: 1
03:09:00 | INFO: Extracting primitive: Sphere.011
03:09:00 | INFO: Primitives created: 1
03:09:00 | INFO: Extracting primitive: left articulated middle finger
03:09:00 | INFO: Primitives created: 1
03:09:00 | INFO: Extracting primitive: Sphere.012
03:09:00 | INFO: Primitives created: 1
03:09:00 | INFO: Extracting primitive: left articulated ring finger
03:09:00 | INFO: Primitives created: 1
03:09:00 | INFO: Extracting primitive: Sphere.013
03:09:00 | INFO: Primitives created: 1
03:09:00 | INFO: Extracting primitive: left articulated pinky finger
03:09:00 | INFO: Primitives created: 1
03:09:00 | INFO: Extracting primitive: Sphere.014
03:09:00 | INFO: Primitives created: 1
03:09:00 | INFO: Extracting primitive: left opposed thumb
03:09:00 | INFO: Primitives created: 1
03:09:00 | INFO: Extracting primitive: Sphere.015
03:09:00 | INFO: Primitives created: 1
03:09:00 | INFO: Extracting primitive: Sphere.016
03:09:00 | INFO: Primitives created: 1
03:09:00 | INFO: Extracting primitive: Cube.116
03:09:00 | INFO: Primitives created: 1
03:09:00 | INFO: Extracting primitive: Cube.117
03:09:00 | INFO: Primitives created: 1
03:09:00 | INFO: Extracting primitive: Cube.118
03:09:00 | INFO: Primitives created: 1
03:09:00 | INFO: Extracting primitive: Cube.119
03:09:00 | INFO: Primitives created: 1
03:09:00 | INFO: Extracting primitive: Sphere.017
03:09:00 | INFO: Primitives created: 1
03:09:00 | INFO: Extracting primitive: Sphere.018
03:09:00 | INFO: Primitives created: 1
03:09:00 | INFO: Extracting primitive: Sphere.019
03:09:00 | INFO: Primitives created: 1
03:09:00 | INFO: Extracting primitive: Sphere.020
03:09:00 | INFO: Primitives created: 1
03:09:00 | INFO: Extracting primitive: right articulated index finger
03:09:00 | INFO: Primitives created: 1
03:09:00 | INFO: Extracting primitive: Sphere.021
03:09:00 | INFO: Primitives created: 1
03:09:00 | INFO: Extracting primitive: right articulated middle finger
03:09:00 | INFO: Primitives created: 1
03:09:00 | INFO: Extracting primitive: Sphere.022
03:09:00 | INFO: Primitives created: 1
03:09:00 | INFO: Extracting primitive: right articulated ring finger
03:09:00 | INFO: Primitives created: 1
03:09:00 | INFO: Extracting primitive: Sphere.023
03:09:00 | INFO: Primitives created: 1
03:09:00 | INFO: Extracting primitive: right articulated pinky finger
03:09:00 | INFO: Primitives created: 1
03:09:00 | INFO: Extracting primitive: Sphere.024
03:09:00 | INFO: Primitives created: 1
03:09:00 | INFO: Extracting primitive: right opposed thumb
03:09:00 | INFO: Primitives created: 1
03:09:00 | INFO: Extracting primitive: Sphere.025
03:09:00 | INFO: Primitives created: 1
03:09:00 | INFO: Extracting primitive: Cube.120
03:09:00 | INFO: Primitives created: 1
03:09:00 | INFO: Extracting primitive: Cube.121
03:09:00 | INFO: Primitives created: 1
03:09:00 | INFO: Extracting primitive: Cube.122
03:09:00 | INFO: Primitives created: 1
03:09:00 | INFO: Extracting primitive: Cube.123
03:09:00 | INFO: Primitives created: 1
03:09:00 | INFO: Extracting primitive: Cube.124
03:09:00 | INFO: Primitives created: 1
03:09:00 | INFO: Extracting primitive: Cube.125
03:09:00 | INFO: Primitives created: 1
03:09:00 | INFO: Extracting primitive: Cube.126
03:09:00 | INFO: Primitives created: 1
03:09:00 | INFO: Extracting primitive: Cube.127
03:09:00 | INFO: Primitives created: 1
03:09:00 | INFO: Extracting primitive: Cube.128
03:09:00 | INFO: Primitives created: 1
03:09:00 | INFO: Extracting primitive: Cube.129
03:09:00 | INFO: Primitives created: 1
03:09:00 | INFO: Extracting primitive: Cube.130
03:09:00 | INFO: Primitives created: 1
03:09:00 | INFO: Extracting primitive: Cube.131
03:09:00 | INFO: Primitives created: 1
03:09:00 | INFO: Extracting primitive: Cube.132
03:09:00 | INFO: Primitives created: 1
03:09:00 | INFO: Extracting primitive: Cube.133
03:09:00 | INFO: Primitives created: 1
03:09:00 | INFO: Extracting primitive: Cube.134
03:09:00 | INFO: Primitives created: 1
03:09:00 | INFO: Extracting primitive: Cube.135
03:09:00 | INFO: Primitives created: 1
03:09:00 | INFO: Extracting primitive: Cube.136
03:09:00 | INFO: Primitives created: 1
03:09:00 | INFO: Extracting primitive: Cube.137
03:09:00 | INFO: Primitives created: 1
ERROR (bke.modifier): ./source/blender/blenkernel/intern/modifier.cc:458 BKE_modifier_set_error: Object: "upper do cuirass fitted shell", Modifier: "weighted normals", Enable 'Auto Smooth' in Object Data Properties
ERROR (bke.modifier): ./source/blender/blenkernel/intern/modifier.cc:458 BKE_modifier_set_error: Object: "lower do cuirass narrowed shell", Modifier: "weighted normals", Enable 'Auto Smooth' in Object Data Properties
ERROR (bke.modifier): ./source/blender/blenkernel/intern/modifier.cc:458 BKE_modifier_set_error: Object: "throat guard row 3 bevelled lamellar plate 02", Modifier: "weighted normals", Enable 'Auto Smooth' in Object Data Properties
ERROR (bke.modifier): ./source/blender/blenkernel/intern/modifier.cc:458 BKE_modifier_set_error: Object: "throat guard row 1 bevelled lamellar plate 05", Modifier: "weighted normals", Enable 'Auto Smooth' in Object Data Properties
ERROR (bke.modifier): ./source/blender/blenkernel/intern/modifier.cc:458 BKE_modifier_set_error: Object: "throat guard row 3 bevelled lamellar plate 03", Modifier: "weighted normals", Enable 'Auto Smooth' in Object Data Properties
ERROR (bke.modifier): ./source/blender/blenkernel/intern/modifier.cc:458 BKE_modifier_set_error: Object: "throat guard row 2 bevelled lamellar plate 04", Modifier: "weighted normals", Enable 'Auto Smooth' in Object Data Properties
ERROR (bke.modifier): ./source/blender/blenkernel/intern/modifier.cc:458 BKE_modifier_set_error: Object: "throat guard row 2 bevelled lamellar plate 02", Modifier: "weighted normals", Enable 'Auto Smooth' in Object Data Properties
ERROR (bke.modifier): ./source/blender/blenkernel/intern/modifier.cc:458 BKE_modifier_set_error: Object: "throat guard row 3 bevelled lamellar plate 01", Modifier: "weighted normals", Enable 'Auto Smooth' in Object Data Properties
ERROR (bke.modifier): ./source/blender/blenkernel/intern/modifier.cc:458 BKE_modifier_set_error: Object: "front cuirass row 1 bevelled lamellar plate 03", Modifier: "weighted normals", Enable 'Auto Smooth' in Object Data Properties
ERROR (bke.modifier): ./source/blender/blenkernel/intern/modifier.cc:458 BKE_modifier_set_error: Object: "throat guard row 2 bevelled lamellar plate 01", Modifier: "weighted normals", Enable 'Auto Smooth' in Object Data Properties
ERROR (bke.modifier): ./source/blender/blenkernel/intern/modifier.cc:458 BKE_modifier_set_error: Object: "throat guard row 3 bevelled lamellar plate 04", Modifier: "weighted normals", Enable 'Auto Smooth' in Object Data Properties
ERROR (bke.modifier): ./source/blender/blenkernel/intern/modifier.cc:458 BKE_modifier_set_error: Object: "front cuirass row 1 bevelled lamellar plate 01", Modifier: "weighted normals", Enable 'Auto Smooth' in Object Data Properties
ERROR (bke.modifier): ./source/blender/blenkernel/intern/modifier.cc:458 BKE_modifier_set_error: Object: "front cuirass row 1 bevelled lamellar plate 02", Modifier: "weighted normals", Enable 'Auto Smooth' in Object Data Properties
ERROR (bke.modifier): ./source/blender/blenkernel/intern/modifier.cc:458 BKE_modifier_set_error: Object: "throat guard row 1 bevelled lamellar plate 04", Modifier: "weighted normals", Enable 'Auto Smooth' in Object Data Properties
ERROR (bke.modifier): ./source/blender/blenkernel/intern/modifier.cc:458 BKE_modifier_set_error: Object: "throat guard row 2 bevelled lamellar plate 03", Modifier: "weighted normals", Enable 'Auto Smooth' in Object Data Properties
ERROR (bke.modifier): ./source/blender/blenkernel/intern/modifier.cc:458 BKE_modifier_set_error: Object: "front cuirass row 1 bevelled lamellar plate 06", Modifier: "weighted normals", Enable 'Auto Smooth' in Object Data Properties
ERROR (bke.modifier): ./source/blender/blenkernel/intern/modifier.cc:458 BKE_modifier_set_error: Object: "throat guard row 3 bevelled lamellar plate 05", Modifier: "weighted normals", Enable 'Auto Smooth' in Object Data Properties
ERROR (bke.modifier): ./source/blender/blenkernel/intern/modifier.cc:458 BKE_modifier_set_error: Object: "throat guard row 2 bevelled lamellar plate 05", Modifier: "weighted normals", Enable 'Auto Smooth' in Object Data Properties
ERROR (bke.modifier): ./source/blender/blenkernel/intern/modifier.cc:458 BKE_modifier_set_error: Object: "front cuirass row 1 bevelled lamellar plate 07", Modifier: "weighted normals", Enable 'Auto Smooth' in Object Data Properties
ERROR (bke.modifier): ./source/blender/blenkernel/intern/modifier.cc:458 BKE_modifier_set_error: Object: "front cuirass row 1 bevelled lamellar plate 05", Modifier: "weighted normals", Enable 'Auto Smooth' in Object Data Properties
ERROR (bke.modifier): ./source/blender/blenkernel/intern/modifier.cc:458 BKE_modifier_set_error: Object: "front cuirass row 1 bevelled lamellar plate 04", Modifier: "weighted normals", Enable 'Auto Smooth' in Object Data Properties
ERROR (bke.modifier): ./source/blender/blenkernel/intern/modifier.cc:458 BKE_modifier_set_error: Object: "rear cuirass row 1 bevelled lamellar plate 03", Modifier: "weighted normals", Enable 'Auto Smooth' in Object Data Properties
ERROR (bke.modifier): ./source/blender/blenkernel/intern/modifier.cc:458 BKE_modifier_set_error: Object: "rear cuirass row 1 bevelled lamellar plate 01", Modifier: "weighted normals", Enable 'Auto Smooth' in Object Data Properties
ERROR (bke.modifier): ./source/blender/blenkernel/intern/modifier.cc:458 BKE_modifier_set_error: Object: "rear cuirass row 1 bevelled lamellar plate 05", Modifier: "weighted normals", Enable 'Auto Smooth' in Object Data Properties
ERROR (bke.modifier): ./source/blender/blenkernel/intern/modifier.cc:458 BKE_modifier_set_error: Object: "rear cuirass row 1 bevelled lamellar plate 06", Modifier: "weighted normals", Enable 'Auto Smooth' in Object Data Properties
ERROR (bke.modifier): ./source/blender/blenkernel/intern/modifier.cc:458 BKE_modifier_set_error: Object: "rear cuirass row 1 bevelled lamellar plate 07", Modifier: "weighted normals", Enable 'Auto Smooth' in Object Data Properties
ERROR (bke.modifier): ./source/blender/blenkernel/intern/modifier.cc:458 BKE_modifier_set_error: Object: "front cuirass row 1 bevelled lamellar plate 08", Modifier: "weighted normals", Enable 'Auto Smooth' in Object Data Properties
ERROR (bke.modifier): ./source/blender/blenkernel/intern/modifier.cc:458 BKE_modifier_set_error: Object: "rear cuirass row 1 bevelled lamellar plate 02", Modifier: "weighted normals", Enable 'Auto Smooth' in Object Data Properties
ERROR (bke.modifier): ./source/blender/blenkernel/intern/modifier.cc:458 BKE_modifier_set_error: Object: "rear cuirass row 1 bevelled lamellar plate 04", Modifier: "weighted normals", Enable 'Auto Smooth' in Object Data Properties
ERROR (bke.modifier): ./source/blender/blenkernel/intern/modifier.cc:458 BKE_modifier_set_error: Object: "front cuirass row 2 bevelled lamellar plate 02", Modifier: "weighted normals", Enable 'Auto Smooth' in Object Data Properties
ERROR (bke.modifier): ./source/blender/blenkernel/intern/modifier.cc:458 BKE_modifier_set_error: Object: "throat guard row 1 bevelled lamellar plate 03", Modifier: "weighted normals", Enable 'Auto Smooth' in Object Data Properties
ERROR (bke.modifier): ./source/blender/blenkernel/intern/modifier.cc:458 BKE_modifier_set_error: Object: "rear cuirass row 1 bevelled lamellar plate 08", Modifier: "weighted normals", Enable 'Auto Smooth' in Object Data Properties
ERROR (bke.modifier): ./source/blender/blenkernel/intern/modifier.cc:458 BKE_modifier_set_error: Object: "front cuirass row 2 bevelled lamellar plate 05", Modifier: "weighted normals", Enable 'Auto Smooth' in Object Data Properties
ERROR (bke.modifier): ./source/blender/blenkernel/intern/modifier.cc:458 BKE_modifier_set_error: Object: "front cuirass row 2 bevelled lamellar plate 06", Modifier: "weighted normals", Enable 'Auto Smooth' in Object Data Properties
ERROR (bke.modifier): ./source/blender/blenkernel/intern/modifier.cc:458 BKE_modifier_set_error: Object: "front cuirass row 2 bevelled lamellar plate 01", Modifier: "weighted normals", Enable 'Auto Smooth' in Object Data Properties
ERROR (bke.modifier): ./source/blender/blenkernel/intern/modifier.cc:458 BKE_modifier_set_error: Object: "front cuirass row 2 bevelled lamellar plate 04", Modifier: "weighted normals", Enable 'Auto Smooth' in Object Data Properties
ERROR (bke.modifier): ./source/blender/blenkernel/intern/modifier.cc:458 BKE_modifier_set_error: Object: "front cuirass row 2 bevelled lamellar plate 03", Modifier: "weighted normals", Enable 'Auto Smooth' in Object Data Properties
ERROR (bke.modifier): ./source/blender/blenkernel/intern/modifier.cc:458 BKE_modifier_set_error: Object: "rear cuirass row 2 bevelled lamellar plate 02", Modifier: "weighted normals", Enable 'Auto Smooth' in Object Data Properties
ERROR (bke.modifier): ./source/blender/blenkernel/intern/modifier.cc:458 BKE_modifier_set_error: Object: "rear cuirass row 2 bevelled lamellar plate 01", Modifier: "weighted normals", Enable 'Auto Smooth' in Object Data Properties
ERROR (bke.modifier): ./source/blender/blenkernel/intern/modifier.cc:458 BKE_modifier_set_error: Object: "front cuirass row 2 bevelled lamellar plate 07", Modifier: "weighted normals", Enable 'Auto Smooth' in Object Data Properties
ERROR (bke.modifier): ./source/blender/blenkernel/intern/modifier.cc:458 BKE_modifier_set_error: Object: "rear cuirass row 2 bevelled lamellar plate 05", Modifier: "weighted normals", Enable 'Auto Smooth' in Object Data Properties
ERROR (bke.modifier): ./source/blender/blenkernel/intern/modifier.cc:458 BKE_modifier_set_error: Object: "rear cuirass row 2 bevelled lamellar plate 08", Modifier: "weighted normals", Enable 'Auto Smooth' in Object Data Properties
ERROR (bke.modifier): ./source/blender/blenkernel/intern/modifier.cc:458 BKE_modifier_set_error: Object: "rear cuirass row 2 bevelled lamellar plate 03", Modifier: "weighted normals", Enable 'Auto Smooth' in Object Data Properties
ERROR (bke.modifier): ./source/blender/blenkernel/intern/modifier.cc:458 BKE_modifier_set_error: Object: "rear cuirass row 2 bevelled lamellar plate 07", Modifier: "weighted normals", Enable 'Auto Smooth' in Object Data Properties
ERROR (bke.modifier): ./source/blender/blenkernel/intern/modifier.cc:458 BKE_modifier_set_error: Object: "front cuirass row 2 bevelled lamellar plate 08", Modifier: "weighted normals", Enable 'Auto Smooth' in Object Data Properties
ERROR (bke.modifier): ./source/blender/blenkernel/intern/modifier.cc:458 BKE_modifier_set_error: Object: "rear cuirass row 2 bevelled lamellar plate 06", Modifier: "weighted normals", Enable 'Auto Smooth' in Object Data Properties
ERROR (bke.modifier): ./source/blender/blenkernel/intern/modifier.cc:458 BKE_modifier_set_error: Object: "front cuirass row 3 bevelled lamellar plate 01", Modifier: "weighted normals", Enable 'Auto Smooth' in Object Data Properties
ERROR (bke.modifier): ./source/blender/blenkernel/intern/modifier.cc:458 BKE_modifier_set_error: Object: "front cuirass row 3 bevelled lamellar plate 02", Modifier: "weighted normals", Enable 'Auto Smooth' in Object Data Properties
ERROR (bke.modifier): ./source/blender/blenkernel/intern/modifier.cc:458 BKE_modifier_set_error: Object: "rear cuirass row 2 bevelled lamellar plate 04", Modifier: "weighted normals", Enable 'Auto Smooth' in Object Data Properties
ERROR (bke.modifier): ./source/blender/blenkernel/intern/modifier.cc:458 BKE_modifier_set_error: Object: "throat guard row 1 bevelled lamellar plate 02", Modifier: "weighted normals", Enable 'Auto Smooth' in Object Data Properties
ERROR (bke.modifier): ./source/blender/blenkernel/intern/modifier.cc:458 BKE_modifier_set_error: Object: "front cuirass row 3 bevelled lamellar plate 05", Modifier: "weighted normals", Enable 'Auto Smooth' in Object Data Properties
ERROR (bke.modifier): ./source/blender/blenkernel/intern/modifier.cc:458 BKE_modifier_set_error: Object: "front cuirass row 3 bevelled lamellar plate 03", Modifier: "weighted normals", Enable 'Auto Smooth' in Object Data Properties
ERROR (bke.modifier): ./source/blender/blenkernel/intern/modifier.cc:458 BKE_modifier_set_error: Object: "front cuirass row 3 bevelled lamellar plate 04", Modifier: "weighted normals", Enable 'Auto Smooth' in Object Data Properties
ERROR (bke.modifier): ./source/blender/blenkernel/intern/modifier.cc:458 BKE_modifier_set_error: Object: "front cuirass row 3 bevelled lamellar plate 06", Modifier: "weighted normals", Enable 'Auto Smooth' in Object Data Properties
ERROR (bke.modifier): ./source/blender/blenkernel/intern/modifier.cc:458 BKE_modifier_set_error: Object: "rear cuirass row 3 bevelled lamellar plate 04", Modifier: "weighted normals", Enable 'Auto Smooth' in Object Data Properties
ERROR (bke.modifier): ./source/blender/blenkernel/intern/modifier.cc:458 BKE_modifier_set_error: Object: "front cuirass row 3 bevelled lamellar plate 07", Modifier: "weighted normals", Enable 'Auto Smooth' in Object Data Properties
ERROR (bke.modifier): ./source/blender/blenkernel/intern/modifier.cc:458 BKE_modifier_set_error: Object: "front cuirass row 3 bevelled lamellar plate 08", Modifier: "weighted normals", Enable 'Auto Smooth' in Object Data Properties
ERROR (bke.modifier): ./source/blender/blenkernel/intern/modifier.cc:458 BKE_modifier_set_error: Object: "rear cuirass row 3 bevelled lamellar plate 03", Modifier: "weighted normals", Enable 'Auto Smooth' in Object Data Properties
ERROR (bke.modifier): ./source/blender/blenkernel/intern/modifier.cc:458 BKE_modifier_set_error: Object: "rear cuirass row 3 bevelled lamellar plate 01", Modifier: "weighted normals", Enable 'Auto Smooth' in Object Data Properties
ERROR (bke.modifier): ./source/blender/blenkernel/intern/modifier.cc:458 BKE_modifier_set_error: Object: "rear cuirass row 3 bevelled lamellar plate 02", Modifier: "weighted normals", Enable 'Auto Smooth' in Object Data Properties
ERROR (bke.modifier): ./source/blender/blenkernel/intern/modifier.cc:458 BKE_modifier_set_error: Object: "rear cuirass row 3 bevelled lamellar plate 07", Modifier: "weighted normals", Enable 'Auto Smooth' in Object Data Properties
ERROR (bke.modifier): ./source/blender/blenkernel/intern/modifier.cc:458 BKE_modifier_set_error: Object: "throat guard row 1 bevelled lamellar plate 01", Modifier: "weighted normals", Enable 'Auto Smooth' in Object Data Properties
ERROR (bke.modifier): ./source/blender/blenkernel/intern/modifier.cc:458 BKE_modifier_set_error: Object: "rear cuirass row 3 bevelled lamellar plate 06", Modifier: "weighted normals", Enable 'Auto Smooth' in Object Data Properties
ERROR (bke.modifier): ./source/blender/blenkernel/intern/modifier.cc:458 BKE_modifier_set_error: Object: "rear cuirass row 3 bevelled lamellar plate 08", Modifier: "weighted normals", Enable 'Auto Smooth' in Object Data Properties
ERROR (bke.modifier): ./source/blender/blenkernel/intern/modifier.cc:458 BKE_modifier_set_error: Object: "front cuirass row 4 bevelled lamellar plate 03", Modifier: "weighted normals", Enable 'Auto Smooth' in Object Data Properties
ERROR (bke.modifier): ./source/blender/blenkernel/intern/modifier.cc:458 BKE_modifier_set_error: Object: "rear cuirass row 3 bevelled lamellar plate 05", Modifier: "weighted normals", Enable 'Auto Smooth' in Object Data Properties
ERROR (bke.modifier): ./source/blender/blenkernel/intern/modifier.cc:458 BKE_modifier_set_error: Object: "front cuirass row 4 bevelled lamellar plate 02", Modifier: "weighted normals", Enable 'Auto Smooth' in Object Data Properties
ERROR (bke.modifier): ./source/blender/blenkernel/intern/modifier.cc:458 BKE_modifier_set_error: Object: "front cuirass row 4 bevelled lamellar plate 06", Modifier: "weighted normals", Enable 'Auto Smooth' in Object Data Properties
ERROR (bke.modifier): ./source/blender/blenkernel/intern/modifier.cc:458 BKE_modifier_set_error: Object: "front cuirass row 4 bevelled lamellar plate 05", Modifier: "weighted normals", Enable 'Auto Smooth' in Object Data Properties
ERROR (bke.modifier): ./source/blender/blenkernel/intern/modifier.cc:458 BKE_modifier_set_error: Object: "front cuirass row 4 bevelled lamellar plate 01", Modifier: "weighted normals", Enable 'Auto Smooth' in Object Data Properties
ERROR (bke.modifier): ./source/blender/blenkernel/intern/modifier.cc:458 BKE_modifier_set_error: Object: "front cuirass row 4 bevelled lamellar plate 04", Modifier: "weighted normals", Enable 'Auto Smooth' in Object Data Properties
ERROR (bke.modifier): ./source/blender/blenkernel/intern/modifier.cc:458 BKE_modifier_set_error: Object: "front cuirass row 4 bevelled lamellar plate 07", Modifier: "weighted normals", Enable 'Auto Smooth' in Object Data Properties
ERROR (bke.modifier): ./source/blender/blenkernel/intern/modifier.cc:458 BKE_modifier_set_error: Object: "front cuirass row 4 bevelled lamellar plate 08", Modifier: "weighted normals", Enable 'Auto Smooth' in Object Data Properties
ERROR (bke.modifier): ./source/blender/blenkernel/intern/modifier.cc:458 BKE_modifier_set_error: Object: "rear cuirass row 4 bevelled lamellar plate 01", Modifier: "weighted normals", Enable 'Auto Smooth' in Object Data Properties
ERROR (bke.modifier): ./source/blender/blenkernel/intern/modifier.cc:458 BKE_modifier_set_error: Object: "rear cuirass row 4 bevelled lamellar plate 02", Modifier: "weighted normals", Enable 'Auto Smooth' in Object Data Properties
ERROR (bke.modifier): ./source/blender/blenkernel/intern/modifier.cc:458 BKE_modifier_set_error: Object: "rear cuirass row 4 bevelled lamellar plate 03", Modifier: "weighted normals", Enable 'Auto Smooth' in Object Data Properties
ERROR (bke.modifier): ./source/blender/blenkernel/intern/modifier.cc:458 BKE_modifier_set_error: Object: "mempo grim mouth slit", Modifier: "weighted normals", Enable 'Auto Smooth' in Object Data Properties
ERROR (bke.modifier): ./source/blender/blenkernel/intern/modifier.cc:458 BKE_modifier_set_error: Object: "rear cuirass row 4 bevelled lamellar plate 04", Modifier: "weighted normals", Enable 'Auto Smooth' in Object Data Properties
ERROR (bke.modifier): ./source/blender/blenkernel/intern/modifier.cc:458 BKE_modifier_set_error: Object: "front cuirass row 5 bevelled lamellar plate 02", Modifier: "weighted normals", Enable 'Auto Smooth' in Object Data Properties
ERROR (bke.modifier): ./source/blender/blenkernel/intern/modifier.cc:458 BKE_modifier_set_error: Object: "rear cuirass row 4 bevelled lamellar plate 07", Modifier: "weighted normals", Enable 'Auto Smooth' in Object Data Properties
ERROR (bke.modifier): ./source/blender/blenkernel/intern/modifier.cc:458 BKE_modifier_set_error: Object: "right narrow eye slit", Modifier: "weighted normals", Enable 'Auto Smooth' in Object Data Properties
ERROR (bke.modifier): ./source/blender/blenkernel/intern/modifier.cc:458 BKE_modifier_set_error: Object: "front cuirass row 5 bevelled lamellar plate 01", Modifier: "weighted normals", Enable 'Auto Smooth' in Object Data Properties
ERROR (bke.modifier): ./source/blender/blenkernel/intern/modifier.cc:458 BKE_modifier_set_error: Object: "rear cuirass row 4 bevelled lamellar plate 06", Modifier: "weighted normals", Enable 'Auto Smooth' in Object Data Properties
ERROR (bke.modifier): ./source/blender/blenkernel/intern/modifier.cc:458 BKE_modifier_set_error: Object: "rear cuirass row 4 bevelled lamellar plate 08", Modifier: "weighted normals", Enable 'Auto Smooth' in Object Data Properties
ERROR (bke.modifier): ./source/blender/blenkernel/intern/modifier.cc:458 BKE_modifier_set_error: Object: "front cuirass row 5 bevelled lamellar plate 04", Modifier: "weighted normals", Enable 'Auto Smooth' in Object Data Properties
ERROR (bke.modifier): ./source/blender/blenkernel/intern/modifier.cc:458 BKE_modifier_set_error: Object: "rear cuirass row 4 bevelled lamellar plate 05", Modifier: "weighted normals", Enable 'Auto Smooth' in Object Data Properties
ERROR (bke.modifier): ./source/blender/blenkernel/intern/modifier.cc:458 BKE_modifier_set_error: Object: "front cuirass row 5 bevelled lamellar plate 03", Modifier: "weighted normals", Enable 'Auto Smooth' in Object Data Properties
ERROR (bke.modifier): ./source/blender/blenkernel/intern/modifier.cc:458 BKE_modifier_set_error: Object: "front cuirass row 5 bevelled lamellar plate 06", Modifier: "weighted normals", Enable 'Auto Smooth' in Object Data Properties
ERROR (bke.modifier): ./source/blender/blenkernel/intern/modifier.cc:458 BKE_modifier_set_error: Object: "front cuirass row 5 bevelled lamellar plate 05", Modifier: "weighted normals", Enable 'Auto Smooth' in Object Data Properties
ERROR (bke.modifier): ./source/blender/blenkernel/intern/modifier.cc:458 BKE_modifier_set_error: Object: "front cuirass row 5 bevelled lamellar plate 08", Modifier: "weighted normals", Enable 'Auto Smooth' in Object Data Properties
ERROR (bke.modifier): ./source/blender/blenkernel/intern/modifier.cc:458 BKE_modifier_set_error: Object: "left narrow eye slit", Modifier: "weighted normals", Enable 'Auto Smooth' in Object Data Properties
ERROR (bke.modifier): ./source/blender/blenkernel/intern/modifier.cc:458 BKE_modifier_set_error: Object: "front cuirass row 5 bevelled lamellar plate 07", Modifier: "weighted normals", Enable 'Auto Smooth' in Object Data Properties
ERROR (bke.modifier): ./source/blender/blenkernel/intern/modifier.cc:458 BKE_modifier_set_error: Object: "rear cuirass row 5 bevelled lamellar plate 01", Modifier: "weighted normals", Enable 'Auto Smooth' in Object Data Properties
ERROR (bke.modifier): ./source/blender/blenkernel/intern/modifier.cc:458 BKE_modifier_set_error: Object: "rear cuirass row 5 bevelled lamellar plate 02", Modifier: "weighted normals", Enable 'Auto Smooth' in Object Data Properties
ERROR (bke.modifier): ./source/blender/blenkernel/intern/modifier.cc:458 BKE_modifier_set_error: Object: "left shoulder undercloth", Modifier: "weighted normals", Enable 'Auto Smooth' in Object Data Properties
ERROR (bke.modifier): ./source/blender/blenkernel/intern/modifier.cc:458 BKE_modifier_set_error: Object: "rear cuirass row 5 bevelled lamellar plate 03", Modifier: "weighted normals", Enable 'Auto Smooth' in Object Data Properties
ERROR (bke.modifier): ./source/blender/blenkernel/intern/modifier.cc:458 BKE_modifier_set_error: Object: "rear cuirass row 5 bevelled lamellar plate 04", Modifier: "weighted normals", Enable 'Auto Smooth' in Object Data Properties
ERROR (bke.modifier): ./source/blender/blenkernel/intern/modifier.cc:458 BKE_modifier_set_error: Object: "mempo nose ridge", Modifier: "weighted normals", Enable 'Auto Smooth' in Object Data Properties
ERROR (bke.modifier): ./source/blender/blenkernel/intern/modifier.cc:458 BKE_modifier_set_error: Object: "rear cuirass row 5 bevelled lamellar plate 05", Modifier: "weighted normals", Enable 'Auto Smooth' in Object Data Properties
ERROR (bke.modifier): ./source/blender/blenkernel/intern/modifier.cc:458 BKE_modifier_set_error: Object: "left armored upper arm", Modifier: "weighted normals", Enable 'Auto Smooth' in Object Data Properties
ERROR (bke.modifier): ./source/blender/blenkernel/intern/modifier.cc:458 BKE_modifier_set_error: Object: "rear cuirass row 5 bevelled lamellar plate 06", Modifier: "weighted normals", Enable 'Auto Smooth' in Object Data Properties
ERROR (bke.modifier): ./source/blender/blenkernel/intern/modifier.cc:458 BKE_modifier_set_error: Object: "rear cuirass row 5 bevelled lamellar plate 07", Modifier: "weighted normals", Enable 'Auto Smooth' in Object Data Properties
ERROR (bke.modifier): ./source/blender/blenkernel/intern/modifier.cc:458 BKE_modifier_set_error: Object: "left side cuirass plate 1", Modifier: "weighted normals", Enable 'Auto Smooth' in Object Data Properties
ERROR (bke.modifier): ./source/blender/blenkernel/intern/modifier.cc:458 BKE_modifier_set_error: Object: "left sode shoulder armor", Modifier: "weighted normals", Enable 'Auto Smooth' in Object Data Properties
ERROR (bke.modifier): ./source/blender/blenkernel/intern/modifier.cc:458 BKE_modifier_set_error: Object: "rear cuirass row 5 bevelled lamellar plate 08", Modifier: "weighted normals", Enable 'Auto Smooth' in Object Data Properties
ERROR (bke.modifier): ./source/blender/blenkernel/intern/modifier.cc:458 BKE_modifier_set_error: Object: "left kote forearm guard", Modifier: "weighted normals", Enable 'Auto Smooth' in Object Data Properties
ERROR (bke.modifier): ./source/blender/blenkernel/intern/modifier.cc:458 BKE_modifier_set_error: Object: "left leather palm volume", Modifier: "weighted normals", Enable 'Auto Smooth' in Object Data Properties
ERROR (bke.modifier): ./source/blender/blenkernel/intern/modifier.cc:458 BKE_modifier_set_error: Object: "left side cuirass plate 2", Modifier: "weighted normals", Enable 'Auto Smooth' in Object Data Properties
ERROR (bke.modifier): ./source/blender/blenkernel/intern/modifier.cc:458 BKE_modifier_set_error: Object: "left side cuirass plate 3", Modifier: "weighted normals", Enable 'Auto Smooth' in Object Data Properties
ERROR (bke.modifier): ./source/blender/blenkernel/intern/modifier.cc:458 BKE_modifier_set_error: Object: "right side cuirass plate 1", Modifier: "weighted normals", Enable 'Auto Smooth' in Object Data Properties
ERROR (bke.modifier): ./source/blender/blenkernel/intern/modifier.cc:458 BKE_modifier_set_error: Object: "right side cuirass plate 3", Modifier: "weighted normals", Enable 'Auto Smooth' in Object Data Properties
ERROR (bke.modifier): ./source/blender/blenkernel/intern/modifier.cc:458 BKE_modifier_set_error: Object: "left index fingertip", Modifier: "weighted normals", Enable 'Auto Smooth' in Object Data Properties
ERROR (bke.modifier): ./source/blender/blenkernel/intern/modifier.cc:458 BKE_modifier_set_error: Object: "left middle fingertip", Modifier: "weighted normals", Enable 'Auto Smooth' in Object Data Properties
ERROR (bke.modifier): ./source/blender/blenkernel/intern/modifier.cc:458 BKE_modifier_set_error: Object: "right side cuirass plate 2", Modifier: "weighted normals", Enable 'Auto Smooth' in Object Data Properties
ERROR (bke.modifier): ./source/blender/blenkernel/intern/modifier.cc:458 BKE_modifier_set_error: Object: "left ring fingertip", Modifier: "weighted normals", Enable 'Auto Smooth' in Object Data Properties
ERROR (bke.modifier): ./source/blender/blenkernel/intern/modifier.cc:458 BKE_modifier_set_error: Object: "left pinky fingertip", Modifier: "weighted normals", Enable 'Auto Smooth' in Object Data Properties
ERROR (bke.modifier): ./source/blender/blenkernel/intern/modifier.cc:458 BKE_modifier_set_error: Object: "left thumb fingertip", Modifier: "weighted normals", Enable 'Auto Smooth' in Object Data Properties
ERROR (bke.modifier): ./source/blender/blenkernel/intern/modifier.cc:458 BKE_modifier_set_error: Object: "right shoulder undercloth", Modifier: "weighted normals", Enable 'Auto Smooth' in Object Data Properties
ERROR (bke.modifier): ./source/blender/blenkernel/intern/modifier.cc:458 BKE_modifier_set_error: Object: "mempo chin guard", Modifier: "weighted normals", Enable 'Auto Smooth' in Object Data Properties
ERROR (bke.modifier): ./source/blender/blenkernel/intern/modifier.cc:458 BKE_modifier_set_error: Object: "right armored upper arm", Modifier: "weighted normals", Enable 'Auto Smooth' in Object Data Properties
ERROR (bke.modifier): ./source/blender/blenkernel/intern/modifier.cc:458 BKE_modifier_set_error: Object: "right sode shoulder armor", Modifier: "weighted normals", Enable 'Auto Smooth' in Object Data Properties
ERROR (bke.modifier): ./source/blender/blenkernel/intern/modifier.cc:458 BKE_modifier_set_error: Object: "right kote forearm guard", Modifier: "weighted normals", Enable 'Auto Smooth' in Object Data Properties
ERROR (bke.modifier): ./source/blender/blenkernel/intern/modifier.cc:458 BKE_modifier_set_error: Object: "left hanging sode shoulder plate 1", Modifier: "weighted normals", Enable 'Auto Smooth' in Object Data Properties
ERROR (bke.modifier): ./source/blender/blenkernel/intern/modifier.cc:458 BKE_modifier_set_error: Object: "left hanging sode shoulder plate 2", Modifier: "weighted normals", Enable 'Auto Smooth' in Object Data Properties
ERROR (bke.modifier): ./source/blender/blenkernel/intern/modifier.cc:458 BKE_modifier_set_error: Object: "right leather palm volume", Modifier: "weighted normals", Enable 'Auto Smooth' in Object Data Properties
ERROR (bke.modifier): ./source/blender/blenkernel/intern/modifier.cc:458 BKE_modifier_set_error: Object: "right index fingertip", Modifier: "weighted normals", Enable 'Auto Smooth' in Object Data Properties
ERROR (bke.modifier): ./source/blender/blenkernel/intern/modifier.cc:458 BKE_modifier_set_error: Object: "left hanging sode shoulder plate 3", Modifier: "weighted normals", Enable 'Auto Smooth' in Object Data Properties
ERROR (bke.modifier): ./source/blender/blenkernel/intern/modifier.cc:458 BKE_modifier_set_error: Object: "left hanging sode shoulder plate 4", Modifier: "weighted normals", Enable 'Auto Smooth' in Object Data Properties
ERROR (bke.modifier): ./source/blender/blenkernel/intern/modifier.cc:458 BKE_modifier_set_error: Object: "right ring fingertip", Modifier: "weighted normals", Enable 'Auto Smooth' in Object Data Properties
ERROR (bke.modifier): ./source/blender/blenkernel/intern/modifier.cc:458 BKE_modifier_set_error: Object: "right pinky fingertip", Modifier: "weighted normals", Enable 'Auto Smooth' in Object Data Properties
ERROR (bke.modifier): ./source/blender/blenkernel/intern/modifier.cc:458 BKE_modifier_set_error: Object: "right middle fingertip", Modifier: "weighted normals", Enable 'Auto Smooth' in Object Data Properties
ERROR (bke.modifier): ./source/blender/blenkernel/intern/modifier.cc:458 BKE_modifier_set_error: Object: "right thumb fingertip", Modifier: "weighted normals", Enable 'Auto Smooth' in Object Data Properties
ERROR (bke.modifier): ./source/blender/blenkernel/intern/modifier.cc:458 BKE_modifier_set_error: Object: "right angular mempo cheek plate", Modifier: "weighted normals", Enable 'Auto Smooth' in Object Data Properties
ERROR (bke.modifier): ./source/blender/blenkernel/intern/modifier.cc:458 BKE_modifier_set_error: Object: "right hanging sode shoulder plate 1", Modifier: "weighted normals", Enable 'Auto Smooth' in Object Data Properties
ERROR (bke.modifier): ./source/blender/blenkernel/intern/modifier.cc:458 BKE_modifier_set_error: Object: "kusazuri skirt plate -1 row 2", Modifier: "weighted normals", Enable 'Auto Smooth' in Object Data Properties
ERROR (bke.modifier): ./source/blender/blenkernel/intern/modifier.cc:458 BKE_modifier_set_error: Object: "rear kusazuri skirt plate -1 row 1", Modifier: "weighted normals", Enable 'Auto Smooth' in Object Data Properties
ERROR (bke.modifier): ./source/blender/blenkernel/intern/modifier.cc:458 BKE_modifier_set_error: Object: "right hanging sode shoulder plate 4", Modifier: "weighted normals", Enable 'Auto Smooth' in Object Data Properties
ERROR (bke.modifier): ./source/blender/blenkernel/intern/modifier.cc:458 BKE_modifier_set_error: Object: "kusazuri skirt plate +0 row 1", Modifier: "weighted normals", Enable 'Auto Smooth' in Object Data Properties
ERROR (bke.modifier): ./source/blender/blenkernel/intern/modifier.cc:458 BKE_modifier_set_error: Object: "left angular mempo cheek plate", Modifier: "weighted normals", Enable 'Auto Smooth' in Object Data Properties
ERROR (bke.modifier): ./source/blender/blenkernel/intern/modifier.cc:458 BKE_modifier_set_error: Object: "kusazuri skirt plate +0 row 2", Modifier: "weighted normals", Enable 'Auto Smooth' in Object Data Properties
ERROR (bke.modifier): ./source/blender/blenkernel/intern/modifier.cc:458 BKE_modifier_set_error: Object: "crest central rivet", Modifier: "weighted normals", Enable 'Auto Smooth' in Object Data Properties
ERROR (bke.modifier): ./source/blender/blenkernel/intern/modifier.cc:458 BKE_modifier_set_error: Object: "rear kusazuri skirt plate +0 row 2", Modifier: "weighted normals", Enable 'Auto Smooth' in Object Data Properties
ERROR (bke.modifier): ./source/blender/blenkernel/intern/modifier.cc:458 BKE_modifier_set_error: Object: "kusazuri skirt plate -1 row 3", Modifier: "weighted normals", Enable 'Auto Smooth' in Object Data Properties
ERROR (bke.modifier): ./source/blender/blenkernel/intern/modifier.cc:458 BKE_modifier_set_error: Object: "kusazuri skirt plate -1 row 1", Modifier: "weighted normals", Enable 'Auto Smooth' in Object Data Properties
ERROR (bke.modifier): ./source/blender/blenkernel/intern/modifier.cc:458 BKE_modifier_set_error: Object: "right hanging sode shoulder plate 2", Modifier: "weighted normals", Enable 'Auto Smooth' in Object Data Properties
ERROR (bke.modifier): ./source/blender/blenkernel/intern/modifier.cc:458 BKE_modifier_set_error: Object: "rear kusazuri skirt plate +0 row 3", Modifier: "weighted normals", Enable 'Auto Smooth' in Object Data Properties
ERROR (bke.modifier): ./source/blender/blenkernel/intern/modifier.cc:458 BKE_modifier_set_error: Object: "kusazuri skirt plate +0 row 3", Modifier: "weighted normals", Enable 'Auto Smooth' in Object Data Properties
ERROR (bke.modifier): ./source/blender/blenkernel/intern/modifier.cc:458 BKE_modifier_set_error: Object: "right hanging sode shoulder plate 3", Modifier: "weighted normals", Enable 'Auto Smooth' in Object Data Properties
ERROR (bke.modifier): ./source/blender/blenkernel/intern/modifier.cc:458 BKE_modifier_set_error: Object: "left hakama trouser leg", Modifier: "weighted normals", Enable 'Auto Smooth' in Object Data Properties
ERROR (bke.modifier): ./source/blender/blenkernel/intern/modifier.cc:458 BKE_modifier_set_error: Object: "rear kusazuri skirt plate +0 row 1", Modifier: "weighted normals", Enable 'Auto Smooth' in Object Data Properties
ERROR (bke.modifier): ./source/blender/blenkernel/intern/modifier.cc:458 BKE_modifier_set_error: Object: "left shin greave", Modifier: "weighted normals", Enable 'Auto Smooth' in Object Data Properties
ERROR (bke.modifier): ./source/blender/blenkernel/intern/modifier.cc:458 BKE_modifier_set_error: Object: "left split-toe tabi foot volume", Modifier: "weighted normals", Enable 'Auto Smooth' in Object Data Properties
ERROR (bke.modifier): ./source/blender/blenkernel/intern/modifier.cc:458 BKE_modifier_set_error: Object: "left outer toe group", Modifier: "weighted normals", Enable 'Auto Smooth' in Object Data Properties
ERROR (bke.modifier): ./source/blender/blenkernel/intern/modifier.cc:458 BKE_modifier_set_error: Object: "left separated big toe", Modifier: "weighted normals", Enable 'Auto Smooth' in Object Data Properties
ERROR (bke.modifier): ./source/blender/blenkernel/intern/modifier.cc:458 BKE_modifier_set_error: Object: "kusazuri skirt plate +1 row 1", Modifier: "weighted normals", Enable 'Auto Smooth' in Object Data Properties
ERROR (bke.modifier): ./source/blender/blenkernel/intern/modifier.cc:458 BKE_modifier_set_error: Object: "right side helmet flange", Modifier: "weighted normals", Enable 'Auto Smooth' in Object Data Properties
ERROR (bke.modifier): ./source/blender/blenkernel/intern/modifier.cc:458 BKE_modifier_set_error: Object: "rear kusazuri skirt plate -1 row 3", Modifier: "weighted normals", Enable 'Auto Smooth' in Object Data Properties
ERROR (bke.modifier): ./source/blender/blenkernel/intern/modifier.cc:458 BKE_modifier_set_error: Object: "right hakama trouser leg", Modifier: "weighted normals", Enable 'Auto Smooth' in Object Data Properties
ERROR (bke.modifier): ./source/blender/blenkernel/intern/modifier.cc:458 BKE_modifier_set_error: Object: "right shin greave", Modifier: "weighted normals", Enable 'Auto Smooth' in Object Data Properties
ERROR (bke.modifier): ./source/blender/blenkernel/intern/modifier.cc:458 BKE_modifier_set_error: Object: "right split-toe tabi foot volume", Modifier: "weighted normals", Enable 'Auto Smooth' in Object Data Properties
ERROR (bke.modifier): ./source/blender/blenkernel/intern/modifier.cc:458 BKE_modifier_set_error: Object: "rear kusazuri skirt plate +1 row 1", Modifier: "weighted normals", Enable 'Auto Smooth' in Object Data Properties
ERROR (bke.modifier): ./source/blender/blenkernel/intern/modifier.cc:458 BKE_modifier_set_error: Object: "right separated big toe", Modifier: "weighted normals", Enable 'Auto Smooth' in Object Data Properties
ERROR (bke.modifier): ./source/blender/blenkernel/intern/modifier.cc:458 BKE_modifier_set_error: Object: "right outer toe group", Modifier: "weighted normals", Enable 'Auto Smooth' in Object Data Properties
ERROR (bke.modifier): ./source/blender/blenkernel/intern/modifier.cc:458 BKE_modifier_set_error: Object: "rear kusazuri skirt plate -1 row 2", Modifier: "weighted normals", Enable 'Auto Smooth' in Object Data Properties
ERROR (bke.modifier): ./source/blender/blenkernel/intern/modifier.cc:458 BKE_modifier_set_error: Object: "kusazuri skirt plate +1 row 2", Modifier: "weighted normals", Enable 'Auto Smooth' in Object Data Properties
ERROR (bke.modifier): ./source/blender/blenkernel/intern/modifier.cc:458 BKE_modifier_set_error: Object: "kusazuri skirt plate +1 row 3", Modifier: "weighted normals", Enable 'Auto Smooth' in Object Data Properties
ERROR (bke.modifier): ./source/blender/blenkernel/intern/modifier.cc:458 BKE_modifier_set_error: Object: "rear kusazuri skirt plate +1 row 2", Modifier: "weighted normals", Enable 'Auto Smooth' in Object Data Properties
ERROR (bke.modifier): ./source/blender/blenkernel/intern/modifier.cc:458 BKE_modifier_set_error: Object: "left side helmet flange", Modifier: "weighted normals", Enable 'Auto Smooth' in Object Data Properties
ERROR (bke.modifier): ./source/blender/blenkernel/intern/modifier.cc:458 BKE_modifier_set_error: Object: "wrapped katana grip", Modifier: "weighted normals", Enable 'Auto Smooth' in Object Data Properties
ERROR (bke.modifier): ./source/blender/blenkernel/intern/modifier.cc:458 BKE_modifier_set_error: Object: "rear kusazuri skirt plate +1 row 3", Modifier: "weighted normals", Enable 'Auto Smooth' in Object Data Properties
ERROR (bke.modifier): ./source/blender/blenkernel/intern/modifier.cc:458 BKE_modifier_set_error: Object: "layered rear shikoro neck guard", Modifier: "weighted normals", Enable 'Auto Smooth' in Object Data Properties
ERROR (bke.modifier): ./source/blender/blenkernel/intern/modifier.cc:458 BKE_modifier_set_error: Object: "wide kabuto brim", Modifier: "weighted normals", Enable 'Auto Smooth' in Object Data Properties
ERROR (bke.modifier): ./source/blender/blenkernel/intern/modifier.cc:458 BKE_modifier_set_error: Object: "simple round clan mon on banner", Modifier: "weighted normals", Enable 'Auto Smooth' in Object Data Properties
ERROR (bke.modifier): ./source/blender/blenkernel/intern/modifier.cc:458 BKE_modifier_set_error: Object: "ribcage under-kimono volume", Modifier: "weighted normals", Enable 'Auto Smooth' in Object Data Properties
ERROR (bke.modifier): ./source/blender/blenkernel/intern/modifier.cc:458 BKE_modifier_set_error: Object: "visible human head behind mempo", Modifier: "weighted normals", Enable 'Auto Smooth' in Object Data Properties
ERROR (bke.modifier): ./source/blender/blenkernel/intern/modifier.cc:458 BKE_modifier_set_error: Object: "narrow waist under-kimono volume", Modifier: "weighted normals", Enable 'Auto Smooth' in Object Data Properties
ERROR (bke.modifier): ./source/blender/blenkernel/intern/modifier.cc:458 BKE_modifier_set_error: Object: "thin exposed neck", Modifier: "weighted normals", Enable 'Auto Smooth' in Object Data Properties
ERROR (bke.modifier): ./source/blender/blenkernel/intern/modifier.cc:458 BKE_modifier_set_error: Object: "neck guard collar", Modifier: "weighted normals", Enable 'Auto Smooth' in Object Data Properties
ERROR (bke.modifier): ./source/blender/blenkernel/intern/modifier.cc:458 BKE_modifier_set_error: Object: "segmented kabuto helmet bowl", Modifier: "weighted normals", Enable 'Auto Smooth' in Object Data Properties
ERROR (bke.modifier): ./source/blender/blenkernel/intern/modifier.cc:458 BKE_modifier_set_error: Object: "left woven waraji sole grounded", Modifier: "weighted normals", Enable 'Auto Smooth' in Object Data Properties
ERROR (bke.modifier): ./source/blender/blenkernel/intern/modifier.cc:458 BKE_modifier_set_error: Object: "small lacquered sashimono crossbar", Modifier: "weighted normals", Enable 'Auto Smooth' in Object Data Properties
ERROR (bke.modifier): ./source/blender/blenkernel/intern/modifier.cc:458 BKE_modifier_set_error: Object: "cloth sashimono banner panel", Modifier: "weighted normals", Enable 'Auto Smooth' in Object Data Properties
ERROR (bke.modifier): ./source/blender/blenkernel/intern/modifier.cc:458 BKE_modifier_set_error: Object: "square tsuba guard", Modifier: "weighted normals", Enable 'Auto Smooth' in Object Data Properties
ERROR (bke.modifier): ./source/blender/blenkernel/intern/modifier.cc:458 BKE_modifier_set_error: Object: "matte charcoal inspection plinth", Modifier: "weighted normals", Enable 'Auto Smooth' in Object Data Properties
ERROR (bke.modifier): ./source/blender/blenkernel/intern/modifier.cc:458 BKE_modifier_set_error: Object: "right woven waraji sole grounded", Modifier: "weighted normals", Enable 'Auto Smooth' in Object Data Properties
EGL Error (0x3001): EGL_NOT_INITIALIZED: EGL is not initialized, or could not be initialized, for the specified EGL display connection.

Managed to successfully fallback to surfaceless EGL rendering!

EGL Error (0x3009): EGL_BAD_MATCH: Arguments are inconsistent (for example, a valid context requires buffers not supplied by a valid surface).
EGL Error (0x3001): EGL_NOT_INITIALIZED: EGL is not initialized, or could not be initialized, for the specified EGL display connection.

Managed to successfully fallback to surfaceless EGL rendering!

Fra:1 Mem:47.23M (Peak 48.35M) | Time:00:00.28 | Syncing matte charcoal inspection plinth
Fra:1 Mem:47.25M (Peak 48.35M) | Time:00:00.30 | Syncing ribcage under-kimono volume
Fra:1 Mem:47.34M (Peak 48.35M) | Time:00:00.30 | Syncing narrow waist under-kimono volume
Fra:1 Mem:47.41M (Peak 48.35M) | Time:00:00.30 | Syncing visible human head behind mempo
Fra:1 Mem:47.50M (Peak 48.35M) | Time:00:00.30 | Syncing thin exposed neck
Fra:1 Mem:47.51M (Peak 48.35M) | Time:00:00.30 | Syncing neck guard collar
Fra:1 Mem:47.53M (Peak 48.35M) | Time:00:00.30 | Syncing segmented kabuto helmet bowl
Fra:1 Mem:47.69M (Peak 48.35M) | Time:00:00.30 | Syncing wide kabuto brim
Fra:1 Mem:47.72M (Peak 48.35M) | Time:00:00.30 | Syncing layered rear shikoro neck guard
Fra:1 Mem:47.74M (Peak 48.35M) | Time:00:00.30 | Syncing left side helmet flange
Fra:1 Mem:47.75M (Peak 48.35M) | Time:00:00.31 | Syncing right side helmet flange
Fra:1 Mem:47.76M (Peak 48.35M) | Time:00:00.31 | Syncing golden maedate crescent crest
Fra:1 Mem:47.78M (Peak 48.35M) | Time:00:00.31 | Syncing crest central rivet
Fra:1 Mem:47.79M (Peak 48.35M) | Time:00:00.31 | Syncing left angular mempo cheek plate
Fra:1 Mem:47.81M (Peak 48.35M) | Time:00:00.31 | Syncing right angular mempo cheek plate
Fra:1 Mem:47.83M (Peak 48.35M) | Time:00:00.31 | Syncing mempo chin guard
Fra:1 Mem:47.85M (Peak 48.35M) | Time:00:00.31 | Syncing mempo nose ridge
Fra:1 Mem:47.86M (Peak 48.35M) | Time:00:00.31 | Syncing left narrow eye slit
Fra:1 Mem:47.88M (Peak 48.35M) | Time:00:00.31 | Syncing right narrow eye slit
Fra:1 Mem:47.89M (Peak 48.35M) | Time:00:00.31 | Syncing mempo grim mouth slit
Fra:1 Mem:47.90M (Peak 48.35M) | Time:00:00.31 | Syncing left mask moustache bristle
Fra:1 Mem:47.91M (Peak 48.35M) | Time:00:00.31 | Syncing right mask moustache bristle
Fra:1 Mem:47.92M (Peak 48.35M) | Time:00:00.31 | Syncing throat guard row 1 bevelled lamel
Fra:1 Mem:47.94M (Peak 48.35M) | Time:00:00.31 | Syncing throat guard row 1 bevelled lamel
Fra:1 Mem:47.96M (Peak 48.35M) | Time:00:00.31 | Syncing throat guard row 1 bevelled lamel
Fra:1 Mem:47.97M (Peak 48.35M) | Time:00:00.31 | Syncing throat guard row 1 bevelled lamel
Fra:1 Mem:47.99M (Peak 48.35M) | Time:00:00.31 | Syncing throat guard row 1 bevelled lamel
Fra:1 Mem:48.01M (Peak 48.35M) | Time:00:00.31 | Syncing throat guard row 2 bevelled lamel
Fra:1 Mem:48.03M (Peak 48.35M) | Time:00:00.31 | Syncing throat guard row 2 bevelled lamel
Fra:1 Mem:48.05M (Peak 48.35M) | Time:00:00.31 | Syncing throat guard row 2 bevelled lamel
Fra:1 Mem:48.07M (Peak 48.35M) | Time:00:00.31 | Syncing throat guard row 2 bevelled lamel
Fra:1 Mem:48.09M (Peak 48.35M) | Time:00:00.31 | Syncing throat guard row 2 bevelled lamel
Fra:1 Mem:48.11M (Peak 48.35M) | Time:00:00.31 | Syncing throat guard row 3 bevelled lamel
Fra:1 Mem:48.13M (Peak 48.35M) | Time:00:00.31 | Syncing throat guard row 3 bevelled lamel
Fra:1 Mem:48.15M (Peak 48.35M) | Time:00:00.31 | Syncing throat guard row 3 bevelled lamel
Fra:1 Mem:48.17M (Peak 48.35M) | Time:00:00.31 | Syncing throat guard row 3 bevelled lamel
Fra:1 Mem:48.19M (Peak 48.35M) | Time:00:00.31 | Syncing throat guard row 3 bevelled lamel
Fra:1 Mem:48.21M (Peak 48.35M) | Time:00:00.31 | Syncing upper do cuirass fitted shell
Fra:1 Mem:48.31M (Peak 48.35M) | Time:00:00.31 | Syncing lower do cuirass narrowed shell
Fra:1 Mem:48.39M (Peak 48.39M) | Time:00:00.31 | Syncing front cuirass row 1 bevelled lame
Fra:1 Mem:48.41M (Peak 48.41M) | Time:00:00.31 | Syncing front cuirass row 1 bevelled lame
Fra:1 Mem:48.43M (Peak 48.43M) | Time:00:00.31 | Syncing front cuirass row 1 bevelled lame
Fra:1 Mem:48.45M (Peak 48.45M) | Time:00:00.31 | Syncing front cuirass row 1 bevelled lame
Fra:1 Mem:48.47M (Peak 48.47M) | Time:00:00.31 | Syncing front cuirass row 1 bevelled lame
Fra:1 Mem:48.49M (Peak 48.49M) | Time:00:00.31 | Syncing front cuirass row 1 bevelled lame
Fra:1 Mem:48.51M (Peak 48.51M) | Time:00:00.31 | Syncing front cuirass row 1 bevelled lame
Fra:1 Mem:48.53M (Peak 48.53M) | Time:00:00.31 | Syncing front cuirass row 1 bevelled lame
Fra:1 Mem:48.55M (Peak 48.55M) | Time:00:00.31 | Syncing rear cuirass row 1 bevelled lamel
Fra:1 Mem:48.57M (Peak 48.57M) | Time:00:00.31 | Syncing rear cuirass row 1 bevelled lamel
Fra:1 Mem:48.59M (Peak 48.59M) | Time:00:00.31 | Syncing rear cuirass row 1 bevelled lamel
Fra:1 Mem:48.60M (Peak 48.60M) | Time:00:00.31 | Syncing rear cuirass row 1 bevelled lamel
Fra:1 Mem:48.62M (Peak 48.62M) | Time:00:00.31 | Syncing rear cuirass row 1 bevelled lamel
Fra:1 Mem:48.64M (Peak 48.64M) | Time:00:00.31 | Syncing rear cuirass row 1 bevelled lamel
Fra:1 Mem:48.66M (Peak 48.66M) | Time:00:00.31 | Syncing rear cuirass row 1 bevelled lamel
Fra:1 Mem:48.68M (Peak 48.68M) | Time:00:00.31 | Syncing rear cuirass row 1 bevelled lamel
Fra:1 Mem:48.70M (Peak 48.70M) | Time:00:00.31 | Syncing front cuirass row 2 bevelled lame
Fra:1 Mem:48.72M (Peak 48.72M) | Time:00:00.31 | Syncing front cuirass row 2 bevelled lame
Fra:1 Mem:48.74M (Peak 48.74M) | Time:00:00.31 | Syncing front cuirass row 2 bevelled lame
Fra:1 Mem:48.76M (Peak 48.76M) | Time:00:00.31 | Syncing front cuirass row 2 bevelled lame
Fra:1 Mem:48.78M (Peak 48.78M) | Time:00:00.31 | Syncing front cuirass row 2 bevelled lame
Fra:1 Mem:48.80M (Peak 48.80M) | Time:00:00.31 | Syncing front cuirass row 2 bevelled lame
Fra:1 Mem:48.82M (Peak 48.82M) | Time:00:00.31 | Syncing front cuirass row 2 bevelled lame
Fra:1 Mem:48.84M (Peak 48.84M) | Time:00:00.31 | Syncing front cuirass row 2 bevelled lame
Fra:1 Mem:48.86M (Peak 48.86M) | Time:00:00.31 | Syncing rear cuirass row 2 bevelled lamel
Fra:1 Mem:48.87M (Peak 48.87M) | Time:00:00.31 | Syncing rear cuirass row 2 bevelled lamel
Fra:1 Mem:48.90M (Peak 48.90M) | Time:00:00.31 | Syncing rear cuirass row 2 bevelled lamel
Fra:1 Mem:48.91M (Peak 48.91M) | Time:00:00.31 | Syncing rear cuirass row 2 bevelled lamel
Fra:1 Mem:48.93M (Peak 48.93M) | Time:00:00.31 | Syncing rear cuirass row 2 bevelled lamel
Fra:1 Mem:48.95M (Peak 48.95M) | Time:00:00.31 | Syncing rear cuirass row 2 bevelled lamel
Fra:1 Mem:48.97M (Peak 48.97M) | Time:00:00.31 | Syncing rear cuirass row 2 bevelled lamel
Fra:1 Mem:48.99M (Peak 48.99M) | Time:00:00.31 | Syncing rear cuirass row 2 bevelled lamel
Fra:1 Mem:49.01M (Peak 49.01M) | Time:00:00.31 | Syncing front cuirass row 3 bevelled lame
Fra:1 Mem:49.03M (Peak 49.03M) | Time:00:00.31 | Syncing front cuirass row 3 bevelled lame
Fra:1 Mem:49.05M (Peak 49.05M) | Time:00:00.31 | Syncing front cuirass row 3 bevelled lame
Fra:1 Mem:49.07M (Peak 49.07M) | Time:00:00.31 | Syncing front cuirass row 3 bevelled lame
Fra:1 Mem:49.09M (Peak 49.09M) | Time:00:00.31 | Syncing front cuirass row 3 bevelled lame
Fra:1 Mem:49.11M (Peak 49.11M) | Time:00:00.31 | Syncing front cuirass row 3 bevelled lame
Fra:1 Mem:49.13M (Peak 49.13M) | Time:00:00.31 | Syncing front cuirass row 3 bevelled lame
Fra:1 Mem:49.15M (Peak 49.15M) | Time:00:00.31 | Syncing front cuirass row 3 bevelled lame
Fra:1 Mem:49.17M (Peak 49.17M) | Time:00:00.31 | Syncing rear cuirass row 3 bevelled lamel
Fra:1 Mem:49.18M (Peak 49.18M) | Time:00:00.31 | Syncing rear cuirass row 3 bevelled lamel
Fra:1 Mem:49.20M (Peak 49.20M) | Time:00:00.31 | Syncing rear cuirass row 3 bevelled lamel
Fra:1 Mem:49.22M (Peak 49.22M) | Time:00:00.31 | Syncing rear cuirass row 3 bevelled lamel
Fra:1 Mem:49.24M (Peak 49.24M) | Time:00:00.31 | Syncing rear cuirass row 3 bevelled lamel
Fra:1 Mem:49.26M (Peak 49.26M) | Time:00:00.31 | Syncing rear cuirass row 3 bevelled lamel
Fra:1 Mem:49.28M (Peak 49.28M) | Time:00:00.31 | Syncing rear cuirass row 3 bevelled lamel
Fra:1 Mem:49.30M (Peak 49.30M) | Time:00:00.31 | Syncing rear cuirass row 3 bevelled lamel
Fra:1 Mem:49.32M (Peak 49.32M) | Time:00:00.31 | Syncing front cuirass row 4 bevelled lame
Fra:1 Mem:49.34M (Peak 49.34M) | Time:00:00.31 | Syncing front cuirass row 4 bevelled lame
Fra:1 Mem:49.36M (Peak 49.36M) | Time:00:00.31 | Syncing front cuirass row 4 bevelled lame
Fra:1 Mem:49.38M (Peak 49.38M) | Time:00:00.31 | Syncing front cuirass row 4 bevelled lame
Fra:1 Mem:49.40M (Peak 49.40M) | Time:00:00.31 | Syncing front cuirass row 4 bevelled lame
Fra:1 Mem:49.42M (Peak 49.42M) | Time:00:00.31 | Syncing front cuirass row 4 bevelled lame
Fra:1 Mem:49.44M (Peak 49.44M) | Time:00:00.31 | Syncing front cuirass row 4 bevelled lame
Fra:1 Mem:49.46M (Peak 49.46M) | Time:00:00.31 | Syncing front cuirass row 4 bevelled lame
Fra:1 Mem:49.47M (Peak 49.47M) | Time:00:00.31 | Syncing rear cuirass row 4 bevelled lamel
Fra:1 Mem:49.49M (Peak 49.49M) | Time:00:00.31 | Syncing rear cuirass row 4 bevelled lamel
Fra:1 Mem:49.51M (Peak 49.51M) | Time:00:00.31 | Syncing rear cuirass row 4 bevelled lamel
Fra:1 Mem:49.53M (Peak 49.53M) | Time:00:00.31 | Syncing rear cuirass row 4 bevelled lamel
Fra:1 Mem:49.55M (Peak 49.55M) | Time:00:00.31 | Syncing rear cuirass row 4 bevelled lamel
Fra:1 Mem:49.57M (Peak 49.57M) | Time:00:00.31 | Syncing rear cuirass row 4 bevelled lamel
Fra:1 Mem:49.59M (Peak 49.59M) | Time:00:00.32 | Syncing rear cuirass row 4 bevelled lamel
Fra:1 Mem:49.61M (Peak 49.61M) | Time:00:00.32 | Syncing rear cuirass row 4 bevelled lamel
Fra:1 Mem:49.63M (Peak 49.63M) | Time:00:00.32 | Syncing front cuirass row 5 bevelled lame
Fra:1 Mem:49.65M (Peak 49.65M) | Time:00:00.32 | Syncing front cuirass row 5 bevelled lame
Fra:1 Mem:49.67M (Peak 49.67M) | Time:00:00.32 | Syncing front cuirass row 5 bevelled lame
Fra:1 Mem:49.69M (Peak 49.69M) | Time:00:00.32 | Syncing front cuirass row 5 bevelled lame
Fra:1 Mem:49.71M (Peak 49.71M) | Time:00:00.32 | Syncing front cuirass row 5 bevelled lame
Fra:1 Mem:49.73M (Peak 49.73M) | Time:00:00.32 | Syncing front cuirass row 5 bevelled lame
Fra:1 Mem:49.74M (Peak 49.74M) | Time:00:00.32 | Syncing front cuirass row 5 bevelled lame
Fra:1 Mem:49.76M (Peak 49.76M) | Time:00:00.32 | Syncing front cuirass row 5 bevelled lame
Fra:1 Mem:49.78M (Peak 49.78M) | Time:00:00.32 | Syncing rear cuirass row 5 bevelled lamel
Fra:1 Mem:49.80M (Peak 49.80M) | Time:00:00.32 | Syncing rear cuirass row 5 bevelled lamel
Fra:1 Mem:49.82M (Peak 49.82M) | Time:00:00.32 | Syncing rear cuirass row 5 bevelled lamel
Fra:1 Mem:49.84M (Peak 49.84M) | Time:00:00.32 | Syncing rear cuirass row 5 bevelled lamel
Fra:1 Mem:49.86M (Peak 49.86M) | Time:00:00.32 | Syncing rear cuirass row 5 bevelled lamel
Fra:1 Mem:49.88M (Peak 49.88M) | Time:00:00.32 | Syncing rear cuirass row 5 bevelled lamel
Fra:1 Mem:49.90M (Peak 49.90M) | Time:00:00.32 | Syncing rear cuirass row 5 bevelled lamel
Fra:1 Mem:49.92M (Peak 49.92M) | Time:00:00.32 | Syncing rear cuirass row 5 bevelled lamel
Fra:1 Mem:49.94M (Peak 49.94M) | Time:00:00.32 | Syncing left side cuirass plate 1
Fra:1 Mem:49.95M (Peak 49.95M) | Time:00:00.32 | Syncing left side cuirass plate 2
Fra:1 Mem:49.97M (Peak 49.97M) | Time:00:00.32 | Syncing left side cuirass plate 3
Fra:1 Mem:49.98M (Peak 49.98M) | Time:00:00.32 | Syncing right side cuirass plate 1
Fra:1 Mem:49.99M (Peak 49.99M) | Time:00:00.32 | Syncing right side cuirass plate 2
Fra:1 Mem:50.01M (Peak 50.01M) | Time:00:00.32 | Syncing right side cuirass plate 3
Fra:1 Mem:50.02M (Peak 50.02M) | Time:00:00.32 | Syncing left shoulder undercloth
Fra:1 Mem:50.08M (Peak 50.08M) | Time:00:00.32 | Syncing left hanging sode shoulder plate 
Fra:1 Mem:50.10M (Peak 50.10M) | Time:00:00.32 | Syncing left hanging sode shoulder plate 
Fra:1 Mem:50.12M (Peak 50.12M) | Time:00:00.32 | Syncing left hanging sode shoulder plate 
Fra:1 Mem:50.14M (Peak 50.14M) | Time:00:00.32 | Syncing left hanging sode shoulder plate 
Fra:1 Mem:50.16M (Peak 50.16M) | Time:00:00.32 | Syncing left armored upper arm
Fra:1 Mem:50.21M (Peak 50.21M) | Time:00:00.32 | Syncing left sode shoulder armor
Fra:1 Mem:50.25M (Peak 50.25M) | Time:00:00.32 | Syncing left kote forearm guard
Fra:1 Mem:50.31M (Peak 50.31M) | Time:00:00.32 | Syncing left leather palm volume
Fra:1 Mem:50.35M (Peak 50.37M) | Time:00:00.32 | Syncing left articulated index finger
Fra:1 Mem:50.36M (Peak 50.37M) | Time:00:00.32 | Syncing left index fingertip
Fra:1 Mem:50.37M (Peak 50.37M) | Time:00:00.32 | Syncing left articulated middle finger
Fra:1 Mem:50.38M (Peak 50.38M) | Time:00:00.32 | Syncing left middle fingertip
Fra:1 Mem:50.39M (Peak 50.39M) | Time:00:00.32 | Syncing left articulated ring finger
Fra:1 Mem:50.40M (Peak 50.40M) | Time:00:00.32 | Syncing left ring fingertip
Fra:1 Mem:50.41M (Peak 50.41M) | Time:00:00.32 | Syncing left articulated pinky finger
Fra:1 Mem:50.42M (Peak 50.42M) | Time:00:00.32 | Syncing left pinky fingertip
Fra:1 Mem:50.43M (Peak 50.43M) | Time:00:00.32 | Syncing left opposed thumb
Fra:1 Mem:50.44M (Peak 50.44M) | Time:00:00.32 | Syncing left thumb fingertip
Fra:1 Mem:50.46M (Peak 50.46M) | Time:00:00.32 | Syncing right shoulder undercloth
Fra:1 Mem:50.51M (Peak 50.51M) | Time:00:00.32 | Syncing right hanging sode shoulder plate
Fra:1 Mem:50.53M (Peak 50.53M) | Time:00:00.32 | Syncing right hanging sode shoulder plate
Fra:1 Mem:50.55M (Peak 50.55M) | Time:00:00.32 | Syncing right hanging sode shoulder plate
Fra:1 Mem:50.57M (Peak 50.57M) | Time:00:00.32 | Syncing right hanging sode shoulder plate
Fra:1 Mem:50.59M (Peak 50.59M) | Time:00:00.32 | Syncing right armored upper arm
Fra:1 Mem:50.64M (Peak 50.64M) | Time:00:00.32 | Syncing right sode shoulder armor
Fra:1 Mem:50.69M (Peak 50.69M) | Time:00:00.32 | Syncing right kote forearm guard
Fra:1 Mem:50.74M (Peak 50.74M) | Time:00:00.32 | Syncing right leather palm volume
Fra:1 Mem:50.78M (Peak 50.78M) | Time:00:00.32 | Syncing right articulated index finger
Fra:1 Mem:50.79M (Peak 50.79M) | Time:00:00.32 | Syncing right index fingertip
Fra:1 Mem:50.80M (Peak 50.80M) | Time:00:00.32 | Syncing right articulated middle finger
Fra:1 Mem:50.81M (Peak 50.81M) | Time:00:00.32 | Syncing right middle fingertip
Fra:1 Mem:50.82M (Peak 50.82M) | Time:00:00.32 | Syncing right articulated ring finger
Fra:1 Mem:50.83M (Peak 50.83M) | Time:00:00.32 | Syncing right ring fingertip
Fra:1 Mem:50.84M (Peak 50.84M) | Time:00:00.32 | Syncing right articulated pinky finger
Fra:1 Mem:50.85M (Peak 50.85M) | Time:00:00.32 | Syncing right pinky fingertip
Fra:1 Mem:50.86M (Peak 50.86M) | Time:00:00.32 | Syncing right opposed thumb
Fra:1 Mem:50.87M (Peak 50.87M) | Time:00:00.32 | Syncing right thumb fingertip
Fra:1 Mem:50.89M (Peak 50.89M) | Time:00:00.32 | Syncing kusazuri skirt plate -1 row 1
Fra:1 Mem:50.90M (Peak 50.90M) | Time:00:00.32 | Syncing rear kusazuri skirt plate -1 row 
Fra:1 Mem:50.92M (Peak 50.92M) | Time:00:00.32 | Syncing kusazuri skirt plate -1 row 2
Fra:1 Mem:50.93M (Peak 50.93M) | Time:00:00.32 | Syncing rear kusazuri skirt plate -1 row 
Fra:1 Mem:50.94M (Peak 50.94M) | Time:00:00.32 | Syncing kusazuri skirt plate -1 row 3
Fra:1 Mem:50.96M (Peak 50.96M) | Time:00:00.32 | Syncing rear kusazuri skirt plate -1 row 
Fra:1 Mem:50.97M (Peak 50.97M) | Time:00:00.32 | Syncing kusazuri skirt plate +0 row 1
Fra:1 Mem:50.99M (Peak 50.99M) | Time:00:00.32 | Syncing rear kusazuri skirt plate +0 row 
Fra:1 Mem:51.00M (Peak 51.00M) | Time:00:00.32 | Syncing kusazuri skirt plate +0 row 2
Fra:1 Mem:51.01M (Peak 51.01M) | Time:00:00.32 | Syncing rear kusazuri skirt plate +0 row 
Fra:1 Mem:51.03M (Peak 51.03M) | Time:00:00.32 | Syncing kusazuri skirt plate +0 row 3
Fra:1 Mem:51.04M (Peak 51.04M) | Time:00:00.32 | Syncing rear kusazuri skirt plate +0 row 
Fra:1 Mem:51.06M (Peak 51.06M) | Time:00:00.32 | Syncing kusazuri skirt plate +1 row 1
Fra:1 Mem:51.07M (Peak 51.07M) | Time:00:00.32 | Syncing rear kusazuri skirt plate +1 row 
Fra:1 Mem:51.08M (Peak 51.08M) | Time:00:00.32 | Syncing kusazuri skirt plate +1 row 2
Fra:1 Mem:51.10M (Peak 51.10M) | Time:00:00.32 | Syncing rear kusazuri skirt plate +1 row 
Fra:1 Mem:51.11M (Peak 51.11M) | Time:00:00.32 | Syncing kusazuri skirt plate +1 row 3
Fra:1 Mem:51.13M (Peak 51.13M) | Time:00:00.32 | Syncing rear kusazuri skirt plate +1 row 
Fra:1 Mem:51.14M (Peak 51.14M) | Time:00:00.32 | Syncing left hakama trouser leg
Fra:1 Mem:51.20M (Peak 51.20M) | Time:00:00.32 | Syncing left shin greave
Fra:1 Mem:51.25M (Peak 51.25M) | Time:00:00.32 | Syncing left split-toe tabi foot volume
Fra:1 Mem:51.30M (Peak 51.30M) | Time:00:00.32 | Syncing left separated big toe
Fra:1 Mem:51.32M (Peak 51.32M) | Time:00:00.32 | Syncing left outer toe group
Fra:1 Mem:51.34M (Peak 51.34M) | Time:00:00.32 | Syncing left woven waraji sole grounded
Fra:1 Mem:51.35M (Peak 51.35M) | Time:00:00.32 | Syncing left sandal toe strap
Fra:1 Mem:51.36M (Peak 51.41M) | Time:00:00.32 | Syncing left heel strap
Fra:1 Mem:51.36M (Peak 51.41M) | Time:00:00.32 | Syncing left hakama pleat 1
Fra:1 Mem:51.37M (Peak 51.41M) | Time:00:00.32 | Syncing left hakama pleat 2
Fra:1 Mem:51.37M (Peak 51.41M) | Time:00:00.32 | Syncing left hakama pleat 3
Fra:1 Mem:51.38M (Peak 51.41M) | Time:00:00.32 | Syncing right hakama trouser leg
Fra:1 Mem:51.47M (Peak 51.47M) | Time:00:00.32 | Syncing right shin greave
Fra:1 Mem:51.52M (Peak 51.52M) | Time:00:00.32 | Syncing right split-toe tabi foot volume
Fra:1 Mem:51.57M (Peak 51.57M) | Time:00:00.32 | Syncing right separated big toe
Fra:1 Mem:51.59M (Peak 51.59M) | Time:00:00.32 | Syncing right outer toe group
Fra:1 Mem:51.61M (Peak 51.61M) | Time:00:00.32 | Syncing right woven waraji sole grounded
Fra:1 Mem:51.62M (Peak 51.62M) | Time:00:00.32 | Syncing right sandal toe strap
Fra:1 Mem:51.63M (Peak 51.63M) | Time:00:00.32 | Syncing right heel strap
Fra:1 Mem:51.63M (Peak 51.63M) | Time:00:00.32 | Syncing right hakama pleat 1
Fra:1 Mem:51.64M (Peak 51.64M) | Time:00:00.32 | Syncing right hakama pleat 2
Fra:1 Mem:51.64M (Peak 51.64M) | Time:00:00.32 | Syncing right hakama pleat 3
Fra:1 Mem:51.65M (Peak 51.65M) | Time:00:00.32 | Syncing drawn katana blade spine
Fra:1 Mem:51.66M (Peak 51.71M) | Time:00:00.33 | Syncing bright sharpened katana edge
Fra:1 Mem:51.67M (Peak 52.03M) | Time:00:00.33 | Syncing wrapped katana grip
Fra:1 Mem:51.68M (Peak 52.03M) | Time:00:00.33 | Syncing square tsuba guard
Fra:1 Mem:51.69M (Peak 52.03M) | Time:00:00.33 | Syncing lacquered saya scabbard at left h
Fra:1 Mem:51.70M (Peak 52.03M) | Time:00:00.33 | Syncing waist sash tying armor
Fra:1 Mem:51.70M (Peak 52.03M) | Time:00:00.33 | Syncing bamboo sashimono back pole
Fra:1 Mem:51.71M (Peak 52.03M) | Time:00:00.33 | Syncing small lacquered sashimono crossba
Fra:1 Mem:51.73M (Peak 52.03M) | Time:00:00.33 | Syncing cloth sashimono banner panel
Fra:1 Mem:51.74M (Peak 52.03M) | Time:00:00.33 | Syncing simple round clan mon on banner
Fra:1 Mem:51.78M (Peak 52.03M) | Time:00:00.33 | Syncing cool key
Fra:1 Mem:51.78M (Peak 52.03M) | Time:00:00.33 | Syncing rim
Fra:1 Mem:51.78M (Peak 52.03M) | Time:00:00.33 | Syncing hero cam
Fra:1 Mem:51.78M (Peak 52.03M) | Time:00:00.33 | Syncing samurai_v2_provenance
Fra:1 Mem:51.82M (Peak 52.03M) | Time:00:00.34 | Rendering 1 / 32 samples
Fra:1 Mem:49.42M (Peak 52.03M) | Time:00:03.00 | Rendering 26 / 32 samples
Fra:1 Mem:49.42M (Peak 52.03M) | Time:00:03.45 | Rendering 32 / 32 samples
Saved: '/tmp/factoryx-v22-render/samurai-repaired-full-20-v22/uesugi-01/samurai_character_hero.png'
 Time: 00:03.68 (Saving: 00:00.15)

ERROR (bke.modifier): ./source/blender/blenkernel/intern/modifier.cc:458 BKE_modifier_set_error: Object: "crest central rivet", Modifier: "weighted normals", Enable 'Auto Smooth' in Object Data Properties
ERROR (bke.modifier): ./source/blender/blenkernel/intern/modifier.cc:458 BKE_modifier_set_error: Object: "left side helmet flange", Modifier: "weighted normals", Enable 'Auto Smooth' in Object Data Properties
ERROR (bke.modifier): ./source/blender/blenkernel/intern/modifier.cc:458 BKE_modifier_set_error: Object: "layered rear shikoro neck guard", Modifier: "weighted normals", Enable 'Auto Smooth' in Object Data Properties
ERROR (bke.modifier): ./source/blender/blenkernel/intern/modifier.cc:458 BKE_modifier_set_error: Object: "wide kabuto brim", Modifier: "weighted normals", Enable 'Auto Smooth' in Object Data Properties
ERROR (bke.modifier): ./source/blender/blenkernel/intern/modifier.cc:458 BKE_modifier_set_error: Object: "segmented kabuto helmet bowl", Modifier: "weighted normals", Enable 'Auto Smooth' in Object Data Properties
ERROR (bke.modifier): ./source/blender/blenkernel/intern/modifier.cc:458 BKE_modifier_set_error: Object: "right side helmet flange", Modifier: "weighted normals", Enable 'Auto Smooth' in Object Data Properties
ERROR (bke.modifier): ./source/blender/blenkernel/intern/modifier.cc:458 BKE_modifier_set_error: Object: "left angular mempo cheek plate", Modifier: "weighted normals", Enable 'Auto Smooth' in Object Data Properties
ERROR (bke.modifier): ./source/blender/blenkernel/intern/modifier.cc:458 BKE_modifier_set_error: Object: "right narrow eye slit", Modifier: "weighted normals", Enable 'Auto Smooth' in Object Data Properties
ERROR (bke.modifier): ./source/blender/blenkernel/intern/modifier.cc:458 BKE_modifier_set_error: Object: "mempo nose ridge", Modifier: "weighted normals", Enable 'Auto Smooth' in Object Data Properties
ERROR (bke.modifier): ./source/blender/blenkernel/intern/modifier.cc:458 BKE_modifier_set_error: Object: "neck guard collar", Modifier: "weighted normals", Enable 'Auto Smooth' in Object Data Properties
ERROR (bke.modifier): ./source/blender/blenkernel/intern/modifier.cc:458 BKE_modifier_set_error: Object: "thin exposed neck", Modifier: "weighted normals", Enable 'Auto Smooth' in Object Data Properties
ERROR (bke.modifier): ./source/blender/blenkernel/intern/modifier.cc:458 BKE_modifier_set_error: Object: "mempo chin guard", Modifier: "weighted normals", Enable 'Auto Smooth' in Object Data Properties
ERROR (bke.modifier): ./source/blender/blenkernel/intern/modifier.cc:458 BKE_modifier_set_error: Object: "left narrow eye slit", Modifier: "weighted normals", Enable 'Auto Smooth' in Object Data Properties
ERROR (bke.modifier): ./source/blender/blenkernel/intern/modifier.cc:458 BKE_modifier_set_error: Object: "visible human head behind mempo", Modifier: "weighted normals", Enable 'Auto Smooth' in Object Data Properties
ERROR (bke.modifier): ./source/blender/blenkernel/intern/modifier.cc:458 BKE_modifier_set_error: Object: "throat guard row 1 bevelled lamellar plate 02", Modifier: "weighted normals", Enable 'Auto Smooth' in Object Data Properties
ERROR (bke.modifier): ./source/blender/blenkernel/intern/modifier.cc:458 BKE_modifier_set_error: Object: "right angular mempo cheek plate", Modifier: "weighted normals", Enable 'Auto Smooth' in Object Data Properties
ERROR (bke.modifier): ./source/blender/blenkernel/intern/modifier.cc:458 BKE_modifier_set_error: Object: "throat guard row 2 bevelled lamellar plate 02", Modifier: "weighted normals", Enable 'Auto Smooth' in Object Data Properties
ERROR (bke.modifier): ./source/blender/blenkernel/intern/modifier.cc:458 BKE_modifier_set_error: Object: "throat guard row 2 bevelled lamellar plate 01", Modifier: "weighted normals", Enable 'Auto Smooth' in Object Data Properties
ERROR (bke.modifier): ./source/blender/blenkernel/intern/modifier.cc:458 BKE_modifier_set_error: Object: "throat guard row 2 bevelled lamellar plate 04", Modifier: "weighted normals", Enable 'Auto Smooth' in Object Data Properties
ERROR (bke.modifier): ./source/blender/blenkernel/intern/modifier.cc:458 BKE_modifier_set_error: Object: "narrow waist under-kimono volume", Modifier: "weighted normals", Enable 'Auto Smooth' in Object Data Properties
ERROR (bke.modifier): ./source/blender/blenkernel/intern/modifier.cc:458 BKE_modifier_set_error: Object: "upper do cuirass fitted shell", Modifier: "weighted normals", Enable 'Auto Smooth' in Object Data Properties
ERROR (bke.modifier): ./source/blender/blenkernel/intern/modifier.cc:458 BKE_modifier_set_error: Object: "lower do cuirass narrowed shell", Modifier: "weighted normals", Enable 'Auto Smooth' in Object Data Properties
ERROR (bke.modifier): ./source/blender/blenkernel/intern/modifier.cc:458 BKE_modifier_set_error: Object: "throat guard row 2 bevelled lamellar plate 05", Modifier: "weighted normals", Enable 'Auto Smooth' in Object Data Properties
ERROR (bke.modifier): ./source/blender/blenkernel/intern/modifier.cc:458 BKE_modifier_set_error: Object: "throat guard row 1 bevelled lamellar plate 05", Modifier: "weighted normals", Enable 'Auto Smooth' in Object Data Properties
ERROR (bke.modifier): ./source/blender/blenkernel/intern/modifier.cc:458 BKE_modifier_set_error: Object: "throat guard row 2 bevelled lamellar plate 03", Modifier: "weighted normals", Enable 'Auto Smooth' in Object Data Properties
ERROR (bke.modifier): ./source/blender/blenkernel/intern/modifier.cc:458 BKE_modifier_set_error: Object: "throat guard row 1 bevelled lamellar plate 01", Modifier: "weighted normals", Enable 'Auto Smooth' in Object Data Properties
ERROR (bke.modifier): ./source/blender/blenkernel/intern/modifier.cc:458 BKE_modifier_set_error: Object: "ribcage under-kimono volume", Modifier: "weighted normals", Enable 'Auto Smooth' in Object Data Properties
ERROR (bke.modifier): ./source/blender/blenkernel/intern/modifier.cc:458 BKE_modifier_set_error: Object: "throat guard row 1 bevelled lamellar plate 03", Modifier: "weighted normals", Enable 'Auto Smooth' in Object Data Properties
ERROR (bke.modifier): ./source/blender/blenkernel/intern/modifier.cc:458 BKE_modifier_set_error: Object: "throat guard row 3 bevelled lamellar plate 04", Modifier: "weighted normals", Enable 'Auto Smooth' in Object Data Properties
ERROR (bke.modifier): ./source/blender/blenkernel/intern/modifier.cc:458 BKE_modifier_set_error: Object: "throat guard row 3 bevelled lamellar plate 03", Modifier: "weighted normals", Enable 'Auto Smooth' in Object Data Properties
ERROR (bke.modifier): ./source/blender/blenkernel/intern/modifier.cc:458 BKE_modifier_set_error: Object: "mempo grim mouth slit", Modifier: "weighted normals", Enable 'Auto Smooth' in Object Data Properties
ERROR (bke.modifier): ./source/blender/blenkernel/intern/modifier.cc:458 BKE_modifier_set_error: Object: "throat guard row 1 bevelled lamellar plate 04", Modifier: "weighted normals", Enable 'Auto Smooth' in Object Data Properties
ERROR (bke.modifier): ./source/blender/blenkernel/intern/modifier.cc:458 BKE_modifier_set_error: Object: "throat guard row 3 bevelled lamellar plate 01", Modifier: "weighted normals", Enable 'Auto Smooth' in Object Data Properties
ERROR (bke.modifier): ./source/blender/blenkernel/intern/modifier.cc:458 BKE_modifier_set_error: Object: "throat guard row 3 bevelled lamellar plate 05", Modifier: "weighted normals", Enable 'Auto Smooth' in Object Data Properties
ERROR (bke.modifier): ./source/blender/blenkernel/intern/modifier.cc:458 BKE_modifier_set_error: Object: "throat guard row 3 bevelled lamellar plate 02", Modifier: "weighted normals", Enable 'Auto Smooth' in Object Data Properties
ERROR (bke.modifier): ./source/blender/blenkernel/intern/modifier.cc:458 BKE_modifier_set_error: Object: "front cuirass row 1 bevelled lamellar plate 01", Modifier: "weighted normals", Enable 'Auto Smooth' in Object Data Properties
ERROR (bke.modifier): ./source/blender/blenkernel/intern/modifier.cc:458 BKE_modifier_set_error: Object: "front cuirass row 1 bevelled lamellar plate 08", Modifier: "weighted normals", Enable 'Auto Smooth' in Object Data Properties
ERROR (bke.modifier): ./source/blender/blenkernel/intern/modifier.cc:458 BKE_modifier_set_error: Object: "front cuirass row 1 bevelled lamellar plate 02", Modifier: "weighted normals", Enable 'Auto Smooth' in Object Data Properties
ERROR (bke.modifier): ./source/blender/blenkernel/intern/modifier.cc:458 BKE_modifier_set_error: Object: "matte charcoal inspection plinth", Modifier: "weighted normals", Enable 'Auto Smooth' in Object Data Properties
ERROR (bke.modifier): ./source/blender/blenkernel/intern/modifier.cc:458 BKE_modifier_set_error: Object: "front cuirass row 1 bevelled lamellar plate 03", Modifier: "weighted normals", Enable 'Auto Smooth' in Object Data Properties
ERROR (bke.modifier): ./source/blender/blenkernel/intern/modifier.cc:458 BKE_modifier_set_error: Object: "front cuirass row 1 bevelled lamellar plate 06", Modifier: "weighted normals", Enable 'Auto Smooth' in Object Data Properties
ERROR (bke.modifier): ./source/blender/blenkernel/intern/modifier.cc:458 BKE_modifier_set_error: Object: "front cuirass row 1 bevelled lamellar plate 05", Modifier: "weighted normals", Enable 'Auto Smooth' in Object Data Properties
ERROR (bke.modifier): ./source/blender/blenkernel/intern/modifier.cc:458 BKE_modifier_set_error: Object: "simple round clan mon on banner", Modifier: "weighted normals", Enable 'Auto Smooth' in Object Data Properties
ERROR (bke.modifier): ./source/blender/blenkernel/intern/modifier.cc:458 BKE_modifier_set_error: Object: "front cuirass row 1 bevelled lamellar plate 04", Modifier: "weighted normals", Enable 'Auto Smooth' in Object Data Properties
ERROR (bke.modifier): ./source/blender/blenkernel/intern/modifier.cc:458 BKE_modifier_set_error: Object: "front cuirass row 1 bevelled lamellar plate 07", Modifier: "weighted normals", Enable 'Auto Smooth' in Object Data Properties
ERROR (bke.modifier): ./source/blender/blenkernel/intern/modifier.cc:458 BKE_modifier_set_error: Object: "rear cuirass row 1 bevelled lamellar plate 02", Modifier: "weighted normals", Enable 'Auto Smooth' in Object Data Properties
ERROR (bke.modifier): ./source/blender/blenkernel/intern/modifier.cc:458 BKE_modifier_set_error: Object: "rear cuirass row 1 bevelled lamellar plate 01", Modifier: "weighted normals", Enable 'Auto Smooth' in Object Data Properties
ERROR (bke.modifier): ./source/blender/blenkernel/intern/modifier.cc:458 BKE_modifier_set_error: Object: "rear cuirass row 1 bevelled lamellar plate 04", Modifier: "weighted normals", Enable 'Auto Smooth' in Object Data Properties
ERROR (bke.modifier): ./source/blender/blenkernel/intern/modifier.cc:458 BKE_modifier_set_error: Object: "rear cuirass row 1 bevelled lamellar plate 05", Modifier: "weighted normals", Enable 'Auto Smooth' in Object Data Properties
ERROR (bke.modifier): ./source/blender/blenkernel/intern/modifier.cc:458 BKE_modifier_set_error: Object: "rear cuirass row 1 bevelled lamellar plate 06", Modifier: "weighted normals", Enable 'Auto Smooth' in Object Data Properties
ERROR (bke.modifier): ./source/blender/blenkernel/intern/modifier.cc:458 BKE_modifier_set_error: Object: "rear cuirass row 1 bevelled lamellar plate 03", Modifier: "weighted normals", Enable 'Auto Smooth' in Object Data Properties
ERROR (bke.modifier): ./source/blender/blenkernel/intern/modifier.cc:458 BKE_modifier_set_error: Object: "rear cuirass row 1 bevelled lamellar plate 07", Modifier: "weighted normals", Enable 'Auto Smooth' in Object Data Properties
ERROR (bke.modifier): ./source/blender/blenkernel/intern/modifier.cc:458 BKE_modifier_set_error: Object: "rear cuirass row 1 bevelled lamellar plate 08", Modifier: "weighted normals", Enable 'Auto Smooth' in Object Data Properties
ERROR (bke.modifier): ./source/blender/blenkernel/intern/modifier.cc:458 BKE_modifier_set_error: Object: "front cuirass row 2 bevelled lamellar plate 01", Modifier: "weighted normals", Enable 'Auto Smooth' in Object Data Properties
ERROR (bke.modifier): ./source/blender/blenkernel/intern/modifier.cc:458 BKE_modifier_set_error: Object: "front cuirass row 2 bevelled lamellar plate 02", Modifier: "weighted normals", Enable 'Auto Smooth' in Object Data Properties
ERROR (bke.modifier): ./source/blender/blenkernel/intern/modifier.cc:458 BKE_modifier_set_error: Object: "front cuirass row 2 bevelled lamellar plate 03", Modifier: "weighted normals", Enable 'Auto Smooth' in Object Data Properties
ERROR (bke.modifier): ./source/blender/blenkernel/intern/modifier.cc:458 BKE_modifier_set_error: Object: "front cuirass row 2 bevelled lamellar plate 04", Modifier: "weighted normals", Enable 'Auto Smooth' in Object Data Properties
ERROR (bke.modifier): ./source/blender/blenkernel/intern/modifier.cc:458 BKE_modifier_set_error: Object: "cloth sashimono banner panel", Modifier: "weighted normals", Enable 'Auto Smooth' in Object Data Properties
ERROR (bke.modifier): ./source/blender/blenkernel/intern/modifier.cc:458 BKE_modifier_set_error: Object: "front cuirass row 2 bevelled lamellar plate 05", Modifier: "weighted normals", Enable 'Auto Smooth' in Object Data Properties
ERROR (bke.modifier): ./source/blender/blenkernel/intern/modifier.cc:458 BKE_modifier_set_error: Object: "front cuirass row 2 bevelled lamellar plate 06", Modifier: "weighted normals", Enable 'Auto Smooth' in Object Data Properties
ERROR (bke.modifier): ./source/blender/blenkernel/intern/modifier.cc:458 BKE_modifier_set_error: Object: "rear cuirass row 2 bevelled lamellar plate 07", Modifier: "weighted normals", Enable 'Auto Smooth' in Object Data Properties
ERROR (bke.modifier): ./source/blender/blenkernel/intern/modifier.cc:458 BKE_modifier_set_error: Object: "front cuirass row 2 bevelled lamellar plate 07", Modifier: "weighted normals", Enable 'Auto Smooth' in Object Data Properties
ERROR (bke.modifier): ./source/blender/blenkernel/intern/modifier.cc:458 BKE_modifier_set_error: Object: "rear cuirass row 2 bevelled lamellar plate 03", Modifier: "weighted normals", Enable 'Auto Smooth' in Object Data Properties
ERROR (bke.modifier): ./source/blender/blenkernel/intern/modifier.cc:458 BKE_modifier_set_error: Object: "rear cuirass row 2 bevelled lamellar plate 05", Modifier: "weighted normals", Enable 'Auto Smooth' in Object Data Properties
ERROR (bke.modifier): ./source/blender/blenkernel/intern/modifier.cc:458 BKE_modifier_set_error: Object: "front cuirass row 2 bevelled lamellar plate 08", Modifier: "weighted normals", Enable 'Auto Smooth' in Object Data Properties
ERROR (bke.modifier): ./source/blender/blenkernel/intern/modifier.cc:458 BKE_modifier_set_error: Object: "front cuirass row 3 bevelled lamellar plate 02", Modifier: "weighted normals", Enable 'Auto Smooth' in Object Data Properties
ERROR (bke.modifier): ./source/blender/blenkernel/intern/modifier.cc:458 BKE_modifier_set_error: Object: "small lacquered sashimono crossbar", Modifier: "weighted normals", Enable 'Auto Smooth' in Object Data Properties
ERROR (bke.modifier): ./source/blender/blenkernel/intern/modifier.cc:458 BKE_modifier_set_error: Object: "rear cuirass row 2 bevelled lamellar plate 01", Modifier: "weighted normals", Enable 'Auto Smooth' in Object Data Properties
ERROR (bke.modifier): ./source/blender/blenkernel/intern/modifier.cc:458 BKE_modifier_set_error: Object: "rear cuirass row 2 bevelled lamellar plate 02", Modifier: "weighted normals", Enable 'Auto Smooth' in Object Data Properties
ERROR (bke.modifier): ./source/blender/blenkernel/intern/modifier.cc:458 BKE_modifier_set_error: Object: "rear cuirass row 2 bevelled lamellar plate 04", Modifier: "weighted normals", Enable 'Auto Smooth' in Object Data Properties
ERROR (bke.modifier): ./source/blender/blenkernel/intern/modifier.cc:458 BKE_modifier_set_error: Object: "front cuirass row 3 bevelled lamellar plate 01", Modifier: "weighted normals", Enable 'Auto Smooth' in Object Data Properties
ERROR (bke.modifier): ./source/blender/blenkernel/intern/modifier.cc:458 BKE_modifier_set_error: Object: "rear cuirass row 2 bevelled lamellar plate 06", Modifier: "weighted normals", Enable 'Auto Smooth' in Object Data Properties
ERROR (bke.modifier): ./source/blender/blenkernel/intern/modifier.cc:458 BKE_modifier_set_error: Object: "front cuirass row 3 bevelled lamellar plate 04", Modifier: "weighted normals", Enable 'Auto Smooth' in Object Data Properties
ERROR (bke.modifier): ./source/blender/blenkernel/intern/modifier.cc:458 BKE_modifier_set_error: Object: "rear cuirass row 2 bevelled lamellar plate 08", Modifier: "weighted normals", Enable 'Auto Smooth' in Object Data Properties
ERROR (bke.modifier): ./source/blender/blenkernel/intern/modifier.cc:458 BKE_modifier_set_error: Object: "front cuirass row 3 bevelled lamellar plate 03", Modifier: "weighted normals", Enable 'Auto Smooth' in Object Data Properties
ERROR (bke.modifier): ./source/blender/blenkernel/intern/modifier.cc:458 BKE_modifier_set_error: Object: "front cuirass row 3 bevelled lamellar plate 07", Modifier: "weighted normals", Enable 'Auto Smooth' in Object Data Properties
ERROR (bke.modifier): ./source/blender/blenkernel/intern/modifier.cc:458 BKE_modifier_set_error: Object: "front cuirass row 3 bevelled lamellar plate 08", Modifier: "weighted normals", Enable 'Auto Smooth' in Object Data Properties
ERROR (bke.modifier): ./source/blender/blenkernel/intern/modifier.cc:458 BKE_modifier_set_error: Object: "front cuirass row 3 bevelled lamellar plate 05", Modifier: "weighted normals", Enable 'Auto Smooth' in Object Data Properties
ERROR (bke.modifier): ./source/blender/blenkernel/intern/modifier.cc:458 BKE_modifier_set_error: Object: "rear cuirass row 3 bevelled lamellar plate 01", Modifier: "weighted normals", Enable 'Auto Smooth' in Object Data Properties
ERROR (bke.modifier): ./source/blender/blenkernel/intern/modifier.cc:458 BKE_modifier_set_error: Object: "front cuirass row 3 bevelled lamellar plate 06", Modifier: "weighted normals", Enable 'Auto Smooth' in Object Data Properties
ERROR (bke.modifier): ./source/blender/blenkernel/intern/modifier.cc:458 BKE_modifier_set_error: Object: "rear cuirass row 3 bevelled lamellar plate 02", Modifier: "weighted normals", Enable 'Auto Smooth' in Object Data Properties
ERROR (bke.modifier): ./source/blender/blenkernel/intern/modifier.cc:458 BKE_modifier_set_error: Object: "rear cuirass row 3 bevelled lamellar plate 04", Modifier: "weighted normals", Enable 'Auto Smooth' in Object Data Properties
ERROR (bke.modifier): ./source/blender/blenkernel/intern/modifier.cc:458 BKE_modifier_set_error: Object: "rear cuirass row 3 bevelled lamellar plate 05", Modifier: "weighted normals", Enable 'Auto Smooth' in Object Data Properties
ERROR (bke.modifier): ./source/blender/blenkernel/intern/modifier.cc:458 BKE_modifier_set_error: Object: "front cuirass row 4 bevelled lamellar plate 03", Modifier: "weighted normals", Enable 'Auto Smooth' in Object Data Properties
ERROR (bke.modifier): ./source/blender/blenkernel/intern/modifier.cc:458 BKE_modifier_set_error: Object: "rear cuirass row 3 bevelled lamellar plate 03", Modifier: "weighted normals", Enable 'Auto Smooth' in Object Data Properties
ERROR (bke.modifier): ./source/blender/blenkernel/intern/modifier.cc:458 BKE_modifier_set_error: Object: "rear cuirass row 3 bevelled lamellar plate 06", Modifier: "weighted normals", Enable 'Auto Smooth' in Object Data Properties
ERROR (bke.modifier): ./source/blender/blenkernel/intern/modifier.cc:458 BKE_modifier_set_error: Object: "rear cuirass row 3 bevelled lamellar plate 08", Modifier: "weighted normals", Enable 'Auto Smooth' in Object Data Properties
ERROR (bke.modifier): ./source/blender/blenkernel/intern/modifier.cc:458 BKE_modifier_set_error: Object: "rear cuirass row 3 bevelled lamellar plate 07", Modifier: "weighted normals", Enable 'Auto Smooth' in Object Data Properties
ERROR (bke.modifier): ./source/blender/blenkernel/intern/modifier.cc:458 BKE_modifier_set_error: Object: "front cuirass row 4 bevelled lamellar plate 01", Modifier: "weighted normals", Enable 'Auto Smooth' in Object Data Properties
ERROR (bke.modifier): ./source/blender/blenkernel/intern/modifier.cc:458 BKE_modifier_set_error: Object: "front cuirass row 4 bevelled lamellar plate 02", Modifier: "weighted normals", Enable 'Auto Smooth' in Object Data Properties
ERROR (bke.modifier): ./source/blender/blenkernel/intern/modifier.cc:458 BKE_modifier_set_error: Object: "square tsuba guard", Modifier: "weighted normals", Enable 'Auto Smooth' in Object Data Properties
ERROR (bke.modifier): ./source/blender/blenkernel/intern/modifier.cc:458 BKE_modifier_set_error: Object: "front cuirass row 4 bevelled lamellar plate 04", Modifier: "weighted normals", Enable 'Auto Smooth' in Object Data Properties
ERROR (bke.modifier): ./source/blender/blenkernel/intern/modifier.cc:458 BKE_modifier_set_error: Object: "wrapped katana grip", Modifier: "weighted normals", Enable 'Auto Smooth' in Object Data Properties
ERROR (bke.modifier): ./source/blender/blenkernel/intern/modifier.cc:458 BKE_modifier_set_error: Object: "front cuirass row 4 bevelled lamellar plate 05", Modifier: "weighted normals", Enable 'Auto Smooth' in Object Data Properties
ERROR (bke.modifier): ./source/blender/blenkernel/intern/modifier.cc:458 BKE_modifier_set_error: Object: "front cuirass row 4 bevelled lamellar plate 07", Modifier: "weighted normals", Enable 'Auto Smooth' in Object Data Properties
ERROR (bke.modifier): ./source/blender/blenkernel/intern/modifier.cc:458 BKE_modifier_set_error: Object: "front cuirass row 4 bevelled lamellar plate 06", Modifier: "weighted normals", Enable 'Auto Smooth' in Object Data Properties
ERROR (bke.modifier): ./source/blender/blenkernel/intern/modifier.cc:458 BKE_modifier_set_error: Object: "rear cuirass row 4 bevelled lamellar plate 04", Modifier: "weighted normals", Enable 'Auto Smooth' in Object Data Properties
ERROR (bke.modifier): ./source/blender/blenkernel/intern/modifier.cc:458 BKE_modifier_set_error: Object: "front cuirass row 4 bevelled lamellar plate 08", Modifier: "weighted normals", Enable 'Auto Smooth' in Object Data Properties
ERROR (bke.modifier): ./source/blender/blenkernel/intern/modifier.cc:458 BKE_modifier_set_error: Object: "rear cuirass row 4 bevelled lamellar plate 02", Modifier: "weighted normals", Enable 'Auto Smooth' in Object Data Properties
ERROR (bke.modifier): ./source/blender/blenkernel/intern/modifier.cc:458 BKE_modifier_set_error: Object: "rear cuirass row 4 bevelled lamellar plate 01", Modifier: "weighted normals", Enable 'Auto Smooth' in Object Data Properties
ERROR (bke.modifier): ./source/blender/blenkernel/intern/modifier.cc:458 BKE_modifier_set_error: Object: "rear cuirass row 4 bevelled lamellar plate 03", Modifier: "weighted normals", Enable 'Auto Smooth' in Object Data Properties
ERROR (bke.modifier): ./source/blender/blenkernel/intern/modifier.cc:458 BKE_modifier_set_error: Object: "rear cuirass row 4 bevelled lamellar plate 08", Modifier: "weighted normals", Enable 'Auto Smooth' in Object Data Properties
ERROR (bke.modifier): ./source/blender/blenkernel/intern/modifier.cc:458 BKE_modifier_set_error: Object: "rear cuirass row 4 bevelled lamellar plate 06", Modifier: "weighted normals", Enable 'Auto Smooth' in Object Data Properties
ERROR (bke.modifier): ./source/blender/blenkernel/intern/modifier.cc:458 BKE_modifier_set_error: Object: "rear cuirass row 4 bevelled lamellar plate 05", Modifier: "weighted normals", Enable 'Auto Smooth' in Object Data Properties
ERROR (bke.modifier): ./source/blender/blenkernel/intern/modifier.cc:458 BKE_modifier_set_error: Object: "rear cuirass row 4 bevelled lamellar plate 07", Modifier: "weighted normals", Enable 'Auto Smooth' in Object Data Properties
ERROR (bke.modifier): ./source/blender/blenkernel/intern/modifier.cc:458 BKE_modifier_set_error: Object: "front cuirass row 5 bevelled lamellar plate 02", Modifier: "weighted normals", Enable 'Auto Smooth' in Object Data Properties
ERROR (bke.modifier): ./source/blender/blenkernel/intern/modifier.cc:458 BKE_modifier_set_error: Object: "front cuirass row 5 bevelled lamellar plate 07", Modifier: "weighted normals", Enable 'Auto Smooth' in Object Data Properties
ERROR (bke.modifier): ./source/blender/blenkernel/intern/modifier.cc:458 BKE_modifier_set_error: Object: "front cuirass row 5 bevelled lamellar plate 01", Modifier: "weighted normals", Enable 'Auto Smooth' in Object Data Properties
ERROR (bke.modifier): ./source/blender/blenkernel/intern/modifier.cc:458 BKE_modifier_set_error: Object: "front cuirass row 5 bevelled lamellar plate 04", Modifier: "weighted normals", Enable 'Auto Smooth' in Object Data Properties
ERROR (bke.modifier): ./source/blender/blenkernel/intern/modifier.cc:458 BKE_modifier_set_error: Object: "front cuirass row 5 bevelled lamellar plate 08", Modifier: "weighted normals", Enable 'Auto Smooth' in Object Data Properties
ERROR (bke.modifier): ./source/blender/blenkernel/intern/modifier.cc:458 BKE_modifier_set_error: Object: "front cuirass row 5 bevelled lamellar plate 06", Modifier: "weighted normals", Enable 'Auto Smooth' in Object Data Properties
ERROR (bke.modifier): ./source/blender/blenkernel/intern/modifier.cc:458 BKE_modifier_set_error: Object: "front cuirass row 5 bevelled lamellar plate 03", Modifier: "weighted normals", Enable 'Auto Smooth' in Object Data Properties
ERROR (bke.modifier): ./source/blender/blenkernel/intern/modifier.cc:458 BKE_modifier_set_error: Object: "rear cuirass row 5 bevelled lamellar plate 02", Modifier: "weighted normals", Enable 'Auto Smooth' in Object Data Properties
ERROR (bke.modifier): ./source/blender/blenkernel/intern/modifier.cc:458 BKE_modifier_set_error: Object: "front cuirass row 5 bevelled lamellar plate 05", Modifier: "weighted normals", Enable 'Auto Smooth' in Object Data Properties
ERROR (bke.modifier): ./source/blender/blenkernel/intern/modifier.cc:458 BKE_modifier_set_error: Object: "rear cuirass row 5 bevelled lamellar plate 01", Modifier: "weighted normals", Enable 'Auto Smooth' in Object Data Properties
ERROR (bke.modifier): ./source/blender/blenkernel/intern/modifier.cc:458 BKE_modifier_set_error: Object: "left shoulder undercloth", Modifier: "weighted normals", Enable 'Auto Smooth' in Object Data Properties
ERROR (bke.modifier): ./source/blender/blenkernel/intern/modifier.cc:458 BKE_modifier_set_error: Object: "left side cuirass plate 1", Modifier: "weighted normals", Enable 'Auto Smooth' in Object Data Properties
ERROR (bke.modifier): ./source/blender/blenkernel/intern/modifier.cc:458 BKE_modifier_set_error: Object: "rear cuirass row 5 bevelled lamellar plate 03", Modifier: "weighted normals", Enable 'Auto Smooth' in Object Data Properties
ERROR (bke.modifier): ./source/blender/blenkernel/intern/modifier.cc:458 BKE_modifier_set_error: Object: "rear cuirass row 5 bevelled lamellar plate 05", Modifier: "weighted normals", Enable 'Auto Smooth' in Object Data Properties
ERROR (bke.modifier): ./source/blender/blenkernel/intern/modifier.cc:458 BKE_modifier_set_error: Object: "left armored upper arm", Modifier: "weighted normals", Enable 'Auto Smooth' in Object Data Properties
ERROR (bke.modifier): ./source/blender/blenkernel/intern/modifier.cc:458 BKE_modifier_set_error: Object: "left sode shoulder armor", Modifier: "weighted normals", Enable 'Auto Smooth' in Object Data Properties
ERROR (bke.modifier): ./source/blender/blenkernel/intern/modifier.cc:458 BKE_modifier_set_error: Object: "right side cuirass plate 2", Modifier: "weighted normals", Enable 'Auto Smooth' in Object Data Properties
ERROR (bke.modifier): ./source/blender/blenkernel/intern/modifier.cc:458 BKE_modifier_set_error: Object: "left side cuirass plate 2", Modifier: "weighted normals", Enable 'Auto Smooth' in Object Data Properties
ERROR (bke.modifier): ./source/blender/blenkernel/intern/modifier.cc:458 BKE_modifier_set_error: Object: "left kote forearm guard", Modifier: "weighted normals", Enable 'Auto Smooth' in Object Data Properties
ERROR (bke.modifier): ./source/blender/blenkernel/intern/modifier.cc:458 BKE_modifier_set_error: Object: "left leather palm volume", Modifier: "weighted normals", Enable 'Auto Smooth' in Object Data Properties
ERROR (bke.modifier): ./source/blender/blenkernel/intern/modifier.cc:458 BKE_modifier_set_error: Object: "rear cuirass row 5 bevelled lamellar plate 07", Modifier: "weighted normals", Enable 'Auto Smooth' in Object Data Properties
ERROR (bke.modifier): ./source/blender/blenkernel/intern/modifier.cc:458 BKE_modifier_set_error: Object: "rear cuirass row 5 bevelled lamellar plate 08", Modifier: "weighted normals", Enable 'Auto Smooth' in Object Data Properties
ERROR (bke.modifier): ./source/blender/blenkernel/intern/modifier.cc:458 BKE_modifier_set_error: Object: "rear cuirass row 5 bevelled lamellar plate 04", Modifier: "weighted normals", Enable 'Auto Smooth' in Object Data Properties
ERROR (bke.modifier): ./source/blender/blenkernel/intern/modifier.cc:458 BKE_modifier_set_error: Object: "left side cuirass plate 3", Modifier: "weighted normals", Enable 'Auto Smooth' in Object Data Properties
ERROR (bke.modifier): ./source/blender/blenkernel/intern/modifier.cc:458 BKE_modifier_set_error: Object: "right side cuirass plate 1", Modifier: "weighted normals", Enable 'Auto Smooth' in Object Data Properties
ERROR (bke.modifier): ./source/blender/blenkernel/intern/modifier.cc:458 BKE_modifier_set_error: Object: "left index fingertip", Modifier: "weighted normals", Enable 'Auto Smooth' in Object Data Properties
ERROR (bke.modifier): ./source/blender/blenkernel/intern/modifier.cc:458 BKE_modifier_set_error: Object: "right side cuirass plate 3", Modifier: "weighted normals", Enable 'Auto Smooth' in Object Data Properties
ERROR (bke.modifier): ./source/blender/blenkernel/intern/modifier.cc:458 BKE_modifier_set_error: Object: "rear cuirass row 5 bevelled lamellar plate 06", Modifier: "weighted normals", Enable 'Auto Smooth' in Object Data Properties
ERROR (bke.modifier): ./source/blender/blenkernel/intern/modifier.cc:458 BKE_modifier_set_error: Object: "left middle fingertip", Modifier: "weighted normals", Enable 'Auto Smooth' in Object Data Properties
ERROR (bke.modifier): ./source/blender/blenkernel/intern/modifier.cc:458 BKE_modifier_set_error: Object: "left ring fingertip", Modifier: "weighted normals", Enable 'Auto Smooth' in Object Data Properties
ERROR (bke.modifier): ./source/blender/blenkernel/intern/modifier.cc:458 BKE_modifier_set_error: Object: "left pinky fingertip", Modifier: "weighted normals", Enable 'Auto Smooth' in Object Data Properties
ERROR (bke.modifier): ./source/blender/blenkernel/intern/modifier.cc:458 BKE_modifier_set_error: Object: "left thumb fingertip", Modifier: "weighted normals", Enable 'Auto Smooth' in Object Data Properties
ERROR (bke.modifier): ./source/blender/blenkernel/intern/modifier.cc:458 BKE_modifier_set_error: Object: "left hanging sode shoulder plate 2", Modifier: "weighted normals", Enable 'Auto Smooth' in Object Data Properties
ERROR (bke.modifier): ./source/blender/blenkernel/intern/modifier.cc:458 BKE_modifier_set_error: Object: "right shoulder undercloth", Modifier: "weighted normals", Enable 'Auto Smooth' in Object Data Properties
ERROR (bke.modifier): ./source/blender/blenkernel/intern/modifier.cc:458 BKE_modifier_set_error: Object: "right armored upper arm", Modifier: "weighted normals", Enable 'Auto Smooth' in Object Data Properties
ERROR (bke.modifier): ./source/blender/blenkernel/intern/modifier.cc:458 BKE_modifier_set_error: Object: "right sode shoulder armor", Modifier: "weighted normals", Enable 'Auto Smooth' in Object Data Properties
ERROR (bke.modifier): ./source/blender/blenkernel/intern/modifier.cc:458 BKE_modifier_set_error: Object: "left hanging sode shoulder plate 1", Modifier: "weighted normals", Enable 'Auto Smooth' in Object Data Properties
ERROR (bke.modifier): ./source/blender/blenkernel/intern/modifier.cc:458 BKE_modifier_set_error: Object: "right kote forearm guard", Modifier: "weighted normals", Enable 'Auto Smooth' in Object Data Properties
ERROR (bke.modifier): ./source/blender/blenkernel/intern/modifier.cc:458 BKE_modifier_set_error: Object: "right leather palm volume", Modifier: "weighted normals", Enable 'Auto Smooth' in Object Data Properties
ERROR (bke.modifier): ./source/blender/blenkernel/intern/modifier.cc:458 BKE_modifier_set_error: Object: "right index fingertip", Modifier: "weighted normals", Enable 'Auto Smooth' in Object Data Properties
ERROR (bke.modifier): ./source/blender/blenkernel/intern/modifier.cc:458 BKE_modifier_set_error: Object: "left hanging sode shoulder plate 3", Modifier: "weighted normals", Enable 'Auto Smooth' in Object Data Properties
ERROR (bke.modifier): ./source/blender/blenkernel/intern/modifier.cc:458 BKE_modifier_set_error: Object: "left hanging sode shoulder plate 4", Modifier: "weighted normals", Enable 'Auto Smooth' in Object Data Properties
ERROR (bke.modifier): ./source/blender/blenkernel/intern/modifier.cc:458 BKE_modifier_set_error: Object: "right pinky fingertip", Modifier: "weighted normals", Enable 'Auto Smooth' in Object Data Properties
ERROR (bke.modifier): ./source/blender/blenkernel/intern/modifier.cc:458 BKE_modifier_set_error: Object: "right middle fingertip", Modifier: "weighted normals", Enable 'Auto Smooth' in Object Data Properties
ERROR (bke.modifier): ./source/blender/blenkernel/intern/modifier.cc:458 BKE_modifier_set_error: Object: "right ring fingertip", Modifier: "weighted normals", Enable 'Auto Smooth' in Object Data Properties
ERROR (bke.modifier): ./source/blender/blenkernel/intern/modifier.cc:458 BKE_modifier_set_error: Object: "right woven waraji sole grounded", Modifier: "weighted normals", Enable 'Auto Smooth' in Object Data Properties
ERROR (bke.modifier): ./source/blender/blenkernel/intern/modifier.cc:458 BKE_modifier_set_error: Object: "right thumb fingertip", Modifier: "weighted normals", Enable 'Auto Smooth' in Object Data Properties
ERROR (bke.modifier): ./source/blender/blenkernel/intern/modifier.cc:458 BKE_modifier_set_error: Object: "right outer toe group", Modifier: "weighted normals", Enable 'Auto Smooth' in Object Data Properties
ERROR (bke.modifier): ./source/blender/blenkernel/intern/modifier.cc:458 BKE_modifier_set_error: Object: "right separated big toe", Modifier: "weighted normals", Enable 'Auto Smooth' in Object Data Properties
ERROR (bke.modifier): ./source/blender/blenkernel/intern/modifier.cc:458 BKE_modifier_set_error: Object: "right hanging sode shoulder plate 4", Modifier: "weighted normals", Enable 'Auto Smooth' in Object Data Properties
ERROR (bke.modifier): ./source/blender/blenkernel/intern/modifier.cc:458 BKE_modifier_set_error: Object: "right split-toe tabi foot volume", Modifier: "weighted normals", Enable 'Auto Smooth' in Object Data Properties
ERROR (bke.modifier): ./source/blender/blenkernel/intern/modifier.cc:458 BKE_modifier_set_error: Object: "rear kusazuri skirt plate -1 row 2", Modifier: "weighted normals", Enable 'Auto Smooth' in Object Data Properties
ERROR (bke.modifier): ./source/blender/blenkernel/intern/modifier.cc:458 BKE_modifier_set_error: Object: "right hanging sode shoulder plate 1", Modifier: "weighted normals", Enable 'Auto Smooth' in Object Data Properties
ERROR (bke.modifier): ./source/blender/blenkernel/intern/modifier.cc:458 BKE_modifier_set_error: Object: "right hanging sode shoulder plate 3", Modifier: "weighted normals", Enable 'Auto Smooth' in Object Data Properties
ERROR (bke.modifier): ./source/blender/blenkernel/intern/modifier.cc:458 BKE_modifier_set_error: Object: "right hanging sode shoulder plate 2", Modifier: "weighted normals", Enable 'Auto Smooth' in Object Data Properties
ERROR (bke.modifier): ./source/blender/blenkernel/intern/modifier.cc:458 BKE_modifier_set_error: Object: "kusazuri skirt plate -1 row 1", Modifier: "weighted normals", Enable 'Auto Smooth' in Object Data Properties
ERROR (bke.modifier): ./source/blender/blenkernel/intern/modifier.cc:458 BKE_modifier_set_error: Object: "right shin greave", Modifier: "weighted normals", Enable 'Auto Smooth' in Object Data Properties
ERROR (bke.modifier): ./source/blender/blenkernel/intern/modifier.cc:458 BKE_modifier_set_error: Object: "rear kusazuri skirt plate -1 row 1", Modifier: "weighted normals", Enable 'Auto Smooth' in Object Data Properties
ERROR (bke.modifier): ./source/blender/blenkernel/intern/modifier.cc:458 BKE_modifier_set_error: Object: "kusazuri skirt plate -1 row 3", Modifier: "weighted normals", Enable 'Auto Smooth' in Object Data Properties
ERROR (bke.modifier): ./source/blender/blenkernel/intern/modifier.cc:458 BKE_modifier_set_error: Object: "rear kusazuri skirt plate -1 row 3", Modifier: "weighted normals", Enable 'Auto Smooth' in Object Data Properties
ERROR (bke.modifier): ./source/blender/blenkernel/intern/modifier.cc:458 BKE_modifier_set_error: Object: "kusazuri skirt plate +0 row 1", Modifier: "weighted normals", Enable 'Auto Smooth' in Object Data Properties
ERROR (bke.modifier): ./source/blender/blenkernel/intern/modifier.cc:458 BKE_modifier_set_error: Object: "kusazuri skirt plate +0 row 2", Modifier: "weighted normals", Enable 'Auto Smooth' in Object Data Properties
ERROR (bke.modifier): ./source/blender/blenkernel/intern/modifier.cc:458 BKE_modifier_set_error: Object: "rear kusazuri skirt plate +0 row 2", Modifier: "weighted normals", Enable 'Auto Smooth' in Object Data Properties
ERROR (bke.modifier): ./source/blender/blenkernel/intern/modifier.cc:458 BKE_modifier_set_error: Object: "kusazuri skirt plate -1 row 2", Modifier: "weighted normals", Enable 'Auto Smooth' in Object Data Properties
ERROR (bke.modifier): ./source/blender/blenkernel/intern/modifier.cc:458 BKE_modifier_set_error: Object: "right hakama trouser leg", Modifier: "weighted normals", Enable 'Auto Smooth' in Object Data Properties
ERROR (bke.modifier): ./source/blender/blenkernel/intern/modifier.cc:458 BKE_modifier_set_error: Object: "rear kusazuri skirt plate +0 row 1", Modifier: "weighted normals", Enable 'Auto Smooth' in Object Data Properties
ERROR (bke.modifier): ./source/blender/blenkernel/intern/modifier.cc:458 BKE_modifier_set_error: Object: "rear kusazuri skirt plate +0 row 3", Modifier: "weighted normals", Enable 'Auto Smooth' in Object Data Properties
ERROR (bke.modifier): ./source/blender/blenkernel/intern/modifier.cc:458 BKE_modifier_set_error: Object: "kusazuri skirt plate +1 row 1", Modifier: "weighted normals", Enable 'Auto Smooth' in Object Data Properties
ERROR (bke.modifier): ./source/blender/blenkernel/intern/modifier.cc:458 BKE_modifier_set_error: Object: "left shin greave", Modifier: "weighted normals", Enable 'Auto Smooth' in Object Data Properties
ERROR (bke.modifier): ./source/blender/blenkernel/intern/modifier.cc:458 BKE_modifier_set_error: Object: "left outer toe group", Modifier: "weighted normals", Enable 'Auto Smooth' in Object Data Properties
ERROR (bke.modifier): ./source/blender/blenkernel/intern/modifier.cc:458 BKE_modifier_set_error: Object: "left separated big toe", Modifier: "weighted normals", Enable 'Auto Smooth' in Object Data Properties
ERROR (bke.modifier): ./source/blender/blenkernel/intern/modifier.cc:458 BKE_modifier_set_error: Object: "kusazuri skirt plate +0 row 3", Modifier: "weighted normals", Enable 'Auto Smooth' in Object Data Properties
ERROR (bke.modifier): ./source/blender/blenkernel/intern/modifier.cc:458 BKE_modifier_set_error: Object: "left hakama trouser leg", Modifier: "weighted normals", Enable 'Auto Smooth' in Object Data Properties
ERROR (bke.modifier): ./source/blender/blenkernel/intern/modifier.cc:458 BKE_modifier_set_error: Object: "kusazuri skirt plate +1 row 3", Modifier: "weighted normals", Enable 'Auto Smooth' in Object Data Properties
ERROR (bke.modifier): ./source/blender/blenkernel/intern/modifier.cc:458 BKE_modifier_set_error: Object: "left split-toe tabi foot volume", Modifier: "weighted normals", Enable 'Auto Smooth' in Object Data Properties
ERROR (bke.modifier): ./source/blender/blenkernel/intern/modifier.cc:458 BKE_modifier_set_error: Object: "rear kusazuri skirt plate +1 row 3", Modifier: "weighted normals", Enable 'Auto Smooth' in Object Data Properties
ERROR (bke.modifier): ./source/blender/blenkernel/intern/modifier.cc:458 BKE_modifier_set_error: Object: "kusazuri skirt plate +1 row 2", Modifier: "weighted normals", Enable 'Auto Smooth' in Object Data Properties
ERROR (bke.modifier): ./source/blender/blenkernel/intern/modifier.cc:458 BKE_modifier_set_error: Object: "rear kusazuri skirt plate +1 row 2", Modifier: "weighted normals", Enable 'Auto Smooth' in Object Data Properties
ERROR (bke.modifier): ./source/blender/blenkernel/intern/modifier.cc:458 BKE_modifier_set_error: Object: "rear kusazuri skirt plate +1 row 1", Modifier: "weighted normals", Enable 'Auto Smooth' in Object Data Properties
ERROR (bke.modifier): ./source/blender/blenkernel/intern/modifier.cc:458 BKE_modifier_set_error: Object: "left woven waraji sole grounded", Modifier: "weighted normals", Enable 'Auto Smooth' in Object Data Properties
Fra:1 Mem:47.25M (Peak 47.27M) | Time:00:00.06 | Syncing matte charcoal inspection plinth
Fra:1 Mem:47.26M (Peak 47.31M) | Time:00:00.06 | Syncing ribcage under-kimono volume
Fra:1 Mem:47.35M (Peak 47.35M) | Time:00:00.06 | Syncing narrow waist under-kimono volume
Fra:1 Mem:47.42M (Peak 47.42M) | Time:00:00.06 | Syncing visible human head behind mempo
Fra:1 Mem:47.51M (Peak 47.51M) | Time:00:00.06 | Syncing thin exposed neck
Fra:1 Mem:47.52M (Peak 47.53M) | Time:00:00.06 | Syncing neck guard collar
Fra:1 Mem:47.54M (Peak 47.58M) | Time:00:00.06 | Syncing segmented kabuto helmet bowl
Fra:1 Mem:47.71M (Peak 47.71M) | Time:00:00.06 | Syncing wide kabuto brim
Fra:1 Mem:47.73M (Peak 47.73M) | Time:00:00.06 | Syncing layered rear shikoro neck guard
Fra:1 Mem:47.75M (Peak 47.75M) | Time:00:00.06 | Syncing left side helmet flange
Fra:1 Mem:47.76M (Peak 47.76M) | Time:00:00.06 | Syncing right side helmet flange
Fra:1 Mem:47.77M (Peak 47.77M) | Time:00:00.06 | Syncing golden maedate crescent crest
Fra:1 Mem:47.79M (Peak 47.84M) | Time:00:00.06 | Syncing crest central rivet
Fra:1 Mem:47.80M (Peak 47.84M) | Time:00:00.06 | Syncing left angular mempo cheek plate
Fra:1 Mem:47.82M (Peak 47.86M) | Time:00:00.06 | Syncing right angular mempo cheek plate
Fra:1 Mem:47.84M (Peak 47.86M) | Time:00:00.06 | Syncing mempo chin guard
Fra:1 Mem:47.86M (Peak 47.86M) | Time:00:00.06 | Syncing mempo nose ridge
Fra:1 Mem:47.87M (Peak 47.87M) | Time:00:00.06 | Syncing left narrow eye slit
Fra:1 Mem:47.89M (Peak 47.89M) | Time:00:00.06 | Syncing right narrow eye slit
Fra:1 Mem:47.90M (Peak 47.90M) | Time:00:00.06 | Syncing mempo grim mouth slit
Fra:1 Mem:47.91M (Peak 47.91M) | Time:00:00.06 | Syncing left mask moustache bristle
Fra:1 Mem:47.92M (Peak 47.92M) | Time:00:00.06 | Syncing right mask moustache bristle
Fra:1 Mem:47.93M (Peak 47.93M) | Time:00:00.06 | Syncing throat guard row 1 bevelled lamel
Fra:1 Mem:47.95M (Peak 47.95M) | Time:00:00.06 | Syncing throat guard row 1 bevelled lamel
Fra:1 Mem:47.97M (Peak 47.97M) | Time:00:00.06 | Syncing throat guard row 1 bevelled lamel
Fra:1 Mem:47.99M (Peak 47.99M) | Time:00:00.06 | Syncing throat guard row 1 bevelled lamel
Fra:1 Mem:48.01M (Peak 48.01M) | Time:00:00.06 | Syncing throat guard row 1 bevelled lamel
Fra:1 Mem:48.02M (Peak 48.02M) | Time:00:00.06 | Syncing throat guard row 2 bevelled lamel
Fra:1 Mem:48.04M (Peak 48.04M) | Time:00:00.06 | Syncing throat guard row 2 bevelled lamel
Fra:1 Mem:48.06M (Peak 48.06M) | Time:00:00.06 | Syncing throat guard row 2 bevelled lamel
Fra:1 Mem:48.08M (Peak 48.08M) | Time:00:00.06 | Syncing throat guard row 2 bevelled lamel
Fra:1 Mem:48.10M (Peak 48.10M) | Time:00:00.06 | Syncing throat guard row 2 bevelled lamel
Fra:1 Mem:48.12M (Peak 48.12M) | Time:00:00.06 | Syncing throat guard row 3 bevelled lamel
Fra:1 Mem:48.14M (Peak 48.14M) | Time:00:00.06 | Syncing throat guard row 3 bevelled lamel
Fra:1 Mem:48.16M (Peak 48.16M) | Time:00:00.06 | Syncing throat guard row 3 bevelled lamel
Fra:1 Mem:48.18M (Peak 48.18M) | Time:00:00.06 | Syncing throat guard row 3 bevelled lamel
Fra:1 Mem:48.20M (Peak 48.20M) | Time:00:00.06 | Syncing throat guard row 3 bevelled lamel
Fra:1 Mem:48.22M (Peak 48.22M) | Time:00:00.06 | Syncing upper do cuirass fitted shell
Fra:1 Mem:48.32M (Peak 48.32M) | Time:00:00.06 | Syncing lower do cuirass narrowed shell
Fra:1 Mem:48.40M (Peak 48.40M) | Time:00:00.06 | Syncing front cuirass row 1 bevelled lame
Fra:1 Mem:48.42M (Peak 48.42M) | Time:00:00.06 | Syncing front cuirass row 1 bevelled lame
Fra:1 Mem:48.44M (Peak 48.44M) | Time:00:00.06 | Syncing front cuirass row 1 bevelled lame
Fra:1 Mem:48.46M (Peak 48.46M) | Time:00:00.06 | Syncing front cuirass row 1 bevelled lame
Fra:1 Mem:48.48M (Peak 48.48M) | Time:00:00.06 | Syncing front cuirass row 1 bevelled lame
Fra:1 Mem:48.50M (Peak 48.50M) | Time:00:00.06 | Syncing front cuirass row 1 bevelled lame
Fra:1 Mem:48.52M (Peak 48.52M) | Time:00:00.06 | Syncing front cuirass row 1 bevelled lame
Fra:1 Mem:48.54M (Peak 48.54M) | Time:00:00.06 | Syncing front cuirass row 1 bevelled lame
Fra:1 Mem:48.56M (Peak 48.56M) | Time:00:00.06 | Syncing rear cuirass row 1 bevelled lamel
Fra:1 Mem:48.58M (Peak 48.58M) | Time:00:00.06 | Syncing rear cuirass row 1 bevelled lamel
Fra:1 Mem:48.60M (Peak 48.60M) | Time:00:00.06 | Syncing rear cuirass row 1 bevelled lamel
Fra:1 Mem:48.62M (Peak 48.62M) | Time:00:00.06 | Syncing rear cuirass row 1 bevelled lamel
Fra:1 Mem:48.63M (Peak 48.63M) | Time:00:00.06 | Syncing rear cuirass row 1 bevelled lamel
Fra:1 Mem:48.65M (Peak 48.65M) | Time:00:00.06 | Syncing rear cuirass row 1 bevelled lamel
Fra:1 Mem:48.67M (Peak 48.67M) | Time:00:00.06 | Syncing rear cuirass row 1 bevelled lamel
Fra:1 Mem:48.69M (Peak 48.69M) | Time:00:00.06 | Syncing rear cuirass row 1 bevelled lamel
Fra:1 Mem:48.71M (Peak 48.71M) | Time:00:00.06 | Syncing front cuirass row 2 bevelled lame
Fra:1 Mem:48.73M (Peak 48.73M) | Time:00:00.06 | Syncing front cuirass row 2 bevelled lame
Fra:1 Mem:48.75M (Peak 48.75M) | Time:00:00.06 | Syncing front cuirass row 2 bevelled lame
Fra:1 Mem:48.77M (Peak 48.77M) | Time:00:00.06 | Syncing front cuirass row 2 bevelled lame
Fra:1 Mem:48.79M (Peak 48.79M) | Time:00:00.06 | Syncing front cuirass row 2 bevelled lame
Fra:1 Mem:48.81M (Peak 48.81M) | Time:00:00.06 | Syncing front cuirass row 2 bevelled lame
Fra:1 Mem:48.83M (Peak 48.83M) | Time:00:00.06 | Syncing front cuirass row 2 bevelled lame
Fra:1 Mem:48.85M (Peak 48.85M) | Time:00:00.06 | Syncing front cuirass row 2 bevelled lame
Fra:1 Mem:48.87M (Peak 48.87M) | Time:00:00.06 | Syncing rear cuirass row 2 bevelled lamel
Fra:1 Mem:48.89M (Peak 48.89M) | Time:00:00.06 | Syncing rear cuirass row 2 bevelled lamel
Fra:1 Mem:48.91M (Peak 48.91M) | Time:00:00.06 | Syncing rear cuirass row 2 bevelled lamel
Fra:1 Mem:48.93M (Peak 48.93M) | Time:00:00.06 | Syncing rear cuirass row 2 bevelled lamel
Fra:1 Mem:48.95M (Peak 48.95M) | Time:00:00.06 | Syncing rear cuirass row 2 bevelled lamel
Fra:1 Mem:48.96M (Peak 48.96M) | Time:00:00.06 | Syncing rear cuirass row 2 bevelled lamel
Fra:1 Mem:48.98M (Peak 48.98M) | Time:00:00.06 | Syncing rear cuirass row 2 bevelled lamel
Fra:1 Mem:49.00M (Peak 49.00M) | Time:00:00.06 | Syncing rear cuirass row 2 bevelled lamel
Fra:1 Mem:49.02M (Peak 49.02M) | Time:00:00.06 | Syncing front cuirass row 3 bevelled lame
Fra:1 Mem:49.04M (Peak 49.04M) | Time:00:00.06 | Syncing front cuirass row 3 bevelled lame
Fra:1 Mem:49.06M (Peak 49.06M) | Time:00:00.06 | Syncing front cuirass row 3 bevelled lame
Fra:1 Mem:49.08M (Peak 49.08M) | Time:00:00.06 | Syncing front cuirass row 3 bevelled lame
Fra:1 Mem:49.10M (Peak 49.10M) | Time:00:00.06 | Syncing front cuirass row 3 bevelled lame
Fra:1 Mem:49.12M (Peak 49.12M) | Time:00:00.06 | Syncing front cuirass row 3 bevelled lame
Fra:1 Mem:49.14M (Peak 49.14M) | Time:00:00.06 | Syncing front cuirass row 3 bevelled lame
Fra:1 Mem:49.16M (Peak 49.16M) | Time:00:00.06 | Syncing front cuirass row 3 bevelled lame
Fra:1 Mem:49.18M (Peak 49.18M) | Time:00:00.07 | Syncing rear cuirass row 3 bevelled lamel
Fra:1 Mem:49.20M (Peak 49.20M) | Time:00:00.07 | Syncing rear cuirass row 3 bevelled lamel
Fra:1 Mem:49.22M (Peak 49.22M) | Time:00:00.07 | Syncing rear cuirass row 3 bevelled lamel
Fra:1 Mem:49.23M (Peak 49.23M) | Time:00:00.07 | Syncing rear cuirass row 3 bevelled lamel
Fra:1 Mem:49.25M (Peak 49.25M) | Time:00:00.07 | Syncing rear cuirass row 3 bevelled lamel
Fra:1 Mem:49.27M (Peak 49.27M) | Time:00:00.07 | Syncing rear cuirass row 3 bevelled lamel
Fra:1 Mem:49.29M (Peak 49.29M) | Time:00:00.07 | Syncing rear cuirass row 3 bevelled lamel
Fra:1 Mem:49.31M (Peak 49.31M) | Time:00:00.07 | Syncing rear cuirass row 3 bevelled lamel
Fra:1 Mem:49.33M (Peak 49.33M) | Time:00:00.07 | Syncing front cuirass row 4 bevelled lame
Fra:1 Mem:49.35M (Peak 49.35M) | Time:00:00.07 | Syncing front cuirass row 4 bevelled lame
Fra:1 Mem:49.37M (Peak 49.37M) | Time:00:00.07 | Syncing front cuirass row 4 bevelled lame
Fra:1 Mem:49.39M (Peak 49.39M) | Time:00:00.07 | Syncing front cuirass row 4 bevelled lame
Fra:1 Mem:49.41M (Peak 49.41M) | Time:00:00.07 | Syncing front cuirass row 4 bevelled lame
Fra:1 Mem:49.43M (Peak 49.43M) | Time:00:00.07 | Syncing front cuirass row 4 bevelled lame
Fra:1 Mem:49.45M (Peak 49.45M) | Time:00:00.07 | Syncing front cuirass row 4 bevelled lame
Fra:1 Mem:49.47M (Peak 49.47M) | Time:00:00.07 | Syncing front cuirass row 4 bevelled lame
Fra:1 Mem:49.49M (Peak 49.49M) | Time:00:00.07 | Syncing rear cuirass row 4 bevelled lamel
Fra:1 Mem:49.50M (Peak 49.50M) | Time:00:00.07 | Syncing rear cuirass row 4 bevelled lamel
Fra:1 Mem:49.52M (Peak 49.52M) | Time:00:00.07 | Syncing rear cuirass row 4 bevelled lamel
Fra:1 Mem:49.54M (Peak 49.54M) | Time:00:00.07 | Syncing rear cuirass row 4 bevelled lamel
Fra:1 Mem:49.56M (Peak 49.56M) | Time:00:00.07 | Syncing rear cuirass row 4 bevelled lamel
Fra:1 Mem:49.58M (Peak 49.58M) | Time:00:00.07 | Syncing rear cuirass row 4 bevelled lamel
Fra:1 Mem:49.60M (Peak 49.60M) | Time:00:00.07 | Syncing rear cuirass row 4 bevelled lamel
Fra:1 Mem:49.62M (Peak 49.62M) | Time:00:00.07 | Syncing rear cuirass row 4 bevelled lamel
Fra:1 Mem:49.64M (Peak 49.64M) | Time:00:00.07 | Syncing front cuirass row 5 bevelled lame
Fra:1 Mem:49.66M (Peak 49.66M) | Time:00:00.07 | Syncing front cuirass row 5 bevelled lame
Fra:1 Mem:49.68M (Peak 49.68M) | Time:00:00.07 | Syncing front cuirass row 5 bevelled lame
Fra:1 Mem:49.70M (Peak 49.70M) | Time:00:00.07 | Syncing front cuirass row 5 bevelled lame
Fra:1 Mem:49.72M (Peak 49.72M) | Time:00:00.07 | Syncing front cuirass row 5 bevelled lame
Fra:1 Mem:49.74M (Peak 49.74M) | Time:00:00.07 | Syncing front cuirass row 5 bevelled lame
Fra:1 Mem:49.76M (Peak 49.76M) | Time:00:00.07 | Syncing front cuirass row 5 bevelled lame
Fra:1 Mem:49.78M (Peak 49.78M) | Time:00:00.07 | Syncing front cuirass row 5 bevelled lame
Fra:1 Mem:49.79M (Peak 49.79M) | Time:00:00.07 | Syncing rear cuirass row 5 bevelled lamel
Fra:1 Mem:49.81M (Peak 49.81M) | Time:00:00.07 | Syncing rear cuirass row 5 bevelled lamel
Fra:1 Mem:49.83M (Peak 49.83M) | Time:00:00.07 | Syncing rear cuirass row 5 bevelled lamel
Fra:1 Mem:49.85M (Peak 49.85M) | Time:00:00.07 | Syncing rear cuirass row 5 bevelled lamel
Fra:1 Mem:49.87M (Peak 49.87M) | Time:00:00.07 | Syncing rear cuirass row 5 bevelled lamel
Fra:1 Mem:49.89M (Peak 49.89M) | Time:00:00.07 | Syncing rear cuirass row 5 bevelled lamel
Fra:1 Mem:49.91M (Peak 49.91M) | Time:00:00.07 | Syncing rear cuirass row 5 bevelled lamel
Fra:1 Mem:49.93M (Peak 49.93M) | Time:00:00.07 | Syncing rear cuirass row 5 bevelled lamel
Fra:1 Mem:49.95M (Peak 49.95M) | Time:00:00.07 | Syncing left side cuirass plate 1
Fra:1 Mem:49.96M (Peak 49.96M) | Time:00:00.07 | Syncing left side cuirass plate 2
Fra:1 Mem:49.98M (Peak 49.98M) | Time:00:00.07 | Syncing left side cuirass plate 3
Fra:1 Mem:49.99M (Peak 49.99M) | Time:00:00.07 | Syncing right side cuirass plate 1
Fra:1 Mem:50.00M (Peak 50.00M) | Time:00:00.07 | Syncing right side cuirass plate 2
Fra:1 Mem:50.02M (Peak 50.02M) | Time:00:00.07 | Syncing right side cuirass plate 3
Fra:1 Mem:50.03M (Peak 50.03M) | Time:00:00.07 | Syncing left shoulder undercloth
Fra:1 Mem:50.09M (Peak 50.09M) | Time:00:00.07 | Syncing left hanging sode shoulder plate 
Fra:1 Mem:50.11M (Peak 50.11M) | Time:00:00.07 | Syncing left hanging sode shoulder plate 
Fra:1 Mem:50.13M (Peak 50.13M) | Time:00:00.07 | Syncing left hanging sode shoulder plate 
Fra:1 Mem:50.15M (Peak 50.15M) | Time:00:00.07 | Syncing left hanging sode shoulder plate 
Fra:1 Mem:50.17M (Peak 50.17M) | Time:00:00.07 | Syncing left armored upper arm
Fra:1 Mem:50.22M (Peak 50.22M) | Time:00:00.07 | Syncing left sode shoulder armor
Fra:1 Mem:50.27M (Peak 50.27M) | Time:00:00.07 | Syncing left kote forearm guard
Fra:1 Mem:50.32M (Peak 50.32M) | Time:00:00.07 | Syncing left leather palm volume
Fra:1 Mem:50.36M (Peak 50.38M) | Time:00:00.07 | Syncing left articulated index finger
Fra:1 Mem:50.37M (Peak 50.38M) | Time:00:00.07 | Syncing left index fingertip
Fra:1 Mem:50.38M (Peak 50.38M) | Time:00:00.07 | Syncing left articulated middle finger
Fra:1 Mem:50.39M (Peak 50.39M) | Time:00:00.07 | Syncing left middle fingertip
Fra:1 Mem:50.40M (Peak 50.40M) | Time:00:00.07 | Syncing left articulated ring finger
Fra:1 Mem:50.41M (Peak 50.41M) | Time:00:00.07 | Syncing left ring fingertip
Fra:1 Mem:50.42M (Peak 50.42M) | Time:00:00.07 | Syncing left articulated pinky finger
Fra:1 Mem:50.43M (Peak 50.43M) | Time:00:00.07 | Syncing left pinky fingertip
Fra:1 Mem:50.44M (Peak 50.44M) | Time:00:00.07 | Syncing left opposed thumb
Fra:1 Mem:50.45M (Peak 50.45M) | Time:00:00.07 | Syncing left thumb fingertip
Fra:1 Mem:50.47M (Peak 50.47M) | Time:00:00.07 | Syncing right shoulder undercloth
Fra:1 Mem:50.52M (Peak 50.52M) | Time:00:00.07 | Syncing right hanging sode shoulder plate
Fra:1 Mem:50.54M (Peak 50.54M) | Time:00:00.07 | Syncing right hanging sode shoulder plate
Fra:1 Mem:50.56M (Peak 50.56M) | Time:00:00.07 | Syncing right hanging sode shoulder plate
Fra:1 Mem:50.58M (Peak 50.58M) | Time:00:00.07 | Syncing right hanging sode shoulder plate
Fra:1 Mem:50.60M (Peak 50.60M) | Time:00:00.07 | Syncing right armored upper arm
Fra:1 Mem:50.66M (Peak 50.66M) | Time:00:00.07 | Syncing right sode shoulder armor
Fra:1 Mem:50.70M (Peak 50.70M) | Time:00:00.07 | Syncing right kote forearm guard
Fra:1 Mem:50.75M (Peak 50.75M) | Time:00:00.07 | Syncing right leather palm volume
Fra:1 Mem:50.79M (Peak 50.79M) | Time:00:00.07 | Syncing right articulated index finger
Fra:1 Mem:50.80M (Peak 50.80M) | Time:00:00.07 | Syncing right index fingertip
Fra:1 Mem:50.81M (Peak 50.81M) | Time:00:00.07 | Syncing right articulated middle finger
Fra:1 Mem:50.82M (Peak 50.82M) | Time:00:00.07 | Syncing right middle fingertip
Fra:1 Mem:50.83M (Peak 50.83M) | Time:00:00.07 | Syncing right articulated ring finger
Fra:1 Mem:50.84M (Peak 50.84M) | Time:00:00.07 | Syncing right ring fingertip
Fra:1 Mem:50.85M (Peak 50.85M) | Time:00:00.07 | Syncing right articulated pinky finger
Fra:1 Mem:50.86M (Peak 50.86M) | Time:00:00.07 | Syncing right pinky fingertip
Fra:1 Mem:50.87M (Peak 50.87M) | Time:00:00.07 | Syncing right opposed thumb
Fra:1 Mem:50.88M (Peak 50.88M) | Time:00:00.07 | Syncing right thumb fingertip
Fra:1 Mem:50.90M (Peak 50.90M) | Time:00:00.07 | Syncing kusazuri skirt plate -1 row 1
Fra:1 Mem:50.91M (Peak 50.91M) | Time:00:00.07 | Syncing rear kusazuri skirt plate -1 row 
Fra:1 Mem:50.93M (Peak 50.93M) | Time:00:00.07 | Syncing kusazuri skirt plate -1 row 2
Fra:1 Mem:50.94M (Peak 50.94M) | Time:00:00.07 | Syncing rear kusazuri skirt plate -1 row 
Fra:1 Mem:50.96M (Peak 50.96M) | Time:00:00.07 | Syncing kusazuri skirt plate -1 row 3
Fra:1 Mem:50.97M (Peak 50.97M) | Time:00:00.07 | Syncing rear kusazuri skirt plate -1 row 
Fra:1 Mem:50.98M (Peak 50.98M) | Time:00:00.07 | Syncing kusazuri skirt plate +0 row 1
Fra:1 Mem:51.00M (Peak 51.00M) | Time:00:00.07 | Syncing rear kusazuri skirt plate +0 row 
Fra:1 Mem:51.01M (Peak 51.01M) | Time:00:00.07 | Syncing kusazuri skirt plate +0 row 2
Fra:1 Mem:51.03M (Peak 51.03M) | Time:00:00.07 | Syncing rear kusazuri skirt plate +0 row 
Fra:1 Mem:51.04M (Peak 51.04M) | Time:00:00.07 | Syncing kusazuri skirt plate +0 row 3
Fra:1 Mem:51.05M (Peak 51.05M) | Time:00:00.07 | Syncing rear kusazuri skirt plate +0 row 
Fra:1 Mem:51.07M (Peak 51.07M) | Time:00:00.07 | Syncing kusazuri skirt plate +1 row 1
Fra:1 Mem:51.08M (Peak 51.08M) | Time:00:00.07 | Syncing rear kusazuri skirt plate +1 row 
Fra:1 Mem:51.10M (Peak 51.10M) | Time:00:00.07 | Syncing kusazuri skirt plate +1 row 2
Fra:1 Mem:51.11M (Peak 51.11M) | Time:00:00.07 | Syncing rear kusazuri skirt plate +1 row 
Fra:1 Mem:51.12M (Peak 51.12M) | Time:00:00.07 | Syncing kusazuri skirt plate +1 row 3
Fra:1 Mem:51.14M (Peak 51.14M) | Time:00:00.07 | Syncing rear kusazuri skirt plate +1 row 
Fra:1 Mem:51.15M (Peak 51.15M) | Time:00:00.08 | Syncing left hakama trouser leg
Fra:1 Mem:51.21M (Peak 51.21M) | Time:00:00.08 | Syncing left shin greave
Fra:1 Mem:51.26M (Peak 51.26M) | Time:00:00.08 | Syncing left split-toe tabi foot volume
Fra:1 Mem:51.31M (Peak 51.31M) | Time:00:00.08 | Syncing left separated big toe
Fra:1 Mem:51.33M (Peak 51.33M) | Time:00:00.08 | Syncing left outer toe group
Fra:1 Mem:51.35M (Peak 51.35M) | Time:00:00.08 | Syncing left woven waraji sole grounded
Fra:1 Mem:51.36M (Peak 51.36M) | Time:00:00.08 | Syncing left sandal toe strap
Fra:1 Mem:51.37M (Peak 51.42M) | Time:00:00.08 | Syncing left heel strap
Fra:1 Mem:51.37M (Peak 51.42M) | Time:00:00.08 | Syncing left hakama pleat 1
Fra:1 Mem:51.38M (Peak 51.42M) | Time:00:00.08 | Syncing left hakama pleat 2
Fra:1 Mem:51.38M (Peak 51.42M) | Time:00:00.08 | Syncing left hakama pleat 3
Fra:1 Mem:51.39M (Peak 51.42M) | Time:00:00.08 | Syncing right hakama trouser leg
Fra:1 Mem:51.48M (Peak 51.48M) | Time:00:00.08 | Syncing right shin greave
Fra:1 Mem:51.54M (Peak 51.54M) | Time:00:00.08 | Syncing right split-toe tabi foot volume
Fra:1 Mem:51.58M (Peak 51.58M) | Time:00:00.08 | Syncing right separated big toe
Fra:1 Mem:51.60M (Peak 51.60M) | Time:00:00.08 | Syncing right outer toe group
Fra:1 Mem:51.62M (Peak 51.62M) | Time:00:00.08 | Syncing right woven waraji sole grounded
Fra:1 Mem:51.63M (Peak 51.63M) | Time:00:00.08 | Syncing right sandal toe strap
Fra:1 Mem:51.64M (Peak 51.64M) | Time:00:00.08 | Syncing right heel strap
Fra:1 Mem:51.64M (Peak 51.64M) | Time:00:00.08 | Syncing right hakama pleat 1
Fra:1 Mem:51.65M (Peak 51.65M) | Time:00:00.08 | Syncing right hakama pleat 2
Fra:1 Mem:51.66M (Peak 51.66M) | Time:00:00.08 | Syncing right hakama pleat 3
Fra:1 Mem:51.66M (Peak 51.66M) | Time:00:00.08 | Syncing drawn katana blade spine
Fra:1 Mem:51.67M (Peak 51.73M) | Time:00:00.08 | Syncing bright sharpened katana edge
Fra:1 Mem:51.68M (Peak 51.73M) | Time:00:00.08 | Syncing wrapped katana grip
Fra:1 Mem:51.69M (Peak 51.73M) | Time:00:00.08 | Syncing square tsuba guard
Fra:1 Mem:51.70M (Peak 51.73M) | Time:00:00.08 | Syncing lacquered saya scabbard at left h
Fra:1 Mem:51.71M (Peak 51.73M) | Time:00:00.08 | Syncing waist sash tying armor
Fra:1 Mem:51.71M (Peak 51.73M) | Time:00:00.08 | Syncing bamboo sashimono back pole
Fra:1 Mem:51.72M (Peak 51.73M) | Time:00:00.08 | Syncing small lacquered sashimono crossba
Fra:1 Mem:51.74M (Peak 51.74M) | Time:00:00.08 | Syncing cloth sashimono banner panel
Fra:1 Mem:51.75M (Peak 51.80M) | Time:00:00.08 | Syncing simple round clan mon on banner
Fra:1 Mem:51.79M (Peak 51.80M) | Time:00:00.08 | Syncing cool key
Fra:1 Mem:51.79M (Peak 51.80M) | Time:00:00.08 | Syncing rim
Fra:1 Mem:51.79M (Peak 51.80M) | Time:00:00.08 | Syncing hero cam
Fra:1 Mem:51.79M (Peak 51.80M) | Time:00:00.08 | Syncing samurai_v2_provenance
Fra:1 Mem:51.83M (Peak 51.92M) | Time:00:00.09 | Rendering 1 / 32 samples
Fra:1 Mem:49.42M (Peak 51.92M) | Time:00:02.62 | Rendering 26 / 32 samples
Fra:1 Mem:49.42M (Peak 51.92M) | Time:00:03.07 | Rendering 32 / 32 samples
Saved: '/tmp/factoryx-v22-render/samurai-repaired-full-20-v22/uesugi-01/samurai_character_front.png'
 Time: 00:03.20 (Saving: 00:00.04)

ERROR (bke.modifier): ./source/blender/blenkernel/intern/modifier.cc:458 BKE_modifier_set_error: Object: "rear cuirass row 1 bevelled lamellar plate 03", Modifier: "weighted normals", Enable 'Auto Smooth' in Object Data Properties
ERROR (bke.modifier): ./source/blender/blenkernel/intern/modifier.cc:458 BKE_modifier_set_error: Object: "rear cuirass row 1 bevelled lamellar plate 02", Modifier: "weighted normals", Enable 'Auto Smooth' in Object Data Properties
ERROR (bke.modifier): ./source/blender/blenkernel/intern/modifier.cc:458 BKE_modifier_set_error: Object: "front cuirass row 1 bevelled lamellar plate 07", Modifier: "weighted normals", Enable 'Auto Smooth' in Object Data Properties
ERROR (bke.modifier): ./source/blender/blenkernel/intern/modifier.cc:458 BKE_modifier_set_error: Object: "rear cuirass row 1 bevelled lamellar plate 01", Modifier: "weighted normals", Enable 'Auto Smooth' in Object Data Properties
ERROR (bke.modifier): ./source/blender/blenkernel/intern/modifier.cc:458 BKE_modifier_set_error: Object: "rear cuirass row 1 bevelled lamellar plate 05", Modifier: "weighted normals", Enable 'Auto Smooth' in Object Data Properties
ERROR (bke.modifier): ./source/blender/blenkernel/intern/modifier.cc:458 BKE_modifier_set_error: Object: "front cuirass row 1 bevelled lamellar plate 08", Modifier: "weighted normals", Enable 'Auto Smooth' in Object Data Properties
ERROR (bke.modifier): ./source/blender/blenkernel/intern/modifier.cc:458 BKE_modifier_set_error: Object: "rear cuirass row 1 bevelled lamellar plate 06", Modifier: "weighted normals", Enable 'Auto Smooth' in Object Data Properties
ERROR (bke.modifier): ./source/blender/blenkernel/intern/modifier.cc:458 BKE_modifier_set_error: Object: "front cuirass row 2 bevelled lamellar plate 05", Modifier: "weighted normals", Enable 'Auto Smooth' in Object Data Properties
ERROR (bke.modifier): ./source/blender/blenkernel/intern/modifier.cc:458 BKE_modifier_set_error: Object: "rear cuirass row 1 bevelled lamellar plate 04", Modifier: "weighted normals", Enable 'Auto Smooth' in Object Data Properties
ERROR (bke.modifier): ./source/blender/blenkernel/intern/modifier.cc:458 BKE_modifier_set_error: Object: "front cuirass row 2 bevelled lamellar plate 06", Modifier: "weighted normals", Enable 'Auto Smooth' in Object Data Properties
ERROR (bke.modifier): ./source/blender/blenkernel/intern/modifier.cc:458 BKE_modifier_set_error: Object: "rear cuirass row 1 bevelled lamellar plate 07", Modifier: "weighted normals", Enable 'Auto Smooth' in Object Data Properties
ERROR (bke.modifier): ./source/blender/blenkernel/intern/modifier.cc:458 BKE_modifier_set_error: Object: "rear cuirass row 1 bevelled lamellar plate 08", Modifier: "weighted normals", Enable 'Auto Smooth' in Object Data Properties
ERROR (bke.modifier): ./source/blender/blenkernel/intern/modifier.cc:458 BKE_modifier_set_error: Object: "front cuirass row 2 bevelled lamellar plate 04", Modifier: "weighted normals", Enable 'Auto Smooth' in Object Data Properties
ERROR (bke.modifier): ./source/blender/blenkernel/intern/modifier.cc:458 BKE_modifier_set_error: Object: "front cuirass row 2 bevelled lamellar plate 01", Modifier: "weighted normals", Enable 'Auto Smooth' in Object Data Properties
ERROR (bke.modifier): ./source/blender/blenkernel/intern/modifier.cc:458 BKE_modifier_set_error: Object: "front cuirass row 2 bevelled lamellar plate 02", Modifier: "weighted normals", Enable 'Auto Smooth' in Object Data Properties
ERROR (bke.modifier): ./source/blender/blenkernel/intern/modifier.cc:458 BKE_modifier_set_error: Object: "front cuirass row 2 bevelled lamellar plate 03", Modifier: "weighted normals", Enable 'Auto Smooth' in Object Data Properties
ERROR (bke.modifier): ./source/blender/blenkernel/intern/modifier.cc:458 BKE_modifier_set_error: Object: "front cuirass row 2 bevelled lamellar plate 07", Modifier: "weighted normals", Enable 'Auto Smooth' in Object Data Properties
ERROR (bke.modifier): ./source/blender/blenkernel/intern/modifier.cc:458 BKE_modifier_set_error: Object: "front cuirass row 1 bevelled lamellar plate 06", Modifier: "weighted normals", Enable 'Auto Smooth' in Object Data Properties
ERROR (bke.modifier): ./source/blender/blenkernel/intern/modifier.cc:458 BKE_modifier_set_error: Object: "rear cuirass row 2 bevelled lamellar plate 01", Modifier: "weighted normals", Enable 'Auto Smooth' in Object Data Properties
ERROR (bke.modifier): ./source/blender/blenkernel/intern/modifier.cc:458 BKE_modifier_set_error: Object: "front cuirass row 2 bevelled lamellar plate 08", Modifier: "weighted normals", Enable 'Auto Smooth' in Object Data Properties
ERROR (bke.modifier): ./source/blender/blenkernel/intern/modifier.cc:458 BKE_modifier_set_error: Object: "rear cuirass row 2 bevelled lamellar plate 03", Modifier: "weighted normals", Enable 'Auto Smooth' in Object Data Properties
ERROR (bke.modifier): ./source/blender/blenkernel/intern/modifier.cc:458 BKE_modifier_set_error: Object: "rear cuirass row 2 bevelled lamellar plate 02", Modifier: "weighted normals", Enable 'Auto Smooth' in Object Data Properties
ERROR (bke.modifier): ./source/blender/blenkernel/intern/modifier.cc:458 BKE_modifier_set_error: Object: "rear cuirass row 2 bevelled lamellar plate 07", Modifier: "weighted normals", Enable 'Auto Smooth' in Object Data Properties
ERROR (bke.modifier): ./source/blender/blenkernel/intern/modifier.cc:458 BKE_modifier_set_error: Object: "rear cuirass row 2 bevelled lamellar plate 05", Modifier: "weighted normals", Enable 'Auto Smooth' in Object Data Properties
ERROR (bke.modifier): ./source/blender/blenkernel/intern/modifier.cc:458 BKE_modifier_set_error: Object: "rear cuirass row 2 bevelled lamellar plate 08", Modifier: "weighted normals", Enable 'Auto Smooth' in Object Data Properties
ERROR (bke.modifier): ./source/blender/blenkernel/intern/modifier.cc:458 BKE_modifier_set_error: Object: "front cuirass row 3 bevelled lamellar plate 01", Modifier: "weighted normals", Enable 'Auto Smooth' in Object Data Properties
ERROR (bke.modifier): ./source/blender/blenkernel/intern/modifier.cc:458 BKE_modifier_set_error: Object: "rear cuirass row 2 bevelled lamellar plate 04", Modifier: "weighted normals", Enable 'Auto Smooth' in Object Data Properties
ERROR (bke.modifier): ./source/blender/blenkernel/intern/modifier.cc:458 BKE_modifier_set_error: Object: "rear cuirass row 2 bevelled lamellar plate 06", Modifier: "weighted normals", Enable 'Auto Smooth' in Object Data Properties
ERROR (bke.modifier): ./source/blender/blenkernel/intern/modifier.cc:458 BKE_modifier_set_error: Object: "front cuirass row 3 bevelled lamellar plate 02", Modifier: "weighted normals", Enable 'Auto Smooth' in Object Data Properties
ERROR (bke.modifier): ./source/blender/blenkernel/intern/modifier.cc:458 BKE_modifier_set_error: Object: "front cuirass row 3 bevelled lamellar plate 03", Modifier: "weighted normals", Enable 'Auto Smooth' in Object Data Properties
ERROR (bke.modifier): ./source/blender/blenkernel/intern/modifier.cc:458 BKE_modifier_set_error: Object: "front cuirass row 3 bevelled lamellar plate 04", Modifier: "weighted normals", Enable 'Auto Smooth' in Object Data Properties
ERROR (bke.modifier): ./source/blender/blenkernel/intern/modifier.cc:458 BKE_modifier_set_error: Object: "front cuirass row 3 bevelled lamellar plate 05", Modifier: "weighted normals", Enable 'Auto Smooth' in Object Data Properties
ERROR (bke.modifier): ./source/blender/blenkernel/intern/modifier.cc:458 BKE_modifier_set_error: Object: "front cuirass row 3 bevelled lamellar plate 06", Modifier: "weighted normals", Enable 'Auto Smooth' in Object Data Properties
ERROR (bke.modifier): ./source/blender/blenkernel/intern/modifier.cc:458 BKE_modifier_set_error: Object: "front cuirass row 1 bevelled lamellar plate 05", Modifier: "weighted normals", Enable 'Auto Smooth' in Object Data Properties
ERROR (bke.modifier): ./source/blender/blenkernel/intern/modifier.cc:458 BKE_modifier_set_error: Object: "front cuirass row 3 bevelled lamellar plate 07", Modifier: "weighted normals", Enable 'Auto Smooth' in Object Data Properties
ERROR (bke.modifier): ./source/blender/blenkernel/intern/modifier.cc:458 BKE_modifier_set_error: Object: "rear cuirass row 3 bevelled lamellar plate 03", Modifier: "weighted normals", Enable 'Auto Smooth' in Object Data Properties
ERROR (bke.modifier): ./source/blender/blenkernel/intern/modifier.cc:458 BKE_modifier_set_error: Object: "front cuirass row 3 bevelled lamellar plate 08", Modifier: "weighted normals", Enable 'Auto Smooth' in Object Data Properties
ERROR (bke.modifier): ./source/blender/blenkernel/intern/modifier.cc:458 BKE_modifier_set_error: Object: "rear cuirass row 3 bevelled lamellar plate 02", Modifier: "weighted normals", Enable 'Auto Smooth' in Object Data Properties
ERROR (bke.modifier): ./source/blender/blenkernel/intern/modifier.cc:458 BKE_modifier_set_error: Object: "rear cuirass row 3 bevelled lamellar plate 01", Modifier: "weighted normals", Enable 'Auto Smooth' in Object Data Properties
ERROR (bke.modifier): ./source/blender/blenkernel/intern/modifier.cc:458 BKE_modifier_set_error: Object: "rear cuirass row 3 bevelled lamellar plate 08", Modifier: "weighted normals", Enable 'Auto Smooth' in Object Data Properties
ERROR (bke.modifier): ./source/blender/blenkernel/intern/modifier.cc:458 BKE_modifier_set_error: Object: "rear cuirass row 3 bevelled lamellar plate 05", Modifier: "weighted normals", Enable 'Auto Smooth' in Object Data Properties
ERROR (bke.modifier): ./source/blender/blenkernel/intern/modifier.cc:458 BKE_modifier_set_error: Object: "front cuirass row 4 bevelled lamellar plate 06", Modifier: "weighted normals", Enable 'Auto Smooth' in Object Data Properties
ERROR (bke.modifier): ./source/blender/blenkernel/intern/modifier.cc:458 BKE_modifier_set_error: Object: "front cuirass row 4 bevelled lamellar plate 03", Modifier: "weighted normals", Enable 'Auto Smooth' in Object Data Properties
ERROR (bke.modifier): ./source/blender/blenkernel/intern/modifier.cc:458 BKE_modifier_set_error: Object: "front cuirass row 4 bevelled lamellar plate 01", Modifier: "weighted normals", Enable 'Auto Smooth' in Object Data Properties
ERROR (bke.modifier): ./source/blender/blenkernel/intern/modifier.cc:458 BKE_modifier_set_error: Object: "rear cuirass row 3 bevelled lamellar plate 04", Modifier: "weighted normals", Enable 'Auto Smooth' in Object Data Properties
ERROR (bke.modifier): ./source/blender/blenkernel/intern/modifier.cc:458 BKE_modifier_set_error: Object: "front cuirass row 1 bevelled lamellar plate 04", Modifier: "weighted normals", Enable 'Auto Smooth' in Object Data Properties
ERROR (bke.modifier): ./source/blender/blenkernel/intern/modifier.cc:458 BKE_modifier_set_error: Object: "front cuirass row 4 bevelled lamellar plate 05", Modifier: "weighted normals", Enable 'Auto Smooth' in Object Data Properties
ERROR (bke.modifier): ./source/blender/blenkernel/intern/modifier.cc:458 BKE_modifier_set_error: Object: "front cuirass row 4 bevelled lamellar plate 08", Modifier: "weighted normals", Enable 'Auto Smooth' in Object Data Properties
ERROR (bke.modifier): ./source/blender/blenkernel/intern/modifier.cc:458 BKE_modifier_set_error: Object: "rear cuirass row 3 bevelled lamellar plate 06", Modifier: "weighted normals", Enable 'Auto Smooth' in Object Data Properties
ERROR (bke.modifier): ./source/blender/blenkernel/intern/modifier.cc:458 BKE_modifier_set_error: Object: "rear cuirass row 3 bevelled lamellar plate 07", Modifier: "weighted normals", Enable 'Auto Smooth' in Object Data Properties
ERROR (bke.modifier): ./source/blender/blenkernel/intern/modifier.cc:458 BKE_modifier_set_error: Object: "front cuirass row 4 bevelled lamellar plate 02", Modifier: "weighted normals", Enable 'Auto Smooth' in Object Data Properties
ERROR (bke.modifier): ./source/blender/blenkernel/intern/modifier.cc:458 BKE_modifier_set_error: Object: "front cuirass row 4 bevelled lamellar plate 07", Modifier: "weighted normals", Enable 'Auto Smooth' in Object Data Properties
ERROR (bke.modifier): ./source/blender/blenkernel/intern/modifier.cc:458 BKE_modifier_set_error: Object: "front cuirass row 4 bevelled lamellar plate 04", Modifier: "weighted normals", Enable 'Auto Smooth' in Object Data Properties
ERROR (bke.modifier): ./source/blender/blenkernel/intern/modifier.cc:458 BKE_modifier_set_error: Object: "rear cuirass row 4 bevelled lamellar plate 03", Modifier: "weighted normals", Enable 'Auto Smooth' in Object Data Properties
ERROR (bke.modifier): ./source/blender/blenkernel/intern/modifier.cc:458 BKE_modifier_set_error: Object: "rear cuirass row 4 bevelled lamellar plate 01", Modifier: "weighted normals", Enable 'Auto Smooth' in Object Data Properties
ERROR (bke.modifier): ./source/blender/blenkernel/intern/modifier.cc:458 BKE_modifier_set_error: Object: "rear cuirass row 4 bevelled lamellar plate 02", Modifier: "weighted normals", Enable 'Auto Smooth' in Object Data Properties
ERROR (bke.modifier): ./source/blender/blenkernel/intern/modifier.cc:458 BKE_modifier_set_error: Object: "rear cuirass row 4 bevelled lamellar plate 04", Modifier: "weighted normals", Enable 'Auto Smooth' in Object Data Properties
ERROR (bke.modifier): ./source/blender/blenkernel/intern/modifier.cc:458 BKE_modifier_set_error: Object: "front cuirass row 5 bevelled lamellar plate 02", Modifier: "weighted normals", Enable 'Auto Smooth' in Object Data Properties
ERROR (bke.modifier): ./source/blender/blenkernel/intern/modifier.cc:458 BKE_modifier_set_error: Object: "rear cuirass row 4 bevelled lamellar plate 07", Modifier: "weighted normals", Enable 'Auto Smooth' in Object Data Properties
ERROR (bke.modifier): ./source/blender/blenkernel/intern/modifier.cc:458 BKE_modifier_set_error: Object: "front cuirass row 1 bevelled lamellar plate 03", Modifier: "weighted normals", Enable 'Auto Smooth' in Object Data Properties
ERROR (bke.modifier): ./source/blender/blenkernel/intern/modifier.cc:458 BKE_modifier_set_error: Object: "rear cuirass row 4 bevelled lamellar plate 08", Modifier: "weighted normals", Enable 'Auto Smooth' in Object Data Properties
ERROR (bke.modifier): ./source/blender/blenkernel/intern/modifier.cc:458 BKE_modifier_set_error: Object: "rear cuirass row 4 bevelled lamellar plate 06", Modifier: "weighted normals", Enable 'Auto Smooth' in Object Data Properties
ERROR (bke.modifier): ./source/blender/blenkernel/intern/modifier.cc:458 BKE_modifier_set_error: Object: "front cuirass row 5 bevelled lamellar plate 01", Modifier: "weighted normals", Enable 'Auto Smooth' in Object Data Properties
ERROR (bke.modifier): ./source/blender/blenkernel/intern/modifier.cc:458 BKE_modifier_set_error: Object: "rear cuirass row 4 bevelled lamellar plate 05", Modifier: "weighted normals", Enable 'Auto Smooth' in Object Data Properties
ERROR (bke.modifier): ./source/blender/blenkernel/intern/modifier.cc:458 BKE_modifier_set_error: Object: "front cuirass row 5 bevelled lamellar plate 03", Modifier: "weighted normals", Enable 'Auto Smooth' in Object Data Properties
ERROR (bke.modifier): ./source/blender/blenkernel/intern/modifier.cc:458 BKE_modifier_set_error: Object: "front cuirass row 5 bevelled lamellar plate 04", Modifier: "weighted normals", Enable 'Auto Smooth' in Object Data Properties
ERROR (bke.modifier): ./source/blender/blenkernel/intern/modifier.cc:458 BKE_modifier_set_error: Object: "front cuirass row 5 bevelled lamellar plate 05", Modifier: "weighted normals", Enable 'Auto Smooth' in Object Data Properties
ERROR (bke.modifier): ./source/blender/blenkernel/intern/modifier.cc:458 BKE_modifier_set_error: Object: "front cuirass row 5 bevelled lamellar plate 07", Modifier: "weighted normals", Enable 'Auto Smooth' in Object Data Properties
ERROR (bke.modifier): ./source/blender/blenkernel/intern/modifier.cc:458 BKE_modifier_set_error: Object: "front cuirass row 5 bevelled lamellar plate 06", Modifier: "weighted normals", Enable 'Auto Smooth' in Object Data Properties
ERROR (bke.modifier): ./source/blender/blenkernel/intern/modifier.cc:458 BKE_modifier_set_error: Object: "rear cuirass row 5 bevelled lamellar plate 04", Modifier: "weighted normals", Enable 'Auto Smooth' in Object Data Properties
ERROR (bke.modifier): ./source/blender/blenkernel/intern/modifier.cc:458 BKE_modifier_set_error: Object: "left shoulder undercloth", Modifier: "weighted normals", Enable 'Auto Smooth' in Object Data Properties
ERROR (bke.modifier): ./source/blender/blenkernel/intern/modifier.cc:458 BKE_modifier_set_error: Object: "front cuirass row 5 bevelled lamellar plate 08", Modifier: "weighted normals", Enable 'Auto Smooth' in Object Data Properties
ERROR (bke.modifier): ./source/blender/blenkernel/intern/modifier.cc:458 BKE_modifier_set_error: Object: "rear cuirass row 5 bevelled lamellar plate 01", Modifier: "weighted normals", Enable 'Auto Smooth' in Object Data Properties
ERROR (bke.modifier): ./source/blender/blenkernel/intern/modifier.cc:458 BKE_modifier_set_error: Object: "rear cuirass row 5 bevelled lamellar plate 02", Modifier: "weighted normals", Enable 'Auto Smooth' in Object Data Properties
ERROR (bke.modifier): ./source/blender/blenkernel/intern/modifier.cc:458 BKE_modifier_set_error: Object: "rear cuirass row 5 bevelled lamellar plate 03", Modifier: "weighted normals", Enable 'Auto Smooth' in Object Data Properties
ERROR (bke.modifier): ./source/blender/blenkernel/intern/modifier.cc:458 BKE_modifier_set_error: Object: "rear cuirass row 5 bevelled lamellar plate 05", Modifier: "weighted normals", Enable 'Auto Smooth' in Object Data Properties
ERROR (bke.modifier): ./source/blender/blenkernel/intern/modifier.cc:458 BKE_modifier_set_error: Object: "front cuirass row 1 bevelled lamellar plate 02", Modifier: "weighted normals", Enable 'Auto Smooth' in Object Data Properties
ERROR (bke.modifier): ./source/blender/blenkernel/intern/modifier.cc:458 BKE_modifier_set_error: Object: "left armored upper arm", Modifier: "weighted normals", Enable 'Auto Smooth' in Object Data Properties
ERROR (bke.modifier): ./source/blender/blenkernel/intern/modifier.cc:458 BKE_modifier_set_error: Object: "left sode shoulder armor", Modifier: "weighted normals", Enable 'Auto Smooth' in Object Data Properties
ERROR (bke.modifier): ./source/blender/blenkernel/intern/modifier.cc:458 BKE_modifier_set_error: Object: "left kote forearm guard", Modifier: "weighted normals", Enable 'Auto Smooth' in Object Data Properties
ERROR (bke.modifier): ./source/blender/blenkernel/intern/modifier.cc:458 BKE_modifier_set_error: Object: "left hanging sode shoulder plate 1", Modifier: "weighted normals", Enable 'Auto Smooth' in Object Data Properties
ERROR (bke.modifier): ./source/blender/blenkernel/intern/modifier.cc:458 BKE_modifier_set_error: Object: "right side cuirass plate 2", Modifier: "weighted normals", Enable 'Auto Smooth' in Object Data Properties
ERROR (bke.modifier): ./source/blender/blenkernel/intern/modifier.cc:458 BKE_modifier_set_error: Object: "left index fingertip", Modifier: "weighted normals", Enable 'Auto Smooth' in Object Data Properties
ERROR (bke.modifier): ./source/blender/blenkernel/intern/modifier.cc:458 BKE_modifier_set_error: Object: "rear cuirass row 5 bevelled lamellar plate 06", Modifier: "weighted normals", Enable 'Auto Smooth' in Object Data Properties
ERROR (bke.modifier): ./source/blender/blenkernel/intern/modifier.cc:458 BKE_modifier_set_error: Object: "left middle fingertip", Modifier: "weighted normals", Enable 'Auto Smooth' in Object Data Properties
ERROR (bke.modifier): ./source/blender/blenkernel/intern/modifier.cc:458 BKE_modifier_set_error: Object: "rear cuirass row 5 bevelled lamellar plate 08", Modifier: "weighted normals", Enable 'Auto Smooth' in Object Data Properties
ERROR (bke.modifier): ./source/blender/blenkernel/intern/modifier.cc:458 BKE_modifier_set_error: Object: "left side cuirass plate 3", Modifier: "weighted normals", Enable 'Auto Smooth' in Object Data Properties
ERROR (bke.modifier): ./source/blender/blenkernel/intern/modifier.cc:458 BKE_modifier_set_error: Object: "left side cuirass plate 1", Modifier: "weighted normals", Enable 'Auto Smooth' in Object Data Properties
ERROR (bke.modifier): ./source/blender/blenkernel/intern/modifier.cc:458 BKE_modifier_set_error: Object: "left leather palm volume", Modifier: "weighted normals", Enable 'Auto Smooth' in Object Data Properties
ERROR (bke.modifier): ./source/blender/blenkernel/intern/modifier.cc:458 BKE_modifier_set_error: Object: "rear cuirass row 5 bevelled lamellar plate 07", Modifier: "weighted normals", Enable 'Auto Smooth' in Object Data Properties
ERROR (bke.modifier): ./source/blender/blenkernel/intern/modifier.cc:458 BKE_modifier_set_error: Object: "left side cuirass plate 2", Modifier: "weighted normals", Enable 'Auto Smooth' in Object Data Properties
ERROR (bke.modifier): ./source/blender/blenkernel/intern/modifier.cc:458 BKE_modifier_set_error: Object: "left ring fingertip", Modifier: "weighted normals", Enable 'Auto Smooth' in Object Data Properties
ERROR (bke.modifier): ./source/blender/blenkernel/intern/modifier.cc:458 BKE_modifier_set_error: Object: "right side cuirass plate 3", Modifier: "weighted normals", Enable 'Auto Smooth' in Object Data Properties
ERROR (bke.modifier): ./source/blender/blenkernel/intern/modifier.cc:458 BKE_modifier_set_error: Object: "left pinky fingertip", Modifier: "weighted normals", Enable 'Auto Smooth' in Object Data Properties
ERROR (bke.modifier): ./source/blender/blenkernel/intern/modifier.cc:458 BKE_modifier_set_error: Object: "right side cuirass plate 1", Modifier: "weighted normals", Enable 'Auto Smooth' in Object Data Properties
ERROR (bke.modifier): ./source/blender/blenkernel/intern/modifier.cc:458 BKE_modifier_set_error: Object: "left thumb fingertip", Modifier: "weighted normals", Enable 'Auto Smooth' in Object Data Properties
ERROR (bke.modifier): ./source/blender/blenkernel/intern/modifier.cc:458 BKE_modifier_set_error: Object: "right shoulder undercloth", Modifier: "weighted normals", Enable 'Auto Smooth' in Object Data Properties
ERROR (bke.modifier): ./source/blender/blenkernel/intern/modifier.cc:458 BKE_modifier_set_error: Object: "right kote forearm guard", Modifier: "weighted normals", Enable 'Auto Smooth' in Object Data Properties
ERROR (bke.modifier): ./source/blender/blenkernel/intern/modifier.cc:458 BKE_modifier_set_error: Object: "left hanging sode shoulder plate 2", Modifier: "weighted normals", Enable 'Auto Smooth' in Object Data Properties
ERROR (bke.modifier): ./source/blender/blenkernel/intern/modifier.cc:458 BKE_modifier_set_error: Object: "right armored upper arm", Modifier: "weighted normals", Enable 'Auto Smooth' in Object Data Properties
ERROR (bke.modifier): ./source/blender/blenkernel/intern/modifier.cc:458 BKE_modifier_set_error: Object: "right sode shoulder armor", Modifier: "weighted normals", Enable 'Auto Smooth' in Object Data Properties
ERROR (bke.modifier): ./source/blender/blenkernel/intern/modifier.cc:458 BKE_modifier_set_error: Object: "right leather palm volume", Modifier: "weighted normals", Enable 'Auto Smooth' in Object Data Properties
ERROR (bke.modifier): ./source/blender/blenkernel/intern/modifier.cc:458 BKE_modifier_set_error: Object: "right index fingertip", Modifier: "weighted normals", Enable 'Auto Smooth' in Object Data Properties
ERROR (bke.modifier): ./source/blender/blenkernel/intern/modifier.cc:458 BKE_modifier_set_error: Object: "right middle fingertip", Modifier: "weighted normals", Enable 'Auto Smooth' in Object Data Properties
ERROR (bke.modifier): ./source/blender/blenkernel/intern/modifier.cc:458 BKE_modifier_set_error: Object: "left hanging sode shoulder plate 4", Modifier: "weighted normals", Enable 'Auto Smooth' in Object Data Properties
ERROR (bke.modifier): ./source/blender/blenkernel/intern/modifier.cc:458 BKE_modifier_set_error: Object: "right ring fingertip", Modifier: "weighted normals", Enable 'Auto Smooth' in Object Data Properties
ERROR (bke.modifier): ./source/blender/blenkernel/intern/modifier.cc:458 BKE_modifier_set_error: Object: "right pinky fingertip", Modifier: "weighted normals", Enable 'Auto Smooth' in Object Data Properties
ERROR (bke.modifier): ./source/blender/blenkernel/intern/modifier.cc:458 BKE_modifier_set_error: Object: "right thumb fingertip", Modifier: "weighted normals", Enable 'Auto Smooth' in Object Data Properties
ERROR (bke.modifier): ./source/blender/blenkernel/intern/modifier.cc:458 BKE_modifier_set_error: Object: "left hanging sode shoulder plate 3", Modifier: "weighted normals", Enable 'Auto Smooth' in Object Data Properties
ERROR (bke.modifier): ./source/blender/blenkernel/intern/modifier.cc:458 BKE_modifier_set_error: Object: "front cuirass row 1 bevelled lamellar plate 01", Modifier: "weighted normals", Enable 'Auto Smooth' in Object Data Properties
ERROR (bke.modifier): ./source/blender/blenkernel/intern/modifier.cc:458 BKE_modifier_set_error: Object: "right hanging sode shoulder plate 1", Modifier: "weighted normals", Enable 'Auto Smooth' in Object Data Properties
ERROR (bke.modifier): ./source/blender/blenkernel/intern/modifier.cc:458 BKE_modifier_set_error: Object: "lower do cuirass narrowed shell", Modifier: "weighted normals", Enable 'Auto Smooth' in Object Data Properties
ERROR (bke.modifier): ./source/blender/blenkernel/intern/modifier.cc:458 BKE_modifier_set_error: Object: "upper do cuirass fitted shell", Modifier: "weighted normals", Enable 'Auto Smooth' in Object Data Properties
ERROR (bke.modifier): ./source/blender/blenkernel/intern/modifier.cc:458 BKE_modifier_set_error: Object: "right hanging sode shoulder plate 2", Modifier: "weighted normals", Enable 'Auto Smooth' in Object Data Properties
ERROR (bke.modifier): ./source/blender/blenkernel/intern/modifier.cc:458 BKE_modifier_set_error: Object: "right hanging sode shoulder plate 3", Modifier: "weighted normals", Enable 'Auto Smooth' in Object Data Properties
ERROR (bke.modifier): ./source/blender/blenkernel/intern/modifier.cc:458 BKE_modifier_set_error: Object: "kusazuri skirt plate -1 row 1", Modifier: "weighted normals", Enable 'Auto Smooth' in Object Data Properties
ERROR (bke.modifier): ./source/blender/blenkernel/intern/modifier.cc:458 BKE_modifier_set_error: Object: "rear kusazuri skirt plate +0 row 3", Modifier: "weighted normals", Enable 'Auto Smooth' in Object Data Properties
ERROR (bke.modifier): ./source/blender/blenkernel/intern/modifier.cc:458 BKE_modifier_set_error: Object: "rear kusazuri skirt plate -1 row 3", Modifier: "weighted normals", Enable 'Auto Smooth' in Object Data Properties
ERROR (bke.modifier): ./source/blender/blenkernel/intern/modifier.cc:458 BKE_modifier_set_error: Object: "kusazuri skirt plate -1 row 2", Modifier: "weighted normals", Enable 'Auto Smooth' in Object Data Properties
ERROR (bke.modifier): ./source/blender/blenkernel/intern/modifier.cc:458 BKE_modifier_set_error: Object: "kusazuri skirt plate -1 row 3", Modifier: "weighted normals", Enable 'Auto Smooth' in Object Data Properties
ERROR (bke.modifier): ./source/blender/blenkernel/intern/modifier.cc:458 BKE_modifier_set_error: Object: "kusazuri skirt plate +0 row 1", Modifier: "weighted normals", Enable 'Auto Smooth' in Object Data Properties
ERROR (bke.modifier): ./source/blender/blenkernel/intern/modifier.cc:458 BKE_modifier_set_error: Object: "rear kusazuri skirt plate -1 row 2", Modifier: "weighted normals", Enable 'Auto Smooth' in Object Data Properties
ERROR (bke.modifier): ./source/blender/blenkernel/intern/modifier.cc:458 BKE_modifier_set_error: Object: "rear kusazuri skirt plate +0 row 1", Modifier: "weighted normals", Enable 'Auto Smooth' in Object Data Properties
ERROR (bke.modifier): ./source/blender/blenkernel/intern/modifier.cc:458 BKE_modifier_set_error: Object: "rear kusazuri skirt plate +0 row 2", Modifier: "weighted normals", Enable 'Auto Smooth' in Object Data Properties
ERROR (bke.modifier): ./source/blender/blenkernel/intern/modifier.cc:458 BKE_modifier_set_error: Object: "kusazuri skirt plate +0 row 2", Modifier: "weighted normals", Enable 'Auto Smooth' in Object Data Properties
ERROR (bke.modifier): ./source/blender/blenkernel/intern/modifier.cc:458 BKE_modifier_set_error: Object: "kusazuri skirt plate +0 row 3", Modifier: "weighted normals", Enable 'Auto Smooth' in Object Data Properties
ERROR (bke.modifier): ./source/blender/blenkernel/intern/modifier.cc:458 BKE_modifier_set_error: Object: "right hanging sode shoulder plate 4", Modifier: "weighted normals", Enable 'Auto Smooth' in Object Data Properties
ERROR (bke.modifier): ./source/blender/blenkernel/intern/modifier.cc:458 BKE_modifier_set_error: Object: "rear kusazuri skirt plate -1 row 1", Modifier: "weighted normals", Enable 'Auto Smooth' in Object Data Properties
ERROR (bke.modifier): ./source/blender/blenkernel/intern/modifier.cc:458 BKE_modifier_set_error: Object: "left hakama trouser leg", Modifier: "weighted normals", Enable 'Auto Smooth' in Object Data Properties
ERROR (bke.modifier): ./source/blender/blenkernel/intern/modifier.cc:458 BKE_modifier_set_error: Object: "left shin greave", Modifier: "weighted normals", Enable 'Auto Smooth' in Object Data Properties
ERROR (bke.modifier): ./source/blender/blenkernel/intern/modifier.cc:458 BKE_modifier_set_error: Object: "left split-toe tabi foot volume", Modifier: "weighted normals", Enable 'Auto Smooth' in Object Data Properties
ERROR (bke.modifier): ./source/blender/blenkernel/intern/modifier.cc:458 BKE_modifier_set_error: Object: "left separated big toe", Modifier: "weighted normals", Enable 'Auto Smooth' in Object Data Properties
ERROR (bke.modifier): ./source/blender/blenkernel/intern/modifier.cc:458 BKE_modifier_set_error: Object: "left outer toe group", Modifier: "weighted normals", Enable 'Auto Smooth' in Object Data Properties
ERROR (bke.modifier): ./source/blender/blenkernel/intern/modifier.cc:458 BKE_modifier_set_error: Object: "kusazuri skirt plate +1 row 2", Modifier: "weighted normals", Enable 'Auto Smooth' in Object Data Properties
ERROR (bke.modifier): ./source/blender/blenkernel/intern/modifier.cc:458 BKE_modifier_set_error: Object: "right hakama trouser leg", Modifier: "weighted normals", Enable 'Auto Smooth' in Object Data Properties
ERROR (bke.modifier): ./source/blender/blenkernel/intern/modifier.cc:458 BKE_modifier_set_error: Object: "right shin greave", Modifier: "weighted normals", Enable 'Auto Smooth' in Object Data Properties
ERROR (bke.modifier): ./source/blender/blenkernel/intern/modifier.cc:458 BKE_modifier_set_error: Object: "rear kusazuri skirt plate +1 row 2", Modifier: "weighted normals", Enable 'Auto Smooth' in Object Data Properties
ERROR (bke.modifier): ./source/blender/blenkernel/intern/modifier.cc:458 BKE_modifier_set_error: Object: "right split-toe tabi foot volume", Modifier: "weighted normals", Enable 'Auto Smooth' in Object Data Properties
ERROR (bke.modifier): ./source/blender/blenkernel/intern/modifier.cc:458 BKE_modifier_set_error: Object: "rear kusazuri skirt plate +1 row 1", Modifier: "weighted normals", Enable 'Auto Smooth' in Object Data Properties
ERROR (bke.modifier): ./source/blender/blenkernel/intern/modifier.cc:458 BKE_modifier_set_error: Object: "kusazuri skirt plate +1 row 1", Modifier: "weighted normals", Enable 'Auto Smooth' in Object Data Properties
ERROR (bke.modifier): ./source/blender/blenkernel/intern/modifier.cc:458 BKE_modifier_set_error: Object: "right separated big toe", Modifier: "weighted normals", Enable 'Auto Smooth' in Object Data Properties
ERROR (bke.modifier): ./source/blender/blenkernel/intern/modifier.cc:458 BKE_modifier_set_error: Object: "right outer toe group", Modifier: "weighted normals", Enable 'Auto Smooth' in Object Data Properties
ERROR (bke.modifier): ./source/blender/blenkernel/intern/modifier.cc:458 BKE_modifier_set_error: Object: "throat guard row 3 bevelled lamellar plate 05", Modifier: "weighted normals", Enable 'Auto Smooth' in Object Data Properties
ERROR (bke.modifier): ./source/blender/blenkernel/intern/modifier.cc:458 BKE_modifier_set_error: Object: "kusazuri skirt plate +1 row 3", Modifier: "weighted normals", Enable 'Auto Smooth' in Object Data Properties
ERROR (bke.modifier): ./source/blender/blenkernel/intern/modifier.cc:458 BKE_modifier_set_error: Object: "wrapped katana grip", Modifier: "weighted normals", Enable 'Auto Smooth' in Object Data Properties
ERROR (bke.modifier): ./source/blender/blenkernel/intern/modifier.cc:458 BKE_modifier_set_error: Object: "ribcage under-kimono volume", Modifier: "weighted normals", Enable 'Auto Smooth' in Object Data Properties
ERROR (bke.modifier): ./source/blender/blenkernel/intern/modifier.cc:458 BKE_modifier_set_error: Object: "simple round clan mon on banner", Modifier: "weighted normals", Enable 'Auto Smooth' in Object Data Properties
ERROR (bke.modifier): ./source/blender/blenkernel/intern/modifier.cc:458 BKE_modifier_set_error: Object: "thin exposed neck", Modifier: "weighted normals", Enable 'Auto Smooth' in Object Data Properties
ERROR (bke.modifier): ./source/blender/blenkernel/intern/modifier.cc:458 BKE_modifier_set_error: Object: "narrow waist under-kimono volume", Modifier: "weighted normals", Enable 'Auto Smooth' in Object Data Properties
ERROR (bke.modifier): ./source/blender/blenkernel/intern/modifier.cc:458 BKE_modifier_set_error: Object: "neck guard collar", Modifier: "weighted normals", Enable 'Auto Smooth' in Object Data Properties
ERROR (bke.modifier): ./source/blender/blenkernel/intern/modifier.cc:458 BKE_modifier_set_error: Object: "visible human head behind mempo", Modifier: "weighted normals", Enable 'Auto Smooth' in Object Data Properties
ERROR (bke.modifier): ./source/blender/blenkernel/intern/modifier.cc:458 BKE_modifier_set_error: Object: "segmented kabuto helmet bowl", Modifier: "weighted normals", Enable 'Auto Smooth' in Object Data Properties
ERROR (bke.modifier): ./source/blender/blenkernel/intern/modifier.cc:458 BKE_modifier_set_error: Object: "wide kabuto brim", Modifier: "weighted normals", Enable 'Auto Smooth' in Object Data Properties
ERROR (bke.modifier): ./source/blender/blenkernel/intern/modifier.cc:458 BKE_modifier_set_error: Object: "left woven waraji sole grounded", Modifier: "weighted normals", Enable 'Auto Smooth' in Object Data Properties
ERROR (bke.modifier): ./source/blender/blenkernel/intern/modifier.cc:458 BKE_modifier_set_error: Object: "layered rear shikoro neck guard", Modifier: "weighted normals", Enable 'Auto Smooth' in Object Data Properties
ERROR (bke.modifier): ./source/blender/blenkernel/intern/modifier.cc:458 BKE_modifier_set_error: Object: "rear kusazuri skirt plate +1 row 3", Modifier: "weighted normals", Enable 'Auto Smooth' in Object Data Properties
ERROR (bke.modifier): ./source/blender/blenkernel/intern/modifier.cc:458 BKE_modifier_set_error: Object: "crest central rivet", Modifier: "weighted normals", Enable 'Auto Smooth' in Object Data Properties
ERROR (bke.modifier): ./source/blender/blenkernel/intern/modifier.cc:458 BKE_modifier_set_error: Object: "matte charcoal inspection plinth", Modifier: "weighted normals", Enable 'Auto Smooth' in Object Data Properties
ERROR (bke.modifier): ./source/blender/blenkernel/intern/modifier.cc:458 BKE_modifier_set_error: Object: "small lacquered sashimono crossbar", Modifier: "weighted normals", Enable 'Auto Smooth' in Object Data Properties
ERROR (bke.modifier): ./source/blender/blenkernel/intern/modifier.cc:458 BKE_modifier_set_error: Object: "square tsuba guard", Modifier: "weighted normals", Enable 'Auto Smooth' in Object Data Properties
ERROR (bke.modifier): ./source/blender/blenkernel/intern/modifier.cc:458 BKE_modifier_set_error: Object: "cloth sashimono banner panel", Modifier: "weighted normals", Enable 'Auto Smooth' in Object Data Properties
ERROR (bke.modifier): ./source/blender/blenkernel/intern/modifier.cc:458 BKE_modifier_set_error: Object: "mempo nose ridge", Modifier: "weighted normals", Enable 'Auto Smooth' in Object Data Properties
ERROR (bke.modifier): ./source/blender/blenkernel/intern/modifier.cc:458 BKE_modifier_set_error: Object: "right woven waraji sole grounded", Modifier: "weighted normals", Enable 'Auto Smooth' in Object Data Properties
ERROR (bke.modifier): ./source/blender/blenkernel/intern/modifier.cc:458 BKE_modifier_set_error: Object: "throat guard row 3 bevelled lamellar plate 04", Modifier: "weighted normals", Enable 'Auto Smooth' in Object Data Properties
ERROR (bke.modifier): ./source/blender/blenkernel/intern/modifier.cc:458 BKE_modifier_set_error: Object: "left side helmet flange", Modifier: "weighted normals", Enable 'Auto Smooth' in Object Data Properties
ERROR (bke.modifier): ./source/blender/blenkernel/intern/modifier.cc:458 BKE_modifier_set_error: Object: "mempo chin guard", Modifier: "weighted normals", Enable 'Auto Smooth' in Object Data Properties
ERROR (bke.modifier): ./source/blender/blenkernel/intern/modifier.cc:458 BKE_modifier_set_error: Object: "right side helmet flange", Modifier: "weighted normals", Enable 'Auto Smooth' in Object Data Properties
ERROR (bke.modifier): ./source/blender/blenkernel/intern/modifier.cc:458 BKE_modifier_set_error: Object: "left narrow eye slit", Modifier: "weighted normals", Enable 'Auto Smooth' in Object Data Properties
ERROR (bke.modifier): ./source/blender/blenkernel/intern/modifier.cc:458 BKE_modifier_set_error: Object: "mempo grim mouth slit", Modifier: "weighted normals", Enable 'Auto Smooth' in Object Data Properties
ERROR (bke.modifier): ./source/blender/blenkernel/intern/modifier.cc:458 BKE_modifier_set_error: Object: "right narrow eye slit", Modifier: "weighted normals", Enable 'Auto Smooth' in Object Data Properties
ERROR (bke.modifier): ./source/blender/blenkernel/intern/modifier.cc:458 BKE_modifier_set_error: Object: "throat guard row 1 bevelled lamellar plate 02", Modifier: "weighted normals", Enable 'Auto Smooth' in Object Data Properties
ERROR (bke.modifier): ./source/blender/blenkernel/intern/modifier.cc:458 BKE_modifier_set_error: Object: "left angular mempo cheek plate", Modifier: "weighted normals", Enable 'Auto Smooth' in Object Data Properties
ERROR (bke.modifier): ./source/blender/blenkernel/intern/modifier.cc:458 BKE_modifier_set_error: Object: "right angular mempo cheek plate", Modifier: "weighted normals", Enable 'Auto Smooth' in Object Data Properties
ERROR (bke.modifier): ./source/blender/blenkernel/intern/modifier.cc:458 BKE_modifier_set_error: Object: "throat guard row 1 bevelled lamellar plate 03", Modifier: "weighted normals", Enable 'Auto Smooth' in Object Data Properties
ERROR (bke.modifier): ./source/blender/blenkernel/intern/modifier.cc:458 BKE_modifier_set_error: Object: "throat guard row 1 bevelled lamellar plate 01", Modifier: "weighted normals", Enable 'Auto Smooth' in Object Data Properties
ERROR (bke.modifier): ./source/blender/blenkernel/intern/modifier.cc:458 BKE_modifier_set_error: Object: "throat guard row 1 bevelled lamellar plate 04", Modifier: "weighted normals", Enable 'Auto Smooth' in Object Data Properties
ERROR (bke.modifier): ./source/blender/blenkernel/intern/modifier.cc:458 BKE_modifier_set_error: Object: "throat guard row 2 bevelled lamellar plate 01", Modifier: "weighted normals", Enable 'Auto Smooth' in Object Data Properties
ERROR (bke.modifier): ./source/blender/blenkernel/intern/modifier.cc:458 BKE_modifier_set_error: Object: "throat guard row 1 bevelled lamellar plate 05", Modifier: "weighted normals", Enable 'Auto Smooth' in Object Data Properties
ERROR (bke.modifier): ./source/blender/blenkernel/intern/modifier.cc:458 BKE_modifier_set_error: Object: "throat guard row 3 bevelled lamellar plate 03", Modifier: "weighted normals", Enable 'Auto Smooth' in Object Data Properties
ERROR (bke.modifier): ./source/blender/blenkernel/intern/modifier.cc:458 BKE_modifier_set_error: Object: "throat guard row 2 bevelled lamellar plate 02", Modifier: "weighted normals", Enable 'Auto Smooth' in Object Data Properties
ERROR (bke.modifier): ./source/blender/blenkernel/intern/modifier.cc:458 BKE_modifier_set_error: Object: "throat guard row 2 bevelled lamellar plate 05", Modifier: "weighted normals", Enable 'Auto Smooth' in Object Data Properties
ERROR (bke.modifier): ./source/blender/blenkernel/intern/modifier.cc:458 BKE_modifier_set_error: Object: "throat guard row 2 bevelled lamellar plate 04", Modifier: "weighted normals", Enable 'Auto Smooth' in Object Data Properties
ERROR (bke.modifier): ./source/blender/blenkernel/intern/modifier.cc:458 BKE_modifier_set_error: Object: "throat guard row 2 bevelled lamellar plate 03", Modifier: "weighted normals", Enable 'Auto Smooth' in Object Data Properties
ERROR (bke.modifier): ./source/blender/blenkernel/intern/modifier.cc:458 BKE_modifier_set_error: Object: "throat guard row 3 bevelled lamellar plate 02", Modifier: "weighted normals", Enable 'Auto Smooth' in Object Data Properties
ERROR (bke.modifier): ./source/blender/blenkernel/intern/modifier.cc:458 BKE_modifier_set_error: Object: "throat guard row 3 bevelled lamellar plate 01", Modifier: "weighted normals", Enable 'Auto Smooth' in Object Data Properties
Fra:1 Mem:47.25M (Peak 47.27M) | Time:00:00.06 | Syncing matte charcoal inspection plinth
Fra:1 Mem:47.26M (Peak 47.31M) | Time:00:00.06 | Syncing ribcage under-kimono volume
Fra:1 Mem:47.35M (Peak 47.35M) | Time:00:00.06 | Syncing narrow waist under-kimono volume
Fra:1 Mem:47.42M (Peak 47.42M) | Time:00:00.06 | Syncing visible human head behind mempo
Fra:1 Mem:47.51M (Peak 47.51M) | Time:00:00.06 | Syncing thin exposed neck
Fra:1 Mem:47.52M (Peak 47.53M) | Time:00:00.06 | Syncing neck guard collar
Fra:1 Mem:47.54M (Peak 47.58M) | Time:00:00.06 | Syncing segmented kabuto helmet bowl
Fra:1 Mem:47.71M (Peak 47.71M) | Time:00:00.06 | Syncing wide kabuto brim
Fra:1 Mem:47.73M (Peak 47.73M) | Time:00:00.06 | Syncing layered rear shikoro neck guard
Fra:1 Mem:47.75M (Peak 47.75M) | Time:00:00.06 | Syncing left side helmet flange
Fra:1 Mem:47.76M (Peak 47.76M) | Time:00:00.06 | Syncing right side helmet flange
Fra:1 Mem:47.77M (Peak 47.77M) | Time:00:00.06 | Syncing golden maedate crescent crest
Fra:1 Mem:47.79M (Peak 47.84M) | Time:00:00.06 | Syncing crest central rivet
Fra:1 Mem:47.80M (Peak 47.84M) | Time:00:00.06 | Syncing left angular mempo cheek plate
Fra:1 Mem:47.82M (Peak 47.86M) | Time:00:00.06 | Syncing right angular mempo cheek plate
Fra:1 Mem:47.84M (Peak 47.86M) | Time:00:00.06 | Syncing mempo chin guard
Fra:1 Mem:47.86M (Peak 47.86M) | Time:00:00.06 | Syncing mempo nose ridge
Fra:1 Mem:47.87M (Peak 47.87M) | Time:00:00.06 | Syncing left narrow eye slit
Fra:1 Mem:47.89M (Peak 47.89M) | Time:00:00.06 | Syncing right narrow eye slit
Fra:1 Mem:47.90M (Peak 47.90M) | Time:00:00.06 | Syncing mempo grim mouth slit
Fra:1 Mem:47.91M (Peak 47.91M) | Time:00:00.06 | Syncing left mask moustache bristle
Fra:1 Mem:47.92M (Peak 47.92M) | Time:00:00.06 | Syncing right mask moustache bristle
Fra:1 Mem:47.93M (Peak 47.93M) | Time:00:00.06 | Syncing throat guard row 1 bevelled lamel
Fra:1 Mem:47.95M (Peak 47.95M) | Time:00:00.06 | Syncing throat guard row 1 bevelled lamel
Fra:1 Mem:47.97M (Peak 47.97M) | Time:00:00.06 | Syncing throat guard row 1 bevelled lamel
Fra:1 Mem:47.99M (Peak 47.99M) | Time:00:00.06 | Syncing throat guard row 1 bevelled lamel
Fra:1 Mem:48.01M (Peak 48.01M) | Time:00:00.06 | Syncing throat guard row 1 bevelled lamel
Fra:1 Mem:48.02M (Peak 48.02M) | Time:00:00.06 | Syncing throat guard row 2 bevelled lamel
Fra:1 Mem:48.04M (Peak 48.04M) | Time:00:00.07 | Syncing throat guard row 2 bevelled lamel
Fra:1 Mem:48.06M (Peak 48.06M) | Time:00:00.07 | Syncing throat guard row 2 bevelled lamel
Fra:1 Mem:48.08M (Peak 48.08M) | Time:00:00.07 | Syncing throat guard row 2 bevelled lamel
Fra:1 Mem:48.10M (Peak 48.10M) | Time:00:00.07 | Syncing throat guard row 2 bevelled lamel
Fra:1 Mem:48.12M (Peak 48.12M) | Time:00:00.07 | Syncing throat guard row 3 bevelled lamel
Fra:1 Mem:48.14M (Peak 48.14M) | Time:00:00.07 | Syncing throat guard row 3 bevelled lamel
Fra:1 Mem:48.16M (Peak 48.16M) | Time:00:00.07 | Syncing throat guard row 3 bevelled lamel
Fra:1 Mem:48.18M (Peak 48.18M) | Time:00:00.07 | Syncing throat guard row 3 bevelled lamel
Fra:1 Mem:48.20M (Peak 48.20M) | Time:00:00.07 | Syncing throat guard row 3 bevelled lamel
Fra:1 Mem:48.22M (Peak 48.22M) | Time:00:00.07 | Syncing upper do cuirass fitted shell
Fra:1 Mem:48.32M (Peak 48.32M) | Time:00:00.07 | Syncing lower do cuirass narrowed shell
Fra:1 Mem:48.40M (Peak 48.40M) | Time:00:00.07 | Syncing front cuirass row 1 bevelled lame
Fra:1 Mem:48.42M (Peak 48.42M) | Time:00:00.07 | Syncing front cuirass row 1 bevelled lame
Fra:1 Mem:48.44M (Peak 48.44M) | Time:00:00.07 | Syncing front cuirass row 1 bevelled lame
Fra:1 Mem:48.46M (Peak 48.46M) | Time:00:00.07 | Syncing front cuirass row 1 bevelled lame
Fra:1 Mem:48.48M (Peak 48.48M) | Time:00:00.07 | Syncing front cuirass row 1 bevelled lame
Fra:1 Mem:48.50M (Peak 48.50M) | Time:00:00.07 | Syncing front cuirass row 1 bevelled lame
Fra:1 Mem:48.52M (Peak 48.52M) | Time:00:00.07 | Syncing front cuirass row 1 bevelled lame
Fra:1 Mem:48.54M (Peak 48.54M) | Time:00:00.07 | Syncing front cuirass row 1 bevelled lame
Fra:1 Mem:48.56M (Peak 48.56M) | Time:00:00.07 | Syncing rear cuirass row 1 bevelled lamel
Fra:1 Mem:48.58M (Peak 48.58M) | Time:00:00.07 | Syncing rear cuirass row 1 bevelled lamel
Fra:1 Mem:48.60M (Peak 48.60M) | Time:00:00.07 | Syncing rear cuirass row 1 bevelled lamel
Fra:1 Mem:48.62M (Peak 48.62M) | Time:00:00.07 | Syncing rear cuirass row 1 bevelled lamel
Fra:1 Mem:48.63M (Peak 48.63M) | Time:00:00.07 | Syncing rear cuirass row 1 bevelled lamel
Fra:1 Mem:48.65M (Peak 48.65M) | Time:00:00.07 | Syncing rear cuirass row 1 bevelled lamel
Fra:1 Mem:48.67M (Peak 48.67M) | Time:00:00.07 | Syncing rear cuirass row 1 bevelled lamel
Fra:1 Mem:48.69M (Peak 48.69M) | Time:00:00.07 | Syncing rear cuirass row 1 bevelled lamel
Fra:1 Mem:48.71M (Peak 48.71M) | Time:00:00.07 | Syncing front cuirass row 2 bevelled lame
Fra:1 Mem:48.73M (Peak 48.73M) | Time:00:00.07 | Syncing front cuirass row 2 bevelled lame
Fra:1 Mem:48.75M (Peak 48.75M) | Time:00:00.07 | Syncing front cuirass row 2 bevelled lame
Fra:1 Mem:48.77M (Peak 48.77M) | Time:00:00.07 | Syncing front cuirass row 2 bevelled lame
Fra:1 Mem:48.79M (Peak 48.79M) | Time:00:00.07 | Syncing front cuirass row 2 bevelled lame
Fra:1 Mem:48.81M (Peak 48.81M) | Time:00:00.07 | Syncing front cuirass row 2 bevelled lame
Fra:1 Mem:48.83M (Peak 48.83M) | Time:00:00.07 | Syncing front cuirass row 2 bevelled lame
Fra:1 Mem:48.85M (Peak 48.85M) | Time:00:00.07 | Syncing front cuirass row 2 bevelled lame
Fra:1 Mem:48.87M (Peak 48.87M) | Time:00:00.07 | Syncing rear cuirass row 2 bevelled lamel
Fra:1 Mem:48.89M (Peak 48.89M) | Time:00:00.07 | Syncing rear cuirass row 2 bevelled lamel
Fra:1 Mem:48.91M (Peak 48.91M) | Time:00:00.07 | Syncing rear cuirass row 2 bevelled lamel
Fra:1 Mem:48.93M (Peak 48.93M) | Time:00:00.07 | Syncing rear cuirass row 2 bevelled lamel
Fra:1 Mem:48.95M (Peak 48.95M) | Time:00:00.07 | Syncing rear cuirass row 2 bevelled lamel
Fra:1 Mem:48.96M (Peak 48.96M) | Time:00:00.07 | Syncing rear cuirass row 2 bevelled lamel
Fra:1 Mem:48.98M (Peak 48.98M) | Time:00:00.07 | Syncing rear cuirass row 2 bevelled lamel
Fra:1 Mem:49.00M (Peak 49.00M) | Time:00:00.07 | Syncing rear cuirass row 2 bevelled lamel
Fra:1 Mem:49.02M (Peak 49.02M) | Time:00:00.07 | Syncing front cuirass row 3 bevelled lame
Fra:1 Mem:49.04M (Peak 49.04M) | Time:00:00.07 | Syncing front cuirass row 3 bevelled lame
Fra:1 Mem:49.06M (Peak 49.06M) | Time:00:00.07 | Syncing front cuirass row 3 bevelled lame
Fra:1 Mem:49.08M (Peak 49.08M) | Time:00:00.07 | Syncing front cuirass row 3 bevelled lame
Fra:1 Mem:49.10M (Peak 49.10M) | Time:00:00.07 | Syncing front cuirass row 3 bevelled lame
Fra:1 Mem:49.12M (Peak 49.12M) | Time:00:00.07 | Syncing front cuirass row 3 bevelled lame
Fra:1 Mem:49.14M (Peak 49.14M) | Time:00:00.07 | Syncing front cuirass row 3 bevelled lame
Fra:1 Mem:49.16M (Peak 49.16M) | Time:00:00.07 | Syncing front cuirass row 3 bevelled lame
Fra:1 Mem:49.18M (Peak 49.18M) | Time:00:00.07 | Syncing rear cuirass row 3 bevelled lamel
Fra:1 Mem:49.20M (Peak 49.20M) | Time:00:00.07 | Syncing rear cuirass row 3 bevelled lamel
Fra:1 Mem:49.22M (Peak 49.22M) | Time:00:00.07 | Syncing rear cuirass row 3 bevelled lamel
Fra:1 Mem:49.23M (Peak 49.23M) | Time:00:00.07 | Syncing rear cuirass row 3 bevelled lamel
Fra:1 Mem:49.25M (Peak 49.25M) | Time:00:00.07 | Syncing rear cuirass row 3 bevelled lamel
Fra:1 Mem:49.27M (Peak 49.27M) | Time:00:00.08 | Syncing rear cuirass row 3 bevelled lamel
Fra:1 Mem:49.29M (Peak 49.29M) | Time:00:00.08 | Syncing rear cuirass row 3 bevelled lamel
Fra:1 Mem:49.31M (Peak 49.31M) | Time:00:00.08 | Syncing rear cuirass row 3 bevelled lamel
Fra:1 Mem:49.33M (Peak 49.33M) | Time:00:00.08 | Syncing front cuirass row 4 bevelled lame
Fra:1 Mem:49.35M (Peak 49.35M) | Time:00:00.08 | Syncing front cuirass row 4 bevelled lame
Fra:1 Mem:49.37M (Peak 49.37M) | Time:00:00.08 | Syncing front cuirass row 4 bevelled lame
Fra:1 Mem:49.39M (Peak 49.39M) | Time:00:00.08 | Syncing front cuirass row 4 bevelled lame
Fra:1 Mem:49.41M (Peak 49.41M) | Time:00:00.08 | Syncing front cuirass row 4 bevelled lame
Fra:1 Mem:49.43M (Peak 49.43M) | Time:00:00.08 | Syncing front cuirass row 4 bevelled lame
Fra:1 Mem:49.45M (Peak 49.45M) | Time:00:00.08 | Syncing front cuirass row 4 bevelled lame
Fra:1 Mem:49.47M (Peak 49.47M) | Time:00:00.08 | Syncing front cuirass row 4 bevelled lame
Fra:1 Mem:49.49M (Peak 49.49M) | Time:00:00.08 | Syncing rear cuirass row 4 bevelled lamel
Fra:1 Mem:49.50M (Peak 49.50M) | Time:00:00.08 | Syncing rear cuirass row 4 bevelled lamel
Fra:1 Mem:49.52M (Peak 49.52M) | Time:00:00.08 | Syncing rear cuirass row 4 bevelled lamel
Fra:1 Mem:49.54M (Peak 49.54M) | Time:00:00.08 | Syncing rear cuirass row 4 bevelled lamel
Fra:1 Mem:49.56M (Peak 49.56M) | Time:00:00.08 | Syncing rear cuirass row 4 bevelled lamel
Fra:1 Mem:49.58M (Peak 49.58M) | Time:00:00.08 | Syncing rear cuirass row 4 bevelled lamel
Fra:1 Mem:49.60M (Peak 49.60M) | Time:00:00.08 | Syncing rear cuirass row 4 bevelled lamel
Fra:1 Mem:49.62M (Peak 49.62M) | Time:00:00.08 | Syncing rear cuirass row 4 bevelled lamel
Fra:1 Mem:49.64M (Peak 49.64M) | Time:00:00.08 | Syncing front cuirass row 5 bevelled lame
Fra:1 Mem:49.66M (Peak 49.66M) | Time:00:00.08 | Syncing front cuirass row 5 bevelled lame
Fra:1 Mem:49.68M (Peak 49.68M) | Time:00:00.08 | Syncing front cuirass row 5 bevelled lame
Fra:1 Mem:49.70M (Peak 49.70M) | Time:00:00.08 | Syncing front cuirass row 5 bevelled lame
Fra:1 Mem:49.72M (Peak 49.72M) | Time:00:00.08 | Syncing front cuirass row 5 bevelled lame
Fra:1 Mem:49.74M (Peak 49.74M) | Time:00:00.08 | Syncing front cuirass row 5 bevelled lame
Fra:1 Mem:49.76M (Peak 49.76M) | Time:00:00.08 | Syncing front cuirass row 5 bevelled lame
Fra:1 Mem:49.78M (Peak 49.78M) | Time:00:00.08 | Syncing front cuirass row 5 bevelled lame
Fra:1 Mem:49.79M (Peak 49.79M) | Time:00:00.08 | Syncing rear cuirass row 5 bevelled lamel
Fra:1 Mem:49.81M (Peak 49.81M) | Time:00:00.08 | Syncing rear cuirass row 5 bevelled lamel
Fra:1 Mem:49.83M (Peak 49.83M) | Time:00:00.08 | Syncing rear cuirass row 5 bevelled lamel
Fra:1 Mem:49.85M (Peak 49.85M) | Time:00:00.08 | Syncing rear cuirass row 5 bevelled lamel
Fra:1 Mem:49.87M (Peak 49.87M) | Time:00:00.08 | Syncing rear cuirass row 5 bevelled lamel
Fra:1 Mem:49.89M (Peak 49.89M) | Time:00:00.08 | Syncing rear cuirass row 5 bevelled lamel
Fra:1 Mem:49.91M (Peak 49.91M) | Time:00:00.08 | Syncing rear cuirass row 5 bevelled lamel
Fra:1 Mem:49.93M (Peak 49.93M) | Time:00:00.08 | Syncing rear cuirass row 5 bevelled lamel
Fra:1 Mem:49.95M (Peak 49.95M) | Time:00:00.08 | Syncing left side cuirass plate 1
Fra:1 Mem:49.96M (Peak 49.96M) | Time:00:00.08 | Syncing left side cuirass plate 2
Fra:1 Mem:49.98M (Peak 49.98M) | Time:00:00.08 | Syncing left side cuirass plate 3
Fra:1 Mem:49.99M (Peak 49.99M) | Time:00:00.08 | Syncing right side cuirass plate 1
Fra:1 Mem:50.00M (Peak 50.00M) | Time:00:00.08 | Syncing right side cuirass plate 2
Fra:1 Mem:50.02M (Peak 50.02M) | Time:00:00.08 | Syncing right side cuirass plate 3
Fra:1 Mem:50.03M (Peak 50.03M) | Time:00:00.08 | Syncing left shoulder undercloth
Fra:1 Mem:50.09M (Peak 50.09M) | Time:00:00.08 | Syncing left hanging sode shoulder plate 
Fra:1 Mem:50.11M (Peak 50.11M) | Time:00:00.08 | Syncing left hanging sode shoulder plate 
Fra:1 Mem:50.13M (Peak 50.13M) | Time:00:00.08 | Syncing left hanging sode shoulder plate 
Fra:1 Mem:50.15M (Peak 50.15M) | Time:00:00.08 | Syncing left hanging sode shoulder plate 
Fra:1 Mem:50.17M (Peak 50.17M) | Time:00:00.08 | Syncing left armored upper arm
Fra:1 Mem:50.22M (Peak 50.22M) | Time:00:00.08 | Syncing left sode shoulder armor
Fra:1 Mem:50.27M (Peak 50.27M) | Time:00:00.08 | Syncing left kote forearm guard
Fra:1 Mem:50.32M (Peak 50.32M) | Time:00:00.08 | Syncing left leather palm volume
Fra:1 Mem:50.36M (Peak 50.38M) | Time:00:00.08 | Syncing left articulated index finger
Fra:1 Mem:50.37M (Peak 50.38M) | Time:00:00.08 | Syncing left index fingertip
Fra:1 Mem:50.38M (Peak 50.38M) | Time:00:00.08 | Syncing left articulated middle finger
Fra:1 Mem:50.39M (Peak 50.39M) | Time:00:00.08 | Syncing left middle fingertip
Fra:1 Mem:50.40M (Peak 50.40M) | Time:00:00.08 | Syncing left articulated ring finger
Fra:1 Mem:50.41M (Peak 50.41M) | Time:00:00.08 | Syncing left ring fingertip
Fra:1 Mem:50.42M (Peak 50.42M) | Time:00:00.08 | Syncing left articulated pinky finger
Fra:1 Mem:50.43M (Peak 50.43M) | Time:00:00.08 | Syncing left pinky fingertip
Fra:1 Mem:50.44M (Peak 50.44M) | Time:00:00.08 | Syncing left opposed thumb
Fra:1 Mem:50.45M (Peak 50.45M) | Time:00:00.08 | Syncing left thumb fingertip
Fra:1 Mem:50.47M (Peak 50.47M) | Time:00:00.08 | Syncing right shoulder undercloth
Fra:1 Mem:50.52M (Peak 50.52M) | Time:00:00.08 | Syncing right hanging sode shoulder plate
Fra:1 Mem:50.54M (Peak 50.54M) | Time:00:00.08 | Syncing right hanging sode shoulder plate
Fra:1 Mem:50.56M (Peak 50.56M) | Time:00:00.08 | Syncing right hanging sode shoulder plate
Fra:1 Mem:50.58M (Peak 50.58M) | Time:00:00.08 | Syncing right hanging sode shoulder plate
Fra:1 Mem:50.60M (Peak 50.60M) | Time:00:00.08 | Syncing right armored upper arm
Fra:1 Mem:50.66M (Peak 50.66M) | Time:00:00.08 | Syncing right sode shoulder armor
Fra:1 Mem:50.70M (Peak 50.70M) | Time:00:00.08 | Syncing right kote forearm guard
Fra:1 Mem:50.75M (Peak 50.75M) | Time:00:00.08 | Syncing right leather palm volume
Fra:1 Mem:50.79M (Peak 50.79M) | Time:00:00.08 | Syncing right articulated index finger
Fra:1 Mem:50.80M (Peak 50.80M) | Time:00:00.08 | Syncing right index fingertip
Fra:1 Mem:50.81M (Peak 50.81M) | Time:00:00.08 | Syncing right articulated middle finger
Fra:1 Mem:50.82M (Peak 50.82M) | Time:00:00.08 | Syncing right middle fingertip
Fra:1 Mem:50.83M (Peak 50.83M) | Time:00:00.08 | Syncing right articulated ring finger
Fra:1 Mem:50.84M (Peak 50.84M) | Time:00:00.08 | Syncing right ring fingertip
Fra:1 Mem:50.85M (Peak 50.85M) | Time:00:00.08 | Syncing right articulated pinky finger
Fra:1 Mem:50.86M (Peak 50.86M) | Time:00:00.08 | Syncing right pinky fingertip
Fra:1 Mem:50.87M (Peak 50.87M) | Time:00:00.08 | Syncing right opposed thumb
Fra:1 Mem:50.88M (Peak 50.88M) | Time:00:00.08 | Syncing right thumb fingertip
Fra:1 Mem:50.90M (Peak 50.90M) | Time:00:00.08 | Syncing kusazuri skirt plate -1 row 1
Fra:1 Mem:50.91M (Peak 50.91M) | Time:00:00.08 | Syncing rear kusazuri skirt plate -1 row 
Fra:1 Mem:50.93M (Peak 50.93M) | Time:00:00.08 | Syncing kusazuri skirt plate -1 row 2
Fra:1 Mem:50.94M (Peak 50.94M) | Time:00:00.08 | Syncing rear kusazuri skirt plate -1 row 
Fra:1 Mem:50.96M (Peak 50.96M) | Time:00:00.08 | Syncing kusazuri skirt plate -1 row 3
Fra:1 Mem:50.97M (Peak 50.97M) | Time:00:00.08 | Syncing rear kusazuri skirt plate -1 row 
Fra:1 Mem:50.98M (Peak 50.98M) | Time:00:00.08 | Syncing kusazuri skirt plate +0 row 1
Fra:1 Mem:51.00M (Peak 51.00M) | Time:00:00.08 | Syncing rear kusazuri skirt plate +0 row 
Fra:1 Mem:51.01M (Peak 51.01M) | Time:00:00.08 | Syncing kusazuri skirt plate +0 row 2
Fra:1 Mem:51.03M (Peak 51.03M) | Time:00:00.08 | Syncing rear kusazuri skirt plate +0 row 
Fra:1 Mem:51.04M (Peak 51.04M) | Time:00:00.08 | Syncing kusazuri skirt plate +0 row 3
Fra:1 Mem:51.05M (Peak 51.05M) | Time:00:00.08 | Syncing rear kusazuri skirt plate +0 row 
Fra:1 Mem:51.07M (Peak 51.07M) | Time:00:00.08 | Syncing kusazuri skirt plate +1 row 1
Fra:1 Mem:51.08M (Peak 51.08M) | Time:00:00.08 | Syncing rear kusazuri skirt plate +1 row 
Fra:1 Mem:51.10M (Peak 51.10M) | Time:00:00.08 | Syncing kusazuri skirt plate +1 row 2
Fra:1 Mem:51.11M (Peak 51.11M) | Time:00:00.08 | Syncing rear kusazuri skirt plate +1 row 
Fra:1 Mem:51.12M (Peak 51.12M) | Time:00:00.08 | Syncing kusazuri skirt plate +1 row 3
Fra:1 Mem:51.14M (Peak 51.14M) | Time:00:00.08 | Syncing rear kusazuri skirt plate +1 row 
Fra:1 Mem:51.15M (Peak 51.15M) | Time:00:00.08 | Syncing left hakama trouser leg
Fra:1 Mem:51.21M (Peak 51.21M) | Time:00:00.08 | Syncing left shin greave
Fra:1 Mem:51.26M (Peak 51.26M) | Time:00:00.09 | Syncing left split-toe tabi foot volume
Fra:1 Mem:51.31M (Peak 51.31M) | Time:00:00.09 | Syncing left separated big toe
Fra:1 Mem:51.33M (Peak 51.33M) | Time:00:00.09 | Syncing left outer toe group
Fra:1 Mem:51.35M (Peak 51.35M) | Time:00:00.09 | Syncing left woven waraji sole grounded
Fra:1 Mem:51.36M (Peak 51.36M) | Time:00:00.09 | Syncing left sandal toe strap
Fra:1 Mem:51.37M (Peak 51.42M) | Time:00:00.09 | Syncing left heel strap
Fra:1 Mem:51.37M (Peak 51.42M) | Time:00:00.09 | Syncing left hakama pleat 1
Fra:1 Mem:51.38M (Peak 51.42M) | Time:00:00.09 | Syncing left hakama pleat 2
Fra:1 Mem:51.38M (Peak 51.42M) | Time:00:00.09 | Syncing left hakama pleat 3
Fra:1 Mem:51.39M (Peak 51.42M) | Time:00:00.09 | Syncing right hakama trouser leg
Fra:1 Mem:51.48M (Peak 51.48M) | Time:00:00.09 | Syncing right shin greave
Fra:1 Mem:51.54M (Peak 51.54M) | Time:00:00.09 | Syncing right split-toe tabi foot volume
Fra:1 Mem:51.58M (Peak 51.58M) | Time:00:00.09 | Syncing right separated big toe
Fra:1 Mem:51.60M (Peak 51.60M) | Time:00:00.09 | Syncing right outer toe group
Fra:1 Mem:51.62M (Peak 51.62M) | Time:00:00.09 | Syncing right woven waraji sole grounded
Fra:1 Mem:51.63M (Peak 51.63M) | Time:00:00.09 | Syncing right sandal toe strap
Fra:1 Mem:51.64M (Peak 51.64M) | Time:00:00.09 | Syncing right heel strap
Fra:1 Mem:51.64M (Peak 51.64M) | Time:00:00.09 | Syncing right hakama pleat 1
Fra:1 Mem:51.65M (Peak 51.65M) | Time:00:00.09 | Syncing right hakama pleat 2
Fra:1 Mem:51.66M (Peak 51.66M) | Time:00:00.09 | Syncing right hakama pleat 3
Fra:1 Mem:51.66M (Peak 51.66M) | Time:00:00.09 | Syncing drawn katana blade spine
Fra:1 Mem:51.67M (Peak 51.73M) | Time:00:00.09 | Syncing bright sharpened katana edge
Fra:1 Mem:51.68M (Peak 51.73M) | Time:00:00.09 | Syncing wrapped katana grip
Fra:1 Mem:51.69M (Peak 51.73M) | Time:00:00.09 | Syncing square tsuba guard
Fra:1 Mem:51.70M (Peak 51.73M) | Time:00:00.09 | Syncing lacquered saya scabbard at left h
Fra:1 Mem:51.71M (Peak 51.73M) | Time:00:00.09 | Syncing waist sash tying armor
Fra:1 Mem:51.71M (Peak 51.73M) | Time:00:00.09 | Syncing bamboo sashimono back pole
Fra:1 Mem:51.72M (Peak 51.73M) | Time:00:00.09 | Syncing small lacquered sashimono crossba
Fra:1 Mem:51.74M (Peak 51.74M) | Time:00:00.09 | Syncing cloth sashimono banner panel
Fra:1 Mem:51.75M (Peak 51.80M) | Time:00:00.09 | Syncing simple round clan mon on banner
Fra:1 Mem:51.79M (Peak 51.80M) | Time:00:00.09 | Syncing cool key
Fra:1 Mem:51.79M (Peak 51.80M) | Time:00:00.09 | Syncing rim
Fra:1 Mem:51.79M (Peak 51.80M) | Time:00:00.09 | Syncing hero cam
Fra:1 Mem:51.79M (Peak 51.80M) | Time:00:00.09 | Syncing samurai_v2_provenance
Fra:1 Mem:51.83M (Peak 51.92M) | Time:00:00.10 | Rendering 1 / 32 samples
Fra:1 Mem:49.42M (Peak 51.92M) | Time:00:02.29 | Rendering 26 / 32 samples
Fra:1 Mem:49.42M (Peak 51.92M) | Time:00:02.66 | Rendering 32 / 32 samples
Saved: '/tmp/factoryx-v22-render/samurai-repaired-full-20-v22/uesugi-01/samurai_character_left.png'
 Time: 00:02.77 (Saving: 00:00.04)

ERROR (bke.modifier): ./source/blender/blenkernel/intern/modifier.cc:458 BKE_modifier_set_error: Object: "neck guard collar", Modifier: "weighted normals", Enable 'Auto Smooth' in Object Data Properties
ERROR (bke.modifier): ./source/blender/blenkernel/intern/modifier.cc:458 BKE_modifier_set_error: Object: "segmented kabuto helmet bowl", Modifier: "weighted normals", Enable 'Auto Smooth' in Object Data Properties
ERROR (bke.modifier): ./source/blender/blenkernel/intern/modifier.cc:458 BKE_modifier_set_error: Object: "wide kabuto brim", Modifier: "weighted normals", Enable 'Auto Smooth' in Object Data Properties
ERROR (bke.modifier): ./source/blender/blenkernel/intern/modifier.cc:458 BKE_modifier_set_error: Object: "layered rear shikoro neck guard", Modifier: "weighted normals", Enable 'Auto Smooth' in Object Data Properties
ERROR (bke.modifier): ./source/blender/blenkernel/intern/modifier.cc:458 BKE_modifier_set_error: Object: "thin exposed neck", Modifier: "weighted normals", Enable 'Auto Smooth' in Object Data Properties
ERROR (bke.modifier): ./source/blender/blenkernel/intern/modifier.cc:458 BKE_modifier_set_error: Object: "visible human head behind mempo", Modifier: "weighted normals", Enable 'Auto Smooth' in Object Data Properties
ERROR (bke.modifier): ./source/blender/blenkernel/intern/modifier.cc:458 BKE_modifier_set_error: Object: "crest central rivet", Modifier: "weighted normals", Enable 'Auto Smooth' in Object Data Properties
ERROR (bke.modifier): ./source/blender/blenkernel/intern/modifier.cc:458 BKE_modifier_set_error: Object: "narrow waist under-kimono volume", Modifier: "weighted normals", Enable 'Auto Smooth' in Object Data Properties
ERROR (bke.modifier): ./source/blender/blenkernel/intern/modifier.cc:458 BKE_modifier_set_error: Object: "ribcage under-kimono volume", Modifier: "weighted normals", Enable 'Auto Smooth' in Object Data Properties
ERROR (bke.modifier): ./source/blender/blenkernel/intern/modifier.cc:458 BKE_modifier_set_error: Object: "mempo nose ridge", Modifier: "weighted normals", Enable 'Auto Smooth' in Object Data Properties
ERROR (bke.modifier): ./source/blender/blenkernel/intern/modifier.cc:458 BKE_modifier_set_error: Object: "left side helmet flange", Modifier: "weighted normals", Enable 'Auto Smooth' in Object Data Properties
ERROR (bke.modifier): ./source/blender/blenkernel/intern/modifier.cc:458 BKE_modifier_set_error: Object: "right side helmet flange", Modifier: "weighted normals", Enable 'Auto Smooth' in Object Data Properties
ERROR (bke.modifier): ./source/blender/blenkernel/intern/modifier.cc:458 BKE_modifier_set_error: Object: "mempo grim mouth slit", Modifier: "weighted normals", Enable 'Auto Smooth' in Object Data Properties
ERROR (bke.modifier): ./source/blender/blenkernel/intern/modifier.cc:458 BKE_modifier_set_error: Object: "mempo chin guard", Modifier: "weighted normals", Enable 'Auto Smooth' in Object Data Properties
ERROR (bke.modifier): ./source/blender/blenkernel/intern/modifier.cc:458 BKE_modifier_set_error: Object: "right angular mempo cheek plate", Modifier: "weighted normals", Enable 'Auto Smooth' in Object Data Properties
ERROR (bke.modifier): ./source/blender/blenkernel/intern/modifier.cc:458 BKE_modifier_set_error: Object: "matte charcoal inspection plinth", Modifier: "weighted normals", Enable 'Auto Smooth' in Object Data Properties
ERROR (bke.modifier): ./source/blender/blenkernel/intern/modifier.cc:458 BKE_modifier_set_error: Object: "left narrow eye slit", Modifier: "weighted normals", Enable 'Auto Smooth' in Object Data Properties
ERROR (bke.modifier): ./source/blender/blenkernel/intern/modifier.cc:458 BKE_modifier_set_error: Object: "simple round clan mon on banner", Modifier: "weighted normals", Enable 'Auto Smooth' in Object Data Properties
ERROR (bke.modifier): ./source/blender/blenkernel/intern/modifier.cc:458 BKE_modifier_set_error: Object: "right narrow eye slit", Modifier: "weighted normals", Enable 'Auto Smooth' in Object Data Properties
ERROR (bke.modifier): ./source/blender/blenkernel/intern/modifier.cc:458 BKE_modifier_set_error: Object: "throat guard row 1 bevelled lamellar plate 01", Modifier: "weighted normals", Enable 'Auto Smooth' in Object Data Properties
ERROR (bke.modifier): ./source/blender/blenkernel/intern/modifier.cc:458 BKE_modifier_set_error: Object: "throat guard row 1 bevelled lamellar plate 02", Modifier: "weighted normals", Enable 'Auto Smooth' in Object Data Properties
ERROR (bke.modifier): ./source/blender/blenkernel/intern/modifier.cc:458 BKE_modifier_set_error: Object: "throat guard row 1 bevelled lamellar plate 04", Modifier: "weighted normals", Enable 'Auto Smooth' in Object Data Properties
ERROR (bke.modifier): ./source/blender/blenkernel/intern/modifier.cc:458 BKE_modifier_set_error: Object: "left angular mempo cheek plate", Modifier: "weighted normals", Enable 'Auto Smooth' in Object Data Properties
ERROR (bke.modifier): ./source/blender/blenkernel/intern/modifier.cc:458 BKE_modifier_set_error: Object: "throat guard row 1 bevelled lamellar plate 05", Modifier: "weighted normals", Enable 'Auto Smooth' in Object Data Properties
ERROR (bke.modifier): ./source/blender/blenkernel/intern/modifier.cc:458 BKE_modifier_set_error: Object: "lower do cuirass narrowed shell", Modifier: "weighted normals", Enable 'Auto Smooth' in Object Data Properties
ERROR (bke.modifier): ./source/blender/blenkernel/intern/modifier.cc:458 BKE_modifier_set_error: Object: "upper do cuirass fitted shell", Modifier: "weighted normals", Enable 'Auto Smooth' in Object Data Properties
ERROR (bke.modifier): ./source/blender/blenkernel/intern/modifier.cc:458 BKE_modifier_set_error: Object: "throat guard row 2 bevelled lamellar plate 02", Modifier: "weighted normals", Enable 'Auto Smooth' in Object Data Properties
ERROR (bke.modifier): ./source/blender/blenkernel/intern/modifier.cc:458 BKE_modifier_set_error: Object: "throat guard row 1 bevelled lamellar plate 03", Modifier: "weighted normals", Enable 'Auto Smooth' in Object Data Properties
ERROR (bke.modifier): ./source/blender/blenkernel/intern/modifier.cc:458 BKE_modifier_set_error: Object: "throat guard row 2 bevelled lamellar plate 03", Modifier: "weighted normals", Enable 'Auto Smooth' in Object Data Properties
ERROR (bke.modifier): ./source/blender/blenkernel/intern/modifier.cc:458 BKE_modifier_set_error: Object: "throat guard row 2 bevelled lamellar plate 01", Modifier: "weighted normals", Enable 'Auto Smooth' in Object Data Properties
ERROR (bke.modifier): ./source/blender/blenkernel/intern/modifier.cc:458 BKE_modifier_set_error: Object: "throat guard row 2 bevelled lamellar plate 04", Modifier: "weighted normals", Enable 'Auto Smooth' in Object Data Properties
ERROR (bke.modifier): ./source/blender/blenkernel/intern/modifier.cc:458 BKE_modifier_set_error: Object: "throat guard row 2 bevelled lamellar plate 05", Modifier: "weighted normals", Enable 'Auto Smooth' in Object Data Properties
ERROR (bke.modifier): ./source/blender/blenkernel/intern/modifier.cc:458 BKE_modifier_set_error: Object: "throat guard row 3 bevelled lamellar plate 01", Modifier: "weighted normals", Enable 'Auto Smooth' in Object Data Properties
ERROR (bke.modifier): ./source/blender/blenkernel/intern/modifier.cc:458 BKE_modifier_set_error: Object: "cloth sashimono banner panel", Modifier: "weighted normals", Enable 'Auto Smooth' in Object Data Properties
ERROR (bke.modifier): ./source/blender/blenkernel/intern/modifier.cc:458 BKE_modifier_set_error: Object: "throat guard row 3 bevelled lamellar plate 02", Modifier: "weighted normals", Enable 'Auto Smooth' in Object Data Properties
ERROR (bke.modifier): ./source/blender/blenkernel/intern/modifier.cc:458 BKE_modifier_set_error: Object: "front cuirass row 1 bevelled lamellar plate 01", Modifier: "weighted normals", Enable 'Auto Smooth' in Object Data Properties
ERROR (bke.modifier): ./source/blender/blenkernel/intern/modifier.cc:458 BKE_modifier_set_error: Object: "throat guard row 3 bevelled lamellar plate 05", Modifier: "weighted normals", Enable 'Auto Smooth' in Object Data Properties
ERROR (bke.modifier): ./source/blender/blenkernel/intern/modifier.cc:458 BKE_modifier_set_error: Object: "throat guard row 3 bevelled lamellar plate 03", Modifier: "weighted normals", Enable 'Auto Smooth' in Object Data Properties
ERROR (bke.modifier): ./source/blender/blenkernel/intern/modifier.cc:458 BKE_modifier_set_error: Object: "front cuirass row 1 bevelled lamellar plate 02", Modifier: "weighted normals", Enable 'Auto Smooth' in Object Data Properties
ERROR (bke.modifier): ./source/blender/blenkernel/intern/modifier.cc:458 BKE_modifier_set_error: Object: "front cuirass row 1 bevelled lamellar plate 03", Modifier: "weighted normals", Enable 'Auto Smooth' in Object Data Properties
ERROR (bke.modifier): ./source/blender/blenkernel/intern/modifier.cc:458 BKE_modifier_set_error: Object: "throat guard row 3 bevelled lamellar plate 04", Modifier: "weighted normals", Enable 'Auto Smooth' in Object Data Properties
ERROR (bke.modifier): ./source/blender/blenkernel/intern/modifier.cc:458 BKE_modifier_set_error: Object: "rear cuirass row 1 bevelled lamellar plate 04", Modifier: "weighted normals", Enable 'Auto Smooth' in Object Data Properties
ERROR (bke.modifier): ./source/blender/blenkernel/intern/modifier.cc:458 BKE_modifier_set_error: Object: "front cuirass row 1 bevelled lamellar plate 08", Modifier: "weighted normals", Enable 'Auto Smooth' in Object Data Properties
ERROR (bke.modifier): ./source/blender/blenkernel/intern/modifier.cc:458 BKE_modifier_set_error: Object: "front cuirass row 1 bevelled lamellar plate 07", Modifier: "weighted normals", Enable 'Auto Smooth' in Object Data Properties
ERROR (bke.modifier): ./source/blender/blenkernel/intern/modifier.cc:458 BKE_modifier_set_error: Object: "small lacquered sashimono crossbar", Modifier: "weighted normals", Enable 'Auto Smooth' in Object Data Properties
ERROR (bke.modifier): ./source/blender/blenkernel/intern/modifier.cc:458 BKE_modifier_set_error: Object: "front cuirass row 1 bevelled lamellar plate 05", Modifier: "weighted normals", Enable 'Auto Smooth' in Object Data Properties
ERROR (bke.modifier): ./source/blender/blenkernel/intern/modifier.cc:458 BKE_modifier_set_error: Object: "front cuirass row 1 bevelled lamellar plate 06", Modifier: "weighted normals", Enable 'Auto Smooth' in Object Data Properties
ERROR (bke.modifier): ./source/blender/blenkernel/intern/modifier.cc:458 BKE_modifier_set_error: Object: "rear cuirass row 1 bevelled lamellar plate 03", Modifier: "weighted normals", Enable 'Auto Smooth' in Object Data Properties
ERROR (bke.modifier): ./source/blender/blenkernel/intern/modifier.cc:458 BKE_modifier_set_error: Object: "rear cuirass row 1 bevelled lamellar plate 01", Modifier: "weighted normals", Enable 'Auto Smooth' in Object Data Properties
ERROR (bke.modifier): ./source/blender/blenkernel/intern/modifier.cc:458 BKE_modifier_set_error: Object: "rear cuirass row 1 bevelled lamellar plate 02", Modifier: "weighted normals", Enable 'Auto Smooth' in Object Data Properties
ERROR (bke.modifier): ./source/blender/blenkernel/intern/modifier.cc:458 BKE_modifier_set_error: Object: "front cuirass row 1 bevelled lamellar plate 04", Modifier: "weighted normals", Enable 'Auto Smooth' in Object Data Properties
ERROR (bke.modifier): ./source/blender/blenkernel/intern/modifier.cc:458 BKE_modifier_set_error: Object: "rear cuirass row 1 bevelled lamellar plate 07", Modifier: "weighted normals", Enable 'Auto Smooth' in Object Data Properties
ERROR (bke.modifier): ./source/blender/blenkernel/intern/modifier.cc:458 BKE_modifier_set_error: Object: "rear cuirass row 1 bevelled lamellar plate 05", Modifier: "weighted normals", Enable 'Auto Smooth' in Object Data Properties
ERROR (bke.modifier): ./source/blender/blenkernel/intern/modifier.cc:458 BKE_modifier_set_error: Object: "rear cuirass row 1 bevelled lamellar plate 06", Modifier: "weighted normals", Enable 'Auto Smooth' in Object Data Properties
ERROR (bke.modifier): ./source/blender/blenkernel/intern/modifier.cc:458 BKE_modifier_set_error: Object: "front cuirass row 2 bevelled lamellar plate 02", Modifier: "weighted normals", Enable 'Auto Smooth' in Object Data Properties
ERROR (bke.modifier): ./source/blender/blenkernel/intern/modifier.cc:458 BKE_modifier_set_error: Object: "front cuirass row 2 bevelled lamellar plate 01", Modifier: "weighted normals", Enable 'Auto Smooth' in Object Data Properties
ERROR (bke.modifier): ./source/blender/blenkernel/intern/modifier.cc:458 BKE_modifier_set_error: Object: "front cuirass row 2 bevelled lamellar plate 03", Modifier: "weighted normals", Enable 'Auto Smooth' in Object Data Properties
ERROR (bke.modifier): ./source/blender/blenkernel/intern/modifier.cc:458 BKE_modifier_set_error: Object: "front cuirass row 2 bevelled lamellar plate 04", Modifier: "weighted normals", Enable 'Auto Smooth' in Object Data Properties
ERROR (bke.modifier): ./source/blender/blenkernel/intern/modifier.cc:458 BKE_modifier_set_error: Object: "rear cuirass row 1 bevelled lamellar plate 08", Modifier: "weighted normals", Enable 'Auto Smooth' in Object Data Properties
ERROR (bke.modifier): ./source/blender/blenkernel/intern/modifier.cc:458 BKE_modifier_set_error: Object: "front cuirass row 2 bevelled lamellar plate 06", Modifier: "weighted normals", Enable 'Auto Smooth' in Object Data Properties
ERROR (bke.modifier): ./source/blender/blenkernel/intern/modifier.cc:458 BKE_modifier_set_error: Object: "rear cuirass row 2 bevelled lamellar plate 04", Modifier: "weighted normals", Enable 'Auto Smooth' in Object Data Properties
ERROR (bke.modifier): ./source/blender/blenkernel/intern/modifier.cc:458 BKE_modifier_set_error: Object: "front cuirass row 2 bevelled lamellar plate 05", Modifier: "weighted normals", Enable 'Auto Smooth' in Object Data Properties
ERROR (bke.modifier): ./source/blender/blenkernel/intern/modifier.cc:458 BKE_modifier_set_error: Object: "front cuirass row 2 bevelled lamellar plate 07", Modifier: "weighted normals", Enable 'Auto Smooth' in Object Data Properties
ERROR (bke.modifier): ./source/blender/blenkernel/intern/modifier.cc:458 BKE_modifier_set_error: Object: "rear cuirass row 2 bevelled lamellar plate 03", Modifier: "weighted normals", Enable 'Auto Smooth' in Object Data Properties
ERROR (bke.modifier): ./source/blender/blenkernel/intern/modifier.cc:458 BKE_modifier_set_error: Object: "front cuirass row 2 bevelled lamellar plate 08", Modifier: "weighted normals", Enable 'Auto Smooth' in Object Data Properties
ERROR (bke.modifier): ./source/blender/blenkernel/intern/modifier.cc:458 BKE_modifier_set_error: Object: "rear cuirass row 2 bevelled lamellar plate 02", Modifier: "weighted normals", Enable 'Auto Smooth' in Object Data Properties
ERROR (bke.modifier): ./source/blender/blenkernel/intern/modifier.cc:458 BKE_modifier_set_error: Object: "rear cuirass row 2 bevelled lamellar plate 01", Modifier: "weighted normals", Enable 'Auto Smooth' in Object Data Properties
ERROR (bke.modifier): ./source/blender/blenkernel/intern/modifier.cc:458 BKE_modifier_set_error: Object: "rear cuirass row 2 bevelled lamellar plate 05", Modifier: "weighted normals", Enable 'Auto Smooth' in Object Data Properties
ERROR (bke.modifier): ./source/blender/blenkernel/intern/modifier.cc:458 BKE_modifier_set_error: Object: "front cuirass row 3 bevelled lamellar plate 04", Modifier: "weighted normals", Enable 'Auto Smooth' in Object Data Properties
ERROR (bke.modifier): ./source/blender/blenkernel/intern/modifier.cc:458 BKE_modifier_set_error: Object: "square tsuba guard", Modifier: "weighted normals", Enable 'Auto Smooth' in Object Data Properties
ERROR (bke.modifier): ./source/blender/blenkernel/intern/modifier.cc:458 BKE_modifier_set_error: Object: "rear cuirass row 2 bevelled lamellar plate 08", Modifier: "weighted normals", Enable 'Auto Smooth' in Object Data Properties
ERROR (bke.modifier): ./source/blender/blenkernel/intern/modifier.cc:458 BKE_modifier_set_error: Object: "rear cuirass row 2 bevelled lamellar plate 07", Modifier: "weighted normals", Enable 'Auto Smooth' in Object Data Properties
ERROR (bke.modifier): ./source/blender/blenkernel/intern/modifier.cc:458 BKE_modifier_set_error: Object: "front cuirass row 3 bevelled lamellar plate 01", Modifier: "weighted normals", Enable 'Auto Smooth' in Object Data Properties
ERROR (bke.modifier): ./source/blender/blenkernel/intern/modifier.cc:458 BKE_modifier_set_error: Object: "rear cuirass row 2 bevelled lamellar plate 06", Modifier: "weighted normals", Enable 'Auto Smooth' in Object Data Properties
ERROR (bke.modifier): ./source/blender/blenkernel/intern/modifier.cc:458 BKE_modifier_set_error: Object: "wrapped katana grip", Modifier: "weighted normals", Enable 'Auto Smooth' in Object Data Properties
ERROR (bke.modifier): ./source/blender/blenkernel/intern/modifier.cc:458 BKE_modifier_set_error: Object: "front cuirass row 3 bevelled lamellar plate 02", Modifier: "weighted normals", Enable 'Auto Smooth' in Object Data Properties
ERROR (bke.modifier): ./source/blender/blenkernel/intern/modifier.cc:458 BKE_modifier_set_error: Object: "front cuirass row 3 bevelled lamellar plate 06", Modifier: "weighted normals", Enable 'Auto Smooth' in Object Data Properties
ERROR (bke.modifier): ./source/blender/blenkernel/intern/modifier.cc:458 BKE_modifier_set_error: Object: "front cuirass row 3 bevelled lamellar plate 03", Modifier: "weighted normals", Enable 'Auto Smooth' in Object Data Properties
ERROR (bke.modifier): ./source/blender/blenkernel/intern/modifier.cc:458 BKE_modifier_set_error: Object: "front cuirass row 3 bevelled lamellar plate 05", Modifier: "weighted normals", Enable 'Auto Smooth' in Object Data Properties
ERROR (bke.modifier): ./source/blender/blenkernel/intern/modifier.cc:458 BKE_modifier_set_error: Object: "front cuirass row 3 bevelled lamellar plate 07", Modifier: "weighted normals", Enable 'Auto Smooth' in Object Data Properties
ERROR (bke.modifier): ./source/blender/blenkernel/intern/modifier.cc:458 BKE_modifier_set_error: Object: "rear cuirass row 3 bevelled lamellar plate 04", Modifier: "weighted normals", Enable 'Auto Smooth' in Object Data Properties
ERROR (bke.modifier): ./source/blender/blenkernel/intern/modifier.cc:458 BKE_modifier_set_error: Object: "front cuirass row 3 bevelled lamellar plate 08", Modifier: "weighted normals", Enable 'Auto Smooth' in Object Data Properties
ERROR (bke.modifier): ./source/blender/blenkernel/intern/modifier.cc:458 BKE_modifier_set_error: Object: "rear cuirass row 3 bevelled lamellar plate 02", Modifier: "weighted normals", Enable 'Auto Smooth' in Object Data Properties
ERROR (bke.modifier): ./source/blender/blenkernel/intern/modifier.cc:458 BKE_modifier_set_error: Object: "rear cuirass row 3 bevelled lamellar plate 03", Modifier: "weighted normals", Enable 'Auto Smooth' in Object Data Properties
ERROR (bke.modifier): ./source/blender/blenkernel/intern/modifier.cc:458 BKE_modifier_set_error: Object: "front cuirass row 4 bevelled lamellar plate 04", Modifier: "weighted normals", Enable 'Auto Smooth' in Object Data Properties
ERROR (bke.modifier): ./source/blender/blenkernel/intern/modifier.cc:458 BKE_modifier_set_error: Object: "rear cuirass row 3 bevelled lamellar plate 08", Modifier: "weighted normals", Enable 'Auto Smooth' in Object Data Properties
ERROR (bke.modifier): ./source/blender/blenkernel/intern/modifier.cc:458 BKE_modifier_set_error: Object: "rear cuirass row 3 bevelled lamellar plate 07", Modifier: "weighted normals", Enable 'Auto Smooth' in Object Data Properties
ERROR (bke.modifier): ./source/blender/blenkernel/intern/modifier.cc:458 BKE_modifier_set_error: Object: "rear cuirass row 3 bevelled lamellar plate 05", Modifier: "weighted normals", Enable 'Auto Smooth' in Object Data Properties
ERROR (bke.modifier): ./source/blender/blenkernel/intern/modifier.cc:458 BKE_modifier_set_error: Object: "front cuirass row 4 bevelled lamellar plate 01", Modifier: "weighted normals", Enable 'Auto Smooth' in Object Data Properties
ERROR (bke.modifier): ./source/blender/blenkernel/intern/modifier.cc:458 BKE_modifier_set_error: Object: "rear cuirass row 3 bevelled lamellar plate 06", Modifier: "weighted normals", Enable 'Auto Smooth' in Object Data Properties
ERROR (bke.modifier): ./source/blender/blenkernel/intern/modifier.cc:458 BKE_modifier_set_error: Object: "front cuirass row 4 bevelled lamellar plate 06", Modifier: "weighted normals", Enable 'Auto Smooth' in Object Data Properties
ERROR (bke.modifier): ./source/blender/blenkernel/intern/modifier.cc:458 BKE_modifier_set_error: Object: "front cuirass row 4 bevelled lamellar plate 03", Modifier: "weighted normals", Enable 'Auto Smooth' in Object Data Properties
ERROR (bke.modifier): ./source/blender/blenkernel/intern/modifier.cc:458 BKE_modifier_set_error: Object: "rear cuirass row 3 bevelled lamellar plate 01", Modifier: "weighted normals", Enable 'Auto Smooth' in Object Data Properties
ERROR (bke.modifier): ./source/blender/blenkernel/intern/modifier.cc:458 BKE_modifier_set_error: Object: "front cuirass row 4 bevelled lamellar plate 02", Modifier: "weighted normals", Enable 'Auto Smooth' in Object Data Properties
ERROR (bke.modifier): ./source/blender/blenkernel/intern/modifier.cc:458 BKE_modifier_set_error: Object: "front cuirass row 4 bevelled lamellar plate 07", Modifier: "weighted normals", Enable 'Auto Smooth' in Object Data Properties
ERROR (bke.modifier): ./source/blender/blenkernel/intern/modifier.cc:458 BKE_modifier_set_error: Object: "front cuirass row 4 bevelled lamellar plate 08", Modifier: "weighted normals", Enable 'Auto Smooth' in Object Data Properties
ERROR (bke.modifier): ./source/blender/blenkernel/intern/modifier.cc:458 BKE_modifier_set_error: Object: "front cuirass row 4 bevelled lamellar plate 05", Modifier: "weighted normals", Enable 'Auto Smooth' in Object Data Properties
ERROR (bke.modifier): ./source/blender/blenkernel/intern/modifier.cc:458 BKE_modifier_set_error: Object: "rear cuirass row 4 bevelled lamellar plate 01", Modifier: "weighted normals", Enable 'Auto Smooth' in Object Data Properties
ERROR (bke.modifier): ./source/blender/blenkernel/intern/modifier.cc:458 BKE_modifier_set_error: Object: "rear cuirass row 4 bevelled lamellar plate 02", Modifier: "weighted normals", Enable 'Auto Smooth' in Object Data Properties
ERROR (bke.modifier): ./source/blender/blenkernel/intern/modifier.cc:458 BKE_modifier_set_error: Object: "rear cuirass row 4 bevelled lamellar plate 07", Modifier: "weighted normals", Enable 'Auto Smooth' in Object Data Properties
ERROR (bke.modifier): ./source/blender/blenkernel/intern/modifier.cc:458 BKE_modifier_set_error: Object: "rear cuirass row 4 bevelled lamellar plate 03", Modifier: "weighted normals", Enable 'Auto Smooth' in Object Data Properties
ERROR (bke.modifier): ./source/blender/blenkernel/intern/modifier.cc:458 BKE_modifier_set_error: Object: "rear cuirass row 4 bevelled lamellar plate 04", Modifier: "weighted normals", Enable 'Auto Smooth' in Object Data Properties
ERROR (bke.modifier): ./source/blender/blenkernel/intern/modifier.cc:458 BKE_modifier_set_error: Object: "rear cuirass row 4 bevelled lamellar plate 05", Modifier: "weighted normals", Enable 'Auto Smooth' in Object Data Properties
ERROR (bke.modifier): ./source/blender/blenkernel/intern/modifier.cc:458 BKE_modifier_set_error: Object: "rear cuirass row 4 bevelled lamellar plate 08", Modifier: "weighted normals", Enable 'Auto Smooth' in Object Data Properties
ERROR (bke.modifier): ./source/blender/blenkernel/intern/modifier.cc:458 BKE_modifier_set_error: Object: "front cuirass row 5 bevelled lamellar plate 01", Modifier: "weighted normals", Enable 'Auto Smooth' in Object Data Properties
ERROR (bke.modifier): ./source/blender/blenkernel/intern/modifier.cc:458 BKE_modifier_set_error: Object: "rear cuirass row 4 bevelled lamellar plate 06", Modifier: "weighted normals", Enable 'Auto Smooth' in Object Data Properties
ERROR (bke.modifier): ./source/blender/blenkernel/intern/modifier.cc:458 BKE_modifier_set_error: Object: "front cuirass row 5 bevelled lamellar plate 02", Modifier: "weighted normals", Enable 'Auto Smooth' in Object Data Properties
ERROR (bke.modifier): ./source/blender/blenkernel/intern/modifier.cc:458 BKE_modifier_set_error: Object: "rear cuirass row 5 bevelled lamellar plate 01", Modifier: "weighted normals", Enable 'Auto Smooth' in Object Data Properties
ERROR (bke.modifier): ./source/blender/blenkernel/intern/modifier.cc:458 BKE_modifier_set_error: Object: "front cuirass row 5 bevelled lamellar plate 04", Modifier: "weighted normals", Enable 'Auto Smooth' in Object Data Properties
ERROR (bke.modifier): ./source/blender/blenkernel/intern/modifier.cc:458 BKE_modifier_set_error: Object: "front cuirass row 5 bevelled lamellar plate 05", Modifier: "weighted normals", Enable 'Auto Smooth' in Object Data Properties
ERROR (bke.modifier): ./source/blender/blenkernel/intern/modifier.cc:458 BKE_modifier_set_error: Object: "front cuirass row 5 bevelled lamellar plate 03", Modifier: "weighted normals", Enable 'Auto Smooth' in Object Data Properties
ERROR (bke.modifier): ./source/blender/blenkernel/intern/modifier.cc:458 BKE_modifier_set_error: Object: "front cuirass row 5 bevelled lamellar plate 07", Modifier: "weighted normals", Enable 'Auto Smooth' in Object Data Properties
ERROR (bke.modifier): ./source/blender/blenkernel/intern/modifier.cc:458 BKE_modifier_set_error: Object: "front cuirass row 5 bevelled lamellar plate 06", Modifier: "weighted normals", Enable 'Auto Smooth' in Object Data Properties
ERROR (bke.modifier): ./source/blender/blenkernel/intern/modifier.cc:458 BKE_modifier_set_error: Object: "front cuirass row 5 bevelled lamellar plate 08", Modifier: "weighted normals", Enable 'Auto Smooth' in Object Data Properties
ERROR (bke.modifier): ./source/blender/blenkernel/intern/modifier.cc:458 BKE_modifier_set_error: Object: "right woven waraji sole grounded", Modifier: "weighted normals", Enable 'Auto Smooth' in Object Data Properties
ERROR (bke.modifier): ./source/blender/blenkernel/intern/modifier.cc:458 BKE_modifier_set_error: Object: "rear cuirass row 5 bevelled lamellar plate 04", Modifier: "weighted normals", Enable 'Auto Smooth' in Object Data Properties
ERROR (bke.modifier): ./source/blender/blenkernel/intern/modifier.cc:458 BKE_modifier_set_error: Object: "rear cuirass row 5 bevelled lamellar plate 02", Modifier: "weighted normals", Enable 'Auto Smooth' in Object Data Properties
ERROR (bke.modifier): ./source/blender/blenkernel/intern/modifier.cc:458 BKE_modifier_set_error: Object: "rear cuirass row 5 bevelled lamellar plate 03", Modifier: "weighted normals", Enable 'Auto Smooth' in Object Data Properties
ERROR (bke.modifier): ./source/blender/blenkernel/intern/modifier.cc:458 BKE_modifier_set_error: Object: "left shoulder undercloth", Modifier: "weighted normals", Enable 'Auto Smooth' in Object Data Properties
ERROR (bke.modifier): ./source/blender/blenkernel/intern/modifier.cc:458 BKE_modifier_set_error: Object: "right outer toe group", Modifier: "weighted normals", Enable 'Auto Smooth' in Object Data Properties
ERROR (bke.modifier): ./source/blender/blenkernel/intern/modifier.cc:458 BKE_modifier_set_error: Object: "left side cuirass plate 2", Modifier: "weighted normals", Enable 'Auto Smooth' in Object Data Properties
ERROR (bke.modifier): ./source/blender/blenkernel/intern/modifier.cc:458 BKE_modifier_set_error: Object: "right separated big toe", Modifier: "weighted normals", Enable 'Auto Smooth' in Object Data Properties
ERROR (bke.modifier): ./source/blender/blenkernel/intern/modifier.cc:458 BKE_modifier_set_error: Object: "left sode shoulder armor", Modifier: "weighted normals", Enable 'Auto Smooth' in Object Data Properties
ERROR (bke.modifier): ./source/blender/blenkernel/intern/modifier.cc:458 BKE_modifier_set_error: Object: "rear cuirass row 5 bevelled lamellar plate 05", Modifier: "weighted normals", Enable 'Auto Smooth' in Object Data Properties
ERROR (bke.modifier): ./source/blender/blenkernel/intern/modifier.cc:458 BKE_modifier_set_error: Object: "left armored upper arm", Modifier: "weighted normals", Enable 'Auto Smooth' in Object Data Properties
ERROR (bke.modifier): ./source/blender/blenkernel/intern/modifier.cc:458 BKE_modifier_set_error: Object: "rear cuirass row 5 bevelled lamellar plate 06", Modifier: "weighted normals", Enable 'Auto Smooth' in Object Data Properties
ERROR (bke.modifier): ./source/blender/blenkernel/intern/modifier.cc:458 BKE_modifier_set_error: Object: "left side cuirass plate 1", Modifier: "weighted normals", Enable 'Auto Smooth' in Object Data Properties
ERROR (bke.modifier): ./source/blender/blenkernel/intern/modifier.cc:458 BKE_modifier_set_error: Object: "left leather palm volume", Modifier: "weighted normals", Enable 'Auto Smooth' in Object Data Properties
ERROR (bke.modifier): ./source/blender/blenkernel/intern/modifier.cc:458 BKE_modifier_set_error: Object: "left side cuirass plate 3", Modifier: "weighted normals", Enable 'Auto Smooth' in Object Data Properties
ERROR (bke.modifier): ./source/blender/blenkernel/intern/modifier.cc:458 BKE_modifier_set_error: Object: "right side cuirass plate 2", Modifier: "weighted normals", Enable 'Auto Smooth' in Object Data Properties
ERROR (bke.modifier): ./source/blender/blenkernel/intern/modifier.cc:458 BKE_modifier_set_error: Object: "left index fingertip", Modifier: "weighted normals", Enable 'Auto Smooth' in Object Data Properties
ERROR (bke.modifier): ./source/blender/blenkernel/intern/modifier.cc:458 BKE_modifier_set_error: Object: "rear cuirass row 5 bevelled lamellar plate 08", Modifier: "weighted normals", Enable 'Auto Smooth' in Object Data Properties
ERROR (bke.modifier): ./source/blender/blenkernel/intern/modifier.cc:458 BKE_modifier_set_error: Object: "left kote forearm guard", Modifier: "weighted normals", Enable 'Auto Smooth' in Object Data Properties
ERROR (bke.modifier): ./source/blender/blenkernel/intern/modifier.cc:458 BKE_modifier_set_error: Object: "rear cuirass row 5 bevelled lamellar plate 07", Modifier: "weighted normals", Enable 'Auto Smooth' in Object Data Properties
ERROR (bke.modifier): ./source/blender/blenkernel/intern/modifier.cc:458 BKE_modifier_set_error: Object: "left middle fingertip", Modifier: "weighted normals", Enable 'Auto Smooth' in Object Data Properties
ERROR (bke.modifier): ./source/blender/blenkernel/intern/modifier.cc:458 BKE_modifier_set_error: Object: "right split-toe tabi foot volume", Modifier: "weighted normals", Enable 'Auto Smooth' in Object Data Properties
ERROR (bke.modifier): ./source/blender/blenkernel/intern/modifier.cc:458 BKE_modifier_set_error: Object: "right side cuirass plate 1", Modifier: "weighted normals", Enable 'Auto Smooth' in Object Data Properties
ERROR (bke.modifier): ./source/blender/blenkernel/intern/modifier.cc:458 BKE_modifier_set_error: Object: "left ring fingertip", Modifier: "weighted normals", Enable 'Auto Smooth' in Object Data Properties
ERROR (bke.modifier): ./source/blender/blenkernel/intern/modifier.cc:458 BKE_modifier_set_error: Object: "left pinky fingertip", Modifier: "weighted normals", Enable 'Auto Smooth' in Object Data Properties
ERROR (bke.modifier): ./source/blender/blenkernel/intern/modifier.cc:458 BKE_modifier_set_error: Object: "left thumb fingertip", Modifier: "weighted normals", Enable 'Auto Smooth' in Object Data Properties
ERROR (bke.modifier): ./source/blender/blenkernel/intern/modifier.cc:458 BKE_modifier_set_error: Object: "right sode shoulder armor", Modifier: "weighted normals", Enable 'Auto Smooth' in Object Data Properties
ERROR (bke.modifier): ./source/blender/blenkernel/intern/modifier.cc:458 BKE_modifier_set_error: Object: "right shoulder undercloth", Modifier: "weighted normals", Enable 'Auto Smooth' in Object Data Properties
ERROR (bke.modifier): ./source/blender/blenkernel/intern/modifier.cc:458 BKE_modifier_set_error: Object: "right shin greave", Modifier: "weighted normals", Enable 'Auto Smooth' in Object Data Properties
ERROR (bke.modifier): ./source/blender/blenkernel/intern/modifier.cc:458 BKE_modifier_set_error: Object: "left hanging sode shoulder plate 1", Modifier: "weighted normals", Enable 'Auto Smooth' in Object Data Properties
ERROR (bke.modifier): ./source/blender/blenkernel/intern/modifier.cc:458 BKE_modifier_set_error: Object: "right leather palm volume", Modifier: "weighted normals", Enable 'Auto Smooth' in Object Data Properties
ERROR (bke.modifier): ./source/blender/blenkernel/intern/modifier.cc:458 BKE_modifier_set_error: Object: "right armored upper arm", Modifier: "weighted normals", Enable 'Auto Smooth' in Object Data Properties
ERROR (bke.modifier): ./source/blender/blenkernel/intern/modifier.cc:458 BKE_modifier_set_error: Object: "right kote forearm guard", Modifier: "weighted normals", Enable 'Auto Smooth' in Object Data Properties
ERROR (bke.modifier): ./source/blender/blenkernel/intern/modifier.cc:458 BKE_modifier_set_error: Object: "right index fingertip", Modifier: "weighted normals", Enable 'Auto Smooth' in Object Data Properties
ERROR (bke.modifier): ./source/blender/blenkernel/intern/modifier.cc:458 BKE_modifier_set_error: Object: "right side cuirass plate 3", Modifier: "weighted normals", Enable 'Auto Smooth' in Object Data Properties
ERROR (bke.modifier): ./source/blender/blenkernel/intern/modifier.cc:458 BKE_modifier_set_error: Object: "left hanging sode shoulder plate 3", Modifier: "weighted normals", Enable 'Auto Smooth' in Object Data Properties
ERROR (bke.modifier): ./source/blender/blenkernel/intern/modifier.cc:458 BKE_modifier_set_error: Object: "left hanging sode shoulder plate 4", Modifier: "weighted normals", Enable 'Auto Smooth' in Object Data Properties
ERROR (bke.modifier): ./source/blender/blenkernel/intern/modifier.cc:458 BKE_modifier_set_error: Object: "right middle fingertip", Modifier: "weighted normals", Enable 'Auto Smooth' in Object Data Properties
ERROR (bke.modifier): ./source/blender/blenkernel/intern/modifier.cc:458 BKE_modifier_set_error: Object: "right ring fingertip", Modifier: "weighted normals", Enable 'Auto Smooth' in Object Data Properties
ERROR (bke.modifier): ./source/blender/blenkernel/intern/modifier.cc:458 BKE_modifier_set_error: Object: "right hakama trouser leg", Modifier: "weighted normals", Enable 'Auto Smooth' in Object Data Properties
ERROR (bke.modifier): ./source/blender/blenkernel/intern/modifier.cc:458 BKE_modifier_set_error: Object: "right pinky fingertip", Modifier: "weighted normals", Enable 'Auto Smooth' in Object Data Properties
ERROR (bke.modifier): ./source/blender/blenkernel/intern/modifier.cc:458 BKE_modifier_set_error: Object: "right thumb fingertip", Modifier: "weighted normals", Enable 'Auto Smooth' in Object Data Properties
ERROR (bke.modifier): ./source/blender/blenkernel/intern/modifier.cc:458 BKE_modifier_set_error: Object: "left hanging sode shoulder plate 2", Modifier: "weighted normals", Enable 'Auto Smooth' in Object Data Properties
ERROR (bke.modifier): ./source/blender/blenkernel/intern/modifier.cc:458 BKE_modifier_set_error: Object: "right hanging sode shoulder plate 1", Modifier: "weighted normals", Enable 'Auto Smooth' in Object Data Properties
ERROR (bke.modifier): ./source/blender/blenkernel/intern/modifier.cc:458 BKE_modifier_set_error: Object: "kusazuri skirt plate -1 row 2", Modifier: "weighted normals", Enable 'Auto Smooth' in Object Data Properties
ERROR (bke.modifier): ./source/blender/blenkernel/intern/modifier.cc:458 BKE_modifier_set_error: Object: "right hanging sode shoulder plate 3", Modifier: "weighted normals", Enable 'Auto Smooth' in Object Data Properties
ERROR (bke.modifier): ./source/blender/blenkernel/intern/modifier.cc:458 BKE_modifier_set_error: Object: "right hanging sode shoulder plate 4", Modifier: "weighted normals", Enable 'Auto Smooth' in Object Data Properties
ERROR (bke.modifier): ./source/blender/blenkernel/intern/modifier.cc:458 BKE_modifier_set_error: Object: "right hanging sode shoulder plate 2", Modifier: "weighted normals", Enable 'Auto Smooth' in Object Data Properties
ERROR (bke.modifier): ./source/blender/blenkernel/intern/modifier.cc:458 BKE_modifier_set_error: Object: "kusazuri skirt plate -1 row 1", Modifier: "weighted normals", Enable 'Auto Smooth' in Object Data Properties
ERROR (bke.modifier): ./source/blender/blenkernel/intern/modifier.cc:458 BKE_modifier_set_error: Object: "rear kusazuri skirt plate -1 row 1", Modifier: "weighted normals", Enable 'Auto Smooth' in Object Data Properties
ERROR (bke.modifier): ./source/blender/blenkernel/intern/modifier.cc:458 BKE_modifier_set_error: Object: "kusazuri skirt plate -1 row 3", Modifier: "weighted normals", Enable 'Auto Smooth' in Object Data Properties
ERROR (bke.modifier): ./source/blender/blenkernel/intern/modifier.cc:458 BKE_modifier_set_error: Object: "rear kusazuri skirt plate +0 row 3", Modifier: "weighted normals", Enable 'Auto Smooth' in Object Data Properties
ERROR (bke.modifier): ./source/blender/blenkernel/intern/modifier.cc:458 BKE_modifier_set_error: Object: "rear kusazuri skirt plate -1 row 2", Modifier: "weighted normals", Enable 'Auto Smooth' in Object Data Properties
ERROR (bke.modifier): ./source/blender/blenkernel/intern/modifier.cc:458 BKE_modifier_set_error: Object: "rear kusazuri skirt plate +0 row 1", Modifier: "weighted normals", Enable 'Auto Smooth' in Object Data Properties
ERROR (bke.modifier): ./source/blender/blenkernel/intern/modifier.cc:458 BKE_modifier_set_error: Object: "kusazuri skirt plate +0 row 2", Modifier: "weighted normals", Enable 'Auto Smooth' in Object Data Properties
ERROR (bke.modifier): ./source/blender/blenkernel/intern/modifier.cc:458 BKE_modifier_set_error: Object: "kusazuri skirt plate +0 row 1", Modifier: "weighted normals", Enable 'Auto Smooth' in Object Data Properties
ERROR (bke.modifier): ./source/blender/blenkernel/intern/modifier.cc:458 BKE_modifier_set_error: Object: "left hakama trouser leg", Modifier: "weighted normals", Enable 'Auto Smooth' in Object Data Properties
ERROR (bke.modifier): ./source/blender/blenkernel/intern/modifier.cc:458 BKE_modifier_set_error: Object: "left shin greave", Modifier: "weighted normals", Enable 'Auto Smooth' in Object Data Properties
ERROR (bke.modifier): ./source/blender/blenkernel/intern/modifier.cc:458 BKE_modifier_set_error: Object: "rear kusazuri skirt plate -1 row 3", Modifier: "weighted normals", Enable 'Auto Smooth' in Object Data Properties
ERROR (bke.modifier): ./source/blender/blenkernel/intern/modifier.cc:458 BKE_modifier_set_error: Object: "rear kusazuri skirt plate +0 row 2", Modifier: "weighted normals", Enable 'Auto Smooth' in Object Data Properties
ERROR (bke.modifier): ./source/blender/blenkernel/intern/modifier.cc:458 BKE_modifier_set_error: Object: "kusazuri skirt plate +0 row 3", Modifier: "weighted normals", Enable 'Auto Smooth' in Object Data Properties
ERROR (bke.modifier): ./source/blender/blenkernel/intern/modifier.cc:458 BKE_modifier_set_error: Object: "left split-toe tabi foot volume", Modifier: "weighted normals", Enable 'Auto Smooth' in Object Data Properties
ERROR (bke.modifier): ./source/blender/blenkernel/intern/modifier.cc:458 BKE_modifier_set_error: Object: "left outer toe group", Modifier: "weighted normals", Enable 'Auto Smooth' in Object Data Properties
ERROR (bke.modifier): ./source/blender/blenkernel/intern/modifier.cc:458 BKE_modifier_set_error: Object: "left separated big toe", Modifier: "weighted normals", Enable 'Auto Smooth' in Object Data Properties
ERROR (bke.modifier): ./source/blender/blenkernel/intern/modifier.cc:458 BKE_modifier_set_error: Object: "rear kusazuri skirt plate +1 row 1", Modifier: "weighted normals", Enable 'Auto Smooth' in Object Data Properties
ERROR (bke.modifier): ./source/blender/blenkernel/intern/modifier.cc:458 BKE_modifier_set_error: Object: "kusazuri skirt plate +1 row 1", Modifier: "weighted normals", Enable 'Auto Smooth' in Object Data Properties
ERROR (bke.modifier): ./source/blender/blenkernel/intern/modifier.cc:458 BKE_modifier_set_error: Object: "kusazuri skirt plate +1 row 2", Modifier: "weighted normals", Enable 'Auto Smooth' in Object Data Properties
ERROR (bke.modifier): ./source/blender/blenkernel/intern/modifier.cc:458 BKE_modifier_set_error: Object: "rear kusazuri skirt plate +1 row 2", Modifier: "weighted normals", Enable 'Auto Smooth' in Object Data Properties
ERROR (bke.modifier): ./source/blender/blenkernel/intern/modifier.cc:458 BKE_modifier_set_error: Object: "rear kusazuri skirt plate +1 row 3", Modifier: "weighted normals", Enable 'Auto Smooth' in Object Data Properties
ERROR (bke.modifier): ./source/blender/blenkernel/intern/modifier.cc:458 BKE_modifier_set_error: Object: "kusazuri skirt plate +1 row 3", Modifier: "weighted normals", Enable 'Auto Smooth' in Object Data Properties
ERROR (bke.modifier): ./source/blender/blenkernel/intern/modifier.cc:458 BKE_modifier_set_error: Object: "left woven waraji sole grounded", Modifier: "weighted normals", Enable 'Auto Smooth' in Object Data Properties
Fra:1 Mem:47.25M (Peak 47.27M) | Time:00:00.06 | Syncing matte charcoal inspection plinth
Fra:1 Mem:47.26M (Peak 47.31M) | Time:00:00.06 | Syncing ribcage under-kimono volume
Fra:1 Mem:47.35M (Peak 47.35M) | Time:00:00.06 | Syncing narrow waist under-kimono volume
Fra:1 Mem:47.42M (Peak 47.42M) | Time:00:00.06 | Syncing visible human head behind mempo
Fra:1 Mem:47.51M (Peak 47.51M) | Time:00:00.06 | Syncing thin exposed neck
Fra:1 Mem:47.52M (Peak 47.53M) | Time:00:00.06 | Syncing neck guard collar
Fra:1 Mem:47.54M (Peak 47.58M) | Time:00:00.06 | Syncing segmented kabuto helmet bowl
Fra:1 Mem:47.71M (Peak 47.71M) | Time:00:00.06 | Syncing wide kabuto brim
Fra:1 Mem:47.73M (Peak 47.73M) | Time:00:00.06 | Syncing layered rear shikoro neck guard
Fra:1 Mem:47.75M (Peak 47.75M) | Time:00:00.06 | Syncing left side helmet flange
Fra:1 Mem:47.76M (Peak 47.76M) | Time:00:00.06 | Syncing right side helmet flange
Fra:1 Mem:47.77M (Peak 47.77M) | Time:00:00.06 | Syncing golden maedate crescent crest
Fra:1 Mem:47.79M (Peak 47.84M) | Time:00:00.06 | Syncing crest central rivet
Fra:1 Mem:47.80M (Peak 47.84M) | Time:00:00.06 | Syncing left angular mempo cheek plate
Fra:1 Mem:47.82M (Peak 47.86M) | Time:00:00.06 | Syncing right angular mempo cheek plate
Fra:1 Mem:47.84M (Peak 47.86M) | Time:00:00.06 | Syncing mempo chin guard
Fra:1 Mem:47.86M (Peak 47.86M) | Time:00:00.06 | Syncing mempo nose ridge
Fra:1 Mem:47.87M (Peak 47.87M) | Time:00:00.06 | Syncing left narrow eye slit
Fra:1 Mem:47.89M (Peak 47.89M) | Time:00:00.06 | Syncing right narrow eye slit
Fra:1 Mem:47.90M (Peak 47.90M) | Time:00:00.06 | Syncing mempo grim mouth slit
Fra:1 Mem:47.91M (Peak 47.91M) | Time:00:00.06 | Syncing left mask moustache bristle
Fra:1 Mem:47.92M (Peak 47.92M) | Time:00:00.06 | Syncing right mask moustache bristle
Fra:1 Mem:47.93M (Peak 47.93M) | Time:00:00.06 | Syncing throat guard row 1 bevelled lamel
Fra:1 Mem:47.95M (Peak 47.95M) | Time:00:00.06 | Syncing throat guard row 1 bevelled lamel
Fra:1 Mem:47.97M (Peak 47.97M) | Time:00:00.06 | Syncing throat guard row 1 bevelled lamel
Fra:1 Mem:47.99M (Peak 47.99M) | Time:00:00.06 | Syncing throat guard row 1 bevelled lamel
Fra:1 Mem:48.01M (Peak 48.01M) | Time:00:00.06 | Syncing throat guard row 1 bevelled lamel
Fra:1 Mem:48.02M (Peak 48.02M) | Time:00:00.06 | Syncing throat guard row 2 bevelled lamel
Fra:1 Mem:48.04M (Peak 48.04M) | Time:00:00.06 | Syncing throat guard row 2 bevelled lamel
Fra:1 Mem:48.06M (Peak 48.06M) | Time:00:00.06 | Syncing throat guard row 2 bevelled lamel
Fra:1 Mem:48.08M (Peak 48.08M) | Time:00:00.06 | Syncing throat guard row 2 bevelled lamel
Fra:1 Mem:48.10M (Peak 48.10M) | Time:00:00.06 | Syncing throat guard row 2 bevelled lamel
Fra:1 Mem:48.12M (Peak 48.12M) | Time:00:00.06 | Syncing throat guard row 3 bevelled lamel
Fra:1 Mem:48.14M (Peak 48.14M) | Time:00:00.06 | Syncing throat guard row 3 bevelled lamel
Fra:1 Mem:48.16M (Peak 48.16M) | Time:00:00.06 | Syncing throat guard row 3 bevelled lamel
Fra:1 Mem:48.18M (Peak 48.18M) | Time:00:00.06 | Syncing throat guard row 3 bevelled lamel
Fra:1 Mem:48.20M (Peak 48.20M) | Time:00:00.06 | Syncing throat guard row 3 bevelled lamel
Fra:1 Mem:48.22M (Peak 48.22M) | Time:00:00.06 | Syncing upper do cuirass fitted shell
Fra:1 Mem:48.32M (Peak 48.32M) | Time:00:00.06 | Syncing lower do cuirass narrowed shell
Fra:1 Mem:48.40M (Peak 48.40M) | Time:00:00.06 | Syncing front cuirass row 1 bevelled lame
Fra:1 Mem:48.42M (Peak 48.42M) | Time:00:00.06 | Syncing front cuirass row 1 bevelled lame
Fra:1 Mem:48.44M (Peak 48.44M) | Time:00:00.06 | Syncing front cuirass row 1 bevelled lame
Fra:1 Mem:48.46M (Peak 48.46M) | Time:00:00.06 | Syncing front cuirass row 1 bevelled lame
Fra:1 Mem:48.48M (Peak 48.48M) | Time:00:00.06 | Syncing front cuirass row 1 bevelled lame
Fra:1 Mem:48.50M (Peak 48.50M) | Time:00:00.06 | Syncing front cuirass row 1 bevelled lame
Fra:1 Mem:48.52M (Peak 48.52M) | Time:00:00.06 | Syncing front cuirass row 1 bevelled lame
Fra:1 Mem:48.54M (Peak 48.54M) | Time:00:00.06 | Syncing front cuirass row 1 bevelled lame
Fra:1 Mem:48.56M (Peak 48.56M) | Time:00:00.06 | Syncing rear cuirass row 1 bevelled lamel
Fra:1 Mem:48.58M (Peak 48.58M) | Time:00:00.06 | Syncing rear cuirass row 1 bevelled lamel
Fra:1 Mem:48.60M (Peak 48.60M) | Time:00:00.06 | Syncing rear cuirass row 1 bevelled lamel
Fra:1 Mem:48.62M (Peak 48.62M) | Time:00:00.06 | Syncing rear cuirass row 1 bevelled lamel
Fra:1 Mem:48.63M (Peak 48.63M) | Time:00:00.06 | Syncing rear cuirass row 1 bevelled lamel
Fra:1 Mem:48.65M (Peak 48.65M) | Time:00:00.06 | Syncing rear cuirass row 1 bevelled lamel
Fra:1 Mem:48.67M (Peak 48.67M) | Time:00:00.06 | Syncing rear cuirass row 1 bevelled lamel
Fra:1 Mem:48.69M (Peak 48.69M) | Time:00:00.06 | Syncing rear cuirass row 1 bevelled lamel
Fra:1 Mem:48.71M (Peak 48.71M) | Time:00:00.06 | Syncing front cuirass row 2 bevelled lame
Fra:1 Mem:48.73M (Peak 48.73M) | Time:00:00.06 | Syncing front cuirass row 2 bevelled lame
Fra:1 Mem:48.75M (Peak 48.75M) | Time:00:00.06 | Syncing front cuirass row 2 bevelled lame
Fra:1 Mem:48.77M (Peak 48.77M) | Time:00:00.06 | Syncing front cuirass row 2 bevelled lame
Fra:1 Mem:48.79M (Peak 48.79M) | Time:00:00.06 | Syncing front cuirass row 2 bevelled lame
Fra:1 Mem:48.81M (Peak 48.81M) | Time:00:00.06 | Syncing front cuirass row 2 bevelled lame
Fra:1 Mem:48.83M (Peak 48.83M) | Time:00:00.06 | Syncing front cuirass row 2 bevelled lame
Fra:1 Mem:48.85M (Peak 48.85M) | Time:00:00.06 | Syncing front cuirass row 2 bevelled lame
Fra:1 Mem:48.87M (Peak 48.87M) | Time:00:00.06 | Syncing rear cuirass row 2 bevelled lamel
Fra:1 Mem:48.89M (Peak 48.89M) | Time:00:00.06 | Syncing rear cuirass row 2 bevelled lamel
Fra:1 Mem:48.91M (Peak 48.91M) | Time:00:00.06 | Syncing rear cuirass row 2 bevelled lamel
Fra:1 Mem:48.93M (Peak 48.93M) | Time:00:00.06 | Syncing rear cuirass row 2 bevelled lamel
Fra:1 Mem:48.95M (Peak 48.95M) | Time:00:00.06 | Syncing rear cuirass row 2 bevelled lamel
Fra:1 Mem:48.96M (Peak 48.96M) | Time:00:00.06 | Syncing rear cuirass row 2 bevelled lamel
Fra:1 Mem:48.98M (Peak 48.98M) | Time:00:00.06 | Syncing rear cuirass row 2 bevelled lamel
Fra:1 Mem:49.00M (Peak 49.00M) | Time:00:00.06 | Syncing rear cuirass row 2 bevelled lamel
Fra:1 Mem:49.02M (Peak 49.02M) | Time:00:00.07 | Syncing front cuirass row 3 bevelled lame
Fra:1 Mem:49.04M (Peak 49.04M) | Time:00:00.07 | Syncing front cuirass row 3 bevelled lame
Fra:1 Mem:49.06M (Peak 49.06M) | Time:00:00.07 | Syncing front cuirass row 3 bevelled lame
Fra:1 Mem:49.08M (Peak 49.08M) | Time:00:00.07 | Syncing front cuirass row 3 bevelled lame
Fra:1 Mem:49.10M (Peak 49.10M) | Time:00:00.07 | Syncing front cuirass row 3 bevelled lame
Fra:1 Mem:49.12M (Peak 49.12M) | Time:00:00.07 | Syncing front cuirass row 3 bevelled lame
Fra:1 Mem:49.14M (Peak 49.14M) | Time:00:00.07 | Syncing front cuirass row 3 bevelled lame
Fra:1 Mem:49.16M (Peak 49.16M) | Time:00:00.07 | Syncing front cuirass row 3 bevelled lame
Fra:1 Mem:49.18M (Peak 49.18M) | Time:00:00.07 | Syncing rear cuirass row 3 bevelled lamel
Fra:1 Mem:49.20M (Peak 49.20M) | Time:00:00.07 | Syncing rear cuirass row 3 bevelled lamel
Fra:1 Mem:49.22M (Peak 49.22M) | Time:00:00.07 | Syncing rear cuirass row 3 bevelled lamel
Fra:1 Mem:49.23M (Peak 49.23M) | Time:00:00.07 | Syncing rear cuirass row 3 bevelled lamel
Fra:1 Mem:49.25M (Peak 49.25M) | Time:00:00.07 | Syncing rear cuirass row 3 bevelled lamel
Fra:1 Mem:49.27M (Peak 49.27M) | Time:00:00.07 | Syncing rear cuirass row 3 bevelled lamel
Fra:1 Mem:49.29M (Peak 49.29M) | Time:00:00.07 | Syncing rear cuirass row 3 bevelled lamel
Fra:1 Mem:49.31M (Peak 49.31M) | Time:00:00.07 | Syncing rear cuirass row 3 bevelled lamel
Fra:1 Mem:49.33M (Peak 49.33M) | Time:00:00.07 | Syncing front cuirass row 4 bevelled lame
Fra:1 Mem:49.35M (Peak 49.35M) | Time:00:00.07 | Syncing front cuirass row 4 bevelled lame
Fra:1 Mem:49.37M (Peak 49.37M) | Time:00:00.07 | Syncing front cuirass row 4 bevelled lame
Fra:1 Mem:49.39M (Peak 49.39M) | Time:00:00.07 | Syncing front cuirass row 4 bevelled lame
Fra:1 Mem:49.41M (Peak 49.41M) | Time:00:00.07 | Syncing front cuirass row 4 bevelled lame
Fra:1 Mem:49.43M (Peak 49.43M) | Time:00:00.07 | Syncing front cuirass row 4 bevelled lame
Fra:1 Mem:49.45M (Peak 49.45M) | Time:00:00.07 | Syncing front cuirass row 4 bevelled lame
Fra:1 Mem:49.47M (Peak 49.47M) | Time:00:00.07 | Syncing front cuirass row 4 bevelled lame
Fra:1 Mem:49.49M (Peak 49.49M) | Time:00:00.07 | Syncing rear cuirass row 4 bevelled lamel
Fra:1 Mem:49.50M (Peak 49.50M) | Time:00:00.07 | Syncing rear cuirass row 4 bevelled lamel
Fra:1 Mem:49.52M (Peak 49.52M) | Time:00:00.07 | Syncing rear cuirass row 4 bevelled lamel
Fra:1 Mem:49.54M (Peak 49.54M) | Time:00:00.07 | Syncing rear cuirass row 4 bevelled lamel
Fra:1 Mem:49.56M (Peak 49.56M) | Time:00:00.07 | Syncing rear cuirass row 4 bevelled lamel
Fra:1 Mem:49.58M (Peak 49.58M) | Time:00:00.07 | Syncing rear cuirass row 4 bevelled lamel
Fra:1 Mem:49.60M (Peak 49.60M) | Time:00:00.07 | Syncing rear cuirass row 4 bevelled lamel
Fra:1 Mem:49.62M (Peak 49.62M) | Time:00:00.07 | Syncing rear cuirass row 4 bevelled lamel
Fra:1 Mem:49.64M (Peak 49.64M) | Time:00:00.07 | Syncing front cuirass row 5 bevelled lame
Fra:1 Mem:49.66M (Peak 49.66M) | Time:00:00.07 | Syncing front cuirass row 5 bevelled lame
Fra:1 Mem:49.68M (Peak 49.68M) | Time:00:00.07 | Syncing front cuirass row 5 bevelled lame
Fra:1 Mem:49.70M (Peak 49.70M) | Time:00:00.07 | Syncing front cuirass row 5 bevelled lame
Fra:1 Mem:49.72M (Peak 49.72M) | Time:00:00.07 | Syncing front cuirass row 5 bevelled lame
Fra:1 Mem:49.74M (Peak 49.74M) | Time:00:00.07 | Syncing front cuirass row 5 bevelled lame
Fra:1 Mem:49.76M (Peak 49.76M) | Time:00:00.07 | Syncing front cuirass row 5 bevelled lame
Fra:1 Mem:49.78M (Peak 49.78M) | Time:00:00.07 | Syncing front cuirass row 5 bevelled lame
Fra:1 Mem:49.79M (Peak 49.79M) | Time:00:00.07 | Syncing rear cuirass row 5 bevelled lamel
Fra:1 Mem:49.81M (Peak 49.81M) | Time:00:00.07 | Syncing rear cuirass row 5 bevelled lamel
Fra:1 Mem:49.83M (Peak 49.83M) | Time:00:00.07 | Syncing rear cuirass row 5 bevelled lamel
Fra:1 Mem:49.85M (Peak 49.85M) | Time:00:00.07 | Syncing rear cuirass row 5 bevelled lamel
Fra:1 Mem:49.87M (Peak 49.87M) | Time:00:00.07 | Syncing rear cuirass row 5 bevelled lamel
Fra:1 Mem:49.89M (Peak 49.89M) | Time:00:00.07 | Syncing rear cuirass row 5 bevelled lamel
Fra:1 Mem:49.91M (Peak 49.91M) | Time:00:00.07 | Syncing rear cuirass row 5 bevelled lamel
Fra:1 Mem:49.93M (Peak 49.93M) | Time:00:00.07 | Syncing rear cuirass row 5 bevelled lamel
Fra:1 Mem:49.95M (Peak 49.95M) | Time:00:00.07 | Syncing left side cuirass plate 1
Fra:1 Mem:49.96M (Peak 49.96M) | Time:00:00.07 | Syncing left side cuirass plate 2
Fra:1 Mem:49.98M (Peak 49.98M) | Time:00:00.07 | Syncing left side cuirass plate 3
Fra:1 Mem:49.99M (Peak 49.99M) | Time:00:00.07 | Syncing right side cuirass plate 1
Fra:1 Mem:50.00M (Peak 50.00M) | Time:00:00.07 | Syncing right side cuirass plate 2
Fra:1 Mem:50.02M (Peak 50.02M) | Time:00:00.07 | Syncing right side cuirass plate 3
Fra:1 Mem:50.03M (Peak 50.03M) | Time:00:00.07 | Syncing left shoulder undercloth
Fra:1 Mem:50.09M (Peak 50.09M) | Time:00:00.07 | Syncing left hanging sode shoulder plate 
Fra:1 Mem:50.11M (Peak 50.11M) | Time:00:00.07 | Syncing left hanging sode shoulder plate 
Fra:1 Mem:50.13M (Peak 50.13M) | Time:00:00.07 | Syncing left hanging sode shoulder plate 
Fra:1 Mem:50.15M (Peak 50.15M) | Time:00:00.07 | Syncing left hanging sode shoulder plate 
Fra:1 Mem:50.17M (Peak 50.17M) | Time:00:00.07 | Syncing left armored upper arm
Fra:1 Mem:50.22M (Peak 50.22M) | Time:00:00.07 | Syncing left sode shoulder armor
Fra:1 Mem:50.27M (Peak 50.27M) | Time:00:00.07 | Syncing left kote forearm guard
Fra:1 Mem:50.32M (Peak 50.32M) | Time:00:00.07 | Syncing left leather palm volume
Fra:1 Mem:50.36M (Peak 50.38M) | Time:00:00.07 | Syncing left articulated index finger
Fra:1 Mem:50.37M (Peak 50.38M) | Time:00:00.07 | Syncing left index fingertip
Fra:1 Mem:50.38M (Peak 50.38M) | Time:00:00.07 | Syncing left articulated middle finger
Fra:1 Mem:50.39M (Peak 50.39M) | Time:00:00.07 | Syncing left middle fingertip
Fra:1 Mem:50.40M (Peak 50.40M) | Time:00:00.07 | Syncing left articulated ring finger
Fra:1 Mem:50.41M (Peak 50.41M) | Time:00:00.07 | Syncing left ring fingertip
Fra:1 Mem:50.42M (Peak 50.42M) | Time:00:00.07 | Syncing left articulated pinky finger
Fra:1 Mem:50.43M (Peak 50.43M) | Time:00:00.07 | Syncing left pinky fingertip
Fra:1 Mem:50.44M (Peak 50.44M) | Time:00:00.07 | Syncing left opposed thumb
Fra:1 Mem:50.45M (Peak 50.45M) | Time:00:00.07 | Syncing left thumb fingertip
Fra:1 Mem:50.47M (Peak 50.47M) | Time:00:00.07 | Syncing right shoulder undercloth
Fra:1 Mem:50.52M (Peak 50.52M) | Time:00:00.07 | Syncing right hanging sode shoulder plate
Fra:1 Mem:50.54M (Peak 50.54M) | Time:00:00.07 | Syncing right hanging sode shoulder plate
Fra:1 Mem:50.56M (Peak 50.56M) | Time:00:00.07 | Syncing right hanging sode shoulder plate
Fra:1 Mem:50.58M (Peak 50.58M) | Time:00:00.07 | Syncing right hanging sode shoulder plate
Fra:1 Mem:50.60M (Peak 50.60M) | Time:00:00.07 | Syncing right armored upper arm
Fra:1 Mem:50.66M (Peak 50.66M) | Time:00:00.07 | Syncing right sode shoulder armor
Fra:1 Mem:50.70M (Peak 50.70M) | Time:00:00.07 | Syncing right kote forearm guard
Fra:1 Mem:50.75M (Peak 50.75M) | Time:00:00.07 | Syncing right leather palm volume
Fra:1 Mem:50.79M (Peak 50.79M) | Time:00:00.07 | Syncing right articulated index finger
Fra:1 Mem:50.80M (Peak 50.80M) | Time:00:00.07 | Syncing right index fingertip
Fra:1 Mem:50.81M (Peak 50.81M) | Time:00:00.07 | Syncing right articulated middle finger
Fra:1 Mem:50.82M (Peak 50.82M) | Time:00:00.07 | Syncing right middle fingertip
Fra:1 Mem:50.83M (Peak 50.83M) | Time:00:00.07 | Syncing right articulated ring finger
Fra:1 Mem:50.84M (Peak 50.84M) | Time:00:00.07 | Syncing right ring fingertip
Fra:1 Mem:50.85M (Peak 50.85M) | Time:00:00.07 | Syncing right articulated pinky finger
Fra:1 Mem:50.86M (Peak 50.86M) | Time:00:00.07 | Syncing right pinky fingertip
Fra:1 Mem:50.87M (Peak 50.87M) | Time:00:00.07 | Syncing right opposed thumb
Fra:1 Mem:50.88M (Peak 50.88M) | Time:00:00.07 | Syncing right thumb fingertip
Fra:1 Mem:50.90M (Peak 50.90M) | Time:00:00.07 | Syncing kusazuri skirt plate -1 row 1
Fra:1 Mem:50.91M (Peak 50.91M) | Time:00:00.07 | Syncing rear kusazuri skirt plate -1 row 
Fra:1 Mem:50.93M (Peak 50.93M) | Time:00:00.08 | Syncing kusazuri skirt plate -1 row 2
Fra:1 Mem:50.94M (Peak 50.94M) | Time:00:00.08 | Syncing rear kusazuri skirt plate -1 row 
Fra:1 Mem:50.96M (Peak 50.96M) | Time:00:00.08 | Syncing kusazuri skirt plate -1 row 3
Fra:1 Mem:50.97M (Peak 50.97M) | Time:00:00.08 | Syncing rear kusazuri skirt plate -1 row 
Fra:1 Mem:50.98M (Peak 50.98M) | Time:00:00.08 | Syncing kusazuri skirt plate +0 row 1
Fra:1 Mem:51.00M (Peak 51.00M) | Time:00:00.08 | Syncing rear kusazuri skirt plate +0 row 
Fra:1 Mem:51.01M (Peak 51.01M) | Time:00:00.08 | Syncing kusazuri skirt plate +0 row 2
Fra:1 Mem:51.03M (Peak 51.03M) | Time:00:00.08 | Syncing rear kusazuri skirt plate +0 row 
Fra:1 Mem:51.04M (Peak 51.04M) | Time:00:00.08 | Syncing kusazuri skirt plate +0 row 3
Fra:1 Mem:51.05M (Peak 51.05M) | Time:00:00.08 | Syncing rear kusazuri skirt plate +0 row 
Fra:1 Mem:51.07M (Peak 51.07M) | Time:00:00.08 | Syncing kusazuri skirt plate +1 row 1
Fra:1 Mem:51.08M (Peak 51.08M) | Time:00:00.08 | Syncing rear kusazuri skirt plate +1 row 
Fra:1 Mem:51.10M (Peak 51.10M) | Time:00:00.08 | Syncing kusazuri skirt plate +1 row 2
Fra:1 Mem:51.11M (Peak 51.11M) | Time:00:00.08 | Syncing rear kusazuri skirt plate +1 row 
Fra:1 Mem:51.12M (Peak 51.12M) | Time:00:00.08 | Syncing kusazuri skirt plate +1 row 3
Fra:1 Mem:51.14M (Peak 51.14M) | Time:00:00.08 | Syncing rear kusazuri skirt plate +1 row 
Fra:1 Mem:51.15M (Peak 51.15M) | Time:00:00.08 | Syncing left hakama trouser leg
Fra:1 Mem:51.21M (Peak 51.21M) | Time:00:00.08 | Syncing left shin greave
Fra:1 Mem:51.26M (Peak 51.26M) | Time:00:00.08 | Syncing left split-toe tabi foot volume
Fra:1 Mem:51.31M (Peak 51.31M) | Time:00:00.08 | Syncing left separated big toe
Fra:1 Mem:51.33M (Peak 51.33M) | Time:00:00.08 | Syncing left outer toe group
Fra:1 Mem:51.35M (Peak 51.35M) | Time:00:00.08 | Syncing left woven waraji sole grounded
Fra:1 Mem:51.36M (Peak 51.36M) | Time:00:00.08 | Syncing left sandal toe strap
Fra:1 Mem:51.37M (Peak 51.42M) | Time:00:00.08 | Syncing left heel strap
Fra:1 Mem:51.37M (Peak 51.42M) | Time:00:00.08 | Syncing left hakama pleat 1
Fra:1 Mem:51.38M (Peak 51.42M) | Time:00:00.08 | Syncing left hakama pleat 2
Fra:1 Mem:51.38M (Peak 51.42M) | Time:00:00.08 | Syncing left hakama pleat 3
Fra:1 Mem:51.39M (Peak 51.42M) | Time:00:00.08 | Syncing right hakama trouser leg
Fra:1 Mem:51.48M (Peak 51.48M) | Time:00:00.08 | Syncing right shin greave
Fra:1 Mem:51.54M (Peak 51.54M) | Time:00:00.08 | Syncing right split-toe tabi foot volume
Fra:1 Mem:51.58M (Peak 51.58M) | Time:00:00.08 | Syncing right separated big toe
Fra:1 Mem:51.60M (Peak 51.60M) | Time:00:00.08 | Syncing right outer toe group
Fra:1 Mem:51.62M (Peak 51.62M) | Time:00:00.08 | Syncing right woven waraji sole grounded
Fra:1 Mem:51.63M (Peak 51.63M) | Time:00:00.08 | Syncing right sandal toe strap
Fra:1 Mem:51.64M (Peak 51.64M) | Time:00:00.08 | Syncing right heel strap
Fra:1 Mem:51.64M (Peak 51.64M) | Time:00:00.08 | Syncing right hakama pleat 1
Fra:1 Mem:51.65M (Peak 51.65M) | Time:00:00.08 | Syncing right hakama pleat 2
Fra:1 Mem:51.66M (Peak 51.66M) | Time:00:00.08 | Syncing right hakama pleat 3
Fra:1 Mem:51.66M (Peak 51.66M) | Time:00:00.08 | Syncing drawn katana blade spine
Fra:1 Mem:51.67M (Peak 51.73M) | Time:00:00.08 | Syncing bright sharpened katana edge
Fra:1 Mem:51.68M (Peak 51.73M) | Time:00:00.08 | Syncing wrapped katana grip
Fra:1 Mem:51.69M (Peak 51.73M) | Time:00:00.08 | Syncing square tsuba guard
Fra:1 Mem:51.70M (Peak 51.73M) | Time:00:00.08 | Syncing lacquered saya scabbard at left h
Fra:1 Mem:51.71M (Peak 51.73M) | Time:00:00.08 | Syncing waist sash tying armor
Fra:1 Mem:51.71M (Peak 51.73M) | Time:00:00.08 | Syncing bamboo sashimono back pole
Fra:1 Mem:51.72M (Peak 51.73M) | Time:00:00.08 | Syncing small lacquered sashimono crossba
Fra:1 Mem:51.74M (Peak 51.74M) | Time:00:00.08 | Syncing cloth sashimono banner panel
Fra:1 Mem:51.75M (Peak 51.80M) | Time:00:00.08 | Syncing simple round clan mon on banner
Fra:1 Mem:51.79M (Peak 51.80M) | Time:00:00.08 | Syncing cool key
Fra:1 Mem:51.79M (Peak 51.80M) | Time:00:00.08 | Syncing rim
Fra:1 Mem:51.79M (Peak 51.80M) | Time:00:00.08 | Syncing hero cam
Fra:1 Mem:51.79M (Peak 51.80M) | Time:00:00.08 | Syncing samurai_v2_provenance
Fra:1 Mem:51.83M (Peak 51.92M) | Time:00:00.09 | Rendering 1 / 32 samples
Fra:1 Mem:49.42M (Peak 51.92M) | Time:00:02.52 | Rendering 26 / 32 samples
Fra:1 Mem:49.42M (Peak 51.92M) | Time:00:02.94 | Rendering 32 / 32 samples
Saved: '/tmp/factoryx-v22-render/samurai-repaired-full-20-v22/uesugi-01/samurai_character_rear.png'
 Time: 00:03.06 (Saving: 00:00.04)

ERROR (bke.modifier): ./source/blender/blenkernel/intern/modifier.cc:458 BKE_modifier_set_error: Object: "crest central rivet", Modifier: "weighted normals", Enable 'Auto Smooth' in Object Data Properties
ERROR (bke.modifier): ./source/blender/blenkernel/intern/modifier.cc:458 BKE_modifier_set_error: Object: "mempo nose ridge", Modifier: "weighted normals", Enable 'Auto Smooth' in Object Data Properties
ERROR (bke.modifier): ./source/blender/blenkernel/intern/modifier.cc:458 BKE_modifier_set_error: Object: "left side helmet flange", Modifier: "weighted normals", Enable 'Auto Smooth' in Object Data Properties
ERROR (bke.modifier): ./source/blender/blenkernel/intern/modifier.cc:458 BKE_modifier_set_error: Object: "right side helmet flange", Modifier: "weighted normals", Enable 'Auto Smooth' in Object Data Properties
ERROR (bke.modifier): ./source/blender/blenkernel/intern/modifier.cc:458 BKE_modifier_set_error: Object: "right angular mempo cheek plate", Modifier: "weighted normals", Enable 'Auto Smooth' in Object Data Properties
ERROR (bke.modifier): ./source/blender/blenkernel/intern/modifier.cc:458 BKE_modifier_set_error: Object: "layered rear shikoro neck guard", Modifier: "weighted normals", Enable 'Auto Smooth' in Object Data Properties
ERROR (bke.modifier): ./source/blender/blenkernel/intern/modifier.cc:458 BKE_modifier_set_error: Object: "wide kabuto brim", Modifier: "weighted normals", Enable 'Auto Smooth' in Object Data Properties
ERROR (bke.modifier): ./source/blender/blenkernel/intern/modifier.cc:458 BKE_modifier_set_error: Object: "left angular mempo cheek plate", Modifier: "weighted normals", Enable 'Auto Smooth' in Object Data Properties
ERROR (bke.modifier): ./source/blender/blenkernel/intern/modifier.cc:458 BKE_modifier_set_error: Object: "segmented kabuto helmet bowl", Modifier: "weighted normals", Enable 'Auto Smooth' in Object Data Properties
ERROR (bke.modifier): ./source/blender/blenkernel/intern/modifier.cc:458 BKE_modifier_set_error: Object: "throat guard row 1 bevelled lamellar plate 02", Modifier: "weighted normals", Enable 'Auto Smooth' in Object Data Properties
ERROR (bke.modifier): ./source/blender/blenkernel/intern/modifier.cc:458 BKE_modifier_set_error: Object: "throat guard row 1 bevelled lamellar plate 01", Modifier: "weighted normals", Enable 'Auto Smooth' in Object Data Properties
ERROR (bke.modifier): ./source/blender/blenkernel/intern/modifier.cc:458 BKE_modifier_set_error: Object: "left narrow eye slit", Modifier: "weighted normals", Enable 'Auto Smooth' in Object Data Properties
ERROR (bke.modifier): ./source/blender/blenkernel/intern/modifier.cc:458 BKE_modifier_set_error: Object: "throat guard row 2 bevelled lamellar plate 01", Modifier: "weighted normals", Enable 'Auto Smooth' in Object Data Properties
ERROR (bke.modifier): ./source/blender/blenkernel/intern/modifier.cc:458 BKE_modifier_set_error: Object: "mempo chin guard", Modifier: "weighted normals", Enable 'Auto Smooth' in Object Data Properties
ERROR (bke.modifier): ./source/blender/blenkernel/intern/modifier.cc:458 BKE_modifier_set_error: Object: "neck guard collar", Modifier: "weighted normals", Enable 'Auto Smooth' in Object Data Properties
ERROR (bke.modifier): ./source/blender/blenkernel/intern/modifier.cc:458 BKE_modifier_set_error: Object: "upper do cuirass fitted shell", Modifier: "weighted normals", Enable 'Auto Smooth' in Object Data Properties
ERROR (bke.modifier): ./source/blender/blenkernel/intern/modifier.cc:458 BKE_modifier_set_error: Object: "throat guard row 1 bevelled lamellar plate 05", Modifier: "weighted normals", Enable 'Auto Smooth' in Object Data Properties
ERROR (bke.modifier): ./source/blender/blenkernel/intern/modifier.cc:458 BKE_modifier_set_error: Object: "thin exposed neck", Modifier: "weighted normals", Enable 'Auto Smooth' in Object Data Properties
ERROR (bke.modifier): ./source/blender/blenkernel/intern/modifier.cc:458 BKE_modifier_set_error: Object: "mempo grim mouth slit", Modifier: "weighted normals", Enable 'Auto Smooth' in Object Data Properties
ERROR (bke.modifier): ./source/blender/blenkernel/intern/modifier.cc:458 BKE_modifier_set_error: Object: "throat guard row 2 bevelled lamellar plate 02", Modifier: "weighted normals", Enable 'Auto Smooth' in Object Data Properties
ERROR (bke.modifier): ./source/blender/blenkernel/intern/modifier.cc:458 BKE_modifier_set_error: Object: "throat guard row 1 bevelled lamellar plate 04", Modifier: "weighted normals", Enable 'Auto Smooth' in Object Data Properties
ERROR (bke.modifier): ./source/blender/blenkernel/intern/modifier.cc:458 BKE_modifier_set_error: Object: "throat guard row 2 bevelled lamellar plate 03", Modifier: "weighted normals", Enable 'Auto Smooth' in Object Data Properties
ERROR (bke.modifier): ./source/blender/blenkernel/intern/modifier.cc:458 BKE_modifier_set_error: Object: "right narrow eye slit", Modifier: "weighted normals", Enable 'Auto Smooth' in Object Data Properties
ERROR (bke.modifier): ./source/blender/blenkernel/intern/modifier.cc:458 BKE_modifier_set_error: Object: "lower do cuirass narrowed shell", Modifier: "weighted normals", Enable 'Auto Smooth' in Object Data Properties
ERROR (bke.modifier): ./source/blender/blenkernel/intern/modifier.cc:458 BKE_modifier_set_error: Object: "visible human head behind mempo", Modifier: "weighted normals", Enable 'Auto Smooth' in Object Data Properties
ERROR (bke.modifier): ./source/blender/blenkernel/intern/modifier.cc:458 BKE_modifier_set_error: Object: "throat guard row 3 bevelled lamellar plate 02", Modifier: "weighted normals", Enable 'Auto Smooth' in Object Data Properties
ERROR (bke.modifier): ./source/blender/blenkernel/intern/modifier.cc:458 BKE_modifier_set_error: Object: "throat guard row 2 bevelled lamellar plate 04", Modifier: "weighted normals", Enable 'Auto Smooth' in Object Data Properties
ERROR (bke.modifier): ./source/blender/blenkernel/intern/modifier.cc:458 BKE_modifier_set_error: Object: "throat guard row 2 bevelled lamellar plate 05", Modifier: "weighted normals", Enable 'Auto Smooth' in Object Data Properties
ERROR (bke.modifier): ./source/blender/blenkernel/intern/modifier.cc:458 BKE_modifier_set_error: Object: "narrow waist under-kimono volume", Modifier: "weighted normals", Enable 'Auto Smooth' in Object Data Properties
ERROR (bke.modifier): ./source/blender/blenkernel/intern/modifier.cc:458 BKE_modifier_set_error: Object: "throat guard row 1 bevelled lamellar plate 03", Modifier: "weighted normals", Enable 'Auto Smooth' in Object Data Properties
ERROR (bke.modifier): ./source/blender/blenkernel/intern/modifier.cc:458 BKE_modifier_set_error: Object: "ribcage under-kimono volume", Modifier: "weighted normals", Enable 'Auto Smooth' in Object Data Properties
ERROR (bke.modifier): ./source/blender/blenkernel/intern/modifier.cc:458 BKE_modifier_set_error: Object: "throat guard row 3 bevelled lamellar plate 01", Modifier: "weighted normals", Enable 'Auto Smooth' in Object Data Properties
ERROR (bke.modifier): ./source/blender/blenkernel/intern/modifier.cc:458 BKE_modifier_set_error: Object: "throat guard row 3 bevelled lamellar plate 03", Modifier: "weighted normals", Enable 'Auto Smooth' in Object Data Properties
ERROR (bke.modifier): ./source/blender/blenkernel/intern/modifier.cc:458 BKE_modifier_set_error: Object: "throat guard row 3 bevelled lamellar plate 04", Modifier: "weighted normals", Enable 'Auto Smooth' in Object Data Properties
ERROR (bke.modifier): ./source/blender/blenkernel/intern/modifier.cc:458 BKE_modifier_set_error: Object: "throat guard row 3 bevelled lamellar plate 05", Modifier: "weighted normals", Enable 'Auto Smooth' in Object Data Properties
ERROR (bke.modifier): ./source/blender/blenkernel/intern/modifier.cc:458 BKE_modifier_set_error: Object: "front cuirass row 1 bevelled lamellar plate 02", Modifier: "weighted normals", Enable 'Auto Smooth' in Object Data Properties
ERROR (bke.modifier): ./source/blender/blenkernel/intern/modifier.cc:458 BKE_modifier_set_error: Object: "front cuirass row 1 bevelled lamellar plate 05", Modifier: "weighted normals", Enable 'Auto Smooth' in Object Data Properties
ERROR (bke.modifier): ./source/blender/blenkernel/intern/modifier.cc:458 BKE_modifier_set_error: Object: "front cuirass row 1 bevelled lamellar plate 03", Modifier: "weighted normals", Enable 'Auto Smooth' in Object Data Properties
ERROR (bke.modifier): ./source/blender/blenkernel/intern/modifier.cc:458 BKE_modifier_set_error: Object: "front cuirass row 1 bevelled lamellar plate 04", Modifier: "weighted normals", Enable 'Auto Smooth' in Object Data Properties
ERROR (bke.modifier): ./source/blender/blenkernel/intern/modifier.cc:458 BKE_modifier_set_error: Object: "front cuirass row 1 bevelled lamellar plate 08", Modifier: "weighted normals", Enable 'Auto Smooth' in Object Data Properties
ERROR (bke.modifier): ./source/blender/blenkernel/intern/modifier.cc:458 BKE_modifier_set_error: Object: "front cuirass row 1 bevelled lamellar plate 01", Modifier: "weighted normals", Enable 'Auto Smooth' in Object Data Properties
ERROR (bke.modifier): ./source/blender/blenkernel/intern/modifier.cc:458 BKE_modifier_set_error: Object: "front cuirass row 1 bevelled lamellar plate 06", Modifier: "weighted normals", Enable 'Auto Smooth' in Object Data Properties
ERROR (bke.modifier): ./source/blender/blenkernel/intern/modifier.cc:458 BKE_modifier_set_error: Object: "front cuirass row 1 bevelled lamellar plate 07", Modifier: "weighted normals", Enable 'Auto Smooth' in Object Data Properties
ERROR (bke.modifier): ./source/blender/blenkernel/intern/modifier.cc:458 BKE_modifier_set_error: Object: "rear cuirass row 1 bevelled lamellar plate 01", Modifier: "weighted normals", Enable 'Auto Smooth' in Object Data Properties
ERROR (bke.modifier): ./source/blender/blenkernel/intern/modifier.cc:458 BKE_modifier_set_error: Object: "rear cuirass row 1 bevelled lamellar plate 02", Modifier: "weighted normals", Enable 'Auto Smooth' in Object Data Properties
ERROR (bke.modifier): ./source/blender/blenkernel/intern/modifier.cc:458 BKE_modifier_set_error: Object: "rear cuirass row 1 bevelled lamellar plate 03", Modifier: "weighted normals", Enable 'Auto Smooth' in Object Data Properties
ERROR (bke.modifier): ./source/blender/blenkernel/intern/modifier.cc:458 BKE_modifier_set_error: Object: "rear cuirass row 1 bevelled lamellar plate 08", Modifier: "weighted normals", Enable 'Auto Smooth' in Object Data Properties
ERROR (bke.modifier): ./source/blender/blenkernel/intern/modifier.cc:458 BKE_modifier_set_error: Object: "matte charcoal inspection plinth", Modifier: "weighted normals", Enable 'Auto Smooth' in Object Data Properties
ERROR (bke.modifier): ./source/blender/blenkernel/intern/modifier.cc:458 BKE_modifier_set_error: Object: "rear cuirass row 1 bevelled lamellar plate 04", Modifier: "weighted normals", Enable 'Auto Smooth' in Object Data Properties
ERROR (bke.modifier): ./source/blender/blenkernel/intern/modifier.cc:458 BKE_modifier_set_error: Object: "rear cuirass row 1 bevelled lamellar plate 05", Modifier: "weighted normals", Enable 'Auto Smooth' in Object Data Properties
ERROR (bke.modifier): ./source/blender/blenkernel/intern/modifier.cc:458 BKE_modifier_set_error: Object: "front cuirass row 2 bevelled lamellar plate 01", Modifier: "weighted normals", Enable 'Auto Smooth' in Object Data Properties
ERROR (bke.modifier): ./source/blender/blenkernel/intern/modifier.cc:458 BKE_modifier_set_error: Object: "rear cuirass row 1 bevelled lamellar plate 06", Modifier: "weighted normals", Enable 'Auto Smooth' in Object Data Properties
ERROR (bke.modifier): ./source/blender/blenkernel/intern/modifier.cc:458 BKE_modifier_set_error: Object: "front cuirass row 2 bevelled lamellar plate 04", Modifier: "weighted normals", Enable 'Auto Smooth' in Object Data Properties
ERROR (bke.modifier): ./source/blender/blenkernel/intern/modifier.cc:458 BKE_modifier_set_error: Object: "front cuirass row 2 bevelled lamellar plate 02", Modifier: "weighted normals", Enable 'Auto Smooth' in Object Data Properties
ERROR (bke.modifier): ./source/blender/blenkernel/intern/modifier.cc:458 BKE_modifier_set_error: Object: "front cuirass row 2 bevelled lamellar plate 03", Modifier: "weighted normals", Enable 'Auto Smooth' in Object Data Properties
ERROR (bke.modifier): ./source/blender/blenkernel/intern/modifier.cc:458 BKE_modifier_set_error: Object: "simple round clan mon on banner", Modifier: "weighted normals", Enable 'Auto Smooth' in Object Data Properties
ERROR (bke.modifier): ./source/blender/blenkernel/intern/modifier.cc:458 BKE_modifier_set_error: Object: "rear cuirass row 1 bevelled lamellar plate 07", Modifier: "weighted normals", Enable 'Auto Smooth' in Object Data Properties
ERROR (bke.modifier): ./source/blender/blenkernel/intern/modifier.cc:458 BKE_modifier_set_error: Object: "front cuirass row 2 bevelled lamellar plate 06", Modifier: "weighted normals", Enable 'Auto Smooth' in Object Data Properties
ERROR (bke.modifier): ./source/blender/blenkernel/intern/modifier.cc:458 BKE_modifier_set_error: Object: "rear cuirass row 2 bevelled lamellar plate 02", Modifier: "weighted normals", Enable 'Auto Smooth' in Object Data Properties
ERROR (bke.modifier): ./source/blender/blenkernel/intern/modifier.cc:458 BKE_modifier_set_error: Object: "rear cuirass row 2 bevelled lamellar plate 04", Modifier: "weighted normals", Enable 'Auto Smooth' in Object Data Properties
ERROR (bke.modifier): ./source/blender/blenkernel/intern/modifier.cc:458 BKE_modifier_set_error: Object: "front cuirass row 2 bevelled lamellar plate 05", Modifier: "weighted normals", Enable 'Auto Smooth' in Object Data Properties
ERROR (bke.modifier): ./source/blender/blenkernel/intern/modifier.cc:458 BKE_modifier_set_error: Object: "rear cuirass row 2 bevelled lamellar plate 05", Modifier: "weighted normals", Enable 'Auto Smooth' in Object Data Properties
ERROR (bke.modifier): ./source/blender/blenkernel/intern/modifier.cc:458 BKE_modifier_set_error: Object: "front cuirass row 2 bevelled lamellar plate 08", Modifier: "weighted normals", Enable 'Auto Smooth' in Object Data Properties
ERROR (bke.modifier): ./source/blender/blenkernel/intern/modifier.cc:458 BKE_modifier_set_error: Object: "front cuirass row 2 bevelled lamellar plate 07", Modifier: "weighted normals", Enable 'Auto Smooth' in Object Data Properties
ERROR (bke.modifier): ./source/blender/blenkernel/intern/modifier.cc:458 BKE_modifier_set_error: Object: "rear cuirass row 2 bevelled lamellar plate 03", Modifier: "weighted normals", Enable 'Auto Smooth' in Object Data Properties
ERROR (bke.modifier): ./source/blender/blenkernel/intern/modifier.cc:458 BKE_modifier_set_error: Object: "rear cuirass row 2 bevelled lamellar plate 06", Modifier: "weighted normals", Enable 'Auto Smooth' in Object Data Properties
ERROR (bke.modifier): ./source/blender/blenkernel/intern/modifier.cc:458 BKE_modifier_set_error: Object: "rear cuirass row 2 bevelled lamellar plate 01", Modifier: "weighted normals", Enable 'Auto Smooth' in Object Data Properties
ERROR (bke.modifier): ./source/blender/blenkernel/intern/modifier.cc:458 BKE_modifier_set_error: Object: "front cuirass row 3 bevelled lamellar plate 01", Modifier: "weighted normals", Enable 'Auto Smooth' in Object Data Properties
ERROR (bke.modifier): ./source/blender/blenkernel/intern/modifier.cc:458 BKE_modifier_set_error: Object: "rear cuirass row 2 bevelled lamellar plate 07", Modifier: "weighted normals", Enable 'Auto Smooth' in Object Data Properties
ERROR (bke.modifier): ./source/blender/blenkernel/intern/modifier.cc:458 BKE_modifier_set_error: Object: "rear cuirass row 2 bevelled lamellar plate 08", Modifier: "weighted normals", Enable 'Auto Smooth' in Object Data Properties
ERROR (bke.modifier): ./source/blender/blenkernel/intern/modifier.cc:458 BKE_modifier_set_error: Object: "front cuirass row 3 bevelled lamellar plate 02", Modifier: "weighted normals", Enable 'Auto Smooth' in Object Data Properties
ERROR (bke.modifier): ./source/blender/blenkernel/intern/modifier.cc:458 BKE_modifier_set_error: Object: "cloth sashimono banner panel", Modifier: "weighted normals", Enable 'Auto Smooth' in Object Data Properties
ERROR (bke.modifier): ./source/blender/blenkernel/intern/modifier.cc:458 BKE_modifier_set_error: Object: "front cuirass row 3 bevelled lamellar plate 03", Modifier: "weighted normals", Enable 'Auto Smooth' in Object Data Properties
ERROR (bke.modifier): ./source/blender/blenkernel/intern/modifier.cc:458 BKE_modifier_set_error: Object: "front cuirass row 3 bevelled lamellar plate 05", Modifier: "weighted normals", Enable 'Auto Smooth' in Object Data Properties
ERROR (bke.modifier): ./source/blender/blenkernel/intern/modifier.cc:458 BKE_modifier_set_error: Object: "front cuirass row 3 bevelled lamellar plate 04", Modifier: "weighted normals", Enable 'Auto Smooth' in Object Data Properties
ERROR (bke.modifier): ./source/blender/blenkernel/intern/modifier.cc:458 BKE_modifier_set_error: Object: "rear cuirass row 3 bevelled lamellar plate 02", Modifier: "weighted normals", Enable 'Auto Smooth' in Object Data Properties
ERROR (bke.modifier): ./source/blender/blenkernel/intern/modifier.cc:458 BKE_modifier_set_error: Object: "front cuirass row 3 bevelled lamellar plate 06", Modifier: "weighted normals", Enable 'Auto Smooth' in Object Data Properties
ERROR (bke.modifier): ./source/blender/blenkernel/intern/modifier.cc:458 BKE_modifier_set_error: Object: "front cuirass row 3 bevelled lamellar plate 07", Modifier: "weighted normals", Enable 'Auto Smooth' in Object Data Properties
ERROR (bke.modifier): ./source/blender/blenkernel/intern/modifier.cc:458 BKE_modifier_set_error: Object: "rear cuirass row 3 bevelled lamellar plate 04", Modifier: "weighted normals", Enable 'Auto Smooth' in Object Data Properties
ERROR (bke.modifier): ./source/blender/blenkernel/intern/modifier.cc:458 BKE_modifier_set_error: Object: "rear cuirass row 3 bevelled lamellar plate 03", Modifier: "weighted normals", Enable 'Auto Smooth' in Object Data Properties
ERROR (bke.modifier): ./source/blender/blenkernel/intern/modifier.cc:458 BKE_modifier_set_error: Object: "front cuirass row 3 bevelled lamellar plate 08", Modifier: "weighted normals", Enable 'Auto Smooth' in Object Data Properties
ERROR (bke.modifier): ./source/blender/blenkernel/intern/modifier.cc:458 BKE_modifier_set_error: Object: "rear cuirass row 3 bevelled lamellar plate 01", Modifier: "weighted normals", Enable 'Auto Smooth' in Object Data Properties
ERROR (bke.modifier): ./source/blender/blenkernel/intern/modifier.cc:458 BKE_modifier_set_error: Object: "rear cuirass row 3 bevelled lamellar plate 05", Modifier: "weighted normals", Enable 'Auto Smooth' in Object Data Properties
ERROR (bke.modifier): ./source/blender/blenkernel/intern/modifier.cc:458 BKE_modifier_set_error: Object: "small lacquered sashimono crossbar", Modifier: "weighted normals", Enable 'Auto Smooth' in Object Data Properties
ERROR (bke.modifier): ./source/blender/blenkernel/intern/modifier.cc:458 BKE_modifier_set_error: Object: "rear cuirass row 3 bevelled lamellar plate 06", Modifier: "weighted normals", Enable 'Auto Smooth' in Object Data Properties
ERROR (bke.modifier): ./source/blender/blenkernel/intern/modifier.cc:458 BKE_modifier_set_error: Object: "rear cuirass row 3 bevelled lamellar plate 07", Modifier: "weighted normals", Enable 'Auto Smooth' in Object Data Properties
ERROR (bke.modifier): ./source/blender/blenkernel/intern/modifier.cc:458 BKE_modifier_set_error: Object: "front cuirass row 4 bevelled lamellar plate 04", Modifier: "weighted normals", Enable 'Auto Smooth' in Object Data Properties
ERROR (bke.modifier): ./source/blender/blenkernel/intern/modifier.cc:458 BKE_modifier_set_error: Object: "rear cuirass row 3 bevelled lamellar plate 08", Modifier: "weighted normals", Enable 'Auto Smooth' in Object Data Properties
ERROR (bke.modifier): ./source/blender/blenkernel/intern/modifier.cc:458 BKE_modifier_set_error: Object: "front cuirass row 4 bevelled lamellar plate 02", Modifier: "weighted normals", Enable 'Auto Smooth' in Object Data Properties
ERROR (bke.modifier): ./source/blender/blenkernel/intern/modifier.cc:458 BKE_modifier_set_error: Object: "front cuirass row 4 bevelled lamellar plate 03", Modifier: "weighted normals", Enable 'Auto Smooth' in Object Data Properties
ERROR (bke.modifier): ./source/blender/blenkernel/intern/modifier.cc:458 BKE_modifier_set_error: Object: "front cuirass row 4 bevelled lamellar plate 05", Modifier: "weighted normals", Enable 'Auto Smooth' in Object Data Properties
ERROR (bke.modifier): ./source/blender/blenkernel/intern/modifier.cc:458 BKE_modifier_set_error: Object: "front cuirass row 4 bevelled lamellar plate 06", Modifier: "weighted normals", Enable 'Auto Smooth' in Object Data Properties
ERROR (bke.modifier): ./source/blender/blenkernel/intern/modifier.cc:458 BKE_modifier_set_error: Object: "front cuirass row 4 bevelled lamellar plate 01", Modifier: "weighted normals", Enable 'Auto Smooth' in Object Data Properties
ERROR (bke.modifier): ./source/blender/blenkernel/intern/modifier.cc:458 BKE_modifier_set_error: Object: "rear cuirass row 4 bevelled lamellar plate 01", Modifier: "weighted normals", Enable 'Auto Smooth' in Object Data Properties
ERROR (bke.modifier): ./source/blender/blenkernel/intern/modifier.cc:458 BKE_modifier_set_error: Object: "front cuirass row 4 bevelled lamellar plate 08", Modifier: "weighted normals", Enable 'Auto Smooth' in Object Data Properties
ERROR (bke.modifier): ./source/blender/blenkernel/intern/modifier.cc:458 BKE_modifier_set_error: Object: "rear cuirass row 4 bevelled lamellar plate 02", Modifier: "weighted normals", Enable 'Auto Smooth' in Object Data Properties
ERROR (bke.modifier): ./source/blender/blenkernel/intern/modifier.cc:458 BKE_modifier_set_error: Object: "rear cuirass row 4 bevelled lamellar plate 06", Modifier: "weighted normals", Enable 'Auto Smooth' in Object Data Properties
ERROR (bke.modifier): ./source/blender/blenkernel/intern/modifier.cc:458 BKE_modifier_set_error: Object: "rear cuirass row 4 bevelled lamellar plate 05", Modifier: "weighted normals", Enable 'Auto Smooth' in Object Data Properties
ERROR (bke.modifier): ./source/blender/blenkernel/intern/modifier.cc:458 BKE_modifier_set_error: Object: "rear cuirass row 4 bevelled lamellar plate 04", Modifier: "weighted normals", Enable 'Auto Smooth' in Object Data Properties
ERROR (bke.modifier): ./source/blender/blenkernel/intern/modifier.cc:458 BKE_modifier_set_error: Object: "rear cuirass row 4 bevelled lamellar plate 08", Modifier: "weighted normals", Enable 'Auto Smooth' in Object Data Properties
ERROR (bke.modifier): ./source/blender/blenkernel/intern/modifier.cc:458 BKE_modifier_set_error: Object: "front cuirass row 5 bevelled lamellar plate 05", Modifier: "weighted normals", Enable 'Auto Smooth' in Object Data Properties
ERROR (bke.modifier): ./source/blender/blenkernel/intern/modifier.cc:458 BKE_modifier_set_error: Object: "front cuirass row 4 bevelled lamellar plate 07", Modifier: "weighted normals", Enable 'Auto Smooth' in Object Data Properties
ERROR (bke.modifier): ./source/blender/blenkernel/intern/modifier.cc:458 BKE_modifier_set_error: Object: "rear cuirass row 4 bevelled lamellar plate 07", Modifier: "weighted normals", Enable 'Auto Smooth' in Object Data Properties
ERROR (bke.modifier): ./source/blender/blenkernel/intern/modifier.cc:458 BKE_modifier_set_error: Object: "square tsuba guard", Modifier: "weighted normals", Enable 'Auto Smooth' in Object Data Properties
ERROR (bke.modifier): ./source/blender/blenkernel/intern/modifier.cc:458 BKE_modifier_set_error: Object: "front cuirass row 5 bevelled lamellar plate 04", Modifier: "weighted normals", Enable 'Auto Smooth' in Object Data Properties
ERROR (bke.modifier): ./source/blender/blenkernel/intern/modifier.cc:458 BKE_modifier_set_error: Object: "front cuirass row 5 bevelled lamellar plate 06", Modifier: "weighted normals", Enable 'Auto Smooth' in Object Data Properties
ERROR (bke.modifier): ./source/blender/blenkernel/intern/modifier.cc:458 BKE_modifier_set_error: Object: "front cuirass row 5 bevelled lamellar plate 02", Modifier: "weighted normals", Enable 'Auto Smooth' in Object Data Properties
ERROR (bke.modifier): ./source/blender/blenkernel/intern/modifier.cc:458 BKE_modifier_set_error: Object: "front cuirass row 5 bevelled lamellar plate 01", Modifier: "weighted normals", Enable 'Auto Smooth' in Object Data Properties
ERROR (bke.modifier): ./source/blender/blenkernel/intern/modifier.cc:458 BKE_modifier_set_error: Object: "front cuirass row 5 bevelled lamellar plate 03", Modifier: "weighted normals", Enable 'Auto Smooth' in Object Data Properties
ERROR (bke.modifier): ./source/blender/blenkernel/intern/modifier.cc:458 BKE_modifier_set_error: Object: "rear cuirass row 4 bevelled lamellar plate 03", Modifier: "weighted normals", Enable 'Auto Smooth' in Object Data Properties
ERROR (bke.modifier): ./source/blender/blenkernel/intern/modifier.cc:458 BKE_modifier_set_error: Object: "wrapped katana grip", Modifier: "weighted normals", Enable 'Auto Smooth' in Object Data Properties
ERROR (bke.modifier): ./source/blender/blenkernel/intern/modifier.cc:458 BKE_modifier_set_error: Object: "front cuirass row 5 bevelled lamellar plate 07", Modifier: "weighted normals", Enable 'Auto Smooth' in Object Data Properties
ERROR (bke.modifier): ./source/blender/blenkernel/intern/modifier.cc:458 BKE_modifier_set_error: Object: "rear cuirass row 5 bevelled lamellar plate 01", Modifier: "weighted normals", Enable 'Auto Smooth' in Object Data Properties
ERROR (bke.modifier): ./source/blender/blenkernel/intern/modifier.cc:458 BKE_modifier_set_error: Object: "left shoulder undercloth", Modifier: "weighted normals", Enable 'Auto Smooth' in Object Data Properties
ERROR (bke.modifier): ./source/blender/blenkernel/intern/modifier.cc:458 BKE_modifier_set_error: Object: "rear cuirass row 5 bevelled lamellar plate 03", Modifier: "weighted normals", Enable 'Auto Smooth' in Object Data Properties
ERROR (bke.modifier): ./source/blender/blenkernel/intern/modifier.cc:458 BKE_modifier_set_error: Object: "front cuirass row 5 bevelled lamellar plate 08", Modifier: "weighted normals", Enable 'Auto Smooth' in Object Data Properties
ERROR (bke.modifier): ./source/blender/blenkernel/intern/modifier.cc:458 BKE_modifier_set_error: Object: "rear cuirass row 5 bevelled lamellar plate 02", Modifier: "weighted normals", Enable 'Auto Smooth' in Object Data Properties
ERROR (bke.modifier): ./source/blender/blenkernel/intern/modifier.cc:458 BKE_modifier_set_error: Object: "rear cuirass row 5 bevelled lamellar plate 07", Modifier: "weighted normals", Enable 'Auto Smooth' in Object Data Properties
ERROR (bke.modifier): ./source/blender/blenkernel/intern/modifier.cc:458 BKE_modifier_set_error: Object: "left side cuirass plate 1", Modifier: "weighted normals", Enable 'Auto Smooth' in Object Data Properties
ERROR (bke.modifier): ./source/blender/blenkernel/intern/modifier.cc:458 BKE_modifier_set_error: Object: "left side cuirass plate 3", Modifier: "weighted normals", Enable 'Auto Smooth' in Object Data Properties
ERROR (bke.modifier): ./source/blender/blenkernel/intern/modifier.cc:458 BKE_modifier_set_error: Object: "rear cuirass row 5 bevelled lamellar plate 08", Modifier: "weighted normals", Enable 'Auto Smooth' in Object Data Properties
ERROR (bke.modifier): ./source/blender/blenkernel/intern/modifier.cc:458 BKE_modifier_set_error: Object: "rear cuirass row 5 bevelled lamellar plate 04", Modifier: "weighted normals", Enable 'Auto Smooth' in Object Data Properties
ERROR (bke.modifier): ./source/blender/blenkernel/intern/modifier.cc:458 BKE_modifier_set_error: Object: "rear cuirass row 5 bevelled lamellar plate 06", Modifier: "weighted normals", Enable 'Auto Smooth' in Object Data Properties
ERROR (bke.modifier): ./source/blender/blenkernel/intern/modifier.cc:458 BKE_modifier_set_error: Object: "rear cuirass row 5 bevelled lamellar plate 05", Modifier: "weighted normals", Enable 'Auto Smooth' in Object Data Properties
ERROR (bke.modifier): ./source/blender/blenkernel/intern/modifier.cc:458 BKE_modifier_set_error: Object: "right side cuirass plate 2", Modifier: "weighted normals", Enable 'Auto Smooth' in Object Data Properties
ERROR (bke.modifier): ./source/blender/blenkernel/intern/modifier.cc:458 BKE_modifier_set_error: Object: "left sode shoulder armor", Modifier: "weighted normals", Enable 'Auto Smooth' in Object Data Properties
ERROR (bke.modifier): ./source/blender/blenkernel/intern/modifier.cc:458 BKE_modifier_set_error: Object: "left kote forearm guard", Modifier: "weighted normals", Enable 'Auto Smooth' in Object Data Properties
ERROR (bke.modifier): ./source/blender/blenkernel/intern/modifier.cc:458 BKE_modifier_set_error: Object: "left leather palm volume", Modifier: "weighted normals", Enable 'Auto Smooth' in Object Data Properties
ERROR (bke.modifier): ./source/blender/blenkernel/intern/modifier.cc:458 BKE_modifier_set_error: Object: "left side cuirass plate 2", Modifier: "weighted normals", Enable 'Auto Smooth' in Object Data Properties
ERROR (bke.modifier): ./source/blender/blenkernel/intern/modifier.cc:458 BKE_modifier_set_error: Object: "left armored upper arm", Modifier: "weighted normals", Enable 'Auto Smooth' in Object Data Properties
ERROR (bke.modifier): ./source/blender/blenkernel/intern/modifier.cc:458 BKE_modifier_set_error: Object: "right side cuirass plate 3", Modifier: "weighted normals", Enable 'Auto Smooth' in Object Data Properties
ERROR (bke.modifier): ./source/blender/blenkernel/intern/modifier.cc:458 BKE_modifier_set_error: Object: "left index fingertip", Modifier: "weighted normals", Enable 'Auto Smooth' in Object Data Properties
ERROR (bke.modifier): ./source/blender/blenkernel/intern/modifier.cc:458 BKE_modifier_set_error: Object: "left ring fingertip", Modifier: "weighted normals", Enable 'Auto Smooth' in Object Data Properties
ERROR (bke.modifier): ./source/blender/blenkernel/intern/modifier.cc:458 BKE_modifier_set_error: Object: "left pinky fingertip", Modifier: "weighted normals", Enable 'Auto Smooth' in Object Data Properties
ERROR (bke.modifier): ./source/blender/blenkernel/intern/modifier.cc:458 BKE_modifier_set_error: Object: "left thumb fingertip", Modifier: "weighted normals", Enable 'Auto Smooth' in Object Data Properties
ERROR (bke.modifier): ./source/blender/blenkernel/intern/modifier.cc:458 BKE_modifier_set_error: Object: "left middle fingertip", Modifier: "weighted normals", Enable 'Auto Smooth' in Object Data Properties
ERROR (bke.modifier): ./source/blender/blenkernel/intern/modifier.cc:458 BKE_modifier_set_error: Object: "right shoulder undercloth", Modifier: "weighted normals", Enable 'Auto Smooth' in Object Data Properties
ERROR (bke.modifier): ./source/blender/blenkernel/intern/modifier.cc:458 BKE_modifier_set_error: Object: "right side cuirass plate 1", Modifier: "weighted normals", Enable 'Auto Smooth' in Object Data Properties
ERROR (bke.modifier): ./source/blender/blenkernel/intern/modifier.cc:458 BKE_modifier_set_error: Object: "left hanging sode shoulder plate 1", Modifier: "weighted normals", Enable 'Auto Smooth' in Object Data Properties
ERROR (bke.modifier): ./source/blender/blenkernel/intern/modifier.cc:458 BKE_modifier_set_error: Object: "right armored upper arm", Modifier: "weighted normals", Enable 'Auto Smooth' in Object Data Properties
ERROR (bke.modifier): ./source/blender/blenkernel/intern/modifier.cc:458 BKE_modifier_set_error: Object: "right sode shoulder armor", Modifier: "weighted normals", Enable 'Auto Smooth' in Object Data Properties
ERROR (bke.modifier): ./source/blender/blenkernel/intern/modifier.cc:458 BKE_modifier_set_error: Object: "left hanging sode shoulder plate 2", Modifier: "weighted normals", Enable 'Auto Smooth' in Object Data Properties
ERROR (bke.modifier): ./source/blender/blenkernel/intern/modifier.cc:458 BKE_modifier_set_error: Object: "right kote forearm guard", Modifier: "weighted normals", Enable 'Auto Smooth' in Object Data Properties
ERROR (bke.modifier): ./source/blender/blenkernel/intern/modifier.cc:458 BKE_modifier_set_error: Object: "right leather palm volume", Modifier: "weighted normals", Enable 'Auto Smooth' in Object Data Properties
ERROR (bke.modifier): ./source/blender/blenkernel/intern/modifier.cc:458 BKE_modifier_set_error: Object: "left hanging sode shoulder plate 4", Modifier: "weighted normals", Enable 'Auto Smooth' in Object Data Properties
ERROR (bke.modifier): ./source/blender/blenkernel/intern/modifier.cc:458 BKE_modifier_set_error: Object: "right index fingertip", Modifier: "weighted normals", Enable 'Auto Smooth' in Object Data Properties
ERROR (bke.modifier): ./source/blender/blenkernel/intern/modifier.cc:458 BKE_modifier_set_error: Object: "right middle fingertip", Modifier: "weighted normals", Enable 'Auto Smooth' in Object Data Properties
ERROR (bke.modifier): ./source/blender/blenkernel/intern/modifier.cc:458 BKE_modifier_set_error: Object: "right ring fingertip", Modifier: "weighted normals", Enable 'Auto Smooth' in Object Data Properties
ERROR (bke.modifier): ./source/blender/blenkernel/intern/modifier.cc:458 BKE_modifier_set_error: Object: "right pinky fingertip", Modifier: "weighted normals", Enable 'Auto Smooth' in Object Data Properties
ERROR (bke.modifier): ./source/blender/blenkernel/intern/modifier.cc:458 BKE_modifier_set_error: Object: "left hanging sode shoulder plate 3", Modifier: "weighted normals", Enable 'Auto Smooth' in Object Data Properties
ERROR (bke.modifier): ./source/blender/blenkernel/intern/modifier.cc:458 BKE_modifier_set_error: Object: "right thumb fingertip", Modifier: "weighted normals", Enable 'Auto Smooth' in Object Data Properties
ERROR (bke.modifier): ./source/blender/blenkernel/intern/modifier.cc:458 BKE_modifier_set_error: Object: "right hanging sode shoulder plate 2", Modifier: "weighted normals", Enable 'Auto Smooth' in Object Data Properties
ERROR (bke.modifier): ./source/blender/blenkernel/intern/modifier.cc:458 BKE_modifier_set_error: Object: "right woven waraji sole grounded", Modifier: "weighted normals", Enable 'Auto Smooth' in Object Data Properties
ERROR (bke.modifier): ./source/blender/blenkernel/intern/modifier.cc:458 BKE_modifier_set_error: Object: "right hanging sode shoulder plate 3", Modifier: "weighted normals", Enable 'Auto Smooth' in Object Data Properties
ERROR (bke.modifier): ./source/blender/blenkernel/intern/modifier.cc:458 BKE_modifier_set_error: Object: "right hanging sode shoulder plate 4", Modifier: "weighted normals", Enable 'Auto Smooth' in Object Data Properties
ERROR (bke.modifier): ./source/blender/blenkernel/intern/modifier.cc:458 BKE_modifier_set_error: Object: "right hanging sode shoulder plate 1", Modifier: "weighted normals", Enable 'Auto Smooth' in Object Data Properties
ERROR (bke.modifier): ./source/blender/blenkernel/intern/modifier.cc:458 BKE_modifier_set_error: Object: "kusazuri skirt plate +0 row 2", Modifier: "weighted normals", Enable 'Auto Smooth' in Object Data Properties
ERROR (bke.modifier): ./source/blender/blenkernel/intern/modifier.cc:458 BKE_modifier_set_error: Object: "rear kusazuri skirt plate -1 row 1", Modifier: "weighted normals", Enable 'Auto Smooth' in Object Data Properties
ERROR (bke.modifier): ./source/blender/blenkernel/intern/modifier.cc:458 BKE_modifier_set_error: Object: "kusazuri skirt plate -1 row 2", Modifier: "weighted normals", Enable 'Auto Smooth' in Object Data Properties
ERROR (bke.modifier): ./source/blender/blenkernel/intern/modifier.cc:458 BKE_modifier_set_error: Object: "right outer toe group", Modifier: "weighted normals", Enable 'Auto Smooth' in Object Data Properties
ERROR (bke.modifier): ./source/blender/blenkernel/intern/modifier.cc:458 BKE_modifier_set_error: Object: "right separated big toe", Modifier: "weighted normals", Enable 'Auto Smooth' in Object Data Properties
ERROR (bke.modifier): ./source/blender/blenkernel/intern/modifier.cc:458 BKE_modifier_set_error: Object: "right split-toe tabi foot volume", Modifier: "weighted normals", Enable 'Auto Smooth' in Object Data Properties
ERROR (bke.modifier): ./source/blender/blenkernel/intern/modifier.cc:458 BKE_modifier_set_error: Object: "rear kusazuri skirt plate +0 row 1", Modifier: "weighted normals", Enable 'Auto Smooth' in Object Data Properties
ERROR (bke.modifier): ./source/blender/blenkernel/intern/modifier.cc:458 BKE_modifier_set_error: Object: "kusazuri skirt plate +0 row 1", Modifier: "weighted normals", Enable 'Auto Smooth' in Object Data Properties
ERROR (bke.modifier): ./source/blender/blenkernel/intern/modifier.cc:458 BKE_modifier_set_error: Object: "rear kusazuri skirt plate -1 row 3", Modifier: "weighted normals", Enable 'Auto Smooth' in Object Data Properties
ERROR (bke.modifier): ./source/blender/blenkernel/intern/modifier.cc:458 BKE_modifier_set_error: Object: "kusazuri skirt plate -1 row 3", Modifier: "weighted normals", Enable 'Auto Smooth' in Object Data Properties
ERROR (bke.modifier): ./source/blender/blenkernel/intern/modifier.cc:458 BKE_modifier_set_error: Object: "left hakama trouser leg", Modifier: "weighted normals", Enable 'Auto Smooth' in Object Data Properties
ERROR (bke.modifier): ./source/blender/blenkernel/intern/modifier.cc:458 BKE_modifier_set_error: Object: "right shin greave", Modifier: "weighted normals", Enable 'Auto Smooth' in Object Data Properties
ERROR (bke.modifier): ./source/blender/blenkernel/intern/modifier.cc:458 BKE_modifier_set_error: Object: "rear kusazuri skirt plate +1 row 1", Modifier: "weighted normals", Enable 'Auto Smooth' in Object Data Properties
ERROR (bke.modifier): ./source/blender/blenkernel/intern/modifier.cc:458 BKE_modifier_set_error: Object: "kusazuri skirt plate +1 row 2", Modifier: "weighted normals", Enable 'Auto Smooth' in Object Data Properties
ERROR (bke.modifier): ./source/blender/blenkernel/intern/modifier.cc:458 BKE_modifier_set_error: Object: "left shin greave", Modifier: "weighted normals", Enable 'Auto Smooth' in Object Data Properties
ERROR (bke.modifier): ./source/blender/blenkernel/intern/modifier.cc:458 BKE_modifier_set_error: Object: "left split-toe tabi foot volume", Modifier: "weighted normals", Enable 'Auto Smooth' in Object Data Properties
ERROR (bke.modifier): ./source/blender/blenkernel/intern/modifier.cc:458 BKE_modifier_set_error: Object: "rear kusazuri skirt plate +1 row 2", Modifier: "weighted normals", Enable 'Auto Smooth' in Object Data Properties
ERROR (bke.modifier): ./source/blender/blenkernel/intern/modifier.cc:458 BKE_modifier_set_error: Object: "left separated big toe", Modifier: "weighted normals", Enable 'Auto Smooth' in Object Data Properties
ERROR (bke.modifier): ./source/blender/blenkernel/intern/modifier.cc:458 BKE_modifier_set_error: Object: "rear kusazuri skirt plate +0 row 3", Modifier: "weighted normals", Enable 'Auto Smooth' in Object Data Properties
ERROR (bke.modifier): ./source/blender/blenkernel/intern/modifier.cc:458 BKE_modifier_set_error: Object: "left outer toe group", Modifier: "weighted normals", Enable 'Auto Smooth' in Object Data Properties
ERROR (bke.modifier): ./source/blender/blenkernel/intern/modifier.cc:458 BKE_modifier_set_error: Object: "right hakama trouser leg", Modifier: "weighted normals", Enable 'Auto Smooth' in Object Data Properties
ERROR (bke.modifier): ./source/blender/blenkernel/intern/modifier.cc:458 BKE_modifier_set_error: Object: "kusazuri skirt plate -1 row 1", Modifier: "weighted normals", Enable 'Auto Smooth' in Object Data Properties
ERROR (bke.modifier): ./source/blender/blenkernel/intern/modifier.cc:458 BKE_modifier_set_error: Object: "kusazuri skirt plate +1 row 1", Modifier: "weighted normals", Enable 'Auto Smooth' in Object Data Properties
ERROR (bke.modifier): ./source/blender/blenkernel/intern/modifier.cc:458 BKE_modifier_set_error: Object: "kusazuri skirt plate +1 row 3", Modifier: "weighted normals", Enable 'Auto Smooth' in Object Data Properties
ERROR (bke.modifier): ./source/blender/blenkernel/intern/modifier.cc:458 BKE_modifier_set_error: Object: "kusazuri skirt plate +0 row 3", Modifier: "weighted normals", Enable 'Auto Smooth' in Object Data Properties
ERROR (bke.modifier): ./source/blender/blenkernel/intern/modifier.cc:458 BKE_modifier_set_error: Object: "rear kusazuri skirt plate -1 row 2", Modifier: "weighted normals", Enable 'Auto Smooth' in Object Data Properties
ERROR (bke.modifier): ./source/blender/blenkernel/intern/modifier.cc:458 BKE_modifier_set_error: Object: "rear kusazuri skirt plate +0 row 2", Modifier: "weighted normals", Enable 'Auto Smooth' in Object Data Properties
ERROR (bke.modifier): ./source/blender/blenkernel/intern/modifier.cc:458 BKE_modifier_set_error: Object: "rear kusazuri skirt plate +1 row 3", Modifier: "weighted normals", Enable 'Auto Smooth' in Object Data Properties
ERROR (bke.modifier): ./source/blender/blenkernel/intern/modifier.cc:458 BKE_modifier_set_error: Object: "left woven waraji sole grounded", Modifier: "weighted normals", Enable 'Auto Smooth' in Object Data Properties
Fra:1 Mem:47.25M (Peak 47.27M) | Time:00:00.06 | Syncing matte charcoal inspection plinth
Fra:1 Mem:47.26M (Peak 47.31M) | Time:00:00.06 | Syncing ribcage under-kimono volume
Fra:1 Mem:47.35M (Peak 47.35M) | Time:00:00.06 | Syncing narrow waist under-kimono volume
Fra:1 Mem:47.42M (Peak 47.42M) | Time:00:00.06 | Syncing visible human head behind mempo
Fra:1 Mem:47.51M (Peak 47.51M) | Time:00:00.06 | Syncing thin exposed neck
Fra:1 Mem:47.52M (Peak 47.53M) | Time:00:00.06 | Syncing neck guard collar
Fra:1 Mem:47.54M (Peak 47.58M) | Time:00:00.06 | Syncing segmented kabuto helmet bowl
Fra:1 Mem:47.71M (Peak 47.71M) | Time:00:00.06 | Syncing wide kabuto brim
Fra:1 Mem:47.73M (Peak 47.73M) | Time:00:00.06 | Syncing layered rear shikoro neck guard
Fra:1 Mem:47.75M (Peak 47.75M) | Time:00:00.06 | Syncing left side helmet flange
Fra:1 Mem:47.76M (Peak 47.76M) | Time:00:00.06 | Syncing right side helmet flange
Fra:1 Mem:47.77M (Peak 47.77M) | Time:00:00.06 | Syncing golden maedate crescent crest
Fra:1 Mem:47.79M (Peak 47.84M) | Time:00:00.06 | Syncing crest central rivet
Fra:1 Mem:47.80M (Peak 47.84M) | Time:00:00.06 | Syncing left angular mempo cheek plate
Fra:1 Mem:47.82M (Peak 47.86M) | Time:00:00.06 | Syncing right angular mempo cheek plate
Fra:1 Mem:47.84M (Peak 47.86M) | Time:00:00.06 | Syncing mempo chin guard
Fra:1 Mem:47.86M (Peak 47.86M) | Time:00:00.06 | Syncing mempo nose ridge
Fra:1 Mem:47.87M (Peak 47.87M) | Time:00:00.06 | Syncing left narrow eye slit
Fra:1 Mem:47.89M (Peak 47.89M) | Time:00:00.06 | Syncing right narrow eye slit
Fra:1 Mem:47.90M (Peak 47.90M) | Time:00:00.07 | Syncing mempo grim mouth slit
Fra:1 Mem:47.91M (Peak 47.91M) | Time:00:00.07 | Syncing left mask moustache bristle
Fra:1 Mem:47.92M (Peak 47.92M) | Time:00:00.07 | Syncing right mask moustache bristle
Fra:1 Mem:47.93M (Peak 47.93M) | Time:00:00.07 | Syncing throat guard row 1 bevelled lamel
Fra:1 Mem:47.95M (Peak 47.95M) | Time:00:00.07 | Syncing throat guard row 1 bevelled lamel
Fra:1 Mem:47.97M (Peak 47.97M) | Time:00:00.07 | Syncing throat guard row 1 bevelled lamel
Fra:1 Mem:47.99M (Peak 47.99M) | Time:00:00.07 | Syncing throat guard row 1 bevelled lamel
Fra:1 Mem:48.01M (Peak 48.01M) | Time:00:00.07 | Syncing throat guard row 1 bevelled lamel
Fra:1 Mem:48.02M (Peak 48.02M) | Time:00:00.07 | Syncing throat guard row 2 bevelled lamel
Fra:1 Mem:48.04M (Peak 48.04M) | Time:00:00.07 | Syncing throat guard row 2 bevelled lamel
Fra:1 Mem:48.06M (Peak 48.06M) | Time:00:00.07 | Syncing throat guard row 2 bevelled lamel
Fra:1 Mem:48.08M (Peak 48.08M) | Time:00:00.07 | Syncing throat guard row 2 bevelled lamel
Fra:1 Mem:48.10M (Peak 48.10M) | Time:00:00.07 | Syncing throat guard row 2 bevelled lamel
Fra:1 Mem:48.12M (Peak 48.12M) | Time:00:00.07 | Syncing throat guard row 3 bevelled lamel
Fra:1 Mem:48.14M (Peak 48.14M) | Time:00:00.07 | Syncing throat guard row 3 bevelled lamel
Fra:1 Mem:48.16M (Peak 48.16M) | Time:00:00.07 | Syncing throat guard row 3 bevelled lamel
Fra:1 Mem:48.18M (Peak 48.18M) | Time:00:00.07 | Syncing throat guard row 3 bevelled lamel
Fra:1 Mem:48.20M (Peak 48.20M) | Time:00:00.07 | Syncing throat guard row 3 bevelled lamel
Fra:1 Mem:48.22M (Peak 48.22M) | Time:00:00.07 | Syncing upper do cuirass fitted shell
Fra:1 Mem:48.32M (Peak 48.32M) | Time:00:00.07 | Syncing lower do cuirass narrowed shell
Fra:1 Mem:48.40M (Peak 48.40M) | Time:00:00.07 | Syncing front cuirass row 1 bevelled lame
Fra:1 Mem:48.42M (Peak 48.42M) | Time:00:00.07 | Syncing front cuirass row 1 bevelled lame
Fra:1 Mem:48.44M (Peak 48.44M) | Time:00:00.07 | Syncing front cuirass row 1 bevelled lame
Fra:1 Mem:48.46M (Peak 48.46M) | Time:00:00.07 | Syncing front cuirass row 1 bevelled lame
Fra:1 Mem:48.48M (Peak 48.48M) | Time:00:00.07 | Syncing front cuirass row 1 bevelled lame
Fra:1 Mem:48.50M (Peak 48.50M) | Time:00:00.07 | Syncing front cuirass row 1 bevelled lame
Fra:1 Mem:48.52M (Peak 48.52M) | Time:00:00.07 | Syncing front cuirass row 1 bevelled lame
Fra:1 Mem:48.54M (Peak 48.54M) | Time:00:00.07 | Syncing front cuirass row 1 bevelled lame
Fra:1 Mem:48.56M (Peak 48.56M) | Time:00:00.07 | Syncing rear cuirass row 1 bevelled lamel
Fra:1 Mem:48.58M (Peak 48.58M) | Time:00:00.07 | Syncing rear cuirass row 1 bevelled lamel
Fra:1 Mem:48.60M (Peak 48.60M) | Time:00:00.07 | Syncing rear cuirass row 1 bevelled lamel
Fra:1 Mem:48.62M (Peak 48.62M) | Time:00:00.07 | Syncing rear cuirass row 1 bevelled lamel
Fra:1 Mem:48.63M (Peak 48.63M) | Time:00:00.07 | Syncing rear cuirass row 1 bevelled lamel
Fra:1 Mem:48.65M (Peak 48.65M) | Time:00:00.07 | Syncing rear cuirass row 1 bevelled lamel
Fra:1 Mem:48.67M (Peak 48.67M) | Time:00:00.07 | Syncing rear cuirass row 1 bevelled lamel
Fra:1 Mem:48.69M (Peak 48.69M) | Time:00:00.07 | Syncing rear cuirass row 1 bevelled lamel
Fra:1 Mem:48.71M (Peak 48.71M) | Time:00:00.07 | Syncing front cuirass row 2 bevelled lame
Fra:1 Mem:48.73M (Peak 48.73M) | Time:00:00.07 | Syncing front cuirass row 2 bevelled lame
Fra:1 Mem:48.75M (Peak 48.75M) | Time:00:00.07 | Syncing front cuirass row 2 bevelled lame
Fra:1 Mem:48.77M (Peak 48.77M) | Time:00:00.07 | Syncing front cuirass row 2 bevelled lame
Fra:1 Mem:48.79M (Peak 48.79M) | Time:00:00.07 | Syncing front cuirass row 2 bevelled lame
Fra:1 Mem:48.81M (Peak 48.81M) | Time:00:00.07 | Syncing front cuirass row 2 bevelled lame
Fra:1 Mem:48.83M (Peak 48.83M) | Time:00:00.07 | Syncing front cuirass row 2 bevelled lame
Fra:1 Mem:48.85M (Peak 48.85M) | Time:00:00.07 | Syncing front cuirass row 2 bevelled lame
Fra:1 Mem:48.87M (Peak 48.87M) | Time:00:00.07 | Syncing rear cuirass row 2 bevelled lamel
Fra:1 Mem:48.89M (Peak 48.89M) | Time:00:00.07 | Syncing rear cuirass row 2 bevelled lamel
Fra:1 Mem:48.91M (Peak 48.91M) | Time:00:00.07 | Syncing rear cuirass row 2 bevelled lamel
Fra:1 Mem:48.93M (Peak 48.93M) | Time:00:00.07 | Syncing rear cuirass row 2 bevelled lamel
Fra:1 Mem:48.95M (Peak 48.95M) | Time:00:00.07 | Syncing rear cuirass row 2 bevelled lamel
Fra:1 Mem:48.96M (Peak 48.96M) | Time:00:00.07 | Syncing rear cuirass row 2 bevelled lamel
Fra:1 Mem:48.98M (Peak 48.98M) | Time:00:00.07 | Syncing rear cuirass row 2 bevelled lamel
Fra:1 Mem:49.00M (Peak 49.00M) | Time:00:00.07 | Syncing rear cuirass row 2 bevelled lamel
Fra:1 Mem:49.02M (Peak 49.02M) | Time:00:00.07 | Syncing front cuirass row 3 bevelled lame
Fra:1 Mem:49.04M (Peak 49.04M) | Time:00:00.07 | Syncing front cuirass row 3 bevelled lame
Fra:1 Mem:49.06M (Peak 49.06M) | Time:00:00.07 | Syncing front cuirass row 3 bevelled lame
Fra:1 Mem:49.08M (Peak 49.08M) | Time:00:00.07 | Syncing front cuirass row 3 bevelled lame
Fra:1 Mem:49.10M (Peak 49.10M) | Time:00:00.07 | Syncing front cuirass row 3 bevelled lame
Fra:1 Mem:49.12M (Peak 49.12M) | Time:00:00.07 | Syncing front cuirass row 3 bevelled lame
Fra:1 Mem:49.14M (Peak 49.14M) | Time:00:00.07 | Syncing front cuirass row 3 bevelled lame
Fra:1 Mem:49.16M (Peak 49.16M) | Time:00:00.07 | Syncing front cuirass row 3 bevelled lame
Fra:1 Mem:49.18M (Peak 49.18M) | Time:00:00.07 | Syncing rear cuirass row 3 bevelled lamel
Fra:1 Mem:49.20M (Peak 49.20M) | Time:00:00.07 | Syncing rear cuirass row 3 bevelled lamel
Fra:1 Mem:49.22M (Peak 49.22M) | Time:00:00.07 | Syncing rear cuirass row 3 bevelled lamel
Fra:1 Mem:49.23M (Peak 49.23M) | Time:00:00.07 | Syncing rear cuirass row 3 bevelled lamel
Fra:1 Mem:49.25M (Peak 49.25M) | Time:00:00.07 | Syncing rear cuirass row 3 bevelled lamel
Fra:1 Mem:49.27M (Peak 49.27M) | Time:00:00.07 | Syncing rear cuirass row 3 bevelled lamel
Fra:1 Mem:49.29M (Peak 49.29M) | Time:00:00.07 | Syncing rear cuirass row 3 bevelled lamel
Fra:1 Mem:49.31M (Peak 49.31M) | Time:00:00.07 | Syncing rear cuirass row 3 bevelled lamel
Fra:1 Mem:49.33M (Peak 49.33M) | Time:00:00.07 | Syncing front cuirass row 4 bevelled lame
Fra:1 Mem:49.35M (Peak 49.35M) | Time:00:00.07 | Syncing front cuirass row 4 bevelled lame
Fra:1 Mem:49.37M (Peak 49.37M) | Time:00:00.07 | Syncing front cuirass row 4 bevelled lame
Fra:1 Mem:49.39M (Peak 49.39M) | Time:00:00.07 | Syncing front cuirass row 4 bevelled lame
Fra:1 Mem:49.41M (Peak 49.41M) | Time:00:00.07 | Syncing front cuirass row 4 bevelled lame
Fra:1 Mem:49.43M (Peak 49.43M) | Time:00:00.07 | Syncing front cuirass row 4 bevelled lame
Fra:1 Mem:49.45M (Peak 49.45M) | Time:00:00.07 | Syncing front cuirass row 4 bevelled lame
Fra:1 Mem:49.47M (Peak 49.47M) | Time:00:00.07 | Syncing front cuirass row 4 bevelled lame
Fra:1 Mem:49.49M (Peak 49.49M) | Time:00:00.07 | Syncing rear cuirass row 4 bevelled lamel
Fra:1 Mem:49.50M (Peak 49.50M) | Time:00:00.07 | Syncing rear cuirass row 4 bevelled lamel
Fra:1 Mem:49.52M (Peak 49.52M) | Time:00:00.07 | Syncing rear cuirass row 4 bevelled lamel
Fra:1 Mem:49.54M (Peak 49.54M) | Time:00:00.07 | Syncing rear cuirass row 4 bevelled lamel
Fra:1 Mem:49.56M (Peak 49.56M) | Time:00:00.07 | Syncing rear cuirass row 4 bevelled lamel
Fra:1 Mem:49.58M (Peak 49.58M) | Time:00:00.07 | Syncing rear cuirass row 4 bevelled lamel
Fra:1 Mem:49.60M (Peak 49.60M) | Time:00:00.07 | Syncing rear cuirass row 4 bevelled lamel
Fra:1 Mem:49.62M (Peak 49.62M) | Time:00:00.07 | Syncing rear cuirass row 4 bevelled lamel
Fra:1 Mem:49.64M (Peak 49.64M) | Time:00:00.07 | Syncing front cuirass row 5 bevelled lame
Fra:1 Mem:49.66M (Peak 49.66M) | Time:00:00.07 | Syncing front cuirass row 5 bevelled lame
Fra:1 Mem:49.68M (Peak 49.68M) | Time:00:00.07 | Syncing front cuirass row 5 bevelled lame
Fra:1 Mem:49.70M (Peak 49.70M) | Time:00:00.07 | Syncing front cuirass row 5 bevelled lame
Fra:1 Mem:49.72M (Peak 49.72M) | Time:00:00.07 | Syncing front cuirass row 5 bevelled lame
Fra:1 Mem:49.74M (Peak 49.74M) | Time:00:00.07 | Syncing front cuirass row 5 bevelled lame
Fra:1 Mem:49.76M (Peak 49.76M) | Time:00:00.07 | Syncing front cuirass row 5 bevelled lame
Fra:1 Mem:49.78M (Peak 49.78M) | Time:00:00.08 | Syncing front cuirass row 5 bevelled lame
Fra:1 Mem:49.79M (Peak 49.79M) | Time:00:00.08 | Syncing rear cuirass row 5 bevelled lamel
Fra:1 Mem:49.81M (Peak 49.81M) | Time:00:00.08 | Syncing rear cuirass row 5 bevelled lamel
Fra:1 Mem:49.83M (Peak 49.83M) | Time:00:00.08 | Syncing rear cuirass row 5 bevelled lamel
Fra:1 Mem:49.85M (Peak 49.85M) | Time:00:00.08 | Syncing rear cuirass row 5 bevelled lamel
Fra:1 Mem:49.87M (Peak 49.87M) | Time:00:00.08 | Syncing rear cuirass row 5 bevelled lamel
Fra:1 Mem:49.89M (Peak 49.89M) | Time:00:00.08 | Syncing rear cuirass row 5 bevelled lamel
Fra:1 Mem:49.91M (Peak 49.91M) | Time:00:00.08 | Syncing rear cuirass row 5 bevelled lamel
Fra:1 Mem:49.93M (Peak 49.93M) | Time:00:00.08 | Syncing rear cuirass row 5 bevelled lamel
Fra:1 Mem:49.95M (Peak 49.95M) | Time:00:00.08 | Syncing left side cuirass plate 1
Fra:1 Mem:49.96M (Peak 49.96M) | Time:00:00.08 | Syncing left side cuirass plate 2
Fra:1 Mem:49.98M (Peak 49.98M) | Time:00:00.08 | Syncing left side cuirass plate 3
Fra:1 Mem:49.99M (Peak 49.99M) | Time:00:00.08 | Syncing right side cuirass plate 1
Fra:1 Mem:50.00M (Peak 50.00M) | Time:00:00.08 | Syncing right side cuirass plate 2
Fra:1 Mem:50.02M (Peak 50.02M) | Time:00:00.08 | Syncing right side cuirass plate 3
Fra:1 Mem:50.03M (Peak 50.03M) | Time:00:00.08 | Syncing left shoulder undercloth
Fra:1 Mem:50.09M (Peak 50.09M) | Time:00:00.08 | Syncing left hanging sode shoulder plate 
Fra:1 Mem:50.11M (Peak 50.11M) | Time:00:00.08 | Syncing left hanging sode shoulder plate 
Fra:1 Mem:50.13M (Peak 50.13M) | Time:00:00.08 | Syncing left hanging sode shoulder plate 
Fra:1 Mem:50.15M (Peak 50.15M) | Time:00:00.08 | Syncing left hanging sode shoulder plate 
Fra:1 Mem:50.17M (Peak 50.17M) | Time:00:00.08 | Syncing left armored upper arm
Fra:1 Mem:50.22M (Peak 50.22M) | Time:00:00.08 | Syncing left sode shoulder armor
Fra:1 Mem:50.27M (Peak 50.27M) | Time:00:00.08 | Syncing left kote forearm guard
Fra:1 Mem:50.32M (Peak 50.32M) | Time:00:00.08 | Syncing left leather palm volume
Fra:1 Mem:50.36M (Peak 50.38M) | Time:00:00.08 | Syncing left articulated index finger
Fra:1 Mem:50.37M (Peak 50.38M) | Time:00:00.08 | Syncing left index fingertip
Fra:1 Mem:50.38M (Peak 50.38M) | Time:00:00.08 | Syncing left articulated middle finger
Fra:1 Mem:50.39M (Peak 50.39M) | Time:00:00.08 | Syncing left middle fingertip
Fra:1 Mem:50.40M (Peak 50.40M) | Time:00:00.08 | Syncing left articulated ring finger
Fra:1 Mem:50.41M (Peak 50.41M) | Time:00:00.08 | Syncing left ring fingertip
Fra:1 Mem:50.42M (Peak 50.42M) | Time:00:00.08 | Syncing left articulated pinky finger
Fra:1 Mem:50.43M (Peak 50.43M) | Time:00:00.08 | Syncing left pinky fingertip
Fra:1 Mem:50.44M (Peak 50.44M) | Time:00:00.08 | Syncing left opposed thumb
Fra:1 Mem:50.45M (Peak 50.45M) | Time:00:00.08 | Syncing left thumb fingertip
Fra:1 Mem:50.47M (Peak 50.47M) | Time:00:00.08 | Syncing right shoulder undercloth
Fra:1 Mem:50.52M (Peak 50.52M) | Time:00:00.08 | Syncing right hanging sode shoulder plate
Fra:1 Mem:50.54M (Peak 50.54M) | Time:00:00.08 | Syncing right hanging sode shoulder plate
Fra:1 Mem:50.56M (Peak 50.56M) | Time:00:00.08 | Syncing right hanging sode shoulder plate
Fra:1 Mem:50.58M (Peak 50.58M) | Time:00:00.08 | Syncing right hanging sode shoulder plate
Fra:1 Mem:50.60M (Peak 50.60M) | Time:00:00.08 | Syncing right armored upper arm
Fra:1 Mem:50.66M (Peak 50.66M) | Time:00:00.08 | Syncing right sode shoulder armor
Fra:1 Mem:50.70M (Peak 50.70M) | Time:00:00.08 | Syncing right kote forearm guard
Fra:1 Mem:50.75M (Peak 50.75M) | Time:00:00.08 | Syncing right leather palm volume
Fra:1 Mem:50.79M (Peak 50.79M) | Time:00:00.08 | Syncing right articulated index finger
Fra:1 Mem:50.80M (Peak 50.80M) | Time:00:00.08 | Syncing right index fingertip
Fra:1 Mem:50.81M (Peak 50.81M) | Time:00:00.08 | Syncing right articulated middle finger
Fra:1 Mem:50.82M (Peak 50.82M) | Time:00:00.08 | Syncing right middle fingertip
Fra:1 Mem:50.83M (Peak 50.83M) | Time:00:00.08 | Syncing right articulated ring finger
Fra:1 Mem:50.84M (Peak 50.84M) | Time:00:00.08 | Syncing right ring fingertip
Fra:1 Mem:50.85M (Peak 50.85M) | Time:00:00.08 | Syncing right articulated pinky finger
Fra:1 Mem:50.86M (Peak 50.86M) | Time:00:00.08 | Syncing right pinky fingertip
Fra:1 Mem:50.87M (Peak 50.87M) | Time:00:00.08 | Syncing right opposed thumb
Fra:1 Mem:50.88M (Peak 50.88M) | Time:00:00.08 | Syncing right thumb fingertip
Fra:1 Mem:50.90M (Peak 50.90M) | Time:00:00.08 | Syncing kusazuri skirt plate -1 row 1
Fra:1 Mem:50.91M (Peak 50.91M) | Time:00:00.08 | Syncing rear kusazuri skirt plate -1 row 
Fra:1 Mem:50.93M (Peak 50.93M) | Time:00:00.08 | Syncing kusazuri skirt plate -1 row 2
Fra:1 Mem:50.94M (Peak 50.94M) | Time:00:00.08 | Syncing rear kusazuri skirt plate -1 row 
Fra:1 Mem:50.96M (Peak 50.96M) | Time:00:00.08 | Syncing kusazuri skirt plate -1 row 3
Fra:1 Mem:50.97M (Peak 50.97M) | Time:00:00.08 | Syncing rear kusazuri skirt plate -1 row 
Fra:1 Mem:50.98M (Peak 50.98M) | Time:00:00.08 | Syncing kusazuri skirt plate +0 row 1
Fra:1 Mem:51.00M (Peak 51.00M) | Time:00:00.08 | Syncing rear kusazuri skirt plate +0 row 
Fra:1 Mem:51.01M (Peak 51.01M) | Time:00:00.08 | Syncing kusazuri skirt plate +0 row 2
Fra:1 Mem:51.03M (Peak 51.03M) | Time:00:00.08 | Syncing rear kusazuri skirt plate +0 row 
Fra:1 Mem:51.04M (Peak 51.04M) | Time:00:00.08 | Syncing kusazuri skirt plate +0 row 3
Fra:1 Mem:51.05M (Peak 51.05M) | Time:00:00.08 | Syncing rear kusazuri skirt plate +0 row 
Fra:1 Mem:51.07M (Peak 51.07M) | Time:00:00.08 | Syncing kusazuri skirt plate +1 row 1
Fra:1 Mem:51.08M (Peak 51.08M) | Time:00:00.08 | Syncing rear kusazuri skirt plate +1 row 
Fra:1 Mem:51.10M (Peak 51.10M) | Time:00:00.08 | Syncing kusazuri skirt plate +1 row 2
Fra:1 Mem:51.11M (Peak 51.11M) | Time:00:00.08 | Syncing rear kusazuri skirt plate +1 row 
Fra:1 Mem:51.12M (Peak 51.12M) | Time:00:00.08 | Syncing kusazuri skirt plate +1 row 3
Fra:1 Mem:51.14M (Peak 51.14M) | Time:00:00.08 | Syncing rear kusazuri skirt plate +1 row 
Fra:1 Mem:51.15M (Peak 51.15M) | Time:00:00.08 | Syncing left hakama trouser leg
Fra:1 Mem:51.21M (Peak 51.21M) | Time:00:00.08 | Syncing left shin greave
Fra:1 Mem:51.26M (Peak 51.26M) | Time:00:00.08 | Syncing left split-toe tabi foot volume
Fra:1 Mem:51.31M (Peak 51.31M) | Time:00:00.09 | Syncing left separated big toe
Fra:1 Mem:51.33M (Peak 51.33M) | Time:00:00.09 | Syncing left outer toe group
Fra:1 Mem:51.35M (Peak 51.35M) | Time:00:00.09 | Syncing left woven waraji sole grounded
Fra:1 Mem:51.36M (Peak 51.36M) | Time:00:00.09 | Syncing left sandal toe strap
Fra:1 Mem:51.37M (Peak 51.42M) | Time:00:00.09 | Syncing left heel strap
Fra:1 Mem:51.37M (Peak 51.42M) | Time:00:00.09 | Syncing left hakama pleat 1
Fra:1 Mem:51.38M (Peak 51.42M) | Time:00:00.09 | Syncing left hakama pleat 2
Fra:1 Mem:51.38M (Peak 51.42M) | Time:00:00.09 | Syncing left hakama pleat 3
Fra:1 Mem:51.39M (Peak 51.42M) | Time:00:00.09 | Syncing right hakama trouser leg
Fra:1 Mem:51.48M (Peak 51.48M) | Time:00:00.09 | Syncing right shin greave
Fra:1 Mem:51.54M (Peak 51.54M) | Time:00:00.09 | Syncing right split-toe tabi foot volume
Fra:1 Mem:51.58M (Peak 51.58M) | Time:00:00.09 | Syncing right separated big toe
Fra:1 Mem:51.60M (Peak 51.60M) | Time:00:00.09 | Syncing right outer toe group
Fra:1 Mem:51.62M (Peak 51.62M) | Time:00:00.09 | Syncing right woven waraji sole grounded
Fra:1 Mem:51.63M (Peak 51.63M) | Time:00:00.09 | Syncing right sandal toe strap
Fra:1 Mem:51.64M (Peak 51.64M) | Time:00:00.09 | Syncing right heel strap
Fra:1 Mem:51.64M (Peak 51.64M) | Time:00:00.09 | Syncing right hakama pleat 1
Fra:1 Mem:51.65M (Peak 51.65M) | Time:00:00.09 | Syncing right hakama pleat 2
Fra:1 Mem:51.66M (Peak 51.66M) | Time:00:00.09 | Syncing right hakama pleat 3
Fra:1 Mem:51.66M (Peak 51.66M) | Time:00:00.09 | Syncing drawn katana blade spine
Fra:1 Mem:51.67M (Peak 51.73M) | Time:00:00.09 | Syncing bright sharpened katana edge
Fra:1 Mem:51.68M (Peak 51.73M) | Time:00:00.09 | Syncing wrapped katana grip
Fra:1 Mem:51.69M (Peak 51.73M) | Time:00:00.09 | Syncing square tsuba guard
Fra:1 Mem:51.70M (Peak 51.73M) | Time:00:00.09 | Syncing lacquered saya scabbard at left h
Fra:1 Mem:51.71M (Peak 51.73M) | Time:00:00.09 | Syncing waist sash tying armor
Fra:1 Mem:51.71M (Peak 51.73M) | Time:00:00.09 | Syncing bamboo sashimono back pole
Fra:1 Mem:51.72M (Peak 51.73M) | Time:00:00.09 | Syncing small lacquered sashimono crossba
Fra:1 Mem:51.74M (Peak 51.74M) | Time:00:00.09 | Syncing cloth sashimono banner panel
Fra:1 Mem:51.75M (Peak 51.80M) | Time:00:00.09 | Syncing simple round clan mon on banner
Fra:1 Mem:51.79M (Peak 51.80M) | Time:00:00.09 | Syncing cool key
Fra:1 Mem:51.79M (Peak 51.80M) | Time:00:00.09 | Syncing rim
Fra:1 Mem:51.79M (Peak 51.80M) | Time:00:00.09 | Syncing hero cam
Fra:1 Mem:51.79M (Peak 51.80M) | Time:00:00.09 | Syncing samurai_v2_provenance
Fra:1 Mem:51.83M (Peak 51.92M) | Time:00:00.09 | Rendering 1 / 32 samples
Fra:1 Mem:49.42M (Peak 51.92M) | Time:00:03.54 | Rendering 26 / 32 samples
Fra:1 Mem:49.42M (Peak 51.92M) | Time:00:04.16 | Rendering 32 / 32 samples
Saved: '/tmp/factoryx-v22-render/samurai-repaired-full-20-v22/uesugi-01/samurai_character_top.png'
 Time: 00:04.32 (Saving: 00:00.04)

ERROR (bke.modifier): ./source/blender/blenkernel/intern/modifier.cc:458 BKE_modifier_set_error: Object: "layered rear shikoro neck guard", Modifier: "weighted normals", Enable 'Auto Smooth' in Object Data Properties
ERROR (bke.modifier): ./source/blender/blenkernel/intern/modifier.cc:458 BKE_modifier_set_error: Object: "wide kabuto brim", Modifier: "weighted normals", Enable 'Auto Smooth' in Object Data Properties
ERROR (bke.modifier): ./source/blender/blenkernel/intern/modifier.cc:458 BKE_modifier_set_error: Object: "segmented kabuto helmet bowl", Modifier: "weighted normals", Enable 'Auto Smooth' in Object Data Properties
ERROR (bke.modifier): ./source/blender/blenkernel/intern/modifier.cc:458 BKE_modifier_set_error: Object: "crest central rivet", Modifier: "weighted normals", Enable 'Auto Smooth' in Object Data Properties
ERROR (bke.modifier): ./source/blender/blenkernel/intern/modifier.cc:458 BKE_modifier_set_error: Object: "neck guard collar", Modifier: "weighted normals", Enable 'Auto Smooth' in Object Data Properties
ERROR (bke.modifier): ./source/blender/blenkernel/intern/modifier.cc:458 BKE_modifier_set_error: Object: "thin exposed neck", Modifier: "weighted normals", Enable 'Auto Smooth' in Object Data Properties
ERROR (bke.modifier): ./source/blender/blenkernel/intern/modifier.cc:458 BKE_modifier_set_error: Object: "visible human head behind mempo", Modifier: "weighted normals", Enable 'Auto Smooth' in Object Data Properties
ERROR (bke.modifier): ./source/blender/blenkernel/intern/modifier.cc:458 BKE_modifier_set_error: Object: "left side helmet flange", Modifier: "weighted normals", Enable 'Auto Smooth' in Object Data Properties
ERROR (bke.modifier): ./source/blender/blenkernel/intern/modifier.cc:458 BKE_modifier_set_error: Object: "narrow waist under-kimono volume", Modifier: "weighted normals", Enable 'Auto Smooth' in Object Data Properties
ERROR (bke.modifier): ./source/blender/blenkernel/intern/modifier.cc:458 BKE_modifier_set_error: Object: "ribcage under-kimono volume", Modifier: "weighted normals", Enable 'Auto Smooth' in Object Data Properties
ERROR (bke.modifier): ./source/blender/blenkernel/intern/modifier.cc:458 BKE_modifier_set_error: Object: "mempo nose ridge", Modifier: "weighted normals", Enable 'Auto Smooth' in Object Data Properties
ERROR (bke.modifier): ./source/blender/blenkernel/intern/modifier.cc:458 BKE_modifier_set_error: Object: "left angular mempo cheek plate", Modifier: "weighted normals", Enable 'Auto Smooth' in Object Data Properties
ERROR (bke.modifier): ./source/blender/blenkernel/intern/modifier.cc:458 BKE_modifier_set_error: Object: "right side helmet flange", Modifier: "weighted normals", Enable 'Auto Smooth' in Object Data Properties
ERROR (bke.modifier): ./source/blender/blenkernel/intern/modifier.cc:458 BKE_modifier_set_error: Object: "left narrow eye slit", Modifier: "weighted normals", Enable 'Auto Smooth' in Object Data Properties
ERROR (bke.modifier): ./source/blender/blenkernel/intern/modifier.cc:458 BKE_modifier_set_error: Object: "right narrow eye slit", Modifier: "weighted normals", Enable 'Auto Smooth' in Object Data Properties
ERROR (bke.modifier): ./source/blender/blenkernel/intern/modifier.cc:458 BKE_modifier_set_error: Object: "mempo grim mouth slit", Modifier: "weighted normals", Enable 'Auto Smooth' in Object Data Properties
ERROR (bke.modifier): ./source/blender/blenkernel/intern/modifier.cc:458 BKE_modifier_set_error: Object: "throat guard row 1 bevelled lamellar plate 01", Modifier: "weighted normals", Enable 'Auto Smooth' in Object Data Properties
ERROR (bke.modifier): ./source/blender/blenkernel/intern/modifier.cc:458 BKE_modifier_set_error: Object: "right angular mempo cheek plate", Modifier: "weighted normals", Enable 'Auto Smooth' in Object Data Properties
ERROR (bke.modifier): ./source/blender/blenkernel/intern/modifier.cc:458 BKE_modifier_set_error: Object: "mempo chin guard", Modifier: "weighted normals", Enable 'Auto Smooth' in Object Data Properties
ERROR (bke.modifier): ./source/blender/blenkernel/intern/modifier.cc:458 BKE_modifier_set_error: Object: "throat guard row 1 bevelled lamellar plate 03", Modifier: "weighted normals", Enable 'Auto Smooth' in Object Data Properties
ERROR (bke.modifier): ./source/blender/blenkernel/intern/modifier.cc:458 BKE_modifier_set_error: Object: "matte charcoal inspection plinth", Modifier: "weighted normals", Enable 'Auto Smooth' in Object Data Properties
ERROR (bke.modifier): ./source/blender/blenkernel/intern/modifier.cc:458 BKE_modifier_set_error: Object: "upper do cuirass fitted shell", Modifier: "weighted normals", Enable 'Auto Smooth' in Object Data Properties
ERROR (bke.modifier): ./source/blender/blenkernel/intern/modifier.cc:458 BKE_modifier_set_error: Object: "lower do cuirass narrowed shell", Modifier: "weighted normals", Enable 'Auto Smooth' in Object Data Properties
ERROR (bke.modifier): ./source/blender/blenkernel/intern/modifier.cc:458 BKE_modifier_set_error: Object: "throat guard row 1 bevelled lamellar plate 04", Modifier: "weighted normals", Enable 'Auto Smooth' in Object Data Properties
ERROR (bke.modifier): ./source/blender/blenkernel/intern/modifier.cc:458 BKE_modifier_set_error: Object: "simple round clan mon on banner", Modifier: "weighted normals", Enable 'Auto Smooth' in Object Data Properties
ERROR (bke.modifier): ./source/blender/blenkernel/intern/modifier.cc:458 BKE_modifier_set_error: Object: "throat guard row 2 bevelled lamellar plate 03", Modifier: "weighted normals", Enable 'Auto Smooth' in Object Data Properties
ERROR (bke.modifier): ./source/blender/blenkernel/intern/modifier.cc:458 BKE_modifier_set_error: Object: "throat guard row 1 bevelled lamellar plate 05", Modifier: "weighted normals", Enable 'Auto Smooth' in Object Data Properties
ERROR (bke.modifier): ./source/blender/blenkernel/intern/modifier.cc:458 BKE_modifier_set_error: Object: "throat guard row 1 bevelled lamellar plate 02", Modifier: "weighted normals", Enable 'Auto Smooth' in Object Data Properties
ERROR (bke.modifier): ./source/blender/blenkernel/intern/modifier.cc:458 BKE_modifier_set_error: Object: "throat guard row 3 bevelled lamellar plate 01", Modifier: "weighted normals", Enable 'Auto Smooth' in Object Data Properties
ERROR (bke.modifier): ./source/blender/blenkernel/intern/modifier.cc:458 BKE_modifier_set_error: Object: "throat guard row 2 bevelled lamellar plate 05", Modifier: "weighted normals", Enable 'Auto Smooth' in Object Data Properties
ERROR (bke.modifier): ./source/blender/blenkernel/intern/modifier.cc:458 BKE_modifier_set_error: Object: "throat guard row 3 bevelled lamellar plate 02", Modifier: "weighted normals", Enable 'Auto Smooth' in Object Data Properties
ERROR (bke.modifier): ./source/blender/blenkernel/intern/modifier.cc:458 BKE_modifier_set_error: Object: "throat guard row 2 bevelled lamellar plate 01", Modifier: "weighted normals", Enable 'Auto Smooth' in Object Data Properties
ERROR (bke.modifier): ./source/blender/blenkernel/intern/modifier.cc:458 BKE_modifier_set_error: Object: "throat guard row 2 bevelled lamellar plate 04", Modifier: "weighted normals", Enable 'Auto Smooth' in Object Data Properties
ERROR (bke.modifier): ./source/blender/blenkernel/intern/modifier.cc:458 BKE_modifier_set_error: Object: "throat guard row 2 bevelled lamellar plate 02", Modifier: "weighted normals", Enable 'Auto Smooth' in Object Data Properties
ERROR (bke.modifier): ./source/blender/blenkernel/intern/modifier.cc:458 BKE_modifier_set_error: Object: "throat guard row 3 bevelled lamellar plate 03", Modifier: "weighted normals", Enable 'Auto Smooth' in Object Data Properties
ERROR (bke.modifier): ./source/blender/blenkernel/intern/modifier.cc:458 BKE_modifier_set_error: Object: "throat guard row 3 bevelled lamellar plate 04", Modifier: "weighted normals", Enable 'Auto Smooth' in Object Data Properties
ERROR (bke.modifier): ./source/blender/blenkernel/intern/modifier.cc:458 BKE_modifier_set_error: Object: "front cuirass row 1 bevelled lamellar plate 01", Modifier: "weighted normals", Enable 'Auto Smooth' in Object Data Properties
ERROR (bke.modifier): ./source/blender/blenkernel/intern/modifier.cc:458 BKE_modifier_set_error: Object: "cloth sashimono banner panel", Modifier: "weighted normals", Enable 'Auto Smooth' in Object Data Properties
ERROR (bke.modifier): ./source/blender/blenkernel/intern/modifier.cc:458 BKE_modifier_set_error: Object: "front cuirass row 1 bevelled lamellar plate 06", Modifier: "weighted normals", Enable 'Auto Smooth' in Object Data Properties
ERROR (bke.modifier): ./source/blender/blenkernel/intern/modifier.cc:458 BKE_modifier_set_error: Object: "throat guard row 3 bevelled lamellar plate 05", Modifier: "weighted normals", Enable 'Auto Smooth' in Object Data Properties
ERROR (bke.modifier): ./source/blender/blenkernel/intern/modifier.cc:458 BKE_modifier_set_error: Object: "front cuirass row 1 bevelled lamellar plate 03", Modifier: "weighted normals", Enable 'Auto Smooth' in Object Data Properties
ERROR (bke.modifier): ./source/blender/blenkernel/intern/modifier.cc:458 BKE_modifier_set_error: Object: "front cuirass row 1 bevelled lamellar plate 02", Modifier: "weighted normals", Enable 'Auto Smooth' in Object Data Properties
ERROR (bke.modifier): ./source/blender/blenkernel/intern/modifier.cc:458 BKE_modifier_set_error: Object: "front cuirass row 1 bevelled lamellar plate 05", Modifier: "weighted normals", Enable 'Auto Smooth' in Object Data Properties
ERROR (bke.modifier): ./source/blender/blenkernel/intern/modifier.cc:458 BKE_modifier_set_error: Object: "front cuirass row 1 bevelled lamellar plate 07", Modifier: "weighted normals", Enable 'Auto Smooth' in Object Data Properties
ERROR (bke.modifier): ./source/blender/blenkernel/intern/modifier.cc:458 BKE_modifier_set_error: Object: "rear cuirass row 1 bevelled lamellar plate 02", Modifier: "weighted normals", Enable 'Auto Smooth' in Object Data Properties
ERROR (bke.modifier): ./source/blender/blenkernel/intern/modifier.cc:458 BKE_modifier_set_error: Object: "front cuirass row 1 bevelled lamellar plate 08", Modifier: "weighted normals", Enable 'Auto Smooth' in Object Data Properties
ERROR (bke.modifier): ./source/blender/blenkernel/intern/modifier.cc:458 BKE_modifier_set_error: Object: "front cuirass row 1 bevelled lamellar plate 04", Modifier: "weighted normals", Enable 'Auto Smooth' in Object Data Properties
ERROR (bke.modifier): ./source/blender/blenkernel/intern/modifier.cc:458 BKE_modifier_set_error: Object: "rear cuirass row 1 bevelled lamellar plate 05", Modifier: "weighted normals", Enable 'Auto Smooth' in Object Data Properties
ERROR (bke.modifier): ./source/blender/blenkernel/intern/modifier.cc:458 BKE_modifier_set_error: Object: "rear cuirass row 1 bevelled lamellar plate 06", Modifier: "weighted normals", Enable 'Auto Smooth' in Object Data Properties
ERROR (bke.modifier): ./source/blender/blenkernel/intern/modifier.cc:458 BKE_modifier_set_error: Object: "rear cuirass row 1 bevelled lamellar plate 04", Modifier: "weighted normals", Enable 'Auto Smooth' in Object Data Properties
ERROR (bke.modifier): ./source/blender/blenkernel/intern/modifier.cc:458 BKE_modifier_set_error: Object: "rear cuirass row 1 bevelled lamellar plate 03", Modifier: "weighted normals", Enable 'Auto Smooth' in Object Data Properties
ERROR (bke.modifier): ./source/blender/blenkernel/intern/modifier.cc:458 BKE_modifier_set_error: Object: "rear cuirass row 1 bevelled lamellar plate 01", Modifier: "weighted normals", Enable 'Auto Smooth' in Object Data Properties
ERROR (bke.modifier): ./source/blender/blenkernel/intern/modifier.cc:458 BKE_modifier_set_error: Object: "rear cuirass row 1 bevelled lamellar plate 08", Modifier: "weighted normals", Enable 'Auto Smooth' in Object Data Properties
ERROR (bke.modifier): ./source/blender/blenkernel/intern/modifier.cc:458 BKE_modifier_set_error: Object: "rear cuirass row 1 bevelled lamellar plate 07", Modifier: "weighted normals", Enable 'Auto Smooth' in Object Data Properties
ERROR (bke.modifier): ./source/blender/blenkernel/intern/modifier.cc:458 BKE_modifier_set_error: Object: "small lacquered sashimono crossbar", Modifier: "weighted normals", Enable 'Auto Smooth' in Object Data Properties
ERROR (bke.modifier): ./source/blender/blenkernel/intern/modifier.cc:458 BKE_modifier_set_error: Object: "front cuirass row 2 bevelled lamellar plate 01", Modifier: "weighted normals", Enable 'Auto Smooth' in Object Data Properties
ERROR (bke.modifier): ./source/blender/blenkernel/intern/modifier.cc:458 BKE_modifier_set_error: Object: "front cuirass row 2 bevelled lamellar plate 02", Modifier: "weighted normals", Enable 'Auto Smooth' in Object Data Properties
ERROR (bke.modifier): ./source/blender/blenkernel/intern/modifier.cc:458 BKE_modifier_set_error: Object: "front cuirass row 2 bevelled lamellar plate 04", Modifier: "weighted normals", Enable 'Auto Smooth' in Object Data Properties
ERROR (bke.modifier): ./source/blender/blenkernel/intern/modifier.cc:458 BKE_modifier_set_error: Object: "front cuirass row 2 bevelled lamellar plate 03", Modifier: "weighted normals", Enable 'Auto Smooth' in Object Data Properties
ERROR (bke.modifier): ./source/blender/blenkernel/intern/modifier.cc:458 BKE_modifier_set_error: Object: "rear cuirass row 2 bevelled lamellar plate 06", Modifier: "weighted normals", Enable 'Auto Smooth' in Object Data Properties
ERROR (bke.modifier): ./source/blender/blenkernel/intern/modifier.cc:458 BKE_modifier_set_error: Object: "front cuirass row 2 bevelled lamellar plate 07", Modifier: "weighted normals", Enable 'Auto Smooth' in Object Data Properties
ERROR (bke.modifier): ./source/blender/blenkernel/intern/modifier.cc:458 BKE_modifier_set_error: Object: "front cuirass row 2 bevelled lamellar plate 05", Modifier: "weighted normals", Enable 'Auto Smooth' in Object Data Properties
ERROR (bke.modifier): ./source/blender/blenkernel/intern/modifier.cc:458 BKE_modifier_set_error: Object: "front cuirass row 2 bevelled lamellar plate 06", Modifier: "weighted normals", Enable 'Auto Smooth' in Object Data Properties
ERROR (bke.modifier): ./source/blender/blenkernel/intern/modifier.cc:458 BKE_modifier_set_error: Object: "rear cuirass row 2 bevelled lamellar plate 03", Modifier: "weighted normals", Enable 'Auto Smooth' in Object Data Properties
ERROR (bke.modifier): ./source/blender/blenkernel/intern/modifier.cc:458 BKE_modifier_set_error: Object: "front cuirass row 2 bevelled lamellar plate 08", Modifier: "weighted normals", Enable 'Auto Smooth' in Object Data Properties
ERROR (bke.modifier): ./source/blender/blenkernel/intern/modifier.cc:458 BKE_modifier_set_error: Object: "rear cuirass row 2 bevelled lamellar plate 05", Modifier: "weighted normals", Enable 'Auto Smooth' in Object Data Properties
ERROR (bke.modifier): ./source/blender/blenkernel/intern/modifier.cc:458 BKE_modifier_set_error: Object: "rear cuirass row 2 bevelled lamellar plate 07", Modifier: "weighted normals", Enable 'Auto Smooth' in Object Data Properties
ERROR (bke.modifier): ./source/blender/blenkernel/intern/modifier.cc:458 BKE_modifier_set_error: Object: "rear cuirass row 2 bevelled lamellar plate 01", Modifier: "weighted normals", Enable 'Auto Smooth' in Object Data Properties
ERROR (bke.modifier): ./source/blender/blenkernel/intern/modifier.cc:458 BKE_modifier_set_error: Object: "rear cuirass row 2 bevelled lamellar plate 02", Modifier: "weighted normals", Enable 'Auto Smooth' in Object Data Properties
ERROR (bke.modifier): ./source/blender/blenkernel/intern/modifier.cc:458 BKE_modifier_set_error: Object: "rear cuirass row 2 bevelled lamellar plate 04", Modifier: "weighted normals", Enable 'Auto Smooth' in Object Data Properties
ERROR (bke.modifier): ./source/blender/blenkernel/intern/modifier.cc:458 BKE_modifier_set_error: Object: "rear cuirass row 2 bevelled lamellar plate 08", Modifier: "weighted normals", Enable 'Auto Smooth' in Object Data Properties
ERROR (bke.modifier): ./source/blender/blenkernel/intern/modifier.cc:458 BKE_modifier_set_error: Object: "square tsuba guard", Modifier: "weighted normals", Enable 'Auto Smooth' in Object Data Properties
ERROR (bke.modifier): ./source/blender/blenkernel/intern/modifier.cc:458 BKE_modifier_set_error: Object: "front cuirass row 3 bevelled lamellar plate 01", Modifier: "weighted normals", Enable 'Auto Smooth' in Object Data Properties
ERROR (bke.modifier): ./source/blender/blenkernel/intern/modifier.cc:458 BKE_modifier_set_error: Object: "front cuirass row 3 bevelled lamellar plate 02", Modifier: "weighted normals", Enable 'Auto Smooth' in Object Data Properties
ERROR (bke.modifier): ./source/blender/blenkernel/intern/modifier.cc:458 BKE_modifier_set_error: Object: "wrapped katana grip", Modifier: "weighted normals", Enable 'Auto Smooth' in Object Data Properties
ERROR (bke.modifier): ./source/blender/blenkernel/intern/modifier.cc:458 BKE_modifier_set_error: Object: "front cuirass row 3 bevelled lamellar plate 07", Modifier: "weighted normals", Enable 'Auto Smooth' in Object Data Properties
ERROR (bke.modifier): ./source/blender/blenkernel/intern/modifier.cc:458 BKE_modifier_set_error: Object: "front cuirass row 3 bevelled lamellar plate 04", Modifier: "weighted normals", Enable 'Auto Smooth' in Object Data Properties
ERROR (bke.modifier): ./source/blender/blenkernel/intern/modifier.cc:458 BKE_modifier_set_error: Object: "rear cuirass row 3 bevelled lamellar plate 02", Modifier: "weighted normals", Enable 'Auto Smooth' in Object Data Properties
ERROR (bke.modifier): ./source/blender/blenkernel/intern/modifier.cc:458 BKE_modifier_set_error: Object: "rear cuirass row 3 bevelled lamellar plate 01", Modifier: "weighted normals", Enable 'Auto Smooth' in Object Data Properties
ERROR (bke.modifier): ./source/blender/blenkernel/intern/modifier.cc:458 BKE_modifier_set_error: Object: "front cuirass row 3 bevelled lamellar plate 08", Modifier: "weighted normals", Enable 'Auto Smooth' in Object Data Properties
ERROR (bke.modifier): ./source/blender/blenkernel/intern/modifier.cc:458 BKE_modifier_set_error: Object: "front cuirass row 3 bevelled lamellar plate 05", Modifier: "weighted normals", Enable 'Auto Smooth' in Object Data Properties
ERROR (bke.modifier): ./source/blender/blenkernel/intern/modifier.cc:458 BKE_modifier_set_error: Object: "front cuirass row 3 bevelled lamellar plate 06", Modifier: "weighted normals", Enable 'Auto Smooth' in Object Data Properties
ERROR (bke.modifier): ./source/blender/blenkernel/intern/modifier.cc:458 BKE_modifier_set_error: Object: "front cuirass row 3 bevelled lamellar plate 03", Modifier: "weighted normals", Enable 'Auto Smooth' in Object Data Properties
ERROR (bke.modifier): ./source/blender/blenkernel/intern/modifier.cc:458 BKE_modifier_set_error: Object: "rear cuirass row 3 bevelled lamellar plate 03", Modifier: "weighted normals", Enable 'Auto Smooth' in Object Data Properties
ERROR (bke.modifier): ./source/blender/blenkernel/intern/modifier.cc:458 BKE_modifier_set_error: Object: "rear cuirass row 3 bevelled lamellar plate 04", Modifier: "weighted normals", Enable 'Auto Smooth' in Object Data Properties
ERROR (bke.modifier): ./source/blender/blenkernel/intern/modifier.cc:458 BKE_modifier_set_error: Object: "rear cuirass row 3 bevelled lamellar plate 05", Modifier: "weighted normals", Enable 'Auto Smooth' in Object Data Properties
ERROR (bke.modifier): ./source/blender/blenkernel/intern/modifier.cc:458 BKE_modifier_set_error: Object: "rear cuirass row 3 bevelled lamellar plate 07", Modifier: "weighted normals", Enable 'Auto Smooth' in Object Data Properties
ERROR (bke.modifier): ./source/blender/blenkernel/intern/modifier.cc:458 BKE_modifier_set_error: Object: "rear cuirass row 3 bevelled lamellar plate 06", Modifier: "weighted normals", Enable 'Auto Smooth' in Object Data Properties
ERROR (bke.modifier): ./source/blender/blenkernel/intern/modifier.cc:458 BKE_modifier_set_error: Object: "front cuirass row 4 bevelled lamellar plate 01", Modifier: "weighted normals", Enable 'Auto Smooth' in Object Data Properties
ERROR (bke.modifier): ./source/blender/blenkernel/intern/modifier.cc:458 BKE_modifier_set_error: Object: "front cuirass row 4 bevelled lamellar plate 02", Modifier: "weighted normals", Enable 'Auto Smooth' in Object Data Properties
ERROR (bke.modifier): ./source/blender/blenkernel/intern/modifier.cc:458 BKE_modifier_set_error: Object: "rear cuirass row 3 bevelled lamellar plate 08", Modifier: "weighted normals", Enable 'Auto Smooth' in Object Data Properties
ERROR (bke.modifier): ./source/blender/blenkernel/intern/modifier.cc:458 BKE_modifier_set_error: Object: "front cuirass row 4 bevelled lamellar plate 03", Modifier: "weighted normals", Enable 'Auto Smooth' in Object Data Properties
ERROR (bke.modifier): ./source/blender/blenkernel/intern/modifier.cc:458 BKE_modifier_set_error: Object: "front cuirass row 4 bevelled lamellar plate 04", Modifier: "weighted normals", Enable 'Auto Smooth' in Object Data Properties
ERROR (bke.modifier): ./source/blender/blenkernel/intern/modifier.cc:458 BKE_modifier_set_error: Object: "front cuirass row 4 bevelled lamellar plate 07", Modifier: "weighted normals", Enable 'Auto Smooth' in Object Data Properties
ERROR (bke.modifier): ./source/blender/blenkernel/intern/modifier.cc:458 BKE_modifier_set_error: Object: "front cuirass row 4 bevelled lamellar plate 06", Modifier: "weighted normals", Enable 'Auto Smooth' in Object Data Properties
ERROR (bke.modifier): ./source/blender/blenkernel/intern/modifier.cc:458 BKE_modifier_set_error: Object: "right woven waraji sole grounded", Modifier: "weighted normals", Enable 'Auto Smooth' in Object Data Properties
ERROR (bke.modifier): ./source/blender/blenkernel/intern/modifier.cc:458 BKE_modifier_set_error: Object: "front cuirass row 4 bevelled lamellar plate 05", Modifier: "weighted normals", Enable 'Auto Smooth' in Object Data Properties
ERROR (bke.modifier): ./source/blender/blenkernel/intern/modifier.cc:458 BKE_modifier_set_error: Object: "right outer toe group", Modifier: "weighted normals", Enable 'Auto Smooth' in Object Data Properties
ERROR (bke.modifier): ./source/blender/blenkernel/intern/modifier.cc:458 BKE_modifier_set_error: Object: "right separated big toe", Modifier: "weighted normals", Enable 'Auto Smooth' in Object Data Properties
ERROR (bke.modifier): ./source/blender/blenkernel/intern/modifier.cc:458 BKE_modifier_set_error: Object: "right split-toe tabi foot volume", Modifier: "weighted normals", Enable 'Auto Smooth' in Object Data Properties
ERROR (bke.modifier): ./source/blender/blenkernel/intern/modifier.cc:458 BKE_modifier_set_error: Object: "front cuirass row 4 bevelled lamellar plate 08", Modifier: "weighted normals", Enable 'Auto Smooth' in Object Data Properties
ERROR (bke.modifier): ./source/blender/blenkernel/intern/modifier.cc:458 BKE_modifier_set_error: Object: "rear cuirass row 4 bevelled lamellar plate 08", Modifier: "weighted normals", Enable 'Auto Smooth' in Object Data Properties
ERROR (bke.modifier): ./source/blender/blenkernel/intern/modifier.cc:458 BKE_modifier_set_error: Object: "rear cuirass row 4 bevelled lamellar plate 05", Modifier: "weighted normals", Enable 'Auto Smooth' in Object Data Properties
ERROR (bke.modifier): ./source/blender/blenkernel/intern/modifier.cc:458 BKE_modifier_set_error: Object: "rear cuirass row 4 bevelled lamellar plate 01", Modifier: "weighted normals", Enable 'Auto Smooth' in Object Data Properties
ERROR (bke.modifier): ./source/blender/blenkernel/intern/modifier.cc:458 BKE_modifier_set_error: Object: "rear cuirass row 4 bevelled lamellar plate 07", Modifier: "weighted normals", Enable 'Auto Smooth' in Object Data Properties
ERROR (bke.modifier): ./source/blender/blenkernel/intern/modifier.cc:458 BKE_modifier_set_error: Object: "rear cuirass row 4 bevelled lamellar plate 02", Modifier: "weighted normals", Enable 'Auto Smooth' in Object Data Properties
ERROR (bke.modifier): ./source/blender/blenkernel/intern/modifier.cc:458 BKE_modifier_set_error: Object: "rear cuirass row 4 bevelled lamellar plate 03", Modifier: "weighted normals", Enable 'Auto Smooth' in Object Data Properties
ERROR (bke.modifier): ./source/blender/blenkernel/intern/modifier.cc:458 BKE_modifier_set_error: Object: "right shin greave", Modifier: "weighted normals", Enable 'Auto Smooth' in Object Data Properties
ERROR (bke.modifier): ./source/blender/blenkernel/intern/modifier.cc:458 BKE_modifier_set_error: Object: "rear cuirass row 4 bevelled lamellar plate 06", Modifier: "weighted normals", Enable 'Auto Smooth' in Object Data Properties
ERROR (bke.modifier): ./source/blender/blenkernel/intern/modifier.cc:458 BKE_modifier_set_error: Object: "rear cuirass row 4 bevelled lamellar plate 04", Modifier: "weighted normals", Enable 'Auto Smooth' in Object Data Properties
ERROR (bke.modifier): ./source/blender/blenkernel/intern/modifier.cc:458 BKE_modifier_set_error: Object: "right hakama trouser leg", Modifier: "weighted normals", Enable 'Auto Smooth' in Object Data Properties
ERROR (bke.modifier): ./source/blender/blenkernel/intern/modifier.cc:458 BKE_modifier_set_error: Object: "front cuirass row 5 bevelled lamellar plate 01", Modifier: "weighted normals", Enable 'Auto Smooth' in Object Data Properties
ERROR (bke.modifier): ./source/blender/blenkernel/intern/modifier.cc:458 BKE_modifier_set_error: Object: "front cuirass row 5 bevelled lamellar plate 02", Modifier: "weighted normals", Enable 'Auto Smooth' in Object Data Properties
ERROR (bke.modifier): ./source/blender/blenkernel/intern/modifier.cc:458 BKE_modifier_set_error: Object: "front cuirass row 5 bevelled lamellar plate 03", Modifier: "weighted normals", Enable 'Auto Smooth' in Object Data Properties
ERROR (bke.modifier): ./source/blender/blenkernel/intern/modifier.cc:458 BKE_modifier_set_error: Object: "front cuirass row 5 bevelled lamellar plate 05", Modifier: "weighted normals", Enable 'Auto Smooth' in Object Data Properties
ERROR (bke.modifier): ./source/blender/blenkernel/intern/modifier.cc:458 BKE_modifier_set_error: Object: "front cuirass row 5 bevelled lamellar plate 04", Modifier: "weighted normals", Enable 'Auto Smooth' in Object Data Properties
ERROR (bke.modifier): ./source/blender/blenkernel/intern/modifier.cc:458 BKE_modifier_set_error: Object: "rear cuirass row 5 bevelled lamellar plate 04", Modifier: "weighted normals", Enable 'Auto Smooth' in Object Data Properties
ERROR (bke.modifier): ./source/blender/blenkernel/intern/modifier.cc:458 BKE_modifier_set_error: Object: "rear cuirass row 5 bevelled lamellar plate 08", Modifier: "weighted normals", Enable 'Auto Smooth' in Object Data Properties
ERROR (bke.modifier): ./source/blender/blenkernel/intern/modifier.cc:458 BKE_modifier_set_error: Object: "rear cuirass row 5 bevelled lamellar plate 03", Modifier: "weighted normals", Enable 'Auto Smooth' in Object Data Properties
ERROR (bke.modifier): ./source/blender/blenkernel/intern/modifier.cc:458 BKE_modifier_set_error: Object: "rear cuirass row 5 bevelled lamellar plate 02", Modifier: "weighted normals", Enable 'Auto Smooth' in Object Data Properties
ERROR (bke.modifier): ./source/blender/blenkernel/intern/modifier.cc:458 BKE_modifier_set_error: Object: "rear cuirass row 5 bevelled lamellar plate 01", Modifier: "weighted normals", Enable 'Auto Smooth' in Object Data Properties
ERROR (bke.modifier): ./source/blender/blenkernel/intern/modifier.cc:458 BKE_modifier_set_error: Object: "rear cuirass row 5 bevelled lamellar plate 05", Modifier: "weighted normals", Enable 'Auto Smooth' in Object Data Properties
ERROR (bke.modifier): ./source/blender/blenkernel/intern/modifier.cc:458 BKE_modifier_set_error: Object: "left shoulder undercloth", Modifier: "weighted normals", Enable 'Auto Smooth' in Object Data Properties
ERROR (bke.modifier): ./source/blender/blenkernel/intern/modifier.cc:458 BKE_modifier_set_error: Object: "front cuirass row 5 bevelled lamellar plate 08", Modifier: "weighted normals", Enable 'Auto Smooth' in Object Data Properties
ERROR (bke.modifier): ./source/blender/blenkernel/intern/modifier.cc:458 BKE_modifier_set_error: Object: "left woven waraji sole grounded", Modifier: "weighted normals", Enable 'Auto Smooth' in Object Data Properties
ERROR (bke.modifier): ./source/blender/blenkernel/intern/modifier.cc:458 BKE_modifier_set_error: Object: "front cuirass row 5 bevelled lamellar plate 06", Modifier: "weighted normals", Enable 'Auto Smooth' in Object Data Properties
ERROR (bke.modifier): ./source/blender/blenkernel/intern/modifier.cc:458 BKE_modifier_set_error: Object: "front cuirass row 5 bevelled lamellar plate 07", Modifier: "weighted normals", Enable 'Auto Smooth' in Object Data Properties
ERROR (bke.modifier): ./source/blender/blenkernel/intern/modifier.cc:458 BKE_modifier_set_error: Object: "left outer toe group", Modifier: "weighted normals", Enable 'Auto Smooth' in Object Data Properties
ERROR (bke.modifier): ./source/blender/blenkernel/intern/modifier.cc:458 BKE_modifier_set_error: Object: "rear cuirass row 5 bevelled lamellar plate 06", Modifier: "weighted normals", Enable 'Auto Smooth' in Object Data Properties
ERROR (bke.modifier): ./source/blender/blenkernel/intern/modifier.cc:458 BKE_modifier_set_error: Object: "left separated big toe", Modifier: "weighted normals", Enable 'Auto Smooth' in Object Data Properties
ERROR (bke.modifier): ./source/blender/blenkernel/intern/modifier.cc:458 BKE_modifier_set_error: Object: "left side cuirass plate 3", Modifier: "weighted normals", Enable 'Auto Smooth' in Object Data Properties
ERROR (bke.modifier): ./source/blender/blenkernel/intern/modifier.cc:458 BKE_modifier_set_error: Object: "left sode shoulder armor", Modifier: "weighted normals", Enable 'Auto Smooth' in Object Data Properties
ERROR (bke.modifier): ./source/blender/blenkernel/intern/modifier.cc:458 BKE_modifier_set_error: Object: "rear cuirass row 5 bevelled lamellar plate 07", Modifier: "weighted normals", Enable 'Auto Smooth' in Object Data Properties
ERROR (bke.modifier): ./source/blender/blenkernel/intern/modifier.cc:458 BKE_modifier_set_error: Object: "left armored upper arm", Modifier: "weighted normals", Enable 'Auto Smooth' in Object Data Properties
ERROR (bke.modifier): ./source/blender/blenkernel/intern/modifier.cc:458 BKE_modifier_set_error: Object: "left split-toe tabi foot volume", Modifier: "weighted normals", Enable 'Auto Smooth' in Object Data Properties
ERROR (bke.modifier): ./source/blender/blenkernel/intern/modifier.cc:458 BKE_modifier_set_error: Object: "left kote forearm guard", Modifier: "weighted normals", Enable 'Auto Smooth' in Object Data Properties
ERROR (bke.modifier): ./source/blender/blenkernel/intern/modifier.cc:458 BKE_modifier_set_error: Object: "left leather palm volume", Modifier: "weighted normals", Enable 'Auto Smooth' in Object Data Properties
ERROR (bke.modifier): ./source/blender/blenkernel/intern/modifier.cc:458 BKE_modifier_set_error: Object: "left side cuirass plate 1", Modifier: "weighted normals", Enable 'Auto Smooth' in Object Data Properties
ERROR (bke.modifier): ./source/blender/blenkernel/intern/modifier.cc:458 BKE_modifier_set_error: Object: "right side cuirass plate 1", Modifier: "weighted normals", Enable 'Auto Smooth' in Object Data Properties
ERROR (bke.modifier): ./source/blender/blenkernel/intern/modifier.cc:458 BKE_modifier_set_error: Object: "left side cuirass plate 2", Modifier: "weighted normals", Enable 'Auto Smooth' in Object Data Properties
ERROR (bke.modifier): ./source/blender/blenkernel/intern/modifier.cc:458 BKE_modifier_set_error: Object: "left index fingertip", Modifier: "weighted normals", Enable 'Auto Smooth' in Object Data Properties
ERROR (bke.modifier): ./source/blender/blenkernel/intern/modifier.cc:458 BKE_modifier_set_error: Object: "left shin greave", Modifier: "weighted normals", Enable 'Auto Smooth' in Object Data Properties
ERROR (bke.modifier): ./source/blender/blenkernel/intern/modifier.cc:458 BKE_modifier_set_error: Object: "left ring fingertip", Modifier: "weighted normals", Enable 'Auto Smooth' in Object Data Properties
ERROR (bke.modifier): ./source/blender/blenkernel/intern/modifier.cc:458 BKE_modifier_set_error: Object: "left middle fingertip", Modifier: "weighted normals", Enable 'Auto Smooth' in Object Data Properties
ERROR (bke.modifier): ./source/blender/blenkernel/intern/modifier.cc:458 BKE_modifier_set_error: Object: "left thumb fingertip", Modifier: "weighted normals", Enable 'Auto Smooth' in Object Data Properties
ERROR (bke.modifier): ./source/blender/blenkernel/intern/modifier.cc:458 BKE_modifier_set_error: Object: "left pinky fingertip", Modifier: "weighted normals", Enable 'Auto Smooth' in Object Data Properties
ERROR (bke.modifier): ./source/blender/blenkernel/intern/modifier.cc:458 BKE_modifier_set_error: Object: "left hakama trouser leg", Modifier: "weighted normals", Enable 'Auto Smooth' in Object Data Properties
ERROR (bke.modifier): ./source/blender/blenkernel/intern/modifier.cc:458 BKE_modifier_set_error: Object: "right shoulder undercloth", Modifier: "weighted normals", Enable 'Auto Smooth' in Object Data Properties
ERROR (bke.modifier): ./source/blender/blenkernel/intern/modifier.cc:458 BKE_modifier_set_error: Object: "right side cuirass plate 3", Modifier: "weighted normals", Enable 'Auto Smooth' in Object Data Properties
ERROR (bke.modifier): ./source/blender/blenkernel/intern/modifier.cc:458 BKE_modifier_set_error: Object: "right side cuirass plate 2", Modifier: "weighted normals", Enable 'Auto Smooth' in Object Data Properties
ERROR (bke.modifier): ./source/blender/blenkernel/intern/modifier.cc:458 BKE_modifier_set_error: Object: "right armored upper arm", Modifier: "weighted normals", Enable 'Auto Smooth' in Object Data Properties
ERROR (bke.modifier): ./source/blender/blenkernel/intern/modifier.cc:458 BKE_modifier_set_error: Object: "right sode shoulder armor", Modifier: "weighted normals", Enable 'Auto Smooth' in Object Data Properties
ERROR (bke.modifier): ./source/blender/blenkernel/intern/modifier.cc:458 BKE_modifier_set_error: Object: "right kote forearm guard", Modifier: "weighted normals", Enable 'Auto Smooth' in Object Data Properties
ERROR (bke.modifier): ./source/blender/blenkernel/intern/modifier.cc:458 BKE_modifier_set_error: Object: "right leather palm volume", Modifier: "weighted normals", Enable 'Auto Smooth' in Object Data Properties
ERROR (bke.modifier): ./source/blender/blenkernel/intern/modifier.cc:458 BKE_modifier_set_error: Object: "right index fingertip", Modifier: "weighted normals", Enable 'Auto Smooth' in Object Data Properties
ERROR (bke.modifier): ./source/blender/blenkernel/intern/modifier.cc:458 BKE_modifier_set_error: Object: "right middle fingertip", Modifier: "weighted normals", Enable 'Auto Smooth' in Object Data Properties
ERROR (bke.modifier): ./source/blender/blenkernel/intern/modifier.cc:458 BKE_modifier_set_error: Object: "right ring fingertip", Modifier: "weighted normals", Enable 'Auto Smooth' in Object Data Properties
ERROR (bke.modifier): ./source/blender/blenkernel/intern/modifier.cc:458 BKE_modifier_set_error: Object: "left hanging sode shoulder plate 3", Modifier: "weighted normals", Enable 'Auto Smooth' in Object Data Properties
ERROR (bke.modifier): ./source/blender/blenkernel/intern/modifier.cc:458 BKE_modifier_set_error: Object: "right pinky fingertip", Modifier: "weighted normals", Enable 'Auto Smooth' in Object Data Properties
ERROR (bke.modifier): ./source/blender/blenkernel/intern/modifier.cc:458 BKE_modifier_set_error: Object: "left hanging sode shoulder plate 1", Modifier: "weighted normals", Enable 'Auto Smooth' in Object Data Properties
ERROR (bke.modifier): ./source/blender/blenkernel/intern/modifier.cc:458 BKE_modifier_set_error: Object: "left hanging sode shoulder plate 2", Modifier: "weighted normals", Enable 'Auto Smooth' in Object Data Properties
ERROR (bke.modifier): ./source/blender/blenkernel/intern/modifier.cc:458 BKE_modifier_set_error: Object: "right thumb fingertip", Modifier: "weighted normals", Enable 'Auto Smooth' in Object Data Properties
ERROR (bke.modifier): ./source/blender/blenkernel/intern/modifier.cc:458 BKE_modifier_set_error: Object: "left hanging sode shoulder plate 4", Modifier: "weighted normals", Enable 'Auto Smooth' in Object Data Properties
ERROR (bke.modifier): ./source/blender/blenkernel/intern/modifier.cc:458 BKE_modifier_set_error: Object: "rear kusazuri skirt plate +1 row 3", Modifier: "weighted normals", Enable 'Auto Smooth' in Object Data Properties
ERROR (bke.modifier): ./source/blender/blenkernel/intern/modifier.cc:458 BKE_modifier_set_error: Object: "right hanging sode shoulder plate 2", Modifier: "weighted normals", Enable 'Auto Smooth' in Object Data Properties
ERROR (bke.modifier): ./source/blender/blenkernel/intern/modifier.cc:458 BKE_modifier_set_error: Object: "right hanging sode shoulder plate 1", Modifier: "weighted normals", Enable 'Auto Smooth' in Object Data Properties
ERROR (bke.modifier): ./source/blender/blenkernel/intern/modifier.cc:458 BKE_modifier_set_error: Object: "right hanging sode shoulder plate 3", Modifier: "weighted normals", Enable 'Auto Smooth' in Object Data Properties
ERROR (bke.modifier): ./source/blender/blenkernel/intern/modifier.cc:458 BKE_modifier_set_error: Object: "right hanging sode shoulder plate 4", Modifier: "weighted normals", Enable 'Auto Smooth' in Object Data Properties
ERROR (bke.modifier): ./source/blender/blenkernel/intern/modifier.cc:458 BKE_modifier_set_error: Object: "kusazuri skirt plate -1 row 1", Modifier: "weighted normals", Enable 'Auto Smooth' in Object Data Properties
ERROR (bke.modifier): ./source/blender/blenkernel/intern/modifier.cc:458 BKE_modifier_set_error: Object: "rear kusazuri skirt plate -1 row 1", Modifier: "weighted normals", Enable 'Auto Smooth' in Object Data Properties
ERROR (bke.modifier): ./source/blender/blenkernel/intern/modifier.cc:458 BKE_modifier_set_error: Object: "rear kusazuri skirt plate +0 row 3", Modifier: "weighted normals", Enable 'Auto Smooth' in Object Data Properties
ERROR (bke.modifier): ./source/blender/blenkernel/intern/modifier.cc:458 BKE_modifier_set_error: Object: "kusazuri skirt plate -1 row 3", Modifier: "weighted normals", Enable 'Auto Smooth' in Object Data Properties
ERROR (bke.modifier): ./source/blender/blenkernel/intern/modifier.cc:458 BKE_modifier_set_error: Object: "kusazuri skirt plate -1 row 2", Modifier: "weighted normals", Enable 'Auto Smooth' in Object Data Properties
ERROR (bke.modifier): ./source/blender/blenkernel/intern/modifier.cc:458 BKE_modifier_set_error: Object: "kusazuri skirt plate +0 row 2", Modifier: "weighted normals", Enable 'Auto Smooth' in Object Data Properties
ERROR (bke.modifier): ./source/blender/blenkernel/intern/modifier.cc:458 BKE_modifier_set_error: Object: "rear kusazuri skirt plate +0 row 2", Modifier: "weighted normals", Enable 'Auto Smooth' in Object Data Properties
ERROR (bke.modifier): ./source/blender/blenkernel/intern/modifier.cc:458 BKE_modifier_set_error: Object: "kusazuri skirt plate +1 row 3", Modifier: "weighted normals", Enable 'Auto Smooth' in Object Data Properties
ERROR (bke.modifier): ./source/blender/blenkernel/intern/modifier.cc:458 BKE_modifier_set_error: Object: "rear kusazuri skirt plate -1 row 2", Modifier: "weighted normals", Enable 'Auto Smooth' in Object Data Properties
ERROR (bke.modifier): ./source/blender/blenkernel/intern/modifier.cc:458 BKE_modifier_set_error: Object: "rear kusazuri skirt plate -1 row 3", Modifier: "weighted normals", Enable 'Auto Smooth' in Object Data Properties
ERROR (bke.modifier): ./source/blender/blenkernel/intern/modifier.cc:458 BKE_modifier_set_error: Object: "rear kusazuri skirt plate +0 row 1", Modifier: "weighted normals", Enable 'Auto Smooth' in Object Data Properties
ERROR (bke.modifier): ./source/blender/blenkernel/intern/modifier.cc:458 BKE_modifier_set_error: Object: "kusazuri skirt plate +0 row 3", Modifier: "weighted normals", Enable 'Auto Smooth' in Object Data Properties
ERROR (bke.modifier): ./source/blender/blenkernel/intern/modifier.cc:458 BKE_modifier_set_error: Object: "kusazuri skirt plate +1 row 1", Modifier: "weighted normals", Enable 'Auto Smooth' in Object Data Properties
ERROR (bke.modifier): ./source/blender/blenkernel/intern/modifier.cc:458 BKE_modifier_set_error: Object: "kusazuri skirt plate +1 row 2", Modifier: "weighted normals", Enable 'Auto Smooth' in Object Data Properties
ERROR (bke.modifier): ./source/blender/blenkernel/intern/modifier.cc:458 BKE_modifier_set_error: Object: "rear kusazuri skirt plate +1 row 2", Modifier: "weighted normals", Enable 'Auto Smooth' in Object Data Properties
ERROR (bke.modifier): ./source/blender/blenkernel/intern/modifier.cc:458 BKE_modifier_set_error: Object: "rear kusazuri skirt plate +1 row 1", Modifier: "weighted normals", Enable 'Auto Smooth' in Object Data Properties
ERROR (bke.modifier): ./source/blender/blenkernel/intern/modifier.cc:458 BKE_modifier_set_error: Object: "kusazuri skirt plate +0 row 1", Modifier: "weighted normals", Enable 'Auto Smooth' in Object Data Properties
Fra:1 Mem:47.25M (Peak 47.27M) | Time:00:00.06 | Syncing matte charcoal inspection plinth
Fra:1 Mem:47.26M (Peak 47.31M) | Time:00:00.06 | Syncing ribcage under-kimono volume
Fra:1 Mem:47.35M (Peak 47.35M) | Time:00:00.06 | Syncing narrow waist under-kimono volume
Fra:1 Mem:47.42M (Peak 47.42M) | Time:00:00.06 | Syncing visible human head behind mempo
Fra:1 Mem:47.51M (Peak 47.51M) | Time:00:00.06 | Syncing thin exposed neck
Fra:1 Mem:47.52M (Peak 47.53M) | Time:00:00.06 | Syncing neck guard collar
Fra:1 Mem:47.54M (Peak 47.58M) | Time:00:00.06 | Syncing segmented kabuto helmet bowl
Fra:1 Mem:47.71M (Peak 47.71M) | Time:00:00.06 | Syncing wide kabuto brim
Fra:1 Mem:47.73M (Peak 47.73M) | Time:00:00.06 | Syncing layered rear shikoro neck guard
Fra:1 Mem:47.75M (Peak 47.75M) | Time:00:00.06 | Syncing left side helmet flange
Fra:1 Mem:47.76M (Peak 47.76M) | Time:00:00.06 | Syncing right side helmet flange
Fra:1 Mem:47.77M (Peak 47.77M) | Time:00:00.06 | Syncing golden maedate crescent crest
Fra:1 Mem:47.79M (Peak 47.84M) | Time:00:00.06 | Syncing crest central rivet
Fra:1 Mem:47.80M (Peak 47.84M) | Time:00:00.06 | Syncing left angular mempo cheek plate
Fra:1 Mem:47.82M (Peak 47.86M) | Time:00:00.06 | Syncing right angular mempo cheek plate
Fra:1 Mem:47.84M (Peak 47.86M) | Time:00:00.06 | Syncing mempo chin guard
Fra:1 Mem:47.86M (Peak 47.86M) | Time:00:00.06 | Syncing mempo nose ridge
Fra:1 Mem:47.87M (Peak 47.87M) | Time:00:00.06 | Syncing left narrow eye slit
Fra:1 Mem:47.89M (Peak 47.89M) | Time:00:00.06 | Syncing right narrow eye slit
Fra:1 Mem:47.90M (Peak 47.90M) | Time:00:00.06 | Syncing mempo grim mouth slit
Fra:1 Mem:47.91M (Peak 47.91M) | Time:00:00.06 | Syncing left mask moustache bristle
Fra:1 Mem:47.92M (Peak 47.92M) | Time:00:00.06 | Syncing right mask moustache bristle
Fra:1 Mem:47.93M (Peak 47.93M) | Time:00:00.06 | Syncing throat guard row 1 bevelled lamel
Fra:1 Mem:47.95M (Peak 47.95M) | Time:00:00.06 | Syncing throat guard row 1 bevelled lamel
Fra:1 Mem:47.97M (Peak 47.97M) | Time:00:00.06 | Syncing throat guard row 1 bevelled lamel
Fra:1 Mem:47.99M (Peak 47.99M) | Time:00:00.06 | Syncing throat guard row 1 bevelled lamel
Fra:1 Mem:48.01M (Peak 48.01M) | Time:00:00.06 | Syncing throat guard row 1 bevelled lamel
Fra:1 Mem:48.02M (Peak 48.02M) | Time:00:00.06 | Syncing throat guard row 2 bevelled lamel
Fra:1 Mem:48.04M (Peak 48.04M) | Time:00:00.06 | Syncing throat guard row 2 bevelled lamel
Fra:1 Mem:48.06M (Peak 48.06M) | Time:00:00.06 | Syncing throat guard row 2 bevelled lamel
Fra:1 Mem:48.08M (Peak 48.08M) | Time:00:00.06 | Syncing throat guard row 2 bevelled lamel
Fra:1 Mem:48.10M (Peak 48.10M) | Time:00:00.06 | Syncing throat guard row 2 bevelled lamel
Fra:1 Mem:48.12M (Peak 48.12M) | Time:00:00.06 | Syncing throat guard row 3 bevelled lamel
Fra:1 Mem:48.14M (Peak 48.14M) | Time:00:00.06 | Syncing throat guard row 3 bevelled lamel
Fra:1 Mem:48.16M (Peak 48.16M) | Time:00:00.06 | Syncing throat guard row 3 bevelled lamel
Fra:1 Mem:48.18M (Peak 48.18M) | Time:00:00.06 | Syncing throat guard row 3 bevelled lamel
Fra:1 Mem:48.20M (Peak 48.20M) | Time:00:00.06 | Syncing throat guard row 3 bevelled lamel
Fra:1 Mem:48.22M (Peak 48.22M) | Time:00:00.06 | Syncing upper do cuirass fitted shell
Fra:1 Mem:48.32M (Peak 48.32M) | Time:00:00.06 | Syncing lower do cuirass narrowed shell
Fra:1 Mem:48.40M (Peak 48.40M) | Time:00:00.06 | Syncing front cuirass row 1 bevelled lame
Fra:1 Mem:48.42M (Peak 48.42M) | Time:00:00.06 | Syncing front cuirass row 1 bevelled lame
Fra:1 Mem:48.44M (Peak 48.44M) | Time:00:00.06 | Syncing front cuirass row 1 bevelled lame
Fra:1 Mem:48.46M (Peak 48.46M) | Time:00:00.06 | Syncing front cuirass row 1 bevelled lame
Fra:1 Mem:48.48M (Peak 48.48M) | Time:00:00.06 | Syncing front cuirass row 1 bevelled lame
Fra:1 Mem:48.50M (Peak 48.50M) | Time:00:00.06 | Syncing front cuirass row 1 bevelled lame
Fra:1 Mem:48.52M (Peak 48.52M) | Time:00:00.06 | Syncing front cuirass row 1 bevelled lame
Fra:1 Mem:48.54M (Peak 48.54M) | Time:00:00.06 | Syncing front cuirass row 1 bevelled lame
Fra:1 Mem:48.56M (Peak 48.56M) | Time:00:00.06 | Syncing rear cuirass row 1 bevelled lamel
Fra:1 Mem:48.58M (Peak 48.58M) | Time:00:00.06 | Syncing rear cuirass row 1 bevelled lamel
Fra:1 Mem:48.60M (Peak 48.60M) | Time:00:00.06 | Syncing rear cuirass row 1 bevelled lamel
Fra:1 Mem:48.62M (Peak 48.62M) | Time:00:00.06 | Syncing rear cuirass row 1 bevelled lamel
Fra:1 Mem:48.63M (Peak 48.63M) | Time:00:00.06 | Syncing rear cuirass row 1 bevelled lamel
Fra:1 Mem:48.65M (Peak 48.65M) | Time:00:00.06 | Syncing rear cuirass row 1 bevelled lamel
Fra:1 Mem:48.67M (Peak 48.67M) | Time:00:00.06 | Syncing rear cuirass row 1 bevelled lamel
Fra:1 Mem:48.69M (Peak 48.69M) | Time:00:00.06 | Syncing rear cuirass row 1 bevelled lamel
Fra:1 Mem:48.71M (Peak 48.71M) | Time:00:00.06 | Syncing front cuirass row 2 bevelled lame
Fra:1 Mem:48.73M (Peak 48.73M) | Time:00:00.06 | Syncing front cuirass row 2 bevelled lame
Fra:1 Mem:48.75M (Peak 48.75M) | Time:00:00.06 | Syncing front cuirass row 2 bevelled lame
Fra:1 Mem:48.77M (Peak 48.77M) | Time:00:00.07 | Syncing front cuirass row 2 bevelled lame
Fra:1 Mem:48.79M (Peak 48.79M) | Time:00:00.07 | Syncing front cuirass row 2 bevelled lame
Fra:1 Mem:48.81M (Peak 48.81M) | Time:00:00.07 | Syncing front cuirass row 2 bevelled lame
Fra:1 Mem:48.83M (Peak 48.83M) | Time:00:00.07 | Syncing front cuirass row 2 bevelled lame
Fra:1 Mem:48.85M (Peak 48.85M) | Time:00:00.07 | Syncing front cuirass row 2 bevelled lame
Fra:1 Mem:48.87M (Peak 48.87M) | Time:00:00.07 | Syncing rear cuirass row 2 bevelled lamel
Fra:1 Mem:48.89M (Peak 48.89M) | Time:00:00.07 | Syncing rear cuirass row 2 bevelled lamel
Fra:1 Mem:48.91M (Peak 48.91M) | Time:00:00.07 | Syncing rear cuirass row 2 bevelled lamel
Fra:1 Mem:48.93M (Peak 48.93M) | Time:00:00.07 | Syncing rear cuirass row 2 bevelled lamel
Fra:1 Mem:48.95M (Peak 48.95M) | Time:00:00.07 | Syncing rear cuirass row 2 bevelled lamel
Fra:1 Mem:48.96M (Peak 48.96M) | Time:00:00.07 | Syncing rear cuirass row 2 bevelled lamel
Fra:1 Mem:48.98M (Peak 48.98M) | Time:00:00.07 | Syncing rear cuirass row 2 bevelled lamel
Fra:1 Mem:49.00M (Peak 49.00M) | Time:00:00.07 | Syncing rear cuirass row 2 bevelled lamel
Fra:1 Mem:49.02M (Peak 49.02M) | Time:00:00.07 | Syncing front cuirass row 3 bevelled lame
Fra:1 Mem:49.04M (Peak 49.04M) | Time:00:00.07 | Syncing front cuirass row 3 bevelled lame
Fra:1 Mem:49.06M (Peak 49.06M) | Time:00:00.07 | Syncing front cuirass row 3 bevelled lame
Fra:1 Mem:49.08M (Peak 49.08M) | Time:00:00.07 | Syncing front cuirass row 3 bevelled lame
Fra:1 Mem:49.10M (Peak 49.10M) | Time:00:00.07 | Syncing front cuirass row 3 bevelled lame
Fra:1 Mem:49.12M (Peak 49.12M) | Time:00:00.07 | Syncing front cuirass row 3 bevelled lame
Fra:1 Mem:49.14M (Peak 49.14M) | Time:00:00.07 | Syncing front cuirass row 3 bevelled lame
Fra:1 Mem:49.16M (Peak 49.16M) | Time:00:00.07 | Syncing front cuirass row 3 bevelled lame
Fra:1 Mem:49.18M (Peak 49.18M) | Time:00:00.07 | Syncing rear cuirass row 3 bevelled lamel
Fra:1 Mem:49.20M (Peak 49.20M) | Time:00:00.07 | Syncing rear cuirass row 3 bevelled lamel
Fra:1 Mem:49.22M (Peak 49.22M) | Time:00:00.07 | Syncing rear cuirass row 3 bevelled lamel
Fra:1 Mem:49.23M (Peak 49.23M) | Time:00:00.07 | Syncing rear cuirass row 3 bevelled lamel
Fra:1 Mem:49.25M (Peak 49.25M) | Time:00:00.07 | Syncing rear cuirass row 3 bevelled lamel
Fra:1 Mem:49.27M (Peak 49.27M) | Time:00:00.07 | Syncing rear cuirass row 3 bevelled lamel
Fra:1 Mem:49.29M (Peak 49.29M) | Time:00:00.07 | Syncing rear cuirass row 3 bevelled lamel
Fra:1 Mem:49.31M (Peak 49.31M) | Time:00:00.07 | Syncing rear cuirass row 3 bevelled lamel
Fra:1 Mem:49.33M (Peak 49.33M) | Time:00:00.07 | Syncing front cuirass row 4 bevelled lame
Fra:1 Mem:49.35M (Peak 49.35M) | Time:00:00.07 | Syncing front cuirass row 4 bevelled lame
Fra:1 Mem:49.37M (Peak 49.37M) | Time:00:00.07 | Syncing front cuirass row 4 bevelled lame
Fra:1 Mem:49.39M (Peak 49.39M) | Time:00:00.07 | Syncing front cuirass row 4 bevelled lame
Fra:1 Mem:49.41M (Peak 49.41M) | Time:00:00.07 | Syncing front cuirass row 4 bevelled lame
Fra:1 Mem:49.43M (Peak 49.43M) | Time:00:00.07 | Syncing front cuirass row 4 bevelled lame
Fra:1 Mem:49.45M (Peak 49.45M) | Time:00:00.07 | Syncing front cuirass row 4 bevelled lame
Fra:1 Mem:49.47M (Peak 49.47M) | Time:00:00.07 | Syncing front cuirass row 4 bevelled lame
Fra:1 Mem:49.49M (Peak 49.49M) | Time:00:00.07 | Syncing rear cuirass row 4 bevelled lamel
Fra:1 Mem:49.50M (Peak 49.50M) | Time:00:00.07 | Syncing rear cuirass row 4 bevelled lamel
Fra:1 Mem:49.52M (Peak 49.52M) | Time:00:00.07 | Syncing rear cuirass row 4 bevelled lamel
Fra:1 Mem:49.54M (Peak 49.54M) | Time:00:00.07 | Syncing rear cuirass row 4 bevelled lamel
Fra:1 Mem:49.56M (Peak 49.56M) | Time:00:00.07 | Syncing rear cuirass row 4 bevelled lamel
Fra:1 Mem:49.58M (Peak 49.58M) | Time:00:00.07 | Syncing rear cuirass row 4 bevelled lamel
Fra:1 Mem:49.60M (Peak 49.60M) | Time:00:00.07 | Syncing rear cuirass row 4 bevelled lamel
Fra:1 Mem:49.62M (Peak 49.62M) | Time:00:00.07 | Syncing rear cuirass row 4 bevelled lamel
Fra:1 Mem:49.64M (Peak 49.64M) | Time:00:00.07 | Syncing front cuirass row 5 bevelled lame
Fra:1 Mem:49.66M (Peak 49.66M) | Time:00:00.07 | Syncing front cuirass row 5 bevelled lame
Fra:1 Mem:49.68M (Peak 49.68M) | Time:00:00.07 | Syncing front cuirass row 5 bevelled lame
Fra:1 Mem:49.70M (Peak 49.70M) | Time:00:00.07 | Syncing front cuirass row 5 bevelled lame
Fra:1 Mem:49.72M (Peak 49.72M) | Time:00:00.07 | Syncing front cuirass row 5 bevelled lame
Fra:1 Mem:49.74M (Peak 49.74M) | Time:00:00.07 | Syncing front cuirass row 5 bevelled lame
Fra:1 Mem:49.76M (Peak 49.76M) | Time:00:00.07 | Syncing front cuirass row 5 bevelled lame
Fra:1 Mem:49.78M (Peak 49.78M) | Time:00:00.07 | Syncing front cuirass row 5 bevelled lame
Fra:1 Mem:49.79M (Peak 49.79M) | Time:00:00.07 | Syncing rear cuirass row 5 bevelled lamel
Fra:1 Mem:49.81M (Peak 49.81M) | Time:00:00.07 | Syncing rear cuirass row 5 bevelled lamel
Fra:1 Mem:49.83M (Peak 49.83M) | Time:00:00.07 | Syncing rear cuirass row 5 bevelled lamel
Fra:1 Mem:49.85M (Peak 49.85M) | Time:00:00.07 | Syncing rear cuirass row 5 bevelled lamel
Fra:1 Mem:49.87M (Peak 49.87M) | Time:00:00.07 | Syncing rear cuirass row 5 bevelled lamel
Fra:1 Mem:49.89M (Peak 49.89M) | Time:00:00.07 | Syncing rear cuirass row 5 bevelled lamel
Fra:1 Mem:49.91M (Peak 49.91M) | Time:00:00.07 | Syncing rear cuirass row 5 bevelled lamel
Fra:1 Mem:49.93M (Peak 49.93M) | Time:00:00.07 | Syncing rear cuirass row 5 bevelled lamel
Fra:1 Mem:49.95M (Peak 49.95M) | Time:00:00.07 | Syncing left side cuirass plate 1
Fra:1 Mem:49.96M (Peak 49.96M) | Time:00:00.07 | Syncing left side cuirass plate 2
Fra:1 Mem:49.98M (Peak 49.98M) | Time:00:00.07 | Syncing left side cuirass plate 3
Fra:1 Mem:49.99M (Peak 49.99M) | Time:00:00.07 | Syncing right side cuirass plate 1
Fra:1 Mem:50.00M (Peak 50.00M) | Time:00:00.07 | Syncing right side cuirass plate 2
Fra:1 Mem:50.02M (Peak 50.02M) | Time:00:00.07 | Syncing right side cuirass plate 3
Fra:1 Mem:50.03M (Peak 50.03M) | Time:00:00.07 | Syncing left shoulder undercloth
Fra:1 Mem:50.09M (Peak 50.09M) | Time:00:00.07 | Syncing left hanging sode shoulder plate 
Fra:1 Mem:50.11M (Peak 50.11M) | Time:00:00.07 | Syncing left hanging sode shoulder plate 
Fra:1 Mem:50.13M (Peak 50.13M) | Time:00:00.07 | Syncing left hanging sode shoulder plate 
Fra:1 Mem:50.15M (Peak 50.15M) | Time:00:00.07 | Syncing left hanging sode shoulder plate 
Fra:1 Mem:50.17M (Peak 50.17M) | Time:00:00.07 | Syncing left armored upper arm
Fra:1 Mem:50.22M (Peak 50.22M) | Time:00:00.07 | Syncing left sode shoulder armor
Fra:1 Mem:50.27M (Peak 50.27M) | Time:00:00.07 | Syncing left kote forearm guard
Fra:1 Mem:50.32M (Peak 50.32M) | Time:00:00.07 | Syncing left leather palm volume
Fra:1 Mem:50.36M (Peak 50.38M) | Time:00:00.07 | Syncing left articulated index finger
Fra:1 Mem:50.37M (Peak 50.38M) | Time:00:00.07 | Syncing left index fingertip
Fra:1 Mem:50.38M (Peak 50.38M) | Time:00:00.07 | Syncing left articulated middle finger
Fra:1 Mem:50.39M (Peak 50.39M) | Time:00:00.07 | Syncing left middle fingertip
Fra:1 Mem:50.40M (Peak 50.40M) | Time:00:00.07 | Syncing left articulated ring finger
Fra:1 Mem:50.41M (Peak 50.41M) | Time:00:00.07 | Syncing left ring fingertip
Fra:1 Mem:50.42M (Peak 50.42M) | Time:00:00.07 | Syncing left articulated pinky finger
Fra:1 Mem:50.43M (Peak 50.43M) | Time:00:00.07 | Syncing left pinky fingertip
Fra:1 Mem:50.44M (Peak 50.44M) | Time:00:00.07 | Syncing left opposed thumb
Fra:1 Mem:50.45M (Peak 50.45M) | Time:00:00.07 | Syncing left thumb fingertip
Fra:1 Mem:50.47M (Peak 50.47M) | Time:00:00.07 | Syncing right shoulder undercloth
Fra:1 Mem:50.52M (Peak 50.52M) | Time:00:00.08 | Syncing right hanging sode shoulder plate
Fra:1 Mem:50.54M (Peak 50.54M) | Time:00:00.08 | Syncing right hanging sode shoulder plate
Fra:1 Mem:50.56M (Peak 50.56M) | Time:00:00.08 | Syncing right hanging sode shoulder plate
Fra:1 Mem:50.58M (Peak 50.58M) | Time:00:00.08 | Syncing right hanging sode shoulder plate
Fra:1 Mem:50.60M (Peak 50.60M) | Time:00:00.08 | Syncing right armored upper arm
Fra:1 Mem:50.66M (Peak 50.66M) | Time:00:00.08 | Syncing right sode shoulder armor
Fra:1 Mem:50.70M (Peak 50.70M) | Time:00:00.08 | Syncing right kote forearm guard
Fra:1 Mem:50.75M (Peak 50.75M) | Time:00:00.08 | Syncing right leather palm volume
Fra:1 Mem:50.79M (Peak 50.79M) | Time:00:00.08 | Syncing right articulated index finger
Fra:1 Mem:50.80M (Peak 50.80M) | Time:00:00.08 | Syncing right index fingertip
Fra:1 Mem:50.81M (Peak 50.81M) | Time:00:00.08 | Syncing right articulated middle finger
Fra:1 Mem:50.82M (Peak 50.82M) | Time:00:00.08 | Syncing right middle fingertip
Fra:1 Mem:50.83M (Peak 50.83M) | Time:00:00.08 | Syncing right articulated ring finger
Fra:1 Mem:50.84M (Peak 50.84M) | Time:00:00.08 | Syncing right ring fingertip
Fra:1 Mem:50.85M (Peak 50.85M) | Time:00:00.08 | Syncing right articulated pinky finger
Fra:1 Mem:50.86M (Peak 50.86M) | Time:00:00.08 | Syncing right pinky fingertip
Fra:1 Mem:50.87M (Peak 50.87M) | Time:00:00.08 | Syncing right opposed thumb
Fra:1 Mem:50.88M (Peak 50.88M) | Time:00:00.08 | Syncing right thumb fingertip
Fra:1 Mem:50.90M (Peak 50.90M) | Time:00:00.08 | Syncing kusazuri skirt plate -1 row 1
Fra:1 Mem:50.91M (Peak 50.91M) | Time:00:00.08 | Syncing rear kusazuri skirt plate -1 row 
Fra:1 Mem:50.93M (Peak 50.93M) | Time:00:00.08 | Syncing kusazuri skirt plate -1 row 2
Fra:1 Mem:50.94M (Peak 50.94M) | Time:00:00.08 | Syncing rear kusazuri skirt plate -1 row 
Fra:1 Mem:50.96M (Peak 50.96M) | Time:00:00.08 | Syncing kusazuri skirt plate -1 row 3
Fra:1 Mem:50.97M (Peak 50.97M) | Time:00:00.08 | Syncing rear kusazuri skirt plate -1 row 
Fra:1 Mem:50.98M (Peak 50.98M) | Time:00:00.08 | Syncing kusazuri skirt plate +0 row 1
Fra:1 Mem:51.00M (Peak 51.00M) | Time:00:00.08 | Syncing rear kusazuri skirt plate +0 row 
Fra:1 Mem:51.01M (Peak 51.01M) | Time:00:00.08 | Syncing kusazuri skirt plate +0 row 2
Fra:1 Mem:51.03M (Peak 51.03M) | Time:00:00.08 | Syncing rear kusazuri skirt plate +0 row 
Fra:1 Mem:51.04M (Peak 51.04M) | Time:00:00.08 | Syncing kusazuri skirt plate +0 row 3
Fra:1 Mem:51.05M (Peak 51.05M) | Time:00:00.08 | Syncing rear kusazuri skirt plate +0 row 
Fra:1 Mem:51.07M (Peak 51.07M) | Time:00:00.08 | Syncing kusazuri skirt plate +1 row 1
Fra:1 Mem:51.08M (Peak 51.08M) | Time:00:00.08 | Syncing rear kusazuri skirt plate +1 row 
Fra:1 Mem:51.10M (Peak 51.10M) | Time:00:00.08 | Syncing kusazuri skirt plate +1 row 2
Fra:1 Mem:51.11M (Peak 51.11M) | Time:00:00.08 | Syncing rear kusazuri skirt plate +1 row 
Fra:1 Mem:51.12M (Peak 51.12M) | Time:00:00.08 | Syncing kusazuri skirt plate +1 row 3
Fra:1 Mem:51.14M (Peak 51.14M) | Time:00:00.08 | Syncing rear kusazuri skirt plate +1 row 
Fra:1 Mem:51.15M (Peak 51.15M) | Time:00:00.08 | Syncing left hakama trouser leg
Fra:1 Mem:51.21M (Peak 51.21M) | Time:00:00.08 | Syncing left shin greave
Fra:1 Mem:51.26M (Peak 51.26M) | Time:00:00.08 | Syncing left split-toe tabi foot volume
Fra:1 Mem:51.31M (Peak 51.31M) | Time:00:00.08 | Syncing left separated big toe
Fra:1 Mem:51.33M (Peak 51.33M) | Time:00:00.08 | Syncing left outer toe group
Fra:1 Mem:51.35M (Peak 51.35M) | Time:00:00.08 | Syncing left woven waraji sole grounded
Fra:1 Mem:51.36M (Peak 51.36M) | Time:00:00.08 | Syncing left sandal toe strap
Fra:1 Mem:51.37M (Peak 51.42M) | Time:00:00.08 | Syncing left heel strap
Fra:1 Mem:51.37M (Peak 51.42M) | Time:00:00.08 | Syncing left hakama pleat 1
Fra:1 Mem:51.38M (Peak 51.42M) | Time:00:00.08 | Syncing left hakama pleat 2
Fra:1 Mem:51.38M (Peak 51.42M) | Time:00:00.08 | Syncing left hakama pleat 3
Fra:1 Mem:51.39M (Peak 51.42M) | Time:00:00.08 | Syncing right hakama trouser leg
Fra:1 Mem:51.48M (Peak 51.48M) | Time:00:00.08 | Syncing right shin greave
Fra:1 Mem:51.54M (Peak 51.54M) | Time:00:00.08 | Syncing right split-toe tabi foot volume
Fra:1 Mem:51.58M (Peak 51.58M) | Time:00:00.08 | Syncing right separated big toe
Fra:1 Mem:51.60M (Peak 51.60M) | Time:00:00.08 | Syncing right outer toe group
Fra:1 Mem:51.62M (Peak 51.62M) | Time:00:00.08 | Syncing right woven waraji sole grounded
Fra:1 Mem:51.63M (Peak 51.63M) | Time:00:00.08 | Syncing right sandal toe strap
Fra:1 Mem:51.64M (Peak 51.64M) | Time:00:00.08 | Syncing right heel strap
Fra:1 Mem:51.64M (Peak 51.64M) | Time:00:00.08 | Syncing right hakama pleat 1
Fra:1 Mem:51.65M (Peak 51.65M) | Time:00:00.08 | Syncing right hakama pleat 2
Fra:1 Mem:51.66M (Peak 51.66M) | Time:00:00.08 | Syncing right hakama pleat 3
Fra:1 Mem:51.66M (Peak 51.66M) | Time:00:00.08 | Syncing drawn katana blade spine
Fra:1 Mem:51.67M (Peak 51.73M) | Time:00:00.08 | Syncing bright sharpened katana edge
Fra:1 Mem:51.68M (Peak 51.73M) | Time:00:00.08 | Syncing wrapped katana grip
Fra:1 Mem:51.69M (Peak 51.73M) | Time:00:00.08 | Syncing square tsuba guard
Fra:1 Mem:51.70M (Peak 51.73M) | Time:00:00.08 | Syncing lacquered saya scabbard at left h
Fra:1 Mem:51.71M (Peak 51.73M) | Time:00:00.08 | Syncing waist sash tying armor
Fra:1 Mem:51.71M (Peak 51.73M) | Time:00:00.08 | Syncing bamboo sashimono back pole
Fra:1 Mem:51.72M (Peak 51.73M) | Time:00:00.08 | Syncing small lacquered sashimono crossba
Fra:1 Mem:51.74M (Peak 51.74M) | Time:00:00.08 | Syncing cloth sashimono banner panel
Fra:1 Mem:51.75M (Peak 51.80M) | Time:00:00.08 | Syncing simple round clan mon on banner
Fra:1 Mem:51.79M (Peak 51.80M) | Time:00:00.09 | Syncing cool key
Fra:1 Mem:51.79M (Peak 51.80M) | Time:00:00.09 | Syncing rim
Fra:1 Mem:51.79M (Peak 51.80M) | Time:00:00.09 | Syncing hero cam
Fra:1 Mem:51.79M (Peak 51.80M) | Time:00:00.09 | Syncing samurai_v2_provenance
Fra:1 Mem:51.83M (Peak 51.92M) | Time:00:00.09 | Rendering 1 / 32 samples
Fra:1 Mem:49.42M (Peak 51.92M) | Time:00:02.59 | Rendering 26 / 32 samples
Fra:1 Mem:49.42M (Peak 51.92M) | Time:00:03.06 | Rendering 32 / 32 samples
Saved: '/tmp/factoryx-v22-render/samurai-repaired-full-20-v22/uesugi-01/samurai_character_three_quarter.png'
 Time: 00:03.18 (Saving: 00:00.03)

ERROR (bke.modifier): ./source/blender/blenkernel/intern/modifier.cc:458 BKE_modifier_set_error: Object: "wide kabuto brim", Modifier: "weighted normals", Enable 'Auto Smooth' in Object Data Properties
ERROR (bke.modifier): ./source/blender/blenkernel/intern/modifier.cc:458 BKE_modifier_set_error: Object: "segmented kabuto helmet bowl", Modifier: "weighted normals", Enable 'Auto Smooth' in Object Data Properties
ERROR (bke.modifier): ./source/blender/blenkernel/intern/modifier.cc:458 BKE_modifier_set_error: Object: "neck guard collar", Modifier: "weighted normals", Enable 'Auto Smooth' in Object Data Properties
ERROR (bke.modifier): ./source/blender/blenkernel/intern/modifier.cc:458 BKE_modifier_set_error: Object: "layered rear shikoro neck guard", Modifier: "weighted normals", Enable 'Auto Smooth' in Object Data Properties
ERROR (bke.modifier): ./source/blender/blenkernel/intern/modifier.cc:458 BKE_modifier_set_error: Object: "thin exposed neck", Modifier: "weighted normals", Enable 'Auto Smooth' in Object Data Properties
ERROR (bke.modifier): ./source/blender/blenkernel/intern/modifier.cc:458 BKE_modifier_set_error: Object: "visible human head behind mempo", Modifier: "weighted normals", Enable 'Auto Smooth' in Object Data Properties
ERROR (bke.modifier): ./source/blender/blenkernel/intern/modifier.cc:458 BKE_modifier_set_error: Object: "narrow waist under-kimono volume", Modifier: "weighted normals", Enable 'Auto Smooth' in Object Data Properties
ERROR (bke.modifier): ./source/blender/blenkernel/intern/modifier.cc:458 BKE_modifier_set_error: Object: "crest central rivet", Modifier: "weighted normals", Enable 'Auto Smooth' in Object Data Properties
ERROR (bke.modifier): ./source/blender/blenkernel/intern/modifier.cc:458 BKE_modifier_set_error: Object: "ribcage under-kimono volume", Modifier: "weighted normals", Enable 'Auto Smooth' in Object Data Properties
ERROR (bke.modifier): ./source/blender/blenkernel/intern/modifier.cc:458 BKE_modifier_set_error: Object: "right side helmet flange", Modifier: "weighted normals", Enable 'Auto Smooth' in Object Data Properties
ERROR (bke.modifier): ./source/blender/blenkernel/intern/modifier.cc:458 BKE_modifier_set_error: Object: "left side helmet flange", Modifier: "weighted normals", Enable 'Auto Smooth' in Object Data Properties
ERROR (bke.modifier): ./source/blender/blenkernel/intern/modifier.cc:458 BKE_modifier_set_error: Object: "right narrow eye slit", Modifier: "weighted normals", Enable 'Auto Smooth' in Object Data Properties
ERROR (bke.modifier): ./source/blender/blenkernel/intern/modifier.cc:458 BKE_modifier_set_error: Object: "right angular mempo cheek plate", Modifier: "weighted normals", Enable 'Auto Smooth' in Object Data Properties
ERROR (bke.modifier): ./source/blender/blenkernel/intern/modifier.cc:458 BKE_modifier_set_error: Object: "mempo chin guard", Modifier: "weighted normals", Enable 'Auto Smooth' in Object Data Properties
ERROR (bke.modifier): ./source/blender/blenkernel/intern/modifier.cc:458 BKE_modifier_set_error: Object: "throat guard row 1 bevelled lamellar plate 01", Modifier: "weighted normals", Enable 'Auto Smooth' in Object Data Properties
ERROR (bke.modifier): ./source/blender/blenkernel/intern/modifier.cc:458 BKE_modifier_set_error: Object: "mempo nose ridge", Modifier: "weighted normals", Enable 'Auto Smooth' in Object Data Properties
ERROR (bke.modifier): ./source/blender/blenkernel/intern/modifier.cc:458 BKE_modifier_set_error: Object: "matte charcoal inspection plinth", Modifier: "weighted normals", Enable 'Auto Smooth' in Object Data Properties
ERROR (bke.modifier): ./source/blender/blenkernel/intern/modifier.cc:458 BKE_modifier_set_error: Object: "throat guard row 1 bevelled lamellar plate 04", Modifier: "weighted normals", Enable 'Auto Smooth' in Object Data Properties
ERROR (bke.modifier): ./source/blender/blenkernel/intern/modifier.cc:458 BKE_modifier_set_error: Object: "left angular mempo cheek plate", Modifier: "weighted normals", Enable 'Auto Smooth' in Object Data Properties
ERROR (bke.modifier): ./source/blender/blenkernel/intern/modifier.cc:458 BKE_modifier_set_error: Object: "throat guard row 1 bevelled lamellar plate 03", Modifier: "weighted normals", Enable 'Auto Smooth' in Object Data Properties
ERROR (bke.modifier): ./source/blender/blenkernel/intern/modifier.cc:458 BKE_modifier_set_error: Object: "simple round clan mon on banner", Modifier: "weighted normals", Enable 'Auto Smooth' in Object Data Properties
ERROR (bke.modifier): ./source/blender/blenkernel/intern/modifier.cc:458 BKE_modifier_set_error: Object: "left narrow eye slit", Modifier: "weighted normals", Enable 'Auto Smooth' in Object Data Properties
ERROR (bke.modifier): ./source/blender/blenkernel/intern/modifier.cc:458 BKE_modifier_set_error: Object: "throat guard row 1 bevelled lamellar plate 02", Modifier: "weighted normals", Enable 'Auto Smooth' in Object Data Properties
ERROR (bke.modifier): ./source/blender/blenkernel/intern/modifier.cc:458 BKE_modifier_set_error: Object: "upper do cuirass fitted shell", Modifier: "weighted normals", Enable 'Auto Smooth' in Object Data Properties
ERROR (bke.modifier): ./source/blender/blenkernel/intern/modifier.cc:458 BKE_modifier_set_error: Object: "throat guard row 2 bevelled lamellar plate 03", Modifier: "weighted normals", Enable 'Auto Smooth' in Object Data Properties
ERROR (bke.modifier): ./source/blender/blenkernel/intern/modifier.cc:458 BKE_modifier_set_error: Object: "lower do cuirass narrowed shell", Modifier: "weighted normals", Enable 'Auto Smooth' in Object Data Properties
ERROR (bke.modifier): ./source/blender/blenkernel/intern/modifier.cc:458 BKE_modifier_set_error: Object: "throat guard row 1 bevelled lamellar plate 05", Modifier: "weighted normals", Enable 'Auto Smooth' in Object Data Properties
ERROR (bke.modifier): ./source/blender/blenkernel/intern/modifier.cc:458 BKE_modifier_set_error: Object: "throat guard row 2 bevelled lamellar plate 02", Modifier: "weighted normals", Enable 'Auto Smooth' in Object Data Properties
ERROR (bke.modifier): ./source/blender/blenkernel/intern/modifier.cc:458 BKE_modifier_set_error: Object: "mempo grim mouth slit", Modifier: "weighted normals", Enable 'Auto Smooth' in Object Data Properties
ERROR (bke.modifier): ./source/blender/blenkernel/intern/modifier.cc:458 BKE_modifier_set_error: Object: "throat guard row 2 bevelled lamellar plate 01", Modifier: "weighted normals", Enable 'Auto Smooth' in Object Data Properties
ERROR (bke.modifier): ./source/blender/blenkernel/intern/modifier.cc:458 BKE_modifier_set_error: Object: "throat guard row 2 bevelled lamellar plate 05", Modifier: "weighted normals", Enable 'Auto Smooth' in Object Data Properties
ERROR (bke.modifier): ./source/blender/blenkernel/intern/modifier.cc:458 BKE_modifier_set_error: Object: "throat guard row 2 bevelled lamellar plate 04", Modifier: "weighted normals", Enable 'Auto Smooth' in Object Data Properties
ERROR (bke.modifier): ./source/blender/blenkernel/intern/modifier.cc:458 BKE_modifier_set_error: Object: "throat guard row 3 bevelled lamellar plate 01", Modifier: "weighted normals", Enable 'Auto Smooth' in Object Data Properties
ERROR (bke.modifier): ./source/blender/blenkernel/intern/modifier.cc:458 BKE_modifier_set_error: Object: "throat guard row 3 bevelled lamellar plate 02", Modifier: "weighted normals", Enable 'Auto Smooth' in Object Data Properties
ERROR (bke.modifier): ./source/blender/blenkernel/intern/modifier.cc:458 BKE_modifier_set_error: Object: "throat guard row 3 bevelled lamellar plate 03", Modifier: "weighted normals", Enable 'Auto Smooth' in Object Data Properties
ERROR (bke.modifier): ./source/blender/blenkernel/intern/modifier.cc:458 BKE_modifier_set_error: Object: "cloth sashimono banner panel", Modifier: "weighted normals", Enable 'Auto Smooth' in Object Data Properties
ERROR (bke.modifier): ./source/blender/blenkernel/intern/modifier.cc:458 BKE_modifier_set_error: Object: "throat guard row 3 bevelled lamellar plate 04", Modifier: "weighted normals", Enable 'Auto Smooth' in Object Data Properties
ERROR (bke.modifier): ./source/blender/blenkernel/intern/modifier.cc:458 BKE_modifier_set_error: Object: "front cuirass row 1 bevelled lamellar plate 03", Modifier: "weighted normals", Enable 'Auto Smooth' in Object Data Properties
ERROR (bke.modifier): ./source/blender/blenkernel/intern/modifier.cc:458 BKE_modifier_set_error: Object: "front cuirass row 1 bevelled lamellar plate 04", Modifier: "weighted normals", Enable 'Auto Smooth' in Object Data Properties
ERROR (bke.modifier): ./source/blender/blenkernel/intern/modifier.cc:458 BKE_modifier_set_error: Object: "front cuirass row 1 bevelled lamellar plate 01", Modifier: "weighted normals", Enable 'Auto Smooth' in Object Data Properties
ERROR (bke.modifier): ./source/blender/blenkernel/intern/modifier.cc:458 BKE_modifier_set_error: Object: "throat guard row 3 bevelled lamellar plate 05", Modifier: "weighted normals", Enable 'Auto Smooth' in Object Data Properties
ERROR (bke.modifier): ./source/blender/blenkernel/intern/modifier.cc:458 BKE_modifier_set_error: Object: "front cuirass row 1 bevelled lamellar plate 02", Modifier: "weighted normals", Enable 'Auto Smooth' in Object Data Properties
ERROR (bke.modifier): ./source/blender/blenkernel/intern/modifier.cc:458 BKE_modifier_set_error: Object: "front cuirass row 1 bevelled lamellar plate 06", Modifier: "weighted normals", Enable 'Auto Smooth' in Object Data Properties
ERROR (bke.modifier): ./source/blender/blenkernel/intern/modifier.cc:458 BKE_modifier_set_error: Object: "front cuirass row 1 bevelled lamellar plate 05", Modifier: "weighted normals", Enable 'Auto Smooth' in Object Data Properties
ERROR (bke.modifier): ./source/blender/blenkernel/intern/modifier.cc:458 BKE_modifier_set_error: Object: "front cuirass row 1 bevelled lamellar plate 07", Modifier: "weighted normals", Enable 'Auto Smooth' in Object Data Properties
ERROR (bke.modifier): ./source/blender/blenkernel/intern/modifier.cc:458 BKE_modifier_set_error: Object: "rear cuirass row 1 bevelled lamellar plate 05", Modifier: "weighted normals", Enable 'Auto Smooth' in Object Data Properties
ERROR (bke.modifier): ./source/blender/blenkernel/intern/modifier.cc:458 BKE_modifier_set_error: Object: "rear cuirass row 1 bevelled lamellar plate 04", Modifier: "weighted normals", Enable 'Auto Smooth' in Object Data Properties
ERROR (bke.modifier): ./source/blender/blenkernel/intern/modifier.cc:458 BKE_modifier_set_error: Object: "rear cuirass row 1 bevelled lamellar plate 01", Modifier: "weighted normals", Enable 'Auto Smooth' in Object Data Properties
ERROR (bke.modifier): ./source/blender/blenkernel/intern/modifier.cc:458 BKE_modifier_set_error: Object: "front cuirass row 1 bevelled lamellar plate 08", Modifier: "weighted normals", Enable 'Auto Smooth' in Object Data Properties
ERROR (bke.modifier): ./source/blender/blenkernel/intern/modifier.cc:458 BKE_modifier_set_error: Object: "rear cuirass row 1 bevelled lamellar plate 03", Modifier: "weighted normals", Enable 'Auto Smooth' in Object Data Properties
ERROR (bke.modifier): ./source/blender/blenkernel/intern/modifier.cc:458 BKE_modifier_set_error: Object: "rear cuirass row 1 bevelled lamellar plate 02", Modifier: "weighted normals", Enable 'Auto Smooth' in Object Data Properties
ERROR (bke.modifier): ./source/blender/blenkernel/intern/modifier.cc:458 BKE_modifier_set_error: Object: "rear cuirass row 1 bevelled lamellar plate 08", Modifier: "weighted normals", Enable 'Auto Smooth' in Object Data Properties
ERROR (bke.modifier): ./source/blender/blenkernel/intern/modifier.cc:458 BKE_modifier_set_error: Object: "small lacquered sashimono crossbar", Modifier: "weighted normals", Enable 'Auto Smooth' in Object Data Properties
ERROR (bke.modifier): ./source/blender/blenkernel/intern/modifier.cc:458 BKE_modifier_set_error: Object: "front cuirass row 2 bevelled lamellar plate 02", Modifier: "weighted normals", Enable 'Auto Smooth' in Object Data Properties
ERROR (bke.modifier): ./source/blender/blenkernel/intern/modifier.cc:458 BKE_modifier_set_error: Object: "front cuirass row 2 bevelled lamellar plate 01", Modifier: "weighted normals", Enable 'Auto Smooth' in Object Data Properties
ERROR (bke.modifier): ./source/blender/blenkernel/intern/modifier.cc:458 BKE_modifier_set_error: Object: "rear cuirass row 1 bevelled lamellar plate 07", Modifier: "weighted normals", Enable 'Auto Smooth' in Object Data Properties
ERROR (bke.modifier): ./source/blender/blenkernel/intern/modifier.cc:458 BKE_modifier_set_error: Object: "rear cuirass row 1 bevelled lamellar plate 06", Modifier: "weighted normals", Enable 'Auto Smooth' in Object Data Properties
ERROR (bke.modifier): ./source/blender/blenkernel/intern/modifier.cc:458 BKE_modifier_set_error: Object: "front cuirass row 2 bevelled lamellar plate 06", Modifier: "weighted normals", Enable 'Auto Smooth' in Object Data Properties
ERROR (bke.modifier): ./source/blender/blenkernel/intern/modifier.cc:458 BKE_modifier_set_error: Object: "front cuirass row 2 bevelled lamellar plate 03", Modifier: "weighted normals", Enable 'Auto Smooth' in Object Data Properties
ERROR (bke.modifier): ./source/blender/blenkernel/intern/modifier.cc:458 BKE_modifier_set_error: Object: "front cuirass row 2 bevelled lamellar plate 05", Modifier: "weighted normals", Enable 'Auto Smooth' in Object Data Properties
ERROR (bke.modifier): ./source/blender/blenkernel/intern/modifier.cc:458 BKE_modifier_set_error: Object: "rear cuirass row 2 bevelled lamellar plate 05", Modifier: "weighted normals", Enable 'Auto Smooth' in Object Data Properties
ERROR (bke.modifier): ./source/blender/blenkernel/intern/modifier.cc:458 BKE_modifier_set_error: Object: "front cuirass row 2 bevelled lamellar plate 08", Modifier: "weighted normals", Enable 'Auto Smooth' in Object Data Properties
ERROR (bke.modifier): ./source/blender/blenkernel/intern/modifier.cc:458 BKE_modifier_set_error: Object: "front cuirass row 2 bevelled lamellar plate 07", Modifier: "weighted normals", Enable 'Auto Smooth' in Object Data Properties
ERROR (bke.modifier): ./source/blender/blenkernel/intern/modifier.cc:458 BKE_modifier_set_error: Object: "front cuirass row 2 bevelled lamellar plate 04", Modifier: "weighted normals", Enable 'Auto Smooth' in Object Data Properties
ERROR (bke.modifier): ./source/blender/blenkernel/intern/modifier.cc:458 BKE_modifier_set_error: Object: "rear cuirass row 2 bevelled lamellar plate 01", Modifier: "weighted normals", Enable 'Auto Smooth' in Object Data Properties
ERROR (bke.modifier): ./source/blender/blenkernel/intern/modifier.cc:458 BKE_modifier_set_error: Object: "rear cuirass row 2 bevelled lamellar plate 02", Modifier: "weighted normals", Enable 'Auto Smooth' in Object Data Properties
ERROR (bke.modifier): ./source/blender/blenkernel/intern/modifier.cc:458 BKE_modifier_set_error: Object: "rear cuirass row 2 bevelled lamellar plate 03", Modifier: "weighted normals", Enable 'Auto Smooth' in Object Data Properties
ERROR (bke.modifier): ./source/blender/blenkernel/intern/modifier.cc:458 BKE_modifier_set_error: Object: "rear cuirass row 2 bevelled lamellar plate 04", Modifier: "weighted normals", Enable 'Auto Smooth' in Object Data Properties
ERROR (bke.modifier): ./source/blender/blenkernel/intern/modifier.cc:458 BKE_modifier_set_error: Object: "rear cuirass row 2 bevelled lamellar plate 06", Modifier: "weighted normals", Enable 'Auto Smooth' in Object Data Properties
ERROR (bke.modifier): ./source/blender/blenkernel/intern/modifier.cc:458 BKE_modifier_set_error: Object: "rear cuirass row 2 bevelled lamellar plate 07", Modifier: "weighted normals", Enable 'Auto Smooth' in Object Data Properties
ERROR (bke.modifier): ./source/blender/blenkernel/intern/modifier.cc:458 BKE_modifier_set_error: Object: "front cuirass row 3 bevelled lamellar plate 05", Modifier: "weighted normals", Enable 'Auto Smooth' in Object Data Properties
ERROR (bke.modifier): ./source/blender/blenkernel/intern/modifier.cc:458 BKE_modifier_set_error: Object: "rear cuirass row 2 bevelled lamellar plate 08", Modifier: "weighted normals", Enable 'Auto Smooth' in Object Data Properties
ERROR (bke.modifier): ./source/blender/blenkernel/intern/modifier.cc:458 BKE_modifier_set_error: Object: "front cuirass row 3 bevelled lamellar plate 01", Modifier: "weighted normals", Enable 'Auto Smooth' in Object Data Properties
ERROR (bke.modifier): ./source/blender/blenkernel/intern/modifier.cc:458 BKE_modifier_set_error: Object: "front cuirass row 3 bevelled lamellar plate 02", Modifier: "weighted normals", Enable 'Auto Smooth' in Object Data Properties
ERROR (bke.modifier): ./source/blender/blenkernel/intern/modifier.cc:458 BKE_modifier_set_error: Object: "front cuirass row 3 bevelled lamellar plate 04", Modifier: "weighted normals", Enable 'Auto Smooth' in Object Data Properties
ERROR (bke.modifier): ./source/blender/blenkernel/intern/modifier.cc:458 BKE_modifier_set_error: Object: "front cuirass row 3 bevelled lamellar plate 03", Modifier: "weighted normals", Enable 'Auto Smooth' in Object Data Properties
ERROR (bke.modifier): ./source/blender/blenkernel/intern/modifier.cc:458 BKE_modifier_set_error: Object: "square tsuba guard", Modifier: "weighted normals", Enable 'Auto Smooth' in Object Data Properties
ERROR (bke.modifier): ./source/blender/blenkernel/intern/modifier.cc:458 BKE_modifier_set_error: Object: "wrapped katana grip", Modifier: "weighted normals", Enable 'Auto Smooth' in Object Data Properties
ERROR (bke.modifier): ./source/blender/blenkernel/intern/modifier.cc:458 BKE_modifier_set_error: Object: "front cuirass row 3 bevelled lamellar plate 06", Modifier: "weighted normals", Enable 'Auto Smooth' in Object Data Properties
ERROR (bke.modifier): ./source/blender/blenkernel/intern/modifier.cc:458 BKE_modifier_set_error: Object: "rear cuirass row 3 bevelled lamellar plate 07", Modifier: "weighted normals", Enable 'Auto Smooth' in Object Data Properties
ERROR (bke.modifier): ./source/blender/blenkernel/intern/modifier.cc:458 BKE_modifier_set_error: Object: "front cuirass row 3 bevelled lamellar plate 08", Modifier: "weighted normals", Enable 'Auto Smooth' in Object Data Properties
ERROR (bke.modifier): ./source/blender/blenkernel/intern/modifier.cc:458 BKE_modifier_set_error: Object: "rear cuirass row 3 bevelled lamellar plate 02", Modifier: "weighted normals", Enable 'Auto Smooth' in Object Data Properties
ERROR (bke.modifier): ./source/blender/blenkernel/intern/modifier.cc:458 BKE_modifier_set_error: Object: "rear cuirass row 3 bevelled lamellar plate 01", Modifier: "weighted normals", Enable 'Auto Smooth' in Object Data Properties
ERROR (bke.modifier): ./source/blender/blenkernel/intern/modifier.cc:458 BKE_modifier_set_error: Object: "front cuirass row 3 bevelled lamellar plate 07", Modifier: "weighted normals", Enable 'Auto Smooth' in Object Data Properties
ERROR (bke.modifier): ./source/blender/blenkernel/intern/modifier.cc:458 BKE_modifier_set_error: Object: "rear cuirass row 3 bevelled lamellar plate 05", Modifier: "weighted normals", Enable 'Auto Smooth' in Object Data Properties
ERROR (bke.modifier): ./source/blender/blenkernel/intern/modifier.cc:458 BKE_modifier_set_error: Object: "rear cuirass row 3 bevelled lamellar plate 03", Modifier: "weighted normals", Enable 'Auto Smooth' in Object Data Properties
ERROR (bke.modifier): ./source/blender/blenkernel/intern/modifier.cc:458 BKE_modifier_set_error: Object: "rear cuirass row 3 bevelled lamellar plate 04", Modifier: "weighted normals", Enable 'Auto Smooth' in Object Data Properties
ERROR (bke.modifier): ./source/blender/blenkernel/intern/modifier.cc:458 BKE_modifier_set_error: Object: "rear cuirass row 3 bevelled lamellar plate 06", Modifier: "weighted normals", Enable 'Auto Smooth' in Object Data Properties
ERROR (bke.modifier): ./source/blender/blenkernel/intern/modifier.cc:458 BKE_modifier_set_error: Object: "rear cuirass row 3 bevelled lamellar plate 08", Modifier: "weighted normals", Enable 'Auto Smooth' in Object Data Properties
ERROR (bke.modifier): ./source/blender/blenkernel/intern/modifier.cc:458 BKE_modifier_set_error: Object: "front cuirass row 4 bevelled lamellar plate 01", Modifier: "weighted normals", Enable 'Auto Smooth' in Object Data Properties
ERROR (bke.modifier): ./source/blender/blenkernel/intern/modifier.cc:458 BKE_modifier_set_error: Object: "front cuirass row 4 bevelled lamellar plate 02", Modifier: "weighted normals", Enable 'Auto Smooth' in Object Data Properties
ERROR (bke.modifier): ./source/blender/blenkernel/intern/modifier.cc:458 BKE_modifier_set_error: Object: "front cuirass row 4 bevelled lamellar plate 06", Modifier: "weighted normals", Enable 'Auto Smooth' in Object Data Properties
ERROR (bke.modifier): ./source/blender/blenkernel/intern/modifier.cc:458 BKE_modifier_set_error: Object: "front cuirass row 4 bevelled lamellar plate 03", Modifier: "weighted normals", Enable 'Auto Smooth' in Object Data Properties
ERROR (bke.modifier): ./source/blender/blenkernel/intern/modifier.cc:458 BKE_modifier_set_error: Object: "front cuirass row 4 bevelled lamellar plate 05", Modifier: "weighted normals", Enable 'Auto Smooth' in Object Data Properties
ERROR (bke.modifier): ./source/blender/blenkernel/intern/modifier.cc:458 BKE_modifier_set_error: Object: "front cuirass row 4 bevelled lamellar plate 04", Modifier: "weighted normals", Enable 'Auto Smooth' in Object Data Properties
ERROR (bke.modifier): ./source/blender/blenkernel/intern/modifier.cc:458 BKE_modifier_set_error: Object: "rear cuirass row 4 bevelled lamellar plate 04", Modifier: "weighted normals", Enable 'Auto Smooth' in Object Data Properties
ERROR (bke.modifier): ./source/blender/blenkernel/intern/modifier.cc:458 BKE_modifier_set_error: Object: "rear cuirass row 4 bevelled lamellar plate 01", Modifier: "weighted normals", Enable 'Auto Smooth' in Object Data Properties
ERROR (bke.modifier): ./source/blender/blenkernel/intern/modifier.cc:458 BKE_modifier_set_error: Object: "rear cuirass row 4 bevelled lamellar plate 07", Modifier: "weighted normals", Enable 'Auto Smooth' in Object Data Properties
ERROR (bke.modifier): ./source/blender/blenkernel/intern/modifier.cc:458 BKE_modifier_set_error: Object: "rear cuirass row 4 bevelled lamellar plate 03", Modifier: "weighted normals", Enable 'Auto Smooth' in Object Data Properties
ERROR (bke.modifier): ./source/blender/blenkernel/intern/modifier.cc:458 BKE_modifier_set_error: Object: "front cuirass row 4 bevelled lamellar plate 08", Modifier: "weighted normals", Enable 'Auto Smooth' in Object Data Properties
ERROR (bke.modifier): ./source/blender/blenkernel/intern/modifier.cc:458 BKE_modifier_set_error: Object: "front cuirass row 4 bevelled lamellar plate 07", Modifier: "weighted normals", Enable 'Auto Smooth' in Object Data Properties
ERROR (bke.modifier): ./source/blender/blenkernel/intern/modifier.cc:458 BKE_modifier_set_error: Object: "rear cuirass row 4 bevelled lamellar plate 02", Modifier: "weighted normals", Enable 'Auto Smooth' in Object Data Properties
ERROR (bke.modifier): ./source/blender/blenkernel/intern/modifier.cc:458 BKE_modifier_set_error: Object: "rear cuirass row 4 bevelled lamellar plate 05", Modifier: "weighted normals", Enable 'Auto Smooth' in Object Data Properties
ERROR (bke.modifier): ./source/blender/blenkernel/intern/modifier.cc:458 BKE_modifier_set_error: Object: "rear cuirass row 4 bevelled lamellar plate 08", Modifier: "weighted normals", Enable 'Auto Smooth' in Object Data Properties
ERROR (bke.modifier): ./source/blender/blenkernel/intern/modifier.cc:458 BKE_modifier_set_error: Object: "rear cuirass row 4 bevelled lamellar plate 06", Modifier: "weighted normals", Enable 'Auto Smooth' in Object Data Properties
ERROR (bke.modifier): ./source/blender/blenkernel/intern/modifier.cc:458 BKE_modifier_set_error: Object: "front cuirass row 5 bevelled lamellar plate 01", Modifier: "weighted normals", Enable 'Auto Smooth' in Object Data Properties
ERROR (bke.modifier): ./source/blender/blenkernel/intern/modifier.cc:458 BKE_modifier_set_error: Object: "front cuirass row 5 bevelled lamellar plate 08", Modifier: "weighted normals", Enable 'Auto Smooth' in Object Data Properties
ERROR (bke.modifier): ./source/blender/blenkernel/intern/modifier.cc:458 BKE_modifier_set_error: Object: "front cuirass row 5 bevelled lamellar plate 02", Modifier: "weighted normals", Enable 'Auto Smooth' in Object Data Properties
ERROR (bke.modifier): ./source/blender/blenkernel/intern/modifier.cc:458 BKE_modifier_set_error: Object: "front cuirass row 5 bevelled lamellar plate 03", Modifier: "weighted normals", Enable 'Auto Smooth' in Object Data Properties
ERROR (bke.modifier): ./source/blender/blenkernel/intern/modifier.cc:458 BKE_modifier_set_error: Object: "front cuirass row 5 bevelled lamellar plate 04", Modifier: "weighted normals", Enable 'Auto Smooth' in Object Data Properties
ERROR (bke.modifier): ./source/blender/blenkernel/intern/modifier.cc:458 BKE_modifier_set_error: Object: "front cuirass row 5 bevelled lamellar plate 05", Modifier: "weighted normals", Enable 'Auto Smooth' in Object Data Properties
ERROR (bke.modifier): ./source/blender/blenkernel/intern/modifier.cc:458 BKE_modifier_set_error: Object: "front cuirass row 5 bevelled lamellar plate 07", Modifier: "weighted normals", Enable 'Auto Smooth' in Object Data Properties
ERROR (bke.modifier): ./source/blender/blenkernel/intern/modifier.cc:458 BKE_modifier_set_error: Object: "rear cuirass row 5 bevelled lamellar plate 01", Modifier: "weighted normals", Enable 'Auto Smooth' in Object Data Properties
ERROR (bke.modifier): ./source/blender/blenkernel/intern/modifier.cc:458 BKE_modifier_set_error: Object: "front cuirass row 5 bevelled lamellar plate 06", Modifier: "weighted normals", Enable 'Auto Smooth' in Object Data Properties
ERROR (bke.modifier): ./source/blender/blenkernel/intern/modifier.cc:458 BKE_modifier_set_error: Object: "right woven waraji sole grounded", Modifier: "weighted normals", Enable 'Auto Smooth' in Object Data Properties
ERROR (bke.modifier): ./source/blender/blenkernel/intern/modifier.cc:458 BKE_modifier_set_error: Object: "left side cuirass plate 1", Modifier: "weighted normals", Enable 'Auto Smooth' in Object Data Properties
ERROR (bke.modifier): ./source/blender/blenkernel/intern/modifier.cc:458 BKE_modifier_set_error: Object: "left shoulder undercloth", Modifier: "weighted normals", Enable 'Auto Smooth' in Object Data Properties
ERROR (bke.modifier): ./source/blender/blenkernel/intern/modifier.cc:458 BKE_modifier_set_error: Object: "rear cuirass row 5 bevelled lamellar plate 02", Modifier: "weighted normals", Enable 'Auto Smooth' in Object Data Properties
ERROR (bke.modifier): ./source/blender/blenkernel/intern/modifier.cc:458 BKE_modifier_set_error: Object: "right outer toe group", Modifier: "weighted normals", Enable 'Auto Smooth' in Object Data Properties
ERROR (bke.modifier): ./source/blender/blenkernel/intern/modifier.cc:458 BKE_modifier_set_error: Object: "rear cuirass row 5 bevelled lamellar plate 03", Modifier: "weighted normals", Enable 'Auto Smooth' in Object Data Properties
ERROR (bke.modifier): ./source/blender/blenkernel/intern/modifier.cc:458 BKE_modifier_set_error: Object: "rear cuirass row 5 bevelled lamellar plate 04", Modifier: "weighted normals", Enable 'Auto Smooth' in Object Data Properties
ERROR (bke.modifier): ./source/blender/blenkernel/intern/modifier.cc:458 BKE_modifier_set_error: Object: "rear cuirass row 5 bevelled lamellar plate 05", Modifier: "weighted normals", Enable 'Auto Smooth' in Object Data Properties
ERROR (bke.modifier): ./source/blender/blenkernel/intern/modifier.cc:458 BKE_modifier_set_error: Object: "right separated big toe", Modifier: "weighted normals", Enable 'Auto Smooth' in Object Data Properties
ERROR (bke.modifier): ./source/blender/blenkernel/intern/modifier.cc:458 BKE_modifier_set_error: Object: "rear cuirass row 5 bevelled lamellar plate 06", Modifier: "weighted normals", Enable 'Auto Smooth' in Object Data Properties
ERROR (bke.modifier): ./source/blender/blenkernel/intern/modifier.cc:458 BKE_modifier_set_error: Object: "left sode shoulder armor", Modifier: "weighted normals", Enable 'Auto Smooth' in Object Data Properties
ERROR (bke.modifier): ./source/blender/blenkernel/intern/modifier.cc:458 BKE_modifier_set_error: Object: "left armored upper arm", Modifier: "weighted normals", Enable 'Auto Smooth' in Object Data Properties
ERROR (bke.modifier): ./source/blender/blenkernel/intern/modifier.cc:458 BKE_modifier_set_error: Object: "left side cuirass plate 2", Modifier: "weighted normals", Enable 'Auto Smooth' in Object Data Properties
ERROR (bke.modifier): ./source/blender/blenkernel/intern/modifier.cc:458 BKE_modifier_set_error: Object: "right split-toe tabi foot volume", Modifier: "weighted normals", Enable 'Auto Smooth' in Object Data Properties
ERROR (bke.modifier): ./source/blender/blenkernel/intern/modifier.cc:458 BKE_modifier_set_error: Object: "rear cuirass row 5 bevelled lamellar plate 08", Modifier: "weighted normals", Enable 'Auto Smooth' in Object Data Properties
ERROR (bke.modifier): ./source/blender/blenkernel/intern/modifier.cc:458 BKE_modifier_set_error: Object: "rear cuirass row 5 bevelled lamellar plate 07", Modifier: "weighted normals", Enable 'Auto Smooth' in Object Data Properties
ERROR (bke.modifier): ./source/blender/blenkernel/intern/modifier.cc:458 BKE_modifier_set_error: Object: "left kote forearm guard", Modifier: "weighted normals", Enable 'Auto Smooth' in Object Data Properties
ERROR (bke.modifier): ./source/blender/blenkernel/intern/modifier.cc:458 BKE_modifier_set_error: Object: "left side cuirass plate 3", Modifier: "weighted normals", Enable 'Auto Smooth' in Object Data Properties
ERROR (bke.modifier): ./source/blender/blenkernel/intern/modifier.cc:458 BKE_modifier_set_error: Object: "left leather palm volume", Modifier: "weighted normals", Enable 'Auto Smooth' in Object Data Properties
ERROR (bke.modifier): ./source/blender/blenkernel/intern/modifier.cc:458 BKE_modifier_set_error: Object: "left index fingertip", Modifier: "weighted normals", Enable 'Auto Smooth' in Object Data Properties
ERROR (bke.modifier): ./source/blender/blenkernel/intern/modifier.cc:458 BKE_modifier_set_error: Object: "left hanging sode shoulder plate 2", Modifier: "weighted normals", Enable 'Auto Smooth' in Object Data Properties
ERROR (bke.modifier): ./source/blender/blenkernel/intern/modifier.cc:458 BKE_modifier_set_error: Object: "right side cuirass plate 1", Modifier: "weighted normals", Enable 'Auto Smooth' in Object Data Properties
ERROR (bke.modifier): ./source/blender/blenkernel/intern/modifier.cc:458 BKE_modifier_set_error: Object: "left ring fingertip", Modifier: "weighted normals", Enable 'Auto Smooth' in Object Data Properties
ERROR (bke.modifier): ./source/blender/blenkernel/intern/modifier.cc:458 BKE_modifier_set_error: Object: "left middle fingertip", Modifier: "weighted normals", Enable 'Auto Smooth' in Object Data Properties
ERROR (bke.modifier): ./source/blender/blenkernel/intern/modifier.cc:458 BKE_modifier_set_error: Object: "right shin greave", Modifier: "weighted normals", Enable 'Auto Smooth' in Object Data Properties
ERROR (bke.modifier): ./source/blender/blenkernel/intern/modifier.cc:458 BKE_modifier_set_error: Object: "right side cuirass plate 2", Modifier: "weighted normals", Enable 'Auto Smooth' in Object Data Properties
ERROR (bke.modifier): ./source/blender/blenkernel/intern/modifier.cc:458 BKE_modifier_set_error: Object: "left pinky fingertip", Modifier: "weighted normals", Enable 'Auto Smooth' in Object Data Properties
ERROR (bke.modifier): ./source/blender/blenkernel/intern/modifier.cc:458 BKE_modifier_set_error: Object: "left thumb fingertip", Modifier: "weighted normals", Enable 'Auto Smooth' in Object Data Properties
ERROR (bke.modifier): ./source/blender/blenkernel/intern/modifier.cc:458 BKE_modifier_set_error: Object: "right side cuirass plate 3", Modifier: "weighted normals", Enable 'Auto Smooth' in Object Data Properties
ERROR (bke.modifier): ./source/blender/blenkernel/intern/modifier.cc:458 BKE_modifier_set_error: Object: "right shoulder undercloth", Modifier: "weighted normals", Enable 'Auto Smooth' in Object Data Properties
ERROR (bke.modifier): ./source/blender/blenkernel/intern/modifier.cc:458 BKE_modifier_set_error: Object: "right sode shoulder armor", Modifier: "weighted normals", Enable 'Auto Smooth' in Object Data Properties
ERROR (bke.modifier): ./source/blender/blenkernel/intern/modifier.cc:458 BKE_modifier_set_error: Object: "right index fingertip", Modifier: "weighted normals", Enable 'Auto Smooth' in Object Data Properties
ERROR (bke.modifier): ./source/blender/blenkernel/intern/modifier.cc:458 BKE_modifier_set_error: Object: "right middle fingertip", Modifier: "weighted normals", Enable 'Auto Smooth' in Object Data Properties
ERROR (bke.modifier): ./source/blender/blenkernel/intern/modifier.cc:458 BKE_modifier_set_error: Object: "right armored upper arm", Modifier: "weighted normals", Enable 'Auto Smooth' in Object Data Properties
ERROR (bke.modifier): ./source/blender/blenkernel/intern/modifier.cc:458 BKE_modifier_set_error: Object: "left hanging sode shoulder plate 1", Modifier: "weighted normals", Enable 'Auto Smooth' in Object Data Properties
ERROR (bke.modifier): ./source/blender/blenkernel/intern/modifier.cc:458 BKE_modifier_set_error: Object: "left hanging sode shoulder plate 4", Modifier: "weighted normals", Enable 'Auto Smooth' in Object Data Properties
ERROR (bke.modifier): ./source/blender/blenkernel/intern/modifier.cc:458 BKE_modifier_set_error: Object: "right ring fingertip", Modifier: "weighted normals", Enable 'Auto Smooth' in Object Data Properties
ERROR (bke.modifier): ./source/blender/blenkernel/intern/modifier.cc:458 BKE_modifier_set_error: Object: "right kote forearm guard", Modifier: "weighted normals", Enable 'Auto Smooth' in Object Data Properties
ERROR (bke.modifier): ./source/blender/blenkernel/intern/modifier.cc:458 BKE_modifier_set_error: Object: "left hanging sode shoulder plate 3", Modifier: "weighted normals", Enable 'Auto Smooth' in Object Data Properties
ERROR (bke.modifier): ./source/blender/blenkernel/intern/modifier.cc:458 BKE_modifier_set_error: Object: "right hakama trouser leg", Modifier: "weighted normals", Enable 'Auto Smooth' in Object Data Properties
ERROR (bke.modifier): ./source/blender/blenkernel/intern/modifier.cc:458 BKE_modifier_set_error: Object: "right pinky fingertip", Modifier: "weighted normals", Enable 'Auto Smooth' in Object Data Properties
ERROR (bke.modifier): ./source/blender/blenkernel/intern/modifier.cc:458 BKE_modifier_set_error: Object: "right thumb fingertip", Modifier: "weighted normals", Enable 'Auto Smooth' in Object Data Properties
ERROR (bke.modifier): ./source/blender/blenkernel/intern/modifier.cc:458 BKE_modifier_set_error: Object: "right leather palm volume", Modifier: "weighted normals", Enable 'Auto Smooth' in Object Data Properties
ERROR (bke.modifier): ./source/blender/blenkernel/intern/modifier.cc:458 BKE_modifier_set_error: Object: "kusazuri skirt plate +0 row 2", Modifier: "weighted normals", Enable 'Auto Smooth' in Object Data Properties
ERROR (bke.modifier): ./source/blender/blenkernel/intern/modifier.cc:458 BKE_modifier_set_error: Object: "right hanging sode shoulder plate 1", Modifier: "weighted normals", Enable 'Auto Smooth' in Object Data Properties
ERROR (bke.modifier): ./source/blender/blenkernel/intern/modifier.cc:458 BKE_modifier_set_error: Object: "right hanging sode shoulder plate 4", Modifier: "weighted normals", Enable 'Auto Smooth' in Object Data Properties
ERROR (bke.modifier): ./source/blender/blenkernel/intern/modifier.cc:458 BKE_modifier_set_error: Object: "right hanging sode shoulder plate 2", Modifier: "weighted normals", Enable 'Auto Smooth' in Object Data Properties
ERROR (bke.modifier): ./source/blender/blenkernel/intern/modifier.cc:458 BKE_modifier_set_error: Object: "kusazuri skirt plate -1 row 1", Modifier: "weighted normals", Enable 'Auto Smooth' in Object Data Properties
ERROR (bke.modifier): ./source/blender/blenkernel/intern/modifier.cc:458 BKE_modifier_set_error: Object: "kusazuri skirt plate -1 row 2", Modifier: "weighted normals", Enable 'Auto Smooth' in Object Data Properties
ERROR (bke.modifier): ./source/blender/blenkernel/intern/modifier.cc:458 BKE_modifier_set_error: Object: "rear kusazuri skirt plate -1 row 1", Modifier: "weighted normals", Enable 'Auto Smooth' in Object Data Properties
ERROR (bke.modifier): ./source/blender/blenkernel/intern/modifier.cc:458 BKE_modifier_set_error: Object: "rear kusazuri skirt plate +0 row 1", Modifier: "weighted normals", Enable 'Auto Smooth' in Object Data Properties
ERROR (bke.modifier): ./source/blender/blenkernel/intern/modifier.cc:458 BKE_modifier_set_error: Object: "kusazuri skirt plate +0 row 1", Modifier: "weighted normals", Enable 'Auto Smooth' in Object Data Properties
ERROR (bke.modifier): ./source/blender/blenkernel/intern/modifier.cc:458 BKE_modifier_set_error: Object: "rear kusazuri skirt plate -1 row 3", Modifier: "weighted normals", Enable 'Auto Smooth' in Object Data Properties
ERROR (bke.modifier): ./source/blender/blenkernel/intern/modifier.cc:458 BKE_modifier_set_error: Object: "kusazuri skirt plate -1 row 3", Modifier: "weighted normals", Enable 'Auto Smooth' in Object Data Properties
ERROR (bke.modifier): ./source/blender/blenkernel/intern/modifier.cc:458 BKE_modifier_set_error: Object: "rear kusazuri skirt plate -1 row 2", Modifier: "weighted normals", Enable 'Auto Smooth' in Object Data Properties
ERROR (bke.modifier): ./source/blender/blenkernel/intern/modifier.cc:458 BKE_modifier_set_error: Object: "rear kusazuri skirt plate +0 row 3", Modifier: "weighted normals", Enable 'Auto Smooth' in Object Data Properties
ERROR (bke.modifier): ./source/blender/blenkernel/intern/modifier.cc:458 BKE_modifier_set_error: Object: "rear kusazuri skirt plate +0 row 2", Modifier: "weighted normals", Enable 'Auto Smooth' in Object Data Properties
ERROR (bke.modifier): ./source/blender/blenkernel/intern/modifier.cc:458 BKE_modifier_set_error: Object: "right hanging sode shoulder plate 3", Modifier: "weighted normals", Enable 'Auto Smooth' in Object Data Properties
ERROR (bke.modifier): ./source/blender/blenkernel/intern/modifier.cc:458 BKE_modifier_set_error: Object: "kusazuri skirt plate +0 row 3", Modifier: "weighted normals", Enable 'Auto Smooth' in Object Data Properties
ERROR (bke.modifier): ./source/blender/blenkernel/intern/modifier.cc:458 BKE_modifier_set_error: Object: "left hakama trouser leg", Modifier: "weighted normals", Enable 'Auto Smooth' in Object Data Properties
ERROR (bke.modifier): ./source/blender/blenkernel/intern/modifier.cc:458 BKE_modifier_set_error: Object: "left shin greave", Modifier: "weighted normals", Enable 'Auto Smooth' in Object Data Properties
ERROR (bke.modifier): ./source/blender/blenkernel/intern/modifier.cc:458 BKE_modifier_set_error: Object: "left split-toe tabi foot volume", Modifier: "weighted normals", Enable 'Auto Smooth' in Object Data Properties
ERROR (bke.modifier): ./source/blender/blenkernel/intern/modifier.cc:458 BKE_modifier_set_error: Object: "left separated big toe", Modifier: "weighted normals", Enable 'Auto Smooth' in Object Data Properties
ERROR (bke.modifier): ./source/blender/blenkernel/intern/modifier.cc:458 BKE_modifier_set_error: Object: "left outer toe group", Modifier: "weighted normals", Enable 'Auto Smooth' in Object Data Properties
ERROR (bke.modifier): ./source/blender/blenkernel/intern/modifier.cc:458 BKE_modifier_set_error: Object: "kusazuri skirt plate +1 row 1", Modifier: "weighted normals", Enable 'Auto Smooth' in Object Data Properties
ERROR (bke.modifier): ./source/blender/blenkernel/intern/modifier.cc:458 BKE_modifier_set_error: Object: "rear kusazuri skirt plate +1 row 1", Modifier: "weighted normals", Enable 'Auto Smooth' in Object Data Properties
ERROR (bke.modifier): ./source/blender/blenkernel/intern/modifier.cc:458 BKE_modifier_set_error: Object: "kusazuri skirt plate +1 row 3", Modifier: "weighted normals", Enable 'Auto Smooth' in Object Data Properties
ERROR (bke.modifier): ./source/blender/blenkernel/intern/modifier.cc:458 BKE_modifier_set_error: Object: "rear kusazuri skirt plate +1 row 2", Modifier: "weighted normals", Enable 'Auto Smooth' in Object Data Properties
ERROR (bke.modifier): ./source/blender/blenkernel/intern/modifier.cc:458 BKE_modifier_set_error: Object: "rear kusazuri skirt plate +1 row 3", Modifier: "weighted normals", Enable 'Auto Smooth' in Object Data Properties
ERROR (bke.modifier): ./source/blender/blenkernel/intern/modifier.cc:458 BKE_modifier_set_error: Object: "kusazuri skirt plate +1 row 2", Modifier: "weighted normals", Enable 'Auto Smooth' in Object Data Properties
ERROR (bke.modifier): ./source/blender/blenkernel/intern/modifier.cc:458 BKE_modifier_set_error: Object: "left woven waraji sole grounded", Modifier: "weighted normals", Enable 'Auto Smooth' in Object Data Properties
Fra:1 Mem:47.25M (Peak 47.27M) | Time:00:00.05 | Syncing matte charcoal inspection plinth
Fra:1 Mem:47.26M (Peak 47.31M) | Time:00:00.05 | Syncing ribcage under-kimono volume
Fra:1 Mem:47.35M (Peak 47.35M) | Time:00:00.05 | Syncing narrow waist under-kimono volume
Fra:1 Mem:47.42M (Peak 47.42M) | Time:00:00.05 | Syncing visible human head behind mempo
Fra:1 Mem:47.51M (Peak 47.51M) | Time:00:00.05 | Syncing thin exposed neck
Fra:1 Mem:47.52M (Peak 47.53M) | Time:00:00.05 | Syncing neck guard collar
Fra:1 Mem:47.54M (Peak 47.58M) | Time:00:00.05 | Syncing segmented kabuto helmet bowl
Fra:1 Mem:47.71M (Peak 47.71M) | Time:00:00.05 | Syncing wide kabuto brim
Fra:1 Mem:47.73M (Peak 47.73M) | Time:00:00.05 | Syncing layered rear shikoro neck guard
Fra:1 Mem:47.75M (Peak 47.75M) | Time:00:00.05 | Syncing left side helmet flange
Fra:1 Mem:47.76M (Peak 47.76M) | Time:00:00.05 | Syncing right side helmet flange
Fra:1 Mem:47.77M (Peak 47.77M) | Time:00:00.05 | Syncing golden maedate crescent crest
Fra:1 Mem:47.79M (Peak 47.84M) | Time:00:00.05 | Syncing crest central rivet
Fra:1 Mem:47.80M (Peak 47.84M) | Time:00:00.05 | Syncing left angular mempo cheek plate
Fra:1 Mem:47.82M (Peak 47.86M) | Time:00:00.05 | Syncing right angular mempo cheek plate
Fra:1 Mem:47.84M (Peak 47.86M) | Time:00:00.05 | Syncing mempo chin guard
Fra:1 Mem:47.86M (Peak 47.86M) | Time:00:00.05 | Syncing mempo nose ridge
Fra:1 Mem:47.87M (Peak 47.87M) | Time:00:00.05 | Syncing left narrow eye slit
Fra:1 Mem:47.89M (Peak 47.89M) | Time:00:00.05 | Syncing right narrow eye slit
Fra:1 Mem:47.90M (Peak 47.90M) | Time:00:00.05 | Syncing mempo grim mouth slit
Fra:1 Mem:47.91M (Peak 47.91M) | Time:00:00.05 | Syncing left mask moustache bristle
Fra:1 Mem:47.92M (Peak 47.92M) | Time:00:00.05 | Syncing right mask moustache bristle
Fra:1 Mem:47.93M (Peak 47.93M) | Time:00:00.05 | Syncing throat guard row 1 bevelled lamel
Fra:1 Mem:47.95M (Peak 47.95M) | Time:00:00.05 | Syncing throat guard row 1 bevelled lamel
Fra:1 Mem:47.97M (Peak 47.97M) | Time:00:00.05 | Syncing throat guard row 1 bevelled lamel
Fra:1 Mem:47.99M (Peak 47.99M) | Time:00:00.05 | Syncing throat guard row 1 bevelled lamel
Fra:1 Mem:48.01M (Peak 48.01M) | Time:00:00.05 | Syncing throat guard row 1 bevelled lamel
Fra:1 Mem:48.02M (Peak 48.02M) | Time:00:00.05 | Syncing throat guard row 2 bevelled lamel
Fra:1 Mem:48.04M (Peak 48.04M) | Time:00:00.05 | Syncing throat guard row 2 bevelled lamel
Fra:1 Mem:48.06M (Peak 48.06M) | Time:00:00.05 | Syncing throat guard row 2 bevelled lamel
Fra:1 Mem:48.08M (Peak 48.08M) | Time:00:00.05 | Syncing throat guard row 2 bevelled lamel
Fra:1 Mem:48.10M (Peak 48.10M) | Time:00:00.05 | Syncing throat guard row 2 bevelled lamel
Fra:1 Mem:48.12M (Peak 48.12M) | Time:00:00.05 | Syncing throat guard row 3 bevelled lamel
Fra:1 Mem:48.14M (Peak 48.14M) | Time:00:00.05 | Syncing throat guard row 3 bevelled lamel
Fra:1 Mem:48.16M (Peak 48.16M) | Time:00:00.05 | Syncing throat guard row 3 bevelled lamel
Fra:1 Mem:48.18M (Peak 48.18M) | Time:00:00.05 | Syncing throat guard row 3 bevelled lamel
Fra:1 Mem:48.20M (Peak 48.20M) | Time:00:00.05 | Syncing throat guard row 3 bevelled lamel
Fra:1 Mem:48.22M (Peak 48.22M) | Time:00:00.05 | Syncing upper do cuirass fitted shell
Fra:1 Mem:48.32M (Peak 48.32M) | Time:00:00.05 | Syncing lower do cuirass narrowed shell
Fra:1 Mem:48.40M (Peak 48.40M) | Time:00:00.05 | Syncing front cuirass row 1 bevelled lame
Fra:1 Mem:48.42M (Peak 48.42M) | Time:00:00.05 | Syncing front cuirass row 1 bevelled lame
Fra:1 Mem:48.44M (Peak 48.44M) | Time:00:00.06 | Syncing front cuirass row 1 bevelled lame
Fra:1 Mem:48.46M (Peak 48.46M) | Time:00:00.06 | Syncing front cuirass row 1 bevelled lame
Fra:1 Mem:48.48M (Peak 48.48M) | Time:00:00.06 | Syncing front cuirass row 1 bevelled lame
Fra:1 Mem:48.50M (Peak 48.50M) | Time:00:00.06 | Syncing front cuirass row 1 bevelled lame
Fra:1 Mem:48.52M (Peak 48.52M) | Time:00:00.06 | Syncing front cuirass row 1 bevelled lame
Fra:1 Mem:48.54M (Peak 48.54M) | Time:00:00.06 | Syncing front cuirass row 1 bevelled lame
Fra:1 Mem:48.56M (Peak 48.56M) | Time:00:00.06 | Syncing rear cuirass row 1 bevelled lamel
Fra:1 Mem:48.58M (Peak 48.58M) | Time:00:00.06 | Syncing rear cuirass row 1 bevelled lamel
Fra:1 Mem:48.60M (Peak 48.60M) | Time:00:00.06 | Syncing rear cuirass row 1 bevelled lamel
Fra:1 Mem:48.62M (Peak 48.62M) | Time:00:00.06 | Syncing rear cuirass row 1 bevelled lamel
Fra:1 Mem:48.63M (Peak 48.63M) | Time:00:00.06 | Syncing rear cuirass row 1 bevelled lamel
Fra:1 Mem:48.65M (Peak 48.65M) | Time:00:00.06 | Syncing rear cuirass row 1 bevelled lamel
Fra:1 Mem:48.67M (Peak 48.67M) | Time:00:00.06 | Syncing rear cuirass row 1 bevelled lamel
Fra:1 Mem:48.69M (Peak 48.69M) | Time:00:00.06 | Syncing rear cuirass row 1 bevelled lamel
Fra:1 Mem:48.71M (Peak 48.71M) | Time:00:00.06 | Syncing front cuirass row 2 bevelled lame
Fra:1 Mem:48.73M (Peak 48.73M) | Time:00:00.06 | Syncing front cuirass row 2 bevelled lame
Fra:1 Mem:48.75M (Peak 48.75M) | Time:00:00.06 | Syncing front cuirass row 2 bevelled lame
Fra:1 Mem:48.77M (Peak 48.77M) | Time:00:00.06 | Syncing front cuirass row 2 bevelled lame
Fra:1 Mem:48.79M (Peak 48.79M) | Time:00:00.06 | Syncing front cuirass row 2 bevelled lame
Fra:1 Mem:48.81M (Peak 48.81M) | Time:00:00.06 | Syncing front cuirass row 2 bevelled lame
Fra:1 Mem:48.83M (Peak 48.83M) | Time:00:00.06 | Syncing front cuirass row 2 bevelled lame
Fra:1 Mem:48.85M (Peak 48.85M) | Time:00:00.06 | Syncing front cuirass row 2 bevelled lame
Fra:1 Mem:48.87M (Peak 48.87M) | Time:00:00.06 | Syncing rear cuirass row 2 bevelled lamel
Fra:1 Mem:48.89M (Peak 48.89M) | Time:00:00.06 | Syncing rear cuirass row 2 bevelled lamel
Fra:1 Mem:48.91M (Peak 48.91M) | Time:00:00.06 | Syncing rear cuirass row 2 bevelled lamel
Fra:1 Mem:48.93M (Peak 48.93M) | Time:00:00.06 | Syncing rear cuirass row 2 bevelled lamel
Fra:1 Mem:48.95M (Peak 48.95M) | Time:00:00.06 | Syncing rear cuirass row 2 bevelled lamel
Fra:1 Mem:48.96M (Peak 48.96M) | Time:00:00.06 | Syncing rear cuirass row 2 bevelled lamel
Fra:1 Mem:48.98M (Peak 48.98M) | Time:00:00.06 | Syncing rear cuirass row 2 bevelled lamel
Fra:1 Mem:49.00M (Peak 49.00M) | Time:00:00.06 | Syncing rear cuirass row 2 bevelled lamel
Fra:1 Mem:49.02M (Peak 49.02M) | Time:00:00.06 | Syncing front cuirass row 3 bevelled lame
Fra:1 Mem:49.04M (Peak 49.04M) | Time:00:00.06 | Syncing front cuirass row 3 bevelled lame
Fra:1 Mem:49.06M (Peak 49.06M) | Time:00:00.06 | Syncing front cuirass row 3 bevelled lame
Fra:1 Mem:49.08M (Peak 49.08M) | Time:00:00.06 | Syncing front cuirass row 3 bevelled lame
Fra:1 Mem:49.10M (Peak 49.10M) | Time:00:00.06 | Syncing front cuirass row 3 bevelled lame
Fra:1 Mem:49.12M (Peak 49.12M) | Time:00:00.06 | Syncing front cuirass row 3 bevelled lame
Fra:1 Mem:49.14M (Peak 49.14M) | Time:00:00.06 | Syncing front cuirass row 3 bevelled lame
Fra:1 Mem:49.16M (Peak 49.16M) | Time:00:00.06 | Syncing front cuirass row 3 bevelled lame
Fra:1 Mem:49.18M (Peak 49.18M) | Time:00:00.06 | Syncing rear cuirass row 3 bevelled lamel
Fra:1 Mem:49.20M (Peak 49.20M) | Time:00:00.06 | Syncing rear cuirass row 3 bevelled lamel
Fra:1 Mem:49.22M (Peak 49.22M) | Time:00:00.06 | Syncing rear cuirass row 3 bevelled lamel
Fra:1 Mem:49.23M (Peak 49.23M) | Time:00:00.06 | Syncing rear cuirass row 3 bevelled lamel
Fra:1 Mem:49.25M (Peak 49.25M) | Time:00:00.06 | Syncing rear cuirass row 3 bevelled lamel
Fra:1 Mem:49.27M (Peak 49.27M) | Time:00:00.06 | Syncing rear cuirass row 3 bevelled lamel
Fra:1 Mem:49.29M (Peak 49.29M) | Time:00:00.06 | Syncing rear cuirass row 3 bevelled lamel
Fra:1 Mem:49.31M (Peak 49.31M) | Time:00:00.06 | Syncing rear cuirass row 3 bevelled lamel
Fra:1 Mem:49.33M (Peak 49.33M) | Time:00:00.06 | Syncing front cuirass row 4 bevelled lame
Fra:1 Mem:49.35M (Peak 49.35M) | Time:00:00.06 | Syncing front cuirass row 4 bevelled lame
Fra:1 Mem:49.37M (Peak 49.37M) | Time:00:00.06 | Syncing front cuirass row 4 bevelled lame
Fra:1 Mem:49.39M (Peak 49.39M) | Time:00:00.06 | Syncing front cuirass row 4 bevelled lame
Fra:1 Mem:49.41M (Peak 49.41M) | Time:00:00.06 | Syncing front cuirass row 4 bevelled lame
Fra:1 Mem:49.43M (Peak 49.43M) | Time:00:00.06 | Syncing front cuirass row 4 bevelled lame
Fra:1 Mem:49.45M (Peak 49.45M) | Time:00:00.06 | Syncing front cuirass row 4 bevelled lame
Fra:1 Mem:49.47M (Peak 49.47M) | Time:00:00.06 | Syncing front cuirass row 4 bevelled lame
Fra:1 Mem:49.49M (Peak 49.49M) | Time:00:00.06 | Syncing rear cuirass row 4 bevelled lamel
Fra:1 Mem:49.50M (Peak 49.50M) | Time:00:00.06 | Syncing rear cuirass row 4 bevelled lamel
Fra:1 Mem:49.52M (Peak 49.52M) | Time:00:00.06 | Syncing rear cuirass row 4 bevelled lamel
Fra:1 Mem:49.54M (Peak 49.54M) | Time:00:00.06 | Syncing rear cuirass row 4 bevelled lamel
Fra:1 Mem:49.56M (Peak 49.56M) | Time:00:00.06 | Syncing rear cuirass row 4 bevelled lamel
Fra:1 Mem:49.58M (Peak 49.58M) | Time:00:00.06 | Syncing rear cuirass row 4 bevelled lamel
Fra:1 Mem:49.60M (Peak 49.60M) | Time:00:00.06 | Syncing rear cuirass row 4 bevelled lamel
Fra:1 Mem:49.62M (Peak 49.62M) | Time:00:00.06 | Syncing rear cuirass row 4 bevelled lamel
Fra:1 Mem:49.64M (Peak 49.64M) | Time:00:00.06 | Syncing front cuirass row 5 bevelled lame
Fra:1 Mem:49.66M (Peak 49.66M) | Time:00:00.06 | Syncing front cuirass row 5 bevelled lame
Fra:1 Mem:49.68M (Peak 49.68M) | Time:00:00.06 | Syncing front cuirass row 5 bevelled lame
Fra:1 Mem:49.70M (Peak 49.70M) | Time:00:00.06 | Syncing front cuirass row 5 bevelled lame
Fra:1 Mem:49.72M (Peak 49.72M) | Time:00:00.06 | Syncing front cuirass row 5 bevelled lame
Fra:1 Mem:49.74M (Peak 49.74M) | Time:00:00.06 | Syncing front cuirass row 5 bevelled lame
Fra:1 Mem:49.76M (Peak 49.76M) | Time:00:00.06 | Syncing front cuirass row 5 bevelled lame
Fra:1 Mem:49.78M (Peak 49.78M) | Time:00:00.06 | Syncing front cuirass row 5 bevelled lame
Fra:1 Mem:49.79M (Peak 49.79M) | Time:00:00.06 | Syncing rear cuirass row 5 bevelled lamel
Fra:1 Mem:49.81M (Peak 49.81M) | Time:00:00.06 | Syncing rear cuirass row 5 bevelled lamel
Fra:1 Mem:49.83M (Peak 49.83M) | Time:00:00.06 | Syncing rear cuirass row 5 bevelled lamel
Fra:1 Mem:49.85M (Peak 49.85M) | Time:00:00.06 | Syncing rear cuirass row 5 bevelled lamel
Fra:1 Mem:49.87M (Peak 49.87M) | Time:00:00.06 | Syncing rear cuirass row 5 bevelled lamel
Fra:1 Mem:49.89M (Peak 49.89M) | Time:00:00.06 | Syncing rear cuirass row 5 bevelled lamel
Fra:1 Mem:49.91M (Peak 49.91M) | Time:00:00.06 | Syncing rear cuirass row 5 bevelled lamel
Fra:1 Mem:49.93M (Peak 49.93M) | Time:00:00.06 | Syncing rear cuirass row 5 bevelled lamel
Fra:1 Mem:49.95M (Peak 49.95M) | Time:00:00.06 | Syncing left side cuirass plate 1
Fra:1 Mem:49.96M (Peak 49.96M) | Time:00:00.06 | Syncing left side cuirass plate 2
Fra:1 Mem:49.98M (Peak 49.98M) | Time:00:00.06 | Syncing left side cuirass plate 3
Fra:1 Mem:49.99M (Peak 49.99M) | Time:00:00.06 | Syncing right side cuirass plate 1
Fra:1 Mem:50.00M (Peak 50.00M) | Time:00:00.06 | Syncing right side cuirass plate 2
Fra:1 Mem:50.02M (Peak 50.02M) | Time:00:00.06 | Syncing right side cuirass plate 3
Fra:1 Mem:50.03M (Peak 50.03M) | Time:00:00.06 | Syncing left shoulder undercloth
Fra:1 Mem:50.09M (Peak 50.09M) | Time:00:00.06 | Syncing left hanging sode shoulder plate 
Fra:1 Mem:50.11M (Peak 50.11M) | Time:00:00.06 | Syncing left hanging sode shoulder plate 
Fra:1 Mem:50.13M (Peak 50.13M) | Time:00:00.06 | Syncing left hanging sode shoulder plate 
Fra:1 Mem:50.15M (Peak 50.15M) | Time:00:00.06 | Syncing left hanging sode shoulder plate 
Fra:1 Mem:50.17M (Peak 50.17M) | Time:00:00.06 | Syncing left armored upper arm
Fra:1 Mem:50.22M (Peak 50.22M) | Time:00:00.06 | Syncing left sode shoulder armor
Fra:1 Mem:50.27M (Peak 50.27M) | Time:00:00.06 | Syncing left kote forearm guard
Fra:1 Mem:50.32M (Peak 50.32M) | Time:00:00.06 | Syncing left leather palm volume
Fra:1 Mem:50.36M (Peak 50.38M) | Time:00:00.06 | Syncing left articulated index finger
Fra:1 Mem:50.37M (Peak 50.38M) | Time:00:00.06 | Syncing left index fingertip
Fra:1 Mem:50.38M (Peak 50.38M) | Time:00:00.06 | Syncing left articulated middle finger
Fra:1 Mem:50.39M (Peak 50.39M) | Time:00:00.06 | Syncing left middle fingertip
Fra:1 Mem:50.40M (Peak 50.40M) | Time:00:00.06 | Syncing left articulated ring finger
Fra:1 Mem:50.41M (Peak 50.41M) | Time:00:00.06 | Syncing left ring fingertip
Fra:1 Mem:50.42M (Peak 50.42M) | Time:00:00.06 | Syncing left articulated pinky finger
Fra:1 Mem:50.43M (Peak 50.43M) | Time:00:00.06 | Syncing left pinky fingertip
Fra:1 Mem:50.44M (Peak 50.44M) | Time:00:00.06 | Syncing left opposed thumb
Fra:1 Mem:50.45M (Peak 50.45M) | Time:00:00.06 | Syncing left thumb fingertip
Fra:1 Mem:50.47M (Peak 50.47M) | Time:00:00.06 | Syncing right shoulder undercloth
Fra:1 Mem:50.52M (Peak 50.52M) | Time:00:00.06 | Syncing right hanging sode shoulder plate
Fra:1 Mem:50.54M (Peak 50.54M) | Time:00:00.06 | Syncing right hanging sode shoulder plate
Fra:1 Mem:50.56M (Peak 50.56M) | Time:00:00.06 | Syncing right hanging sode shoulder plate
Fra:1 Mem:50.58M (Peak 50.58M) | Time:00:00.06 | Syncing right hanging sode shoulder plate
Fra:1 Mem:50.60M (Peak 50.60M) | Time:00:00.06 | Syncing right armored upper arm
Fra:1 Mem:50.66M (Peak 50.66M) | Time:00:00.06 | Syncing right sode shoulder armor
Fra:1 Mem:50.70M (Peak 50.70M) | Time:00:00.06 | Syncing right kote forearm guard
Fra:1 Mem:50.75M (Peak 50.75M) | Time:00:00.06 | Syncing right leather palm volume
Fra:1 Mem:50.79M (Peak 50.79M) | Time:00:00.06 | Syncing right articulated index finger
Fra:1 Mem:50.80M (Peak 50.80M) | Time:00:00.06 | Syncing right index fingertip
Fra:1 Mem:50.81M (Peak 50.81M) | Time:00:00.06 | Syncing right articulated middle finger
Fra:1 Mem:50.82M (Peak 50.82M) | Time:00:00.06 | Syncing right middle fingertip
Fra:1 Mem:50.83M (Peak 50.83M) | Time:00:00.06 | Syncing right articulated ring finger
Fra:1 Mem:50.84M (Peak 50.84M) | Time:00:00.06 | Syncing right ring fingertip
Fra:1 Mem:50.85M (Peak 50.85M) | Time:00:00.06 | Syncing right articulated pinky finger
Fra:1 Mem:50.86M (Peak 50.86M) | Time:00:00.06 | Syncing right pinky fingertip
Fra:1 Mem:50.87M (Peak 50.87M) | Time:00:00.06 | Syncing right opposed thumb
Fra:1 Mem:50.88M (Peak 50.88M) | Time:00:00.06 | Syncing right thumb fingertip
Fra:1 Mem:50.90M (Peak 50.90M) | Time:00:00.06 | Syncing kusazuri skirt plate -1 row 1
Fra:1 Mem:50.91M (Peak 50.91M) | Time:00:00.06 | Syncing rear kusazuri skirt plate -1 row 
Fra:1 Mem:50.93M (Peak 50.93M) | Time:00:00.06 | Syncing kusazuri skirt plate -1 row 2
Fra:1 Mem:50.94M (Peak 50.94M) | Time:00:00.06 | Syncing rear kusazuri skirt plate -1 row 
Fra:1 Mem:50.96M (Peak 50.96M) | Time:00:00.06 | Syncing kusazuri skirt plate -1 row 3
Fra:1 Mem:50.97M (Peak 50.97M) | Time:00:00.06 | Syncing rear kusazuri skirt plate -1 row 
Fra:1 Mem:50.98M (Peak 50.98M) | Time:00:00.06 | Syncing kusazuri skirt plate +0 row 1
Fra:1 Mem:51.00M (Peak 51.00M) | Time:00:00.06 | Syncing rear kusazuri skirt plate +0 row 
Fra:1 Mem:51.01M (Peak 51.01M) | Time:00:00.06 | Syncing kusazuri skirt plate +0 row 2
Fra:1 Mem:51.03M (Peak 51.03M) | Time:00:00.06 | Syncing rear kusazuri skirt plate +0 row 
Fra:1 Mem:51.04M (Peak 51.04M) | Time:00:00.06 | Syncing kusazuri skirt plate +0 row 3
Fra:1 Mem:51.05M (Peak 51.05M) | Time:00:00.07 | Syncing rear kusazuri skirt plate +0 row 
Fra:1 Mem:51.07M (Peak 51.07M) | Time:00:00.07 | Syncing kusazuri skirt plate +1 row 1
Fra:1 Mem:51.08M (Peak 51.08M) | Time:00:00.07 | Syncing rear kusazuri skirt plate +1 row 
Fra:1 Mem:51.10M (Peak 51.10M) | Time:00:00.07 | Syncing kusazuri skirt plate +1 row 2
Fra:1 Mem:51.11M (Peak 51.11M) | Time:00:00.07 | Syncing rear kusazuri skirt plate +1 row 
Fra:1 Mem:51.12M (Peak 51.12M) | Time:00:00.07 | Syncing kusazuri skirt plate +1 row 3
Fra:1 Mem:51.14M (Peak 51.14M) | Time:00:00.07 | Syncing rear kusazuri skirt plate +1 row 
Fra:1 Mem:51.15M (Peak 51.15M) | Time:00:00.07 | Syncing left hakama trouser leg
Fra:1 Mem:51.21M (Peak 51.21M) | Time:00:00.07 | Syncing left shin greave
Fra:1 Mem:51.26M (Peak 51.26M) | Time:00:00.07 | Syncing left split-toe tabi foot volume
Fra:1 Mem:51.31M (Peak 51.31M) | Time:00:00.07 | Syncing left separated big toe
Fra:1 Mem:51.33M (Peak 51.33M) | Time:00:00.07 | Syncing left outer toe group
Fra:1 Mem:51.35M (Peak 51.35M) | Time:00:00.07 | Syncing left woven waraji sole grounded
Fra:1 Mem:51.36M (Peak 51.36M) | Time:00:00.07 | Syncing left sandal toe strap
Fra:1 Mem:51.37M (Peak 51.42M) | Time:00:00.07 | Syncing left heel strap
Fra:1 Mem:51.37M (Peak 51.42M) | Time:00:00.07 | Syncing left hakama pleat 1
Fra:1 Mem:51.38M (Peak 51.42M) | Time:00:00.07 | Syncing left hakama pleat 2
Fra:1 Mem:51.38M (Peak 51.42M) | Time:00:00.07 | Syncing left hakama pleat 3
Fra:1 Mem:51.39M (Peak 51.42M) | Time:00:00.07 | Syncing right hakama trouser leg
Fra:1 Mem:51.48M (Peak 51.48M) | Time:00:00.07 | Syncing right shin greave
Fra:1 Mem:51.54M (Peak 51.54M) | Time:00:00.07 | Syncing right split-toe tabi foot volume
Fra:1 Mem:51.58M (Peak 51.58M) | Time:00:00.07 | Syncing right separated big toe
Fra:1 Mem:51.60M (Peak 51.60M) | Time:00:00.07 | Syncing right outer toe group
Fra:1 Mem:51.62M (Peak 51.62M) | Time:00:00.07 | Syncing right woven waraji sole grounded
Fra:1 Mem:51.63M (Peak 51.63M) | Time:00:00.07 | Syncing right sandal toe strap
Fra:1 Mem:51.64M (Peak 51.64M) | Time:00:00.07 | Syncing right heel strap
Fra:1 Mem:51.64M (Peak 51.64M) | Time:00:00.07 | Syncing right hakama pleat 1
Fra:1 Mem:51.65M (Peak 51.65M) | Time:00:00.07 | Syncing right hakama pleat 2
Fra:1 Mem:51.66M (Peak 51.66M) | Time:00:00.07 | Syncing right hakama pleat 3
Fra:1 Mem:51.66M (Peak 51.66M) | Time:00:00.07 | Syncing drawn katana blade spine
Fra:1 Mem:51.67M (Peak 51.73M) | Time:00:00.07 | Syncing bright sharpened katana edge
Fra:1 Mem:51.68M (Peak 51.73M) | Time:00:00.07 | Syncing wrapped katana grip
Fra:1 Mem:51.69M (Peak 51.73M) | Time:00:00.07 | Syncing square tsuba guard
Fra:1 Mem:51.70M (Peak 51.73M) | Time:00:00.07 | Syncing lacquered saya scabbard at left h
Fra:1 Mem:51.71M (Peak 51.73M) | Time:00:00.07 | Syncing waist sash tying armor
Fra:1 Mem:51.71M (Peak 51.73M) | Time:00:00.07 | Syncing bamboo sashimono back pole
Fra:1 Mem:51.72M (Peak 51.73M) | Time:00:00.07 | Syncing small lacquered sashimono crossba
Fra:1 Mem:51.74M (Peak 51.74M) | Time:00:00.07 | Syncing cloth sashimono banner panel
Fra:1 Mem:51.75M (Peak 51.80M) | Time:00:00.07 | Syncing simple round clan mon on banner
Fra:1 Mem:51.79M (Peak 51.80M) | Time:00:00.07 | Syncing cool key
Fra:1 Mem:51.79M (Peak 51.80M) | Time:00:00.07 | Syncing rim
Fra:1 Mem:51.79M (Peak 51.80M) | Time:00:00.07 | Syncing hero cam
Fra:1 Mem:51.79M (Peak 51.80M) | Time:00:00.07 | Syncing samurai_v2_provenance
Fra:1 Mem:51.83M (Peak 51.92M) | Time:00:00.08 | Rendering 1 / 32 samples
Fra:1 Mem:49.42M (Peak 51.92M) | Time:00:02.65 | Rendering 26 / 32 samples
Fra:1 Mem:49.42M (Peak 51.92M) | Time:00:03.11 | Rendering 32 / 32 samples
Saved: '/tmp/factoryx-v22-render/samurai-repaired-full-20-v22/uesugi-01/turntable_000.png'
 Time: 00:03.24 (Saving: 00:00.04)

ERROR (bke.modifier): ./source/blender/blenkernel/intern/modifier.cc:458 BKE_modifier_set_error: Object: "upper do cuirass fitted shell", Modifier: "weighted normals", Enable 'Auto Smooth' in Object Data Properties
ERROR (bke.modifier): ./source/blender/blenkernel/intern/modifier.cc:458 BKE_modifier_set_error: Object: "lower do cuirass narrowed shell", Modifier: "weighted normals", Enable 'Auto Smooth' in Object Data Properties
ERROR (bke.modifier): ./source/blender/blenkernel/intern/modifier.cc:458 BKE_modifier_set_error: Object: "throat guard row 2 bevelled lamellar plate 05", Modifier: "weighted normals", Enable 'Auto Smooth' in Object Data Properties
ERROR (bke.modifier): ./source/blender/blenkernel/intern/modifier.cc:458 BKE_modifier_set_error: Object: "throat guard row 3 bevelled lamellar plate 01", Modifier: "weighted normals", Enable 'Auto Smooth' in Object Data Properties
ERROR (bke.modifier): ./source/blender/blenkernel/intern/modifier.cc:458 BKE_modifier_set_error: Object: "throat guard row 2 bevelled lamellar plate 03", Modifier: "weighted normals", Enable 'Auto Smooth' in Object Data Properties
ERROR (bke.modifier): ./source/blender/blenkernel/intern/modifier.cc:458 BKE_modifier_set_error: Object: "throat guard row 3 bevelled lamellar plate 05", Modifier: "weighted normals", Enable 'Auto Smooth' in Object Data Properties
ERROR (bke.modifier): ./source/blender/blenkernel/intern/modifier.cc:458 BKE_modifier_set_error: Object: "throat guard row 3 bevelled lamellar plate 02", Modifier: "weighted normals", Enable 'Auto Smooth' in Object Data Properties
ERROR (bke.modifier): ./source/blender/blenkernel/intern/modifier.cc:458 BKE_modifier_set_error: Object: "throat guard row 2 bevelled lamellar plate 04", Modifier: "weighted normals", Enable 'Auto Smooth' in Object Data Properties
ERROR (bke.modifier): ./source/blender/blenkernel/intern/modifier.cc:458 BKE_modifier_set_error: Object: "throat guard row 2 bevelled lamellar plate 02", Modifier: "weighted normals", Enable 'Auto Smooth' in Object Data Properties
ERROR (bke.modifier): ./source/blender/blenkernel/intern/modifier.cc:458 BKE_modifier_set_error: Object: "front cuirass row 1 bevelled lamellar plate 01", Modifier: "weighted normals", Enable 'Auto Smooth' in Object Data Properties
ERROR (bke.modifier): ./source/blender/blenkernel/intern/modifier.cc:458 BKE_modifier_set_error: Object: "front cuirass row 1 bevelled lamellar plate 04", Modifier: "weighted normals", Enable 'Auto Smooth' in Object Data Properties
ERROR (bke.modifier): ./source/blender/blenkernel/intern/modifier.cc:458 BKE_modifier_set_error: Object: "front cuirass row 1 bevelled lamellar plate 06", Modifier: "weighted normals", Enable 'Auto Smooth' in Object Data Properties
ERROR (bke.modifier): ./source/blender/blenkernel/intern/modifier.cc:458 BKE_modifier_set_error: Object: "front cuirass row 1 bevelled lamellar plate 08", Modifier: "weighted normals", Enable 'Auto Smooth' in Object Data Properties
ERROR (bke.modifier): ./source/blender/blenkernel/intern/modifier.cc:458 BKE_modifier_set_error: Object: "front cuirass row 1 bevelled lamellar plate 02", Modifier: "weighted normals", Enable 'Auto Smooth' in Object Data Properties
ERROR (bke.modifier): ./source/blender/blenkernel/intern/modifier.cc:458 BKE_modifier_set_error: Object: "throat guard row 3 bevelled lamellar plate 03", Modifier: "weighted normals", Enable 'Auto Smooth' in Object Data Properties
ERROR (bke.modifier): ./source/blender/blenkernel/intern/modifier.cc:458 BKE_modifier_set_error: Object: "throat guard row 3 bevelled lamellar plate 04", Modifier: "weighted normals", Enable 'Auto Smooth' in Object Data Properties
ERROR (bke.modifier): ./source/blender/blenkernel/intern/modifier.cc:458 BKE_modifier_set_error: Object: "front cuirass row 1 bevelled lamellar plate 05", Modifier: "weighted normals", Enable 'Auto Smooth' in Object Data Properties
ERROR (bke.modifier): ./source/blender/blenkernel/intern/modifier.cc:458 BKE_modifier_set_error: Object: "front cuirass row 1 bevelled lamellar plate 03", Modifier: "weighted normals", Enable 'Auto Smooth' in Object Data Properties
ERROR (bke.modifier): ./source/blender/blenkernel/intern/modifier.cc:458 BKE_modifier_set_error: Object: "rear cuirass row 1 bevelled lamellar plate 01", Modifier: "weighted normals", Enable 'Auto Smooth' in Object Data Properties
ERROR (bke.modifier): ./source/blender/blenkernel/intern/modifier.cc:458 BKE_modifier_set_error: Object: "rear cuirass row 1 bevelled lamellar plate 05", Modifier: "weighted normals", Enable 'Auto Smooth' in Object Data Properties
ERROR (bke.modifier): ./source/blender/blenkernel/intern/modifier.cc:458 BKE_modifier_set_error: Object: "rear cuirass row 1 bevelled lamellar plate 03", Modifier: "weighted normals", Enable 'Auto Smooth' in Object Data Properties
ERROR (bke.modifier): ./source/blender/blenkernel/intern/modifier.cc:458 BKE_modifier_set_error: Object: "front cuirass row 1 bevelled lamellar plate 07", Modifier: "weighted normals", Enable 'Auto Smooth' in Object Data Properties
ERROR (bke.modifier): ./source/blender/blenkernel/intern/modifier.cc:458 BKE_modifier_set_error: Object: "rear cuirass row 1 bevelled lamellar plate 02", Modifier: "weighted normals", Enable 'Auto Smooth' in Object Data Properties
ERROR (bke.modifier): ./source/blender/blenkernel/intern/modifier.cc:458 BKE_modifier_set_error: Object: "throat guard row 2 bevelled lamellar plate 01", Modifier: "weighted normals", Enable 'Auto Smooth' in Object Data Properties
ERROR (bke.modifier): ./source/blender/blenkernel/intern/modifier.cc:458 BKE_modifier_set_error: Object: "rear cuirass row 1 bevelled lamellar plate 04", Modifier: "weighted normals", Enable 'Auto Smooth' in Object Data Properties
ERROR (bke.modifier): ./source/blender/blenkernel/intern/modifier.cc:458 BKE_modifier_set_error: Object: "rear cuirass row 1 bevelled lamellar plate 08", Modifier: "weighted normals", Enable 'Auto Smooth' in Object Data Properties
ERROR (bke.modifier): ./source/blender/blenkernel/intern/modifier.cc:458 BKE_modifier_set_error: Object: "rear cuirass row 1 bevelled lamellar plate 07", Modifier: "weighted normals", Enable 'Auto Smooth' in Object Data Properties
ERROR (bke.modifier): ./source/blender/blenkernel/intern/modifier.cc:458 BKE_modifier_set_error: Object: "front cuirass row 2 bevelled lamellar plate 02", Modifier: "weighted normals", Enable 'Auto Smooth' in Object Data Properties
ERROR (bke.modifier): ./source/blender/blenkernel/intern/modifier.cc:458 BKE_modifier_set_error: Object: "front cuirass row 2 bevelled lamellar plate 01", Modifier: "weighted normals", Enable 'Auto Smooth' in Object Data Properties
ERROR (bke.modifier): ./source/blender/blenkernel/intern/modifier.cc:458 BKE_modifier_set_error: Object: "front cuirass row 2 bevelled lamellar plate 05", Modifier: "weighted normals", Enable 'Auto Smooth' in Object Data Properties
ERROR (bke.modifier): ./source/blender/blenkernel/intern/modifier.cc:458 BKE_modifier_set_error: Object: "front cuirass row 2 bevelled lamellar plate 07", Modifier: "weighted normals", Enable 'Auto Smooth' in Object Data Properties
ERROR (bke.modifier): ./source/blender/blenkernel/intern/modifier.cc:458 BKE_modifier_set_error: Object: "front cuirass row 2 bevelled lamellar plate 08", Modifier: "weighted normals", Enable 'Auto Smooth' in Object Data Properties
ERROR (bke.modifier): ./source/blender/blenkernel/intern/modifier.cc:458 BKE_modifier_set_error: Object: "rear cuirass row 1 bevelled lamellar plate 06", Modifier: "weighted normals", Enable 'Auto Smooth' in Object Data Properties
ERROR (bke.modifier): ./source/blender/blenkernel/intern/modifier.cc:458 BKE_modifier_set_error: Object: "front cuirass row 2 bevelled lamellar plate 06", Modifier: "weighted normals", Enable 'Auto Smooth' in Object Data Properties
ERROR (bke.modifier): ./source/blender/blenkernel/intern/modifier.cc:458 BKE_modifier_set_error: Object: "front cuirass row 2 bevelled lamellar plate 03", Modifier: "weighted normals", Enable 'Auto Smooth' in Object Data Properties
ERROR (bke.modifier): ./source/blender/blenkernel/intern/modifier.cc:458 BKE_modifier_set_error: Object: "rear cuirass row 2 bevelled lamellar plate 05", Modifier: "weighted normals", Enable 'Auto Smooth' in Object Data Properties
ERROR (bke.modifier): ./source/blender/blenkernel/intern/modifier.cc:458 BKE_modifier_set_error: Object: "front cuirass row 2 bevelled lamellar plate 04", Modifier: "weighted normals", Enable 'Auto Smooth' in Object Data Properties
ERROR (bke.modifier): ./source/blender/blenkernel/intern/modifier.cc:458 BKE_modifier_set_error: Object: "rear cuirass row 2 bevelled lamellar plate 04", Modifier: "weighted normals", Enable 'Auto Smooth' in Object Data Properties
ERROR (bke.modifier): ./source/blender/blenkernel/intern/modifier.cc:458 BKE_modifier_set_error: Object: "rear cuirass row 2 bevelled lamellar plate 01", Modifier: "weighted normals", Enable 'Auto Smooth' in Object Data Properties
ERROR (bke.modifier): ./source/blender/blenkernel/intern/modifier.cc:458 BKE_modifier_set_error: Object: "rear cuirass row 2 bevelled lamellar plate 02", Modifier: "weighted normals", Enable 'Auto Smooth' in Object Data Properties
ERROR (bke.modifier): ./source/blender/blenkernel/intern/modifier.cc:458 BKE_modifier_set_error: Object: "throat guard row 1 bevelled lamellar plate 05", Modifier: "weighted normals", Enable 'Auto Smooth' in Object Data Properties
ERROR (bke.modifier): ./source/blender/blenkernel/intern/modifier.cc:458 BKE_modifier_set_error: Object: "rear cuirass row 2 bevelled lamellar plate 03", Modifier: "weighted normals", Enable 'Auto Smooth' in Object Data Properties
ERROR (bke.modifier): ./source/blender/blenkernel/intern/modifier.cc:458 BKE_modifier_set_error: Object: "rear cuirass row 2 bevelled lamellar plate 07", Modifier: "weighted normals", Enable 'Auto Smooth' in Object Data Properties
ERROR (bke.modifier): ./source/blender/blenkernel/intern/modifier.cc:458 BKE_modifier_set_error: Object: "rear cuirass row 2 bevelled lamellar plate 06", Modifier: "weighted normals", Enable 'Auto Smooth' in Object Data Properties
ERROR (bke.modifier): ./source/blender/blenkernel/intern/modifier.cc:458 BKE_modifier_set_error: Object: "rear cuirass row 2 bevelled lamellar plate 08", Modifier: "weighted normals", Enable 'Auto Smooth' in Object Data Properties
ERROR (bke.modifier): ./source/blender/blenkernel/intern/modifier.cc:458 BKE_modifier_set_error: Object: "front cuirass row 3 bevelled lamellar plate 07", Modifier: "weighted normals", Enable 'Auto Smooth' in Object Data Properties
ERROR (bke.modifier): ./source/blender/blenkernel/intern/modifier.cc:458 BKE_modifier_set_error: Object: "front cuirass row 3 bevelled lamellar plate 02", Modifier: "weighted normals", Enable 'Auto Smooth' in Object Data Properties
ERROR (bke.modifier): ./source/blender/blenkernel/intern/modifier.cc:458 BKE_modifier_set_error: Object: "front cuirass row 3 bevelled lamellar plate 03", Modifier: "weighted normals", Enable 'Auto Smooth' in Object Data Properties
ERROR (bke.modifier): ./source/blender/blenkernel/intern/modifier.cc:458 BKE_modifier_set_error: Object: "front cuirass row 3 bevelled lamellar plate 05", Modifier: "weighted normals", Enable 'Auto Smooth' in Object Data Properties
ERROR (bke.modifier): ./source/blender/blenkernel/intern/modifier.cc:458 BKE_modifier_set_error: Object: "front cuirass row 3 bevelled lamellar plate 01", Modifier: "weighted normals", Enable 'Auto Smooth' in Object Data Properties
ERROR (bke.modifier): ./source/blender/blenkernel/intern/modifier.cc:458 BKE_modifier_set_error: Object: "throat guard row 1 bevelled lamellar plate 04", Modifier: "weighted normals", Enable 'Auto Smooth' in Object Data Properties
ERROR (bke.modifier): ./source/blender/blenkernel/intern/modifier.cc:458 BKE_modifier_set_error: Object: "front cuirass row 3 bevelled lamellar plate 04", Modifier: "weighted normals", Enable 'Auto Smooth' in Object Data Properties
ERROR (bke.modifier): ./source/blender/blenkernel/intern/modifier.cc:458 BKE_modifier_set_error: Object: "front cuirass row 3 bevelled lamellar plate 06", Modifier: "weighted normals", Enable 'Auto Smooth' in Object Data Properties
ERROR (bke.modifier): ./source/blender/blenkernel/intern/modifier.cc:458 BKE_modifier_set_error: Object: "rear cuirass row 3 bevelled lamellar plate 03", Modifier: "weighted normals", Enable 'Auto Smooth' in Object Data Properties
ERROR (bke.modifier): ./source/blender/blenkernel/intern/modifier.cc:458 BKE_modifier_set_error: Object: "front cuirass row 3 bevelled lamellar plate 08", Modifier: "weighted normals", Enable 'Auto Smooth' in Object Data Properties
ERROR (bke.modifier): ./source/blender/blenkernel/intern/modifier.cc:458 BKE_modifier_set_error: Object: "rear cuirass row 3 bevelled lamellar plate 02", Modifier: "weighted normals", Enable 'Auto Smooth' in Object Data Properties
ERROR (bke.modifier): ./source/blender/blenkernel/intern/modifier.cc:458 BKE_modifier_set_error: Object: "rear cuirass row 3 bevelled lamellar plate 08", Modifier: "weighted normals", Enable 'Auto Smooth' in Object Data Properties
ERROR (bke.modifier): ./source/blender/blenkernel/intern/modifier.cc:458 BKE_modifier_set_error: Object: "rear cuirass row 3 bevelled lamellar plate 06", Modifier: "weighted normals", Enable 'Auto Smooth' in Object Data Properties
ERROR (bke.modifier): ./source/blender/blenkernel/intern/modifier.cc:458 BKE_modifier_set_error: Object: "rear cuirass row 3 bevelled lamellar plate 01", Modifier: "weighted normals", Enable 'Auto Smooth' in Object Data Properties
ERROR (bke.modifier): ./source/blender/blenkernel/intern/modifier.cc:458 BKE_modifier_set_error: Object: "rear cuirass row 3 bevelled lamellar plate 04", Modifier: "weighted normals", Enable 'Auto Smooth' in Object Data Properties
ERROR (bke.modifier): ./source/blender/blenkernel/intern/modifier.cc:458 BKE_modifier_set_error: Object: "front cuirass row 4 bevelled lamellar plate 01", Modifier: "weighted normals", Enable 'Auto Smooth' in Object Data Properties
ERROR (bke.modifier): ./source/blender/blenkernel/intern/modifier.cc:458 BKE_modifier_set_error: Object: "rear cuirass row 3 bevelled lamellar plate 07", Modifier: "weighted normals", Enable 'Auto Smooth' in Object Data Properties
ERROR (bke.modifier): ./source/blender/blenkernel/intern/modifier.cc:458 BKE_modifier_set_error: Object: "rear cuirass row 3 bevelled lamellar plate 05", Modifier: "weighted normals", Enable 'Auto Smooth' in Object Data Properties
ERROR (bke.modifier): ./source/blender/blenkernel/intern/modifier.cc:458 BKE_modifier_set_error: Object: "throat guard row 1 bevelled lamellar plate 03", Modifier: "weighted normals", Enable 'Auto Smooth' in Object Data Properties
ERROR (bke.modifier): ./source/blender/blenkernel/intern/modifier.cc:458 BKE_modifier_set_error: Object: "front cuirass row 4 bevelled lamellar plate 02", Modifier: "weighted normals", Enable 'Auto Smooth' in Object Data Properties
ERROR (bke.modifier): ./source/blender/blenkernel/intern/modifier.cc:458 BKE_modifier_set_error: Object: "front cuirass row 4 bevelled lamellar plate 03", Modifier: "weighted normals", Enable 'Auto Smooth' in Object Data Properties
ERROR (bke.modifier): ./source/blender/blenkernel/intern/modifier.cc:458 BKE_modifier_set_error: Object: "rear cuirass row 4 bevelled lamellar plate 01", Modifier: "weighted normals", Enable 'Auto Smooth' in Object Data Properties
ERROR (bke.modifier): ./source/blender/blenkernel/intern/modifier.cc:458 BKE_modifier_set_error: Object: "front cuirass row 4 bevelled lamellar plate 06", Modifier: "weighted normals", Enable 'Auto Smooth' in Object Data Properties
ERROR (bke.modifier): ./source/blender/blenkernel/intern/modifier.cc:458 BKE_modifier_set_error: Object: "front cuirass row 4 bevelled lamellar plate 04", Modifier: "weighted normals", Enable 'Auto Smooth' in Object Data Properties
ERROR (bke.modifier): ./source/blender/blenkernel/intern/modifier.cc:458 BKE_modifier_set_error: Object: "front cuirass row 4 bevelled lamellar plate 05", Modifier: "weighted normals", Enable 'Auto Smooth' in Object Data Properties
ERROR (bke.modifier): ./source/blender/blenkernel/intern/modifier.cc:458 BKE_modifier_set_error: Object: "front cuirass row 4 bevelled lamellar plate 07", Modifier: "weighted normals", Enable 'Auto Smooth' in Object Data Properties
ERROR (bke.modifier): ./source/blender/blenkernel/intern/modifier.cc:458 BKE_modifier_set_error: Object: "rear cuirass row 4 bevelled lamellar plate 05", Modifier: "weighted normals", Enable 'Auto Smooth' in Object Data Properties
ERROR (bke.modifier): ./source/blender/blenkernel/intern/modifier.cc:458 BKE_modifier_set_error: Object: "rear cuirass row 4 bevelled lamellar plate 04", Modifier: "weighted normals", Enable 'Auto Smooth' in Object Data Properties
ERROR (bke.modifier): ./source/blender/blenkernel/intern/modifier.cc:458 BKE_modifier_set_error: Object: "rear cuirass row 4 bevelled lamellar plate 03", Modifier: "weighted normals", Enable 'Auto Smooth' in Object Data Properties
ERROR (bke.modifier): ./source/blender/blenkernel/intern/modifier.cc:458 BKE_modifier_set_error: Object: "front cuirass row 4 bevelled lamellar plate 08", Modifier: "weighted normals", Enable 'Auto Smooth' in Object Data Properties
ERROR (bke.modifier): ./source/blender/blenkernel/intern/modifier.cc:458 BKE_modifier_set_error: Object: "rear cuirass row 4 bevelled lamellar plate 02", Modifier: "weighted normals", Enable 'Auto Smooth' in Object Data Properties
ERROR (bke.modifier): ./source/blender/blenkernel/intern/modifier.cc:458 BKE_modifier_set_error: Object: "throat guard row 1 bevelled lamellar plate 02", Modifier: "weighted normals", Enable 'Auto Smooth' in Object Data Properties
ERROR (bke.modifier): ./source/blender/blenkernel/intern/modifier.cc:458 BKE_modifier_set_error: Object: "rear cuirass row 4 bevelled lamellar plate 06", Modifier: "weighted normals", Enable 'Auto Smooth' in Object Data Properties
ERROR (bke.modifier): ./source/blender/blenkernel/intern/modifier.cc:458 BKE_modifier_set_error: Object: "front cuirass row 5 bevelled lamellar plate 03", Modifier: "weighted normals", Enable 'Auto Smooth' in Object Data Properties
ERROR (bke.modifier): ./source/blender/blenkernel/intern/modifier.cc:458 BKE_modifier_set_error: Object: "rear cuirass row 4 bevelled lamellar plate 07", Modifier: "weighted normals", Enable 'Auto Smooth' in Object Data Properties
ERROR (bke.modifier): ./source/blender/blenkernel/intern/modifier.cc:458 BKE_modifier_set_error: Object: "front cuirass row 5 bevelled lamellar plate 01", Modifier: "weighted normals", Enable 'Auto Smooth' in Object Data Properties
ERROR (bke.modifier): ./source/blender/blenkernel/intern/modifier.cc:458 BKE_modifier_set_error: Object: "front cuirass row 5 bevelled lamellar plate 02", Modifier: "weighted normals", Enable 'Auto Smooth' in Object Data Properties
ERROR (bke.modifier): ./source/blender/blenkernel/intern/modifier.cc:458 BKE_modifier_set_error: Object: "rear cuirass row 4 bevelled lamellar plate 08", Modifier: "weighted normals", Enable 'Auto Smooth' in Object Data Properties
ERROR (bke.modifier): ./source/blender/blenkernel/intern/modifier.cc:458 BKE_modifier_set_error: Object: "front cuirass row 5 bevelled lamellar plate 04", Modifier: "weighted normals", Enable 'Auto Smooth' in Object Data Properties
ERROR (bke.modifier): ./source/blender/blenkernel/intern/modifier.cc:458 BKE_modifier_set_error: Object: "front cuirass row 5 bevelled lamellar plate 05", Modifier: "weighted normals", Enable 'Auto Smooth' in Object Data Properties
ERROR (bke.modifier): ./source/blender/blenkernel/intern/modifier.cc:458 BKE_modifier_set_error: Object: "throat guard row 1 bevelled lamellar plate 01", Modifier: "weighted normals", Enable 'Auto Smooth' in Object Data Properties
ERROR (bke.modifier): ./source/blender/blenkernel/intern/modifier.cc:458 BKE_modifier_set_error: Object: "front cuirass row 5 bevelled lamellar plate 06", Modifier: "weighted normals", Enable 'Auto Smooth' in Object Data Properties
ERROR (bke.modifier): ./source/blender/blenkernel/intern/modifier.cc:458 BKE_modifier_set_error: Object: "rear cuirass row 5 bevelled lamellar plate 01", Modifier: "weighted normals", Enable 'Auto Smooth' in Object Data Properties
ERROR (bke.modifier): ./source/blender/blenkernel/intern/modifier.cc:458 BKE_modifier_set_error: Object: "rear cuirass row 5 bevelled lamellar plate 06", Modifier: "weighted normals", Enable 'Auto Smooth' in Object Data Properties
ERROR (bke.modifier): ./source/blender/blenkernel/intern/modifier.cc:458 BKE_modifier_set_error: Object: "front cuirass row 5 bevelled lamellar plate 08", Modifier: "weighted normals", Enable 'Auto Smooth' in Object Data Properties
ERROR (bke.modifier): ./source/blender/blenkernel/intern/modifier.cc:458 BKE_modifier_set_error: Object: "front cuirass row 5 bevelled lamellar plate 07", Modifier: "weighted normals", Enable 'Auto Smooth' in Object Data Properties
ERROR (bke.modifier): ./source/blender/blenkernel/intern/modifier.cc:458 BKE_modifier_set_error: Object: "left shoulder undercloth", Modifier: "weighted normals", Enable 'Auto Smooth' in Object Data Properties
ERROR (bke.modifier): ./source/blender/blenkernel/intern/modifier.cc:458 BKE_modifier_set_error: Object: "rear cuirass row 5 bevelled lamellar plate 02", Modifier: "weighted normals", Enable 'Auto Smooth' in Object Data Properties
ERROR (bke.modifier): ./source/blender/blenkernel/intern/modifier.cc:458 BKE_modifier_set_error: Object: "rear cuirass row 5 bevelled lamellar plate 03", Modifier: "weighted normals", Enable 'Auto Smooth' in Object Data Properties
ERROR (bke.modifier): ./source/blender/blenkernel/intern/modifier.cc:458 BKE_modifier_set_error: Object: "rear cuirass row 5 bevelled lamellar plate 08", Modifier: "weighted normals", Enable 'Auto Smooth' in Object Data Properties
ERROR (bke.modifier): ./source/blender/blenkernel/intern/modifier.cc:458 BKE_modifier_set_error: Object: "left side cuirass plate 3", Modifier: "weighted normals", Enable 'Auto Smooth' in Object Data Properties
ERROR (bke.modifier): ./source/blender/blenkernel/intern/modifier.cc:458 BKE_modifier_set_error: Object: "rear cuirass row 5 bevelled lamellar plate 07", Modifier: "weighted normals", Enable 'Auto Smooth' in Object Data Properties
ERROR (bke.modifier): ./source/blender/blenkernel/intern/modifier.cc:458 BKE_modifier_set_error: Object: "left armored upper arm", Modifier: "weighted normals", Enable 'Auto Smooth' in Object Data Properties
ERROR (bke.modifier): ./source/blender/blenkernel/intern/modifier.cc:458 BKE_modifier_set_error: Object: "rear cuirass row 5 bevelled lamellar plate 05", Modifier: "weighted normals", Enable 'Auto Smooth' in Object Data Properties
ERROR (bke.modifier): ./source/blender/blenkernel/intern/modifier.cc:458 BKE_modifier_set_error: Object: "left sode shoulder armor", Modifier: "weighted normals", Enable 'Auto Smooth' in Object Data Properties
ERROR (bke.modifier): ./source/blender/blenkernel/intern/modifier.cc:458 BKE_modifier_set_error: Object: "left side cuirass plate 2", Modifier: "weighted normals", Enable 'Auto Smooth' in Object Data Properties
ERROR (bke.modifier): ./source/blender/blenkernel/intern/modifier.cc:458 BKE_modifier_set_error: Object: "left kote forearm guard", Modifier: "weighted normals", Enable 'Auto Smooth' in Object Data Properties
ERROR (bke.modifier): ./source/blender/blenkernel/intern/modifier.cc:458 BKE_modifier_set_error: Object: "rear cuirass row 5 bevelled lamellar plate 04", Modifier: "weighted normals", Enable 'Auto Smooth' in Object Data Properties
ERROR (bke.modifier): ./source/blender/blenkernel/intern/modifier.cc:458 BKE_modifier_set_error: Object: "left side cuirass plate 1", Modifier: "weighted normals", Enable 'Auto Smooth' in Object Data Properties
ERROR (bke.modifier): ./source/blender/blenkernel/intern/modifier.cc:458 BKE_modifier_set_error: Object: "left leather palm volume", Modifier: "weighted normals", Enable 'Auto Smooth' in Object Data Properties
ERROR (bke.modifier): ./source/blender/blenkernel/intern/modifier.cc:458 BKE_modifier_set_error: Object: "left index fingertip", Modifier: "weighted normals", Enable 'Auto Smooth' in Object Data Properties
ERROR (bke.modifier): ./source/blender/blenkernel/intern/modifier.cc:458 BKE_modifier_set_error: Object: "left middle fingertip", Modifier: "weighted normals", Enable 'Auto Smooth' in Object Data Properties
ERROR (bke.modifier): ./source/blender/blenkernel/intern/modifier.cc:458 BKE_modifier_set_error: Object: "left ring fingertip", Modifier: "weighted normals", Enable 'Auto Smooth' in Object Data Properties
ERROR (bke.modifier): ./source/blender/blenkernel/intern/modifier.cc:458 BKE_modifier_set_error: Object: "mempo grim mouth slit", Modifier: "weighted normals", Enable 'Auto Smooth' in Object Data Properties
ERROR (bke.modifier): ./source/blender/blenkernel/intern/modifier.cc:458 BKE_modifier_set_error: Object: "left pinky fingertip", Modifier: "weighted normals", Enable 'Auto Smooth' in Object Data Properties
ERROR (bke.modifier): ./source/blender/blenkernel/intern/modifier.cc:458 BKE_modifier_set_error: Object: "left thumb fingertip", Modifier: "weighted normals", Enable 'Auto Smooth' in Object Data Properties
ERROR (bke.modifier): ./source/blender/blenkernel/intern/modifier.cc:458 BKE_modifier_set_error: Object: "right side cuirass plate 1", Modifier: "weighted normals", Enable 'Auto Smooth' in Object Data Properties
ERROR (bke.modifier): ./source/blender/blenkernel/intern/modifier.cc:458 BKE_modifier_set_error: Object: "right shoulder undercloth", Modifier: "weighted normals", Enable 'Auto Smooth' in Object Data Properties
ERROR (bke.modifier): ./source/blender/blenkernel/intern/modifier.cc:458 BKE_modifier_set_error: Object: "right sode shoulder armor", Modifier: "weighted normals", Enable 'Auto Smooth' in Object Data Properties
ERROR (bke.modifier): ./source/blender/blenkernel/intern/modifier.cc:458 BKE_modifier_set_error: Object: "right armored upper arm", Modifier: "weighted normals", Enable 'Auto Smooth' in Object Data Properties
ERROR (bke.modifier): ./source/blender/blenkernel/intern/modifier.cc:458 BKE_modifier_set_error: Object: "left hanging sode shoulder plate 3", Modifier: "weighted normals", Enable 'Auto Smooth' in Object Data Properties
ERROR (bke.modifier): ./source/blender/blenkernel/intern/modifier.cc:458 BKE_modifier_set_error: Object: "right side cuirass plate 3", Modifier: "weighted normals", Enable 'Auto Smooth' in Object Data Properties
ERROR (bke.modifier): ./source/blender/blenkernel/intern/modifier.cc:458 BKE_modifier_set_error: Object: "right kote forearm guard", Modifier: "weighted normals", Enable 'Auto Smooth' in Object Data Properties
ERROR (bke.modifier): ./source/blender/blenkernel/intern/modifier.cc:458 BKE_modifier_set_error: Object: "right side cuirass plate 2", Modifier: "weighted normals", Enable 'Auto Smooth' in Object Data Properties
ERROR (bke.modifier): ./source/blender/blenkernel/intern/modifier.cc:458 BKE_modifier_set_error: Object: "left hanging sode shoulder plate 4", Modifier: "weighted normals", Enable 'Auto Smooth' in Object Data Properties
ERROR (bke.modifier): ./source/blender/blenkernel/intern/modifier.cc:458 BKE_modifier_set_error: Object: "right leather palm volume", Modifier: "weighted normals", Enable 'Auto Smooth' in Object Data Properties
ERROR (bke.modifier): ./source/blender/blenkernel/intern/modifier.cc:458 BKE_modifier_set_error: Object: "right index fingertip", Modifier: "weighted normals", Enable 'Auto Smooth' in Object Data Properties
ERROR (bke.modifier): ./source/blender/blenkernel/intern/modifier.cc:458 BKE_modifier_set_error: Object: "left hanging sode shoulder plate 1", Modifier: "weighted normals", Enable 'Auto Smooth' in Object Data Properties
ERROR (bke.modifier): ./source/blender/blenkernel/intern/modifier.cc:458 BKE_modifier_set_error: Object: "right narrow eye slit", Modifier: "weighted normals", Enable 'Auto Smooth' in Object Data Properties
ERROR (bke.modifier): ./source/blender/blenkernel/intern/modifier.cc:458 BKE_modifier_set_error: Object: "right middle fingertip", Modifier: "weighted normals", Enable 'Auto Smooth' in Object Data Properties
ERROR (bke.modifier): ./source/blender/blenkernel/intern/modifier.cc:458 BKE_modifier_set_error: Object: "right ring fingertip", Modifier: "weighted normals", Enable 'Auto Smooth' in Object Data Properties
ERROR (bke.modifier): ./source/blender/blenkernel/intern/modifier.cc:458 BKE_modifier_set_error: Object: "left hanging sode shoulder plate 2", Modifier: "weighted normals", Enable 'Auto Smooth' in Object Data Properties
ERROR (bke.modifier): ./source/blender/blenkernel/intern/modifier.cc:458 BKE_modifier_set_error: Object: "right pinky fingertip", Modifier: "weighted normals", Enable 'Auto Smooth' in Object Data Properties
ERROR (bke.modifier): ./source/blender/blenkernel/intern/modifier.cc:458 BKE_modifier_set_error: Object: "right thumb fingertip", Modifier: "weighted normals", Enable 'Auto Smooth' in Object Data Properties
ERROR (bke.modifier): ./source/blender/blenkernel/intern/modifier.cc:458 BKE_modifier_set_error: Object: "left narrow eye slit", Modifier: "weighted normals", Enable 'Auto Smooth' in Object Data Properties
ERROR (bke.modifier): ./source/blender/blenkernel/intern/modifier.cc:458 BKE_modifier_set_error: Object: "right hanging sode shoulder plate 2", Modifier: "weighted normals", Enable 'Auto Smooth' in Object Data Properties
ERROR (bke.modifier): ./source/blender/blenkernel/intern/modifier.cc:458 BKE_modifier_set_error: Object: "right hanging sode shoulder plate 1", Modifier: "weighted normals", Enable 'Auto Smooth' in Object Data Properties
ERROR (bke.modifier): ./source/blender/blenkernel/intern/modifier.cc:458 BKE_modifier_set_error: Object: "right hanging sode shoulder plate 3", Modifier: "weighted normals", Enable 'Auto Smooth' in Object Data Properties
ERROR (bke.modifier): ./source/blender/blenkernel/intern/modifier.cc:458 BKE_modifier_set_error: Object: "right hanging sode shoulder plate 4", Modifier: "weighted normals", Enable 'Auto Smooth' in Object Data Properties
ERROR (bke.modifier): ./source/blender/blenkernel/intern/modifier.cc:458 BKE_modifier_set_error: Object: "rear kusazuri skirt plate -1 row 1", Modifier: "weighted normals", Enable 'Auto Smooth' in Object Data Properties
ERROR (bke.modifier): ./source/blender/blenkernel/intern/modifier.cc:458 BKE_modifier_set_error: Object: "kusazuri skirt plate -1 row 1", Modifier: "weighted normals", Enable 'Auto Smooth' in Object Data Properties
ERROR (bke.modifier): ./source/blender/blenkernel/intern/modifier.cc:458 BKE_modifier_set_error: Object: "rear kusazuri skirt plate -1 row 2", Modifier: "weighted normals", Enable 'Auto Smooth' in Object Data Properties
ERROR (bke.modifier): ./source/blender/blenkernel/intern/modifier.cc:458 BKE_modifier_set_error: Object: "kusazuri skirt plate -1 row 2", Modifier: "weighted normals", Enable 'Auto Smooth' in Object Data Properties
ERROR (bke.modifier): ./source/blender/blenkernel/intern/modifier.cc:458 BKE_modifier_set_error: Object: "kusazuri skirt plate -1 row 3", Modifier: "weighted normals", Enable 'Auto Smooth' in Object Data Properties
ERROR (bke.modifier): ./source/blender/blenkernel/intern/modifier.cc:458 BKE_modifier_set_error: Object: "mempo nose ridge", Modifier: "weighted normals", Enable 'Auto Smooth' in Object Data Properties
ERROR (bke.modifier): ./source/blender/blenkernel/intern/modifier.cc:458 BKE_modifier_set_error: Object: "kusazuri skirt plate +0 row 3", Modifier: "weighted normals", Enable 'Auto Smooth' in Object Data Properties
ERROR (bke.modifier): ./source/blender/blenkernel/intern/modifier.cc:458 BKE_modifier_set_error: Object: "left hakama trouser leg", Modifier: "weighted normals", Enable 'Auto Smooth' in Object Data Properties
ERROR (bke.modifier): ./source/blender/blenkernel/intern/modifier.cc:458 BKE_modifier_set_error: Object: "kusazuri skirt plate +0 row 2", Modifier: "weighted normals", Enable 'Auto Smooth' in Object Data Properties
ERROR (bke.modifier): ./source/blender/blenkernel/intern/modifier.cc:458 BKE_modifier_set_error: Object: "rear kusazuri skirt plate -1 row 3", Modifier: "weighted normals", Enable 'Auto Smooth' in Object Data Properties
ERROR (bke.modifier): ./source/blender/blenkernel/intern/modifier.cc:458 BKE_modifier_set_error: Object: "left shin greave", Modifier: "weighted normals", Enable 'Auto Smooth' in Object Data Properties
ERROR (bke.modifier): ./source/blender/blenkernel/intern/modifier.cc:458 BKE_modifier_set_error: Object: "kusazuri skirt plate +0 row 1", Modifier: "weighted normals", Enable 'Auto Smooth' in Object Data Properties
ERROR (bke.modifier): ./source/blender/blenkernel/intern/modifier.cc:458 BKE_modifier_set_error: Object: "rear kusazuri skirt plate +0 row 2", Modifier: "weighted normals", Enable 'Auto Smooth' in Object Data Properties
ERROR (bke.modifier): ./source/blender/blenkernel/intern/modifier.cc:458 BKE_modifier_set_error: Object: "rear kusazuri skirt plate +0 row 1", Modifier: "weighted normals", Enable 'Auto Smooth' in Object Data Properties
ERROR (bke.modifier): ./source/blender/blenkernel/intern/modifier.cc:458 BKE_modifier_set_error: Object: "left separated big toe", Modifier: "weighted normals", Enable 'Auto Smooth' in Object Data Properties
ERROR (bke.modifier): ./source/blender/blenkernel/intern/modifier.cc:458 BKE_modifier_set_error: Object: "left split-toe tabi foot volume", Modifier: "weighted normals", Enable 'Auto Smooth' in Object Data Properties
ERROR (bke.modifier): ./source/blender/blenkernel/intern/modifier.cc:458 BKE_modifier_set_error: Object: "left outer toe group", Modifier: "weighted normals", Enable 'Auto Smooth' in Object Data Properties
ERROR (bke.modifier): ./source/blender/blenkernel/intern/modifier.cc:458 BKE_modifier_set_error: Object: "rear kusazuri skirt plate +0 row 3", Modifier: "weighted normals", Enable 'Auto Smooth' in Object Data Properties
ERROR (bke.modifier): ./source/blender/blenkernel/intern/modifier.cc:458 BKE_modifier_set_error: Object: "kusazuri skirt plate +1 row 1", Modifier: "weighted normals", Enable 'Auto Smooth' in Object Data Properties
ERROR (bke.modifier): ./source/blender/blenkernel/intern/modifier.cc:458 BKE_modifier_set_error: Object: "right hakama trouser leg", Modifier: "weighted normals", Enable 'Auto Smooth' in Object Data Properties
ERROR (bke.modifier): ./source/blender/blenkernel/intern/modifier.cc:458 BKE_modifier_set_error: Object: "right shin greave", Modifier: "weighted normals", Enable 'Auto Smooth' in Object Data Properties
ERROR (bke.modifier): ./source/blender/blenkernel/intern/modifier.cc:458 BKE_modifier_set_error: Object: "right split-toe tabi foot volume", Modifier: "weighted normals", Enable 'Auto Smooth' in Object Data Properties
ERROR (bke.modifier): ./source/blender/blenkernel/intern/modifier.cc:458 BKE_modifier_set_error: Object: "right separated big toe", Modifier: "weighted normals", Enable 'Auto Smooth' in Object Data Properties
ERROR (bke.modifier): ./source/blender/blenkernel/intern/modifier.cc:458 BKE_modifier_set_error: Object: "mempo chin guard", Modifier: "weighted normals", Enable 'Auto Smooth' in Object Data Properties
ERROR (bke.modifier): ./source/blender/blenkernel/intern/modifier.cc:458 BKE_modifier_set_error: Object: "right outer toe group", Modifier: "weighted normals", Enable 'Auto Smooth' in Object Data Properties
ERROR (bke.modifier): ./source/blender/blenkernel/intern/modifier.cc:458 BKE_modifier_set_error: Object: "rear kusazuri skirt plate +1 row 2", Modifier: "weighted normals", Enable 'Auto Smooth' in Object Data Properties
ERROR (bke.modifier): ./source/blender/blenkernel/intern/modifier.cc:458 BKE_modifier_set_error: Object: "rear kusazuri skirt plate +1 row 1", Modifier: "weighted normals", Enable 'Auto Smooth' in Object Data Properties
ERROR (bke.modifier): ./source/blender/blenkernel/intern/modifier.cc:458 BKE_modifier_set_error: Object: "kusazuri skirt plate +1 row 2", Modifier: "weighted normals", Enable 'Auto Smooth' in Object Data Properties
ERROR (bke.modifier): ./source/blender/blenkernel/intern/modifier.cc:458 BKE_modifier_set_error: Object: "rear kusazuri skirt plate +1 row 3", Modifier: "weighted normals", Enable 'Auto Smooth' in Object Data Properties
ERROR (bke.modifier): ./source/blender/blenkernel/intern/modifier.cc:458 BKE_modifier_set_error: Object: "kusazuri skirt plate +1 row 3", Modifier: "weighted normals", Enable 'Auto Smooth' in Object Data Properties
ERROR (bke.modifier): ./source/blender/blenkernel/intern/modifier.cc:458 BKE_modifier_set_error: Object: "simple round clan mon on banner", Modifier: "weighted normals", Enable 'Auto Smooth' in Object Data Properties
ERROR (bke.modifier): ./source/blender/blenkernel/intern/modifier.cc:458 BKE_modifier_set_error: Object: "wrapped katana grip", Modifier: "weighted normals", Enable 'Auto Smooth' in Object Data Properties
ERROR (bke.modifier): ./source/blender/blenkernel/intern/modifier.cc:458 BKE_modifier_set_error: Object: "ribcage under-kimono volume", Modifier: "weighted normals", Enable 'Auto Smooth' in Object Data Properties
ERROR (bke.modifier): ./source/blender/blenkernel/intern/modifier.cc:458 BKE_modifier_set_error: Object: "narrow waist under-kimono volume", Modifier: "weighted normals", Enable 'Auto Smooth' in Object Data Properties
ERROR (bke.modifier): ./source/blender/blenkernel/intern/modifier.cc:458 BKE_modifier_set_error: Object: "visible human head behind mempo", Modifier: "weighted normals", Enable 'Auto Smooth' in Object Data Properties
ERROR (bke.modifier): ./source/blender/blenkernel/intern/modifier.cc:458 BKE_modifier_set_error: Object: "thin exposed neck", Modifier: "weighted normals", Enable 'Auto Smooth' in Object Data Properties
ERROR (bke.modifier): ./source/blender/blenkernel/intern/modifier.cc:458 BKE_modifier_set_error: Object: "neck guard collar", Modifier: "weighted normals", Enable 'Auto Smooth' in Object Data Properties
ERROR (bke.modifier): ./source/blender/blenkernel/intern/modifier.cc:458 BKE_modifier_set_error: Object: "segmented kabuto helmet bowl", Modifier: "weighted normals", Enable 'Auto Smooth' in Object Data Properties
ERROR (bke.modifier): ./source/blender/blenkernel/intern/modifier.cc:458 BKE_modifier_set_error: Object: "wide kabuto brim", Modifier: "weighted normals", Enable 'Auto Smooth' in Object Data Properties
ERROR (bke.modifier): ./source/blender/blenkernel/intern/modifier.cc:458 BKE_modifier_set_error: Object: "crest central rivet", Modifier: "weighted normals", Enable 'Auto Smooth' in Object Data Properties
ERROR (bke.modifier): ./source/blender/blenkernel/intern/modifier.cc:458 BKE_modifier_set_error: Object: "layered rear shikoro neck guard", Modifier: "weighted normals", Enable 'Auto Smooth' in Object Data Properties
ERROR (bke.modifier): ./source/blender/blenkernel/intern/modifier.cc:458 BKE_modifier_set_error: Object: "right woven waraji sole grounded", Modifier: "weighted normals", Enable 'Auto Smooth' in Object Data Properties
ERROR (bke.modifier): ./source/blender/blenkernel/intern/modifier.cc:458 BKE_modifier_set_error: Object: "left woven waraji sole grounded", Modifier: "weighted normals", Enable 'Auto Smooth' in Object Data Properties
ERROR (bke.modifier): ./source/blender/blenkernel/intern/modifier.cc:458 BKE_modifier_set_error: Object: "cloth sashimono banner panel", Modifier: "weighted normals", Enable 'Auto Smooth' in Object Data Properties
ERROR (bke.modifier): ./source/blender/blenkernel/intern/modifier.cc:458 BKE_modifier_set_error: Object: "right angular mempo cheek plate", Modifier: "weighted normals", Enable 'Auto Smooth' in Object Data Properties
ERROR (bke.modifier): ./source/blender/blenkernel/intern/modifier.cc:458 BKE_modifier_set_error: Object: "small lacquered sashimono crossbar", Modifier: "weighted normals", Enable 'Auto Smooth' in Object Data Properties
ERROR (bke.modifier): ./source/blender/blenkernel/intern/modifier.cc:458 BKE_modifier_set_error: Object: "matte charcoal inspection plinth", Modifier: "weighted normals", Enable 'Auto Smooth' in Object Data Properties
ERROR (bke.modifier): ./source/blender/blenkernel/intern/modifier.cc:458 BKE_modifier_set_error: Object: "square tsuba guard", Modifier: "weighted normals", Enable 'Auto Smooth' in Object Data Properties
ERROR (bke.modifier): ./source/blender/blenkernel/intern/modifier.cc:458 BKE_modifier_set_error: Object: "right side helmet flange", Modifier: "weighted normals", Enable 'Auto Smooth' in Object Data Properties
ERROR (bke.modifier): ./source/blender/blenkernel/intern/modifier.cc:458 BKE_modifier_set_error: Object: "left side helmet flange", Modifier: "weighted normals", Enable 'Auto Smooth' in Object Data Properties
ERROR (bke.modifier): ./source/blender/blenkernel/intern/modifier.cc:458 BKE_modifier_set_error: Object: "left angular mempo cheek plate", Modifier: "weighted normals", Enable 'Auto Smooth' in Object Data Properties
Fra:1 Mem:47.25M (Peak 47.27M) | Time:00:00.05 | Syncing matte charcoal inspection plinth
Fra:1 Mem:47.26M (Peak 47.31M) | Time:00:00.06 | Syncing ribcage under-kimono volume
Fra:1 Mem:47.35M (Peak 47.35M) | Time:00:00.06 | Syncing narrow waist under-kimono volume
Fra:1 Mem:47.42M (Peak 47.42M) | Time:00:00.06 | Syncing visible human head behind mempo
Fra:1 Mem:47.51M (Peak 47.51M) | Time:00:00.06 | Syncing thin exposed neck
Fra:1 Mem:47.52M (Peak 47.53M) | Time:00:00.06 | Syncing neck guard collar
Fra:1 Mem:47.54M (Peak 47.58M) | Time:00:00.06 | Syncing segmented kabuto helmet bowl
Fra:1 Mem:47.71M (Peak 47.71M) | Time:00:00.06 | Syncing wide kabuto brim
Fra:1 Mem:47.73M (Peak 47.73M) | Time:00:00.06 | Syncing layered rear shikoro neck guard
Fra:1 Mem:47.75M (Peak 47.75M) | Time:00:00.06 | Syncing left side helmet flange
Fra:1 Mem:47.76M (Peak 47.76M) | Time:00:00.06 | Syncing right side helmet flange
Fra:1 Mem:47.77M (Peak 47.77M) | Time:00:00.06 | Syncing golden maedate crescent crest
Fra:1 Mem:47.79M (Peak 47.84M) | Time:00:00.06 | Syncing crest central rivet
Fra:1 Mem:47.80M (Peak 47.84M) | Time:00:00.06 | Syncing left angular mempo cheek plate
Fra:1 Mem:47.82M (Peak 47.86M) | Time:00:00.06 | Syncing right angular mempo cheek plate
Fra:1 Mem:47.84M (Peak 47.86M) | Time:00:00.06 | Syncing mempo chin guard
Fra:1 Mem:47.86M (Peak 47.86M) | Time:00:00.06 | Syncing mempo nose ridge
Fra:1 Mem:47.87M (Peak 47.87M) | Time:00:00.06 | Syncing left narrow eye slit
Fra:1 Mem:47.89M (Peak 47.89M) | Time:00:00.06 | Syncing right narrow eye slit
Fra:1 Mem:47.90M (Peak 47.90M) | Time:00:00.06 | Syncing mempo grim mouth slit
Fra:1 Mem:47.91M (Peak 47.91M) | Time:00:00.06 | Syncing left mask moustache bristle
Fra:1 Mem:47.92M (Peak 47.92M) | Time:00:00.06 | Syncing right mask moustache bristle
Fra:1 Mem:47.93M (Peak 47.93M) | Time:00:00.06 | Syncing throat guard row 1 bevelled lamel
Fra:1 Mem:47.95M (Peak 47.95M) | Time:00:00.06 | Syncing throat guard row 1 bevelled lamel
Fra:1 Mem:47.97M (Peak 47.97M) | Time:00:00.06 | Syncing throat guard row 1 bevelled lamel
Fra:1 Mem:47.99M (Peak 47.99M) | Time:00:00.06 | Syncing throat guard row 1 bevelled lamel
Fra:1 Mem:48.01M (Peak 48.01M) | Time:00:00.06 | Syncing throat guard row 1 bevelled lamel
Fra:1 Mem:48.02M (Peak 48.02M) | Time:00:00.06 | Syncing throat guard row 2 bevelled lamel
Fra:1 Mem:48.04M (Peak 48.04M) | Time:00:00.06 | Syncing throat guard row 2 bevelled lamel
Fra:1 Mem:48.06M (Peak 48.06M) | Time:00:00.06 | Syncing throat guard row 2 bevelled lamel
Fra:1 Mem:48.08M (Peak 48.08M) | Time:00:00.06 | Syncing throat guard row 2 bevelled lamel
Fra:1 Mem:48.10M (Peak 48.10M) | Time:00:00.06 | Syncing throat guard row 2 bevelled lamel
Fra:1 Mem:48.12M (Peak 48.12M) | Time:00:00.06 | Syncing throat guard row 3 bevelled lamel
Fra:1 Mem:48.14M (Peak 48.14M) | Time:00:00.06 | Syncing throat guard row 3 bevelled lamel
Fra:1 Mem:48.16M (Peak 48.16M) | Time:00:00.06 | Syncing throat guard row 3 bevelled lamel
Fra:1 Mem:48.18M (Peak 48.18M) | Time:00:00.06 | Syncing throat guard row 3 bevelled lamel
Fra:1 Mem:48.20M (Peak 48.20M) | Time:00:00.06 | Syncing throat guard row 3 bevelled lamel
Fra:1 Mem:48.22M (Peak 48.22M) | Time:00:00.06 | Syncing upper do cuirass fitted shell
Fra:1 Mem:48.32M (Peak 48.32M) | Time:00:00.06 | Syncing lower do cuirass narrowed shell
Fra:1 Mem:48.40M (Peak 48.40M) | Time:00:00.06 | Syncing front cuirass row 1 bevelled lame
Fra:1 Mem:48.42M (Peak 48.42M) | Time:00:00.06 | Syncing front cuirass row 1 bevelled lame
Fra:1 Mem:48.44M (Peak 48.44M) | Time:00:00.06 | Syncing front cuirass row 1 bevelled lame
Fra:1 Mem:48.46M (Peak 48.46M) | Time:00:00.06 | Syncing front cuirass row 1 bevelled lame
Fra:1 Mem:48.48M (Peak 48.48M) | Time:00:00.06 | Syncing front cuirass row 1 bevelled lame
Fra:1 Mem:48.50M (Peak 48.50M) | Time:00:00.06 | Syncing front cuirass row 1 bevelled lame
Fra:1 Mem:48.52M (Peak 48.52M) | Time:00:00.06 | Syncing front cuirass row 1 bevelled lame
Fra:1 Mem:48.54M (Peak 48.54M) | Time:00:00.07 | Syncing front cuirass row 1 bevelled lame
Fra:1 Mem:48.56M (Peak 48.56M) | Time:00:00.07 | Syncing rear cuirass row 1 bevelled lamel
Fra:1 Mem:48.58M (Peak 48.58M) | Time:00:00.07 | Syncing rear cuirass row 1 bevelled lamel
Fra:1 Mem:48.60M (Peak 48.60M) | Time:00:00.07 | Syncing rear cuirass row 1 bevelled lamel
Fra:1 Mem:48.62M (Peak 48.62M) | Time:00:00.07 | Syncing rear cuirass row 1 bevelled lamel
Fra:1 Mem:48.63M (Peak 48.63M) | Time:00:00.07 | Syncing rear cuirass row 1 bevelled lamel
Fra:1 Mem:48.65M (Peak 48.65M) | Time:00:00.07 | Syncing rear cuirass row 1 bevelled lamel
Fra:1 Mem:48.67M (Peak 48.67M) | Time:00:00.07 | Syncing rear cuirass row 1 bevelled lamel
Fra:1 Mem:48.69M (Peak 48.69M) | Time:00:00.07 | Syncing rear cuirass row 1 bevelled lamel
Fra:1 Mem:48.71M (Peak 48.71M) | Time:00:00.07 | Syncing front cuirass row 2 bevelled lame
Fra:1 Mem:48.73M (Peak 48.73M) | Time:00:00.07 | Syncing front cuirass row 2 bevelled lame
Fra:1 Mem:48.75M (Peak 48.75M) | Time:00:00.07 | Syncing front cuirass row 2 bevelled lame
Fra:1 Mem:48.77M (Peak 48.77M) | Time:00:00.07 | Syncing front cuirass row 2 bevelled lame
Fra:1 Mem:48.79M (Peak 48.79M) | Time:00:00.07 | Syncing front cuirass row 2 bevelled lame
Fra:1 Mem:48.81M (Peak 48.81M) | Time:00:00.07 | Syncing front cuirass row 2 bevelled lame
Fra:1 Mem:48.83M (Peak 48.83M) | Time:00:00.07 | Syncing front cuirass row 2 bevelled lame
Fra:1 Mem:48.85M (Peak 48.85M) | Time:00:00.07 | Syncing front cuirass row 2 bevelled lame
Fra:1 Mem:48.87M (Peak 48.87M) | Time:00:00.07 | Syncing rear cuirass row 2 bevelled lamel
Fra:1 Mem:48.89M (Peak 48.89M) | Time:00:00.07 | Syncing rear cuirass row 2 bevelled lamel
Fra:1 Mem:48.91M (Peak 48.91M) | Time:00:00.07 | Syncing rear cuirass row 2 bevelled lamel
Fra:1 Mem:48.93M (Peak 48.93M) | Time:00:00.07 | Syncing rear cuirass row 2 bevelled lamel
Fra:1 Mem:48.95M (Peak 48.95M) | Time:00:00.07 | Syncing rear cuirass row 2 bevelled lamel
Fra:1 Mem:48.96M (Peak 48.96M) | Time:00:00.07 | Syncing rear cuirass row 2 bevelled lamel
Fra:1 Mem:48.98M (Peak 48.98M) | Time:00:00.07 | Syncing rear cuirass row 2 bevelled lamel
Fra:1 Mem:49.00M (Peak 49.00M) | Time:00:00.07 | Syncing rear cuirass row 2 bevelled lamel
Fra:1 Mem:49.02M (Peak 49.02M) | Time:00:00.07 | Syncing front cuirass row 3 bevelled lame
Fra:1 Mem:49.04M (Peak 49.04M) | Time:00:00.07 | Syncing front cuirass row 3 bevelled lame
Fra:1 Mem:49.06M (Peak 49.06M) | Time:00:00.07 | Syncing front cuirass row 3 bevelled lame
Fra:1 Mem:49.08M (Peak 49.08M) | Time:00:00.07 | Syncing front cuirass row 3 bevelled lame
Fra:1 Mem:49.10M (Peak 49.10M) | Time:00:00.07 | Syncing front cuirass row 3 bevelled lame
Fra:1 Mem:49.12M (Peak 49.12M) | Time:00:00.07 | Syncing front cuirass row 3 bevelled lame
Fra:1 Mem:49.14M (Peak 49.14M) | Time:00:00.07 | Syncing front cuirass row 3 bevelled lame
Fra:1 Mem:49.16M (Peak 49.16M) | Time:00:00.07 | Syncing front cuirass row 3 bevelled lame
Fra:1 Mem:49.18M (Peak 49.18M) | Time:00:00.07 | Syncing rear cuirass row 3 bevelled lamel
Fra:1 Mem:49.20M (Peak 49.20M) | Time:00:00.07 | Syncing rear cuirass row 3 bevelled lamel
Fra:1 Mem:49.22M (Peak 49.22M) | Time:00:00.07 | Syncing rear cuirass row 3 bevelled lamel
Fra:1 Mem:49.23M (Peak 49.23M) | Time:00:00.07 | Syncing rear cuirass row 3 bevelled lamel
Fra:1 Mem:49.25M (Peak 49.25M) | Time:00:00.07 | Syncing rear cuirass row 3 bevelled lamel
Fra:1 Mem:49.27M (Peak 49.27M) | Time:00:00.07 | Syncing rear cuirass row 3 bevelled lamel
Fra:1 Mem:49.29M (Peak 49.29M) | Time:00:00.07 | Syncing rear cuirass row 3 bevelled lamel
Fra:1 Mem:49.31M (Peak 49.31M) | Time:00:00.07 | Syncing rear cuirass row 3 bevelled lamel
Fra:1 Mem:49.33M (Peak 49.33M) | Time:00:00.07 | Syncing front cuirass row 4 bevelled lame
Fra:1 Mem:49.35M (Peak 49.35M) | Time:00:00.07 | Syncing front cuirass row 4 bevelled lame
Fra:1 Mem:49.37M (Peak 49.37M) | Time:00:00.07 | Syncing front cuirass row 4 bevelled lame
Fra:1 Mem:49.39M (Peak 49.39M) | Time:00:00.07 | Syncing front cuirass row 4 bevelled lame
Fra:1 Mem:49.41M (Peak 49.41M) | Time:00:00.07 | Syncing front cuirass row 4 bevelled lame
Fra:1 Mem:49.43M (Peak 49.43M) | Time:00:00.07 | Syncing front cuirass row 4 bevelled lame
Fra:1 Mem:49.45M (Peak 49.45M) | Time:00:00.07 | Syncing front cuirass row 4 bevelled lame
Fra:1 Mem:49.47M (Peak 49.47M) | Time:00:00.07 | Syncing front cuirass row 4 bevelled lame
Fra:1 Mem:49.49M (Peak 49.49M) | Time:00:00.07 | Syncing rear cuirass row 4 bevelled lamel
Fra:1 Mem:49.50M (Peak 49.50M) | Time:00:00.07 | Syncing rear cuirass row 4 bevelled lamel
Fra:1 Mem:49.52M (Peak 49.52M) | Time:00:00.07 | Syncing rear cuirass row 4 bevelled lamel
Fra:1 Mem:49.54M (Peak 49.54M) | Time:00:00.07 | Syncing rear cuirass row 4 bevelled lamel
Fra:1 Mem:49.56M (Peak 49.56M) | Time:00:00.07 | Syncing rear cuirass row 4 bevelled lamel
Fra:1 Mem:49.58M (Peak 49.58M) | Time:00:00.07 | Syncing rear cuirass row 4 bevelled lamel
Fra:1 Mem:49.60M (Peak 49.60M) | Time:00:00.07 | Syncing rear cuirass row 4 bevelled lamel
Fra:1 Mem:49.62M (Peak 49.62M) | Time:00:00.07 | Syncing rear cuirass row 4 bevelled lamel
Fra:1 Mem:49.64M (Peak 49.64M) | Time:00:00.07 | Syncing front cuirass row 5 bevelled lame
Fra:1 Mem:49.66M (Peak 49.66M) | Time:00:00.07 | Syncing front cuirass row 5 bevelled lame
Fra:1 Mem:49.68M (Peak 49.68M) | Time:00:00.07 | Syncing front cuirass row 5 bevelled lame
Fra:1 Mem:49.70M (Peak 49.70M) | Time:00:00.07 | Syncing front cuirass row 5 bevelled lame
Fra:1 Mem:49.72M (Peak 49.72M) | Time:00:00.07 | Syncing front cuirass row 5 bevelled lame
Fra:1 Mem:49.74M (Peak 49.74M) | Time:00:00.07 | Syncing front cuirass row 5 bevelled lame
Fra:1 Mem:49.76M (Peak 49.76M) | Time:00:00.07 | Syncing front cuirass row 5 bevelled lame
Fra:1 Mem:49.78M (Peak 49.78M) | Time:00:00.07 | Syncing front cuirass row 5 bevelled lame
Fra:1 Mem:49.79M (Peak 49.79M) | Time:00:00.07 | Syncing rear cuirass row 5 bevelled lamel
Fra:1 Mem:49.81M (Peak 49.81M) | Time:00:00.07 | Syncing rear cuirass row 5 bevelled lamel
Fra:1 Mem:49.83M (Peak 49.83M) | Time:00:00.07 | Syncing rear cuirass row 5 bevelled lamel
Fra:1 Mem:49.85M (Peak 49.85M) | Time:00:00.07 | Syncing rear cuirass row 5 bevelled lamel
Fra:1 Mem:49.87M (Peak 49.87M) | Time:00:00.07 | Syncing rear cuirass row 5 bevelled lamel
Fra:1 Mem:49.89M (Peak 49.89M) | Time:00:00.07 | Syncing rear cuirass row 5 bevelled lamel
Fra:1 Mem:49.91M (Peak 49.91M) | Time:00:00.07 | Syncing rear cuirass row 5 bevelled lamel
Fra:1 Mem:49.93M (Peak 49.93M) | Time:00:00.07 | Syncing rear cuirass row 5 bevelled lamel
Fra:1 Mem:49.95M (Peak 49.95M) | Time:00:00.07 | Syncing left side cuirass plate 1
Fra:1 Mem:49.96M (Peak 49.96M) | Time:00:00.07 | Syncing left side cuirass plate 2
Fra:1 Mem:49.98M (Peak 49.98M) | Time:00:00.07 | Syncing left side cuirass plate 3
Fra:1 Mem:49.99M (Peak 49.99M) | Time:00:00.07 | Syncing right side cuirass plate 1
Fra:1 Mem:50.00M (Peak 50.00M) | Time:00:00.07 | Syncing right side cuirass plate 2
Fra:1 Mem:50.02M (Peak 50.02M) | Time:00:00.07 | Syncing right side cuirass plate 3
Fra:1 Mem:50.03M (Peak 50.03M) | Time:00:00.07 | Syncing left shoulder undercloth
Fra:1 Mem:50.09M (Peak 50.09M) | Time:00:00.07 | Syncing left hanging sode shoulder plate 
Fra:1 Mem:50.11M (Peak 50.11M) | Time:00:00.07 | Syncing left hanging sode shoulder plate 
Fra:1 Mem:50.13M (Peak 50.13M) | Time:00:00.07 | Syncing left hanging sode shoulder plate 
Fra:1 Mem:50.15M (Peak 50.15M) | Time:00:00.07 | Syncing left hanging sode shoulder plate 
Fra:1 Mem:50.17M (Peak 50.17M) | Time:00:00.07 | Syncing left armored upper arm
Fra:1 Mem:50.22M (Peak 50.22M) | Time:00:00.07 | Syncing left sode shoulder armor
Fra:1 Mem:50.27M (Peak 50.27M) | Time:00:00.07 | Syncing left kote forearm guard
Fra:1 Mem:50.32M (Peak 50.32M) | Time:00:00.07 | Syncing left leather palm volume
Fra:1 Mem:50.36M (Peak 50.38M) | Time:00:00.07 | Syncing left articulated index finger
Fra:1 Mem:50.37M (Peak 50.38M) | Time:00:00.07 | Syncing left index fingertip
Fra:1 Mem:50.38M (Peak 50.38M) | Time:00:00.07 | Syncing left articulated middle finger
Fra:1 Mem:50.39M (Peak 50.39M) | Time:00:00.07 | Syncing left middle fingertip
Fra:1 Mem:50.40M (Peak 50.40M) | Time:00:00.07 | Syncing left articulated ring finger
Fra:1 Mem:50.41M (Peak 50.41M) | Time:00:00.07 | Syncing left ring fingertip
Fra:1 Mem:50.42M (Peak 50.42M) | Time:00:00.07 | Syncing left articulated pinky finger
Fra:1 Mem:50.43M (Peak 50.43M) | Time:00:00.07 | Syncing left pinky fingertip
Fra:1 Mem:50.44M (Peak 50.44M) | Time:00:00.07 | Syncing left opposed thumb
Fra:1 Mem:50.45M (Peak 50.45M) | Time:00:00.07 | Syncing left thumb fingertip
Fra:1 Mem:50.47M (Peak 50.47M) | Time:00:00.07 | Syncing right shoulder undercloth
Fra:1 Mem:50.52M (Peak 50.52M) | Time:00:00.07 | Syncing right hanging sode shoulder plate
Fra:1 Mem:50.54M (Peak 50.54M) | Time:00:00.07 | Syncing right hanging sode shoulder plate
Fra:1 Mem:50.56M (Peak 50.56M) | Time:00:00.07 | Syncing right hanging sode shoulder plate
Fra:1 Mem:50.58M (Peak 50.58M) | Time:00:00.08 | Syncing right hanging sode shoulder plate
Fra:1 Mem:50.60M (Peak 50.60M) | Time:00:00.08 | Syncing right armored upper arm
Fra:1 Mem:50.66M (Peak 50.66M) | Time:00:00.08 | Syncing right sode shoulder armor
Fra:1 Mem:50.70M (Peak 50.70M) | Time:00:00.08 | Syncing right kote forearm guard
Fra:1 Mem:50.75M (Peak 50.75M) | Time:00:00.08 | Syncing right leather palm volume
Fra:1 Mem:50.79M (Peak 50.79M) | Time:00:00.08 | Syncing right articulated index finger
Fra:1 Mem:50.80M (Peak 50.80M) | Time:00:00.08 | Syncing right index fingertip
Fra:1 Mem:50.81M (Peak 50.81M) | Time:00:00.08 | Syncing right articulated middle finger
Fra:1 Mem:50.82M (Peak 50.82M) | Time:00:00.08 | Syncing right middle fingertip
Fra:1 Mem:50.83M (Peak 50.83M) | Time:00:00.08 | Syncing right articulated ring finger
Fra:1 Mem:50.84M (Peak 50.84M) | Time:00:00.08 | Syncing right ring fingertip
Fra:1 Mem:50.85M (Peak 50.85M) | Time:00:00.08 | Syncing right articulated pinky finger
Fra:1 Mem:50.86M (Peak 50.86M) | Time:00:00.08 | Syncing right pinky fingertip
Fra:1 Mem:50.87M (Peak 50.87M) | Time:00:00.08 | Syncing right opposed thumb
Fra:1 Mem:50.88M (Peak 50.88M) | Time:00:00.08 | Syncing right thumb fingertip
Fra:1 Mem:50.90M (Peak 50.90M) | Time:00:00.08 | Syncing kusazuri skirt plate -1 row 1
Fra:1 Mem:50.91M (Peak 50.91M) | Time:00:00.08 | Syncing rear kusazuri skirt plate -1 row 
Fra:1 Mem:50.93M (Peak 50.93M) | Time:00:00.08 | Syncing kusazuri skirt plate -1 row 2
Fra:1 Mem:50.94M (Peak 50.94M) | Time:00:00.08 | Syncing rear kusazuri skirt plate -1 row 
Fra:1 Mem:50.96M (Peak 50.96M) | Time:00:00.08 | Syncing kusazuri skirt plate -1 row 3
Fra:1 Mem:50.97M (Peak 50.97M) | Time:00:00.08 | Syncing rear kusazuri skirt plate -1 row 
Fra:1 Mem:50.98M (Peak 50.98M) | Time:00:00.08 | Syncing kusazuri skirt plate +0 row 1
Fra:1 Mem:51.00M (Peak 51.00M) | Time:00:00.08 | Syncing rear kusazuri skirt plate +0 row 
Fra:1 Mem:51.01M (Peak 51.01M) | Time:00:00.08 | Syncing kusazuri skirt plate +0 row 2
Fra:1 Mem:51.03M (Peak 51.03M) | Time:00:00.08 | Syncing rear kusazuri skirt plate +0 row 
Fra:1 Mem:51.04M (Peak 51.04M) | Time:00:00.08 | Syncing kusazuri skirt plate +0 row 3
Fra:1 Mem:51.05M (Peak 51.05M) | Time:00:00.08 | Syncing rear kusazuri skirt plate +0 row 
Fra:1 Mem:51.07M (Peak 51.07M) | Time:00:00.08 | Syncing kusazuri skirt plate +1 row 1
Fra:1 Mem:51.08M (Peak 51.08M) | Time:00:00.08 | Syncing rear kusazuri skirt plate +1 row 
Fra:1 Mem:51.10M (Peak 51.10M) | Time:00:00.08 | Syncing kusazuri skirt plate +1 row 2
Fra:1 Mem:51.11M (Peak 51.11M) | Time:00:00.08 | Syncing rear kusazuri skirt plate +1 row 
Fra:1 Mem:51.12M (Peak 51.12M) | Time:00:00.08 | Syncing kusazuri skirt plate +1 row 3
Fra:1 Mem:51.14M (Peak 51.14M) | Time:00:00.08 | Syncing rear kusazuri skirt plate +1 row 
Fra:1 Mem:51.15M (Peak 51.15M) | Time:00:00.08 | Syncing left hakama trouser leg
Fra:1 Mem:51.21M (Peak 51.21M) | Time:00:00.08 | Syncing left shin greave
Fra:1 Mem:51.26M (Peak 51.26M) | Time:00:00.08 | Syncing left split-toe tabi foot volume
Fra:1 Mem:51.31M (Peak 51.31M) | Time:00:00.08 | Syncing left separated big toe
Fra:1 Mem:51.33M (Peak 51.33M) | Time:00:00.08 | Syncing left outer toe group
Fra:1 Mem:51.35M (Peak 51.35M) | Time:00:00.08 | Syncing left woven waraji sole grounded
Fra:1 Mem:51.36M (Peak 51.36M) | Time:00:00.08 | Syncing left sandal toe strap
Fra:1 Mem:51.37M (Peak 51.42M) | Time:00:00.08 | Syncing left heel strap
Fra:1 Mem:51.37M (Peak 51.42M) | Time:00:00.08 | Syncing left hakama pleat 1
Fra:1 Mem:51.38M (Peak 51.42M) | Time:00:00.08 | Syncing left hakama pleat 2
Fra:1 Mem:51.38M (Peak 51.42M) | Time:00:00.08 | Syncing left hakama pleat 3
Fra:1 Mem:51.39M (Peak 51.42M) | Time:00:00.08 | Syncing right hakama trouser leg
Fra:1 Mem:51.48M (Peak 51.48M) | Time:00:00.08 | Syncing right shin greave
Fra:1 Mem:51.54M (Peak 51.54M) | Time:00:00.08 | Syncing right split-toe tabi foot volume
Fra:1 Mem:51.58M (Peak 51.58M) | Time:00:00.08 | Syncing right separated big toe
Fra:1 Mem:51.60M (Peak 51.60M) | Time:00:00.08 | Syncing right outer toe group
Fra:1 Mem:51.62M (Peak 51.62M) | Time:00:00.08 | Syncing right woven waraji sole grounded
Fra:1 Mem:51.63M (Peak 51.63M) | Time:00:00.08 | Syncing right sandal toe strap
Fra:1 Mem:51.64M (Peak 51.64M) | Time:00:00.08 | Syncing right heel strap
Fra:1 Mem:51.64M (Peak 51.64M) | Time:00:00.08 | Syncing right hakama pleat 1
Fra:1 Mem:51.65M (Peak 51.65M) | Time:00:00.08 | Syncing right hakama pleat 2
Fra:1 Mem:51.66M (Peak 51.66M) | Time:00:00.08 | Syncing right hakama pleat 3
Fra:1 Mem:51.66M (Peak 51.66M) | Time:00:00.08 | Syncing drawn katana blade spine
Fra:1 Mem:51.67M (Peak 51.73M) | Time:00:00.08 | Syncing bright sharpened katana edge
Fra:1 Mem:51.68M (Peak 51.73M) | Time:00:00.08 | Syncing wrapped katana grip
Fra:1 Mem:51.69M (Peak 51.73M) | Time:00:00.08 | Syncing square tsuba guard
Fra:1 Mem:51.70M (Peak 51.73M) | Time:00:00.08 | Syncing lacquered saya scabbard at left h
Fra:1 Mem:51.71M (Peak 51.73M) | Time:00:00.08 | Syncing waist sash tying armor
Fra:1 Mem:51.71M (Peak 51.73M) | Time:00:00.08 | Syncing bamboo sashimono back pole
Fra:1 Mem:51.72M (Peak 51.73M) | Time:00:00.08 | Syncing small lacquered sashimono crossba
Fra:1 Mem:51.74M (Peak 51.74M) | Time:00:00.08 | Syncing cloth sashimono banner panel
Fra:1 Mem:51.75M (Peak 51.80M) | Time:00:00.08 | Syncing simple round clan mon on banner
Fra:1 Mem:51.79M (Peak 51.80M) | Time:00:00.08 | Syncing cool key
Fra:1 Mem:51.79M (Peak 51.80M) | Time:00:00.08 | Syncing rim
Fra:1 Mem:51.79M (Peak 51.80M) | Time:00:00.08 | Syncing hero cam
Fra:1 Mem:51.79M (Peak 51.80M) | Time:00:00.08 | Syncing samurai_v2_provenance
Fra:1 Mem:51.83M (Peak 51.92M) | Time:00:00.09 | Rendering 1 / 32 samples
Fra:1 Mem:49.42M (Peak 51.92M) | Time:00:02.61 | Rendering 26 / 32 samples
Fra:1 Mem:49.42M (Peak 51.92M) | Time:00:03.06 | Rendering 32 / 32 samples
Saved: '/tmp/factoryx-v22-render/samurai-repaired-full-20-v22/uesugi-01/turntable_001.png'
 Time: 00:03.19 (Saving: 00:00.04)

ERROR (bke.modifier): ./source/blender/blenkernel/intern/modifier.cc:458 BKE_modifier_set_error: Object: "segmented kabuto helmet bowl", Modifier: "weighted normals", Enable 'Auto Smooth' in Object Data Properties
ERROR (bke.modifier): ./source/blender/blenkernel/intern/modifier.cc:458 BKE_modifier_set_error: Object: "thin exposed neck", Modifier: "weighted normals", Enable 'Auto Smooth' in Object Data Properties
ERROR (bke.modifier): ./source/blender/blenkernel/intern/modifier.cc:458 BKE_modifier_set_error: Object: "visible human head behind mempo", Modifier: "weighted normals", Enable 'Auto Smooth' in Object Data Properties
ERROR (bke.modifier): ./source/blender/blenkernel/intern/modifier.cc:458 BKE_modifier_set_error: Object: "narrow waist under-kimono volume", Modifier: "weighted normals", Enable 'Auto Smooth' in Object Data Properties
ERROR (bke.modifier): ./source/blender/blenkernel/intern/modifier.cc:458 BKE_modifier_set_error: Object: "ribcage under-kimono volume", Modifier: "weighted normals", Enable 'Auto Smooth' in Object Data Properties
ERROR (bke.modifier): ./source/blender/blenkernel/intern/modifier.cc:458 BKE_modifier_set_error: Object: "wide kabuto brim", Modifier: "weighted normals", Enable 'Auto Smooth' in Object Data Properties
ERROR (bke.modifier): ./source/blender/blenkernel/intern/modifier.cc:458 BKE_modifier_set_error: Object: "neck guard collar", Modifier: "weighted normals", Enable 'Auto Smooth' in Object Data Properties
ERROR (bke.modifier): ./source/blender/blenkernel/intern/modifier.cc:458 BKE_modifier_set_error: Object: "layered rear shikoro neck guard", Modifier: "weighted normals", Enable 'Auto Smooth' in Object Data Properties
ERROR (bke.modifier): ./source/blender/blenkernel/intern/modifier.cc:458 BKE_modifier_set_error: Object: "crest central rivet", Modifier: "weighted normals", Enable 'Auto Smooth' in Object Data Properties
ERROR (bke.modifier): ./source/blender/blenkernel/intern/modifier.cc:458 BKE_modifier_set_error: Object: "simple round clan mon on banner", Modifier: "weighted normals", Enable 'Auto Smooth' in Object Data Properties
ERROR (bke.modifier): ./source/blender/blenkernel/intern/modifier.cc:458 BKE_modifier_set_error: Object: "matte charcoal inspection plinth", Modifier: "weighted normals", Enable 'Auto Smooth' in Object Data Properties
ERROR (bke.modifier): ./source/blender/blenkernel/intern/modifier.cc:458 BKE_modifier_set_error: Object: "left side helmet flange", Modifier: "weighted normals", Enable 'Auto Smooth' in Object Data Properties
ERROR (bke.modifier): ./source/blender/blenkernel/intern/modifier.cc:458 BKE_modifier_set_error: Object: "left angular mempo cheek plate", Modifier: "weighted normals", Enable 'Auto Smooth' in Object Data Properties
ERROR (bke.modifier): ./source/blender/blenkernel/intern/modifier.cc:458 BKE_modifier_set_error: Object: "right side helmet flange", Modifier: "weighted normals", Enable 'Auto Smooth' in Object Data Properties
ERROR (bke.modifier): ./source/blender/blenkernel/intern/modifier.cc:458 BKE_modifier_set_error: Object: "right narrow eye slit", Modifier: "weighted normals", Enable 'Auto Smooth' in Object Data Properties
ERROR (bke.modifier): ./source/blender/blenkernel/intern/modifier.cc:458 BKE_modifier_set_error: Object: "mempo nose ridge", Modifier: "weighted normals", Enable 'Auto Smooth' in Object Data Properties
ERROR (bke.modifier): ./source/blender/blenkernel/intern/modifier.cc:458 BKE_modifier_set_error: Object: "mempo grim mouth slit", Modifier: "weighted normals", Enable 'Auto Smooth' in Object Data Properties
ERROR (bke.modifier): ./source/blender/blenkernel/intern/modifier.cc:458 BKE_modifier_set_error: Object: "cloth sashimono banner panel", Modifier: "weighted normals", Enable 'Auto Smooth' in Object Data Properties
ERROR (bke.modifier): ./source/blender/blenkernel/intern/modifier.cc:458 BKE_modifier_set_error: Object: "throat guard row 1 bevelled lamellar plate 04", Modifier: "weighted normals", Enable 'Auto Smooth' in Object Data Properties
ERROR (bke.modifier): ./source/blender/blenkernel/intern/modifier.cc:458 BKE_modifier_set_error: Object: "throat guard row 1 bevelled lamellar plate 02", Modifier: "weighted normals", Enable 'Auto Smooth' in Object Data Properties
ERROR (bke.modifier): ./source/blender/blenkernel/intern/modifier.cc:458 BKE_modifier_set_error: Object: "throat guard row 1 bevelled lamellar plate 03", Modifier: "weighted normals", Enable 'Auto Smooth' in Object Data Properties
ERROR (bke.modifier): ./source/blender/blenkernel/intern/modifier.cc:458 BKE_modifier_set_error: Object: "throat guard row 1 bevelled lamellar plate 01", Modifier: "weighted normals", Enable 'Auto Smooth' in Object Data Properties
ERROR (bke.modifier): ./source/blender/blenkernel/intern/modifier.cc:458 BKE_modifier_set_error: Object: "mempo chin guard", Modifier: "weighted normals", Enable 'Auto Smooth' in Object Data Properties
ERROR (bke.modifier): ./source/blender/blenkernel/intern/modifier.cc:458 BKE_modifier_set_error: Object: "upper do cuirass fitted shell", Modifier: "weighted normals", Enable 'Auto Smooth' in Object Data Properties
ERROR (bke.modifier): ./source/blender/blenkernel/intern/modifier.cc:458 BKE_modifier_set_error: Object: "left narrow eye slit", Modifier: "weighted normals", Enable 'Auto Smooth' in Object Data Properties
ERROR (bke.modifier): ./source/blender/blenkernel/intern/modifier.cc:458 BKE_modifier_set_error: Object: "lower do cuirass narrowed shell", Modifier: "weighted normals", Enable 'Auto Smooth' in Object Data Properties
ERROR (bke.modifier): ./source/blender/blenkernel/intern/modifier.cc:458 BKE_modifier_set_error: Object: "right angular mempo cheek plate", Modifier: "weighted normals", Enable 'Auto Smooth' in Object Data Properties
ERROR (bke.modifier): ./source/blender/blenkernel/intern/modifier.cc:458 BKE_modifier_set_error: Object: "throat guard row 2 bevelled lamellar plate 01", Modifier: "weighted normals", Enable 'Auto Smooth' in Object Data Properties
ERROR (bke.modifier): ./source/blender/blenkernel/intern/modifier.cc:458 BKE_modifier_set_error: Object: "throat guard row 2 bevelled lamellar plate 02", Modifier: "weighted normals", Enable 'Auto Smooth' in Object Data Properties
ERROR (bke.modifier): ./source/blender/blenkernel/intern/modifier.cc:458 BKE_modifier_set_error: Object: "small lacquered sashimono crossbar", Modifier: "weighted normals", Enable 'Auto Smooth' in Object Data Properties
ERROR (bke.modifier): ./source/blender/blenkernel/intern/modifier.cc:458 BKE_modifier_set_error: Object: "throat guard row 2 bevelled lamellar plate 03", Modifier: "weighted normals", Enable 'Auto Smooth' in Object Data Properties
ERROR (bke.modifier): ./source/blender/blenkernel/intern/modifier.cc:458 BKE_modifier_set_error: Object: "throat guard row 1 bevelled lamellar plate 05", Modifier: "weighted normals", Enable 'Auto Smooth' in Object Data Properties
ERROR (bke.modifier): ./source/blender/blenkernel/intern/modifier.cc:458 BKE_modifier_set_error: Object: "throat guard row 2 bevelled lamellar plate 05", Modifier: "weighted normals", Enable 'Auto Smooth' in Object Data Properties
ERROR (bke.modifier): ./source/blender/blenkernel/intern/modifier.cc:458 BKE_modifier_set_error: Object: "throat guard row 2 bevelled lamellar plate 04", Modifier: "weighted normals", Enable 'Auto Smooth' in Object Data Properties
ERROR (bke.modifier): ./source/blender/blenkernel/intern/modifier.cc:458 BKE_modifier_set_error: Object: "front cuirass row 1 bevelled lamellar plate 02", Modifier: "weighted normals", Enable 'Auto Smooth' in Object Data Properties
ERROR (bke.modifier): ./source/blender/blenkernel/intern/modifier.cc:458 BKE_modifier_set_error: Object: "throat guard row 3 bevelled lamellar plate 01", Modifier: "weighted normals", Enable 'Auto Smooth' in Object Data Properties
ERROR (bke.modifier): ./source/blender/blenkernel/intern/modifier.cc:458 BKE_modifier_set_error: Object: "throat guard row 3 bevelled lamellar plate 05", Modifier: "weighted normals", Enable 'Auto Smooth' in Object Data Properties
ERROR (bke.modifier): ./source/blender/blenkernel/intern/modifier.cc:458 BKE_modifier_set_error: Object: "throat guard row 3 bevelled lamellar plate 03", Modifier: "weighted normals", Enable 'Auto Smooth' in Object Data Properties
ERROR (bke.modifier): ./source/blender/blenkernel/intern/modifier.cc:458 BKE_modifier_set_error: Object: "throat guard row 3 bevelled lamellar plate 04", Modifier: "weighted normals", Enable 'Auto Smooth' in Object Data Properties
ERROR (bke.modifier): ./source/blender/blenkernel/intern/modifier.cc:458 BKE_modifier_set_error: Object: "throat guard row 3 bevelled lamellar plate 02", Modifier: "weighted normals", Enable 'Auto Smooth' in Object Data Properties
ERROR (bke.modifier): ./source/blender/blenkernel/intern/modifier.cc:458 BKE_modifier_set_error: Object: "front cuirass row 1 bevelled lamellar plate 03", Modifier: "weighted normals", Enable 'Auto Smooth' in Object Data Properties
ERROR (bke.modifier): ./source/blender/blenkernel/intern/modifier.cc:458 BKE_modifier_set_error: Object: "front cuirass row 1 bevelled lamellar plate 04", Modifier: "weighted normals", Enable 'Auto Smooth' in Object Data Properties
ERROR (bke.modifier): ./source/blender/blenkernel/intern/modifier.cc:458 BKE_modifier_set_error: Object: "front cuirass row 1 bevelled lamellar plate 01", Modifier: "weighted normals", Enable 'Auto Smooth' in Object Data Properties
ERROR (bke.modifier): ./source/blender/blenkernel/intern/modifier.cc:458 BKE_modifier_set_error: Object: "front cuirass row 1 bevelled lamellar plate 05", Modifier: "weighted normals", Enable 'Auto Smooth' in Object Data Properties
ERROR (bke.modifier): ./source/blender/blenkernel/intern/modifier.cc:458 BKE_modifier_set_error: Object: "rear cuirass row 1 bevelled lamellar plate 03", Modifier: "weighted normals", Enable 'Auto Smooth' in Object Data Properties
ERROR (bke.modifier): ./source/blender/blenkernel/intern/modifier.cc:458 BKE_modifier_set_error: Object: "front cuirass row 1 bevelled lamellar plate 07", Modifier: "weighted normals", Enable 'Auto Smooth' in Object Data Properties
ERROR (bke.modifier): ./source/blender/blenkernel/intern/modifier.cc:458 BKE_modifier_set_error: Object: "front cuirass row 1 bevelled lamellar plate 08", Modifier: "weighted normals", Enable 'Auto Smooth' in Object Data Properties
ERROR (bke.modifier): ./source/blender/blenkernel/intern/modifier.cc:458 BKE_modifier_set_error: Object: "square tsuba guard", Modifier: "weighted normals", Enable 'Auto Smooth' in Object Data Properties
ERROR (bke.modifier): ./source/blender/blenkernel/intern/modifier.cc:458 BKE_modifier_set_error: Object: "front cuirass row 1 bevelled lamellar plate 06", Modifier: "weighted normals", Enable 'Auto Smooth' in Object Data Properties
ERROR (bke.modifier): ./source/blender/blenkernel/intern/modifier.cc:458 BKE_modifier_set_error: Object: "rear cuirass row 1 bevelled lamellar plate 02", Modifier: "weighted normals", Enable 'Auto Smooth' in Object Data Properties
ERROR (bke.modifier): ./source/blender/blenkernel/intern/modifier.cc:458 BKE_modifier_set_error: Object: "rear cuirass row 1 bevelled lamellar plate 01", Modifier: "weighted normals", Enable 'Auto Smooth' in Object Data Properties
ERROR (bke.modifier): ./source/blender/blenkernel/intern/modifier.cc:458 BKE_modifier_set_error: Object: "wrapped katana grip", Modifier: "weighted normals", Enable 'Auto Smooth' in Object Data Properties
ERROR (bke.modifier): ./source/blender/blenkernel/intern/modifier.cc:458 BKE_modifier_set_error: Object: "rear cuirass row 1 bevelled lamellar plate 04", Modifier: "weighted normals", Enable 'Auto Smooth' in Object Data Properties
ERROR (bke.modifier): ./source/blender/blenkernel/intern/modifier.cc:458 BKE_modifier_set_error: Object: "rear cuirass row 1 bevelled lamellar plate 05", Modifier: "weighted normals", Enable 'Auto Smooth' in Object Data Properties
ERROR (bke.modifier): ./source/blender/blenkernel/intern/modifier.cc:458 BKE_modifier_set_error: Object: "front cuirass row 2 bevelled lamellar plate 01", Modifier: "weighted normals", Enable 'Auto Smooth' in Object Data Properties
ERROR (bke.modifier): ./source/blender/blenkernel/intern/modifier.cc:458 BKE_modifier_set_error: Object: "rear cuirass row 1 bevelled lamellar plate 06", Modifier: "weighted normals", Enable 'Auto Smooth' in Object Data Properties
ERROR (bke.modifier): ./source/blender/blenkernel/intern/modifier.cc:458 BKE_modifier_set_error: Object: "rear cuirass row 1 bevelled lamellar plate 07", Modifier: "weighted normals", Enable 'Auto Smooth' in Object Data Properties
ERROR (bke.modifier): ./source/blender/blenkernel/intern/modifier.cc:458 BKE_modifier_set_error: Object: "front cuirass row 2 bevelled lamellar plate 04", Modifier: "weighted normals", Enable 'Auto Smooth' in Object Data Properties
ERROR (bke.modifier): ./source/blender/blenkernel/intern/modifier.cc:458 BKE_modifier_set_error: Object: "rear cuirass row 1 bevelled lamellar plate 08", Modifier: "weighted normals", Enable 'Auto Smooth' in Object Data Properties
ERROR (bke.modifier): ./source/blender/blenkernel/intern/modifier.cc:458 BKE_modifier_set_error: Object: "front cuirass row 2 bevelled lamellar plate 02", Modifier: "weighted normals", Enable 'Auto Smooth' in Object Data Properties
ERROR (bke.modifier): ./source/blender/blenkernel/intern/modifier.cc:458 BKE_modifier_set_error: Object: "front cuirass row 2 bevelled lamellar plate 03", Modifier: "weighted normals", Enable 'Auto Smooth' in Object Data Properties
ERROR (bke.modifier): ./source/blender/blenkernel/intern/modifier.cc:458 BKE_modifier_set_error: Object: "front cuirass row 2 bevelled lamellar plate 05", Modifier: "weighted normals", Enable 'Auto Smooth' in Object Data Properties
ERROR (bke.modifier): ./source/blender/blenkernel/intern/modifier.cc:458 BKE_modifier_set_error: Object: "front cuirass row 2 bevelled lamellar plate 06", Modifier: "weighted normals", Enable 'Auto Smooth' in Object Data Properties
ERROR (bke.modifier): ./source/blender/blenkernel/intern/modifier.cc:458 BKE_modifier_set_error: Object: "front cuirass row 2 bevelled lamellar plate 07", Modifier: "weighted normals", Enable 'Auto Smooth' in Object Data Properties
ERROR (bke.modifier): ./source/blender/blenkernel/intern/modifier.cc:458 BKE_modifier_set_error: Object: "front cuirass row 2 bevelled lamellar plate 08", Modifier: "weighted normals", Enable 'Auto Smooth' in Object Data Properties
ERROR (bke.modifier): ./source/blender/blenkernel/intern/modifier.cc:458 BKE_modifier_set_error: Object: "rear cuirass row 2 bevelled lamellar plate 01", Modifier: "weighted normals", Enable 'Auto Smooth' in Object Data Properties
ERROR (bke.modifier): ./source/blender/blenkernel/intern/modifier.cc:458 BKE_modifier_set_error: Object: "rear cuirass row 2 bevelled lamellar plate 08", Modifier: "weighted normals", Enable 'Auto Smooth' in Object Data Properties
ERROR (bke.modifier): ./source/blender/blenkernel/intern/modifier.cc:458 BKE_modifier_set_error: Object: "rear cuirass row 2 bevelled lamellar plate 02", Modifier: "weighted normals", Enable 'Auto Smooth' in Object Data Properties
ERROR (bke.modifier): ./source/blender/blenkernel/intern/modifier.cc:458 BKE_modifier_set_error: Object: "front cuirass row 3 bevelled lamellar plate 02", Modifier: "weighted normals", Enable 'Auto Smooth' in Object Data Properties
ERROR (bke.modifier): ./source/blender/blenkernel/intern/modifier.cc:458 BKE_modifier_set_error: Object: "rear cuirass row 2 bevelled lamellar plate 07", Modifier: "weighted normals", Enable 'Auto Smooth' in Object Data Properties
ERROR (bke.modifier): ./source/blender/blenkernel/intern/modifier.cc:458 BKE_modifier_set_error: Object: "rear cuirass row 2 bevelled lamellar plate 06", Modifier: "weighted normals", Enable 'Auto Smooth' in Object Data Properties
ERROR (bke.modifier): ./source/blender/blenkernel/intern/modifier.cc:458 BKE_modifier_set_error: Object: "rear cuirass row 2 bevelled lamellar plate 04", Modifier: "weighted normals", Enable 'Auto Smooth' in Object Data Properties
ERROR (bke.modifier): ./source/blender/blenkernel/intern/modifier.cc:458 BKE_modifier_set_error: Object: "rear cuirass row 2 bevelled lamellar plate 05", Modifier: "weighted normals", Enable 'Auto Smooth' in Object Data Properties
ERROR (bke.modifier): ./source/blender/blenkernel/intern/modifier.cc:458 BKE_modifier_set_error: Object: "front cuirass row 3 bevelled lamellar plate 03", Modifier: "weighted normals", Enable 'Auto Smooth' in Object Data Properties
ERROR (bke.modifier): ./source/blender/blenkernel/intern/modifier.cc:458 BKE_modifier_set_error: Object: "rear cuirass row 2 bevelled lamellar plate 03", Modifier: "weighted normals", Enable 'Auto Smooth' in Object Data Properties
ERROR (bke.modifier): ./source/blender/blenkernel/intern/modifier.cc:458 BKE_modifier_set_error: Object: "front cuirass row 3 bevelled lamellar plate 05", Modifier: "weighted normals", Enable 'Auto Smooth' in Object Data Properties
ERROR (bke.modifier): ./source/blender/blenkernel/intern/modifier.cc:458 BKE_modifier_set_error: Object: "front cuirass row 3 bevelled lamellar plate 07", Modifier: "weighted normals", Enable 'Auto Smooth' in Object Data Properties
ERROR (bke.modifier): ./source/blender/blenkernel/intern/modifier.cc:458 BKE_modifier_set_error: Object: "front cuirass row 3 bevelled lamellar plate 06", Modifier: "weighted normals", Enable 'Auto Smooth' in Object Data Properties
ERROR (bke.modifier): ./source/blender/blenkernel/intern/modifier.cc:458 BKE_modifier_set_error: Object: "front cuirass row 3 bevelled lamellar plate 01", Modifier: "weighted normals", Enable 'Auto Smooth' in Object Data Properties
ERROR (bke.modifier): ./source/blender/blenkernel/intern/modifier.cc:458 BKE_modifier_set_error: Object: "rear cuirass row 3 bevelled lamellar plate 01", Modifier: "weighted normals", Enable 'Auto Smooth' in Object Data Properties
ERROR (bke.modifier): ./source/blender/blenkernel/intern/modifier.cc:458 BKE_modifier_set_error: Object: "front cuirass row 3 bevelled lamellar plate 04", Modifier: "weighted normals", Enable 'Auto Smooth' in Object Data Properties
ERROR (bke.modifier): ./source/blender/blenkernel/intern/modifier.cc:458 BKE_modifier_set_error: Object: "rear cuirass row 3 bevelled lamellar plate 02", Modifier: "weighted normals", Enable 'Auto Smooth' in Object Data Properties
ERROR (bke.modifier): ./source/blender/blenkernel/intern/modifier.cc:458 BKE_modifier_set_error: Object: "front cuirass row 3 bevelled lamellar plate 08", Modifier: "weighted normals", Enable 'Auto Smooth' in Object Data Properties
ERROR (bke.modifier): ./source/blender/blenkernel/intern/modifier.cc:458 BKE_modifier_set_error: Object: "rear cuirass row 3 bevelled lamellar plate 07", Modifier: "weighted normals", Enable 'Auto Smooth' in Object Data Properties
ERROR (bke.modifier): ./source/blender/blenkernel/intern/modifier.cc:458 BKE_modifier_set_error: Object: "rear cuirass row 3 bevelled lamellar plate 03", Modifier: "weighted normals", Enable 'Auto Smooth' in Object Data Properties
ERROR (bke.modifier): ./source/blender/blenkernel/intern/modifier.cc:458 BKE_modifier_set_error: Object: "rear cuirass row 3 bevelled lamellar plate 04", Modifier: "weighted normals", Enable 'Auto Smooth' in Object Data Properties
ERROR (bke.modifier): ./source/blender/blenkernel/intern/modifier.cc:458 BKE_modifier_set_error: Object: "rear cuirass row 3 bevelled lamellar plate 08", Modifier: "weighted normals", Enable 'Auto Smooth' in Object Data Properties
ERROR (bke.modifier): ./source/blender/blenkernel/intern/modifier.cc:458 BKE_modifier_set_error: Object: "rear cuirass row 3 bevelled lamellar plate 05", Modifier: "weighted normals", Enable 'Auto Smooth' in Object Data Properties
ERROR (bke.modifier): ./source/blender/blenkernel/intern/modifier.cc:458 BKE_modifier_set_error: Object: "right woven waraji sole grounded", Modifier: "weighted normals", Enable 'Auto Smooth' in Object Data Properties
ERROR (bke.modifier): ./source/blender/blenkernel/intern/modifier.cc:458 BKE_modifier_set_error: Object: "front cuirass row 4 bevelled lamellar plate 02", Modifier: "weighted normals", Enable 'Auto Smooth' in Object Data Properties
ERROR (bke.modifier): ./source/blender/blenkernel/intern/modifier.cc:458 BKE_modifier_set_error: Object: "rear cuirass row 3 bevelled lamellar plate 06", Modifier: "weighted normals", Enable 'Auto Smooth' in Object Data Properties
ERROR (bke.modifier): ./source/blender/blenkernel/intern/modifier.cc:458 BKE_modifier_set_error: Object: "front cuirass row 4 bevelled lamellar plate 01", Modifier: "weighted normals", Enable 'Auto Smooth' in Object Data Properties
ERROR (bke.modifier): ./source/blender/blenkernel/intern/modifier.cc:458 BKE_modifier_set_error: Object: "right outer toe group", Modifier: "weighted normals", Enable 'Auto Smooth' in Object Data Properties
ERROR (bke.modifier): ./source/blender/blenkernel/intern/modifier.cc:458 BKE_modifier_set_error: Object: "front cuirass row 4 bevelled lamellar plate 04", Modifier: "weighted normals", Enable 'Auto Smooth' in Object Data Properties
ERROR (bke.modifier): ./source/blender/blenkernel/intern/modifier.cc:458 BKE_modifier_set_error: Object: "front cuirass row 4 bevelled lamellar plate 03", Modifier: "weighted normals", Enable 'Auto Smooth' in Object Data Properties
ERROR (bke.modifier): ./source/blender/blenkernel/intern/modifier.cc:458 BKE_modifier_set_error: Object: "rear cuirass row 4 bevelled lamellar plate 02", Modifier: "weighted normals", Enable 'Auto Smooth' in Object Data Properties
ERROR (bke.modifier): ./source/blender/blenkernel/intern/modifier.cc:458 BKE_modifier_set_error: Object: "right separated big toe", Modifier: "weighted normals", Enable 'Auto Smooth' in Object Data Properties
ERROR (bke.modifier): ./source/blender/blenkernel/intern/modifier.cc:458 BKE_modifier_set_error: Object: "front cuirass row 4 bevelled lamellar plate 06", Modifier: "weighted normals", Enable 'Auto Smooth' in Object Data Properties
ERROR (bke.modifier): ./source/blender/blenkernel/intern/modifier.cc:458 BKE_modifier_set_error: Object: "front cuirass row 4 bevelled lamellar plate 07", Modifier: "weighted normals", Enable 'Auto Smooth' in Object Data Properties
ERROR (bke.modifier): ./source/blender/blenkernel/intern/modifier.cc:458 BKE_modifier_set_error: Object: "front cuirass row 4 bevelled lamellar plate 05", Modifier: "weighted normals", Enable 'Auto Smooth' in Object Data Properties
ERROR (bke.modifier): ./source/blender/blenkernel/intern/modifier.cc:458 BKE_modifier_set_error: Object: "right split-toe tabi foot volume", Modifier: "weighted normals", Enable 'Auto Smooth' in Object Data Properties
ERROR (bke.modifier): ./source/blender/blenkernel/intern/modifier.cc:458 BKE_modifier_set_error: Object: "front cuirass row 4 bevelled lamellar plate 08", Modifier: "weighted normals", Enable 'Auto Smooth' in Object Data Properties
ERROR (bke.modifier): ./source/blender/blenkernel/intern/modifier.cc:458 BKE_modifier_set_error: Object: "right shin greave", Modifier: "weighted normals", Enable 'Auto Smooth' in Object Data Properties
ERROR (bke.modifier): ./source/blender/blenkernel/intern/modifier.cc:458 BKE_modifier_set_error: Object: "rear cuirass row 4 bevelled lamellar plate 01", Modifier: "weighted normals", Enable 'Auto Smooth' in Object Data Properties
ERROR (bke.modifier): ./source/blender/blenkernel/intern/modifier.cc:458 BKE_modifier_set_error: Object: "rear cuirass row 4 bevelled lamellar plate 04", Modifier: "weighted normals", Enable 'Auto Smooth' in Object Data Properties
ERROR (bke.modifier): ./source/blender/blenkernel/intern/modifier.cc:458 BKE_modifier_set_error: Object: "rear cuirass row 4 bevelled lamellar plate 03", Modifier: "weighted normals", Enable 'Auto Smooth' in Object Data Properties
ERROR (bke.modifier): ./source/blender/blenkernel/intern/modifier.cc:458 BKE_modifier_set_error: Object: "right hakama trouser leg", Modifier: "weighted normals", Enable 'Auto Smooth' in Object Data Properties
ERROR (bke.modifier): ./source/blender/blenkernel/intern/modifier.cc:458 BKE_modifier_set_error: Object: "front cuirass row 5 bevelled lamellar plate 04", Modifier: "weighted normals", Enable 'Auto Smooth' in Object Data Properties
ERROR (bke.modifier): ./source/blender/blenkernel/intern/modifier.cc:458 BKE_modifier_set_error: Object: "rear cuirass row 4 bevelled lamellar plate 05", Modifier: "weighted normals", Enable 'Auto Smooth' in Object Data Properties
ERROR (bke.modifier): ./source/blender/blenkernel/intern/modifier.cc:458 BKE_modifier_set_error: Object: "rear cuirass row 4 bevelled lamellar plate 07", Modifier: "weighted normals", Enable 'Auto Smooth' in Object Data Properties
ERROR (bke.modifier): ./source/blender/blenkernel/intern/modifier.cc:458 BKE_modifier_set_error: Object: "rear cuirass row 4 bevelled lamellar plate 06", Modifier: "weighted normals", Enable 'Auto Smooth' in Object Data Properties
ERROR (bke.modifier): ./source/blender/blenkernel/intern/modifier.cc:458 BKE_modifier_set_error: Object: "rear cuirass row 4 bevelled lamellar plate 08", Modifier: "weighted normals", Enable 'Auto Smooth' in Object Data Properties
ERROR (bke.modifier): ./source/blender/blenkernel/intern/modifier.cc:458 BKE_modifier_set_error: Object: "front cuirass row 5 bevelled lamellar plate 01", Modifier: "weighted normals", Enable 'Auto Smooth' in Object Data Properties
ERROR (bke.modifier): ./source/blender/blenkernel/intern/modifier.cc:458 BKE_modifier_set_error: Object: "front cuirass row 5 bevelled lamellar plate 02", Modifier: "weighted normals", Enable 'Auto Smooth' in Object Data Properties
ERROR (bke.modifier): ./source/blender/blenkernel/intern/modifier.cc:458 BKE_modifier_set_error: Object: "front cuirass row 5 bevelled lamellar plate 03", Modifier: "weighted normals", Enable 'Auto Smooth' in Object Data Properties
ERROR (bke.modifier): ./source/blender/blenkernel/intern/modifier.cc:458 BKE_modifier_set_error: Object: "rear cuirass row 5 bevelled lamellar plate 01", Modifier: "weighted normals", Enable 'Auto Smooth' in Object Data Properties
ERROR (bke.modifier): ./source/blender/blenkernel/intern/modifier.cc:458 BKE_modifier_set_error: Object: "front cuirass row 5 bevelled lamellar plate 06", Modifier: "weighted normals", Enable 'Auto Smooth' in Object Data Properties
ERROR (bke.modifier): ./source/blender/blenkernel/intern/modifier.cc:458 BKE_modifier_set_error: Object: "front cuirass row 5 bevelled lamellar plate 08", Modifier: "weighted normals", Enable 'Auto Smooth' in Object Data Properties
ERROR (bke.modifier): ./source/blender/blenkernel/intern/modifier.cc:458 BKE_modifier_set_error: Object: "front cuirass row 5 bevelled lamellar plate 07", Modifier: "weighted normals", Enable 'Auto Smooth' in Object Data Properties
ERROR (bke.modifier): ./source/blender/blenkernel/intern/modifier.cc:458 BKE_modifier_set_error: Object: "rear cuirass row 5 bevelled lamellar plate 08", Modifier: "weighted normals", Enable 'Auto Smooth' in Object Data Properties
ERROR (bke.modifier): ./source/blender/blenkernel/intern/modifier.cc:458 BKE_modifier_set_error: Object: "front cuirass row 5 bevelled lamellar plate 05", Modifier: "weighted normals", Enable 'Auto Smooth' in Object Data Properties
ERROR (bke.modifier): ./source/blender/blenkernel/intern/modifier.cc:458 BKE_modifier_set_error: Object: "left shoulder undercloth", Modifier: "weighted normals", Enable 'Auto Smooth' in Object Data Properties
ERROR (bke.modifier): ./source/blender/blenkernel/intern/modifier.cc:458 BKE_modifier_set_error: Object: "rear cuirass row 5 bevelled lamellar plate 06", Modifier: "weighted normals", Enable 'Auto Smooth' in Object Data Properties
ERROR (bke.modifier): ./source/blender/blenkernel/intern/modifier.cc:458 BKE_modifier_set_error: Object: "rear cuirass row 5 bevelled lamellar plate 02", Modifier: "weighted normals", Enable 'Auto Smooth' in Object Data Properties
ERROR (bke.modifier): ./source/blender/blenkernel/intern/modifier.cc:458 BKE_modifier_set_error: Object: "right side cuirass plate 1", Modifier: "weighted normals", Enable 'Auto Smooth' in Object Data Properties
ERROR (bke.modifier): ./source/blender/blenkernel/intern/modifier.cc:458 BKE_modifier_set_error: Object: "rear cuirass row 5 bevelled lamellar plate 03", Modifier: "weighted normals", Enable 'Auto Smooth' in Object Data Properties
ERROR (bke.modifier): ./source/blender/blenkernel/intern/modifier.cc:458 BKE_modifier_set_error: Object: "right side cuirass plate 2", Modifier: "weighted normals", Enable 'Auto Smooth' in Object Data Properties
ERROR (bke.modifier): ./source/blender/blenkernel/intern/modifier.cc:458 BKE_modifier_set_error: Object: "left armored upper arm", Modifier: "weighted normals", Enable 'Auto Smooth' in Object Data Properties
ERROR (bke.modifier): ./source/blender/blenkernel/intern/modifier.cc:458 BKE_modifier_set_error: Object: "left sode shoulder armor", Modifier: "weighted normals", Enable 'Auto Smooth' in Object Data Properties
ERROR (bke.modifier): ./source/blender/blenkernel/intern/modifier.cc:458 BKE_modifier_set_error: Object: "right side cuirass plate 3", Modifier: "weighted normals", Enable 'Auto Smooth' in Object Data Properties
ERROR (bke.modifier): ./source/blender/blenkernel/intern/modifier.cc:458 BKE_modifier_set_error: Object: "rear cuirass row 5 bevelled lamellar plate 07", Modifier: "weighted normals", Enable 'Auto Smooth' in Object Data Properties
ERROR (bke.modifier): ./source/blender/blenkernel/intern/modifier.cc:458 BKE_modifier_set_error: Object: "left kote forearm guard", Modifier: "weighted normals", Enable 'Auto Smooth' in Object Data Properties
ERROR (bke.modifier): ./source/blender/blenkernel/intern/modifier.cc:458 BKE_modifier_set_error: Object: "left leather palm volume", Modifier: "weighted normals", Enable 'Auto Smooth' in Object Data Properties
ERROR (bke.modifier): ./source/blender/blenkernel/intern/modifier.cc:458 BKE_modifier_set_error: Object: "left index fingertip", Modifier: "weighted normals", Enable 'Auto Smooth' in Object Data Properties
ERROR (bke.modifier): ./source/blender/blenkernel/intern/modifier.cc:458 BKE_modifier_set_error: Object: "rear cuirass row 5 bevelled lamellar plate 05", Modifier: "weighted normals", Enable 'Auto Smooth' in Object Data Properties
ERROR (bke.modifier): ./source/blender/blenkernel/intern/modifier.cc:458 BKE_modifier_set_error: Object: "left side cuirass plate 1", Modifier: "weighted normals", Enable 'Auto Smooth' in Object Data Properties
ERROR (bke.modifier): ./source/blender/blenkernel/intern/modifier.cc:458 BKE_modifier_set_error: Object: "left middle fingertip", Modifier: "weighted normals", Enable 'Auto Smooth' in Object Data Properties
ERROR (bke.modifier): ./source/blender/blenkernel/intern/modifier.cc:458 BKE_modifier_set_error: Object: "left ring fingertip", Modifier: "weighted normals", Enable 'Auto Smooth' in Object Data Properties
ERROR (bke.modifier): ./source/blender/blenkernel/intern/modifier.cc:458 BKE_modifier_set_error: Object: "left pinky fingertip", Modifier: "weighted normals", Enable 'Auto Smooth' in Object Data Properties
ERROR (bke.modifier): ./source/blender/blenkernel/intern/modifier.cc:458 BKE_modifier_set_error: Object: "left thumb fingertip", Modifier: "weighted normals", Enable 'Auto Smooth' in Object Data Properties
ERROR (bke.modifier): ./source/blender/blenkernel/intern/modifier.cc:458 BKE_modifier_set_error: Object: "right shoulder undercloth", Modifier: "weighted normals", Enable 'Auto Smooth' in Object Data Properties
ERROR (bke.modifier): ./source/blender/blenkernel/intern/modifier.cc:458 BKE_modifier_set_error: Object: "left woven waraji sole grounded", Modifier: "weighted normals", Enable 'Auto Smooth' in Object Data Properties
ERROR (bke.modifier): ./source/blender/blenkernel/intern/modifier.cc:458 BKE_modifier_set_error: Object: "right kote forearm guard", Modifier: "weighted normals", Enable 'Auto Smooth' in Object Data Properties
ERROR (bke.modifier): ./source/blender/blenkernel/intern/modifier.cc:458 BKE_modifier_set_error: Object: "right sode shoulder armor", Modifier: "weighted normals", Enable 'Auto Smooth' in Object Data Properties
ERROR (bke.modifier): ./source/blender/blenkernel/intern/modifier.cc:458 BKE_modifier_set_error: Object: "right armored upper arm", Modifier: "weighted normals", Enable 'Auto Smooth' in Object Data Properties
ERROR (bke.modifier): ./source/blender/blenkernel/intern/modifier.cc:458 BKE_modifier_set_error: Object: "left hanging sode shoulder plate 1", Modifier: "weighted normals", Enable 'Auto Smooth' in Object Data Properties
ERROR (bke.modifier): ./source/blender/blenkernel/intern/modifier.cc:458 BKE_modifier_set_error: Object: "rear cuirass row 5 bevelled lamellar plate 04", Modifier: "weighted normals", Enable 'Auto Smooth' in Object Data Properties
ERROR (bke.modifier): ./source/blender/blenkernel/intern/modifier.cc:458 BKE_modifier_set_error: Object: "left outer toe group", Modifier: "weighted normals", Enable 'Auto Smooth' in Object Data Properties
ERROR (bke.modifier): ./source/blender/blenkernel/intern/modifier.cc:458 BKE_modifier_set_error: Object: "left hanging sode shoulder plate 2", Modifier: "weighted normals", Enable 'Auto Smooth' in Object Data Properties
ERROR (bke.modifier): ./source/blender/blenkernel/intern/modifier.cc:458 BKE_modifier_set_error: Object: "right leather palm volume", Modifier: "weighted normals", Enable 'Auto Smooth' in Object Data Properties
ERROR (bke.modifier): ./source/blender/blenkernel/intern/modifier.cc:458 BKE_modifier_set_error: Object: "left hanging sode shoulder plate 4", Modifier: "weighted normals", Enable 'Auto Smooth' in Object Data Properties
ERROR (bke.modifier): ./source/blender/blenkernel/intern/modifier.cc:458 BKE_modifier_set_error: Object: "right index fingertip", Modifier: "weighted normals", Enable 'Auto Smooth' in Object Data Properties
ERROR (bke.modifier): ./source/blender/blenkernel/intern/modifier.cc:458 BKE_modifier_set_error: Object: "right ring fingertip", Modifier: "weighted normals", Enable 'Auto Smooth' in Object Data Properties
ERROR (bke.modifier): ./source/blender/blenkernel/intern/modifier.cc:458 BKE_modifier_set_error: Object: "right middle fingertip", Modifier: "weighted normals", Enable 'Auto Smooth' in Object Data Properties
ERROR (bke.modifier): ./source/blender/blenkernel/intern/modifier.cc:458 BKE_modifier_set_error: Object: "left hanging sode shoulder plate 3", Modifier: "weighted normals", Enable 'Auto Smooth' in Object Data Properties
ERROR (bke.modifier): ./source/blender/blenkernel/intern/modifier.cc:458 BKE_modifier_set_error: Object: "left separated big toe", Modifier: "weighted normals", Enable 'Auto Smooth' in Object Data Properties
ERROR (bke.modifier): ./source/blender/blenkernel/intern/modifier.cc:458 BKE_modifier_set_error: Object: "right pinky fingertip", Modifier: "weighted normals", Enable 'Auto Smooth' in Object Data Properties
ERROR (bke.modifier): ./source/blender/blenkernel/intern/modifier.cc:458 BKE_modifier_set_error: Object: "left side cuirass plate 2", Modifier: "weighted normals", Enable 'Auto Smooth' in Object Data Properties
ERROR (bke.modifier): ./source/blender/blenkernel/intern/modifier.cc:458 BKE_modifier_set_error: Object: "right thumb fingertip", Modifier: "weighted normals", Enable 'Auto Smooth' in Object Data Properties
ERROR (bke.modifier): ./source/blender/blenkernel/intern/modifier.cc:458 BKE_modifier_set_error: Object: "left split-toe tabi foot volume", Modifier: "weighted normals", Enable 'Auto Smooth' in Object Data Properties
ERROR (bke.modifier): ./source/blender/blenkernel/intern/modifier.cc:458 BKE_modifier_set_error: Object: "right hanging sode shoulder plate 1", Modifier: "weighted normals", Enable 'Auto Smooth' in Object Data Properties
ERROR (bke.modifier): ./source/blender/blenkernel/intern/modifier.cc:458 BKE_modifier_set_error: Object: "left shin greave", Modifier: "weighted normals", Enable 'Auto Smooth' in Object Data Properties
ERROR (bke.modifier): ./source/blender/blenkernel/intern/modifier.cc:458 BKE_modifier_set_error: Object: "right hanging sode shoulder plate 2", Modifier: "weighted normals", Enable 'Auto Smooth' in Object Data Properties
ERROR (bke.modifier): ./source/blender/blenkernel/intern/modifier.cc:458 BKE_modifier_set_error: Object: "left side cuirass plate 3", Modifier: "weighted normals", Enable 'Auto Smooth' in Object Data Properties
ERROR (bke.modifier): ./source/blender/blenkernel/intern/modifier.cc:458 BKE_modifier_set_error: Object: "left hakama trouser leg", Modifier: "weighted normals", Enable 'Auto Smooth' in Object Data Properties
ERROR (bke.modifier): ./source/blender/blenkernel/intern/modifier.cc:458 BKE_modifier_set_error: Object: "rear kusazuri skirt plate -1 row 3", Modifier: "weighted normals", Enable 'Auto Smooth' in Object Data Properties
ERROR (bke.modifier): ./source/blender/blenkernel/intern/modifier.cc:458 BKE_modifier_set_error: Object: "right hanging sode shoulder plate 3", Modifier: "weighted normals", Enable 'Auto Smooth' in Object Data Properties
ERROR (bke.modifier): ./source/blender/blenkernel/intern/modifier.cc:458 BKE_modifier_set_error: Object: "kusazuri skirt plate -1 row 2", Modifier: "weighted normals", Enable 'Auto Smooth' in Object Data Properties
ERROR (bke.modifier): ./source/blender/blenkernel/intern/modifier.cc:458 BKE_modifier_set_error: Object: "kusazuri skirt plate +0 row 3", Modifier: "weighted normals", Enable 'Auto Smooth' in Object Data Properties
ERROR (bke.modifier): ./source/blender/blenkernel/intern/modifier.cc:458 BKE_modifier_set_error: Object: "kusazuri skirt plate -1 row 3", Modifier: "weighted normals", Enable 'Auto Smooth' in Object Data Properties
ERROR (bke.modifier): ./source/blender/blenkernel/intern/modifier.cc:458 BKE_modifier_set_error: Object: "right hanging sode shoulder plate 4", Modifier: "weighted normals", Enable 'Auto Smooth' in Object Data Properties
ERROR (bke.modifier): ./source/blender/blenkernel/intern/modifier.cc:458 BKE_modifier_set_error: Object: "kusazuri skirt plate -1 row 1", Modifier: "weighted normals", Enable 'Auto Smooth' in Object Data Properties
ERROR (bke.modifier): ./source/blender/blenkernel/intern/modifier.cc:458 BKE_modifier_set_error: Object: "rear kusazuri skirt plate -1 row 2", Modifier: "weighted normals", Enable 'Auto Smooth' in Object Data Properties
ERROR (bke.modifier): ./source/blender/blenkernel/intern/modifier.cc:458 BKE_modifier_set_error: Object: "rear kusazuri skirt plate -1 row 1", Modifier: "weighted normals", Enable 'Auto Smooth' in Object Data Properties
ERROR (bke.modifier): ./source/blender/blenkernel/intern/modifier.cc:458 BKE_modifier_set_error: Object: "kusazuri skirt plate +0 row 1", Modifier: "weighted normals", Enable 'Auto Smooth' in Object Data Properties
ERROR (bke.modifier): ./source/blender/blenkernel/intern/modifier.cc:458 BKE_modifier_set_error: Object: "rear kusazuri skirt plate +0 row 1", Modifier: "weighted normals", Enable 'Auto Smooth' in Object Data Properties
ERROR (bke.modifier): ./source/blender/blenkernel/intern/modifier.cc:458 BKE_modifier_set_error: Object: "kusazuri skirt plate +0 row 2", Modifier: "weighted normals", Enable 'Auto Smooth' in Object Data Properties
ERROR (bke.modifier): ./source/blender/blenkernel/intern/modifier.cc:458 BKE_modifier_set_error: Object: "rear kusazuri skirt plate +0 row 2", Modifier: "weighted normals", Enable 'Auto Smooth' in Object Data Properties
ERROR (bke.modifier): ./source/blender/blenkernel/intern/modifier.cc:458 BKE_modifier_set_error: Object: "rear kusazuri skirt plate +0 row 3", Modifier: "weighted normals", Enable 'Auto Smooth' in Object Data Properties
ERROR (bke.modifier): ./source/blender/blenkernel/intern/modifier.cc:458 BKE_modifier_set_error: Object: "kusazuri skirt plate +1 row 1", Modifier: "weighted normals", Enable 'Auto Smooth' in Object Data Properties
ERROR (bke.modifier): ./source/blender/blenkernel/intern/modifier.cc:458 BKE_modifier_set_error: Object: "rear kusazuri skirt plate +1 row 1", Modifier: "weighted normals", Enable 'Auto Smooth' in Object Data Properties
ERROR (bke.modifier): ./source/blender/blenkernel/intern/modifier.cc:458 BKE_modifier_set_error: Object: "kusazuri skirt plate +1 row 3", Modifier: "weighted normals", Enable 'Auto Smooth' in Object Data Properties
ERROR (bke.modifier): ./source/blender/blenkernel/intern/modifier.cc:458 BKE_modifier_set_error: Object: "rear kusazuri skirt plate +1 row 3", Modifier: "weighted normals", Enable 'Auto Smooth' in Object Data Properties
ERROR (bke.modifier): ./source/blender/blenkernel/intern/modifier.cc:458 BKE_modifier_set_error: Object: "rear kusazuri skirt plate +1 row 2", Modifier: "weighted normals", Enable 'Auto Smooth' in Object Data Properties
ERROR (bke.modifier): ./source/blender/blenkernel/intern/modifier.cc:458 BKE_modifier_set_error: Object: "kusazuri skirt plate +1 row 2", Modifier: "weighted normals", Enable 'Auto Smooth' in Object Data Properties
Fra:1 Mem:47.25M (Peak 47.27M) | Time:00:00.06 | Syncing matte charcoal inspection plinth
Fra:1 Mem:47.26M (Peak 47.31M) | Time:00:00.06 | Syncing ribcage under-kimono volume
Fra:1 Mem:47.35M (Peak 47.35M) | Time:00:00.06 | Syncing narrow waist under-kimono volume
Fra:1 Mem:47.42M (Peak 47.42M) | Time:00:00.06 | Syncing visible human head behind mempo
Fra:1 Mem:47.51M (Peak 47.51M) | Time:00:00.06 | Syncing thin exposed neck
Fra:1 Mem:47.52M (Peak 47.53M) | Time:00:00.06 | Syncing neck guard collar
Fra:1 Mem:47.54M (Peak 47.58M) | Time:00:00.06 | Syncing segmented kabuto helmet bowl
Fra:1 Mem:47.71M (Peak 47.71M) | Time:00:00.06 | Syncing wide kabuto brim
Fra:1 Mem:47.73M (Peak 47.73M) | Time:00:00.06 | Syncing layered rear shikoro neck guard
Fra:1 Mem:47.75M (Peak 47.75M) | Time:00:00.06 | Syncing left side helmet flange
Fra:1 Mem:47.76M (Peak 47.76M) | Time:00:00.06 | Syncing right side helmet flange
Fra:1 Mem:47.77M (Peak 47.77M) | Time:00:00.06 | Syncing golden maedate crescent crest
Fra:1 Mem:47.79M (Peak 47.84M) | Time:00:00.06 | Syncing crest central rivet
Fra:1 Mem:47.80M (Peak 47.84M) | Time:00:00.06 | Syncing left angular mempo cheek plate
Fra:1 Mem:47.82M (Peak 47.86M) | Time:00:00.06 | Syncing right angular mempo cheek plate
Fra:1 Mem:47.84M (Peak 47.86M) | Time:00:00.06 | Syncing mempo chin guard
Fra:1 Mem:47.86M (Peak 47.86M) | Time:00:00.06 | Syncing mempo nose ridge
Fra:1 Mem:47.87M (Peak 47.87M) | Time:00:00.06 | Syncing left narrow eye slit
Fra:1 Mem:47.89M (Peak 47.89M) | Time:00:00.06 | Syncing right narrow eye slit
Fra:1 Mem:47.90M (Peak 47.90M) | Time:00:00.06 | Syncing mempo grim mouth slit
Fra:1 Mem:47.91M (Peak 47.91M) | Time:00:00.06 | Syncing left mask moustache bristle
Fra:1 Mem:47.92M (Peak 47.92M) | Time:00:00.06 | Syncing right mask moustache bristle
Fra:1 Mem:47.93M (Peak 47.93M) | Time:00:00.06 | Syncing throat guard row 1 bevelled lamel
Fra:1 Mem:47.95M (Peak 47.95M) | Time:00:00.06 | Syncing throat guard row 1 bevelled lamel
Fra:1 Mem:47.97M (Peak 47.97M) | Time:00:00.06 | Syncing throat guard row 1 bevelled lamel
Fra:1 Mem:47.99M (Peak 47.99M) | Time:00:00.06 | Syncing throat guard row 1 bevelled lamel
Fra:1 Mem:48.01M (Peak 48.01M) | Time:00:00.06 | Syncing throat guard row 1 bevelled lamel
Fra:1 Mem:48.02M (Peak 48.02M) | Time:00:00.06 | Syncing throat guard row 2 bevelled lamel
Fra:1 Mem:48.04M (Peak 48.04M) | Time:00:00.06 | Syncing throat guard row 2 bevelled lamel
Fra:1 Mem:48.06M (Peak 48.06M) | Time:00:00.06 | Syncing throat guard row 2 bevelled lamel
Fra:1 Mem:48.08M (Peak 48.08M) | Time:00:00.06 | Syncing throat guard row 2 bevelled lamel
Fra:1 Mem:48.10M (Peak 48.10M) | Time:00:00.06 | Syncing throat guard row 2 bevelled lamel
Fra:1 Mem:48.12M (Peak 48.12M) | Time:00:00.06 | Syncing throat guard row 3 bevelled lamel
Fra:1 Mem:48.14M (Peak 48.14M) | Time:00:00.06 | Syncing throat guard row 3 bevelled lamel
Fra:1 Mem:48.16M (Peak 48.16M) | Time:00:00.06 | Syncing throat guard row 3 bevelled lamel
Fra:1 Mem:48.18M (Peak 48.18M) | Time:00:00.06 | Syncing throat guard row 3 bevelled lamel
Fra:1 Mem:48.20M (Peak 48.20M) | Time:00:00.06 | Syncing throat guard row 3 bevelled lamel
Fra:1 Mem:48.22M (Peak 48.22M) | Time:00:00.06 | Syncing upper do cuirass fitted shell
Fra:1 Mem:48.32M (Peak 48.32M) | Time:00:00.07 | Syncing lower do cuirass narrowed shell
Fra:1 Mem:48.40M (Peak 48.40M) | Time:00:00.07 | Syncing front cuirass row 1 bevelled lame
Fra:1 Mem:48.42M (Peak 48.42M) | Time:00:00.07 | Syncing front cuirass row 1 bevelled lame
Fra:1 Mem:48.44M (Peak 48.44M) | Time:00:00.07 | Syncing front cuirass row 1 bevelled lame
Fra:1 Mem:48.46M (Peak 48.46M) | Time:00:00.07 | Syncing front cuirass row 1 bevelled lame
Fra:1 Mem:48.48M (Peak 48.48M) | Time:00:00.07 | Syncing front cuirass row 1 bevelled lame
Fra:1 Mem:48.50M (Peak 48.50M) | Time:00:00.07 | Syncing front cuirass row 1 bevelled lame
Fra:1 Mem:48.52M (Peak 48.52M) | Time:00:00.07 | Syncing front cuirass row 1 bevelled lame
Fra:1 Mem:48.54M (Peak 48.54M) | Time:00:00.07 | Syncing front cuirass row 1 bevelled lame
Fra:1 Mem:48.56M (Peak 48.56M) | Time:00:00.07 | Syncing rear cuirass row 1 bevelled lamel
Fra:1 Mem:48.58M (Peak 48.58M) | Time:00:00.07 | Syncing rear cuirass row 1 bevelled lamel
Fra:1 Mem:48.60M (Peak 48.60M) | Time:00:00.07 | Syncing rear cuirass row 1 bevelled lamel
Fra:1 Mem:48.62M (Peak 48.62M) | Time:00:00.07 | Syncing rear cuirass row 1 bevelled lamel
Fra:1 Mem:48.63M (Peak 48.63M) | Time:00:00.07 | Syncing rear cuirass row 1 bevelled lamel
Fra:1 Mem:48.65M (Peak 48.65M) | Time:00:00.07 | Syncing rear cuirass row 1 bevelled lamel
Fra:1 Mem:48.67M (Peak 48.67M) | Time:00:00.07 | Syncing rear cuirass row 1 bevelled lamel
Fra:1 Mem:48.69M (Peak 48.69M) | Time:00:00.07 | Syncing rear cuirass row 1 bevelled lamel
Fra:1 Mem:48.71M (Peak 48.71M) | Time:00:00.07 | Syncing front cuirass row 2 bevelled lame
Fra:1 Mem:48.73M (Peak 48.73M) | Time:00:00.07 | Syncing front cuirass row 2 bevelled lame
Fra:1 Mem:48.75M (Peak 48.75M) | Time:00:00.07 | Syncing front cuirass row 2 bevelled lame
Fra:1 Mem:48.77M (Peak 48.77M) | Time:00:00.07 | Syncing front cuirass row 2 bevelled lame
Fra:1 Mem:48.79M (Peak 48.79M) | Time:00:00.07 | Syncing front cuirass row 2 bevelled lame
Fra:1 Mem:48.81M (Peak 48.81M) | Time:00:00.07 | Syncing front cuirass row 2 bevelled lame
Fra:1 Mem:48.83M (Peak 48.83M) | Time:00:00.07 | Syncing front cuirass row 2 bevelled lame
Fra:1 Mem:48.85M (Peak 48.85M) | Time:00:00.07 | Syncing front cuirass row 2 bevelled lame
Fra:1 Mem:48.87M (Peak 48.87M) | Time:00:00.07 | Syncing rear cuirass row 2 bevelled lamel
Fra:1 Mem:48.89M (Peak 48.89M) | Time:00:00.07 | Syncing rear cuirass row 2 bevelled lamel
Fra:1 Mem:48.91M (Peak 48.91M) | Time:00:00.07 | Syncing rear cuirass row 2 bevelled lamel
Fra:1 Mem:48.93M (Peak 48.93M) | Time:00:00.07 | Syncing rear cuirass row 2 bevelled lamel
Fra:1 Mem:48.95M (Peak 48.95M) | Time:00:00.07 | Syncing rear cuirass row 2 bevelled lamel
Fra:1 Mem:48.96M (Peak 48.96M) | Time:00:00.07 | Syncing rear cuirass row 2 bevelled lamel
Fra:1 Mem:48.98M (Peak 48.98M) | Time:00:00.07 | Syncing rear cuirass row 2 bevelled lamel
Fra:1 Mem:49.00M (Peak 49.00M) | Time:00:00.07 | Syncing rear cuirass row 2 bevelled lamel
Fra:1 Mem:49.02M (Peak 49.02M) | Time:00:00.07 | Syncing front cuirass row 3 bevelled lame
Fra:1 Mem:49.04M (Peak 49.04M) | Time:00:00.07 | Syncing front cuirass row 3 bevelled lame
Fra:1 Mem:49.06M (Peak 49.06M) | Time:00:00.07 | Syncing front cuirass row 3 bevelled lame
Fra:1 Mem:49.08M (Peak 49.08M) | Time:00:00.07 | Syncing front cuirass row 3 bevelled lame
Fra:1 Mem:49.10M (Peak 49.10M) | Time:00:00.07 | Syncing front cuirass row 3 bevelled lame
Fra:1 Mem:49.12M (Peak 49.12M) | Time:00:00.07 | Syncing front cuirass row 3 bevelled lame
Fra:1 Mem:49.14M (Peak 49.14M) | Time:00:00.07 | Syncing front cuirass row 3 bevelled lame
Fra:1 Mem:49.16M (Peak 49.16M) | Time:00:00.07 | Syncing front cuirass row 3 bevelled lame
Fra:1 Mem:49.18M (Peak 49.18M) | Time:00:00.07 | Syncing rear cuirass row 3 bevelled lamel
Fra:1 Mem:49.20M (Peak 49.20M) | Time:00:00.07 | Syncing rear cuirass row 3 bevelled lamel
Fra:1 Mem:49.22M (Peak 49.22M) | Time:00:00.07 | Syncing rear cuirass row 3 bevelled lamel
Fra:1 Mem:49.23M (Peak 49.23M) | Time:00:00.07 | Syncing rear cuirass row 3 bevelled lamel
Fra:1 Mem:49.25M (Peak 49.25M) | Time:00:00.07 | Syncing rear cuirass row 3 bevelled lamel
Fra:1 Mem:49.27M (Peak 49.27M) | Time:00:00.07 | Syncing rear cuirass row 3 bevelled lamel
Fra:1 Mem:49.29M (Peak 49.29M) | Time:00:00.07 | Syncing rear cuirass row 3 bevelled lamel
Fra:1 Mem:49.31M (Peak 49.31M) | Time:00:00.07 | Syncing rear cuirass row 3 bevelled lamel
Fra:1 Mem:49.33M (Peak 49.33M) | Time:00:00.07 | Syncing front cuirass row 4 bevelled lame
Fra:1 Mem:49.35M (Peak 49.35M) | Time:00:00.07 | Syncing front cuirass row 4 bevelled lame
Fra:1 Mem:49.37M (Peak 49.37M) | Time:00:00.07 | Syncing front cuirass row 4 bevelled lame
Fra:1 Mem:49.39M (Peak 49.39M) | Time:00:00.07 | Syncing front cuirass row 4 bevelled lame
Fra:1 Mem:49.41M (Peak 49.41M) | Time:00:00.07 | Syncing front cuirass row 4 bevelled lame
Fra:1 Mem:49.43M (Peak 49.43M) | Time:00:00.07 | Syncing front cuirass row 4 bevelled lame
Fra:1 Mem:49.45M (Peak 49.45M) | Time:00:00.07 | Syncing front cuirass row 4 bevelled lame
Fra:1 Mem:49.47M (Peak 49.47M) | Time:00:00.07 | Syncing front cuirass row 4 bevelled lame
Fra:1 Mem:49.49M (Peak 49.49M) | Time:00:00.07 | Syncing rear cuirass row 4 bevelled lamel
Fra:1 Mem:49.50M (Peak 49.50M) | Time:00:00.07 | Syncing rear cuirass row 4 bevelled lamel
Fra:1 Mem:49.52M (Peak 49.52M) | Time:00:00.07 | Syncing rear cuirass row 4 bevelled lamel
Fra:1 Mem:49.54M (Peak 49.54M) | Time:00:00.07 | Syncing rear cuirass row 4 bevelled lamel
Fra:1 Mem:49.56M (Peak 49.56M) | Time:00:00.07 | Syncing rear cuirass row 4 bevelled lamel
Fra:1 Mem:49.58M (Peak 49.58M) | Time:00:00.07 | Syncing rear cuirass row 4 bevelled lamel
Fra:1 Mem:49.60M (Peak 49.60M) | Time:00:00.07 | Syncing rear cuirass row 4 bevelled lamel
Fra:1 Mem:49.62M (Peak 49.62M) | Time:00:00.07 | Syncing rear cuirass row 4 bevelled lamel
Fra:1 Mem:49.64M (Peak 49.64M) | Time:00:00.07 | Syncing front cuirass row 5 bevelled lame
Fra:1 Mem:49.66M (Peak 49.66M) | Time:00:00.07 | Syncing front cuirass row 5 bevelled lame
Fra:1 Mem:49.68M (Peak 49.68M) | Time:00:00.07 | Syncing front cuirass row 5 bevelled lame
Fra:1 Mem:49.70M (Peak 49.70M) | Time:00:00.07 | Syncing front cuirass row 5 bevelled lame
Fra:1 Mem:49.72M (Peak 49.72M) | Time:00:00.07 | Syncing front cuirass row 5 bevelled lame
Fra:1 Mem:49.74M (Peak 49.74M) | Time:00:00.07 | Syncing front cuirass row 5 bevelled lame
Fra:1 Mem:49.76M (Peak 49.76M) | Time:00:00.07 | Syncing front cuirass row 5 bevelled lame
Fra:1 Mem:49.78M (Peak 49.78M) | Time:00:00.07 | Syncing front cuirass row 5 bevelled lame
Fra:1 Mem:49.79M (Peak 49.79M) | Time:00:00.07 | Syncing rear cuirass row 5 bevelled lamel
Fra:1 Mem:49.81M (Peak 49.81M) | Time:00:00.07 | Syncing rear cuirass row 5 bevelled lamel
Fra:1 Mem:49.83M (Peak 49.83M) | Time:00:00.07 | Syncing rear cuirass row 5 bevelled lamel
Fra:1 Mem:49.85M (Peak 49.85M) | Time:00:00.07 | Syncing rear cuirass row 5 bevelled lamel
Fra:1 Mem:49.87M (Peak 49.87M) | Time:00:00.07 | Syncing rear cuirass row 5 bevelled lamel
Fra:1 Mem:49.89M (Peak 49.89M) | Time:00:00.07 | Syncing rear cuirass row 5 bevelled lamel
Fra:1 Mem:49.91M (Peak 49.91M) | Time:00:00.07 | Syncing rear cuirass row 5 bevelled lamel
Fra:1 Mem:49.93M (Peak 49.93M) | Time:00:00.07 | Syncing rear cuirass row 5 bevelled lamel
Fra:1 Mem:49.95M (Peak 49.95M) | Time:00:00.07 | Syncing left side cuirass plate 1
Fra:1 Mem:49.96M (Peak 49.96M) | Time:00:00.07 | Syncing left side cuirass plate 2
Fra:1 Mem:49.98M (Peak 49.98M) | Time:00:00.07 | Syncing left side cuirass plate 3
Fra:1 Mem:49.99M (Peak 49.99M) | Time:00:00.07 | Syncing right side cuirass plate 1
Fra:1 Mem:50.00M (Peak 50.00M) | Time:00:00.07 | Syncing right side cuirass plate 2
Fra:1 Mem:50.02M (Peak 50.02M) | Time:00:00.07 | Syncing right side cuirass plate 3
Fra:1 Mem:50.03M (Peak 50.03M) | Time:00:00.07 | Syncing left shoulder undercloth
Fra:1 Mem:50.09M (Peak 50.09M) | Time:00:00.07 | Syncing left hanging sode shoulder plate 
Fra:1 Mem:50.11M (Peak 50.11M) | Time:00:00.07 | Syncing left hanging sode shoulder plate 
Fra:1 Mem:50.13M (Peak 50.13M) | Time:00:00.07 | Syncing left hanging sode shoulder plate 
Fra:1 Mem:50.15M (Peak 50.15M) | Time:00:00.07 | Syncing left hanging sode shoulder plate 
Fra:1 Mem:50.17M (Peak 50.17M) | Time:00:00.07 | Syncing left armored upper arm
Fra:1 Mem:50.22M (Peak 50.22M) | Time:00:00.07 | Syncing left sode shoulder armor
Fra:1 Mem:50.27M (Peak 50.27M) | Time:00:00.07 | Syncing left kote forearm guard
Fra:1 Mem:50.32M (Peak 50.32M) | Time:00:00.07 | Syncing left leather palm volume
Fra:1 Mem:50.36M (Peak 50.38M) | Time:00:00.07 | Syncing left articulated index finger
Fra:1 Mem:50.37M (Peak 50.38M) | Time:00:00.07 | Syncing left index fingertip
Fra:1 Mem:50.38M (Peak 50.38M) | Time:00:00.07 | Syncing left articulated middle finger
Fra:1 Mem:50.39M (Peak 50.39M) | Time:00:00.07 | Syncing left middle fingertip
Fra:1 Mem:50.40M (Peak 50.40M) | Time:00:00.07 | Syncing left articulated ring finger
Fra:1 Mem:50.41M (Peak 50.41M) | Time:00:00.07 | Syncing left ring fingertip
Fra:1 Mem:50.42M (Peak 50.42M) | Time:00:00.07 | Syncing left articulated pinky finger
Fra:1 Mem:50.43M (Peak 50.43M) | Time:00:00.07 | Syncing left pinky fingertip
Fra:1 Mem:50.44M (Peak 50.44M) | Time:00:00.07 | Syncing left opposed thumb
Fra:1 Mem:50.45M (Peak 50.45M) | Time:00:00.07 | Syncing left thumb fingertip
Fra:1 Mem:50.47M (Peak 50.47M) | Time:00:00.07 | Syncing right shoulder undercloth
Fra:1 Mem:50.52M (Peak 50.52M) | Time:00:00.07 | Syncing right hanging sode shoulder plate
Fra:1 Mem:50.54M (Peak 50.54M) | Time:00:00.07 | Syncing right hanging sode shoulder plate
Fra:1 Mem:50.56M (Peak 50.56M) | Time:00:00.07 | Syncing right hanging sode shoulder plate
Fra:1 Mem:50.58M (Peak 50.58M) | Time:00:00.07 | Syncing right hanging sode shoulder plate
Fra:1 Mem:50.60M (Peak 50.60M) | Time:00:00.07 | Syncing right armored upper arm
Fra:1 Mem:50.66M (Peak 50.66M) | Time:00:00.07 | Syncing right sode shoulder armor
Fra:1 Mem:50.70M (Peak 50.70M) | Time:00:00.07 | Syncing right kote forearm guard
Fra:1 Mem:50.75M (Peak 50.75M) | Time:00:00.07 | Syncing right leather palm volume
Fra:1 Mem:50.79M (Peak 50.79M) | Time:00:00.07 | Syncing right articulated index finger
Fra:1 Mem:50.80M (Peak 50.80M) | Time:00:00.07 | Syncing right index fingertip
Fra:1 Mem:50.81M (Peak 50.81M) | Time:00:00.07 | Syncing right articulated middle finger
Fra:1 Mem:50.82M (Peak 50.82M) | Time:00:00.07 | Syncing right middle fingertip
Fra:1 Mem:50.83M (Peak 50.83M) | Time:00:00.07 | Syncing right articulated ring finger
Fra:1 Mem:50.84M (Peak 50.84M) | Time:00:00.07 | Syncing right ring fingertip
Fra:1 Mem:50.85M (Peak 50.85M) | Time:00:00.07 | Syncing right articulated pinky finger
Fra:1 Mem:50.86M (Peak 50.86M) | Time:00:00.07 | Syncing right pinky fingertip
Fra:1 Mem:50.87M (Peak 50.87M) | Time:00:00.07 | Syncing right opposed thumb
Fra:1 Mem:50.88M (Peak 50.88M) | Time:00:00.07 | Syncing right thumb fingertip
Fra:1 Mem:50.90M (Peak 50.90M) | Time:00:00.07 | Syncing kusazuri skirt plate -1 row 1
Fra:1 Mem:50.91M (Peak 50.91M) | Time:00:00.07 | Syncing rear kusazuri skirt plate -1 row 
Fra:1 Mem:50.93M (Peak 50.93M) | Time:00:00.07 | Syncing kusazuri skirt plate -1 row 2
Fra:1 Mem:50.94M (Peak 50.94M) | Time:00:00.07 | Syncing rear kusazuri skirt plate -1 row 
Fra:1 Mem:50.96M (Peak 50.96M) | Time:00:00.07 | Syncing kusazuri skirt plate -1 row 3
Fra:1 Mem:50.97M (Peak 50.97M) | Time:00:00.07 | Syncing rear kusazuri skirt plate -1 row 
Fra:1 Mem:50.98M (Peak 50.98M) | Time:00:00.07 | Syncing kusazuri skirt plate +0 row 1
Fra:1 Mem:51.00M (Peak 51.00M) | Time:00:00.07 | Syncing rear kusazuri skirt plate +0 row 
Fra:1 Mem:51.01M (Peak 51.01M) | Time:00:00.07 | Syncing kusazuri skirt plate +0 row 2
Fra:1 Mem:51.03M (Peak 51.03M) | Time:00:00.07 | Syncing rear kusazuri skirt plate +0 row 
Fra:1 Mem:51.04M (Peak 51.04M) | Time:00:00.07 | Syncing kusazuri skirt plate +0 row 3
Fra:1 Mem:51.05M (Peak 51.05M) | Time:00:00.07 | Syncing rear kusazuri skirt plate +0 row 
Fra:1 Mem:51.07M (Peak 51.07M) | Time:00:00.07 | Syncing kusazuri skirt plate +1 row 1
Fra:1 Mem:51.08M (Peak 51.08M) | Time:00:00.07 | Syncing rear kusazuri skirt plate +1 row 
Fra:1 Mem:51.10M (Peak 51.10M) | Time:00:00.07 | Syncing kusazuri skirt plate +1 row 2
Fra:1 Mem:51.11M (Peak 51.11M) | Time:00:00.07 | Syncing rear kusazuri skirt plate +1 row 
Fra:1 Mem:51.12M (Peak 51.12M) | Time:00:00.07 | Syncing kusazuri skirt plate +1 row 3
Fra:1 Mem:51.14M (Peak 51.14M) | Time:00:00.07 | Syncing rear kusazuri skirt plate +1 row 
Fra:1 Mem:51.15M (Peak 51.15M) | Time:00:00.07 | Syncing left hakama trouser leg
Fra:1 Mem:51.21M (Peak 51.21M) | Time:00:00.08 | Syncing left shin greave
Fra:1 Mem:51.26M (Peak 51.26M) | Time:00:00.08 | Syncing left split-toe tabi foot volume
Fra:1 Mem:51.31M (Peak 51.31M) | Time:00:00.08 | Syncing left separated big toe
Fra:1 Mem:51.33M (Peak 51.33M) | Time:00:00.08 | Syncing left outer toe group
Fra:1 Mem:51.35M (Peak 51.35M) | Time:00:00.08 | Syncing left woven waraji sole grounded
Fra:1 Mem:51.36M (Peak 51.36M) | Time:00:00.08 | Syncing left sandal toe strap
Fra:1 Mem:51.37M (Peak 51.42M) | Time:00:00.08 | Syncing left heel strap
Fra:1 Mem:51.37M (Peak 51.42M) | Time:00:00.08 | Syncing left hakama pleat 1
Fra:1 Mem:51.38M (Peak 51.42M) | Time:00:00.08 | Syncing left hakama pleat 2
Fra:1 Mem:51.38M (Peak 51.42M) | Time:00:00.08 | Syncing left hakama pleat 3
Fra:1 Mem:51.39M (Peak 51.42M) | Time:00:00.08 | Syncing right hakama trouser leg
Fra:1 Mem:51.48M (Peak 51.48M) | Time:00:00.08 | Syncing right shin greave
Fra:1 Mem:51.54M (Peak 51.54M) | Time:00:00.08 | Syncing right split-toe tabi foot volume
Fra:1 Mem:51.58M (Peak 51.58M) | Time:00:00.08 | Syncing right separated big toe
Fra:1 Mem:51.60M (Peak 51.60M) | Time:00:00.08 | Syncing right outer toe group
Fra:1 Mem:51.62M (Peak 51.62M) | Time:00:00.08 | Syncing right woven waraji sole grounded
Fra:1 Mem:51.63M (Peak 51.63M) | Time:00:00.08 | Syncing right sandal toe strap
Fra:1 Mem:51.64M (Peak 51.64M) | Time:00:00.08 | Syncing right heel strap
Fra:1 Mem:51.64M (Peak 51.64M) | Time:00:00.08 | Syncing right hakama pleat 1
Fra:1 Mem:51.65M (Peak 51.65M) | Time:00:00.08 | Syncing right hakama pleat 2
Fra:1 Mem:51.66M (Peak 51.66M) | Time:00:00.08 | Syncing right hakama pleat 3
Fra:1 Mem:51.66M (Peak 51.66M) | Time:00:00.08 | Syncing drawn katana blade spine
Fra:1 Mem:51.67M (Peak 51.73M) | Time:00:00.08 | Syncing bright sharpened katana edge
Fra:1 Mem:51.68M (Peak 51.73M) | Time:00:00.08 | Syncing wrapped katana grip
Fra:1 Mem:51.69M (Peak 51.73M) | Time:00:00.08 | Syncing square tsuba guard
Fra:1 Mem:51.70M (Peak 51.73M) | Time:00:00.08 | Syncing lacquered saya scabbard at left h
Fra:1 Mem:51.71M (Peak 51.73M) | Time:00:00.08 | Syncing waist sash tying armor
Fra:1 Mem:51.71M (Peak 51.73M) | Time:00:00.08 | Syncing bamboo sashimono back pole
Fra:1 Mem:51.72M (Peak 51.73M) | Time:00:00.08 | Syncing small lacquered sashimono crossba
Fra:1 Mem:51.74M (Peak 51.74M) | Time:00:00.08 | Syncing cloth sashimono banner panel
Fra:1 Mem:51.75M (Peak 51.80M) | Time:00:00.08 | Syncing simple round clan mon on banner
Fra:1 Mem:51.79M (Peak 51.80M) | Time:00:00.08 | Syncing cool key
Fra:1 Mem:51.79M (Peak 51.80M) | Time:00:00.08 | Syncing rim
Fra:1 Mem:51.79M (Peak 51.80M) | Time:00:00.08 | Syncing hero cam
Fra:1 Mem:51.79M (Peak 51.80M) | Time:00:00.08 | Syncing samurai_v2_provenance
Fra:1 Mem:51.83M (Peak 51.92M) | Time:00:00.09 | Rendering 1 / 32 samples
Fra:1 Mem:49.42M (Peak 51.92M) | Time:00:02.42 | Rendering 26 / 32 samples
Fra:1 Mem:49.42M (Peak 51.92M) | Time:00:02.83 | Rendering 32 / 32 samples
Saved: '/tmp/factoryx-v22-render/samurai-repaired-full-20-v22/uesugi-01/turntable_002.png'
 Time: 00:02.94 (Saving: 00:00.04)

ERROR (bke.modifier): ./source/blender/blenkernel/intern/modifier.cc:458 BKE_modifier_set_error: Object: "neck guard collar", Modifier: "weighted normals", Enable 'Auto Smooth' in Object Data Properties
ERROR (bke.modifier): ./source/blender/blenkernel/intern/modifier.cc:458 BKE_modifier_set_error: Object: "segmented kabuto helmet bowl", Modifier: "weighted normals", Enable 'Auto Smooth' in Object Data Properties
ERROR (bke.modifier): ./source/blender/blenkernel/intern/modifier.cc:458 BKE_modifier_set_error: Object: "wide kabuto brim", Modifier: "weighted normals", Enable 'Auto Smooth' in Object Data Properties
ERROR (bke.modifier): ./source/blender/blenkernel/intern/modifier.cc:458 BKE_modifier_set_error: Object: "layered rear shikoro neck guard", Modifier: "weighted normals", Enable 'Auto Smooth' in Object Data Properties
ERROR (bke.modifier): ./source/blender/blenkernel/intern/modifier.cc:458 BKE_modifier_set_error: Object: "thin exposed neck", Modifier: "weighted normals", Enable 'Auto Smooth' in Object Data Properties
ERROR (bke.modifier): ./source/blender/blenkernel/intern/modifier.cc:458 BKE_modifier_set_error: Object: "visible human head behind mempo", Modifier: "weighted normals", Enable 'Auto Smooth' in Object Data Properties
ERROR (bke.modifier): ./source/blender/blenkernel/intern/modifier.cc:458 BKE_modifier_set_error: Object: "narrow waist under-kimono volume", Modifier: "weighted normals", Enable 'Auto Smooth' in Object Data Properties
ERROR (bke.modifier): ./source/blender/blenkernel/intern/modifier.cc:458 BKE_modifier_set_error: Object: "crest central rivet", Modifier: "weighted normals", Enable 'Auto Smooth' in Object Data Properties
ERROR (bke.modifier): ./source/blender/blenkernel/intern/modifier.cc:458 BKE_modifier_set_error: Object: "ribcage under-kimono volume", Modifier: "weighted normals", Enable 'Auto Smooth' in Object Data Properties
ERROR (bke.modifier): ./source/blender/blenkernel/intern/modifier.cc:458 BKE_modifier_set_error: Object: "right side helmet flange", Modifier: "weighted normals", Enable 'Auto Smooth' in Object Data Properties
ERROR (bke.modifier): ./source/blender/blenkernel/intern/modifier.cc:458 BKE_modifier_set_error: Object: "left side helmet flange", Modifier: "weighted normals", Enable 'Auto Smooth' in Object Data Properties
ERROR (bke.modifier): ./source/blender/blenkernel/intern/modifier.cc:458 BKE_modifier_set_error: Object: "left narrow eye slit", Modifier: "weighted normals", Enable 'Auto Smooth' in Object Data Properties
ERROR (bke.modifier): ./source/blender/blenkernel/intern/modifier.cc:458 BKE_modifier_set_error: Object: "mempo nose ridge", Modifier: "weighted normals", Enable 'Auto Smooth' in Object Data Properties
ERROR (bke.modifier): ./source/blender/blenkernel/intern/modifier.cc:458 BKE_modifier_set_error: Object: "left angular mempo cheek plate", Modifier: "weighted normals", Enable 'Auto Smooth' in Object Data Properties
ERROR (bke.modifier): ./source/blender/blenkernel/intern/modifier.cc:458 BKE_modifier_set_error: Object: "right angular mempo cheek plate", Modifier: "weighted normals", Enable 'Auto Smooth' in Object Data Properties
ERROR (bke.modifier): ./source/blender/blenkernel/intern/modifier.cc:458 BKE_modifier_set_error: Object: "mempo grim mouth slit", Modifier: "weighted normals", Enable 'Auto Smooth' in Object Data Properties
ERROR (bke.modifier): ./source/blender/blenkernel/intern/modifier.cc:458 BKE_modifier_set_error: Object: "matte charcoal inspection plinth", Modifier: "weighted normals", Enable 'Auto Smooth' in Object Data Properties
ERROR (bke.modifier): ./source/blender/blenkernel/intern/modifier.cc:458 BKE_modifier_set_error: Object: "right narrow eye slit", Modifier: "weighted normals", Enable 'Auto Smooth' in Object Data Properties
ERROR (bke.modifier): ./source/blender/blenkernel/intern/modifier.cc:458 BKE_modifier_set_error: Object: "simple round clan mon on banner", Modifier: "weighted normals", Enable 'Auto Smooth' in Object Data Properties
ERROR (bke.modifier): ./source/blender/blenkernel/intern/modifier.cc:458 BKE_modifier_set_error: Object: "throat guard row 1 bevelled lamellar plate 02", Modifier: "weighted normals", Enable 'Auto Smooth' in Object Data Properties
ERROR (bke.modifier): ./source/blender/blenkernel/intern/modifier.cc:458 BKE_modifier_set_error: Object: "throat guard row 1 bevelled lamellar plate 01", Modifier: "weighted normals", Enable 'Auto Smooth' in Object Data Properties
ERROR (bke.modifier): ./source/blender/blenkernel/intern/modifier.cc:458 BKE_modifier_set_error: Object: "throat guard row 1 bevelled lamellar plate 04", Modifier: "weighted normals", Enable 'Auto Smooth' in Object Data Properties
ERROR (bke.modifier): ./source/blender/blenkernel/intern/modifier.cc:458 BKE_modifier_set_error: Object: "throat guard row 2 bevelled lamellar plate 02", Modifier: "weighted normals", Enable 'Auto Smooth' in Object Data Properties
ERROR (bke.modifier): ./source/blender/blenkernel/intern/modifier.cc:458 BKE_modifier_set_error: Object: "throat guard row 2 bevelled lamellar plate 01", Modifier: "weighted normals", Enable 'Auto Smooth' in Object Data Properties
ERROR (bke.modifier): ./source/blender/blenkernel/intern/modifier.cc:458 BKE_modifier_set_error: Object: "throat guard row 1 bevelled lamellar plate 03", Modifier: "weighted normals", Enable 'Auto Smooth' in Object Data Properties
ERROR (bke.modifier): ./source/blender/blenkernel/intern/modifier.cc:458 BKE_modifier_set_error: Object: "mempo chin guard", Modifier: "weighted normals", Enable 'Auto Smooth' in Object Data Properties
ERROR (bke.modifier): ./source/blender/blenkernel/intern/modifier.cc:458 BKE_modifier_set_error: Object: "throat guard row 2 bevelled lamellar plate 03", Modifier: "weighted normals", Enable 'Auto Smooth' in Object Data Properties
ERROR (bke.modifier): ./source/blender/blenkernel/intern/modifier.cc:458 BKE_modifier_set_error: Object: "upper do cuirass fitted shell", Modifier: "weighted normals", Enable 'Auto Smooth' in Object Data Properties
ERROR (bke.modifier): ./source/blender/blenkernel/intern/modifier.cc:458 BKE_modifier_set_error: Object: "throat guard row 2 bevelled lamellar plate 04", Modifier: "weighted normals", Enable 'Auto Smooth' in Object Data Properties
ERROR (bke.modifier): ./source/blender/blenkernel/intern/modifier.cc:458 BKE_modifier_set_error: Object: "lower do cuirass narrowed shell", Modifier: "weighted normals", Enable 'Auto Smooth' in Object Data Properties
ERROR (bke.modifier): ./source/blender/blenkernel/intern/modifier.cc:458 BKE_modifier_set_error: Object: "throat guard row 3 bevelled lamellar plate 02", Modifier: "weighted normals", Enable 'Auto Smooth' in Object Data Properties
ERROR (bke.modifier): ./source/blender/blenkernel/intern/modifier.cc:458 BKE_modifier_set_error: Object: "throat guard row 3 bevelled lamellar plate 03", Modifier: "weighted normals", Enable 'Auto Smooth' in Object Data Properties
ERROR (bke.modifier): ./source/blender/blenkernel/intern/modifier.cc:458 BKE_modifier_set_error: Object: "throat guard row 1 bevelled lamellar plate 05", Modifier: "weighted normals", Enable 'Auto Smooth' in Object Data Properties
ERROR (bke.modifier): ./source/blender/blenkernel/intern/modifier.cc:458 BKE_modifier_set_error: Object: "throat guard row 3 bevelled lamellar plate 01", Modifier: "weighted normals", Enable 'Auto Smooth' in Object Data Properties
ERROR (bke.modifier): ./source/blender/blenkernel/intern/modifier.cc:458 BKE_modifier_set_error: Object: "cloth sashimono banner panel", Modifier: "weighted normals", Enable 'Auto Smooth' in Object Data Properties
ERROR (bke.modifier): ./source/blender/blenkernel/intern/modifier.cc:458 BKE_modifier_set_error: Object: "throat guard row 3 bevelled lamellar plate 04", Modifier: "weighted normals", Enable 'Auto Smooth' in Object Data Properties
ERROR (bke.modifier): ./source/blender/blenkernel/intern/modifier.cc:458 BKE_modifier_set_error: Object: "throat guard row 2 bevelled lamellar plate 05", Modifier: "weighted normals", Enable 'Auto Smooth' in Object Data Properties
ERROR (bke.modifier): ./source/blender/blenkernel/intern/modifier.cc:458 BKE_modifier_set_error: Object: "front cuirass row 1 bevelled lamellar plate 08", Modifier: "weighted normals", Enable 'Auto Smooth' in Object Data Properties
ERROR (bke.modifier): ./source/blender/blenkernel/intern/modifier.cc:458 BKE_modifier_set_error: Object: "front cuirass row 1 bevelled lamellar plate 04", Modifier: "weighted normals", Enable 'Auto Smooth' in Object Data Properties
ERROR (bke.modifier): ./source/blender/blenkernel/intern/modifier.cc:458 BKE_modifier_set_error: Object: "front cuirass row 1 bevelled lamellar plate 03", Modifier: "weighted normals", Enable 'Auto Smooth' in Object Data Properties
ERROR (bke.modifier): ./source/blender/blenkernel/intern/modifier.cc:458 BKE_modifier_set_error: Object: "front cuirass row 1 bevelled lamellar plate 02", Modifier: "weighted normals", Enable 'Auto Smooth' in Object Data Properties
ERROR (bke.modifier): ./source/blender/blenkernel/intern/modifier.cc:458 BKE_modifier_set_error: Object: "throat guard row 3 bevelled lamellar plate 05", Modifier: "weighted normals", Enable 'Auto Smooth' in Object Data Properties
ERROR (bke.modifier): ./source/blender/blenkernel/intern/modifier.cc:458 BKE_modifier_set_error: Object: "front cuirass row 1 bevelled lamellar plate 01", Modifier: "weighted normals", Enable 'Auto Smooth' in Object Data Properties
ERROR (bke.modifier): ./source/blender/blenkernel/intern/modifier.cc:458 BKE_modifier_set_error: Object: "rear cuirass row 1 bevelled lamellar plate 02", Modifier: "weighted normals", Enable 'Auto Smooth' in Object Data Properties
ERROR (bke.modifier): ./source/blender/blenkernel/intern/modifier.cc:458 BKE_modifier_set_error: Object: "rear cuirass row 1 bevelled lamellar plate 03", Modifier: "weighted normals", Enable 'Auto Smooth' in Object Data Properties
ERROR (bke.modifier): ./source/blender/blenkernel/intern/modifier.cc:458 BKE_modifier_set_error: Object: "front cuirass row 1 bevelled lamellar plate 06", Modifier: "weighted normals", Enable 'Auto Smooth' in Object Data Properties
ERROR (bke.modifier): ./source/blender/blenkernel/intern/modifier.cc:458 BKE_modifier_set_error: Object: "rear cuirass row 1 bevelled lamellar plate 04", Modifier: "weighted normals", Enable 'Auto Smooth' in Object Data Properties
ERROR (bke.modifier): ./source/blender/blenkernel/intern/modifier.cc:458 BKE_modifier_set_error: Object: "small lacquered sashimono crossbar", Modifier: "weighted normals", Enable 'Auto Smooth' in Object Data Properties
ERROR (bke.modifier): ./source/blender/blenkernel/intern/modifier.cc:458 BKE_modifier_set_error: Object: "rear cuirass row 1 bevelled lamellar plate 01", Modifier: "weighted normals", Enable 'Auto Smooth' in Object Data Properties
ERROR (bke.modifier): ./source/blender/blenkernel/intern/modifier.cc:458 BKE_modifier_set_error: Object: "front cuirass row 1 bevelled lamellar plate 07", Modifier: "weighted normals", Enable 'Auto Smooth' in Object Data Properties
ERROR (bke.modifier): ./source/blender/blenkernel/intern/modifier.cc:458 BKE_modifier_set_error: Object: "front cuirass row 1 bevelled lamellar plate 05", Modifier: "weighted normals", Enable 'Auto Smooth' in Object Data Properties
ERROR (bke.modifier): ./source/blender/blenkernel/intern/modifier.cc:458 BKE_modifier_set_error: Object: "rear cuirass row 1 bevelled lamellar plate 06", Modifier: "weighted normals", Enable 'Auto Smooth' in Object Data Properties
ERROR (bke.modifier): ./source/blender/blenkernel/intern/modifier.cc:458 BKE_modifier_set_error: Object: "rear cuirass row 1 bevelled lamellar plate 05", Modifier: "weighted normals", Enable 'Auto Smooth' in Object Data Properties
ERROR (bke.modifier): ./source/blender/blenkernel/intern/modifier.cc:458 BKE_modifier_set_error: Object: "front cuirass row 2 bevelled lamellar plate 01", Modifier: "weighted normals", Enable 'Auto Smooth' in Object Data Properties
ERROR (bke.modifier): ./source/blender/blenkernel/intern/modifier.cc:458 BKE_modifier_set_error: Object: "rear cuirass row 1 bevelled lamellar plate 07", Modifier: "weighted normals", Enable 'Auto Smooth' in Object Data Properties
ERROR (bke.modifier): ./source/blender/blenkernel/intern/modifier.cc:458 BKE_modifier_set_error: Object: "rear cuirass row 1 bevelled lamellar plate 08", Modifier: "weighted normals", Enable 'Auto Smooth' in Object Data Properties
ERROR (bke.modifier): ./source/blender/blenkernel/intern/modifier.cc:458 BKE_modifier_set_error: Object: "front cuirass row 2 bevelled lamellar plate 03", Modifier: "weighted normals", Enable 'Auto Smooth' in Object Data Properties
ERROR (bke.modifier): ./source/blender/blenkernel/intern/modifier.cc:458 BKE_modifier_set_error: Object: "front cuirass row 2 bevelled lamellar plate 04", Modifier: "weighted normals", Enable 'Auto Smooth' in Object Data Properties
ERROR (bke.modifier): ./source/blender/blenkernel/intern/modifier.cc:458 BKE_modifier_set_error: Object: "front cuirass row 2 bevelled lamellar plate 02", Modifier: "weighted normals", Enable 'Auto Smooth' in Object Data Properties
ERROR (bke.modifier): ./source/blender/blenkernel/intern/modifier.cc:458 BKE_modifier_set_error: Object: "front cuirass row 2 bevelled lamellar plate 08", Modifier: "weighted normals", Enable 'Auto Smooth' in Object Data Properties
ERROR (bke.modifier): ./source/blender/blenkernel/intern/modifier.cc:458 BKE_modifier_set_error: Object: "rear cuirass row 2 bevelled lamellar plate 01", Modifier: "weighted normals", Enable 'Auto Smooth' in Object Data Properties
ERROR (bke.modifier): ./source/blender/blenkernel/intern/modifier.cc:458 BKE_modifier_set_error: Object: "front cuirass row 2 bevelled lamellar plate 07", Modifier: "weighted normals", Enable 'Auto Smooth' in Object Data Properties
ERROR (bke.modifier): ./source/blender/blenkernel/intern/modifier.cc:458 BKE_modifier_set_error: Object: "rear cuirass row 2 bevelled lamellar plate 02", Modifier: "weighted normals", Enable 'Auto Smooth' in Object Data Properties
ERROR (bke.modifier): ./source/blender/blenkernel/intern/modifier.cc:458 BKE_modifier_set_error: Object: "rear cuirass row 2 bevelled lamellar plate 03", Modifier: "weighted normals", Enable 'Auto Smooth' in Object Data Properties
ERROR (bke.modifier): ./source/blender/blenkernel/intern/modifier.cc:458 BKE_modifier_set_error: Object: "front cuirass row 2 bevelled lamellar plate 06", Modifier: "weighted normals", Enable 'Auto Smooth' in Object Data Properties
ERROR (bke.modifier): ./source/blender/blenkernel/intern/modifier.cc:458 BKE_modifier_set_error: Object: "front cuirass row 2 bevelled lamellar plate 05", Modifier: "weighted normals", Enable 'Auto Smooth' in Object Data Properties
ERROR (bke.modifier): ./source/blender/blenkernel/intern/modifier.cc:458 BKE_modifier_set_error: Object: "rear cuirass row 2 bevelled lamellar plate 06", Modifier: "weighted normals", Enable 'Auto Smooth' in Object Data Properties
ERROR (bke.modifier): ./source/blender/blenkernel/intern/modifier.cc:458 BKE_modifier_set_error: Object: "rear cuirass row 2 bevelled lamellar plate 04", Modifier: "weighted normals", Enable 'Auto Smooth' in Object Data Properties
ERROR (bke.modifier): ./source/blender/blenkernel/intern/modifier.cc:458 BKE_modifier_set_error: Object: "rear cuirass row 2 bevelled lamellar plate 05", Modifier: "weighted normals", Enable 'Auto Smooth' in Object Data Properties
ERROR (bke.modifier): ./source/blender/blenkernel/intern/modifier.cc:458 BKE_modifier_set_error: Object: "rear cuirass row 2 bevelled lamellar plate 07", Modifier: "weighted normals", Enable 'Auto Smooth' in Object Data Properties
ERROR (bke.modifier): ./source/blender/blenkernel/intern/modifier.cc:458 BKE_modifier_set_error: Object: "square tsuba guard", Modifier: "weighted normals", Enable 'Auto Smooth' in Object Data Properties
ERROR (bke.modifier): ./source/blender/blenkernel/intern/modifier.cc:458 BKE_modifier_set_error: Object: "rear cuirass row 2 bevelled lamellar plate 08", Modifier: "weighted normals", Enable 'Auto Smooth' in Object Data Properties
ERROR (bke.modifier): ./source/blender/blenkernel/intern/modifier.cc:458 BKE_modifier_set_error: Object: "front cuirass row 3 bevelled lamellar plate 01", Modifier: "weighted normals", Enable 'Auto Smooth' in Object Data Properties
ERROR (bke.modifier): ./source/blender/blenkernel/intern/modifier.cc:458 BKE_modifier_set_error: Object: "wrapped katana grip", Modifier: "weighted normals", Enable 'Auto Smooth' in Object Data Properties
ERROR (bke.modifier): ./source/blender/blenkernel/intern/modifier.cc:458 BKE_modifier_set_error: Object: "front cuirass row 3 bevelled lamellar plate 02", Modifier: "weighted normals", Enable 'Auto Smooth' in Object Data Properties
ERROR (bke.modifier): ./source/blender/blenkernel/intern/modifier.cc:458 BKE_modifier_set_error: Object: "front cuirass row 3 bevelled lamellar plate 04", Modifier: "weighted normals", Enable 'Auto Smooth' in Object Data Properties
ERROR (bke.modifier): ./source/blender/blenkernel/intern/modifier.cc:458 BKE_modifier_set_error: Object: "front cuirass row 3 bevelled lamellar plate 05", Modifier: "weighted normals", Enable 'Auto Smooth' in Object Data Properties
ERROR (bke.modifier): ./source/blender/blenkernel/intern/modifier.cc:458 BKE_modifier_set_error: Object: "front cuirass row 3 bevelled lamellar plate 03", Modifier: "weighted normals", Enable 'Auto Smooth' in Object Data Properties
ERROR (bke.modifier): ./source/blender/blenkernel/intern/modifier.cc:458 BKE_modifier_set_error: Object: "front cuirass row 3 bevelled lamellar plate 06", Modifier: "weighted normals", Enable 'Auto Smooth' in Object Data Properties
ERROR (bke.modifier): ./source/blender/blenkernel/intern/modifier.cc:458 BKE_modifier_set_error: Object: "rear cuirass row 3 bevelled lamellar plate 03", Modifier: "weighted normals", Enable 'Auto Smooth' in Object Data Properties
ERROR (bke.modifier): ./source/blender/blenkernel/intern/modifier.cc:458 BKE_modifier_set_error: Object: "front cuirass row 3 bevelled lamellar plate 08", Modifier: "weighted normals", Enable 'Auto Smooth' in Object Data Properties
ERROR (bke.modifier): ./source/blender/blenkernel/intern/modifier.cc:458 BKE_modifier_set_error: Object: "front cuirass row 3 bevelled lamellar plate 07", Modifier: "weighted normals", Enable 'Auto Smooth' in Object Data Properties
ERROR (bke.modifier): ./source/blender/blenkernel/intern/modifier.cc:458 BKE_modifier_set_error: Object: "rear cuirass row 3 bevelled lamellar plate 02", Modifier: "weighted normals", Enable 'Auto Smooth' in Object Data Properties
ERROR (bke.modifier): ./source/blender/blenkernel/intern/modifier.cc:458 BKE_modifier_set_error: Object: "rear cuirass row 3 bevelled lamellar plate 01", Modifier: "weighted normals", Enable 'Auto Smooth' in Object Data Properties
ERROR (bke.modifier): ./source/blender/blenkernel/intern/modifier.cc:458 BKE_modifier_set_error: Object: "rear cuirass row 3 bevelled lamellar plate 07", Modifier: "weighted normals", Enable 'Auto Smooth' in Object Data Properties
ERROR (bke.modifier): ./source/blender/blenkernel/intern/modifier.cc:458 BKE_modifier_set_error: Object: "rear cuirass row 3 bevelled lamellar plate 05", Modifier: "weighted normals", Enable 'Auto Smooth' in Object Data Properties
ERROR (bke.modifier): ./source/blender/blenkernel/intern/modifier.cc:458 BKE_modifier_set_error: Object: "rear cuirass row 3 bevelled lamellar plate 08", Modifier: "weighted normals", Enable 'Auto Smooth' in Object Data Properties
ERROR (bke.modifier): ./source/blender/blenkernel/intern/modifier.cc:458 BKE_modifier_set_error: Object: "rear cuirass row 3 bevelled lamellar plate 04", Modifier: "weighted normals", Enable 'Auto Smooth' in Object Data Properties
ERROR (bke.modifier): ./source/blender/blenkernel/intern/modifier.cc:458 BKE_modifier_set_error: Object: "rear cuirass row 3 bevelled lamellar plate 06", Modifier: "weighted normals", Enable 'Auto Smooth' in Object Data Properties
ERROR (bke.modifier): ./source/blender/blenkernel/intern/modifier.cc:458 BKE_modifier_set_error: Object: "front cuirass row 4 bevelled lamellar plate 06", Modifier: "weighted normals", Enable 'Auto Smooth' in Object Data Properties
ERROR (bke.modifier): ./source/blender/blenkernel/intern/modifier.cc:458 BKE_modifier_set_error: Object: "right woven waraji sole grounded", Modifier: "weighted normals", Enable 'Auto Smooth' in Object Data Properties
ERROR (bke.modifier): ./source/blender/blenkernel/intern/modifier.cc:458 BKE_modifier_set_error: Object: "front cuirass row 4 bevelled lamellar plate 02", Modifier: "weighted normals", Enable 'Auto Smooth' in Object Data Properties
ERROR (bke.modifier): ./source/blender/blenkernel/intern/modifier.cc:458 BKE_modifier_set_error: Object: "front cuirass row 4 bevelled lamellar plate 03", Modifier: "weighted normals", Enable 'Auto Smooth' in Object Data Properties
ERROR (bke.modifier): ./source/blender/blenkernel/intern/modifier.cc:458 BKE_modifier_set_error: Object: "front cuirass row 4 bevelled lamellar plate 01", Modifier: "weighted normals", Enable 'Auto Smooth' in Object Data Properties
ERROR (bke.modifier): ./source/blender/blenkernel/intern/modifier.cc:458 BKE_modifier_set_error: Object: "right outer toe group", Modifier: "weighted normals", Enable 'Auto Smooth' in Object Data Properties
ERROR (bke.modifier): ./source/blender/blenkernel/intern/modifier.cc:458 BKE_modifier_set_error: Object: "front cuirass row 4 bevelled lamellar plate 05", Modifier: "weighted normals", Enable 'Auto Smooth' in Object Data Properties
ERROR (bke.modifier): ./source/blender/blenkernel/intern/modifier.cc:458 BKE_modifier_set_error: Object: "right separated big toe", Modifier: "weighted normals", Enable 'Auto Smooth' in Object Data Properties
ERROR (bke.modifier): ./source/blender/blenkernel/intern/modifier.cc:458 BKE_modifier_set_error: Object: "front cuirass row 4 bevelled lamellar plate 04", Modifier: "weighted normals", Enable 'Auto Smooth' in Object Data Properties
ERROR (bke.modifier): ./source/blender/blenkernel/intern/modifier.cc:458 BKE_modifier_set_error: Object: "front cuirass row 4 bevelled lamellar plate 07", Modifier: "weighted normals", Enable 'Auto Smooth' in Object Data Properties
ERROR (bke.modifier): ./source/blender/blenkernel/intern/modifier.cc:458 BKE_modifier_set_error: Object: "front cuirass row 4 bevelled lamellar plate 08", Modifier: "weighted normals", Enable 'Auto Smooth' in Object Data Properties
ERROR (bke.modifier): ./source/blender/blenkernel/intern/modifier.cc:458 BKE_modifier_set_error: Object: "right split-toe tabi foot volume", Modifier: "weighted normals", Enable 'Auto Smooth' in Object Data Properties
ERROR (bke.modifier): ./source/blender/blenkernel/intern/modifier.cc:458 BKE_modifier_set_error: Object: "rear cuirass row 4 bevelled lamellar plate 01", Modifier: "weighted normals", Enable 'Auto Smooth' in Object Data Properties
ERROR (bke.modifier): ./source/blender/blenkernel/intern/modifier.cc:458 BKE_modifier_set_error: Object: "rear cuirass row 4 bevelled lamellar plate 02", Modifier: "weighted normals", Enable 'Auto Smooth' in Object Data Properties
ERROR (bke.modifier): ./source/blender/blenkernel/intern/modifier.cc:458 BKE_modifier_set_error: Object: "right shin greave", Modifier: "weighted normals", Enable 'Auto Smooth' in Object Data Properties
ERROR (bke.modifier): ./source/blender/blenkernel/intern/modifier.cc:458 BKE_modifier_set_error: Object: "rear cuirass row 4 bevelled lamellar plate 07", Modifier: "weighted normals", Enable 'Auto Smooth' in Object Data Properties
ERROR (bke.modifier): ./source/blender/blenkernel/intern/modifier.cc:458 BKE_modifier_set_error: Object: "rear cuirass row 4 bevelled lamellar plate 05", Modifier: "weighted normals", Enable 'Auto Smooth' in Object Data Properties
ERROR (bke.modifier): ./source/blender/blenkernel/intern/modifier.cc:458 BKE_modifier_set_error: Object: "rear cuirass row 4 bevelled lamellar plate 03", Modifier: "weighted normals", Enable 'Auto Smooth' in Object Data Properties
ERROR (bke.modifier): ./source/blender/blenkernel/intern/modifier.cc:458 BKE_modifier_set_error: Object: "rear cuirass row 4 bevelled lamellar plate 08", Modifier: "weighted normals", Enable 'Auto Smooth' in Object Data Properties
ERROR (bke.modifier): ./source/blender/blenkernel/intern/modifier.cc:458 BKE_modifier_set_error: Object: "rear cuirass row 4 bevelled lamellar plate 04", Modifier: "weighted normals", Enable 'Auto Smooth' in Object Data Properties
ERROR (bke.modifier): ./source/blender/blenkernel/intern/modifier.cc:458 BKE_modifier_set_error: Object: "right hakama trouser leg", Modifier: "weighted normals", Enable 'Auto Smooth' in Object Data Properties
ERROR (bke.modifier): ./source/blender/blenkernel/intern/modifier.cc:458 BKE_modifier_set_error: Object: "front cuirass row 5 bevelled lamellar plate 01", Modifier: "weighted normals", Enable 'Auto Smooth' in Object Data Properties
ERROR (bke.modifier): ./source/blender/blenkernel/intern/modifier.cc:458 BKE_modifier_set_error: Object: "rear cuirass row 4 bevelled lamellar plate 06", Modifier: "weighted normals", Enable 'Auto Smooth' in Object Data Properties
ERROR (bke.modifier): ./source/blender/blenkernel/intern/modifier.cc:458 BKE_modifier_set_error: Object: "front cuirass row 5 bevelled lamellar plate 04", Modifier: "weighted normals", Enable 'Auto Smooth' in Object Data Properties
ERROR (bke.modifier): ./source/blender/blenkernel/intern/modifier.cc:458 BKE_modifier_set_error: Object: "front cuirass row 5 bevelled lamellar plate 02", Modifier: "weighted normals", Enable 'Auto Smooth' in Object Data Properties
ERROR (bke.modifier): ./source/blender/blenkernel/intern/modifier.cc:458 BKE_modifier_set_error: Object: "front cuirass row 5 bevelled lamellar plate 03", Modifier: "weighted normals", Enable 'Auto Smooth' in Object Data Properties
ERROR (bke.modifier): ./source/blender/blenkernel/intern/modifier.cc:458 BKE_modifier_set_error: Object: "front cuirass row 5 bevelled lamellar plate 05", Modifier: "weighted normals", Enable 'Auto Smooth' in Object Data Properties
ERROR (bke.modifier): ./source/blender/blenkernel/intern/modifier.cc:458 BKE_modifier_set_error: Object: "rear cuirass row 5 bevelled lamellar plate 02", Modifier: "weighted normals", Enable 'Auto Smooth' in Object Data Properties
ERROR (bke.modifier): ./source/blender/blenkernel/intern/modifier.cc:458 BKE_modifier_set_error: Object: "front cuirass row 5 bevelled lamellar plate 06", Modifier: "weighted normals", Enable 'Auto Smooth' in Object Data Properties
ERROR (bke.modifier): ./source/blender/blenkernel/intern/modifier.cc:458 BKE_modifier_set_error: Object: "rear cuirass row 5 bevelled lamellar plate 01", Modifier: "weighted normals", Enable 'Auto Smooth' in Object Data Properties
ERROR (bke.modifier): ./source/blender/blenkernel/intern/modifier.cc:458 BKE_modifier_set_error: Object: "front cuirass row 5 bevelled lamellar plate 07", Modifier: "weighted normals", Enable 'Auto Smooth' in Object Data Properties
ERROR (bke.modifier): ./source/blender/blenkernel/intern/modifier.cc:458 BKE_modifier_set_error: Object: "rear cuirass row 5 bevelled lamellar plate 04", Modifier: "weighted normals", Enable 'Auto Smooth' in Object Data Properties
ERROR (bke.modifier): ./source/blender/blenkernel/intern/modifier.cc:458 BKE_modifier_set_error: Object: "rear cuirass row 5 bevelled lamellar plate 03", Modifier: "weighted normals", Enable 'Auto Smooth' in Object Data Properties
ERROR (bke.modifier): ./source/blender/blenkernel/intern/modifier.cc:458 BKE_modifier_set_error: Object: "left shoulder undercloth", Modifier: "weighted normals", Enable 'Auto Smooth' in Object Data Properties
ERROR (bke.modifier): ./source/blender/blenkernel/intern/modifier.cc:458 BKE_modifier_set_error: Object: "front cuirass row 5 bevelled lamellar plate 08", Modifier: "weighted normals", Enable 'Auto Smooth' in Object Data Properties
ERROR (bke.modifier): ./source/blender/blenkernel/intern/modifier.cc:458 BKE_modifier_set_error: Object: "rear cuirass row 5 bevelled lamellar plate 05", Modifier: "weighted normals", Enable 'Auto Smooth' in Object Data Properties
ERROR (bke.modifier): ./source/blender/blenkernel/intern/modifier.cc:458 BKE_modifier_set_error: Object: "rear cuirass row 5 bevelled lamellar plate 08", Modifier: "weighted normals", Enable 'Auto Smooth' in Object Data Properties
ERROR (bke.modifier): ./source/blender/blenkernel/intern/modifier.cc:458 BKE_modifier_set_error: Object: "left armored upper arm", Modifier: "weighted normals", Enable 'Auto Smooth' in Object Data Properties
ERROR (bke.modifier): ./source/blender/blenkernel/intern/modifier.cc:458 BKE_modifier_set_error: Object: "left side cuirass plate 3", Modifier: "weighted normals", Enable 'Auto Smooth' in Object Data Properties
ERROR (bke.modifier): ./source/blender/blenkernel/intern/modifier.cc:458 BKE_modifier_set_error: Object: "left sode shoulder armor", Modifier: "weighted normals", Enable 'Auto Smooth' in Object Data Properties
ERROR (bke.modifier): ./source/blender/blenkernel/intern/modifier.cc:458 BKE_modifier_set_error: Object: "left kote forearm guard", Modifier: "weighted normals", Enable 'Auto Smooth' in Object Data Properties
ERROR (bke.modifier): ./source/blender/blenkernel/intern/modifier.cc:458 BKE_modifier_set_error: Object: "left leather palm volume", Modifier: "weighted normals", Enable 'Auto Smooth' in Object Data Properties
ERROR (bke.modifier): ./source/blender/blenkernel/intern/modifier.cc:458 BKE_modifier_set_error: Object: "rear cuirass row 5 bevelled lamellar plate 07", Modifier: "weighted normals", Enable 'Auto Smooth' in Object Data Properties
ERROR (bke.modifier): ./source/blender/blenkernel/intern/modifier.cc:458 BKE_modifier_set_error: Object: "rear cuirass row 5 bevelled lamellar plate 06", Modifier: "weighted normals", Enable 'Auto Smooth' in Object Data Properties
ERROR (bke.modifier): ./source/blender/blenkernel/intern/modifier.cc:458 BKE_modifier_set_error: Object: "left side cuirass plate 2", Modifier: "weighted normals", Enable 'Auto Smooth' in Object Data Properties
ERROR (bke.modifier): ./source/blender/blenkernel/intern/modifier.cc:458 BKE_modifier_set_error: Object: "left index fingertip", Modifier: "weighted normals", Enable 'Auto Smooth' in Object Data Properties
ERROR (bke.modifier): ./source/blender/blenkernel/intern/modifier.cc:458 BKE_modifier_set_error: Object: "left middle fingertip", Modifier: "weighted normals", Enable 'Auto Smooth' in Object Data Properties
ERROR (bke.modifier): ./source/blender/blenkernel/intern/modifier.cc:458 BKE_modifier_set_error: Object: "left side cuirass plate 1", Modifier: "weighted normals", Enable 'Auto Smooth' in Object Data Properties
ERROR (bke.modifier): ./source/blender/blenkernel/intern/modifier.cc:458 BKE_modifier_set_error: Object: "left ring fingertip", Modifier: "weighted normals", Enable 'Auto Smooth' in Object Data Properties
ERROR (bke.modifier): ./source/blender/blenkernel/intern/modifier.cc:458 BKE_modifier_set_error: Object: "left hanging sode shoulder plate 2", Modifier: "weighted normals", Enable 'Auto Smooth' in Object Data Properties
ERROR (bke.modifier): ./source/blender/blenkernel/intern/modifier.cc:458 BKE_modifier_set_error: Object: "left pinky fingertip", Modifier: "weighted normals", Enable 'Auto Smooth' in Object Data Properties
ERROR (bke.modifier): ./source/blender/blenkernel/intern/modifier.cc:458 BKE_modifier_set_error: Object: "left thumb fingertip", Modifier: "weighted normals", Enable 'Auto Smooth' in Object Data Properties
ERROR (bke.modifier): ./source/blender/blenkernel/intern/modifier.cc:458 BKE_modifier_set_error: Object: "right shoulder undercloth", Modifier: "weighted normals", Enable 'Auto Smooth' in Object Data Properties
ERROR (bke.modifier): ./source/blender/blenkernel/intern/modifier.cc:458 BKE_modifier_set_error: Object: "right sode shoulder armor", Modifier: "weighted normals", Enable 'Auto Smooth' in Object Data Properties
ERROR (bke.modifier): ./source/blender/blenkernel/intern/modifier.cc:458 BKE_modifier_set_error: Object: "right side cuirass plate 1", Modifier: "weighted normals", Enable 'Auto Smooth' in Object Data Properties
ERROR (bke.modifier): ./source/blender/blenkernel/intern/modifier.cc:458 BKE_modifier_set_error: Object: "left hanging sode shoulder plate 1", Modifier: "weighted normals", Enable 'Auto Smooth' in Object Data Properties
ERROR (bke.modifier): ./source/blender/blenkernel/intern/modifier.cc:458 BKE_modifier_set_error: Object: "right side cuirass plate 2", Modifier: "weighted normals", Enable 'Auto Smooth' in Object Data Properties
ERROR (bke.modifier): ./source/blender/blenkernel/intern/modifier.cc:458 BKE_modifier_set_error: Object: "right armored upper arm", Modifier: "weighted normals", Enable 'Auto Smooth' in Object Data Properties
ERROR (bke.modifier): ./source/blender/blenkernel/intern/modifier.cc:458 BKE_modifier_set_error: Object: "right kote forearm guard", Modifier: "weighted normals", Enable 'Auto Smooth' in Object Data Properties
ERROR (bke.modifier): ./source/blender/blenkernel/intern/modifier.cc:458 BKE_modifier_set_error: Object: "right leather palm volume", Modifier: "weighted normals", Enable 'Auto Smooth' in Object Data Properties
ERROR (bke.modifier): ./source/blender/blenkernel/intern/modifier.cc:458 BKE_modifier_set_error: Object: "right index fingertip", Modifier: "weighted normals", Enable 'Auto Smooth' in Object Data Properties
ERROR (bke.modifier): ./source/blender/blenkernel/intern/modifier.cc:458 BKE_modifier_set_error: Object: "right side cuirass plate 3", Modifier: "weighted normals", Enable 'Auto Smooth' in Object Data Properties
ERROR (bke.modifier): ./source/blender/blenkernel/intern/modifier.cc:458 BKE_modifier_set_error: Object: "left hanging sode shoulder plate 4", Modifier: "weighted normals", Enable 'Auto Smooth' in Object Data Properties
ERROR (bke.modifier): ./source/blender/blenkernel/intern/modifier.cc:458 BKE_modifier_set_error: Object: "right middle fingertip", Modifier: "weighted normals", Enable 'Auto Smooth' in Object Data Properties
ERROR (bke.modifier): ./source/blender/blenkernel/intern/modifier.cc:458 BKE_modifier_set_error: Object: "right ring fingertip", Modifier: "weighted normals", Enable 'Auto Smooth' in Object Data Properties
ERROR (bke.modifier): ./source/blender/blenkernel/intern/modifier.cc:458 BKE_modifier_set_error: Object: "left woven waraji sole grounded", Modifier: "weighted normals", Enable 'Auto Smooth' in Object Data Properties
ERROR (bke.modifier): ./source/blender/blenkernel/intern/modifier.cc:458 BKE_modifier_set_error: Object: "right pinky fingertip", Modifier: "weighted normals", Enable 'Auto Smooth' in Object Data Properties
ERROR (bke.modifier): ./source/blender/blenkernel/intern/modifier.cc:458 BKE_modifier_set_error: Object: "right thumb fingertip", Modifier: "weighted normals", Enable 'Auto Smooth' in Object Data Properties
ERROR (bke.modifier): ./source/blender/blenkernel/intern/modifier.cc:458 BKE_modifier_set_error: Object: "left hanging sode shoulder plate 3", Modifier: "weighted normals", Enable 'Auto Smooth' in Object Data Properties
ERROR (bke.modifier): ./source/blender/blenkernel/intern/modifier.cc:458 BKE_modifier_set_error: Object: "left outer toe group", Modifier: "weighted normals", Enable 'Auto Smooth' in Object Data Properties
ERROR (bke.modifier): ./source/blender/blenkernel/intern/modifier.cc:458 BKE_modifier_set_error: Object: "right hanging sode shoulder plate 3", Modifier: "weighted normals", Enable 'Auto Smooth' in Object Data Properties
ERROR (bke.modifier): ./source/blender/blenkernel/intern/modifier.cc:458 BKE_modifier_set_error: Object: "left separated big toe", Modifier: "weighted normals", Enable 'Auto Smooth' in Object Data Properties
ERROR (bke.modifier): ./source/blender/blenkernel/intern/modifier.cc:458 BKE_modifier_set_error: Object: "left split-toe tabi foot volume", Modifier: "weighted normals", Enable 'Auto Smooth' in Object Data Properties
ERROR (bke.modifier): ./source/blender/blenkernel/intern/modifier.cc:458 BKE_modifier_set_error: Object: "left shin greave", Modifier: "weighted normals", Enable 'Auto Smooth' in Object Data Properties
ERROR (bke.modifier): ./source/blender/blenkernel/intern/modifier.cc:458 BKE_modifier_set_error: Object: "right hanging sode shoulder plate 2", Modifier: "weighted normals", Enable 'Auto Smooth' in Object Data Properties
ERROR (bke.modifier): ./source/blender/blenkernel/intern/modifier.cc:458 BKE_modifier_set_error: Object: "right hanging sode shoulder plate 1", Modifier: "weighted normals", Enable 'Auto Smooth' in Object Data Properties
ERROR (bke.modifier): ./source/blender/blenkernel/intern/modifier.cc:458 BKE_modifier_set_error: Object: "right hanging sode shoulder plate 4", Modifier: "weighted normals", Enable 'Auto Smooth' in Object Data Properties
ERROR (bke.modifier): ./source/blender/blenkernel/intern/modifier.cc:458 BKE_modifier_set_error: Object: "rear kusazuri skirt plate -1 row 1", Modifier: "weighted normals", Enable 'Auto Smooth' in Object Data Properties
ERROR (bke.modifier): ./source/blender/blenkernel/intern/modifier.cc:458 BKE_modifier_set_error: Object: "left hakama trouser leg", Modifier: "weighted normals", Enable 'Auto Smooth' in Object Data Properties
ERROR (bke.modifier): ./source/blender/blenkernel/intern/modifier.cc:458 BKE_modifier_set_error: Object: "rear kusazuri skirt plate +0 row 3", Modifier: "weighted normals", Enable 'Auto Smooth' in Object Data Properties
ERROR (bke.modifier): ./source/blender/blenkernel/intern/modifier.cc:458 BKE_modifier_set_error: Object: "kusazuri skirt plate -1 row 2", Modifier: "weighted normals", Enable 'Auto Smooth' in Object Data Properties
ERROR (bke.modifier): ./source/blender/blenkernel/intern/modifier.cc:458 BKE_modifier_set_error: Object: "rear kusazuri skirt plate -1 row 2", Modifier: "weighted normals", Enable 'Auto Smooth' in Object Data Properties
ERROR (bke.modifier): ./source/blender/blenkernel/intern/modifier.cc:458 BKE_modifier_set_error: Object: "kusazuri skirt plate -1 row 3", Modifier: "weighted normals", Enable 'Auto Smooth' in Object Data Properties
ERROR (bke.modifier): ./source/blender/blenkernel/intern/modifier.cc:458 BKE_modifier_set_error: Object: "kusazuri skirt plate +0 row 2", Modifier: "weighted normals", Enable 'Auto Smooth' in Object Data Properties
ERROR (bke.modifier): ./source/blender/blenkernel/intern/modifier.cc:458 BKE_modifier_set_error: Object: "kusazuri skirt plate +0 row 3", Modifier: "weighted normals", Enable 'Auto Smooth' in Object Data Properties
ERROR (bke.modifier): ./source/blender/blenkernel/intern/modifier.cc:458 BKE_modifier_set_error: Object: "rear kusazuri skirt plate -1 row 3", Modifier: "weighted normals", Enable 'Auto Smooth' in Object Data Properties
ERROR (bke.modifier): ./source/blender/blenkernel/intern/modifier.cc:458 BKE_modifier_set_error: Object: "kusazuri skirt plate +0 row 1", Modifier: "weighted normals", Enable 'Auto Smooth' in Object Data Properties
ERROR (bke.modifier): ./source/blender/blenkernel/intern/modifier.cc:458 BKE_modifier_set_error: Object: "rear kusazuri skirt plate +0 row 1", Modifier: "weighted normals", Enable 'Auto Smooth' in Object Data Properties
ERROR (bke.modifier): ./source/blender/blenkernel/intern/modifier.cc:458 BKE_modifier_set_error: Object: "kusazuri skirt plate -1 row 1", Modifier: "weighted normals", Enable 'Auto Smooth' in Object Data Properties
ERROR (bke.modifier): ./source/blender/blenkernel/intern/modifier.cc:458 BKE_modifier_set_error: Object: "rear kusazuri skirt plate +0 row 2", Modifier: "weighted normals", Enable 'Auto Smooth' in Object Data Properties
ERROR (bke.modifier): ./source/blender/blenkernel/intern/modifier.cc:458 BKE_modifier_set_error: Object: "rear kusazuri skirt plate +1 row 3", Modifier: "weighted normals", Enable 'Auto Smooth' in Object Data Properties
ERROR (bke.modifier): ./source/blender/blenkernel/intern/modifier.cc:458 BKE_modifier_set_error: Object: "rear kusazuri skirt plate +1 row 1", Modifier: "weighted normals", Enable 'Auto Smooth' in Object Data Properties
ERROR (bke.modifier): ./source/blender/blenkernel/intern/modifier.cc:458 BKE_modifier_set_error: Object: "kusazuri skirt plate +1 row 2", Modifier: "weighted normals", Enable 'Auto Smooth' in Object Data Properties
ERROR (bke.modifier): ./source/blender/blenkernel/intern/modifier.cc:458 BKE_modifier_set_error: Object: "kusazuri skirt plate +1 row 1", Modifier: "weighted normals", Enable 'Auto Smooth' in Object Data Properties
ERROR (bke.modifier): ./source/blender/blenkernel/intern/modifier.cc:458 BKE_modifier_set_error: Object: "rear kusazuri skirt plate +1 row 2", Modifier: "weighted normals", Enable 'Auto Smooth' in Object Data Properties
ERROR (bke.modifier): ./source/blender/blenkernel/intern/modifier.cc:458 BKE_modifier_set_error: Object: "kusazuri skirt plate +1 row 3", Modifier: "weighted normals", Enable 'Auto Smooth' in Object Data Properties
Fra:1 Mem:47.25M (Peak 47.27M) | Time:00:00.06 | Syncing matte charcoal inspection plinth
Fra:1 Mem:47.26M (Peak 47.31M) | Time:00:00.06 | Syncing ribcage under-kimono volume
Fra:1 Mem:47.35M (Peak 47.35M) | Time:00:00.06 | Syncing narrow waist under-kimono volume
Fra:1 Mem:47.42M (Peak 47.42M) | Time:00:00.06 | Syncing visible human head behind mempo
Fra:1 Mem:47.51M (Peak 47.51M) | Time:00:00.06 | Syncing thin exposed neck
Fra:1 Mem:47.52M (Peak 47.53M) | Time:00:00.06 | Syncing neck guard collar
Fra:1 Mem:47.54M (Peak 47.58M) | Time:00:00.06 | Syncing segmented kabuto helmet bowl
Fra:1 Mem:47.71M (Peak 47.71M) | Time:00:00.06 | Syncing wide kabuto brim
Fra:1 Mem:47.73M (Peak 47.73M) | Time:00:00.06 | Syncing layered rear shikoro neck guard
Fra:1 Mem:47.75M (Peak 47.75M) | Time:00:00.06 | Syncing left side helmet flange
Fra:1 Mem:47.76M (Peak 47.76M) | Time:00:00.06 | Syncing right side helmet flange
Fra:1 Mem:47.77M (Peak 47.77M) | Time:00:00.06 | Syncing golden maedate crescent crest
Fra:1 Mem:47.79M (Peak 47.84M) | Time:00:00.06 | Syncing crest central rivet
Fra:1 Mem:47.80M (Peak 47.84M) | Time:00:00.06 | Syncing left angular mempo cheek plate
Fra:1 Mem:47.82M (Peak 47.86M) | Time:00:00.06 | Syncing right angular mempo cheek plate
Fra:1 Mem:47.84M (Peak 47.86M) | Time:00:00.06 | Syncing mempo chin guard
Fra:1 Mem:47.86M (Peak 47.86M) | Time:00:00.06 | Syncing mempo nose ridge
Fra:1 Mem:47.87M (Peak 47.87M) | Time:00:00.06 | Syncing left narrow eye slit
Fra:1 Mem:47.89M (Peak 47.89M) | Time:00:00.06 | Syncing right narrow eye slit
Fra:1 Mem:47.90M (Peak 47.90M) | Time:00:00.06 | Syncing mempo grim mouth slit
Fra:1 Mem:47.91M (Peak 47.91M) | Time:00:00.06 | Syncing left mask moustache bristle
Fra:1 Mem:47.92M (Peak 47.92M) | Time:00:00.06 | Syncing right mask moustache bristle
Fra:1 Mem:47.93M (Peak 47.93M) | Time:00:00.06 | Syncing throat guard row 1 bevelled lamel
Fra:1 Mem:47.95M (Peak 47.95M) | Time:00:00.06 | Syncing throat guard row 1 bevelled lamel
Fra:1 Mem:47.97M (Peak 47.97M) | Time:00:00.06 | Syncing throat guard row 1 bevelled lamel
Fra:1 Mem:47.99M (Peak 47.99M) | Time:00:00.06 | Syncing throat guard row 1 bevelled lamel
Fra:1 Mem:48.01M (Peak 48.01M) | Time:00:00.06 | Syncing throat guard row 1 bevelled lamel
Fra:1 Mem:48.02M (Peak 48.02M) | Time:00:00.06 | Syncing throat guard row 2 bevelled lamel
Fra:1 Mem:48.04M (Peak 48.04M) | Time:00:00.06 | Syncing throat guard row 2 bevelled lamel
Fra:1 Mem:48.06M (Peak 48.06M) | Time:00:00.07 | Syncing throat guard row 2 bevelled lamel
Fra:1 Mem:48.08M (Peak 48.08M) | Time:00:00.07 | Syncing throat guard row 2 bevelled lamel
Fra:1 Mem:48.10M (Peak 48.10M) | Time:00:00.07 | Syncing throat guard row 2 bevelled lamel
Fra:1 Mem:48.12M (Peak 48.12M) | Time:00:00.07 | Syncing throat guard row 3 bevelled lamel
Fra:1 Mem:48.14M (Peak 48.14M) | Time:00:00.07 | Syncing throat guard row 3 bevelled lamel
Fra:1 Mem:48.16M (Peak 48.16M) | Time:00:00.07 | Syncing throat guard row 3 bevelled lamel
Fra:1 Mem:48.18M (Peak 48.18M) | Time:00:00.07 | Syncing throat guard row 3 bevelled lamel
Fra:1 Mem:48.20M (Peak 48.20M) | Time:00:00.07 | Syncing throat guard row 3 bevelled lamel
Fra:1 Mem:48.22M (Peak 48.22M) | Time:00:00.07 | Syncing upper do cuirass fitted shell
Fra:1 Mem:48.32M (Peak 48.32M) | Time:00:00.07 | Syncing lower do cuirass narrowed shell
Fra:1 Mem:48.40M (Peak 48.40M) | Time:00:00.07 | Syncing front cuirass row 1 bevelled lame
Fra:1 Mem:48.42M (Peak 48.42M) | Time:00:00.07 | Syncing front cuirass row 1 bevelled lame
Fra:1 Mem:48.44M (Peak 48.44M) | Time:00:00.07 | Syncing front cuirass row 1 bevelled lame
Fra:1 Mem:48.46M (Peak 48.46M) | Time:00:00.07 | Syncing front cuirass row 1 bevelled lame
Fra:1 Mem:48.48M (Peak 48.48M) | Time:00:00.07 | Syncing front cuirass row 1 bevelled lame
Fra:1 Mem:48.50M (Peak 48.50M) | Time:00:00.07 | Syncing front cuirass row 1 bevelled lame
Fra:1 Mem:48.52M (Peak 48.52M) | Time:00:00.07 | Syncing front cuirass row 1 bevelled lame
Fra:1 Mem:48.54M (Peak 48.54M) | Time:00:00.07 | Syncing front cuirass row 1 bevelled lame
Fra:1 Mem:48.56M (Peak 48.56M) | Time:00:00.07 | Syncing rear cuirass row 1 bevelled lamel
Fra:1 Mem:48.58M (Peak 48.58M) | Time:00:00.07 | Syncing rear cuirass row 1 bevelled lamel
Fra:1 Mem:48.60M (Peak 48.60M) | Time:00:00.07 | Syncing rear cuirass row 1 bevelled lamel
Fra:1 Mem:48.62M (Peak 48.62M) | Time:00:00.07 | Syncing rear cuirass row 1 bevelled lamel
Fra:1 Mem:48.63M (Peak 48.63M) | Time:00:00.07 | Syncing rear cuirass row 1 bevelled lamel
Fra:1 Mem:48.65M (Peak 48.65M) | Time:00:00.07 | Syncing rear cuirass row 1 bevelled lamel
Fra:1 Mem:48.67M (Peak 48.67M) | Time:00:00.07 | Syncing rear cuirass row 1 bevelled lamel
Fra:1 Mem:48.69M (Peak 48.69M) | Time:00:00.07 | Syncing rear cuirass row 1 bevelled lamel
Fra:1 Mem:48.71M (Peak 48.71M) | Time:00:00.07 | Syncing front cuirass row 2 bevelled lame
Fra:1 Mem:48.73M (Peak 48.73M) | Time:00:00.07 | Syncing front cuirass row 2 bevelled lame
Fra:1 Mem:48.75M (Peak 48.75M) | Time:00:00.07 | Syncing front cuirass row 2 bevelled lame
Fra:1 Mem:48.77M (Peak 48.77M) | Time:00:00.07 | Syncing front cuirass row 2 bevelled lame
Fra:1 Mem:48.79M (Peak 48.79M) | Time:00:00.07 | Syncing front cuirass row 2 bevelled lame
Fra:1 Mem:48.81M (Peak 48.81M) | Time:00:00.07 | Syncing front cuirass row 2 bevelled lame
Fra:1 Mem:48.83M (Peak 48.83M) | Time:00:00.07 | Syncing front cuirass row 2 bevelled lame
Fra:1 Mem:48.85M (Peak 48.85M) | Time:00:00.07 | Syncing front cuirass row 2 bevelled lame
Fra:1 Mem:48.87M (Peak 48.87M) | Time:00:00.07 | Syncing rear cuirass row 2 bevelled lamel
Fra:1 Mem:48.89M (Peak 48.89M) | Time:00:00.07 | Syncing rear cuirass row 2 bevelled lamel
Fra:1 Mem:48.91M (Peak 48.91M) | Time:00:00.07 | Syncing rear cuirass row 2 bevelled lamel
Fra:1 Mem:48.93M (Peak 48.93M) | Time:00:00.07 | Syncing rear cuirass row 2 bevelled lamel
Fra:1 Mem:48.95M (Peak 48.95M) | Time:00:00.07 | Syncing rear cuirass row 2 bevelled lamel
Fra:1 Mem:48.96M (Peak 48.96M) | Time:00:00.07 | Syncing rear cuirass row 2 bevelled lamel
Fra:1 Mem:48.98M (Peak 48.98M) | Time:00:00.07 | Syncing rear cuirass row 2 bevelled lamel
Fra:1 Mem:49.00M (Peak 49.00M) | Time:00:00.07 | Syncing rear cuirass row 2 bevelled lamel
Fra:1 Mem:49.02M (Peak 49.02M) | Time:00:00.07 | Syncing front cuirass row 3 bevelled lame
Fra:1 Mem:49.04M (Peak 49.04M) | Time:00:00.07 | Syncing front cuirass row 3 bevelled lame
Fra:1 Mem:49.06M (Peak 49.06M) | Time:00:00.07 | Syncing front cuirass row 3 bevelled lame
Fra:1 Mem:49.08M (Peak 49.08M) | Time:00:00.07 | Syncing front cuirass row 3 bevelled lame
Fra:1 Mem:49.10M (Peak 49.10M) | Time:00:00.07 | Syncing front cuirass row 3 bevelled lame
Fra:1 Mem:49.12M (Peak 49.12M) | Time:00:00.07 | Syncing front cuirass row 3 bevelled lame
Fra:1 Mem:49.14M (Peak 49.14M) | Time:00:00.07 | Syncing front cuirass row 3 bevelled lame
Fra:1 Mem:49.16M (Peak 49.16M) | Time:00:00.07 | Syncing front cuirass row 3 bevelled lame
Fra:1 Mem:49.18M (Peak 49.18M) | Time:00:00.07 | Syncing rear cuirass row 3 bevelled lamel
Fra:1 Mem:49.20M (Peak 49.20M) | Time:00:00.07 | Syncing rear cuirass row 3 bevelled lamel
Fra:1 Mem:49.22M (Peak 49.22M) | Time:00:00.07 | Syncing rear cuirass row 3 bevelled lamel
Fra:1 Mem:49.23M (Peak 49.23M) | Time:00:00.07 | Syncing rear cuirass row 3 bevelled lamel
Fra:1 Mem:49.25M (Peak 49.25M) | Time:00:00.07 | Syncing rear cuirass row 3 bevelled lamel
Fra:1 Mem:49.27M (Peak 49.27M) | Time:00:00.07 | Syncing rear cuirass row 3 bevelled lamel
Fra:1 Mem:49.29M (Peak 49.29M) | Time:00:00.07 | Syncing rear cuirass row 3 bevelled lamel
Fra:1 Mem:49.31M (Peak 49.31M) | Time:00:00.07 | Syncing rear cuirass row 3 bevelled lamel
Fra:1 Mem:49.33M (Peak 49.33M) | Time:00:00.07 | Syncing front cuirass row 4 bevelled lame
Fra:1 Mem:49.35M (Peak 49.35M) | Time:00:00.07 | Syncing front cuirass row 4 bevelled lame
Fra:1 Mem:49.37M (Peak 49.37M) | Time:00:00.07 | Syncing front cuirass row 4 bevelled lame
Fra:1 Mem:49.39M (Peak 49.39M) | Time:00:00.07 | Syncing front cuirass row 4 bevelled lame
Fra:1 Mem:49.41M (Peak 49.41M) | Time:00:00.07 | Syncing front cuirass row 4 bevelled lame
Fra:1 Mem:49.43M (Peak 49.43M) | Time:00:00.07 | Syncing front cuirass row 4 bevelled lame
Fra:1 Mem:49.45M (Peak 49.45M) | Time:00:00.07 | Syncing front cuirass row 4 bevelled lame
Fra:1 Mem:49.47M (Peak 49.47M) | Time:00:00.07 | Syncing front cuirass row 4 bevelled lame
Fra:1 Mem:49.49M (Peak 49.49M) | Time:00:00.07 | Syncing rear cuirass row 4 bevelled lamel
Fra:1 Mem:49.50M (Peak 49.50M) | Time:00:00.07 | Syncing rear cuirass row 4 bevelled lamel
Fra:1 Mem:49.52M (Peak 49.52M) | Time:00:00.07 | Syncing rear cuirass row 4 bevelled lamel
Fra:1 Mem:49.54M (Peak 49.54M) | Time:00:00.07 | Syncing rear cuirass row 4 bevelled lamel
Fra:1 Mem:49.56M (Peak 49.56M) | Time:00:00.07 | Syncing rear cuirass row 4 bevelled lamel
Fra:1 Mem:49.58M (Peak 49.58M) | Time:00:00.07 | Syncing rear cuirass row 4 bevelled lamel
Fra:1 Mem:49.60M (Peak 49.60M) | Time:00:00.07 | Syncing rear cuirass row 4 bevelled lamel
Fra:1 Mem:49.62M (Peak 49.62M) | Time:00:00.07 | Syncing rear cuirass row 4 bevelled lamel
Fra:1 Mem:49.64M (Peak 49.64M) | Time:00:00.08 | Syncing front cuirass row 5 bevelled lame
Fra:1 Mem:49.66M (Peak 49.66M) | Time:00:00.08 | Syncing front cuirass row 5 bevelled lame
Fra:1 Mem:49.68M (Peak 49.68M) | Time:00:00.08 | Syncing front cuirass row 5 bevelled lame
Fra:1 Mem:49.70M (Peak 49.70M) | Time:00:00.08 | Syncing front cuirass row 5 bevelled lame
Fra:1 Mem:49.72M (Peak 49.72M) | Time:00:00.08 | Syncing front cuirass row 5 bevelled lame
Fra:1 Mem:49.74M (Peak 49.74M) | Time:00:00.08 | Syncing front cuirass row 5 bevelled lame
Fra:1 Mem:49.76M (Peak 49.76M) | Time:00:00.08 | Syncing front cuirass row 5 bevelled lame
Fra:1 Mem:49.78M (Peak 49.78M) | Time:00:00.08 | Syncing front cuirass row 5 bevelled lame
Fra:1 Mem:49.79M (Peak 49.79M) | Time:00:00.08 | Syncing rear cuirass row 5 bevelled lamel
Fra:1 Mem:49.81M (Peak 49.81M) | Time:00:00.08 | Syncing rear cuirass row 5 bevelled lamel
Fra:1 Mem:49.83M (Peak 49.83M) | Time:00:00.08 | Syncing rear cuirass row 5 bevelled lamel
Fra:1 Mem:49.85M (Peak 49.85M) | Time:00:00.08 | Syncing rear cuirass row 5 bevelled lamel
Fra:1 Mem:49.87M (Peak 49.87M) | Time:00:00.08 | Syncing rear cuirass row 5 bevelled lamel
Fra:1 Mem:49.89M (Peak 49.89M) | Time:00:00.08 | Syncing rear cuirass row 5 bevelled lamel
Fra:1 Mem:49.91M (Peak 49.91M) | Time:00:00.08 | Syncing rear cuirass row 5 bevelled lamel
Fra:1 Mem:49.93M (Peak 49.93M) | Time:00:00.08 | Syncing rear cuirass row 5 bevelled lamel
Fra:1 Mem:49.95M (Peak 49.95M) | Time:00:00.08 | Syncing left side cuirass plate 1
Fra:1 Mem:49.96M (Peak 49.96M) | Time:00:00.08 | Syncing left side cuirass plate 2
Fra:1 Mem:49.98M (Peak 49.98M) | Time:00:00.08 | Syncing left side cuirass plate 3
Fra:1 Mem:49.99M (Peak 49.99M) | Time:00:00.08 | Syncing right side cuirass plate 1
Fra:1 Mem:50.00M (Peak 50.00M) | Time:00:00.08 | Syncing right side cuirass plate 2
Fra:1 Mem:50.02M (Peak 50.02M) | Time:00:00.08 | Syncing right side cuirass plate 3
Fra:1 Mem:50.03M (Peak 50.03M) | Time:00:00.08 | Syncing left shoulder undercloth
Fra:1 Mem:50.09M (Peak 50.09M) | Time:00:00.08 | Syncing left hanging sode shoulder plate 
Fra:1 Mem:50.11M (Peak 50.11M) | Time:00:00.08 | Syncing left hanging sode shoulder plate 
Fra:1 Mem:50.13M (Peak 50.13M) | Time:00:00.08 | Syncing left hanging sode shoulder plate 
Fra:1 Mem:50.15M (Peak 50.15M) | Time:00:00.08 | Syncing left hanging sode shoulder plate 
Fra:1 Mem:50.17M (Peak 50.17M) | Time:00:00.08 | Syncing left armored upper arm
Fra:1 Mem:50.22M (Peak 50.22M) | Time:00:00.08 | Syncing left sode shoulder armor
Fra:1 Mem:50.27M (Peak 50.27M) | Time:00:00.08 | Syncing left kote forearm guard
Fra:1 Mem:50.32M (Peak 50.32M) | Time:00:00.08 | Syncing left leather palm volume
Fra:1 Mem:50.36M (Peak 50.38M) | Time:00:00.08 | Syncing left articulated index finger
Fra:1 Mem:50.37M (Peak 50.38M) | Time:00:00.08 | Syncing left index fingertip
Fra:1 Mem:50.38M (Peak 50.38M) | Time:00:00.08 | Syncing left articulated middle finger
Fra:1 Mem:50.39M (Peak 50.39M) | Time:00:00.08 | Syncing left middle fingertip
Fra:1 Mem:50.40M (Peak 50.40M) | Time:00:00.08 | Syncing left articulated ring finger
Fra:1 Mem:50.41M (Peak 50.41M) | Time:00:00.08 | Syncing left ring fingertip
Fra:1 Mem:50.42M (Peak 50.42M) | Time:00:00.08 | Syncing left articulated pinky finger
Fra:1 Mem:50.43M (Peak 50.43M) | Time:00:00.08 | Syncing left pinky fingertip
Fra:1 Mem:50.44M (Peak 50.44M) | Time:00:00.08 | Syncing left opposed thumb
Fra:1 Mem:50.45M (Peak 50.45M) | Time:00:00.08 | Syncing left thumb fingertip
Fra:1 Mem:50.47M (Peak 50.47M) | Time:00:00.08 | Syncing right shoulder undercloth
Fra:1 Mem:50.52M (Peak 50.52M) | Time:00:00.08 | Syncing right hanging sode shoulder plate
Fra:1 Mem:50.54M (Peak 50.54M) | Time:00:00.08 | Syncing right hanging sode shoulder plate
Fra:1 Mem:50.56M (Peak 50.56M) | Time:00:00.08 | Syncing right hanging sode shoulder plate
Fra:1 Mem:50.58M (Peak 50.58M) | Time:00:00.08 | Syncing right hanging sode shoulder plate
Fra:1 Mem:50.60M (Peak 50.60M) | Time:00:00.08 | Syncing right armored upper arm
Fra:1 Mem:50.66M (Peak 50.66M) | Time:00:00.08 | Syncing right sode shoulder armor
Fra:1 Mem:50.70M (Peak 50.70M) | Time:00:00.08 | Syncing right kote forearm guard
Fra:1 Mem:50.75M (Peak 50.75M) | Time:00:00.08 | Syncing right leather palm volume
Fra:1 Mem:50.79M (Peak 50.79M) | Time:00:00.08 | Syncing right articulated index finger
Fra:1 Mem:50.80M (Peak 50.80M) | Time:00:00.08 | Syncing right index fingertip
Fra:1 Mem:50.81M (Peak 50.81M) | Time:00:00.08 | Syncing right articulated middle finger
Fra:1 Mem:50.82M (Peak 50.82M) | Time:00:00.08 | Syncing right middle fingertip
Fra:1 Mem:50.83M (Peak 50.83M) | Time:00:00.08 | Syncing right articulated ring finger
Fra:1 Mem:50.84M (Peak 50.84M) | Time:00:00.08 | Syncing right ring fingertip
Fra:1 Mem:50.85M (Peak 50.85M) | Time:00:00.08 | Syncing right articulated pinky finger
Fra:1 Mem:50.86M (Peak 50.86M) | Time:00:00.08 | Syncing right pinky fingertip
Fra:1 Mem:50.87M (Peak 50.87M) | Time:00:00.08 | Syncing right opposed thumb
Fra:1 Mem:50.88M (Peak 50.88M) | Time:00:00.08 | Syncing right thumb fingertip
Fra:1 Mem:50.90M (Peak 50.90M) | Time:00:00.08 | Syncing kusazuri skirt plate -1 row 1
Fra:1 Mem:50.91M (Peak 50.91M) | Time:00:00.08 | Syncing rear kusazuri skirt plate -1 row 
Fra:1 Mem:50.93M (Peak 50.93M) | Time:00:00.08 | Syncing kusazuri skirt plate -1 row 2
Fra:1 Mem:50.94M (Peak 50.94M) | Time:00:00.08 | Syncing rear kusazuri skirt plate -1 row 
Fra:1 Mem:50.96M (Peak 50.96M) | Time:00:00.08 | Syncing kusazuri skirt plate -1 row 3
Fra:1 Mem:50.97M (Peak 50.97M) | Time:00:00.08 | Syncing rear kusazuri skirt plate -1 row 
Fra:1 Mem:50.98M (Peak 50.98M) | Time:00:00.08 | Syncing kusazuri skirt plate +0 row 1
Fra:1 Mem:51.00M (Peak 51.00M) | Time:00:00.08 | Syncing rear kusazuri skirt plate +0 row 
Fra:1 Mem:51.01M (Peak 51.01M) | Time:00:00.08 | Syncing kusazuri skirt plate +0 row 2
Fra:1 Mem:51.03M (Peak 51.03M) | Time:00:00.08 | Syncing rear kusazuri skirt plate +0 row 
Fra:1 Mem:51.04M (Peak 51.04M) | Time:00:00.08 | Syncing kusazuri skirt plate +0 row 3
Fra:1 Mem:51.05M (Peak 51.05M) | Time:00:00.08 | Syncing rear kusazuri skirt plate +0 row 
Fra:1 Mem:51.07M (Peak 51.07M) | Time:00:00.08 | Syncing kusazuri skirt plate +1 row 1
Fra:1 Mem:51.08M (Peak 51.08M) | Time:00:00.08 | Syncing rear kusazuri skirt plate +1 row 
Fra:1 Mem:51.10M (Peak 51.10M) | Time:00:00.08 | Syncing kusazuri skirt plate +1 row 2
Fra:1 Mem:51.11M (Peak 51.11M) | Time:00:00.08 | Syncing rear kusazuri skirt plate +1 row 
Fra:1 Mem:51.12M (Peak 51.12M) | Time:00:00.08 | Syncing kusazuri skirt plate +1 row 3
Fra:1 Mem:51.14M (Peak 51.14M) | Time:00:00.08 | Syncing rear kusazuri skirt plate +1 row 
Fra:1 Mem:51.15M (Peak 51.15M) | Time:00:00.08 | Syncing left hakama trouser leg
Fra:1 Mem:51.21M (Peak 51.21M) | Time:00:00.08 | Syncing left shin greave
Fra:1 Mem:51.26M (Peak 51.26M) | Time:00:00.08 | Syncing left split-toe tabi foot volume
Fra:1 Mem:51.31M (Peak 51.31M) | Time:00:00.08 | Syncing left separated big toe
Fra:1 Mem:51.33M (Peak 51.33M) | Time:00:00.08 | Syncing left outer toe group
Fra:1 Mem:51.35M (Peak 51.35M) | Time:00:00.08 | Syncing left woven waraji sole grounded
Fra:1 Mem:51.36M (Peak 51.36M) | Time:00:00.08 | Syncing left sandal toe strap
Fra:1 Mem:51.37M (Peak 51.42M) | Time:00:00.08 | Syncing left heel strap
Fra:1 Mem:51.37M (Peak 51.42M) | Time:00:00.08 | Syncing left hakama pleat 1
Fra:1 Mem:51.38M (Peak 51.42M) | Time:00:00.08 | Syncing left hakama pleat 2
Fra:1 Mem:51.38M (Peak 51.42M) | Time:00:00.08 | Syncing left hakama pleat 3
Fra:1 Mem:51.39M (Peak 51.42M) | Time:00:00.08 | Syncing right hakama trouser leg
Fra:1 Mem:51.48M (Peak 51.48M) | Time:00:00.08 | Syncing right shin greave
Fra:1 Mem:51.54M (Peak 51.54M) | Time:00:00.08 | Syncing right split-toe tabi foot volume
Fra:1 Mem:51.58M (Peak 51.58M) | Time:00:00.08 | Syncing right separated big toe
Fra:1 Mem:51.60M (Peak 51.60M) | Time:00:00.08 | Syncing right outer toe group
Fra:1 Mem:51.62M (Peak 51.62M) | Time:00:00.08 | Syncing right woven waraji sole grounded
Fra:1 Mem:51.63M (Peak 51.63M) | Time:00:00.08 | Syncing right sandal toe strap
Fra:1 Mem:51.64M (Peak 51.64M) | Time:00:00.08 | Syncing right heel strap
Fra:1 Mem:51.64M (Peak 51.64M) | Time:00:00.08 | Syncing right hakama pleat 1
Fra:1 Mem:51.65M (Peak 51.65M) | Time:00:00.08 | Syncing right hakama pleat 2
Fra:1 Mem:51.66M (Peak 51.66M) | Time:00:00.08 | Syncing right hakama pleat 3
Fra:1 Mem:51.66M (Peak 51.66M) | Time:00:00.08 | Syncing drawn katana blade spine
Fra:1 Mem:51.67M (Peak 51.73M) | Time:00:00.08 | Syncing bright sharpened katana edge
Fra:1 Mem:51.68M (Peak 51.73M) | Time:00:00.08 | Syncing wrapped katana grip
Fra:1 Mem:51.69M (Peak 51.73M) | Time:00:00.08 | Syncing square tsuba guard
Fra:1 Mem:51.70M (Peak 51.73M) | Time:00:00.08 | Syncing lacquered saya scabbard at left h
Fra:1 Mem:51.71M (Peak 51.73M) | Time:00:00.08 | Syncing waist sash tying armor
Fra:1 Mem:51.71M (Peak 51.73M) | Time:00:00.08 | Syncing bamboo sashimono back pole
Fra:1 Mem:51.72M (Peak 51.73M) | Time:00:00.08 | Syncing small lacquered sashimono crossba
Fra:1 Mem:51.74M (Peak 51.74M) | Time:00:00.08 | Syncing cloth sashimono banner panel
Fra:1 Mem:51.75M (Peak 51.80M) | Time:00:00.08 | Syncing simple round clan mon on banner
Fra:1 Mem:51.79M (Peak 51.80M) | Time:00:00.08 | Syncing cool key
Fra:1 Mem:51.79M (Peak 51.80M) | Time:00:00.08 | Syncing rim
Fra:1 Mem:51.79M (Peak 51.80M) | Time:00:00.08 | Syncing hero cam
Fra:1 Mem:51.79M (Peak 51.80M) | Time:00:00.08 | Syncing samurai_v2_provenance
Fra:1 Mem:51.83M (Peak 51.92M) | Time:00:00.09 | Rendering 1 / 32 samples
Fra:1 Mem:49.42M (Peak 51.92M) | Time:00:02.59 | Rendering 26 / 32 samples
Fra:1 Mem:49.42M (Peak 51.92M) | Time:00:03.03 | Rendering 32 / 32 samples
Saved: '/tmp/factoryx-v22-render/samurai-repaired-full-20-v22/uesugi-01/turntable_003.png'
 Time: 00:03.15 (Saving: 00:00.04)

ERROR (bke.modifier): ./source/blender/blenkernel/intern/modifier.cc:458 BKE_modifier_set_error: Object: "thin exposed neck", Modifier: "weighted normals", Enable 'Auto Smooth' in Object Data Properties
ERROR (bke.modifier): ./source/blender/blenkernel/intern/modifier.cc:458 BKE_modifier_set_error: Object: "neck guard collar", Modifier: "weighted normals", Enable 'Auto Smooth' in Object Data Properties
ERROR (bke.modifier): ./source/blender/blenkernel/intern/modifier.cc:458 BKE_modifier_set_error: Object: "segmented kabuto helmet bowl", Modifier: "weighted normals", Enable 'Auto Smooth' in Object Data Properties
ERROR (bke.modifier): ./source/blender/blenkernel/intern/modifier.cc:458 BKE_modifier_set_error: Object: "wide kabuto brim", Modifier: "weighted normals", Enable 'Auto Smooth' in Object Data Properties
ERROR (bke.modifier): ./source/blender/blenkernel/intern/modifier.cc:458 BKE_modifier_set_error: Object: "layered rear shikoro neck guard", Modifier: "weighted normals", Enable 'Auto Smooth' in Object Data Properties
ERROR (bke.modifier): ./source/blender/blenkernel/intern/modifier.cc:458 BKE_modifier_set_error: Object: "visible human head behind mempo", Modifier: "weighted normals", Enable 'Auto Smooth' in Object Data Properties
ERROR (bke.modifier): ./source/blender/blenkernel/intern/modifier.cc:458 BKE_modifier_set_error: Object: "crest central rivet", Modifier: "weighted normals", Enable 'Auto Smooth' in Object Data Properties
ERROR (bke.modifier): ./source/blender/blenkernel/intern/modifier.cc:458 BKE_modifier_set_error: Object: "narrow waist under-kimono volume", Modifier: "weighted normals", Enable 'Auto Smooth' in Object Data Properties
ERROR (bke.modifier): ./source/blender/blenkernel/intern/modifier.cc:458 BKE_modifier_set_error: Object: "ribcage under-kimono volume", Modifier: "weighted normals", Enable 'Auto Smooth' in Object Data Properties
ERROR (bke.modifier): ./source/blender/blenkernel/intern/modifier.cc:458 BKE_modifier_set_error: Object: "left side helmet flange", Modifier: "weighted normals", Enable 'Auto Smooth' in Object Data Properties
ERROR (bke.modifier): ./source/blender/blenkernel/intern/modifier.cc:458 BKE_modifier_set_error: Object: "right side helmet flange", Modifier: "weighted normals", Enable 'Auto Smooth' in Object Data Properties
ERROR (bke.modifier): ./source/blender/blenkernel/intern/modifier.cc:458 BKE_modifier_set_error: Object: "right narrow eye slit", Modifier: "weighted normals", Enable 'Auto Smooth' in Object Data Properties
ERROR (bke.modifier): ./source/blender/blenkernel/intern/modifier.cc:458 BKE_modifier_set_error: Object: "mempo nose ridge", Modifier: "weighted normals", Enable 'Auto Smooth' in Object Data Properties
ERROR (bke.modifier): ./source/blender/blenkernel/intern/modifier.cc:458 BKE_modifier_set_error: Object: "mempo grim mouth slit", Modifier: "weighted normals", Enable 'Auto Smooth' in Object Data Properties
ERROR (bke.modifier): ./source/blender/blenkernel/intern/modifier.cc:458 BKE_modifier_set_error: Object: "mempo chin guard", Modifier: "weighted normals", Enable 'Auto Smooth' in Object Data Properties
ERROR (bke.modifier): ./source/blender/blenkernel/intern/modifier.cc:458 BKE_modifier_set_error: Object: "matte charcoal inspection plinth", Modifier: "weighted normals", Enable 'Auto Smooth' in Object Data Properties
ERROR (bke.modifier): ./source/blender/blenkernel/intern/modifier.cc:458 BKE_modifier_set_error: Object: "right angular mempo cheek plate", Modifier: "weighted normals", Enable 'Auto Smooth' in Object Data Properties
ERROR (bke.modifier): ./source/blender/blenkernel/intern/modifier.cc:458 BKE_modifier_set_error: Object: "left angular mempo cheek plate", Modifier: "weighted normals", Enable 'Auto Smooth' in Object Data Properties
ERROR (bke.modifier): ./source/blender/blenkernel/intern/modifier.cc:458 BKE_modifier_set_error: Object: "simple round clan mon on banner", Modifier: "weighted normals", Enable 'Auto Smooth' in Object Data Properties
ERROR (bke.modifier): ./source/blender/blenkernel/intern/modifier.cc:458 BKE_modifier_set_error: Object: "throat guard row 1 bevelled lamellar plate 04", Modifier: "weighted normals", Enable 'Auto Smooth' in Object Data Properties
ERROR (bke.modifier): ./source/blender/blenkernel/intern/modifier.cc:458 BKE_modifier_set_error: Object: "throat guard row 2 bevelled lamellar plate 01", Modifier: "weighted normals", Enable 'Auto Smooth' in Object Data Properties
ERROR (bke.modifier): ./source/blender/blenkernel/intern/modifier.cc:458 BKE_modifier_set_error: Object: "throat guard row 1 bevelled lamellar plate 03", Modifier: "weighted normals", Enable 'Auto Smooth' in Object Data Properties
ERROR (bke.modifier): ./source/blender/blenkernel/intern/modifier.cc:458 BKE_modifier_set_error: Object: "throat guard row 1 bevelled lamellar plate 05", Modifier: "weighted normals", Enable 'Auto Smooth' in Object Data Properties
ERROR (bke.modifier): ./source/blender/blenkernel/intern/modifier.cc:458 BKE_modifier_set_error: Object: "throat guard row 1 bevelled lamellar plate 02", Modifier: "weighted normals", Enable 'Auto Smooth' in Object Data Properties
ERROR (bke.modifier): ./source/blender/blenkernel/intern/modifier.cc:458 BKE_modifier_set_error: Object: "upper do cuirass fitted shell", Modifier: "weighted normals", Enable 'Auto Smooth' in Object Data Properties
ERROR (bke.modifier): ./source/blender/blenkernel/intern/modifier.cc:458 BKE_modifier_set_error: Object: "lower do cuirass narrowed shell", Modifier: "weighted normals", Enable 'Auto Smooth' in Object Data Properties
ERROR (bke.modifier): ./source/blender/blenkernel/intern/modifier.cc:458 BKE_modifier_set_error: Object: "throat guard row 1 bevelled lamellar plate 01", Modifier: "weighted normals", Enable 'Auto Smooth' in Object Data Properties
ERROR (bke.modifier): ./source/blender/blenkernel/intern/modifier.cc:458 BKE_modifier_set_error: Object: "throat guard row 2 bevelled lamellar plate 05", Modifier: "weighted normals", Enable 'Auto Smooth' in Object Data Properties
ERROR (bke.modifier): ./source/blender/blenkernel/intern/modifier.cc:458 BKE_modifier_set_error: Object: "throat guard row 2 bevelled lamellar plate 03", Modifier: "weighted normals", Enable 'Auto Smooth' in Object Data Properties
ERROR (bke.modifier): ./source/blender/blenkernel/intern/modifier.cc:458 BKE_modifier_set_error: Object: "left narrow eye slit", Modifier: "weighted normals", Enable 'Auto Smooth' in Object Data Properties
ERROR (bke.modifier): ./source/blender/blenkernel/intern/modifier.cc:458 BKE_modifier_set_error: Object: "throat guard row 2 bevelled lamellar plate 04", Modifier: "weighted normals", Enable 'Auto Smooth' in Object Data Properties
ERROR (bke.modifier): ./source/blender/blenkernel/intern/modifier.cc:458 BKE_modifier_set_error: Object: "throat guard row 3 bevelled lamellar plate 01", Modifier: "weighted normals", Enable 'Auto Smooth' in Object Data Properties
ERROR (bke.modifier): ./source/blender/blenkernel/intern/modifier.cc:458 BKE_modifier_set_error: Object: "throat guard row 2 bevelled lamellar plate 02", Modifier: "weighted normals", Enable 'Auto Smooth' in Object Data Properties
ERROR (bke.modifier): ./source/blender/blenkernel/intern/modifier.cc:458 BKE_modifier_set_error: Object: "throat guard row 3 bevelled lamellar plate 03", Modifier: "weighted normals", Enable 'Auto Smooth' in Object Data Properties
ERROR (bke.modifier): ./source/blender/blenkernel/intern/modifier.cc:458 BKE_modifier_set_error: Object: "throat guard row 3 bevelled lamellar plate 02", Modifier: "weighted normals", Enable 'Auto Smooth' in Object Data Properties
ERROR (bke.modifier): ./source/blender/blenkernel/intern/modifier.cc:458 BKE_modifier_set_error: Object: "cloth sashimono banner panel", Modifier: "weighted normals", Enable 'Auto Smooth' in Object Data Properties
ERROR (bke.modifier): ./source/blender/blenkernel/intern/modifier.cc:458 BKE_modifier_set_error: Object: "throat guard row 3 bevelled lamellar plate 05", Modifier: "weighted normals", Enable 'Auto Smooth' in Object Data Properties
ERROR (bke.modifier): ./source/blender/blenkernel/intern/modifier.cc:458 BKE_modifier_set_error: Object: "throat guard row 3 bevelled lamellar plate 04", Modifier: "weighted normals", Enable 'Auto Smooth' in Object Data Properties
ERROR (bke.modifier): ./source/blender/blenkernel/intern/modifier.cc:458 BKE_modifier_set_error: Object: "front cuirass row 1 bevelled lamellar plate 06", Modifier: "weighted normals", Enable 'Auto Smooth' in Object Data Properties
ERROR (bke.modifier): ./source/blender/blenkernel/intern/modifier.cc:458 BKE_modifier_set_error: Object: "front cuirass row 1 bevelled lamellar plate 01", Modifier: "weighted normals", Enable 'Auto Smooth' in Object Data Properties
ERROR (bke.modifier): ./source/blender/blenkernel/intern/modifier.cc:458 BKE_modifier_set_error: Object: "front cuirass row 1 bevelled lamellar plate 02", Modifier: "weighted normals", Enable 'Auto Smooth' in Object Data Properties
ERROR (bke.modifier): ./source/blender/blenkernel/intern/modifier.cc:458 BKE_modifier_set_error: Object: "front cuirass row 1 bevelled lamellar plate 03", Modifier: "weighted normals", Enable 'Auto Smooth' in Object Data Properties
ERROR (bke.modifier): ./source/blender/blenkernel/intern/modifier.cc:458 BKE_modifier_set_error: Object: "front cuirass row 1 bevelled lamellar plate 04", Modifier: "weighted normals", Enable 'Auto Smooth' in Object Data Properties
ERROR (bke.modifier): ./source/blender/blenkernel/intern/modifier.cc:458 BKE_modifier_set_error: Object: "front cuirass row 1 bevelled lamellar plate 08", Modifier: "weighted normals", Enable 'Auto Smooth' in Object Data Properties
ERROR (bke.modifier): ./source/blender/blenkernel/intern/modifier.cc:458 BKE_modifier_set_error: Object: "front cuirass row 1 bevelled lamellar plate 05", Modifier: "weighted normals", Enable 'Auto Smooth' in Object Data Properties
ERROR (bke.modifier): ./source/blender/blenkernel/intern/modifier.cc:458 BKE_modifier_set_error: Object: "rear cuirass row 1 bevelled lamellar plate 02", Modifier: "weighted normals", Enable 'Auto Smooth' in Object Data Properties
ERROR (bke.modifier): ./source/blender/blenkernel/intern/modifier.cc:458 BKE_modifier_set_error: Object: "rear cuirass row 1 bevelled lamellar plate 01", Modifier: "weighted normals", Enable 'Auto Smooth' in Object Data Properties
ERROR (bke.modifier): ./source/blender/blenkernel/intern/modifier.cc:458 BKE_modifier_set_error: Object: "small lacquered sashimono crossbar", Modifier: "weighted normals", Enable 'Auto Smooth' in Object Data Properties
ERROR (bke.modifier): ./source/blender/blenkernel/intern/modifier.cc:458 BKE_modifier_set_error: Object: "rear cuirass row 1 bevelled lamellar plate 06", Modifier: "weighted normals", Enable 'Auto Smooth' in Object Data Properties
ERROR (bke.modifier): ./source/blender/blenkernel/intern/modifier.cc:458 BKE_modifier_set_error: Object: "rear cuirass row 1 bevelled lamellar plate 04", Modifier: "weighted normals", Enable 'Auto Smooth' in Object Data Properties
ERROR (bke.modifier): ./source/blender/blenkernel/intern/modifier.cc:458 BKE_modifier_set_error: Object: "rear cuirass row 1 bevelled lamellar plate 03", Modifier: "weighted normals", Enable 'Auto Smooth' in Object Data Properties
ERROR (bke.modifier): ./source/blender/blenkernel/intern/modifier.cc:458 BKE_modifier_set_error: Object: "rear cuirass row 1 bevelled lamellar plate 07", Modifier: "weighted normals", Enable 'Auto Smooth' in Object Data Properties
ERROR (bke.modifier): ./source/blender/blenkernel/intern/modifier.cc:458 BKE_modifier_set_error: Object: "front cuirass row 1 bevelled lamellar plate 07", Modifier: "weighted normals", Enable 'Auto Smooth' in Object Data Properties
ERROR (bke.modifier): ./source/blender/blenkernel/intern/modifier.cc:458 BKE_modifier_set_error: Object: "rear cuirass row 1 bevelled lamellar plate 08", Modifier: "weighted normals", Enable 'Auto Smooth' in Object Data Properties
ERROR (bke.modifier): ./source/blender/blenkernel/intern/modifier.cc:458 BKE_modifier_set_error: Object: "rear cuirass row 1 bevelled lamellar plate 05", Modifier: "weighted normals", Enable 'Auto Smooth' in Object Data Properties
ERROR (bke.modifier): ./source/blender/blenkernel/intern/modifier.cc:458 BKE_modifier_set_error: Object: "front cuirass row 2 bevelled lamellar plate 03", Modifier: "weighted normals", Enable 'Auto Smooth' in Object Data Properties
ERROR (bke.modifier): ./source/blender/blenkernel/intern/modifier.cc:458 BKE_modifier_set_error: Object: "front cuirass row 2 bevelled lamellar plate 01", Modifier: "weighted normals", Enable 'Auto Smooth' in Object Data Properties
ERROR (bke.modifier): ./source/blender/blenkernel/intern/modifier.cc:458 BKE_modifier_set_error: Object: "rear cuirass row 2 bevelled lamellar plate 01", Modifier: "weighted normals", Enable 'Auto Smooth' in Object Data Properties
ERROR (bke.modifier): ./source/blender/blenkernel/intern/modifier.cc:458 BKE_modifier_set_error: Object: "front cuirass row 2 bevelled lamellar plate 07", Modifier: "weighted normals", Enable 'Auto Smooth' in Object Data Properties
ERROR (bke.modifier): ./source/blender/blenkernel/intern/modifier.cc:458 BKE_modifier_set_error: Object: "front cuirass row 2 bevelled lamellar plate 06", Modifier: "weighted normals", Enable 'Auto Smooth' in Object Data Properties
ERROR (bke.modifier): ./source/blender/blenkernel/intern/modifier.cc:458 BKE_modifier_set_error: Object: "front cuirass row 2 bevelled lamellar plate 05", Modifier: "weighted normals", Enable 'Auto Smooth' in Object Data Properties
ERROR (bke.modifier): ./source/blender/blenkernel/intern/modifier.cc:458 BKE_modifier_set_error: Object: "front cuirass row 2 bevelled lamellar plate 02", Modifier: "weighted normals", Enable 'Auto Smooth' in Object Data Properties
ERROR (bke.modifier): ./source/blender/blenkernel/intern/modifier.cc:458 BKE_modifier_set_error: Object: "rear cuirass row 2 bevelled lamellar plate 02", Modifier: "weighted normals", Enable 'Auto Smooth' in Object Data Properties
ERROR (bke.modifier): ./source/blender/blenkernel/intern/modifier.cc:458 BKE_modifier_set_error: Object: "front cuirass row 2 bevelled lamellar plate 08", Modifier: "weighted normals", Enable 'Auto Smooth' in Object Data Properties
ERROR (bke.modifier): ./source/blender/blenkernel/intern/modifier.cc:458 BKE_modifier_set_error: Object: "rear cuirass row 2 bevelled lamellar plate 04", Modifier: "weighted normals", Enable 'Auto Smooth' in Object Data Properties
ERROR (bke.modifier): ./source/blender/blenkernel/intern/modifier.cc:458 BKE_modifier_set_error: Object: "rear cuirass row 2 bevelled lamellar plate 03", Modifier: "weighted normals", Enable 'Auto Smooth' in Object Data Properties
ERROR (bke.modifier): ./source/blender/blenkernel/intern/modifier.cc:458 BKE_modifier_set_error: Object: "front cuirass row 2 bevelled lamellar plate 04", Modifier: "weighted normals", Enable 'Auto Smooth' in Object Data Properties
ERROR (bke.modifier): ./source/blender/blenkernel/intern/modifier.cc:458 BKE_modifier_set_error: Object: "front cuirass row 3 bevelled lamellar plate 01", Modifier: "weighted normals", Enable 'Auto Smooth' in Object Data Properties
ERROR (bke.modifier): ./source/blender/blenkernel/intern/modifier.cc:458 BKE_modifier_set_error: Object: "rear cuirass row 2 bevelled lamellar plate 06", Modifier: "weighted normals", Enable 'Auto Smooth' in Object Data Properties
ERROR (bke.modifier): ./source/blender/blenkernel/intern/modifier.cc:458 BKE_modifier_set_error: Object: "rear cuirass row 2 bevelled lamellar plate 05", Modifier: "weighted normals", Enable 'Auto Smooth' in Object Data Properties
ERROR (bke.modifier): ./source/blender/blenkernel/intern/modifier.cc:458 BKE_modifier_set_error: Object: "rear cuirass row 2 bevelled lamellar plate 08", Modifier: "weighted normals", Enable 'Auto Smooth' in Object Data Properties
ERROR (bke.modifier): ./source/blender/blenkernel/intern/modifier.cc:458 BKE_modifier_set_error: Object: "square tsuba guard", Modifier: "weighted normals", Enable 'Auto Smooth' in Object Data Properties
ERROR (bke.modifier): ./source/blender/blenkernel/intern/modifier.cc:458 BKE_modifier_set_error: Object: "rear cuirass row 2 bevelled lamellar plate 07", Modifier: "weighted normals", Enable 'Auto Smooth' in Object Data Properties
ERROR (bke.modifier): ./source/blender/blenkernel/intern/modifier.cc:458 BKE_modifier_set_error: Object: "front cuirass row 3 bevelled lamellar plate 02", Modifier: "weighted normals", Enable 'Auto Smooth' in Object Data Properties
ERROR (bke.modifier): ./source/blender/blenkernel/intern/modifier.cc:458 BKE_modifier_set_error: Object: "wrapped katana grip", Modifier: "weighted normals", Enable 'Auto Smooth' in Object Data Properties
ERROR (bke.modifier): ./source/blender/blenkernel/intern/modifier.cc:458 BKE_modifier_set_error: Object: "front cuirass row 3 bevelled lamellar plate 03", Modifier: "weighted normals", Enable 'Auto Smooth' in Object Data Properties
ERROR (bke.modifier): ./source/blender/blenkernel/intern/modifier.cc:458 BKE_modifier_set_error: Object: "front cuirass row 3 bevelled lamellar plate 04", Modifier: "weighted normals", Enable 'Auto Smooth' in Object Data Properties
ERROR (bke.modifier): ./source/blender/blenkernel/intern/modifier.cc:458 BKE_modifier_set_error: Object: "rear cuirass row 3 bevelled lamellar plate 04", Modifier: "weighted normals", Enable 'Auto Smooth' in Object Data Properties
ERROR (bke.modifier): ./source/blender/blenkernel/intern/modifier.cc:458 BKE_modifier_set_error: Object: "front cuirass row 3 bevelled lamellar plate 05", Modifier: "weighted normals", Enable 'Auto Smooth' in Object Data Properties
ERROR (bke.modifier): ./source/blender/blenkernel/intern/modifier.cc:458 BKE_modifier_set_error: Object: "front cuirass row 3 bevelled lamellar plate 07", Modifier: "weighted normals", Enable 'Auto Smooth' in Object Data Properties
ERROR (bke.modifier): ./source/blender/blenkernel/intern/modifier.cc:458 BKE_modifier_set_error: Object: "front cuirass row 3 bevelled lamellar plate 06", Modifier: "weighted normals", Enable 'Auto Smooth' in Object Data Properties
ERROR (bke.modifier): ./source/blender/blenkernel/intern/modifier.cc:458 BKE_modifier_set_error: Object: "rear cuirass row 3 bevelled lamellar plate 02", Modifier: "weighted normals", Enable 'Auto Smooth' in Object Data Properties
ERROR (bke.modifier): ./source/blender/blenkernel/intern/modifier.cc:458 BKE_modifier_set_error: Object: "rear cuirass row 3 bevelled lamellar plate 03", Modifier: "weighted normals", Enable 'Auto Smooth' in Object Data Properties
ERROR (bke.modifier): ./source/blender/blenkernel/intern/modifier.cc:458 BKE_modifier_set_error: Object: "front cuirass row 3 bevelled lamellar plate 08", Modifier: "weighted normals", Enable 'Auto Smooth' in Object Data Properties
ERROR (bke.modifier): ./source/blender/blenkernel/intern/modifier.cc:458 BKE_modifier_set_error: Object: "rear cuirass row 3 bevelled lamellar plate 01", Modifier: "weighted normals", Enable 'Auto Smooth' in Object Data Properties
ERROR (bke.modifier): ./source/blender/blenkernel/intern/modifier.cc:458 BKE_modifier_set_error: Object: "rear cuirass row 3 bevelled lamellar plate 06", Modifier: "weighted normals", Enable 'Auto Smooth' in Object Data Properties
ERROR (bke.modifier): ./source/blender/blenkernel/intern/modifier.cc:458 BKE_modifier_set_error: Object: "rear cuirass row 3 bevelled lamellar plate 05", Modifier: "weighted normals", Enable 'Auto Smooth' in Object Data Properties
ERROR (bke.modifier): ./source/blender/blenkernel/intern/modifier.cc:458 BKE_modifier_set_error: Object: "front cuirass row 4 bevelled lamellar plate 02", Modifier: "weighted normals", Enable 'Auto Smooth' in Object Data Properties
ERROR (bke.modifier): ./source/blender/blenkernel/intern/modifier.cc:458 BKE_modifier_set_error: Object: "front cuirass row 4 bevelled lamellar plate 04", Modifier: "weighted normals", Enable 'Auto Smooth' in Object Data Properties
ERROR (bke.modifier): ./source/blender/blenkernel/intern/modifier.cc:458 BKE_modifier_set_error: Object: "rear cuirass row 3 bevelled lamellar plate 07", Modifier: "weighted normals", Enable 'Auto Smooth' in Object Data Properties
ERROR (bke.modifier): ./source/blender/blenkernel/intern/modifier.cc:458 BKE_modifier_set_error: Object: "rear cuirass row 3 bevelled lamellar plate 08", Modifier: "weighted normals", Enable 'Auto Smooth' in Object Data Properties
ERROR (bke.modifier): ./source/blender/blenkernel/intern/modifier.cc:458 BKE_modifier_set_error: Object: "front cuirass row 4 bevelled lamellar plate 01", Modifier: "weighted normals", Enable 'Auto Smooth' in Object Data Properties
ERROR (bke.modifier): ./source/blender/blenkernel/intern/modifier.cc:458 BKE_modifier_set_error: Object: "front cuirass row 4 bevelled lamellar plate 03", Modifier: "weighted normals", Enable 'Auto Smooth' in Object Data Properties
ERROR (bke.modifier): ./source/blender/blenkernel/intern/modifier.cc:458 BKE_modifier_set_error: Object: "front cuirass row 4 bevelled lamellar plate 05", Modifier: "weighted normals", Enable 'Auto Smooth' in Object Data Properties
ERROR (bke.modifier): ./source/blender/blenkernel/intern/modifier.cc:458 BKE_modifier_set_error: Object: "rear cuirass row 4 bevelled lamellar plate 03", Modifier: "weighted normals", Enable 'Auto Smooth' in Object Data Properties
ERROR (bke.modifier): ./source/blender/blenkernel/intern/modifier.cc:458 BKE_modifier_set_error: Object: "front cuirass row 4 bevelled lamellar plate 08", Modifier: "weighted normals", Enable 'Auto Smooth' in Object Data Properties
ERROR (bke.modifier): ./source/blender/blenkernel/intern/modifier.cc:458 BKE_modifier_set_error: Object: "front cuirass row 4 bevelled lamellar plate 07", Modifier: "weighted normals", Enable 'Auto Smooth' in Object Data Properties
ERROR (bke.modifier): ./source/blender/blenkernel/intern/modifier.cc:458 BKE_modifier_set_error: Object: "front cuirass row 4 bevelled lamellar plate 06", Modifier: "weighted normals", Enable 'Auto Smooth' in Object Data Properties
ERROR (bke.modifier): ./source/blender/blenkernel/intern/modifier.cc:458 BKE_modifier_set_error: Object: "rear cuirass row 4 bevelled lamellar plate 05", Modifier: "weighted normals", Enable 'Auto Smooth' in Object Data Properties
ERROR (bke.modifier): ./source/blender/blenkernel/intern/modifier.cc:458 BKE_modifier_set_error: Object: "rear cuirass row 4 bevelled lamellar plate 04", Modifier: "weighted normals", Enable 'Auto Smooth' in Object Data Properties
ERROR (bke.modifier): ./source/blender/blenkernel/intern/modifier.cc:458 BKE_modifier_set_error: Object: "rear cuirass row 4 bevelled lamellar plate 01", Modifier: "weighted normals", Enable 'Auto Smooth' in Object Data Properties
ERROR (bke.modifier): ./source/blender/blenkernel/intern/modifier.cc:458 BKE_modifier_set_error: Object: "front cuirass row 5 bevelled lamellar plate 01", Modifier: "weighted normals", Enable 'Auto Smooth' in Object Data Properties
ERROR (bke.modifier): ./source/blender/blenkernel/intern/modifier.cc:458 BKE_modifier_set_error: Object: "rear cuirass row 4 bevelled lamellar plate 02", Modifier: "weighted normals", Enable 'Auto Smooth' in Object Data Properties
ERROR (bke.modifier): ./source/blender/blenkernel/intern/modifier.cc:458 BKE_modifier_set_error: Object: "rear cuirass row 4 bevelled lamellar plate 07", Modifier: "weighted normals", Enable 'Auto Smooth' in Object Data Properties
ERROR (bke.modifier): ./source/blender/blenkernel/intern/modifier.cc:458 BKE_modifier_set_error: Object: "front cuirass row 5 bevelled lamellar plate 03", Modifier: "weighted normals", Enable 'Auto Smooth' in Object Data Properties
ERROR (bke.modifier): ./source/blender/blenkernel/intern/modifier.cc:458 BKE_modifier_set_error: Object: "rear cuirass row 4 bevelled lamellar plate 08", Modifier: "weighted normals", Enable 'Auto Smooth' in Object Data Properties
ERROR (bke.modifier): ./source/blender/blenkernel/intern/modifier.cc:458 BKE_modifier_set_error: Object: "front cuirass row 5 bevelled lamellar plate 02", Modifier: "weighted normals", Enable 'Auto Smooth' in Object Data Properties
ERROR (bke.modifier): ./source/blender/blenkernel/intern/modifier.cc:458 BKE_modifier_set_error: Object: "front cuirass row 5 bevelled lamellar plate 04", Modifier: "weighted normals", Enable 'Auto Smooth' in Object Data Properties
ERROR (bke.modifier): ./source/blender/blenkernel/intern/modifier.cc:458 BKE_modifier_set_error: Object: "rear cuirass row 4 bevelled lamellar plate 06", Modifier: "weighted normals", Enable 'Auto Smooth' in Object Data Properties
ERROR (bke.modifier): ./source/blender/blenkernel/intern/modifier.cc:458 BKE_modifier_set_error: Object: "front cuirass row 5 bevelled lamellar plate 06", Modifier: "weighted normals", Enable 'Auto Smooth' in Object Data Properties
ERROR (bke.modifier): ./source/blender/blenkernel/intern/modifier.cc:458 BKE_modifier_set_error: Object: "front cuirass row 5 bevelled lamellar plate 05", Modifier: "weighted normals", Enable 'Auto Smooth' in Object Data Properties
ERROR (bke.modifier): ./source/blender/blenkernel/intern/modifier.cc:458 BKE_modifier_set_error: Object: "front cuirass row 5 bevelled lamellar plate 07", Modifier: "weighted normals", Enable 'Auto Smooth' in Object Data Properties
ERROR (bke.modifier): ./source/blender/blenkernel/intern/modifier.cc:458 BKE_modifier_set_error: Object: "right woven waraji sole grounded", Modifier: "weighted normals", Enable 'Auto Smooth' in Object Data Properties
ERROR (bke.modifier): ./source/blender/blenkernel/intern/modifier.cc:458 BKE_modifier_set_error: Object: "front cuirass row 5 bevelled lamellar plate 08", Modifier: "weighted normals", Enable 'Auto Smooth' in Object Data Properties
ERROR (bke.modifier): ./source/blender/blenkernel/intern/modifier.cc:458 BKE_modifier_set_error: Object: "right outer toe group", Modifier: "weighted normals", Enable 'Auto Smooth' in Object Data Properties
ERROR (bke.modifier): ./source/blender/blenkernel/intern/modifier.cc:458 BKE_modifier_set_error: Object: "left shoulder undercloth", Modifier: "weighted normals", Enable 'Auto Smooth' in Object Data Properties
ERROR (bke.modifier): ./source/blender/blenkernel/intern/modifier.cc:458 BKE_modifier_set_error: Object: "rear cuirass row 5 bevelled lamellar plate 01", Modifier: "weighted normals", Enable 'Auto Smooth' in Object Data Properties
ERROR (bke.modifier): ./source/blender/blenkernel/intern/modifier.cc:458 BKE_modifier_set_error: Object: "rear cuirass row 5 bevelled lamellar plate 03", Modifier: "weighted normals", Enable 'Auto Smooth' in Object Data Properties
ERROR (bke.modifier): ./source/blender/blenkernel/intern/modifier.cc:458 BKE_modifier_set_error: Object: "right separated big toe", Modifier: "weighted normals", Enable 'Auto Smooth' in Object Data Properties
ERROR (bke.modifier): ./source/blender/blenkernel/intern/modifier.cc:458 BKE_modifier_set_error: Object: "rear cuirass row 5 bevelled lamellar plate 08", Modifier: "weighted normals", Enable 'Auto Smooth' in Object Data Properties
ERROR (bke.modifier): ./source/blender/blenkernel/intern/modifier.cc:458 BKE_modifier_set_error: Object: "rear cuirass row 5 bevelled lamellar plate 06", Modifier: "weighted normals", Enable 'Auto Smooth' in Object Data Properties
ERROR (bke.modifier): ./source/blender/blenkernel/intern/modifier.cc:458 BKE_modifier_set_error: Object: "rear cuirass row 5 bevelled lamellar plate 04", Modifier: "weighted normals", Enable 'Auto Smooth' in Object Data Properties
ERROR (bke.modifier): ./source/blender/blenkernel/intern/modifier.cc:458 BKE_modifier_set_error: Object: "right split-toe tabi foot volume", Modifier: "weighted normals", Enable 'Auto Smooth' in Object Data Properties
ERROR (bke.modifier): ./source/blender/blenkernel/intern/modifier.cc:458 BKE_modifier_set_error: Object: "rear cuirass row 5 bevelled lamellar plate 02", Modifier: "weighted normals", Enable 'Auto Smooth' in Object Data Properties
ERROR (bke.modifier): ./source/blender/blenkernel/intern/modifier.cc:458 BKE_modifier_set_error: Object: "rear cuirass row 5 bevelled lamellar plate 05", Modifier: "weighted normals", Enable 'Auto Smooth' in Object Data Properties
ERROR (bke.modifier): ./source/blender/blenkernel/intern/modifier.cc:458 BKE_modifier_set_error: Object: "left armored upper arm", Modifier: "weighted normals", Enable 'Auto Smooth' in Object Data Properties
ERROR (bke.modifier): ./source/blender/blenkernel/intern/modifier.cc:458 BKE_modifier_set_error: Object: "right side cuirass plate 1", Modifier: "weighted normals", Enable 'Auto Smooth' in Object Data Properties
ERROR (bke.modifier): ./source/blender/blenkernel/intern/modifier.cc:458 BKE_modifier_set_error: Object: "left sode shoulder armor", Modifier: "weighted normals", Enable 'Auto Smooth' in Object Data Properties
ERROR (bke.modifier): ./source/blender/blenkernel/intern/modifier.cc:458 BKE_modifier_set_error: Object: "left side cuirass plate 2", Modifier: "weighted normals", Enable 'Auto Smooth' in Object Data Properties
ERROR (bke.modifier): ./source/blender/blenkernel/intern/modifier.cc:458 BKE_modifier_set_error: Object: "left side cuirass plate 1", Modifier: "weighted normals", Enable 'Auto Smooth' in Object Data Properties
ERROR (bke.modifier): ./source/blender/blenkernel/intern/modifier.cc:458 BKE_modifier_set_error: Object: "rear cuirass row 5 bevelled lamellar plate 07", Modifier: "weighted normals", Enable 'Auto Smooth' in Object Data Properties
ERROR (bke.modifier): ./source/blender/blenkernel/intern/modifier.cc:458 BKE_modifier_set_error: Object: "right shin greave", Modifier: "weighted normals", Enable 'Auto Smooth' in Object Data Properties
ERROR (bke.modifier): ./source/blender/blenkernel/intern/modifier.cc:458 BKE_modifier_set_error: Object: "left leather palm volume", Modifier: "weighted normals", Enable 'Auto Smooth' in Object Data Properties
ERROR (bke.modifier): ./source/blender/blenkernel/intern/modifier.cc:458 BKE_modifier_set_error: Object: "left side cuirass plate 3", Modifier: "weighted normals", Enable 'Auto Smooth' in Object Data Properties
ERROR (bke.modifier): ./source/blender/blenkernel/intern/modifier.cc:458 BKE_modifier_set_error: Object: "left index fingertip", Modifier: "weighted normals", Enable 'Auto Smooth' in Object Data Properties
ERROR (bke.modifier): ./source/blender/blenkernel/intern/modifier.cc:458 BKE_modifier_set_error: Object: "left middle fingertip", Modifier: "weighted normals", Enable 'Auto Smooth' in Object Data Properties
ERROR (bke.modifier): ./source/blender/blenkernel/intern/modifier.cc:458 BKE_modifier_set_error: Object: "left kote forearm guard", Modifier: "weighted normals", Enable 'Auto Smooth' in Object Data Properties
ERROR (bke.modifier): ./source/blender/blenkernel/intern/modifier.cc:458 BKE_modifier_set_error: Object: "right side cuirass plate 2", Modifier: "weighted normals", Enable 'Auto Smooth' in Object Data Properties
ERROR (bke.modifier): ./source/blender/blenkernel/intern/modifier.cc:458 BKE_modifier_set_error: Object: "left ring fingertip", Modifier: "weighted normals", Enable 'Auto Smooth' in Object Data Properties
ERROR (bke.modifier): ./source/blender/blenkernel/intern/modifier.cc:458 BKE_modifier_set_error: Object: "right side cuirass plate 3", Modifier: "weighted normals", Enable 'Auto Smooth' in Object Data Properties
ERROR (bke.modifier): ./source/blender/blenkernel/intern/modifier.cc:458 BKE_modifier_set_error: Object: "right hakama trouser leg", Modifier: "weighted normals", Enable 'Auto Smooth' in Object Data Properties
ERROR (bke.modifier): ./source/blender/blenkernel/intern/modifier.cc:458 BKE_modifier_set_error: Object: "left pinky fingertip", Modifier: "weighted normals", Enable 'Auto Smooth' in Object Data Properties
ERROR (bke.modifier): ./source/blender/blenkernel/intern/modifier.cc:458 BKE_modifier_set_error: Object: "left thumb fingertip", Modifier: "weighted normals", Enable 'Auto Smooth' in Object Data Properties
ERROR (bke.modifier): ./source/blender/blenkernel/intern/modifier.cc:458 BKE_modifier_set_error: Object: "right shoulder undercloth", Modifier: "weighted normals", Enable 'Auto Smooth' in Object Data Properties
ERROR (bke.modifier): ./source/blender/blenkernel/intern/modifier.cc:458 BKE_modifier_set_error: Object: "right armored upper arm", Modifier: "weighted normals", Enable 'Auto Smooth' in Object Data Properties
ERROR (bke.modifier): ./source/blender/blenkernel/intern/modifier.cc:458 BKE_modifier_set_error: Object: "right sode shoulder armor", Modifier: "weighted normals", Enable 'Auto Smooth' in Object Data Properties
ERROR (bke.modifier): ./source/blender/blenkernel/intern/modifier.cc:458 BKE_modifier_set_error: Object: "right index fingertip", Modifier: "weighted normals", Enable 'Auto Smooth' in Object Data Properties
ERROR (bke.modifier): ./source/blender/blenkernel/intern/modifier.cc:458 BKE_modifier_set_error: Object: "right kote forearm guard", Modifier: "weighted normals", Enable 'Auto Smooth' in Object Data Properties
ERROR (bke.modifier): ./source/blender/blenkernel/intern/modifier.cc:458 BKE_modifier_set_error: Object: "right leather palm volume", Modifier: "weighted normals", Enable 'Auto Smooth' in Object Data Properties
ERROR (bke.modifier): ./source/blender/blenkernel/intern/modifier.cc:458 BKE_modifier_set_error: Object: "left hanging sode shoulder plate 3", Modifier: "weighted normals", Enable 'Auto Smooth' in Object Data Properties
ERROR (bke.modifier): ./source/blender/blenkernel/intern/modifier.cc:458 BKE_modifier_set_error: Object: "right middle fingertip", Modifier: "weighted normals", Enable 'Auto Smooth' in Object Data Properties
ERROR (bke.modifier): ./source/blender/blenkernel/intern/modifier.cc:458 BKE_modifier_set_error: Object: "left hanging sode shoulder plate 1", Modifier: "weighted normals", Enable 'Auto Smooth' in Object Data Properties
ERROR (bke.modifier): ./source/blender/blenkernel/intern/modifier.cc:458 BKE_modifier_set_error: Object: "right pinky fingertip", Modifier: "weighted normals", Enable 'Auto Smooth' in Object Data Properties
ERROR (bke.modifier): ./source/blender/blenkernel/intern/modifier.cc:458 BKE_modifier_set_error: Object: "right ring fingertip", Modifier: "weighted normals", Enable 'Auto Smooth' in Object Data Properties
ERROR (bke.modifier): ./source/blender/blenkernel/intern/modifier.cc:458 BKE_modifier_set_error: Object: "right thumb fingertip", Modifier: "weighted normals", Enable 'Auto Smooth' in Object Data Properties
ERROR (bke.modifier): ./source/blender/blenkernel/intern/modifier.cc:458 BKE_modifier_set_error: Object: "left hanging sode shoulder plate 4", Modifier: "weighted normals", Enable 'Auto Smooth' in Object Data Properties
ERROR (bke.modifier): ./source/blender/blenkernel/intern/modifier.cc:458 BKE_modifier_set_error: Object: "left hanging sode shoulder plate 2", Modifier: "weighted normals", Enable 'Auto Smooth' in Object Data Properties
ERROR (bke.modifier): ./source/blender/blenkernel/intern/modifier.cc:458 BKE_modifier_set_error: Object: "right hanging sode shoulder plate 3", Modifier: "weighted normals", Enable 'Auto Smooth' in Object Data Properties
ERROR (bke.modifier): ./source/blender/blenkernel/intern/modifier.cc:458 BKE_modifier_set_error: Object: "kusazuri skirt plate -1 row 2", Modifier: "weighted normals", Enable 'Auto Smooth' in Object Data Properties
ERROR (bke.modifier): ./source/blender/blenkernel/intern/modifier.cc:458 BKE_modifier_set_error: Object: "right hanging sode shoulder plate 1", Modifier: "weighted normals", Enable 'Auto Smooth' in Object Data Properties
ERROR (bke.modifier): ./source/blender/blenkernel/intern/modifier.cc:458 BKE_modifier_set_error: Object: "right hanging sode shoulder plate 2", Modifier: "weighted normals", Enable 'Auto Smooth' in Object Data Properties
ERROR (bke.modifier): ./source/blender/blenkernel/intern/modifier.cc:458 BKE_modifier_set_error: Object: "right hanging sode shoulder plate 4", Modifier: "weighted normals", Enable 'Auto Smooth' in Object Data Properties
ERROR (bke.modifier): ./source/blender/blenkernel/intern/modifier.cc:458 BKE_modifier_set_error: Object: "kusazuri skirt plate +0 row 1", Modifier: "weighted normals", Enable 'Auto Smooth' in Object Data Properties
ERROR (bke.modifier): ./source/blender/blenkernel/intern/modifier.cc:458 BKE_modifier_set_error: Object: "kusazuri skirt plate -1 row 3", Modifier: "weighted normals", Enable 'Auto Smooth' in Object Data Properties
ERROR (bke.modifier): ./source/blender/blenkernel/intern/modifier.cc:458 BKE_modifier_set_error: Object: "rear kusazuri skirt plate -1 row 3", Modifier: "weighted normals", Enable 'Auto Smooth' in Object Data Properties
ERROR (bke.modifier): ./source/blender/blenkernel/intern/modifier.cc:458 BKE_modifier_set_error: Object: "rear kusazuri skirt plate +0 row 1", Modifier: "weighted normals", Enable 'Auto Smooth' in Object Data Properties
ERROR (bke.modifier): ./source/blender/blenkernel/intern/modifier.cc:458 BKE_modifier_set_error: Object: "kusazuri skirt plate -1 row 1", Modifier: "weighted normals", Enable 'Auto Smooth' in Object Data Properties
ERROR (bke.modifier): ./source/blender/blenkernel/intern/modifier.cc:458 BKE_modifier_set_error: Object: "rear kusazuri skirt plate -1 row 2", Modifier: "weighted normals", Enable 'Auto Smooth' in Object Data Properties
ERROR (bke.modifier): ./source/blender/blenkernel/intern/modifier.cc:458 BKE_modifier_set_error: Object: "left hakama trouser leg", Modifier: "weighted normals", Enable 'Auto Smooth' in Object Data Properties
ERROR (bke.modifier): ./source/blender/blenkernel/intern/modifier.cc:458 BKE_modifier_set_error: Object: "rear kusazuri skirt plate -1 row 1", Modifier: "weighted normals", Enable 'Auto Smooth' in Object Data Properties
ERROR (bke.modifier): ./source/blender/blenkernel/intern/modifier.cc:458 BKE_modifier_set_error: Object: "left split-toe tabi foot volume", Modifier: "weighted normals", Enable 'Auto Smooth' in Object Data Properties
ERROR (bke.modifier): ./source/blender/blenkernel/intern/modifier.cc:458 BKE_modifier_set_error: Object: "left shin greave", Modifier: "weighted normals", Enable 'Auto Smooth' in Object Data Properties
ERROR (bke.modifier): ./source/blender/blenkernel/intern/modifier.cc:458 BKE_modifier_set_error: Object: "left separated big toe", Modifier: "weighted normals", Enable 'Auto Smooth' in Object Data Properties
ERROR (bke.modifier): ./source/blender/blenkernel/intern/modifier.cc:458 BKE_modifier_set_error: Object: "rear kusazuri skirt plate +0 row 3", Modifier: "weighted normals", Enable 'Auto Smooth' in Object Data Properties
ERROR (bke.modifier): ./source/blender/blenkernel/intern/modifier.cc:458 BKE_modifier_set_error: Object: "kusazuri skirt plate +0 row 3", Modifier: "weighted normals", Enable 'Auto Smooth' in Object Data Properties
ERROR (bke.modifier): ./source/blender/blenkernel/intern/modifier.cc:458 BKE_modifier_set_error: Object: "left outer toe group", Modifier: "weighted normals", Enable 'Auto Smooth' in Object Data Properties
ERROR (bke.modifier): ./source/blender/blenkernel/intern/modifier.cc:458 BKE_modifier_set_error: Object: "left woven waraji sole grounded", Modifier: "weighted normals", Enable 'Auto Smooth' in Object Data Properties
ERROR (bke.modifier): ./source/blender/blenkernel/intern/modifier.cc:458 BKE_modifier_set_error: Object: "kusazuri skirt plate +0 row 2", Modifier: "weighted normals", Enable 'Auto Smooth' in Object Data Properties
ERROR (bke.modifier): ./source/blender/blenkernel/intern/modifier.cc:458 BKE_modifier_set_error: Object: "rear kusazuri skirt plate +0 row 2", Modifier: "weighted normals", Enable 'Auto Smooth' in Object Data Properties
ERROR (bke.modifier): ./source/blender/blenkernel/intern/modifier.cc:458 BKE_modifier_set_error: Object: "kusazuri skirt plate +1 row 1", Modifier: "weighted normals", Enable 'Auto Smooth' in Object Data Properties
ERROR (bke.modifier): ./source/blender/blenkernel/intern/modifier.cc:458 BKE_modifier_set_error: Object: "rear kusazuri skirt plate +1 row 1", Modifier: "weighted normals", Enable 'Auto Smooth' in Object Data Properties
ERROR (bke.modifier): ./source/blender/blenkernel/intern/modifier.cc:458 BKE_modifier_set_error: Object: "kusazuri skirt plate +1 row 3", Modifier: "weighted normals", Enable 'Auto Smooth' in Object Data Properties
ERROR (bke.modifier): ./source/blender/blenkernel/intern/modifier.cc:458 BKE_modifier_set_error: Object: "kusazuri skirt plate +1 row 2", Modifier: "weighted normals", Enable 'Auto Smooth' in Object Data Properties
ERROR (bke.modifier): ./source/blender/blenkernel/intern/modifier.cc:458 BKE_modifier_set_error: Object: "rear kusazuri skirt plate +1 row 2", Modifier: "weighted normals", Enable 'Auto Smooth' in Object Data Properties
ERROR (bke.modifier): ./source/blender/blenkernel/intern/modifier.cc:458 BKE_modifier_set_error: Object: "rear kusazuri skirt plate +1 row 3", Modifier: "weighted normals", Enable 'Auto Smooth' in Object Data Properties
Fra:1 Mem:47.25M (Peak 47.27M) | Time:00:00.06 | Syncing matte charcoal inspection plinth
Fra:1 Mem:47.26M (Peak 47.31M) | Time:00:00.06 | Syncing ribcage under-kimono volume
Fra:1 Mem:47.35M (Peak 47.35M) | Time:00:00.06 | Syncing narrow waist under-kimono volume
Fra:1 Mem:47.42M (Peak 47.42M) | Time:00:00.06 | Syncing visible human head behind mempo
Fra:1 Mem:47.51M (Peak 47.51M) | Time:00:00.06 | Syncing thin exposed neck
Fra:1 Mem:47.52M (Peak 47.53M) | Time:00:00.06 | Syncing neck guard collar
Fra:1 Mem:47.54M (Peak 47.58M) | Time:00:00.06 | Syncing segmented kabuto helmet bowl
Fra:1 Mem:47.71M (Peak 47.71M) | Time:00:00.06 | Syncing wide kabuto brim
Fra:1 Mem:47.73M (Peak 47.73M) | Time:00:00.06 | Syncing layered rear shikoro neck guard
Fra:1 Mem:47.75M (Peak 47.75M) | Time:00:00.06 | Syncing left side helmet flange
Fra:1 Mem:47.76M (Peak 47.76M) | Time:00:00.06 | Syncing right side helmet flange
Fra:1 Mem:47.77M (Peak 47.77M) | Time:00:00.06 | Syncing golden maedate crescent crest
Fra:1 Mem:47.79M (Peak 47.84M) | Time:00:00.06 | Syncing crest central rivet
Fra:1 Mem:47.80M (Peak 47.84M) | Time:00:00.06 | Syncing left angular mempo cheek plate
Fra:1 Mem:47.82M (Peak 47.86M) | Time:00:00.06 | Syncing right angular mempo cheek plate
Fra:1 Mem:47.84M (Peak 47.86M) | Time:00:00.06 | Syncing mempo chin guard
Fra:1 Mem:47.86M (Peak 47.86M) | Time:00:00.06 | Syncing mempo nose ridge
Fra:1 Mem:47.87M (Peak 47.87M) | Time:00:00.06 | Syncing left narrow eye slit
Fra:1 Mem:47.89M (Peak 47.89M) | Time:00:00.06 | Syncing right narrow eye slit
Fra:1 Mem:47.90M (Peak 47.90M) | Time:00:00.06 | Syncing mempo grim mouth slit
Fra:1 Mem:47.91M (Peak 47.91M) | Time:00:00.06 | Syncing left mask moustache bristle
Fra:1 Mem:47.92M (Peak 47.92M) | Time:00:00.06 | Syncing right mask moustache bristle
Fra:1 Mem:47.93M (Peak 47.93M) | Time:00:00.06 | Syncing throat guard row 1 bevelled lamel
Fra:1 Mem:47.95M (Peak 47.95M) | Time:00:00.06 | Syncing throat guard row 1 bevelled lamel
Fra:1 Mem:47.97M (Peak 47.97M) | Time:00:00.06 | Syncing throat guard row 1 bevelled lamel
Fra:1 Mem:47.99M (Peak 47.99M) | Time:00:00.06 | Syncing throat guard row 1 bevelled lamel
Fra:1 Mem:48.01M (Peak 48.01M) | Time:00:00.06 | Syncing throat guard row 1 bevelled lamel
Fra:1 Mem:48.02M (Peak 48.02M) | Time:00:00.06 | Syncing throat guard row 2 bevelled lamel
Fra:1 Mem:48.04M (Peak 48.04M) | Time:00:00.06 | Syncing throat guard row 2 bevelled lamel
Fra:1 Mem:48.06M (Peak 48.06M) | Time:00:00.06 | Syncing throat guard row 2 bevelled lamel
Fra:1 Mem:48.08M (Peak 48.08M) | Time:00:00.06 | Syncing throat guard row 2 bevelled lamel
Fra:1 Mem:48.10M (Peak 48.10M) | Time:00:00.06 | Syncing throat guard row 2 bevelled lamel
Fra:1 Mem:48.12M (Peak 48.12M) | Time:00:00.06 | Syncing throat guard row 3 bevelled lamel
Fra:1 Mem:48.14M (Peak 48.14M) | Time:00:00.06 | Syncing throat guard row 3 bevelled lamel
Fra:1 Mem:48.16M (Peak 48.16M) | Time:00:00.06 | Syncing throat guard row 3 bevelled lamel
Fra:1 Mem:48.18M (Peak 48.18M) | Time:00:00.06 | Syncing throat guard row 3 bevelled lamel
Fra:1 Mem:48.20M (Peak 48.20M) | Time:00:00.06 | Syncing throat guard row 3 bevelled lamel
Fra:1 Mem:48.22M (Peak 48.22M) | Time:00:00.06 | Syncing upper do cuirass fitted shell
Fra:1 Mem:48.32M (Peak 48.32M) | Time:00:00.06 | Syncing lower do cuirass narrowed shell
Fra:1 Mem:48.40M (Peak 48.40M) | Time:00:00.06 | Syncing front cuirass row 1 bevelled lame
Fra:1 Mem:48.42M (Peak 48.42M) | Time:00:00.06 | Syncing front cuirass row 1 bevelled lame
Fra:1 Mem:48.44M (Peak 48.44M) | Time:00:00.06 | Syncing front cuirass row 1 bevelled lame
Fra:1 Mem:48.46M (Peak 48.46M) | Time:00:00.06 | Syncing front cuirass row 1 bevelled lame
Fra:1 Mem:48.48M (Peak 48.48M) | Time:00:00.06 | Syncing front cuirass row 1 bevelled lame
Fra:1 Mem:48.50M (Peak 48.50M) | Time:00:00.06 | Syncing front cuirass row 1 bevelled lame
Fra:1 Mem:48.52M (Peak 48.52M) | Time:00:00.06 | Syncing front cuirass row 1 bevelled lame
Fra:1 Mem:48.54M (Peak 48.54M) | Time:00:00.06 | Syncing front cuirass row 1 bevelled lame
Fra:1 Mem:48.56M (Peak 48.56M) | Time:00:00.06 | Syncing rear cuirass row 1 bevelled lamel
Fra:1 Mem:48.58M (Peak 48.58M) | Time:00:00.06 | Syncing rear cuirass row 1 bevelled lamel
Fra:1 Mem:48.60M (Peak 48.60M) | Time:00:00.06 | Syncing rear cuirass row 1 bevelled lamel
Fra:1 Mem:48.62M (Peak 48.62M) | Time:00:00.06 | Syncing rear cuirass row 1 bevelled lamel
Fra:1 Mem:48.63M (Peak 48.63M) | Time:00:00.06 | Syncing rear cuirass row 1 bevelled lamel
Fra:1 Mem:48.65M (Peak 48.65M) | Time:00:00.06 | Syncing rear cuirass row 1 bevelled lamel
Fra:1 Mem:48.67M (Peak 48.67M) | Time:00:00.06 | Syncing rear cuirass row 1 bevelled lamel
Fra:1 Mem:48.69M (Peak 48.69M) | Time:00:00.06 | Syncing rear cuirass row 1 bevelled lamel
Fra:1 Mem:48.71M (Peak 48.71M) | Time:00:00.06 | Syncing front cuirass row 2 bevelled lame
Fra:1 Mem:48.73M (Peak 48.73M) | Time:00:00.06 | Syncing front cuirass row 2 bevelled lame
Fra:1 Mem:48.75M (Peak 48.75M) | Time:00:00.07 | Syncing front cuirass row 2 bevelled lame
Fra:1 Mem:48.77M (Peak 48.77M) | Time:00:00.07 | Syncing front cuirass row 2 bevelled lame
Fra:1 Mem:48.79M (Peak 48.79M) | Time:00:00.07 | Syncing front cuirass row 2 bevelled lame
Fra:1 Mem:48.81M (Peak 48.81M) | Time:00:00.07 | Syncing front cuirass row 2 bevelled lame
Fra:1 Mem:48.83M (Peak 48.83M) | Time:00:00.07 | Syncing front cuirass row 2 bevelled lame
Fra:1 Mem:48.85M (Peak 48.85M) | Time:00:00.07 | Syncing front cuirass row 2 bevelled lame
Fra:1 Mem:48.87M (Peak 48.87M) | Time:00:00.07 | Syncing rear cuirass row 2 bevelled lamel
Fra:1 Mem:48.89M (Peak 48.89M) | Time:00:00.07 | Syncing rear cuirass row 2 bevelled lamel
Fra:1 Mem:48.91M (Peak 48.91M) | Time:00:00.07 | Syncing rear cuirass row 2 bevelled lamel
Fra:1 Mem:48.93M (Peak 48.93M) | Time:00:00.07 | Syncing rear cuirass row 2 bevelled lamel
Fra:1 Mem:48.95M (Peak 48.95M) | Time:00:00.07 | Syncing rear cuirass row 2 bevelled lamel
Fra:1 Mem:48.96M (Peak 48.96M) | Time:00:00.07 | Syncing rear cuirass row 2 bevelled lamel
Fra:1 Mem:48.98M (Peak 48.98M) | Time:00:00.07 | Syncing rear cuirass row 2 bevelled lamel
Fra:1 Mem:49.00M (Peak 49.00M) | Time:00:00.07 | Syncing rear cuirass row 2 bevelled lamel
Fra:1 Mem:49.02M (Peak 49.02M) | Time:00:00.07 | Syncing front cuirass row 3 bevelled lame
Fra:1 Mem:49.04M (Peak 49.04M) | Time:00:00.07 | Syncing front cuirass row 3 bevelled lame
Fra:1 Mem:49.06M (Peak 49.06M) | Time:00:00.07 | Syncing front cuirass row 3 bevelled lame
Fra:1 Mem:49.08M (Peak 49.08M) | Time:00:00.07 | Syncing front cuirass row 3 bevelled lame
Fra:1 Mem:49.10M (Peak 49.10M) | Time:00:00.07 | Syncing front cuirass row 3 bevelled lame
Fra:1 Mem:49.12M (Peak 49.12M) | Time:00:00.07 | Syncing front cuirass row 3 bevelled lame
Fra:1 Mem:49.14M (Peak 49.14M) | Time:00:00.07 | Syncing front cuirass row 3 bevelled lame
Fra:1 Mem:49.16M (Peak 49.16M) | Time:00:00.07 | Syncing front cuirass row 3 bevelled lame
Fra:1 Mem:49.18M (Peak 49.18M) | Time:00:00.07 | Syncing rear cuirass row 3 bevelled lamel
Fra:1 Mem:49.20M (Peak 49.20M) | Time:00:00.07 | Syncing rear cuirass row 3 bevelled lamel
Fra:1 Mem:49.22M (Peak 49.22M) | Time:00:00.07 | Syncing rear cuirass row 3 bevelled lamel
Fra:1 Mem:49.23M (Peak 49.23M) | Time:00:00.07 | Syncing rear cuirass row 3 bevelled lamel
Fra:1 Mem:49.25M (Peak 49.25M) | Time:00:00.07 | Syncing rear cuirass row 3 bevelled lamel
Fra:1 Mem:49.27M (Peak 49.27M) | Time:00:00.07 | Syncing rear cuirass row 3 bevelled lamel
Fra:1 Mem:49.29M (Peak 49.29M) | Time:00:00.07 | Syncing rear cuirass row 3 bevelled lamel
Fra:1 Mem:49.31M (Peak 49.31M) | Time:00:00.07 | Syncing rear cuirass row 3 bevelled lamel
Fra:1 Mem:49.33M (Peak 49.33M) | Time:00:00.07 | Syncing front cuirass row 4 bevelled lame
Fra:1 Mem:49.35M (Peak 49.35M) | Time:00:00.07 | Syncing front cuirass row 4 bevelled lame
Fra:1 Mem:49.37M (Peak 49.37M) | Time:00:00.07 | Syncing front cuirass row 4 bevelled lame
Fra:1 Mem:49.39M (Peak 49.39M) | Time:00:00.07 | Syncing front cuirass row 4 bevelled lame
Fra:1 Mem:49.41M (Peak 49.41M) | Time:00:00.07 | Syncing front cuirass row 4 bevelled lame
Fra:1 Mem:49.43M (Peak 49.43M) | Time:00:00.07 | Syncing front cuirass row 4 bevelled lame
Fra:1 Mem:49.45M (Peak 49.45M) | Time:00:00.07 | Syncing front cuirass row 4 bevelled lame
Fra:1 Mem:49.47M (Peak 49.47M) | Time:00:00.07 | Syncing front cuirass row 4 bevelled lame
Fra:1 Mem:49.49M (Peak 49.49M) | Time:00:00.07 | Syncing rear cuirass row 4 bevelled lamel
Fra:1 Mem:49.50M (Peak 49.50M) | Time:00:00.07 | Syncing rear cuirass row 4 bevelled lamel
Fra:1 Mem:49.52M (Peak 49.52M) | Time:00:00.07 | Syncing rear cuirass row 4 bevelled lamel
Fra:1 Mem:49.54M (Peak 49.54M) | Time:00:00.07 | Syncing rear cuirass row 4 bevelled lamel
Fra:1 Mem:49.56M (Peak 49.56M) | Time:00:00.07 | Syncing rear cuirass row 4 bevelled lamel
Fra:1 Mem:49.58M (Peak 49.58M) | Time:00:00.07 | Syncing rear cuirass row 4 bevelled lamel
Fra:1 Mem:49.60M (Peak 49.60M) | Time:00:00.07 | Syncing rear cuirass row 4 bevelled lamel
Fra:1 Mem:49.62M (Peak 49.62M) | Time:00:00.07 | Syncing rear cuirass row 4 bevelled lamel
Fra:1 Mem:49.64M (Peak 49.64M) | Time:00:00.07 | Syncing front cuirass row 5 bevelled lame
Fra:1 Mem:49.66M (Peak 49.66M) | Time:00:00.07 | Syncing front cuirass row 5 bevelled lame
Fra:1 Mem:49.68M (Peak 49.68M) | Time:00:00.07 | Syncing front cuirass row 5 bevelled lame
Fra:1 Mem:49.70M (Peak 49.70M) | Time:00:00.07 | Syncing front cuirass row 5 bevelled lame
Fra:1 Mem:49.72M (Peak 49.72M) | Time:00:00.07 | Syncing front cuirass row 5 bevelled lame
Fra:1 Mem:49.74M (Peak 49.74M) | Time:00:00.07 | Syncing front cuirass row 5 bevelled lame
Fra:1 Mem:49.76M (Peak 49.76M) | Time:00:00.07 | Syncing front cuirass row 5 bevelled lame
Fra:1 Mem:49.78M (Peak 49.78M) | Time:00:00.07 | Syncing front cuirass row 5 bevelled lame
Fra:1 Mem:49.79M (Peak 49.79M) | Time:00:00.07 | Syncing rear cuirass row 5 bevelled lamel
Fra:1 Mem:49.81M (Peak 49.81M) | Time:00:00.07 | Syncing rear cuirass row 5 bevelled lamel
Fra:1 Mem:49.83M (Peak 49.83M) | Time:00:00.07 | Syncing rear cuirass row 5 bevelled lamel
Fra:1 Mem:49.85M (Peak 49.85M) | Time:00:00.07 | Syncing rear cuirass row 5 bevelled lamel
Fra:1 Mem:49.87M (Peak 49.87M) | Time:00:00.07 | Syncing rear cuirass row 5 bevelled lamel
Fra:1 Mem:49.89M (Peak 49.89M) | Time:00:00.07 | Syncing rear cuirass row 5 bevelled lamel
Fra:1 Mem:49.91M (Peak 49.91M) | Time:00:00.08 | Syncing rear cuirass row 5 bevelled lamel
Fra:1 Mem:49.93M (Peak 49.93M) | Time:00:00.08 | Syncing rear cuirass row 5 bevelled lamel
Fra:1 Mem:49.95M (Peak 49.95M) | Time:00:00.08 | Syncing left side cuirass plate 1
Fra:1 Mem:49.96M (Peak 49.96M) | Time:00:00.08 | Syncing left side cuirass plate 2
Fra:1 Mem:49.98M (Peak 49.98M) | Time:00:00.08 | Syncing left side cuirass plate 3
Fra:1 Mem:49.99M (Peak 49.99M) | Time:00:00.08 | Syncing right side cuirass plate 1
Fra:1 Mem:50.00M (Peak 50.00M) | Time:00:00.08 | Syncing right side cuirass plate 2
Fra:1 Mem:50.02M (Peak 50.02M) | Time:00:00.08 | Syncing right side cuirass plate 3
Fra:1 Mem:50.03M (Peak 50.03M) | Time:00:00.08 | Syncing left shoulder undercloth
Fra:1 Mem:50.09M (Peak 50.09M) | Time:00:00.08 | Syncing left hanging sode shoulder plate 
Fra:1 Mem:50.11M (Peak 50.11M) | Time:00:00.08 | Syncing left hanging sode shoulder plate 
Fra:1 Mem:50.13M (Peak 50.13M) | Time:00:00.08 | Syncing left hanging sode shoulder plate 
Fra:1 Mem:50.15M (Peak 50.15M) | Time:00:00.08 | Syncing left hanging sode shoulder plate 
Fra:1 Mem:50.17M (Peak 50.17M) | Time:00:00.08 | Syncing left armored upper arm
Fra:1 Mem:50.22M (Peak 50.22M) | Time:00:00.08 | Syncing left sode shoulder armor
Fra:1 Mem:50.27M (Peak 50.27M) | Time:00:00.08 | Syncing left kote forearm guard
Fra:1 Mem:50.32M (Peak 50.32M) | Time:00:00.08 | Syncing left leather palm volume
Fra:1 Mem:50.36M (Peak 50.38M) | Time:00:00.08 | Syncing left articulated index finger
Fra:1 Mem:50.37M (Peak 50.38M) | Time:00:00.08 | Syncing left index fingertip
Fra:1 Mem:50.38M (Peak 50.38M) | Time:00:00.08 | Syncing left articulated middle finger
Fra:1 Mem:50.39M (Peak 50.39M) | Time:00:00.08 | Syncing left middle fingertip
Fra:1 Mem:50.40M (Peak 50.40M) | Time:00:00.08 | Syncing left articulated ring finger
Fra:1 Mem:50.41M (Peak 50.41M) | Time:00:00.08 | Syncing left ring fingertip
Fra:1 Mem:50.42M (Peak 50.42M) | Time:00:00.08 | Syncing left articulated pinky finger
Fra:1 Mem:50.43M (Peak 50.43M) | Time:00:00.08 | Syncing left pinky fingertip
Fra:1 Mem:50.44M (Peak 50.44M) | Time:00:00.08 | Syncing left opposed thumb
Fra:1 Mem:50.45M (Peak 50.45M) | Time:00:00.08 | Syncing left thumb fingertip
Fra:1 Mem:50.47M (Peak 50.47M) | Time:00:00.08 | Syncing right shoulder undercloth
Fra:1 Mem:50.52M (Peak 50.52M) | Time:00:00.08 | Syncing right hanging sode shoulder plate
Fra:1 Mem:50.54M (Peak 50.54M) | Time:00:00.08 | Syncing right hanging sode shoulder plate
Fra:1 Mem:50.56M (Peak 50.56M) | Time:00:00.08 | Syncing right hanging sode shoulder plate
Fra:1 Mem:50.58M (Peak 50.58M) | Time:00:00.08 | Syncing right hanging sode shoulder plate
Fra:1 Mem:50.60M (Peak 50.60M) | Time:00:00.08 | Syncing right armored upper arm
Fra:1 Mem:50.66M (Peak 50.66M) | Time:00:00.08 | Syncing right sode shoulder armor
Fra:1 Mem:50.70M (Peak 50.70M) | Time:00:00.08 | Syncing right kote forearm guard
Fra:1 Mem:50.75M (Peak 50.75M) | Time:00:00.08 | Syncing right leather palm volume
Fra:1 Mem:50.79M (Peak 50.79M) | Time:00:00.08 | Syncing right articulated index finger
Fra:1 Mem:50.80M (Peak 50.80M) | Time:00:00.08 | Syncing right index fingertip
Fra:1 Mem:50.81M (Peak 50.81M) | Time:00:00.08 | Syncing right articulated middle finger
Fra:1 Mem:50.82M (Peak 50.82M) | Time:00:00.08 | Syncing right middle fingertip
Fra:1 Mem:50.83M (Peak 50.83M) | Time:00:00.08 | Syncing right articulated ring finger
Fra:1 Mem:50.84M (Peak 50.84M) | Time:00:00.08 | Syncing right ring fingertip
Fra:1 Mem:50.85M (Peak 50.85M) | Time:00:00.08 | Syncing right articulated pinky finger
Fra:1 Mem:50.86M (Peak 50.86M) | Time:00:00.08 | Syncing right pinky fingertip
Fra:1 Mem:50.87M (Peak 50.87M) | Time:00:00.08 | Syncing right opposed thumb
Fra:1 Mem:50.88M (Peak 50.88M) | Time:00:00.08 | Syncing right thumb fingertip
Fra:1 Mem:50.90M (Peak 50.90M) | Time:00:00.08 | Syncing kusazuri skirt plate -1 row 1
Fra:1 Mem:50.91M (Peak 50.91M) | Time:00:00.08 | Syncing rear kusazuri skirt plate -1 row 
Fra:1 Mem:50.93M (Peak 50.93M) | Time:00:00.08 | Syncing kusazuri skirt plate -1 row 2
Fra:1 Mem:50.94M (Peak 50.94M) | Time:00:00.08 | Syncing rear kusazuri skirt plate -1 row 
Fra:1 Mem:50.96M (Peak 50.96M) | Time:00:00.08 | Syncing kusazuri skirt plate -1 row 3
Fra:1 Mem:50.97M (Peak 50.97M) | Time:00:00.08 | Syncing rear kusazuri skirt plate -1 row 
Fra:1 Mem:50.98M (Peak 50.98M) | Time:00:00.08 | Syncing kusazuri skirt plate +0 row 1
Fra:1 Mem:51.00M (Peak 51.00M) | Time:00:00.08 | Syncing rear kusazuri skirt plate +0 row 
Fra:1 Mem:51.01M (Peak 51.01M) | Time:00:00.08 | Syncing kusazuri skirt plate +0 row 2
Fra:1 Mem:51.03M (Peak 51.03M) | Time:00:00.08 | Syncing rear kusazuri skirt plate +0 row 
Fra:1 Mem:51.04M (Peak 51.04M) | Time:00:00.08 | Syncing kusazuri skirt plate +0 row 3
Fra:1 Mem:51.05M (Peak 51.05M) | Time:00:00.08 | Syncing rear kusazuri skirt plate +0 row 
Fra:1 Mem:51.07M (Peak 51.07M) | Time:00:00.08 | Syncing kusazuri skirt plate +1 row 1
Fra:1 Mem:51.08M (Peak 51.08M) | Time:00:00.08 | Syncing rear kusazuri skirt plate +1 row 
Fra:1 Mem:51.10M (Peak 51.10M) | Time:00:00.08 | Syncing kusazuri skirt plate +1 row 2
Fra:1 Mem:51.11M (Peak 51.11M) | Time:00:00.08 | Syncing rear kusazuri skirt plate +1 row 
Fra:1 Mem:51.12M (Peak 51.12M) | Time:00:00.08 | Syncing kusazuri skirt plate +1 row 3
Fra:1 Mem:51.14M (Peak 51.14M) | Time:00:00.08 | Syncing rear kusazuri skirt plate +1 row 
Fra:1 Mem:51.15M (Peak 51.15M) | Time:00:00.08 | Syncing left hakama trouser leg
Fra:1 Mem:51.21M (Peak 51.21M) | Time:00:00.08 | Syncing left shin greave
Fra:1 Mem:51.26M (Peak 51.26M) | Time:00:00.08 | Syncing left split-toe tabi foot volume
Fra:1 Mem:51.31M (Peak 51.31M) | Time:00:00.08 | Syncing left separated big toe
Fra:1 Mem:51.33M (Peak 51.33M) | Time:00:00.08 | Syncing left outer toe group
Fra:1 Mem:51.35M (Peak 51.35M) | Time:00:00.08 | Syncing left woven waraji sole grounded
Fra:1 Mem:51.36M (Peak 51.36M) | Time:00:00.08 | Syncing left sandal toe strap
Fra:1 Mem:51.37M (Peak 51.42M) | Time:00:00.08 | Syncing left heel strap
Fra:1 Mem:51.37M (Peak 51.42M) | Time:00:00.08 | Syncing left hakama pleat 1
Fra:1 Mem:51.38M (Peak 51.42M) | Time:00:00.08 | Syncing left hakama pleat 2
Fra:1 Mem:51.38M (Peak 51.42M) | Time:00:00.08 | Syncing left hakama pleat 3
Fra:1 Mem:51.39M (Peak 51.42M) | Time:00:00.08 | Syncing right hakama trouser leg
Fra:1 Mem:51.48M (Peak 51.48M) | Time:00:00.08 | Syncing right shin greave
Fra:1 Mem:51.54M (Peak 51.54M) | Time:00:00.08 | Syncing right split-toe tabi foot volume
Fra:1 Mem:51.58M (Peak 51.58M) | Time:00:00.08 | Syncing right separated big toe
Fra:1 Mem:51.60M (Peak 51.60M) | Time:00:00.08 | Syncing right outer toe group
Fra:1 Mem:51.62M (Peak 51.62M) | Time:00:00.08 | Syncing right woven waraji sole grounded
Fra:1 Mem:51.63M (Peak 51.63M) | Time:00:00.08 | Syncing right sandal toe strap
Fra:1 Mem:51.64M (Peak 51.64M) | Time:00:00.08 | Syncing right heel strap
Fra:1 Mem:51.64M (Peak 51.64M) | Time:00:00.08 | Syncing right hakama pleat 1
Fra:1 Mem:51.65M (Peak 51.65M) | Time:00:00.08 | Syncing right hakama pleat 2
Fra:1 Mem:51.66M (Peak 51.66M) | Time:00:00.08 | Syncing right hakama pleat 3
Fra:1 Mem:51.66M (Peak 51.66M) | Time:00:00.08 | Syncing drawn katana blade spine
Fra:1 Mem:51.67M (Peak 51.73M) | Time:00:00.08 | Syncing bright sharpened katana edge
Fra:1 Mem:51.68M (Peak 51.73M) | Time:00:00.08 | Syncing wrapped katana grip
Fra:1 Mem:51.69M (Peak 51.73M) | Time:00:00.08 | Syncing square tsuba guard
Fra:1 Mem:51.70M (Peak 51.73M) | Time:00:00.08 | Syncing lacquered saya scabbard at left h
Fra:1 Mem:51.71M (Peak 51.73M) | Time:00:00.08 | Syncing waist sash tying armor
Fra:1 Mem:51.71M (Peak 51.73M) | Time:00:00.08 | Syncing bamboo sashimono back pole
Fra:1 Mem:51.72M (Peak 51.73M) | Time:00:00.08 | Syncing small lacquered sashimono crossba
Fra:1 Mem:51.74M (Peak 51.74M) | Time:00:00.08 | Syncing cloth sashimono banner panel
Fra:1 Mem:51.75M (Peak 51.80M) | Time:00:00.08 | Syncing simple round clan mon on banner
Fra:1 Mem:51.79M (Peak 51.80M) | Time:00:00.08 | Syncing cool key
Fra:1 Mem:51.79M (Peak 51.80M) | Time:00:00.08 | Syncing rim
Fra:1 Mem:51.79M (Peak 51.80M) | Time:00:00.08 | Syncing hero cam
Fra:1 Mem:51.79M (Peak 51.80M) | Time:00:00.08 | Syncing samurai_v2_provenance
Fra:1 Mem:51.83M (Peak 51.92M) | Time:00:00.09 | Rendering 1 / 32 samples
Fra:1 Mem:49.42M (Peak 51.92M) | Time:00:02.63 | Rendering 26 / 32 samples
Fra:1 Mem:49.42M (Peak 51.92M) | Time:00:03.08 | Rendering 32 / 32 samples
Saved: '/tmp/factoryx-v22-render/samurai-repaired-full-20-v22/uesugi-01/turntable_004.png'
 Time: 00:03.20 (Saving: 00:00.04)

ERROR (bke.modifier): ./source/blender/blenkernel/intern/modifier.cc:458 BKE_modifier_set_error: Object: "layered rear shikoro neck guard", Modifier: "weighted normals", Enable 'Auto Smooth' in Object Data Properties
ERROR (bke.modifier): ./source/blender/blenkernel/intern/modifier.cc:458 BKE_modifier_set_error: Object: "wide kabuto brim", Modifier: "weighted normals", Enable 'Auto Smooth' in Object Data Properties
ERROR (bke.modifier): ./source/blender/blenkernel/intern/modifier.cc:458 BKE_modifier_set_error: Object: "crest central rivet", Modifier: "weighted normals", Enable 'Auto Smooth' in Object Data Properties
ERROR (bke.modifier): ./source/blender/blenkernel/intern/modifier.cc:458 BKE_modifier_set_error: Object: "segmented kabuto helmet bowl", Modifier: "weighted normals", Enable 'Auto Smooth' in Object Data Properties
ERROR (bke.modifier): ./source/blender/blenkernel/intern/modifier.cc:458 BKE_modifier_set_error: Object: "left side helmet flange", Modifier: "weighted normals", Enable 'Auto Smooth' in Object Data Properties
ERROR (bke.modifier): ./source/blender/blenkernel/intern/modifier.cc:458 BKE_modifier_set_error: Object: "neck guard collar", Modifier: "weighted normals", Enable 'Auto Smooth' in Object Data Properties
ERROR (bke.modifier): ./source/blender/blenkernel/intern/modifier.cc:458 BKE_modifier_set_error: Object: "thin exposed neck", Modifier: "weighted normals", Enable 'Auto Smooth' in Object Data Properties
ERROR (bke.modifier): ./source/blender/blenkernel/intern/modifier.cc:458 BKE_modifier_set_error: Object: "right side helmet flange", Modifier: "weighted normals", Enable 'Auto Smooth' in Object Data Properties
ERROR (bke.modifier): ./source/blender/blenkernel/intern/modifier.cc:458 BKE_modifier_set_error: Object: "visible human head behind mempo", Modifier: "weighted normals", Enable 'Auto Smooth' in Object Data Properties
ERROR (bke.modifier): ./source/blender/blenkernel/intern/modifier.cc:458 BKE_modifier_set_error: Object: "narrow waist under-kimono volume", Modifier: "weighted normals", Enable 'Auto Smooth' in Object Data Properties
ERROR (bke.modifier): ./source/blender/blenkernel/intern/modifier.cc:458 BKE_modifier_set_error: Object: "mempo nose ridge", Modifier: "weighted normals", Enable 'Auto Smooth' in Object Data Properties
ERROR (bke.modifier): ./source/blender/blenkernel/intern/modifier.cc:458 BKE_modifier_set_error: Object: "ribcage under-kimono volume", Modifier: "weighted normals", Enable 'Auto Smooth' in Object Data Properties
ERROR (bke.modifier): ./source/blender/blenkernel/intern/modifier.cc:458 BKE_modifier_set_error: Object: "left angular mempo cheek plate", Modifier: "weighted normals", Enable 'Auto Smooth' in Object Data Properties
ERROR (bke.modifier): ./source/blender/blenkernel/intern/modifier.cc:458 BKE_modifier_set_error: Object: "left narrow eye slit", Modifier: "weighted normals", Enable 'Auto Smooth' in Object Data Properties
ERROR (bke.modifier): ./source/blender/blenkernel/intern/modifier.cc:458 BKE_modifier_set_error: Object: "mempo grim mouth slit", Modifier: "weighted normals", Enable 'Auto Smooth' in Object Data Properties
ERROR (bke.modifier): ./source/blender/blenkernel/intern/modifier.cc:458 BKE_modifier_set_error: Object: "right narrow eye slit", Modifier: "weighted normals", Enable 'Auto Smooth' in Object Data Properties
ERROR (bke.modifier): ./source/blender/blenkernel/intern/modifier.cc:458 BKE_modifier_set_error: Object: "throat guard row 1 bevelled lamellar plate 02", Modifier: "weighted normals", Enable 'Auto Smooth' in Object Data Properties
ERROR (bke.modifier): ./source/blender/blenkernel/intern/modifier.cc:458 BKE_modifier_set_error: Object: "throat guard row 1 bevelled lamellar plate 03", Modifier: "weighted normals", Enable 'Auto Smooth' in Object Data Properties
ERROR (bke.modifier): ./source/blender/blenkernel/intern/modifier.cc:458 BKE_modifier_set_error: Object: "throat guard row 2 bevelled lamellar plate 01", Modifier: "weighted normals", Enable 'Auto Smooth' in Object Data Properties
ERROR (bke.modifier): ./source/blender/blenkernel/intern/modifier.cc:458 BKE_modifier_set_error: Object: "throat guard row 1 bevelled lamellar plate 01", Modifier: "weighted normals", Enable 'Auto Smooth' in Object Data Properties
ERROR (bke.modifier): ./source/blender/blenkernel/intern/modifier.cc:458 BKE_modifier_set_error: Object: "mempo chin guard", Modifier: "weighted normals", Enable 'Auto Smooth' in Object Data Properties
ERROR (bke.modifier): ./source/blender/blenkernel/intern/modifier.cc:458 BKE_modifier_set_error: Object: "right angular mempo cheek plate", Modifier: "weighted normals", Enable 'Auto Smooth' in Object Data Properties
ERROR (bke.modifier): ./source/blender/blenkernel/intern/modifier.cc:458 BKE_modifier_set_error: Object: "upper do cuirass fitted shell", Modifier: "weighted normals", Enable 'Auto Smooth' in Object Data Properties
ERROR (bke.modifier): ./source/blender/blenkernel/intern/modifier.cc:458 BKE_modifier_set_error: Object: "throat guard row 1 bevelled lamellar plate 04", Modifier: "weighted normals", Enable 'Auto Smooth' in Object Data Properties
ERROR (bke.modifier): ./source/blender/blenkernel/intern/modifier.cc:458 BKE_modifier_set_error: Object: "throat guard row 2 bevelled lamellar plate 04", Modifier: "weighted normals", Enable 'Auto Smooth' in Object Data Properties
ERROR (bke.modifier): ./source/blender/blenkernel/intern/modifier.cc:458 BKE_modifier_set_error: Object: "lower do cuirass narrowed shell", Modifier: "weighted normals", Enable 'Auto Smooth' in Object Data Properties
ERROR (bke.modifier): ./source/blender/blenkernel/intern/modifier.cc:458 BKE_modifier_set_error: Object: "throat guard row 2 bevelled lamellar plate 05", Modifier: "weighted normals", Enable 'Auto Smooth' in Object Data Properties
ERROR (bke.modifier): ./source/blender/blenkernel/intern/modifier.cc:458 BKE_modifier_set_error: Object: "matte charcoal inspection plinth", Modifier: "weighted normals", Enable 'Auto Smooth' in Object Data Properties
ERROR (bke.modifier): ./source/blender/blenkernel/intern/modifier.cc:458 BKE_modifier_set_error: Object: "throat guard row 3 bevelled lamellar plate 01", Modifier: "weighted normals", Enable 'Auto Smooth' in Object Data Properties
ERROR (bke.modifier): ./source/blender/blenkernel/intern/modifier.cc:458 BKE_modifier_set_error: Object: "simple round clan mon on banner", Modifier: "weighted normals", Enable 'Auto Smooth' in Object Data Properties
ERROR (bke.modifier): ./source/blender/blenkernel/intern/modifier.cc:458 BKE_modifier_set_error: Object: "throat guard row 2 bevelled lamellar plate 02", Modifier: "weighted normals", Enable 'Auto Smooth' in Object Data Properties
ERROR (bke.modifier): ./source/blender/blenkernel/intern/modifier.cc:458 BKE_modifier_set_error: Object: "throat guard row 3 bevelled lamellar plate 02", Modifier: "weighted normals", Enable 'Auto Smooth' in Object Data Properties
ERROR (bke.modifier): ./source/blender/blenkernel/intern/modifier.cc:458 BKE_modifier_set_error: Object: "throat guard row 3 bevelled lamellar plate 04", Modifier: "weighted normals", Enable 'Auto Smooth' in Object Data Properties
ERROR (bke.modifier): ./source/blender/blenkernel/intern/modifier.cc:458 BKE_modifier_set_error: Object: "throat guard row 1 bevelled lamellar plate 05", Modifier: "weighted normals", Enable 'Auto Smooth' in Object Data Properties
ERROR (bke.modifier): ./source/blender/blenkernel/intern/modifier.cc:458 BKE_modifier_set_error: Object: "throat guard row 2 bevelled lamellar plate 03", Modifier: "weighted normals", Enable 'Auto Smooth' in Object Data Properties
ERROR (bke.modifier): ./source/blender/blenkernel/intern/modifier.cc:458 BKE_modifier_set_error: Object: "throat guard row 3 bevelled lamellar plate 05", Modifier: "weighted normals", Enable 'Auto Smooth' in Object Data Properties
ERROR (bke.modifier): ./source/blender/blenkernel/intern/modifier.cc:458 BKE_modifier_set_error: Object: "front cuirass row 1 bevelled lamellar plate 01", Modifier: "weighted normals", Enable 'Auto Smooth' in Object Data Properties
ERROR (bke.modifier): ./source/blender/blenkernel/intern/modifier.cc:458 BKE_modifier_set_error: Object: "throat guard row 3 bevelled lamellar plate 03", Modifier: "weighted normals", Enable 'Auto Smooth' in Object Data Properties
ERROR (bke.modifier): ./source/blender/blenkernel/intern/modifier.cc:458 BKE_modifier_set_error: Object: "front cuirass row 1 bevelled lamellar plate 03", Modifier: "weighted normals", Enable 'Auto Smooth' in Object Data Properties
ERROR (bke.modifier): ./source/blender/blenkernel/intern/modifier.cc:458 BKE_modifier_set_error: Object: "front cuirass row 1 bevelled lamellar plate 05", Modifier: "weighted normals", Enable 'Auto Smooth' in Object Data Properties
ERROR (bke.modifier): ./source/blender/blenkernel/intern/modifier.cc:458 BKE_modifier_set_error: Object: "front cuirass row 1 bevelled lamellar plate 08", Modifier: "weighted normals", Enable 'Auto Smooth' in Object Data Properties
ERROR (bke.modifier): ./source/blender/blenkernel/intern/modifier.cc:458 BKE_modifier_set_error: Object: "front cuirass row 1 bevelled lamellar plate 04", Modifier: "weighted normals", Enable 'Auto Smooth' in Object Data Properties
ERROR (bke.modifier): ./source/blender/blenkernel/intern/modifier.cc:458 BKE_modifier_set_error: Object: "front cuirass row 1 bevelled lamellar plate 06", Modifier: "weighted normals", Enable 'Auto Smooth' in Object Data Properties
ERROR (bke.modifier): ./source/blender/blenkernel/intern/modifier.cc:458 BKE_modifier_set_error: Object: "rear cuirass row 1 bevelled lamellar plate 03", Modifier: "weighted normals", Enable 'Auto Smooth' in Object Data Properties
ERROR (bke.modifier): ./source/blender/blenkernel/intern/modifier.cc:458 BKE_modifier_set_error: Object: "cloth sashimono banner panel", Modifier: "weighted normals", Enable 'Auto Smooth' in Object Data Properties
ERROR (bke.modifier): ./source/blender/blenkernel/intern/modifier.cc:458 BKE_modifier_set_error: Object: "front cuirass row 1 bevelled lamellar plate 02", Modifier: "weighted normals", Enable 'Auto Smooth' in Object Data Properties
ERROR (bke.modifier): ./source/blender/blenkernel/intern/modifier.cc:458 BKE_modifier_set_error: Object: "front cuirass row 1 bevelled lamellar plate 07", Modifier: "weighted normals", Enable 'Auto Smooth' in Object Data Properties
ERROR (bke.modifier): ./source/blender/blenkernel/intern/modifier.cc:458 BKE_modifier_set_error: Object: "rear cuirass row 1 bevelled lamellar plate 02", Modifier: "weighted normals", Enable 'Auto Smooth' in Object Data Properties
ERROR (bke.modifier): ./source/blender/blenkernel/intern/modifier.cc:458 BKE_modifier_set_error: Object: "rear cuirass row 1 bevelled lamellar plate 04", Modifier: "weighted normals", Enable 'Auto Smooth' in Object Data Properties
ERROR (bke.modifier): ./source/blender/blenkernel/intern/modifier.cc:458 BKE_modifier_set_error: Object: "rear cuirass row 1 bevelled lamellar plate 05", Modifier: "weighted normals", Enable 'Auto Smooth' in Object Data Properties
ERROR (bke.modifier): ./source/blender/blenkernel/intern/modifier.cc:458 BKE_modifier_set_error: Object: "rear cuirass row 1 bevelled lamellar plate 01", Modifier: "weighted normals", Enable 'Auto Smooth' in Object Data Properties
ERROR (bke.modifier): ./source/blender/blenkernel/intern/modifier.cc:458 BKE_modifier_set_error: Object: "rear cuirass row 1 bevelled lamellar plate 06", Modifier: "weighted normals", Enable 'Auto Smooth' in Object Data Properties
ERROR (bke.modifier): ./source/blender/blenkernel/intern/modifier.cc:458 BKE_modifier_set_error: Object: "rear cuirass row 1 bevelled lamellar plate 07", Modifier: "weighted normals", Enable 'Auto Smooth' in Object Data Properties
ERROR (bke.modifier): ./source/blender/blenkernel/intern/modifier.cc:458 BKE_modifier_set_error: Object: "front cuirass row 2 bevelled lamellar plate 03", Modifier: "weighted normals", Enable 'Auto Smooth' in Object Data Properties
ERROR (bke.modifier): ./source/blender/blenkernel/intern/modifier.cc:458 BKE_modifier_set_error: Object: "front cuirass row 2 bevelled lamellar plate 01", Modifier: "weighted normals", Enable 'Auto Smooth' in Object Data Properties
ERROR (bke.modifier): ./source/blender/blenkernel/intern/modifier.cc:458 BKE_modifier_set_error: Object: "front cuirass row 2 bevelled lamellar plate 02", Modifier: "weighted normals", Enable 'Auto Smooth' in Object Data Properties
ERROR (bke.modifier): ./source/blender/blenkernel/intern/modifier.cc:458 BKE_modifier_set_error: Object: "front cuirass row 2 bevelled lamellar plate 04", Modifier: "weighted normals", Enable 'Auto Smooth' in Object Data Properties
ERROR (bke.modifier): ./source/blender/blenkernel/intern/modifier.cc:458 BKE_modifier_set_error: Object: "rear cuirass row 1 bevelled lamellar plate 08", Modifier: "weighted normals", Enable 'Auto Smooth' in Object Data Properties
ERROR (bke.modifier): ./source/blender/blenkernel/intern/modifier.cc:458 BKE_modifier_set_error: Object: "front cuirass row 2 bevelled lamellar plate 06", Modifier: "weighted normals", Enable 'Auto Smooth' in Object Data Properties
ERROR (bke.modifier): ./source/blender/blenkernel/intern/modifier.cc:458 BKE_modifier_set_error: Object: "small lacquered sashimono crossbar", Modifier: "weighted normals", Enable 'Auto Smooth' in Object Data Properties
ERROR (bke.modifier): ./source/blender/blenkernel/intern/modifier.cc:458 BKE_modifier_set_error: Object: "rear cuirass row 2 bevelled lamellar plate 01", Modifier: "weighted normals", Enable 'Auto Smooth' in Object Data Properties
ERROR (bke.modifier): ./source/blender/blenkernel/intern/modifier.cc:458 BKE_modifier_set_error: Object: "front cuirass row 2 bevelled lamellar plate 08", Modifier: "weighted normals", Enable 'Auto Smooth' in Object Data Properties
ERROR (bke.modifier): ./source/blender/blenkernel/intern/modifier.cc:458 BKE_modifier_set_error: Object: "front cuirass row 2 bevelled lamellar plate 05", Modifier: "weighted normals", Enable 'Auto Smooth' in Object Data Properties
ERROR (bke.modifier): ./source/blender/blenkernel/intern/modifier.cc:458 BKE_modifier_set_error: Object: "front cuirass row 2 bevelled lamellar plate 07", Modifier: "weighted normals", Enable 'Auto Smooth' in Object Data Properties
ERROR (bke.modifier): ./source/blender/blenkernel/intern/modifier.cc:458 BKE_modifier_set_error: Object: "rear cuirass row 2 bevelled lamellar plate 07", Modifier: "weighted normals", Enable 'Auto Smooth' in Object Data Properties
ERROR (bke.modifier): ./source/blender/blenkernel/intern/modifier.cc:458 BKE_modifier_set_error: Object: "rear cuirass row 2 bevelled lamellar plate 04", Modifier: "weighted normals", Enable 'Auto Smooth' in Object Data Properties
ERROR (bke.modifier): ./source/blender/blenkernel/intern/modifier.cc:458 BKE_modifier_set_error: Object: "rear cuirass row 2 bevelled lamellar plate 03", Modifier: "weighted normals", Enable 'Auto Smooth' in Object Data Properties
ERROR (bke.modifier): ./source/blender/blenkernel/intern/modifier.cc:458 BKE_modifier_set_error: Object: "rear cuirass row 2 bevelled lamellar plate 06", Modifier: "weighted normals", Enable 'Auto Smooth' in Object Data Properties
ERROR (bke.modifier): ./source/blender/blenkernel/intern/modifier.cc:458 BKE_modifier_set_error: Object: "rear cuirass row 2 bevelled lamellar plate 02", Modifier: "weighted normals", Enable 'Auto Smooth' in Object Data Properties
ERROR (bke.modifier): ./source/blender/blenkernel/intern/modifier.cc:458 BKE_modifier_set_error: Object: "front cuirass row 3 bevelled lamellar plate 01", Modifier: "weighted normals", Enable 'Auto Smooth' in Object Data Properties
ERROR (bke.modifier): ./source/blender/blenkernel/intern/modifier.cc:458 BKE_modifier_set_error: Object: "rear cuirass row 2 bevelled lamellar plate 05", Modifier: "weighted normals", Enable 'Auto Smooth' in Object Data Properties
ERROR (bke.modifier): ./source/blender/blenkernel/intern/modifier.cc:458 BKE_modifier_set_error: Object: "rear cuirass row 2 bevelled lamellar plate 08", Modifier: "weighted normals", Enable 'Auto Smooth' in Object Data Properties
ERROR (bke.modifier): ./source/blender/blenkernel/intern/modifier.cc:458 BKE_modifier_set_error: Object: "front cuirass row 3 bevelled lamellar plate 02", Modifier: "weighted normals", Enable 'Auto Smooth' in Object Data Properties
ERROR (bke.modifier): ./source/blender/blenkernel/intern/modifier.cc:458 BKE_modifier_set_error: Object: "front cuirass row 3 bevelled lamellar plate 04", Modifier: "weighted normals", Enable 'Auto Smooth' in Object Data Properties
ERROR (bke.modifier): ./source/blender/blenkernel/intern/modifier.cc:458 BKE_modifier_set_error: Object: "rear cuirass row 3 bevelled lamellar plate 01", Modifier: "weighted normals", Enable 'Auto Smooth' in Object Data Properties
ERROR (bke.modifier): ./source/blender/blenkernel/intern/modifier.cc:458 BKE_modifier_set_error: Object: "front cuirass row 3 bevelled lamellar plate 05", Modifier: "weighted normals", Enable 'Auto Smooth' in Object Data Properties
ERROR (bke.modifier): ./source/blender/blenkernel/intern/modifier.cc:458 BKE_modifier_set_error: Object: "front cuirass row 3 bevelled lamellar plate 08", Modifier: "weighted normals", Enable 'Auto Smooth' in Object Data Properties
ERROR (bke.modifier): ./source/blender/blenkernel/intern/modifier.cc:458 BKE_modifier_set_error: Object: "front cuirass row 3 bevelled lamellar plate 03", Modifier: "weighted normals", Enable 'Auto Smooth' in Object Data Properties
ERROR (bke.modifier): ./source/blender/blenkernel/intern/modifier.cc:458 BKE_modifier_set_error: Object: "front cuirass row 3 bevelled lamellar plate 06", Modifier: "weighted normals", Enable 'Auto Smooth' in Object Data Properties
ERROR (bke.modifier): ./source/blender/blenkernel/intern/modifier.cc:458 BKE_modifier_set_error: Object: "front cuirass row 3 bevelled lamellar plate 07", Modifier: "weighted normals", Enable 'Auto Smooth' in Object Data Properties
ERROR (bke.modifier): ./source/blender/blenkernel/intern/modifier.cc:458 BKE_modifier_set_error: Object: "rear cuirass row 3 bevelled lamellar plate 03", Modifier: "weighted normals", Enable 'Auto Smooth' in Object Data Properties
ERROR (bke.modifier): ./source/blender/blenkernel/intern/modifier.cc:458 BKE_modifier_set_error: Object: "rear cuirass row 3 bevelled lamellar plate 02", Modifier: "weighted normals", Enable 'Auto Smooth' in Object Data Properties
ERROR (bke.modifier): ./source/blender/blenkernel/intern/modifier.cc:458 BKE_modifier_set_error: Object: "square tsuba guard", Modifier: "weighted normals", Enable 'Auto Smooth' in Object Data Properties
ERROR (bke.modifier): ./source/blender/blenkernel/intern/modifier.cc:458 BKE_modifier_set_error: Object: "rear cuirass row 3 bevelled lamellar plate 06", Modifier: "weighted normals", Enable 'Auto Smooth' in Object Data Properties
ERROR (bke.modifier): ./source/blender/blenkernel/intern/modifier.cc:458 BKE_modifier_set_error: Object: "rear cuirass row 3 bevelled lamellar plate 04", Modifier: "weighted normals", Enable 'Auto Smooth' in Object Data Properties
ERROR (bke.modifier): ./source/blender/blenkernel/intern/modifier.cc:458 BKE_modifier_set_error: Object: "front cuirass row 4 bevelled lamellar plate 03", Modifier: "weighted normals", Enable 'Auto Smooth' in Object Data Properties
ERROR (bke.modifier): ./source/blender/blenkernel/intern/modifier.cc:458 BKE_modifier_set_error: Object: "wrapped katana grip", Modifier: "weighted normals", Enable 'Auto Smooth' in Object Data Properties
ERROR (bke.modifier): ./source/blender/blenkernel/intern/modifier.cc:458 BKE_modifier_set_error: Object: "rear cuirass row 3 bevelled lamellar plate 05", Modifier: "weighted normals", Enable 'Auto Smooth' in Object Data Properties
ERROR (bke.modifier): ./source/blender/blenkernel/intern/modifier.cc:458 BKE_modifier_set_error: Object: "front cuirass row 4 bevelled lamellar plate 02", Modifier: "weighted normals", Enable 'Auto Smooth' in Object Data Properties
ERROR (bke.modifier): ./source/blender/blenkernel/intern/modifier.cc:458 BKE_modifier_set_error: Object: "rear cuirass row 3 bevelled lamellar plate 07", Modifier: "weighted normals", Enable 'Auto Smooth' in Object Data Properties
ERROR (bke.modifier): ./source/blender/blenkernel/intern/modifier.cc:458 BKE_modifier_set_error: Object: "front cuirass row 4 bevelled lamellar plate 01", Modifier: "weighted normals", Enable 'Auto Smooth' in Object Data Properties
ERROR (bke.modifier): ./source/blender/blenkernel/intern/modifier.cc:458 BKE_modifier_set_error: Object: "rear cuirass row 4 bevelled lamellar plate 01", Modifier: "weighted normals", Enable 'Auto Smooth' in Object Data Properties
ERROR (bke.modifier): ./source/blender/blenkernel/intern/modifier.cc:458 BKE_modifier_set_error: Object: "front cuirass row 4 bevelled lamellar plate 04", Modifier: "weighted normals", Enable 'Auto Smooth' in Object Data Properties
ERROR (bke.modifier): ./source/blender/blenkernel/intern/modifier.cc:458 BKE_modifier_set_error: Object: "front cuirass row 4 bevelled lamellar plate 05", Modifier: "weighted normals", Enable 'Auto Smooth' in Object Data Properties
ERROR (bke.modifier): ./source/blender/blenkernel/intern/modifier.cc:458 BKE_modifier_set_error: Object: "front cuirass row 4 bevelled lamellar plate 08", Modifier: "weighted normals", Enable 'Auto Smooth' in Object Data Properties
ERROR (bke.modifier): ./source/blender/blenkernel/intern/modifier.cc:458 BKE_modifier_set_error: Object: "front cuirass row 4 bevelled lamellar plate 07", Modifier: "weighted normals", Enable 'Auto Smooth' in Object Data Properties
ERROR (bke.modifier): ./source/blender/blenkernel/intern/modifier.cc:458 BKE_modifier_set_error: Object: "rear cuirass row 3 bevelled lamellar plate 08", Modifier: "weighted normals", Enable 'Auto Smooth' in Object Data Properties
ERROR (bke.modifier): ./source/blender/blenkernel/intern/modifier.cc:458 BKE_modifier_set_error: Object: "front cuirass row 4 bevelled lamellar plate 06", Modifier: "weighted normals", Enable 'Auto Smooth' in Object Data Properties
ERROR (bke.modifier): ./source/blender/blenkernel/intern/modifier.cc:458 BKE_modifier_set_error: Object: "rear cuirass row 4 bevelled lamellar plate 03", Modifier: "weighted normals", Enable 'Auto Smooth' in Object Data Properties
ERROR (bke.modifier): ./source/blender/blenkernel/intern/modifier.cc:458 BKE_modifier_set_error: Object: "rear cuirass row 4 bevelled lamellar plate 02", Modifier: "weighted normals", Enable 'Auto Smooth' in Object Data Properties
ERROR (bke.modifier): ./source/blender/blenkernel/intern/modifier.cc:458 BKE_modifier_set_error: Object: "rear cuirass row 4 bevelled lamellar plate 04", Modifier: "weighted normals", Enable 'Auto Smooth' in Object Data Properties
ERROR (bke.modifier): ./source/blender/blenkernel/intern/modifier.cc:458 BKE_modifier_set_error: Object: "rear cuirass row 4 bevelled lamellar plate 05", Modifier: "weighted normals", Enable 'Auto Smooth' in Object Data Properties
ERROR (bke.modifier): ./source/blender/blenkernel/intern/modifier.cc:458 BKE_modifier_set_error: Object: "front cuirass row 5 bevelled lamellar plate 04", Modifier: "weighted normals", Enable 'Auto Smooth' in Object Data Properties
ERROR (bke.modifier): ./source/blender/blenkernel/intern/modifier.cc:458 BKE_modifier_set_error: Object: "front cuirass row 5 bevelled lamellar plate 03", Modifier: "weighted normals", Enable 'Auto Smooth' in Object Data Properties
ERROR (bke.modifier): ./source/blender/blenkernel/intern/modifier.cc:458 BKE_modifier_set_error: Object: "rear cuirass row 4 bevelled lamellar plate 06", Modifier: "weighted normals", Enable 'Auto Smooth' in Object Data Properties
ERROR (bke.modifier): ./source/blender/blenkernel/intern/modifier.cc:458 BKE_modifier_set_error: Object: "front cuirass row 5 bevelled lamellar plate 01", Modifier: "weighted normals", Enable 'Auto Smooth' in Object Data Properties
ERROR (bke.modifier): ./source/blender/blenkernel/intern/modifier.cc:458 BKE_modifier_set_error: Object: "front cuirass row 5 bevelled lamellar plate 05", Modifier: "weighted normals", Enable 'Auto Smooth' in Object Data Properties
ERROR (bke.modifier): ./source/blender/blenkernel/intern/modifier.cc:458 BKE_modifier_set_error: Object: "rear cuirass row 4 bevelled lamellar plate 07", Modifier: "weighted normals", Enable 'Auto Smooth' in Object Data Properties
ERROR (bke.modifier): ./source/blender/blenkernel/intern/modifier.cc:458 BKE_modifier_set_error: Object: "front cuirass row 5 bevelled lamellar plate 06", Modifier: "weighted normals", Enable 'Auto Smooth' in Object Data Properties
ERROR (bke.modifier): ./source/blender/blenkernel/intern/modifier.cc:458 BKE_modifier_set_error: Object: "front cuirass row 5 bevelled lamellar plate 08", Modifier: "weighted normals", Enable 'Auto Smooth' in Object Data Properties
ERROR (bke.modifier): ./source/blender/blenkernel/intern/modifier.cc:458 BKE_modifier_set_error: Object: "front cuirass row 5 bevelled lamellar plate 02", Modifier: "weighted normals", Enable 'Auto Smooth' in Object Data Properties
ERROR (bke.modifier): ./source/blender/blenkernel/intern/modifier.cc:458 BKE_modifier_set_error: Object: "front cuirass row 5 bevelled lamellar plate 07", Modifier: "weighted normals", Enable 'Auto Smooth' in Object Data Properties
ERROR (bke.modifier): ./source/blender/blenkernel/intern/modifier.cc:458 BKE_modifier_set_error: Object: "rear cuirass row 4 bevelled lamellar plate 08", Modifier: "weighted normals", Enable 'Auto Smooth' in Object Data Properties
ERROR (bke.modifier): ./source/blender/blenkernel/intern/modifier.cc:458 BKE_modifier_set_error: Object: "left shoulder undercloth", Modifier: "weighted normals", Enable 'Auto Smooth' in Object Data Properties
ERROR (bke.modifier): ./source/blender/blenkernel/intern/modifier.cc:458 BKE_modifier_set_error: Object: "rear cuirass row 5 bevelled lamellar plate 01", Modifier: "weighted normals", Enable 'Auto Smooth' in Object Data Properties
ERROR (bke.modifier): ./source/blender/blenkernel/intern/modifier.cc:458 BKE_modifier_set_error: Object: "rear cuirass row 5 bevelled lamellar plate 02", Modifier: "weighted normals", Enable 'Auto Smooth' in Object Data Properties
ERROR (bke.modifier): ./source/blender/blenkernel/intern/modifier.cc:458 BKE_modifier_set_error: Object: "right side cuirass plate 1", Modifier: "weighted normals", Enable 'Auto Smooth' in Object Data Properties
ERROR (bke.modifier): ./source/blender/blenkernel/intern/modifier.cc:458 BKE_modifier_set_error: Object: "rear cuirass row 5 bevelled lamellar plate 04", Modifier: "weighted normals", Enable 'Auto Smooth' in Object Data Properties
ERROR (bke.modifier): ./source/blender/blenkernel/intern/modifier.cc:458 BKE_modifier_set_error: Object: "left side cuirass plate 1", Modifier: "weighted normals", Enable 'Auto Smooth' in Object Data Properties
ERROR (bke.modifier): ./source/blender/blenkernel/intern/modifier.cc:458 BKE_modifier_set_error: Object: "rear cuirass row 5 bevelled lamellar plate 05", Modifier: "weighted normals", Enable 'Auto Smooth' in Object Data Properties
ERROR (bke.modifier): ./source/blender/blenkernel/intern/modifier.cc:458 BKE_modifier_set_error: Object: "rear cuirass row 5 bevelled lamellar plate 03", Modifier: "weighted normals", Enable 'Auto Smooth' in Object Data Properties
ERROR (bke.modifier): ./source/blender/blenkernel/intern/modifier.cc:458 BKE_modifier_set_error: Object: "left side cuirass plate 2", Modifier: "weighted normals", Enable 'Auto Smooth' in Object Data Properties
ERROR (bke.modifier): ./source/blender/blenkernel/intern/modifier.cc:458 BKE_modifier_set_error: Object: "rear cuirass row 5 bevelled lamellar plate 08", Modifier: "weighted normals", Enable 'Auto Smooth' in Object Data Properties
ERROR (bke.modifier): ./source/blender/blenkernel/intern/modifier.cc:458 BKE_modifier_set_error: Object: "rear cuirass row 5 bevelled lamellar plate 06", Modifier: "weighted normals", Enable 'Auto Smooth' in Object Data Properties
ERROR (bke.modifier): ./source/blender/blenkernel/intern/modifier.cc:458 BKE_modifier_set_error: Object: "right side cuirass plate 2", Modifier: "weighted normals", Enable 'Auto Smooth' in Object Data Properties
ERROR (bke.modifier): ./source/blender/blenkernel/intern/modifier.cc:458 BKE_modifier_set_error: Object: "left sode shoulder armor", Modifier: "weighted normals", Enable 'Auto Smooth' in Object Data Properties
ERROR (bke.modifier): ./source/blender/blenkernel/intern/modifier.cc:458 BKE_modifier_set_error: Object: "left side cuirass plate 3", Modifier: "weighted normals", Enable 'Auto Smooth' in Object Data Properties
ERROR (bke.modifier): ./source/blender/blenkernel/intern/modifier.cc:458 BKE_modifier_set_error: Object: "left armored upper arm", Modifier: "weighted normals", Enable 'Auto Smooth' in Object Data Properties
ERROR (bke.modifier): ./source/blender/blenkernel/intern/modifier.cc:458 BKE_modifier_set_error: Object: "rear cuirass row 5 bevelled lamellar plate 07", Modifier: "weighted normals", Enable 'Auto Smooth' in Object Data Properties
ERROR (bke.modifier): ./source/blender/blenkernel/intern/modifier.cc:458 BKE_modifier_set_error: Object: "right side cuirass plate 3", Modifier: "weighted normals", Enable 'Auto Smooth' in Object Data Properties
ERROR (bke.modifier): ./source/blender/blenkernel/intern/modifier.cc:458 BKE_modifier_set_error: Object: "left kote forearm guard", Modifier: "weighted normals", Enable 'Auto Smooth' in Object Data Properties
ERROR (bke.modifier): ./source/blender/blenkernel/intern/modifier.cc:458 BKE_modifier_set_error: Object: "left leather palm volume", Modifier: "weighted normals", Enable 'Auto Smooth' in Object Data Properties
ERROR (bke.modifier): ./source/blender/blenkernel/intern/modifier.cc:458 BKE_modifier_set_error: Object: "right woven waraji sole grounded", Modifier: "weighted normals", Enable 'Auto Smooth' in Object Data Properties
ERROR (bke.modifier): ./source/blender/blenkernel/intern/modifier.cc:458 BKE_modifier_set_error: Object: "left index fingertip", Modifier: "weighted normals", Enable 'Auto Smooth' in Object Data Properties
ERROR (bke.modifier): ./source/blender/blenkernel/intern/modifier.cc:458 BKE_modifier_set_error: Object: "left middle fingertip", Modifier: "weighted normals", Enable 'Auto Smooth' in Object Data Properties
ERROR (bke.modifier): ./source/blender/blenkernel/intern/modifier.cc:458 BKE_modifier_set_error: Object: "left ring fingertip", Modifier: "weighted normals", Enable 'Auto Smooth' in Object Data Properties
ERROR (bke.modifier): ./source/blender/blenkernel/intern/modifier.cc:458 BKE_modifier_set_error: Object: "left pinky fingertip", Modifier: "weighted normals", Enable 'Auto Smooth' in Object Data Properties
ERROR (bke.modifier): ./source/blender/blenkernel/intern/modifier.cc:458 BKE_modifier_set_error: Object: "right outer toe group", Modifier: "weighted normals", Enable 'Auto Smooth' in Object Data Properties
ERROR (bke.modifier): ./source/blender/blenkernel/intern/modifier.cc:458 BKE_modifier_set_error: Object: "left hanging sode shoulder plate 1", Modifier: "weighted normals", Enable 'Auto Smooth' in Object Data Properties
ERROR (bke.modifier): ./source/blender/blenkernel/intern/modifier.cc:458 BKE_modifier_set_error: Object: "left thumb fingertip", Modifier: "weighted normals", Enable 'Auto Smooth' in Object Data Properties
ERROR (bke.modifier): ./source/blender/blenkernel/intern/modifier.cc:458 BKE_modifier_set_error: Object: "right shoulder undercloth", Modifier: "weighted normals", Enable 'Auto Smooth' in Object Data Properties
ERROR (bke.modifier): ./source/blender/blenkernel/intern/modifier.cc:458 BKE_modifier_set_error: Object: "right armored upper arm", Modifier: "weighted normals", Enable 'Auto Smooth' in Object Data Properties
ERROR (bke.modifier): ./source/blender/blenkernel/intern/modifier.cc:458 BKE_modifier_set_error: Object: "right leather palm volume", Modifier: "weighted normals", Enable 'Auto Smooth' in Object Data Properties
ERROR (bke.modifier): ./source/blender/blenkernel/intern/modifier.cc:458 BKE_modifier_set_error: Object: "right sode shoulder armor", Modifier: "weighted normals", Enable 'Auto Smooth' in Object Data Properties
ERROR (bke.modifier): ./source/blender/blenkernel/intern/modifier.cc:458 BKE_modifier_set_error: Object: "left hanging sode shoulder plate 4", Modifier: "weighted normals", Enable 'Auto Smooth' in Object Data Properties
ERROR (bke.modifier): ./source/blender/blenkernel/intern/modifier.cc:458 BKE_modifier_set_error: Object: "right separated big toe", Modifier: "weighted normals", Enable 'Auto Smooth' in Object Data Properties
ERROR (bke.modifier): ./source/blender/blenkernel/intern/modifier.cc:458 BKE_modifier_set_error: Object: "right kote forearm guard", Modifier: "weighted normals", Enable 'Auto Smooth' in Object Data Properties
ERROR (bke.modifier): ./source/blender/blenkernel/intern/modifier.cc:458 BKE_modifier_set_error: Object: "right index fingertip", Modifier: "weighted normals", Enable 'Auto Smooth' in Object Data Properties
ERROR (bke.modifier): ./source/blender/blenkernel/intern/modifier.cc:458 BKE_modifier_set_error: Object: "left hanging sode shoulder plate 3", Modifier: "weighted normals", Enable 'Auto Smooth' in Object Data Properties
ERROR (bke.modifier): ./source/blender/blenkernel/intern/modifier.cc:458 BKE_modifier_set_error: Object: "right middle fingertip", Modifier: "weighted normals", Enable 'Auto Smooth' in Object Data Properties
ERROR (bke.modifier): ./source/blender/blenkernel/intern/modifier.cc:458 BKE_modifier_set_error: Object: "left hanging sode shoulder plate 2", Modifier: "weighted normals", Enable 'Auto Smooth' in Object Data Properties
ERROR (bke.modifier): ./source/blender/blenkernel/intern/modifier.cc:458 BKE_modifier_set_error: Object: "right split-toe tabi foot volume", Modifier: "weighted normals", Enable 'Auto Smooth' in Object Data Properties
ERROR (bke.modifier): ./source/blender/blenkernel/intern/modifier.cc:458 BKE_modifier_set_error: Object: "right ring fingertip", Modifier: "weighted normals", Enable 'Auto Smooth' in Object Data Properties
ERROR (bke.modifier): ./source/blender/blenkernel/intern/modifier.cc:458 BKE_modifier_set_error: Object: "right pinky fingertip", Modifier: "weighted normals", Enable 'Auto Smooth' in Object Data Properties
ERROR (bke.modifier): ./source/blender/blenkernel/intern/modifier.cc:458 BKE_modifier_set_error: Object: "right thumb fingertip", Modifier: "weighted normals", Enable 'Auto Smooth' in Object Data Properties
ERROR (bke.modifier): ./source/blender/blenkernel/intern/modifier.cc:458 BKE_modifier_set_error: Object: "right shin greave", Modifier: "weighted normals", Enable 'Auto Smooth' in Object Data Properties
ERROR (bke.modifier): ./source/blender/blenkernel/intern/modifier.cc:458 BKE_modifier_set_error: Object: "rear kusazuri skirt plate -1 row 2", Modifier: "weighted normals", Enable 'Auto Smooth' in Object Data Properties
ERROR (bke.modifier): ./source/blender/blenkernel/intern/modifier.cc:458 BKE_modifier_set_error: Object: "right hakama trouser leg", Modifier: "weighted normals", Enable 'Auto Smooth' in Object Data Properties
ERROR (bke.modifier): ./source/blender/blenkernel/intern/modifier.cc:458 BKE_modifier_set_error: Object: "right hanging sode shoulder plate 3", Modifier: "weighted normals", Enable 'Auto Smooth' in Object Data Properties
ERROR (bke.modifier): ./source/blender/blenkernel/intern/modifier.cc:458 BKE_modifier_set_error: Object: "rear kusazuri skirt plate +0 row 1", Modifier: "weighted normals", Enable 'Auto Smooth' in Object Data Properties
ERROR (bke.modifier): ./source/blender/blenkernel/intern/modifier.cc:458 BKE_modifier_set_error: Object: "right hanging sode shoulder plate 1", Modifier: "weighted normals", Enable 'Auto Smooth' in Object Data Properties
ERROR (bke.modifier): ./source/blender/blenkernel/intern/modifier.cc:458 BKE_modifier_set_error: Object: "kusazuri skirt plate -1 row 1", Modifier: "weighted normals", Enable 'Auto Smooth' in Object Data Properties
ERROR (bke.modifier): ./source/blender/blenkernel/intern/modifier.cc:458 BKE_modifier_set_error: Object: "rear kusazuri skirt plate -1 row 3", Modifier: "weighted normals", Enable 'Auto Smooth' in Object Data Properties
ERROR (bke.modifier): ./source/blender/blenkernel/intern/modifier.cc:458 BKE_modifier_set_error: Object: "right hanging sode shoulder plate 2", Modifier: "weighted normals", Enable 'Auto Smooth' in Object Data Properties
ERROR (bke.modifier): ./source/blender/blenkernel/intern/modifier.cc:458 BKE_modifier_set_error: Object: "kusazuri skirt plate +0 row 2", Modifier: "weighted normals", Enable 'Auto Smooth' in Object Data Properties
ERROR (bke.modifier): ./source/blender/blenkernel/intern/modifier.cc:458 BKE_modifier_set_error: Object: "rear kusazuri skirt plate -1 row 1", Modifier: "weighted normals", Enable 'Auto Smooth' in Object Data Properties
ERROR (bke.modifier): ./source/blender/blenkernel/intern/modifier.cc:458 BKE_modifier_set_error: Object: "kusazuri skirt plate -1 row 2", Modifier: "weighted normals", Enable 'Auto Smooth' in Object Data Properties
ERROR (bke.modifier): ./source/blender/blenkernel/intern/modifier.cc:458 BKE_modifier_set_error: Object: "right hanging sode shoulder plate 4", Modifier: "weighted normals", Enable 'Auto Smooth' in Object Data Properties
ERROR (bke.modifier): ./source/blender/blenkernel/intern/modifier.cc:458 BKE_modifier_set_error: Object: "kusazuri skirt plate -1 row 3", Modifier: "weighted normals", Enable 'Auto Smooth' in Object Data Properties
ERROR (bke.modifier): ./source/blender/blenkernel/intern/modifier.cc:458 BKE_modifier_set_error: Object: "left hakama trouser leg", Modifier: "weighted normals", Enable 'Auto Smooth' in Object Data Properties
ERROR (bke.modifier): ./source/blender/blenkernel/intern/modifier.cc:458 BKE_modifier_set_error: Object: "rear kusazuri skirt plate +0 row 3", Modifier: "weighted normals", Enable 'Auto Smooth' in Object Data Properties
ERROR (bke.modifier): ./source/blender/blenkernel/intern/modifier.cc:458 BKE_modifier_set_error: Object: "left shin greave", Modifier: "weighted normals", Enable 'Auto Smooth' in Object Data Properties
ERROR (bke.modifier): ./source/blender/blenkernel/intern/modifier.cc:458 BKE_modifier_set_error: Object: "left split-toe tabi foot volume", Modifier: "weighted normals", Enable 'Auto Smooth' in Object Data Properties
ERROR (bke.modifier): ./source/blender/blenkernel/intern/modifier.cc:458 BKE_modifier_set_error: Object: "left separated big toe", Modifier: "weighted normals", Enable 'Auto Smooth' in Object Data Properties
ERROR (bke.modifier): ./source/blender/blenkernel/intern/modifier.cc:458 BKE_modifier_set_error: Object: "rear kusazuri skirt plate +0 row 2", Modifier: "weighted normals", Enable 'Auto Smooth' in Object Data Properties
ERROR (bke.modifier): ./source/blender/blenkernel/intern/modifier.cc:458 BKE_modifier_set_error: Object: "left outer toe group", Modifier: "weighted normals", Enable 'Auto Smooth' in Object Data Properties
ERROR (bke.modifier): ./source/blender/blenkernel/intern/modifier.cc:458 BKE_modifier_set_error: Object: "kusazuri skirt plate +0 row 1", Modifier: "weighted normals", Enable 'Auto Smooth' in Object Data Properties
ERROR (bke.modifier): ./source/blender/blenkernel/intern/modifier.cc:458 BKE_modifier_set_error: Object: "kusazuri skirt plate +0 row 3", Modifier: "weighted normals", Enable 'Auto Smooth' in Object Data Properties
ERROR (bke.modifier): ./source/blender/blenkernel/intern/modifier.cc:458 BKE_modifier_set_error: Object: "kusazuri skirt plate +1 row 1", Modifier: "weighted normals", Enable 'Auto Smooth' in Object Data Properties
ERROR (bke.modifier): ./source/blender/blenkernel/intern/modifier.cc:458 BKE_modifier_set_error: Object: "kusazuri skirt plate +1 row 2", Modifier: "weighted normals", Enable 'Auto Smooth' in Object Data Properties
ERROR (bke.modifier): ./source/blender/blenkernel/intern/modifier.cc:458 BKE_modifier_set_error: Object: "rear kusazuri skirt plate +1 row 1", Modifier: "weighted normals", Enable 'Auto Smooth' in Object Data Properties
ERROR (bke.modifier): ./source/blender/blenkernel/intern/modifier.cc:458 BKE_modifier_set_error: Object: "rear kusazuri skirt plate +1 row 2", Modifier: "weighted normals", Enable 'Auto Smooth' in Object Data Properties
ERROR (bke.modifier): ./source/blender/blenkernel/intern/modifier.cc:458 BKE_modifier_set_error: Object: "kusazuri skirt plate +1 row 3", Modifier: "weighted normals", Enable 'Auto Smooth' in Object Data Properties
ERROR (bke.modifier): ./source/blender/blenkernel/intern/modifier.cc:458 BKE_modifier_set_error: Object: "left woven waraji sole grounded", Modifier: "weighted normals", Enable 'Auto Smooth' in Object Data Properties
ERROR (bke.modifier): ./source/blender/blenkernel/intern/modifier.cc:458 BKE_modifier_set_error: Object: "rear kusazuri skirt plate +1 row 3", Modifier: "weighted normals", Enable 'Auto Smooth' in Object Data Properties
Fra:1 Mem:47.25M (Peak 47.27M) | Time:00:00.06 | Syncing matte charcoal inspection plinth
Fra:1 Mem:47.26M (Peak 47.31M) | Time:00:00.06 | Syncing ribcage under-kimono volume
Fra:1 Mem:47.35M (Peak 47.35M) | Time:00:00.06 | Syncing narrow waist under-kimono volume
Fra:1 Mem:47.42M (Peak 47.42M) | Time:00:00.06 | Syncing visible human head behind mempo
Fra:1 Mem:47.51M (Peak 47.51M) | Time:00:00.06 | Syncing thin exposed neck
Fra:1 Mem:47.52M (Peak 47.53M) | Time:00:00.06 | Syncing neck guard collar
Fra:1 Mem:47.54M (Peak 47.58M) | Time:00:00.06 | Syncing segmented kabuto helmet bowl
Fra:1 Mem:47.71M (Peak 47.71M) | Time:00:00.06 | Syncing wide kabuto brim
Fra:1 Mem:47.73M (Peak 47.73M) | Time:00:00.06 | Syncing layered rear shikoro neck guard
Fra:1 Mem:47.75M (Peak 47.75M) | Time:00:00.06 | Syncing left side helmet flange
Fra:1 Mem:47.76M (Peak 47.76M) | Time:00:00.06 | Syncing right side helmet flange
Fra:1 Mem:47.77M (Peak 47.77M) | Time:00:00.06 | Syncing golden maedate crescent crest
Fra:1 Mem:47.79M (Peak 47.84M) | Time:00:00.06 | Syncing crest central rivet
Fra:1 Mem:47.80M (Peak 47.84M) | Time:00:00.06 | Syncing left angular mempo cheek plate
Fra:1 Mem:47.82M (Peak 47.86M) | Time:00:00.06 | Syncing right angular mempo cheek plate
Fra:1 Mem:47.84M (Peak 47.86M) | Time:00:00.06 | Syncing mempo chin guard
Fra:1 Mem:47.86M (Peak 47.86M) | Time:00:00.06 | Syncing mempo nose ridge
Fra:1 Mem:47.87M (Peak 47.87M) | Time:00:00.06 | Syncing left narrow eye slit
Fra:1 Mem:47.89M (Peak 47.89M) | Time:00:00.06 | Syncing right narrow eye slit
Fra:1 Mem:47.90M (Peak 47.90M) | Time:00:00.06 | Syncing mempo grim mouth slit
Fra:1 Mem:47.91M (Peak 47.91M) | Time:00:00.06 | Syncing left mask moustache bristle
Fra:1 Mem:47.92M (Peak 47.92M) | Time:00:00.06 | Syncing right mask moustache bristle
Fra:1 Mem:47.93M (Peak 47.93M) | Time:00:00.06 | Syncing throat guard row 1 bevelled lamel
Fra:1 Mem:47.95M (Peak 47.95M) | Time:00:00.06 | Syncing throat guard row 1 bevelled lamel
Fra:1 Mem:47.97M (Peak 47.97M) | Time:00:00.06 | Syncing throat guard row 1 bevelled lamel
Fra:1 Mem:47.99M (Peak 47.99M) | Time:00:00.06 | Syncing throat guard row 1 bevelled lamel
Fra:1 Mem:48.01M (Peak 48.01M) | Time:00:00.06 | Syncing throat guard row 1 bevelled lamel
Fra:1 Mem:48.02M (Peak 48.02M) | Time:00:00.06 | Syncing throat guard row 2 bevelled lamel
Fra:1 Mem:48.04M (Peak 48.04M) | Time:00:00.06 | Syncing throat guard row 2 bevelled lamel
Fra:1 Mem:48.06M (Peak 48.06M) | Time:00:00.06 | Syncing throat guard row 2 bevelled lamel
Fra:1 Mem:48.08M (Peak 48.08M) | Time:00:00.06 | Syncing throat guard row 2 bevelled lamel
Fra:1 Mem:48.10M (Peak 48.10M) | Time:00:00.06 | Syncing throat guard row 2 bevelled lamel
Fra:1 Mem:48.12M (Peak 48.12M) | Time:00:00.06 | Syncing throat guard row 3 bevelled lamel
Fra:1 Mem:48.14M (Peak 48.14M) | Time:00:00.06 | Syncing throat guard row 3 bevelled lamel
Fra:1 Mem:48.16M (Peak 48.16M) | Time:00:00.06 | Syncing throat guard row 3 bevelled lamel
Fra:1 Mem:48.18M (Peak 48.18M) | Time:00:00.06 | Syncing throat guard row 3 bevelled lamel
Fra:1 Mem:48.20M (Peak 48.20M) | Time:00:00.06 | Syncing throat guard row 3 bevelled lamel
Fra:1 Mem:48.22M (Peak 48.22M) | Time:00:00.06 | Syncing upper do cuirass fitted shell
Fra:1 Mem:48.32M (Peak 48.32M) | Time:00:00.06 | Syncing lower do cuirass narrowed shell
Fra:1 Mem:48.40M (Peak 48.40M) | Time:00:00.06 | Syncing front cuirass row 1 bevelled lame
Fra:1 Mem:48.42M (Peak 48.42M) | Time:00:00.06 | Syncing front cuirass row 1 bevelled lame
Fra:1 Mem:48.44M (Peak 48.44M) | Time:00:00.06 | Syncing front cuirass row 1 bevelled lame
Fra:1 Mem:48.46M (Peak 48.46M) | Time:00:00.06 | Syncing front cuirass row 1 bevelled lame
Fra:1 Mem:48.48M (Peak 48.48M) | Time:00:00.06 | Syncing front cuirass row 1 bevelled lame
Fra:1 Mem:48.50M (Peak 48.50M) | Time:00:00.06 | Syncing front cuirass row 1 bevelled lame
Fra:1 Mem:48.52M (Peak 48.52M) | Time:00:00.06 | Syncing front cuirass row 1 bevelled lame
Fra:1 Mem:48.54M (Peak 48.54M) | Time:00:00.06 | Syncing front cuirass row 1 bevelled lame
Fra:1 Mem:48.56M (Peak 48.56M) | Time:00:00.06 | Syncing rear cuirass row 1 bevelled lamel
Fra:1 Mem:48.58M (Peak 48.58M) | Time:00:00.06 | Syncing rear cuirass row 1 bevelled lamel
Fra:1 Mem:48.60M (Peak 48.60M) | Time:00:00.06 | Syncing rear cuirass row 1 bevelled lamel
Fra:1 Mem:48.62M (Peak 48.62M) | Time:00:00.06 | Syncing rear cuirass row 1 bevelled lamel
Fra:1 Mem:48.63M (Peak 48.63M) | Time:00:00.06 | Syncing rear cuirass row 1 bevelled lamel
Fra:1 Mem:48.65M (Peak 48.65M) | Time:00:00.06 | Syncing rear cuirass row 1 bevelled lamel
Fra:1 Mem:48.67M (Peak 48.67M) | Time:00:00.06 | Syncing rear cuirass row 1 bevelled lamel
Fra:1 Mem:48.69M (Peak 48.69M) | Time:00:00.06 | Syncing rear cuirass row 1 bevelled lamel
Fra:1 Mem:48.71M (Peak 48.71M) | Time:00:00.06 | Syncing front cuirass row 2 bevelled lame
Fra:1 Mem:48.73M (Peak 48.73M) | Time:00:00.06 | Syncing front cuirass row 2 bevelled lame
Fra:1 Mem:48.75M (Peak 48.75M) | Time:00:00.06 | Syncing front cuirass row 2 bevelled lame
Fra:1 Mem:48.77M (Peak 48.77M) | Time:00:00.06 | Syncing front cuirass row 2 bevelled lame
Fra:1 Mem:48.79M (Peak 48.79M) | Time:00:00.06 | Syncing front cuirass row 2 bevelled lame
Fra:1 Mem:48.81M (Peak 48.81M) | Time:00:00.06 | Syncing front cuirass row 2 bevelled lame
Fra:1 Mem:48.83M (Peak 48.83M) | Time:00:00.06 | Syncing front cuirass row 2 bevelled lame
Fra:1 Mem:48.85M (Peak 48.85M) | Time:00:00.06 | Syncing front cuirass row 2 bevelled lame
Fra:1 Mem:48.87M (Peak 48.87M) | Time:00:00.06 | Syncing rear cuirass row 2 bevelled lamel
Fra:1 Mem:48.89M (Peak 48.89M) | Time:00:00.06 | Syncing rear cuirass row 2 bevelled lamel
Fra:1 Mem:48.91M (Peak 48.91M) | Time:00:00.06 | Syncing rear cuirass row 2 bevelled lamel
Fra:1 Mem:48.93M (Peak 48.93M) | Time:00:00.06 | Syncing rear cuirass row 2 bevelled lamel
Fra:1 Mem:48.95M (Peak 48.95M) | Time:00:00.06 | Syncing rear cuirass row 2 bevelled lamel
Fra:1 Mem:48.96M (Peak 48.96M) | Time:00:00.06 | Syncing rear cuirass row 2 bevelled lamel
Fra:1 Mem:48.98M (Peak 48.98M) | Time:00:00.06 | Syncing rear cuirass row 2 bevelled lamel
Fra:1 Mem:49.00M (Peak 49.00M) | Time:00:00.06 | Syncing rear cuirass row 2 bevelled lamel
Fra:1 Mem:49.02M (Peak 49.02M) | Time:00:00.06 | Syncing front cuirass row 3 bevelled lame
Fra:1 Mem:49.04M (Peak 49.04M) | Time:00:00.06 | Syncing front cuirass row 3 bevelled lame
Fra:1 Mem:49.06M (Peak 49.06M) | Time:00:00.06 | Syncing front cuirass row 3 bevelled lame
Fra:1 Mem:49.08M (Peak 49.08M) | Time:00:00.06 | Syncing front cuirass row 3 bevelled lame
Fra:1 Mem:49.10M (Peak 49.10M) | Time:00:00.06 | Syncing front cuirass row 3 bevelled lame
Fra:1 Mem:49.12M (Peak 49.12M) | Time:00:00.06 | Syncing front cuirass row 3 bevelled lame
Fra:1 Mem:49.14M (Peak 49.14M) | Time:00:00.06 | Syncing front cuirass row 3 bevelled lame
Fra:1 Mem:49.16M (Peak 49.16M) | Time:00:00.06 | Syncing front cuirass row 3 bevelled lame
Fra:1 Mem:49.18M (Peak 49.18M) | Time:00:00.06 | Syncing rear cuirass row 3 bevelled lamel
Fra:1 Mem:49.20M (Peak 49.20M) | Time:00:00.06 | Syncing rear cuirass row 3 bevelled lamel
Fra:1 Mem:49.22M (Peak 49.22M) | Time:00:00.06 | Syncing rear cuirass row 3 bevelled lamel
Fra:1 Mem:49.23M (Peak 49.23M) | Time:00:00.06 | Syncing rear cuirass row 3 bevelled lamel
Fra:1 Mem:49.25M (Peak 49.25M) | Time:00:00.06 | Syncing rear cuirass row 3 bevelled lamel
Fra:1 Mem:49.27M (Peak 49.27M) | Time:00:00.06 | Syncing rear cuirass row 3 bevelled lamel
Fra:1 Mem:49.29M (Peak 49.29M) | Time:00:00.06 | Syncing rear cuirass row 3 bevelled lamel
Fra:1 Mem:49.31M (Peak 49.31M) | Time:00:00.07 | Syncing rear cuirass row 3 bevelled lamel
Fra:1 Mem:49.33M (Peak 49.33M) | Time:00:00.07 | Syncing front cuirass row 4 bevelled lame
Fra:1 Mem:49.35M (Peak 49.35M) | Time:00:00.07 | Syncing front cuirass row 4 bevelled lame
Fra:1 Mem:49.37M (Peak 49.37M) | Time:00:00.07 | Syncing front cuirass row 4 bevelled lame
Fra:1 Mem:49.39M (Peak 49.39M) | Time:00:00.07 | Syncing front cuirass row 4 bevelled lame
Fra:1 Mem:49.41M (Peak 49.41M) | Time:00:00.07 | Syncing front cuirass row 4 bevelled lame
Fra:1 Mem:49.43M (Peak 49.43M) | Time:00:00.07 | Syncing front cuirass row 4 bevelled lame
Fra:1 Mem:49.45M (Peak 49.45M) | Time:00:00.07 | Syncing front cuirass row 4 bevelled lame
Fra:1 Mem:49.47M (Peak 49.47M) | Time:00:00.07 | Syncing front cuirass row 4 bevelled lame
Fra:1 Mem:49.49M (Peak 49.49M) | Time:00:00.07 | Syncing rear cuirass row 4 bevelled lamel
Fra:1 Mem:49.50M (Peak 49.50M) | Time:00:00.07 | Syncing rear cuirass row 4 bevelled lamel
Fra:1 Mem:49.52M (Peak 49.52M) | Time:00:00.07 | Syncing rear cuirass row 4 bevelled lamel
Fra:1 Mem:49.54M (Peak 49.54M) | Time:00:00.07 | Syncing rear cuirass row 4 bevelled lamel
Fra:1 Mem:49.56M (Peak 49.56M) | Time:00:00.07 | Syncing rear cuirass row 4 bevelled lamel
Fra:1 Mem:49.58M (Peak 49.58M) | Time:00:00.07 | Syncing rear cuirass row 4 bevelled lamel
Fra:1 Mem:49.60M (Peak 49.60M) | Time:00:00.07 | Syncing rear cuirass row 4 bevelled lamel
Fra:1 Mem:49.62M (Peak 49.62M) | Time:00:00.07 | Syncing rear cuirass row 4 bevelled lamel
Fra:1 Mem:49.64M (Peak 49.64M) | Time:00:00.07 | Syncing front cuirass row 5 bevelled lame
Fra:1 Mem:49.66M (Peak 49.66M) | Time:00:00.07 | Syncing front cuirass row 5 bevelled lame
Fra:1 Mem:49.68M (Peak 49.68M) | Time:00:00.07 | Syncing front cuirass row 5 bevelled lame
Fra:1 Mem:49.70M (Peak 49.70M) | Time:00:00.07 | Syncing front cuirass row 5 bevelled lame
Fra:1 Mem:49.72M (Peak 49.72M) | Time:00:00.07 | Syncing front cuirass row 5 bevelled lame
Fra:1 Mem:49.74M (Peak 49.74M) | Time:00:00.07 | Syncing front cuirass row 5 bevelled lame
Fra:1 Mem:49.76M (Peak 49.76M) | Time:00:00.07 | Syncing front cuirass row 5 bevelled lame
Fra:1 Mem:49.78M (Peak 49.78M) | Time:00:00.07 | Syncing front cuirass row 5 bevelled lame
Fra:1 Mem:49.79M (Peak 49.79M) | Time:00:00.07 | Syncing rear cuirass row 5 bevelled lamel
Fra:1 Mem:49.81M (Peak 49.81M) | Time:00:00.07 | Syncing rear cuirass row 5 bevelled lamel
Fra:1 Mem:49.83M (Peak 49.83M) | Time:00:00.07 | Syncing rear cuirass row 5 bevelled lamel
Fra:1 Mem:49.85M (Peak 49.85M) | Time:00:00.07 | Syncing rear cuirass row 5 bevelled lamel
Fra:1 Mem:49.87M (Peak 49.87M) | Time:00:00.07 | Syncing rear cuirass row 5 bevelled lamel
Fra:1 Mem:49.89M (Peak 49.89M) | Time:00:00.07 | Syncing rear cuirass row 5 bevelled lamel
Fra:1 Mem:49.91M (Peak 49.91M) | Time:00:00.07 | Syncing rear cuirass row 5 bevelled lamel
Fra:1 Mem:49.93M (Peak 49.93M) | Time:00:00.07 | Syncing rear cuirass row 5 bevelled lamel
Fra:1 Mem:49.95M (Peak 49.95M) | Time:00:00.07 | Syncing left side cuirass plate 1
Fra:1 Mem:49.96M (Peak 49.96M) | Time:00:00.07 | Syncing left side cuirass plate 2
Fra:1 Mem:49.98M (Peak 49.98M) | Time:00:00.07 | Syncing left side cuirass plate 3
Fra:1 Mem:49.99M (Peak 49.99M) | Time:00:00.07 | Syncing right side cuirass plate 1
Fra:1 Mem:50.00M (Peak 50.00M) | Time:00:00.07 | Syncing right side cuirass plate 2
Fra:1 Mem:50.02M (Peak 50.02M) | Time:00:00.07 | Syncing right side cuirass plate 3
Fra:1 Mem:50.03M (Peak 50.03M) | Time:00:00.07 | Syncing left shoulder undercloth
Fra:1 Mem:50.09M (Peak 50.09M) | Time:00:00.07 | Syncing left hanging sode shoulder plate 
Fra:1 Mem:50.11M (Peak 50.11M) | Time:00:00.07 | Syncing left hanging sode shoulder plate 
Fra:1 Mem:50.13M (Peak 50.13M) | Time:00:00.07 | Syncing left hanging sode shoulder plate 
Fra:1 Mem:50.15M (Peak 50.15M) | Time:00:00.07 | Syncing left hanging sode shoulder plate 
Fra:1 Mem:50.17M (Peak 50.17M) | Time:00:00.07 | Syncing left armored upper arm
Fra:1 Mem:50.22M (Peak 50.22M) | Time:00:00.07 | Syncing left sode shoulder armor
Fra:1 Mem:50.27M (Peak 50.27M) | Time:00:00.07 | Syncing left kote forearm guard
Fra:1 Mem:50.32M (Peak 50.32M) | Time:00:00.07 | Syncing left leather palm volume
Fra:1 Mem:50.36M (Peak 50.38M) | Time:00:00.07 | Syncing left articulated index finger
Fra:1 Mem:50.37M (Peak 50.38M) | Time:00:00.07 | Syncing left index fingertip
Fra:1 Mem:50.38M (Peak 50.38M) | Time:00:00.07 | Syncing left articulated middle finger
Fra:1 Mem:50.39M (Peak 50.39M) | Time:00:00.07 | Syncing left middle fingertip
Fra:1 Mem:50.40M (Peak 50.40M) | Time:00:00.07 | Syncing left articulated ring finger
Fra:1 Mem:50.41M (Peak 50.41M) | Time:00:00.07 | Syncing left ring fingertip
Fra:1 Mem:50.42M (Peak 50.42M) | Time:00:00.07 | Syncing left articulated pinky finger
Fra:1 Mem:50.43M (Peak 50.43M) | Time:00:00.07 | Syncing left pinky fingertip
Fra:1 Mem:50.44M (Peak 50.44M) | Time:00:00.07 | Syncing left opposed thumb
Fra:1 Mem:50.45M (Peak 50.45M) | Time:00:00.07 | Syncing left thumb fingertip
Fra:1 Mem:50.47M (Peak 50.47M) | Time:00:00.07 | Syncing right shoulder undercloth
Fra:1 Mem:50.52M (Peak 50.52M) | Time:00:00.07 | Syncing right hanging sode shoulder plate
Fra:1 Mem:50.54M (Peak 50.54M) | Time:00:00.07 | Syncing right hanging sode shoulder plate
Fra:1 Mem:50.56M (Peak 50.56M) | Time:00:00.07 | Syncing right hanging sode shoulder plate
Fra:1 Mem:50.58M (Peak 50.58M) | Time:00:00.07 | Syncing right hanging sode shoulder plate
Fra:1 Mem:50.60M (Peak 50.60M) | Time:00:00.07 | Syncing right armored upper arm
Fra:1 Mem:50.66M (Peak 50.66M) | Time:00:00.07 | Syncing right sode shoulder armor
Fra:1 Mem:50.70M (Peak 50.70M) | Time:00:00.07 | Syncing right kote forearm guard
Fra:1 Mem:50.75M (Peak 50.75M) | Time:00:00.07 | Syncing right leather palm volume
Fra:1 Mem:50.79M (Peak 50.79M) | Time:00:00.07 | Syncing right articulated index finger
Fra:1 Mem:50.80M (Peak 50.80M) | Time:00:00.07 | Syncing right index fingertip
Fra:1 Mem:50.81M (Peak 50.81M) | Time:00:00.07 | Syncing right articulated middle finger
Fra:1 Mem:50.82M (Peak 50.82M) | Time:00:00.07 | Syncing right middle fingertip
Fra:1 Mem:50.83M (Peak 50.83M) | Time:00:00.07 | Syncing right articulated ring finger
Fra:1 Mem:50.84M (Peak 50.84M) | Time:00:00.07 | Syncing right ring fingertip
Fra:1 Mem:50.85M (Peak 50.85M) | Time:00:00.07 | Syncing right articulated pinky finger
Fra:1 Mem:50.86M (Peak 50.86M) | Time:00:00.07 | Syncing right pinky fingertip
Fra:1 Mem:50.87M (Peak 50.87M) | Time:00:00.07 | Syncing right opposed thumb
Fra:1 Mem:50.88M (Peak 50.88M) | Time:00:00.07 | Syncing right thumb fingertip
Fra:1 Mem:50.90M (Peak 50.90M) | Time:00:00.07 | Syncing kusazuri skirt plate -1 row 1
Fra:1 Mem:50.91M (Peak 50.91M) | Time:00:00.07 | Syncing rear kusazuri skirt plate -1 row 
Fra:1 Mem:50.93M (Peak 50.93M) | Time:00:00.07 | Syncing kusazuri skirt plate -1 row 2
Fra:1 Mem:50.94M (Peak 50.94M) | Time:00:00.07 | Syncing rear kusazuri skirt plate -1 row 
Fra:1 Mem:50.96M (Peak 50.96M) | Time:00:00.07 | Syncing kusazuri skirt plate -1 row 3
Fra:1 Mem:50.97M (Peak 50.97M) | Time:00:00.07 | Syncing rear kusazuri skirt plate -1 row 
Fra:1 Mem:50.98M (Peak 50.98M) | Time:00:00.07 | Syncing kusazuri skirt plate +0 row 1
Fra:1 Mem:51.00M (Peak 51.00M) | Time:00:00.07 | Syncing rear kusazuri skirt plate +0 row 
Fra:1 Mem:51.01M (Peak 51.01M) | Time:00:00.07 | Syncing kusazuri skirt plate +0 row 2
Fra:1 Mem:51.03M (Peak 51.03M) | Time:00:00.07 | Syncing rear kusazuri skirt plate +0 row 
Fra:1 Mem:51.04M (Peak 51.04M) | Time:00:00.07 | Syncing kusazuri skirt plate +0 row 3
Fra:1 Mem:51.05M (Peak 51.05M) | Time:00:00.07 | Syncing rear kusazuri skirt plate +0 row 
Fra:1 Mem:51.07M (Peak 51.07M) | Time:00:00.07 | Syncing kusazuri skirt plate +1 row 1
Fra:1 Mem:51.08M (Peak 51.08M) | Time:00:00.07 | Syncing rear kusazuri skirt plate +1 row 
Fra:1 Mem:51.10M (Peak 51.10M) | Time:00:00.07 | Syncing kusazuri skirt plate +1 row 2
Fra:1 Mem:51.11M (Peak 51.11M) | Time:00:00.07 | Syncing rear kusazuri skirt plate +1 row 
Fra:1 Mem:51.12M (Peak 51.12M) | Time:00:00.07 | Syncing kusazuri skirt plate +1 row 3
Fra:1 Mem:51.14M (Peak 51.14M) | Time:00:00.07 | Syncing rear kusazuri skirt plate +1 row 
Fra:1 Mem:51.15M (Peak 51.15M) | Time:00:00.07 | Syncing left hakama trouser leg
Fra:1 Mem:51.21M (Peak 51.21M) | Time:00:00.07 | Syncing left shin greave
Fra:1 Mem:51.26M (Peak 51.26M) | Time:00:00.07 | Syncing left split-toe tabi foot volume
Fra:1 Mem:51.31M (Peak 51.31M) | Time:00:00.07 | Syncing left separated big toe
Fra:1 Mem:51.33M (Peak 51.33M) | Time:00:00.07 | Syncing left outer toe group
Fra:1 Mem:51.35M (Peak 51.35M) | Time:00:00.07 | Syncing left woven waraji sole grounded
Fra:1 Mem:51.36M (Peak 51.36M) | Time:00:00.07 | Syncing left sandal toe strap
Fra:1 Mem:51.37M (Peak 51.42M) | Time:00:00.07 | Syncing left heel strap
Fra:1 Mem:51.37M (Peak 51.42M) | Time:00:00.07 | Syncing left hakama pleat 1
Fra:1 Mem:51.38M (Peak 51.42M) | Time:00:00.07 | Syncing left hakama pleat 2
Fra:1 Mem:51.38M (Peak 51.42M) | Time:00:00.07 | Syncing left hakama pleat 3
Fra:1 Mem:51.39M (Peak 51.42M) | Time:00:00.07 | Syncing right hakama trouser leg
Fra:1 Mem:51.48M (Peak 51.48M) | Time:00:00.08 | Syncing right shin greave
Fra:1 Mem:51.54M (Peak 51.54M) | Time:00:00.08 | Syncing right split-toe tabi foot volume
Fra:1 Mem:51.58M (Peak 51.58M) | Time:00:00.08 | Syncing right separated big toe
Fra:1 Mem:51.60M (Peak 51.60M) | Time:00:00.08 | Syncing right outer toe group
Fra:1 Mem:51.62M (Peak 51.62M) | Time:00:00.08 | Syncing right woven waraji sole grounded
Fra:1 Mem:51.63M (Peak 51.63M) | Time:00:00.08 | Syncing right sandal toe strap
Fra:1 Mem:51.64M (Peak 51.64M) | Time:00:00.08 | Syncing right heel strap
Fra:1 Mem:51.64M (Peak 51.64M) | Time:00:00.08 | Syncing right hakama pleat 1
Fra:1 Mem:51.65M (Peak 51.65M) | Time:00:00.08 | Syncing right hakama pleat 2
Fra:1 Mem:51.66M (Peak 51.66M) | Time:00:00.08 | Syncing right hakama pleat 3
Fra:1 Mem:51.66M (Peak 51.66M) | Time:00:00.08 | Syncing drawn katana blade spine
Fra:1 Mem:51.67M (Peak 51.73M) | Time:00:00.08 | Syncing bright sharpened katana edge
Fra:1 Mem:51.68M (Peak 51.73M) | Time:00:00.08 | Syncing wrapped katana grip
Fra:1 Mem:51.69M (Peak 51.73M) | Time:00:00.08 | Syncing square tsuba guard
Fra:1 Mem:51.70M (Peak 51.73M) | Time:00:00.08 | Syncing lacquered saya scabbard at left h
Fra:1 Mem:51.71M (Peak 51.73M) | Time:00:00.08 | Syncing waist sash tying armor
Fra:1 Mem:51.71M (Peak 51.73M) | Time:00:00.08 | Syncing bamboo sashimono back pole
Fra:1 Mem:51.72M (Peak 51.73M) | Time:00:00.08 | Syncing small lacquered sashimono crossba
Fra:1 Mem:51.74M (Peak 51.74M) | Time:00:00.08 | Syncing cloth sashimono banner panel
Fra:1 Mem:51.75M (Peak 51.80M) | Time:00:00.08 | Syncing simple round clan mon on banner
Fra:1 Mem:51.79M (Peak 51.80M) | Time:00:00.08 | Syncing cool key
Fra:1 Mem:51.79M (Peak 51.80M) | Time:00:00.08 | Syncing rim
Fra:1 Mem:51.79M (Peak 51.80M) | Time:00:00.08 | Syncing hero cam
Fra:1 Mem:51.79M (Peak 51.80M) | Time:00:00.08 | Syncing samurai_v2_provenance
Fra:1 Mem:51.83M (Peak 51.92M) | Time:00:00.08 | Rendering 1 / 32 samples
Fra:1 Mem:49.42M (Peak 51.92M) | Time:00:02.60 | Rendering 26 / 32 samples
Fra:1 Mem:49.42M (Peak 51.92M) | Time:00:03.04 | Rendering 32 / 32 samples
Saved: '/tmp/factoryx-v22-render/samurai-repaired-full-20-v22/uesugi-01/turntable_005.png'
 Time: 00:03.16 (Saving: 00:00.04)

ERROR (bke.modifier): ./source/blender/blenkernel/intern/modifier.cc:458 BKE_modifier_set_error: Object: "rear cuirass row 3 bevelled lamellar plate 02", Modifier: "weighted normals", Enable 'Auto Smooth' in Object Data Properties
ERROR (bke.modifier): ./source/blender/blenkernel/intern/modifier.cc:458 BKE_modifier_set_error: Object: "rear cuirass row 3 bevelled lamellar plate 08", Modifier: "weighted normals", Enable 'Auto Smooth' in Object Data Properties
ERROR (bke.modifier): ./source/blender/blenkernel/intern/modifier.cc:458 BKE_modifier_set_error: Object: "rear cuirass row 3 bevelled lamellar plate 03", Modifier: "weighted normals", Enable 'Auto Smooth' in Object Data Properties
ERROR (bke.modifier): ./source/blender/blenkernel/intern/modifier.cc:458 BKE_modifier_set_error: Object: "front cuirass row 4 bevelled lamellar plate 01", Modifier: "weighted normals", Enable 'Auto Smooth' in Object Data Properties
ERROR (bke.modifier): ./source/blender/blenkernel/intern/modifier.cc:458 BKE_modifier_set_error: Object: "front cuirass row 4 bevelled lamellar plate 02", Modifier: "weighted normals", Enable 'Auto Smooth' in Object Data Properties
ERROR (bke.modifier): ./source/blender/blenkernel/intern/modifier.cc:458 BKE_modifier_set_error: Object: "front cuirass row 3 bevelled lamellar plate 07", Modifier: "weighted normals", Enable 'Auto Smooth' in Object Data Properties
ERROR (bke.modifier): ./source/blender/blenkernel/intern/modifier.cc:458 BKE_modifier_set_error: Object: "rear cuirass row 3 bevelled lamellar plate 06", Modifier: "weighted normals", Enable 'Auto Smooth' in Object Data Properties
ERROR (bke.modifier): ./source/blender/blenkernel/intern/modifier.cc:458 BKE_modifier_set_error: Object: "rear cuirass row 3 bevelled lamellar plate 04", Modifier: "weighted normals", Enable 'Auto Smooth' in Object Data Properties
ERROR (bke.modifier): ./source/blender/blenkernel/intern/modifier.cc:458 BKE_modifier_set_error: Object: "front cuirass row 3 bevelled lamellar plate 08", Modifier: "weighted normals", Enable 'Auto Smooth' in Object Data Properties
ERROR (bke.modifier): ./source/blender/blenkernel/intern/modifier.cc:458 BKE_modifier_set_error: Object: "front cuirass row 4 bevelled lamellar plate 05", Modifier: "weighted normals", Enable 'Auto Smooth' in Object Data Properties
ERROR (bke.modifier): ./source/blender/blenkernel/intern/modifier.cc:458 BKE_modifier_set_error: Object: "rear cuirass row 3 bevelled lamellar plate 05", Modifier: "weighted normals", Enable 'Auto Smooth' in Object Data Properties
ERROR (bke.modifier): ./source/blender/blenkernel/intern/modifier.cc:458 BKE_modifier_set_error: Object: "rear cuirass row 3 bevelled lamellar plate 01", Modifier: "weighted normals", Enable 'Auto Smooth' in Object Data Properties
ERROR (bke.modifier): ./source/blender/blenkernel/intern/modifier.cc:458 BKE_modifier_set_error: Object: "front cuirass row 4 bevelled lamellar plate 04", Modifier: "weighted normals", Enable 'Auto Smooth' in Object Data Properties
ERROR (bke.modifier): ./source/blender/blenkernel/intern/modifier.cc:458 BKE_modifier_set_error: Object: "front cuirass row 4 bevelled lamellar plate 03", Modifier: "weighted normals", Enable 'Auto Smooth' in Object Data Properties
ERROR (bke.modifier): ./source/blender/blenkernel/intern/modifier.cc:458 BKE_modifier_set_error: Object: "front cuirass row 4 bevelled lamellar plate 07", Modifier: "weighted normals", Enable 'Auto Smooth' in Object Data Properties
ERROR (bke.modifier): ./source/blender/blenkernel/intern/modifier.cc:458 BKE_modifier_set_error: Object: "front cuirass row 4 bevelled lamellar plate 08", Modifier: "weighted normals", Enable 'Auto Smooth' in Object Data Properties
ERROR (bke.modifier): ./source/blender/blenkernel/intern/modifier.cc:458 BKE_modifier_set_error: Object: "rear cuirass row 4 bevelled lamellar plate 06", Modifier: "weighted normals", Enable 'Auto Smooth' in Object Data Properties
ERROR (bke.modifier): ./source/blender/blenkernel/intern/modifier.cc:458 BKE_modifier_set_error: Object: "rear cuirass row 4 bevelled lamellar plate 02", Modifier: "weighted normals", Enable 'Auto Smooth' in Object Data Properties
ERROR (bke.modifier): ./source/blender/blenkernel/intern/modifier.cc:458 BKE_modifier_set_error: Object: "rear cuirass row 4 bevelled lamellar plate 03", Modifier: "weighted normals", Enable 'Auto Smooth' in Object Data Properties
ERROR (bke.modifier): ./source/blender/blenkernel/intern/modifier.cc:458 BKE_modifier_set_error: Object: "front cuirass row 3 bevelled lamellar plate 06", Modifier: "weighted normals", Enable 'Auto Smooth' in Object Data Properties
ERROR (bke.modifier): ./source/blender/blenkernel/intern/modifier.cc:458 BKE_modifier_set_error: Object: "rear cuirass row 4 bevelled lamellar plate 05", Modifier: "weighted normals", Enable 'Auto Smooth' in Object Data Properties
ERROR (bke.modifier): ./source/blender/blenkernel/intern/modifier.cc:458 BKE_modifier_set_error: Object: "rear cuirass row 3 bevelled lamellar plate 07", Modifier: "weighted normals", Enable 'Auto Smooth' in Object Data Properties
ERROR (bke.modifier): ./source/blender/blenkernel/intern/modifier.cc:458 BKE_modifier_set_error: Object: "front cuirass row 4 bevelled lamellar plate 06", Modifier: "weighted normals", Enable 'Auto Smooth' in Object Data Properties
ERROR (bke.modifier): ./source/blender/blenkernel/intern/modifier.cc:458 BKE_modifier_set_error: Object: "rear cuirass row 4 bevelled lamellar plate 01", Modifier: "weighted normals", Enable 'Auto Smooth' in Object Data Properties
ERROR (bke.modifier): ./source/blender/blenkernel/intern/modifier.cc:458 BKE_modifier_set_error: Object: "rear cuirass row 4 bevelled lamellar plate 04", Modifier: "weighted normals", Enable 'Auto Smooth' in Object Data Properties
ERROR (bke.modifier): ./source/blender/blenkernel/intern/modifier.cc:458 BKE_modifier_set_error: Object: "front cuirass row 5 bevelled lamellar plate 02", Modifier: "weighted normals", Enable 'Auto Smooth' in Object Data Properties
ERROR (bke.modifier): ./source/blender/blenkernel/intern/modifier.cc:458 BKE_modifier_set_error: Object: "front cuirass row 5 bevelled lamellar plate 04", Modifier: "weighted normals", Enable 'Auto Smooth' in Object Data Properties
ERROR (bke.modifier): ./source/blender/blenkernel/intern/modifier.cc:458 BKE_modifier_set_error: Object: "front cuirass row 5 bevelled lamellar plate 06", Modifier: "weighted normals", Enable 'Auto Smooth' in Object Data Properties
ERROR (bke.modifier): ./source/blender/blenkernel/intern/modifier.cc:458 BKE_modifier_set_error: Object: "rear cuirass row 4 bevelled lamellar plate 07", Modifier: "weighted normals", Enable 'Auto Smooth' in Object Data Properties
ERROR (bke.modifier): ./source/blender/blenkernel/intern/modifier.cc:458 BKE_modifier_set_error: Object: "front cuirass row 5 bevelled lamellar plate 01", Modifier: "weighted normals", Enable 'Auto Smooth' in Object Data Properties
ERROR (bke.modifier): ./source/blender/blenkernel/intern/modifier.cc:458 BKE_modifier_set_error: Object: "rear cuirass row 4 bevelled lamellar plate 08", Modifier: "weighted normals", Enable 'Auto Smooth' in Object Data Properties
ERROR (bke.modifier): ./source/blender/blenkernel/intern/modifier.cc:458 BKE_modifier_set_error: Object: "front cuirass row 5 bevelled lamellar plate 03", Modifier: "weighted normals", Enable 'Auto Smooth' in Object Data Properties
ERROR (bke.modifier): ./source/blender/blenkernel/intern/modifier.cc:458 BKE_modifier_set_error: Object: "front cuirass row 5 bevelled lamellar plate 05", Modifier: "weighted normals", Enable 'Auto Smooth' in Object Data Properties
ERROR (bke.modifier): ./source/blender/blenkernel/intern/modifier.cc:458 BKE_modifier_set_error: Object: "front cuirass row 5 bevelled lamellar plate 08", Modifier: "weighted normals", Enable 'Auto Smooth' in Object Data Properties
ERROR (bke.modifier): ./source/blender/blenkernel/intern/modifier.cc:458 BKE_modifier_set_error: Object: "front cuirass row 3 bevelled lamellar plate 05", Modifier: "weighted normals", Enable 'Auto Smooth' in Object Data Properties
ERROR (bke.modifier): ./source/blender/blenkernel/intern/modifier.cc:458 BKE_modifier_set_error: Object: "front cuirass row 5 bevelled lamellar plate 07", Modifier: "weighted normals", Enable 'Auto Smooth' in Object Data Properties
ERROR (bke.modifier): ./source/blender/blenkernel/intern/modifier.cc:458 BKE_modifier_set_error: Object: "rear cuirass row 5 bevelled lamellar plate 01", Modifier: "weighted normals", Enable 'Auto Smooth' in Object Data Properties
ERROR (bke.modifier): ./source/blender/blenkernel/intern/modifier.cc:458 BKE_modifier_set_error: Object: "left shoulder undercloth", Modifier: "weighted normals", Enable 'Auto Smooth' in Object Data Properties
ERROR (bke.modifier): ./source/blender/blenkernel/intern/modifier.cc:458 BKE_modifier_set_error: Object: "rear cuirass row 5 bevelled lamellar plate 04", Modifier: "weighted normals", Enable 'Auto Smooth' in Object Data Properties
ERROR (bke.modifier): ./source/blender/blenkernel/intern/modifier.cc:458 BKE_modifier_set_error: Object: "rear cuirass row 5 bevelled lamellar plate 02", Modifier: "weighted normals", Enable 'Auto Smooth' in Object Data Properties
ERROR (bke.modifier): ./source/blender/blenkernel/intern/modifier.cc:458 BKE_modifier_set_error: Object: "rear cuirass row 5 bevelled lamellar plate 03", Modifier: "weighted normals", Enable 'Auto Smooth' in Object Data Properties
ERROR (bke.modifier): ./source/blender/blenkernel/intern/modifier.cc:458 BKE_modifier_set_error: Object: "rear cuirass row 5 bevelled lamellar plate 05", Modifier: "weighted normals", Enable 'Auto Smooth' in Object Data Properties
ERROR (bke.modifier): ./source/blender/blenkernel/intern/modifier.cc:458 BKE_modifier_set_error: Object: "right side cuirass plate 3", Modifier: "weighted normals", Enable 'Auto Smooth' in Object Data Properties
ERROR (bke.modifier): ./source/blender/blenkernel/intern/modifier.cc:458 BKE_modifier_set_error: Object: "left armored upper arm", Modifier: "weighted normals", Enable 'Auto Smooth' in Object Data Properties
ERROR (bke.modifier): ./source/blender/blenkernel/intern/modifier.cc:458 BKE_modifier_set_error: Object: "rear cuirass row 5 bevelled lamellar plate 06", Modifier: "weighted normals", Enable 'Auto Smooth' in Object Data Properties
ERROR (bke.modifier): ./source/blender/blenkernel/intern/modifier.cc:458 BKE_modifier_set_error: Object: "rear cuirass row 5 bevelled lamellar plate 07", Modifier: "weighted normals", Enable 'Auto Smooth' in Object Data Properties
ERROR (bke.modifier): ./source/blender/blenkernel/intern/modifier.cc:458 BKE_modifier_set_error: Object: "left sode shoulder armor", Modifier: "weighted normals", Enable 'Auto Smooth' in Object Data Properties
ERROR (bke.modifier): ./source/blender/blenkernel/intern/modifier.cc:458 BKE_modifier_set_error: Object: "rear cuirass row 5 bevelled lamellar plate 08", Modifier: "weighted normals", Enable 'Auto Smooth' in Object Data Properties
ERROR (bke.modifier): ./source/blender/blenkernel/intern/modifier.cc:458 BKE_modifier_set_error: Object: "left kote forearm guard", Modifier: "weighted normals", Enable 'Auto Smooth' in Object Data Properties
ERROR (bke.modifier): ./source/blender/blenkernel/intern/modifier.cc:458 BKE_modifier_set_error: Object: "left side cuirass plate 2", Modifier: "weighted normals", Enable 'Auto Smooth' in Object Data Properties
ERROR (bke.modifier): ./source/blender/blenkernel/intern/modifier.cc:458 BKE_modifier_set_error: Object: "left leather palm volume", Modifier: "weighted normals", Enable 'Auto Smooth' in Object Data Properties
ERROR (bke.modifier): ./source/blender/blenkernel/intern/modifier.cc:458 BKE_modifier_set_error: Object: "left side cuirass plate 1", Modifier: "weighted normals", Enable 'Auto Smooth' in Object Data Properties
ERROR (bke.modifier): ./source/blender/blenkernel/intern/modifier.cc:458 BKE_modifier_set_error: Object: "front cuirass row 3 bevelled lamellar plate 04", Modifier: "weighted normals", Enable 'Auto Smooth' in Object Data Properties
ERROR (bke.modifier): ./source/blender/blenkernel/intern/modifier.cc:458 BKE_modifier_set_error: Object: "left index fingertip", Modifier: "weighted normals", Enable 'Auto Smooth' in Object Data Properties
ERROR (bke.modifier): ./source/blender/blenkernel/intern/modifier.cc:458 BKE_modifier_set_error: Object: "left middle fingertip", Modifier: "weighted normals", Enable 'Auto Smooth' in Object Data Properties
ERROR (bke.modifier): ./source/blender/blenkernel/intern/modifier.cc:458 BKE_modifier_set_error: Object: "left side cuirass plate 3", Modifier: "weighted normals", Enable 'Auto Smooth' in Object Data Properties
ERROR (bke.modifier): ./source/blender/blenkernel/intern/modifier.cc:458 BKE_modifier_set_error: Object: "left ring fingertip", Modifier: "weighted normals", Enable 'Auto Smooth' in Object Data Properties
ERROR (bke.modifier): ./source/blender/blenkernel/intern/modifier.cc:458 BKE_modifier_set_error: Object: "left pinky fingertip", Modifier: "weighted normals", Enable 'Auto Smooth' in Object Data Properties
ERROR (bke.modifier): ./source/blender/blenkernel/intern/modifier.cc:458 BKE_modifier_set_error: Object: "right side cuirass plate 1", Modifier: "weighted normals", Enable 'Auto Smooth' in Object Data Properties
ERROR (bke.modifier): ./source/blender/blenkernel/intern/modifier.cc:458 BKE_modifier_set_error: Object: "left thumb fingertip", Modifier: "weighted normals", Enable 'Auto Smooth' in Object Data Properties
ERROR (bke.modifier): ./source/blender/blenkernel/intern/modifier.cc:458 BKE_modifier_set_error: Object: "right side cuirass plate 2", Modifier: "weighted normals", Enable 'Auto Smooth' in Object Data Properties
ERROR (bke.modifier): ./source/blender/blenkernel/intern/modifier.cc:458 BKE_modifier_set_error: Object: "right shoulder undercloth", Modifier: "weighted normals", Enable 'Auto Smooth' in Object Data Properties
ERROR (bke.modifier): ./source/blender/blenkernel/intern/modifier.cc:458 BKE_modifier_set_error: Object: "right armored upper arm", Modifier: "weighted normals", Enable 'Auto Smooth' in Object Data Properties
ERROR (bke.modifier): ./source/blender/blenkernel/intern/modifier.cc:458 BKE_modifier_set_error: Object: "right kote forearm guard", Modifier: "weighted normals", Enable 'Auto Smooth' in Object Data Properties
ERROR (bke.modifier): ./source/blender/blenkernel/intern/modifier.cc:458 BKE_modifier_set_error: Object: "right leather palm volume", Modifier: "weighted normals", Enable 'Auto Smooth' in Object Data Properties
ERROR (bke.modifier): ./source/blender/blenkernel/intern/modifier.cc:458 BKE_modifier_set_error: Object: "right sode shoulder armor", Modifier: "weighted normals", Enable 'Auto Smooth' in Object Data Properties
ERROR (bke.modifier): ./source/blender/blenkernel/intern/modifier.cc:458 BKE_modifier_set_error: Object: "right index fingertip", Modifier: "weighted normals", Enable 'Auto Smooth' in Object Data Properties
ERROR (bke.modifier): ./source/blender/blenkernel/intern/modifier.cc:458 BKE_modifier_set_error: Object: "left hanging sode shoulder plate 1", Modifier: "weighted normals", Enable 'Auto Smooth' in Object Data Properties
ERROR (bke.modifier): ./source/blender/blenkernel/intern/modifier.cc:458 BKE_modifier_set_error: Object: "left hanging sode shoulder plate 3", Modifier: "weighted normals", Enable 'Auto Smooth' in Object Data Properties
ERROR (bke.modifier): ./source/blender/blenkernel/intern/modifier.cc:458 BKE_modifier_set_error: Object: "left hanging sode shoulder plate 2", Modifier: "weighted normals", Enable 'Auto Smooth' in Object Data Properties
ERROR (bke.modifier): ./source/blender/blenkernel/intern/modifier.cc:458 BKE_modifier_set_error: Object: "right middle fingertip", Modifier: "weighted normals", Enable 'Auto Smooth' in Object Data Properties
ERROR (bke.modifier): ./source/blender/blenkernel/intern/modifier.cc:458 BKE_modifier_set_error: Object: "right ring fingertip", Modifier: "weighted normals", Enable 'Auto Smooth' in Object Data Properties
ERROR (bke.modifier): ./source/blender/blenkernel/intern/modifier.cc:458 BKE_modifier_set_error: Object: "left hanging sode shoulder plate 4", Modifier: "weighted normals", Enable 'Auto Smooth' in Object Data Properties
ERROR (bke.modifier): ./source/blender/blenkernel/intern/modifier.cc:458 BKE_modifier_set_error: Object: "right thumb fingertip", Modifier: "weighted normals", Enable 'Auto Smooth' in Object Data Properties
ERROR (bke.modifier): ./source/blender/blenkernel/intern/modifier.cc:458 BKE_modifier_set_error: Object: "right pinky fingertip", Modifier: "weighted normals", Enable 'Auto Smooth' in Object Data Properties
ERROR (bke.modifier): ./source/blender/blenkernel/intern/modifier.cc:458 BKE_modifier_set_error: Object: "right hanging sode shoulder plate 2", Modifier: "weighted normals", Enable 'Auto Smooth' in Object Data Properties
ERROR (bke.modifier): ./source/blender/blenkernel/intern/modifier.cc:458 BKE_modifier_set_error: Object: "front cuirass row 3 bevelled lamellar plate 03", Modifier: "weighted normals", Enable 'Auto Smooth' in Object Data Properties
ERROR (bke.modifier): ./source/blender/blenkernel/intern/modifier.cc:458 BKE_modifier_set_error: Object: "right hanging sode shoulder plate 1", Modifier: "weighted normals", Enable 'Auto Smooth' in Object Data Properties
ERROR (bke.modifier): ./source/blender/blenkernel/intern/modifier.cc:458 BKE_modifier_set_error: Object: "right hanging sode shoulder plate 3", Modifier: "weighted normals", Enable 'Auto Smooth' in Object Data Properties
ERROR (bke.modifier): ./source/blender/blenkernel/intern/modifier.cc:458 BKE_modifier_set_error: Object: "right hanging sode shoulder plate 4", Modifier: "weighted normals", Enable 'Auto Smooth' in Object Data Properties
ERROR (bke.modifier): ./source/blender/blenkernel/intern/modifier.cc:458 BKE_modifier_set_error: Object: "rear kusazuri skirt plate -1 row 1", Modifier: "weighted normals", Enable 'Auto Smooth' in Object Data Properties
ERROR (bke.modifier): ./source/blender/blenkernel/intern/modifier.cc:458 BKE_modifier_set_error: Object: "kusazuri skirt plate -1 row 2", Modifier: "weighted normals", Enable 'Auto Smooth' in Object Data Properties
ERROR (bke.modifier): ./source/blender/blenkernel/intern/modifier.cc:458 BKE_modifier_set_error: Object: "kusazuri skirt plate -1 row 1", Modifier: "weighted normals", Enable 'Auto Smooth' in Object Data Properties
ERROR (bke.modifier): ./source/blender/blenkernel/intern/modifier.cc:458 BKE_modifier_set_error: Object: "kusazuri skirt plate -1 row 3", Modifier: "weighted normals", Enable 'Auto Smooth' in Object Data Properties
ERROR (bke.modifier): ./source/blender/blenkernel/intern/modifier.cc:458 BKE_modifier_set_error: Object: "rear kusazuri skirt plate -1 row 2", Modifier: "weighted normals", Enable 'Auto Smooth' in Object Data Properties
ERROR (bke.modifier): ./source/blender/blenkernel/intern/modifier.cc:458 BKE_modifier_set_error: Object: "rear kusazuri skirt plate +0 row 3", Modifier: "weighted normals", Enable 'Auto Smooth' in Object Data Properties
ERROR (bke.modifier): ./source/blender/blenkernel/intern/modifier.cc:458 BKE_modifier_set_error: Object: "left hakama trouser leg", Modifier: "weighted normals", Enable 'Auto Smooth' in Object Data Properties
ERROR (bke.modifier): ./source/blender/blenkernel/intern/modifier.cc:458 BKE_modifier_set_error: Object: "rear kusazuri skirt plate +0 row 1", Modifier: "weighted normals", Enable 'Auto Smooth' in Object Data Properties
ERROR (bke.modifier): ./source/blender/blenkernel/intern/modifier.cc:458 BKE_modifier_set_error: Object: "kusazuri skirt plate +0 row 1", Modifier: "weighted normals", Enable 'Auto Smooth' in Object Data Properties
ERROR (bke.modifier): ./source/blender/blenkernel/intern/modifier.cc:458 BKE_modifier_set_error: Object: "rear kusazuri skirt plate -1 row 3", Modifier: "weighted normals", Enable 'Auto Smooth' in Object Data Properties
ERROR (bke.modifier): ./source/blender/blenkernel/intern/modifier.cc:458 BKE_modifier_set_error: Object: "kusazuri skirt plate +0 row 2", Modifier: "weighted normals", Enable 'Auto Smooth' in Object Data Properties
ERROR (bke.modifier): ./source/blender/blenkernel/intern/modifier.cc:458 BKE_modifier_set_error: Object: "left split-toe tabi foot volume", Modifier: "weighted normals", Enable 'Auto Smooth' in Object Data Properties
ERROR (bke.modifier): ./source/blender/blenkernel/intern/modifier.cc:458 BKE_modifier_set_error: Object: "left shin greave", Modifier: "weighted normals", Enable 'Auto Smooth' in Object Data Properties
ERROR (bke.modifier): ./source/blender/blenkernel/intern/modifier.cc:458 BKE_modifier_set_error: Object: "left separated big toe", Modifier: "weighted normals", Enable 'Auto Smooth' in Object Data Properties
ERROR (bke.modifier): ./source/blender/blenkernel/intern/modifier.cc:458 BKE_modifier_set_error: Object: "rear kusazuri skirt plate +0 row 2", Modifier: "weighted normals", Enable 'Auto Smooth' in Object Data Properties
ERROR (bke.modifier): ./source/blender/blenkernel/intern/modifier.cc:458 BKE_modifier_set_error: Object: "kusazuri skirt plate +0 row 3", Modifier: "weighted normals", Enable 'Auto Smooth' in Object Data Properties
ERROR (bke.modifier): ./source/blender/blenkernel/intern/modifier.cc:458 BKE_modifier_set_error: Object: "left outer toe group", Modifier: "weighted normals", Enable 'Auto Smooth' in Object Data Properties
ERROR (bke.modifier): ./source/blender/blenkernel/intern/modifier.cc:458 BKE_modifier_set_error: Object: "right hakama trouser leg", Modifier: "weighted normals", Enable 'Auto Smooth' in Object Data Properties
ERROR (bke.modifier): ./source/blender/blenkernel/intern/modifier.cc:458 BKE_modifier_set_error: Object: "right shin greave", Modifier: "weighted normals", Enable 'Auto Smooth' in Object Data Properties
ERROR (bke.modifier): ./source/blender/blenkernel/intern/modifier.cc:458 BKE_modifier_set_error: Object: "right split-toe tabi foot volume", Modifier: "weighted normals", Enable 'Auto Smooth' in Object Data Properties
ERROR (bke.modifier): ./source/blender/blenkernel/intern/modifier.cc:458 BKE_modifier_set_error: Object: "kusazuri skirt plate +1 row 2", Modifier: "weighted normals", Enable 'Auto Smooth' in Object Data Properties
ERROR (bke.modifier): ./source/blender/blenkernel/intern/modifier.cc:458 BKE_modifier_set_error: Object: "rear kusazuri skirt plate +1 row 2", Modifier: "weighted normals", Enable 'Auto Smooth' in Object Data Properties
ERROR (bke.modifier): ./source/blender/blenkernel/intern/modifier.cc:458 BKE_modifier_set_error: Object: "right outer toe group", Modifier: "weighted normals", Enable 'Auto Smooth' in Object Data Properties
ERROR (bke.modifier): ./source/blender/blenkernel/intern/modifier.cc:458 BKE_modifier_set_error: Object: "kusazuri skirt plate +1 row 1", Modifier: "weighted normals", Enable 'Auto Smooth' in Object Data Properties
ERROR (bke.modifier): ./source/blender/blenkernel/intern/modifier.cc:458 BKE_modifier_set_error: Object: "rear kusazuri skirt plate +1 row 1", Modifier: "weighted normals", Enable 'Auto Smooth' in Object Data Properties
ERROR (bke.modifier): ./source/blender/blenkernel/intern/modifier.cc:458 BKE_modifier_set_error: Object: "wrapped katana grip", Modifier: "weighted normals", Enable 'Auto Smooth' in Object Data Properties
ERROR (bke.modifier): ./source/blender/blenkernel/intern/modifier.cc:458 BKE_modifier_set_error: Object: "right separated big toe", Modifier: "weighted normals", Enable 'Auto Smooth' in Object Data Properties
ERROR (bke.modifier): ./source/blender/blenkernel/intern/modifier.cc:458 BKE_modifier_set_error: Object: "front cuirass row 3 bevelled lamellar plate 02", Modifier: "weighted normals", Enable 'Auto Smooth' in Object Data Properties
ERROR (bke.modifier): ./source/blender/blenkernel/intern/modifier.cc:458 BKE_modifier_set_error: Object: "simple round clan mon on banner", Modifier: "weighted normals", Enable 'Auto Smooth' in Object Data Properties
ERROR (bke.modifier): ./source/blender/blenkernel/intern/modifier.cc:458 BKE_modifier_set_error: Object: "narrow waist under-kimono volume", Modifier: "weighted normals", Enable 'Auto Smooth' in Object Data Properties
ERROR (bke.modifier): ./source/blender/blenkernel/intern/modifier.cc:458 BKE_modifier_set_error: Object: "ribcage under-kimono volume", Modifier: "weighted normals", Enable 'Auto Smooth' in Object Data Properties
ERROR (bke.modifier): ./source/blender/blenkernel/intern/modifier.cc:458 BKE_modifier_set_error: Object: "visible human head behind mempo", Modifier: "weighted normals", Enable 'Auto Smooth' in Object Data Properties
ERROR (bke.modifier): ./source/blender/blenkernel/intern/modifier.cc:458 BKE_modifier_set_error: Object: "neck guard collar", Modifier: "weighted normals", Enable 'Auto Smooth' in Object Data Properties
ERROR (bke.modifier): ./source/blender/blenkernel/intern/modifier.cc:458 BKE_modifier_set_error: Object: "thin exposed neck", Modifier: "weighted normals", Enable 'Auto Smooth' in Object Data Properties
ERROR (bke.modifier): ./source/blender/blenkernel/intern/modifier.cc:458 BKE_modifier_set_error: Object: "rear kusazuri skirt plate +1 row 3", Modifier: "weighted normals", Enable 'Auto Smooth' in Object Data Properties
ERROR (bke.modifier): ./source/blender/blenkernel/intern/modifier.cc:458 BKE_modifier_set_error: Object: "kusazuri skirt plate +1 row 3", Modifier: "weighted normals", Enable 'Auto Smooth' in Object Data Properties
ERROR (bke.modifier): ./source/blender/blenkernel/intern/modifier.cc:458 BKE_modifier_set_error: Object: "left woven waraji sole grounded", Modifier: "weighted normals", Enable 'Auto Smooth' in Object Data Properties
ERROR (bke.modifier): ./source/blender/blenkernel/intern/modifier.cc:458 BKE_modifier_set_error: Object: "segmented kabuto helmet bowl", Modifier: "weighted normals", Enable 'Auto Smooth' in Object Data Properties
ERROR (bke.modifier): ./source/blender/blenkernel/intern/modifier.cc:458 BKE_modifier_set_error: Object: "layered rear shikoro neck guard", Modifier: "weighted normals", Enable 'Auto Smooth' in Object Data Properties
ERROR (bke.modifier): ./source/blender/blenkernel/intern/modifier.cc:458 BKE_modifier_set_error: Object: "wide kabuto brim", Modifier: "weighted normals", Enable 'Auto Smooth' in Object Data Properties
ERROR (bke.modifier): ./source/blender/blenkernel/intern/modifier.cc:458 BKE_modifier_set_error: Object: "square tsuba guard", Modifier: "weighted normals", Enable 'Auto Smooth' in Object Data Properties
ERROR (bke.modifier): ./source/blender/blenkernel/intern/modifier.cc:458 BKE_modifier_set_error: Object: "crest central rivet", Modifier: "weighted normals", Enable 'Auto Smooth' in Object Data Properties
ERROR (bke.modifier): ./source/blender/blenkernel/intern/modifier.cc:458 BKE_modifier_set_error: Object: "right woven waraji sole grounded", Modifier: "weighted normals", Enable 'Auto Smooth' in Object Data Properties
ERROR (bke.modifier): ./source/blender/blenkernel/intern/modifier.cc:458 BKE_modifier_set_error: Object: "cloth sashimono banner panel", Modifier: "weighted normals", Enable 'Auto Smooth' in Object Data Properties
ERROR (bke.modifier): ./source/blender/blenkernel/intern/modifier.cc:458 BKE_modifier_set_error: Object: "matte charcoal inspection plinth", Modifier: "weighted normals", Enable 'Auto Smooth' in Object Data Properties
ERROR (bke.modifier): ./source/blender/blenkernel/intern/modifier.cc:458 BKE_modifier_set_error: Object: "small lacquered sashimono crossbar", Modifier: "weighted normals", Enable 'Auto Smooth' in Object Data Properties
ERROR (bke.modifier): ./source/blender/blenkernel/intern/modifier.cc:458 BKE_modifier_set_error: Object: "left narrow eye slit", Modifier: "weighted normals", Enable 'Auto Smooth' in Object Data Properties
ERROR (bke.modifier): ./source/blender/blenkernel/intern/modifier.cc:458 BKE_modifier_set_error: Object: "right side helmet flange", Modifier: "weighted normals", Enable 'Auto Smooth' in Object Data Properties
ERROR (bke.modifier): ./source/blender/blenkernel/intern/modifier.cc:458 BKE_modifier_set_error: Object: "left side helmet flange", Modifier: "weighted normals", Enable 'Auto Smooth' in Object Data Properties
ERROR (bke.modifier): ./source/blender/blenkernel/intern/modifier.cc:458 BKE_modifier_set_error: Object: "right angular mempo cheek plate", Modifier: "weighted normals", Enable 'Auto Smooth' in Object Data Properties
ERROR (bke.modifier): ./source/blender/blenkernel/intern/modifier.cc:458 BKE_modifier_set_error: Object: "front cuirass row 3 bevelled lamellar plate 01", Modifier: "weighted normals", Enable 'Auto Smooth' in Object Data Properties
ERROR (bke.modifier): ./source/blender/blenkernel/intern/modifier.cc:458 BKE_modifier_set_error: Object: "throat guard row 1 bevelled lamellar plate 02", Modifier: "weighted normals", Enable 'Auto Smooth' in Object Data Properties
ERROR (bke.modifier): ./source/blender/blenkernel/intern/modifier.cc:458 BKE_modifier_set_error: Object: "left angular mempo cheek plate", Modifier: "weighted normals", Enable 'Auto Smooth' in Object Data Properties
ERROR (bke.modifier): ./source/blender/blenkernel/intern/modifier.cc:458 BKE_modifier_set_error: Object: "mempo nose ridge", Modifier: "weighted normals", Enable 'Auto Smooth' in Object Data Properties
ERROR (bke.modifier): ./source/blender/blenkernel/intern/modifier.cc:458 BKE_modifier_set_error: Object: "right narrow eye slit", Modifier: "weighted normals", Enable 'Auto Smooth' in Object Data Properties
ERROR (bke.modifier): ./source/blender/blenkernel/intern/modifier.cc:458 BKE_modifier_set_error: Object: "mempo grim mouth slit", Modifier: "weighted normals", Enable 'Auto Smooth' in Object Data Properties
ERROR (bke.modifier): ./source/blender/blenkernel/intern/modifier.cc:458 BKE_modifier_set_error: Object: "mempo chin guard", Modifier: "weighted normals", Enable 'Auto Smooth' in Object Data Properties
ERROR (bke.modifier): ./source/blender/blenkernel/intern/modifier.cc:458 BKE_modifier_set_error: Object: "throat guard row 2 bevelled lamellar plate 02", Modifier: "weighted normals", Enable 'Auto Smooth' in Object Data Properties
ERROR (bke.modifier): ./source/blender/blenkernel/intern/modifier.cc:458 BKE_modifier_set_error: Object: "upper do cuirass fitted shell", Modifier: "weighted normals", Enable 'Auto Smooth' in Object Data Properties
ERROR (bke.modifier): ./source/blender/blenkernel/intern/modifier.cc:458 BKE_modifier_set_error: Object: "lower do cuirass narrowed shell", Modifier: "weighted normals", Enable 'Auto Smooth' in Object Data Properties
ERROR (bke.modifier): ./source/blender/blenkernel/intern/modifier.cc:458 BKE_modifier_set_error: Object: "throat guard row 1 bevelled lamellar plate 03", Modifier: "weighted normals", Enable 'Auto Smooth' in Object Data Properties
ERROR (bke.modifier): ./source/blender/blenkernel/intern/modifier.cc:458 BKE_modifier_set_error: Object: "throat guard row 1 bevelled lamellar plate 05", Modifier: "weighted normals", Enable 'Auto Smooth' in Object Data Properties
ERROR (bke.modifier): ./source/blender/blenkernel/intern/modifier.cc:458 BKE_modifier_set_error: Object: "throat guard row 2 bevelled lamellar plate 01", Modifier: "weighted normals", Enable 'Auto Smooth' in Object Data Properties
ERROR (bke.modifier): ./source/blender/blenkernel/intern/modifier.cc:458 BKE_modifier_set_error: Object: "throat guard row 1 bevelled lamellar plate 04", Modifier: "weighted normals", Enable 'Auto Smooth' in Object Data Properties
ERROR (bke.modifier): ./source/blender/blenkernel/intern/modifier.cc:458 BKE_modifier_set_error: Object: "throat guard row 1 bevelled lamellar plate 01", Modifier: "weighted normals", Enable 'Auto Smooth' in Object Data Properties
ERROR (bke.modifier): ./source/blender/blenkernel/intern/modifier.cc:458 BKE_modifier_set_error: Object: "throat guard row 3 bevelled lamellar plate 01", Modifier: "weighted normals", Enable 'Auto Smooth' in Object Data Properties
ERROR (bke.modifier): ./source/blender/blenkernel/intern/modifier.cc:458 BKE_modifier_set_error: Object: "throat guard row 2 bevelled lamellar plate 03", Modifier: "weighted normals", Enable 'Auto Smooth' in Object Data Properties
ERROR (bke.modifier): ./source/blender/blenkernel/intern/modifier.cc:458 BKE_modifier_set_error: Object: "throat guard row 2 bevelled lamellar plate 05", Modifier: "weighted normals", Enable 'Auto Smooth' in Object Data Properties
ERROR (bke.modifier): ./source/blender/blenkernel/intern/modifier.cc:458 BKE_modifier_set_error: Object: "throat guard row 3 bevelled lamellar plate 02", Modifier: "weighted normals", Enable 'Auto Smooth' in Object Data Properties
ERROR (bke.modifier): ./source/blender/blenkernel/intern/modifier.cc:458 BKE_modifier_set_error: Object: "throat guard row 3 bevelled lamellar plate 03", Modifier: "weighted normals", Enable 'Auto Smooth' in Object Data Properties
ERROR (bke.modifier): ./source/blender/blenkernel/intern/modifier.cc:458 BKE_modifier_set_error: Object: "rear cuirass row 2 bevelled lamellar plate 08", Modifier: "weighted normals", Enable 'Auto Smooth' in Object Data Properties
ERROR (bke.modifier): ./source/blender/blenkernel/intern/modifier.cc:458 BKE_modifier_set_error: Object: "throat guard row 2 bevelled lamellar plate 04", Modifier: "weighted normals", Enable 'Auto Smooth' in Object Data Properties
ERROR (bke.modifier): ./source/blender/blenkernel/intern/modifier.cc:458 BKE_modifier_set_error: Object: "throat guard row 3 bevelled lamellar plate 05", Modifier: "weighted normals", Enable 'Auto Smooth' in Object Data Properties
ERROR (bke.modifier): ./source/blender/blenkernel/intern/modifier.cc:458 BKE_modifier_set_error: Object: "throat guard row 3 bevelled lamellar plate 04", Modifier: "weighted normals", Enable 'Auto Smooth' in Object Data Properties
ERROR (bke.modifier): ./source/blender/blenkernel/intern/modifier.cc:458 BKE_modifier_set_error: Object: "front cuirass row 1 bevelled lamellar plate 02", Modifier: "weighted normals", Enable 'Auto Smooth' in Object Data Properties
ERROR (bke.modifier): ./source/blender/blenkernel/intern/modifier.cc:458 BKE_modifier_set_error: Object: "front cuirass row 1 bevelled lamellar plate 03", Modifier: "weighted normals", Enable 'Auto Smooth' in Object Data Properties
ERROR (bke.modifier): ./source/blender/blenkernel/intern/modifier.cc:458 BKE_modifier_set_error: Object: "front cuirass row 1 bevelled lamellar plate 01", Modifier: "weighted normals", Enable 'Auto Smooth' in Object Data Properties
ERROR (bke.modifier): ./source/blender/blenkernel/intern/modifier.cc:458 BKE_modifier_set_error: Object: "rear cuirass row 1 bevelled lamellar plate 01", Modifier: "weighted normals", Enable 'Auto Smooth' in Object Data Properties
ERROR (bke.modifier): ./source/blender/blenkernel/intern/modifier.cc:458 BKE_modifier_set_error: Object: "front cuirass row 1 bevelled lamellar plate 04", Modifier: "weighted normals", Enable 'Auto Smooth' in Object Data Properties
ERROR (bke.modifier): ./source/blender/blenkernel/intern/modifier.cc:458 BKE_modifier_set_error: Object: "rear cuirass row 1 bevelled lamellar plate 04", Modifier: "weighted normals", Enable 'Auto Smooth' in Object Data Properties
ERROR (bke.modifier): ./source/blender/blenkernel/intern/modifier.cc:458 BKE_modifier_set_error: Object: "front cuirass row 1 bevelled lamellar plate 08", Modifier: "weighted normals", Enable 'Auto Smooth' in Object Data Properties
ERROR (bke.modifier): ./source/blender/blenkernel/intern/modifier.cc:458 BKE_modifier_set_error: Object: "rear cuirass row 2 bevelled lamellar plate 07", Modifier: "weighted normals", Enable 'Auto Smooth' in Object Data Properties
ERROR (bke.modifier): ./source/blender/blenkernel/intern/modifier.cc:458 BKE_modifier_set_error: Object: "front cuirass row 1 bevelled lamellar plate 05", Modifier: "weighted normals", Enable 'Auto Smooth' in Object Data Properties
ERROR (bke.modifier): ./source/blender/blenkernel/intern/modifier.cc:458 BKE_modifier_set_error: Object: "front cuirass row 1 bevelled lamellar plate 07", Modifier: "weighted normals", Enable 'Auto Smooth' in Object Data Properties
ERROR (bke.modifier): ./source/blender/blenkernel/intern/modifier.cc:458 BKE_modifier_set_error: Object: "rear cuirass row 1 bevelled lamellar plate 05", Modifier: "weighted normals", Enable 'Auto Smooth' in Object Data Properties
ERROR (bke.modifier): ./source/blender/blenkernel/intern/modifier.cc:458 BKE_modifier_set_error: Object: "rear cuirass row 1 bevelled lamellar plate 02", Modifier: "weighted normals", Enable 'Auto Smooth' in Object Data Properties
ERROR (bke.modifier): ./source/blender/blenkernel/intern/modifier.cc:458 BKE_modifier_set_error: Object: "front cuirass row 1 bevelled lamellar plate 06", Modifier: "weighted normals", Enable 'Auto Smooth' in Object Data Properties
ERROR (bke.modifier): ./source/blender/blenkernel/intern/modifier.cc:458 BKE_modifier_set_error: Object: "rear cuirass row 1 bevelled lamellar plate 03", Modifier: "weighted normals", Enable 'Auto Smooth' in Object Data Properties
ERROR (bke.modifier): ./source/blender/blenkernel/intern/modifier.cc:458 BKE_modifier_set_error: Object: "rear cuirass row 1 bevelled lamellar plate 06", Modifier: "weighted normals", Enable 'Auto Smooth' in Object Data Properties
ERROR (bke.modifier): ./source/blender/blenkernel/intern/modifier.cc:458 BKE_modifier_set_error: Object: "rear cuirass row 1 bevelled lamellar plate 07", Modifier: "weighted normals", Enable 'Auto Smooth' in Object Data Properties
ERROR (bke.modifier): ./source/blender/blenkernel/intern/modifier.cc:458 BKE_modifier_set_error: Object: "rear cuirass row 1 bevelled lamellar plate 08", Modifier: "weighted normals", Enable 'Auto Smooth' in Object Data Properties
ERROR (bke.modifier): ./source/blender/blenkernel/intern/modifier.cc:458 BKE_modifier_set_error: Object: "front cuirass row 2 bevelled lamellar plate 01", Modifier: "weighted normals", Enable 'Auto Smooth' in Object Data Properties
ERROR (bke.modifier): ./source/blender/blenkernel/intern/modifier.cc:458 BKE_modifier_set_error: Object: "front cuirass row 2 bevelled lamellar plate 03", Modifier: "weighted normals", Enable 'Auto Smooth' in Object Data Properties
ERROR (bke.modifier): ./source/blender/blenkernel/intern/modifier.cc:458 BKE_modifier_set_error: Object: "front cuirass row 2 bevelled lamellar plate 02", Modifier: "weighted normals", Enable 'Auto Smooth' in Object Data Properties
ERROR (bke.modifier): ./source/blender/blenkernel/intern/modifier.cc:458 BKE_modifier_set_error: Object: "front cuirass row 2 bevelled lamellar plate 04", Modifier: "weighted normals", Enable 'Auto Smooth' in Object Data Properties
ERROR (bke.modifier): ./source/blender/blenkernel/intern/modifier.cc:458 BKE_modifier_set_error: Object: "front cuirass row 2 bevelled lamellar plate 08", Modifier: "weighted normals", Enable 'Auto Smooth' in Object Data Properties
ERROR (bke.modifier): ./source/blender/blenkernel/intern/modifier.cc:458 BKE_modifier_set_error: Object: "front cuirass row 2 bevelled lamellar plate 05", Modifier: "weighted normals", Enable 'Auto Smooth' in Object Data Properties
ERROR (bke.modifier): ./source/blender/blenkernel/intern/modifier.cc:458 BKE_modifier_set_error: Object: "front cuirass row 2 bevelled lamellar plate 06", Modifier: "weighted normals", Enable 'Auto Smooth' in Object Data Properties
ERROR (bke.modifier): ./source/blender/blenkernel/intern/modifier.cc:458 BKE_modifier_set_error: Object: "rear cuirass row 2 bevelled lamellar plate 06", Modifier: "weighted normals", Enable 'Auto Smooth' in Object Data Properties
ERROR (bke.modifier): ./source/blender/blenkernel/intern/modifier.cc:458 BKE_modifier_set_error: Object: "front cuirass row 2 bevelled lamellar plate 07", Modifier: "weighted normals", Enable 'Auto Smooth' in Object Data Properties
ERROR (bke.modifier): ./source/blender/blenkernel/intern/modifier.cc:458 BKE_modifier_set_error: Object: "rear cuirass row 2 bevelled lamellar plate 01", Modifier: "weighted normals", Enable 'Auto Smooth' in Object Data Properties
ERROR (bke.modifier): ./source/blender/blenkernel/intern/modifier.cc:458 BKE_modifier_set_error: Object: "rear cuirass row 2 bevelled lamellar plate 02", Modifier: "weighted normals", Enable 'Auto Smooth' in Object Data Properties
ERROR (bke.modifier): ./source/blender/blenkernel/intern/modifier.cc:458 BKE_modifier_set_error: Object: "rear cuirass row 2 bevelled lamellar plate 03", Modifier: "weighted normals", Enable 'Auto Smooth' in Object Data Properties
ERROR (bke.modifier): ./source/blender/blenkernel/intern/modifier.cc:458 BKE_modifier_set_error: Object: "rear cuirass row 2 bevelled lamellar plate 04", Modifier: "weighted normals", Enable 'Auto Smooth' in Object Data Properties
ERROR (bke.modifier): ./source/blender/blenkernel/intern/modifier.cc:458 BKE_modifier_set_error: Object: "rear cuirass row 2 bevelled lamellar plate 05", Modifier: "weighted normals", Enable 'Auto Smooth' in Object Data Properties
Fra:1 Mem:47.25M (Peak 47.27M) | Time:00:00.06 | Syncing matte charcoal inspection plinth
Fra:1 Mem:47.26M (Peak 47.31M) | Time:00:00.06 | Syncing ribcage under-kimono volume
Fra:1 Mem:47.35M (Peak 47.35M) | Time:00:00.06 | Syncing narrow waist under-kimono volume
Fra:1 Mem:47.42M (Peak 47.42M) | Time:00:00.06 | Syncing visible human head behind mempo
Fra:1 Mem:47.51M (Peak 47.51M) | Time:00:00.06 | Syncing thin exposed neck
Fra:1 Mem:47.52M (Peak 47.53M) | Time:00:00.06 | Syncing neck guard collar
Fra:1 Mem:47.54M (Peak 47.58M) | Time:00:00.06 | Syncing segmented kabuto helmet bowl
Fra:1 Mem:47.71M (Peak 47.71M) | Time:00:00.06 | Syncing wide kabuto brim
Fra:1 Mem:47.73M (Peak 47.73M) | Time:00:00.06 | Syncing layered rear shikoro neck guard
Fra:1 Mem:47.75M (Peak 47.75M) | Time:00:00.06 | Syncing left side helmet flange
Fra:1 Mem:47.76M (Peak 47.76M) | Time:00:00.06 | Syncing right side helmet flange
Fra:1 Mem:47.77M (Peak 47.77M) | Time:00:00.06 | Syncing golden maedate crescent crest
Fra:1 Mem:47.79M (Peak 47.84M) | Time:00:00.06 | Syncing crest central rivet
Fra:1 Mem:47.80M (Peak 47.84M) | Time:00:00.06 | Syncing left angular mempo cheek plate
Fra:1 Mem:47.82M (Peak 47.86M) | Time:00:00.06 | Syncing right angular mempo cheek plate
Fra:1 Mem:47.84M (Peak 47.86M) | Time:00:00.06 | Syncing mempo chin guard
Fra:1 Mem:47.86M (Peak 47.86M) | Time:00:00.06 | Syncing mempo nose ridge
Fra:1 Mem:47.87M (Peak 47.87M) | Time:00:00.06 | Syncing left narrow eye slit
Fra:1 Mem:47.89M (Peak 47.89M) | Time:00:00.06 | Syncing right narrow eye slit
Fra:1 Mem:47.90M (Peak 47.90M) | Time:00:00.06 | Syncing mempo grim mouth slit
Fra:1 Mem:47.91M (Peak 47.91M) | Time:00:00.06 | Syncing left mask moustache bristle
Fra:1 Mem:47.92M (Peak 47.92M) | Time:00:00.06 | Syncing right mask moustache bristle
Fra:1 Mem:47.93M (Peak 47.93M) | Time:00:00.06 | Syncing throat guard row 1 bevelled lamel
Fra:1 Mem:47.95M (Peak 47.95M) | Time:00:00.06 | Syncing throat guard row 1 bevelled lamel
Fra:1 Mem:47.97M (Peak 47.97M) | Time:00:00.06 | Syncing throat guard row 1 bevelled lamel
Fra:1 Mem:47.99M (Peak 47.99M) | Time:00:00.06 | Syncing throat guard row 1 bevelled lamel
Fra:1 Mem:48.01M (Peak 48.01M) | Time:00:00.06 | Syncing throat guard row 1 bevelled lamel
Fra:1 Mem:48.02M (Peak 48.02M) | Time:00:00.06 | Syncing throat guard row 2 bevelled lamel
Fra:1 Mem:48.04M (Peak 48.04M) | Time:00:00.06 | Syncing throat guard row 2 bevelled lamel
Fra:1 Mem:48.06M (Peak 48.06M) | Time:00:00.06 | Syncing throat guard row 2 bevelled lamel
Fra:1 Mem:48.08M (Peak 48.08M) | Time:00:00.06 | Syncing throat guard row 2 bevelled lamel
Fra:1 Mem:48.10M (Peak 48.10M) | Time:00:00.06 | Syncing throat guard row 2 bevelled lamel
Fra:1 Mem:48.12M (Peak 48.12M) | Time:00:00.06 | Syncing throat guard row 3 bevelled lamel
Fra:1 Mem:48.14M (Peak 48.14M) | Time:00:00.06 | Syncing throat guard row 3 bevelled lamel
Fra:1 Mem:48.16M (Peak 48.16M) | Time:00:00.06 | Syncing throat guard row 3 bevelled lamel
Fra:1 Mem:48.18M (Peak 48.18M) | Time:00:00.06 | Syncing throat guard row 3 bevelled lamel
Fra:1 Mem:48.20M (Peak 48.20M) | Time:00:00.06 | Syncing throat guard row 3 bevelled lamel
Fra:1 Mem:48.22M (Peak 48.22M) | Time:00:00.06 | Syncing upper do cuirass fitted shell
Fra:1 Mem:48.32M (Peak 48.32M) | Time:00:00.06 | Syncing lower do cuirass narrowed shell
Fra:1 Mem:48.40M (Peak 48.40M) | Time:00:00.06 | Syncing front cuirass row 1 bevelled lame
Fra:1 Mem:48.42M (Peak 48.42M) | Time:00:00.06 | Syncing front cuirass row 1 bevelled lame
Fra:1 Mem:48.44M (Peak 48.44M) | Time:00:00.06 | Syncing front cuirass row 1 bevelled lame
Fra:1 Mem:48.46M (Peak 48.46M) | Time:00:00.06 | Syncing front cuirass row 1 bevelled lame
Fra:1 Mem:48.48M (Peak 48.48M) | Time:00:00.06 | Syncing front cuirass row 1 bevelled lame
Fra:1 Mem:48.50M (Peak 48.50M) | Time:00:00.06 | Syncing front cuirass row 1 bevelled lame
Fra:1 Mem:48.52M (Peak 48.52M) | Time:00:00.07 | Syncing front cuirass row 1 bevelled lame
Fra:1 Mem:48.54M (Peak 48.54M) | Time:00:00.07 | Syncing front cuirass row 1 bevelled lame
Fra:1 Mem:48.56M (Peak 48.56M) | Time:00:00.07 | Syncing rear cuirass row 1 bevelled lamel
Fra:1 Mem:48.58M (Peak 48.58M) | Time:00:00.07 | Syncing rear cuirass row 1 bevelled lamel
Fra:1 Mem:48.60M (Peak 48.60M) | Time:00:00.07 | Syncing rear cuirass row 1 bevelled lamel
Fra:1 Mem:48.62M (Peak 48.62M) | Time:00:00.07 | Syncing rear cuirass row 1 bevelled lamel
Fra:1 Mem:48.63M (Peak 48.63M) | Time:00:00.07 | Syncing rear cuirass row 1 bevelled lamel
Fra:1 Mem:48.65M (Peak 48.65M) | Time:00:00.07 | Syncing rear cuirass row 1 bevelled lamel
Fra:1 Mem:48.67M (Peak 48.67M) | Time:00:00.07 | Syncing rear cuirass row 1 bevelled lamel
Fra:1 Mem:48.69M (Peak 48.69M) | Time:00:00.07 | Syncing rear cuirass row 1 bevelled lamel
Fra:1 Mem:48.71M (Peak 48.71M) | Time:00:00.07 | Syncing front cuirass row 2 bevelled lame
Fra:1 Mem:48.73M (Peak 48.73M) | Time:00:00.07 | Syncing front cuirass row 2 bevelled lame
Fra:1 Mem:48.75M (Peak 48.75M) | Time:00:00.07 | Syncing front cuirass row 2 bevelled lame
Fra:1 Mem:48.77M (Peak 48.77M) | Time:00:00.07 | Syncing front cuirass row 2 bevelled lame
Fra:1 Mem:48.79M (Peak 48.79M) | Time:00:00.07 | Syncing front cuirass row 2 bevelled lame
Fra:1 Mem:48.81M (Peak 48.81M) | Time:00:00.07 | Syncing front cuirass row 2 bevelled lame
Fra:1 Mem:48.83M (Peak 48.83M) | Time:00:00.07 | Syncing front cuirass row 2 bevelled lame
Fra:1 Mem:48.85M (Peak 48.85M) | Time:00:00.07 | Syncing front cuirass row 2 bevelled lame
Fra:1 Mem:48.87M (Peak 48.87M) | Time:00:00.07 | Syncing rear cuirass row 2 bevelled lamel
Fra:1 Mem:48.89M (Peak 48.89M) | Time:00:00.07 | Syncing rear cuirass row 2 bevelled lamel
Fra:1 Mem:48.91M (Peak 48.91M) | Time:00:00.07 | Syncing rear cuirass row 2 bevelled lamel
Fra:1 Mem:48.93M (Peak 48.93M) | Time:00:00.07 | Syncing rear cuirass row 2 bevelled lamel
Fra:1 Mem:48.95M (Peak 48.95M) | Time:00:00.07 | Syncing rear cuirass row 2 bevelled lamel
Fra:1 Mem:48.96M (Peak 48.96M) | Time:00:00.07 | Syncing rear cuirass row 2 bevelled lamel
Fra:1 Mem:48.98M (Peak 48.98M) | Time:00:00.07 | Syncing rear cuirass row 2 bevelled lamel
Fra:1 Mem:49.00M (Peak 49.00M) | Time:00:00.07 | Syncing rear cuirass row 2 bevelled lamel
Fra:1 Mem:49.02M (Peak 49.02M) | Time:00:00.07 | Syncing front cuirass row 3 bevelled lame
Fra:1 Mem:49.04M (Peak 49.04M) | Time:00:00.07 | Syncing front cuirass row 3 bevelled lame
Fra:1 Mem:49.06M (Peak 49.06M) | Time:00:00.07 | Syncing front cuirass row 3 bevelled lame
Fra:1 Mem:49.08M (Peak 49.08M) | Time:00:00.07 | Syncing front cuirass row 3 bevelled lame
Fra:1 Mem:49.10M (Peak 49.10M) | Time:00:00.07 | Syncing front cuirass row 3 bevelled lame
Fra:1 Mem:49.12M (Peak 49.12M) | Time:00:00.07 | Syncing front cuirass row 3 bevelled lame
Fra:1 Mem:49.14M (Peak 49.14M) | Time:00:00.07 | Syncing front cuirass row 3 bevelled lame
Fra:1 Mem:49.16M (Peak 49.16M) | Time:00:00.07 | Syncing front cuirass row 3 bevelled lame
Fra:1 Mem:49.18M (Peak 49.18M) | Time:00:00.07 | Syncing rear cuirass row 3 bevelled lamel
Fra:1 Mem:49.20M (Peak 49.20M) | Time:00:00.07 | Syncing rear cuirass row 3 bevelled lamel
Fra:1 Mem:49.22M (Peak 49.22M) | Time:00:00.07 | Syncing rear cuirass row 3 bevelled lamel
Fra:1 Mem:49.23M (Peak 49.23M) | Time:00:00.07 | Syncing rear cuirass row 3 bevelled lamel
Fra:1 Mem:49.25M (Peak 49.25M) | Time:00:00.07 | Syncing rear cuirass row 3 bevelled lamel
Fra:1 Mem:49.27M (Peak 49.27M) | Time:00:00.07 | Syncing rear cuirass row 3 bevelled lamel
Fra:1 Mem:49.29M (Peak 49.29M) | Time:00:00.07 | Syncing rear cuirass row 3 bevelled lamel
Fra:1 Mem:49.31M (Peak 49.31M) | Time:00:00.07 | Syncing rear cuirass row 3 bevelled lamel
Fra:1 Mem:49.33M (Peak 49.33M) | Time:00:00.07 | Syncing front cuirass row 4 bevelled lame
Fra:1 Mem:49.35M (Peak 49.35M) | Time:00:00.07 | Syncing front cuirass row 4 bevelled lame
Fra:1 Mem:49.37M (Peak 49.37M) | Time:00:00.07 | Syncing front cuirass row 4 bevelled lame
Fra:1 Mem:49.39M (Peak 49.39M) | Time:00:00.07 | Syncing front cuirass row 4 bevelled lame
Fra:1 Mem:49.41M (Peak 49.41M) | Time:00:00.07 | Syncing front cuirass row 4 bevelled lame
Fra:1 Mem:49.43M (Peak 49.43M) | Time:00:00.07 | Syncing front cuirass row 4 bevelled lame
Fra:1 Mem:49.45M (Peak 49.45M) | Time:00:00.07 | Syncing front cuirass row 4 bevelled lame
Fra:1 Mem:49.47M (Peak 49.47M) | Time:00:00.07 | Syncing front cuirass row 4 bevelled lame
Fra:1 Mem:49.49M (Peak 49.49M) | Time:00:00.07 | Syncing rear cuirass row 4 bevelled lamel
Fra:1 Mem:49.50M (Peak 49.50M) | Time:00:00.07 | Syncing rear cuirass row 4 bevelled lamel
Fra:1 Mem:49.52M (Peak 49.52M) | Time:00:00.07 | Syncing rear cuirass row 4 bevelled lamel
Fra:1 Mem:49.54M (Peak 49.54M) | Time:00:00.07 | Syncing rear cuirass row 4 bevelled lamel
Fra:1 Mem:49.56M (Peak 49.56M) | Time:00:00.07 | Syncing rear cuirass row 4 bevelled lamel
Fra:1 Mem:49.58M (Peak 49.58M) | Time:00:00.07 | Syncing rear cuirass row 4 bevelled lamel
Fra:1 Mem:49.60M (Peak 49.60M) | Time:00:00.07 | Syncing rear cuirass row 4 bevelled lamel
Fra:1 Mem:49.62M (Peak 49.62M) | Time:00:00.07 | Syncing rear cuirass row 4 bevelled lamel
Fra:1 Mem:49.64M (Peak 49.64M) | Time:00:00.07 | Syncing front cuirass row 5 bevelled lame
Fra:1 Mem:49.66M (Peak 49.66M) | Time:00:00.07 | Syncing front cuirass row 5 bevelled lame
Fra:1 Mem:49.68M (Peak 49.68M) | Time:00:00.07 | Syncing front cuirass row 5 bevelled lame
Fra:1 Mem:49.70M (Peak 49.70M) | Time:00:00.07 | Syncing front cuirass row 5 bevelled lame
Fra:1 Mem:49.72M (Peak 49.72M) | Time:00:00.07 | Syncing front cuirass row 5 bevelled lame
Fra:1 Mem:49.74M (Peak 49.74M) | Time:00:00.07 | Syncing front cuirass row 5 bevelled lame
Fra:1 Mem:49.76M (Peak 49.76M) | Time:00:00.07 | Syncing front cuirass row 5 bevelled lame
Fra:1 Mem:49.78M (Peak 49.78M) | Time:00:00.07 | Syncing front cuirass row 5 bevelled lame
Fra:1 Mem:49.79M (Peak 49.79M) | Time:00:00.07 | Syncing rear cuirass row 5 bevelled lamel
Fra:1 Mem:49.81M (Peak 49.81M) | Time:00:00.07 | Syncing rear cuirass row 5 bevelled lamel
Fra:1 Mem:49.83M (Peak 49.83M) | Time:00:00.07 | Syncing rear cuirass row 5 bevelled lamel
Fra:1 Mem:49.85M (Peak 49.85M) | Time:00:00.07 | Syncing rear cuirass row 5 bevelled lamel
Fra:1 Mem:49.87M (Peak 49.87M) | Time:00:00.07 | Syncing rear cuirass row 5 bevelled lamel
Fra:1 Mem:49.89M (Peak 49.89M) | Time:00:00.07 | Syncing rear cuirass row 5 bevelled lamel
Fra:1 Mem:49.91M (Peak 49.91M) | Time:00:00.07 | Syncing rear cuirass row 5 bevelled lamel
Fra:1 Mem:49.93M (Peak 49.93M) | Time:00:00.07 | Syncing rear cuirass row 5 bevelled lamel
Fra:1 Mem:49.95M (Peak 49.95M) | Time:00:00.07 | Syncing left side cuirass plate 1
Fra:1 Mem:49.96M (Peak 49.96M) | Time:00:00.07 | Syncing left side cuirass plate 2
Fra:1 Mem:49.98M (Peak 49.98M) | Time:00:00.07 | Syncing left side cuirass plate 3
Fra:1 Mem:49.99M (Peak 49.99M) | Time:00:00.07 | Syncing right side cuirass plate 1
Fra:1 Mem:50.00M (Peak 50.00M) | Time:00:00.07 | Syncing right side cuirass plate 2
Fra:1 Mem:50.02M (Peak 50.02M) | Time:00:00.07 | Syncing right side cuirass plate 3
Fra:1 Mem:50.03M (Peak 50.03M) | Time:00:00.07 | Syncing left shoulder undercloth
Fra:1 Mem:50.09M (Peak 50.09M) | Time:00:00.07 | Syncing left hanging sode shoulder plate 
Fra:1 Mem:50.11M (Peak 50.11M) | Time:00:00.07 | Syncing left hanging sode shoulder plate 
Fra:1 Mem:50.13M (Peak 50.13M) | Time:00:00.07 | Syncing left hanging sode shoulder plate 
Fra:1 Mem:50.15M (Peak 50.15M) | Time:00:00.07 | Syncing left hanging sode shoulder plate 
Fra:1 Mem:50.17M (Peak 50.17M) | Time:00:00.07 | Syncing left armored upper arm
Fra:1 Mem:50.22M (Peak 50.22M) | Time:00:00.07 | Syncing left sode shoulder armor
Fra:1 Mem:50.27M (Peak 50.27M) | Time:00:00.07 | Syncing left kote forearm guard
Fra:1 Mem:50.32M (Peak 50.32M) | Time:00:00.07 | Syncing left leather palm volume
Fra:1 Mem:50.36M (Peak 50.38M) | Time:00:00.07 | Syncing left articulated index finger
Fra:1 Mem:50.37M (Peak 50.38M) | Time:00:00.07 | Syncing left index fingertip
Fra:1 Mem:50.38M (Peak 50.38M) | Time:00:00.07 | Syncing left articulated middle finger
Fra:1 Mem:50.39M (Peak 50.39M) | Time:00:00.07 | Syncing left middle fingertip
Fra:1 Mem:50.40M (Peak 50.40M) | Time:00:00.07 | Syncing left articulated ring finger
Fra:1 Mem:50.41M (Peak 50.41M) | Time:00:00.07 | Syncing left ring fingertip
Fra:1 Mem:50.42M (Peak 50.42M) | Time:00:00.07 | Syncing left articulated pinky finger
Fra:1 Mem:50.43M (Peak 50.43M) | Time:00:00.07 | Syncing left pinky fingertip
Fra:1 Mem:50.44M (Peak 50.44M) | Time:00:00.07 | Syncing left opposed thumb
Fra:1 Mem:50.45M (Peak 50.45M) | Time:00:00.07 | Syncing left thumb fingertip
Fra:1 Mem:50.47M (Peak 50.47M) | Time:00:00.07 | Syncing right shoulder undercloth
Fra:1 Mem:50.52M (Peak 50.52M) | Time:00:00.07 | Syncing right hanging sode shoulder plate
Fra:1 Mem:50.54M (Peak 50.54M) | Time:00:00.07 | Syncing right hanging sode shoulder plate
Fra:1 Mem:50.56M (Peak 50.56M) | Time:00:00.07 | Syncing right hanging sode shoulder plate
Fra:1 Mem:50.58M (Peak 50.58M) | Time:00:00.07 | Syncing right hanging sode shoulder plate
Fra:1 Mem:50.60M (Peak 50.60M) | Time:00:00.07 | Syncing right armored upper arm
Fra:1 Mem:50.66M (Peak 50.66M) | Time:00:00.08 | Syncing right sode shoulder armor
Fra:1 Mem:50.70M (Peak 50.70M) | Time:00:00.08 | Syncing right kote forearm guard
Fra:1 Mem:50.75M (Peak 50.75M) | Time:00:00.08 | Syncing right leather palm volume
Fra:1 Mem:50.79M (Peak 50.79M) | Time:00:00.08 | Syncing right articulated index finger
Fra:1 Mem:50.80M (Peak 50.80M) | Time:00:00.08 | Syncing right index fingertip
Fra:1 Mem:50.81M (Peak 50.81M) | Time:00:00.08 | Syncing right articulated middle finger
Fra:1 Mem:50.82M (Peak 50.82M) | Time:00:00.08 | Syncing right middle fingertip
Fra:1 Mem:50.83M (Peak 50.83M) | Time:00:00.08 | Syncing right articulated ring finger
Fra:1 Mem:50.84M (Peak 50.84M) | Time:00:00.08 | Syncing right ring fingertip
Fra:1 Mem:50.85M (Peak 50.85M) | Time:00:00.08 | Syncing right articulated pinky finger
Fra:1 Mem:50.86M (Peak 50.86M) | Time:00:00.08 | Syncing right pinky fingertip
Fra:1 Mem:50.87M (Peak 50.87M) | Time:00:00.08 | Syncing right opposed thumb
Fra:1 Mem:50.88M (Peak 50.88M) | Time:00:00.08 | Syncing right thumb fingertip
Fra:1 Mem:50.90M (Peak 50.90M) | Time:00:00.08 | Syncing kusazuri skirt plate -1 row 1
Fra:1 Mem:50.91M (Peak 50.91M) | Time:00:00.08 | Syncing rear kusazuri skirt plate -1 row 
Fra:1 Mem:50.93M (Peak 50.93M) | Time:00:00.08 | Syncing kusazuri skirt plate -1 row 2
Fra:1 Mem:50.94M (Peak 50.94M) | Time:00:00.08 | Syncing rear kusazuri skirt plate -1 row 
Fra:1 Mem:50.96M (Peak 50.96M) | Time:00:00.08 | Syncing kusazuri skirt plate -1 row 3
Fra:1 Mem:50.97M (Peak 50.97M) | Time:00:00.08 | Syncing rear kusazuri skirt plate -1 row 
Fra:1 Mem:50.98M (Peak 50.98M) | Time:00:00.08 | Syncing kusazuri skirt plate +0 row 1
Fra:1 Mem:51.00M (Peak 51.00M) | Time:00:00.08 | Syncing rear kusazuri skirt plate +0 row 
Fra:1 Mem:51.01M (Peak 51.01M) | Time:00:00.08 | Syncing kusazuri skirt plate +0 row 2
Fra:1 Mem:51.03M (Peak 51.03M) | Time:00:00.08 | Syncing rear kusazuri skirt plate +0 row 
Fra:1 Mem:51.04M (Peak 51.04M) | Time:00:00.08 | Syncing kusazuri skirt plate +0 row 3
Fra:1 Mem:51.05M (Peak 51.05M) | Time:00:00.08 | Syncing rear kusazuri skirt plate +0 row 
Fra:1 Mem:51.07M (Peak 51.07M) | Time:00:00.08 | Syncing kusazuri skirt plate +1 row 1
Fra:1 Mem:51.08M (Peak 51.08M) | Time:00:00.08 | Syncing rear kusazuri skirt plate +1 row 
Fra:1 Mem:51.10M (Peak 51.10M) | Time:00:00.08 | Syncing kusazuri skirt plate +1 row 2
Fra:1 Mem:51.11M (Peak 51.11M) | Time:00:00.08 | Syncing rear kusazuri skirt plate +1 row 
Fra:1 Mem:51.12M (Peak 51.12M) | Time:00:00.08 | Syncing kusazuri skirt plate +1 row 3
Fra:1 Mem:51.14M (Peak 51.14M) | Time:00:00.08 | Syncing rear kusazuri skirt plate +1 row 
Fra:1 Mem:51.15M (Peak 51.15M) | Time:00:00.08 | Syncing left hakama trouser leg
Fra:1 Mem:51.21M (Peak 51.21M) | Time:00:00.08 | Syncing left shin greave
Fra:1 Mem:51.26M (Peak 51.26M) | Time:00:00.08 | Syncing left split-toe tabi foot volume
Fra:1 Mem:51.31M (Peak 51.31M) | Time:00:00.08 | Syncing left separated big toe
Fra:1 Mem:51.33M (Peak 51.33M) | Time:00:00.08 | Syncing left outer toe group
Fra:1 Mem:51.35M (Peak 51.35M) | Time:00:00.08 | Syncing left woven waraji sole grounded
Fra:1 Mem:51.36M (Peak 51.36M) | Time:00:00.08 | Syncing left sandal toe strap
Fra:1 Mem:51.37M (Peak 51.42M) | Time:00:00.08 | Syncing left heel strap
Fra:1 Mem:51.37M (Peak 51.42M) | Time:00:00.08 | Syncing left hakama pleat 1
Fra:1 Mem:51.38M (Peak 51.42M) | Time:00:00.08 | Syncing left hakama pleat 2
Fra:1 Mem:51.38M (Peak 51.42M) | Time:00:00.08 | Syncing left hakama pleat 3
Fra:1 Mem:51.39M (Peak 51.42M) | Time:00:00.08 | Syncing right hakama trouser leg
Fra:1 Mem:51.48M (Peak 51.48M) | Time:00:00.08 | Syncing right shin greave
Fra:1 Mem:51.54M (Peak 51.54M) | Time:00:00.08 | Syncing right split-toe tabi foot volume
Fra:1 Mem:51.58M (Peak 51.58M) | Time:00:00.08 | Syncing right separated big toe
Fra:1 Mem:51.60M (Peak 51.60M) | Time:00:00.08 | Syncing right outer toe group
Fra:1 Mem:51.62M (Peak 51.62M) | Time:00:00.08 | Syncing right woven waraji sole grounded
Fra:1 Mem:51.63M (Peak 51.63M) | Time:00:00.08 | Syncing right sandal toe strap
Fra:1 Mem:51.64M (Peak 51.64M) | Time:00:00.08 | Syncing right heel strap
Fra:1 Mem:51.64M (Peak 51.64M) | Time:00:00.08 | Syncing right hakama pleat 1
Fra:1 Mem:51.65M (Peak 51.65M) | Time:00:00.08 | Syncing right hakama pleat 2
Fra:1 Mem:51.66M (Peak 51.66M) | Time:00:00.08 | Syncing right hakama pleat 3
Fra:1 Mem:51.66M (Peak 51.66M) | Time:00:00.08 | Syncing drawn katana blade spine
Fra:1 Mem:51.67M (Peak 51.73M) | Time:00:00.08 | Syncing bright sharpened katana edge
Fra:1 Mem:51.68M (Peak 51.73M) | Time:00:00.08 | Syncing wrapped katana grip
Fra:1 Mem:51.69M (Peak 51.73M) | Time:00:00.08 | Syncing square tsuba guard
Fra:1 Mem:51.70M (Peak 51.73M) | Time:00:00.08 | Syncing lacquered saya scabbard at left h
Fra:1 Mem:51.71M (Peak 51.73M) | Time:00:00.08 | Syncing waist sash tying armor
Fra:1 Mem:51.71M (Peak 51.73M) | Time:00:00.08 | Syncing bamboo sashimono back pole
Fra:1 Mem:51.72M (Peak 51.73M) | Time:00:00.08 | Syncing small lacquered sashimono crossba
Fra:1 Mem:51.74M (Peak 51.74M) | Time:00:00.08 | Syncing cloth sashimono banner panel
Fra:1 Mem:51.75M (Peak 51.80M) | Time:00:00.08 | Syncing simple round clan mon on banner
Fra:1 Mem:51.79M (Peak 51.80M) | Time:00:00.08 | Syncing cool key
Fra:1 Mem:51.79M (Peak 51.80M) | Time:00:00.08 | Syncing rim
Fra:1 Mem:51.79M (Peak 51.80M) | Time:00:00.08 | Syncing hero cam
Fra:1 Mem:51.79M (Peak 51.80M) | Time:00:00.08 | Syncing samurai_v2_provenance
Fra:1 Mem:51.83M (Peak 51.92M) | Time:00:00.09 | Rendering 1 / 32 samples
Fra:1 Mem:49.42M (Peak 51.92M) | Time:00:02.40 | Rendering 26 / 32 samples
Fra:1 Mem:49.42M (Peak 51.92M) | Time:00:02.80 | Rendering 32 / 32 samples
Saved: '/tmp/factoryx-v22-render/samurai-repaired-full-20-v22/uesugi-01/turntable_006.png'
 Time: 00:02.91 (Saving: 00:00.04)

ERROR (bke.modifier): ./source/blender/blenkernel/intern/modifier.cc:458 BKE_modifier_set_error: Object: "layered rear shikoro neck guard", Modifier: "weighted normals", Enable 'Auto Smooth' in Object Data Properties
ERROR (bke.modifier): ./source/blender/blenkernel/intern/modifier.cc:458 BKE_modifier_set_error: Object: "wide kabuto brim", Modifier: "weighted normals", Enable 'Auto Smooth' in Object Data Properties
ERROR (bke.modifier): ./source/blender/blenkernel/intern/modifier.cc:458 BKE_modifier_set_error: Object: "segmented kabuto helmet bowl", Modifier: "weighted normals", Enable 'Auto Smooth' in Object Data Properties
ERROR (bke.modifier): ./source/blender/blenkernel/intern/modifier.cc:458 BKE_modifier_set_error: Object: "crest central rivet", Modifier: "weighted normals", Enable 'Auto Smooth' in Object Data Properties
ERROR (bke.modifier): ./source/blender/blenkernel/intern/modifier.cc:458 BKE_modifier_set_error: Object: "neck guard collar", Modifier: "weighted normals", Enable 'Auto Smooth' in Object Data Properties
ERROR (bke.modifier): ./source/blender/blenkernel/intern/modifier.cc:458 BKE_modifier_set_error: Object: "thin exposed neck", Modifier: "weighted normals", Enable 'Auto Smooth' in Object Data Properties
ERROR (bke.modifier): ./source/blender/blenkernel/intern/modifier.cc:458 BKE_modifier_set_error: Object: "visible human head behind mempo", Modifier: "weighted normals", Enable 'Auto Smooth' in Object Data Properties
ERROR (bke.modifier): ./source/blender/blenkernel/intern/modifier.cc:458 BKE_modifier_set_error: Object: "left side helmet flange", Modifier: "weighted normals", Enable 'Auto Smooth' in Object Data Properties
ERROR (bke.modifier): ./source/blender/blenkernel/intern/modifier.cc:458 BKE_modifier_set_error: Object: "right side helmet flange", Modifier: "weighted normals", Enable 'Auto Smooth' in Object Data Properties
ERROR (bke.modifier): ./source/blender/blenkernel/intern/modifier.cc:458 BKE_modifier_set_error: Object: "narrow waist under-kimono volume", Modifier: "weighted normals", Enable 'Auto Smooth' in Object Data Properties
ERROR (bke.modifier): ./source/blender/blenkernel/intern/modifier.cc:458 BKE_modifier_set_error: Object: "right angular mempo cheek plate", Modifier: "weighted normals", Enable 'Auto Smooth' in Object Data Properties
ERROR (bke.modifier): ./source/blender/blenkernel/intern/modifier.cc:458 BKE_modifier_set_error: Object: "mempo grim mouth slit", Modifier: "weighted normals", Enable 'Auto Smooth' in Object Data Properties
ERROR (bke.modifier): ./source/blender/blenkernel/intern/modifier.cc:458 BKE_modifier_set_error: Object: "ribcage under-kimono volume", Modifier: "weighted normals", Enable 'Auto Smooth' in Object Data Properties
ERROR (bke.modifier): ./source/blender/blenkernel/intern/modifier.cc:458 BKE_modifier_set_error: Object: "left narrow eye slit", Modifier: "weighted normals", Enable 'Auto Smooth' in Object Data Properties
ERROR (bke.modifier): ./source/blender/blenkernel/intern/modifier.cc:458 BKE_modifier_set_error: Object: "left angular mempo cheek plate", Modifier: "weighted normals", Enable 'Auto Smooth' in Object Data Properties
ERROR (bke.modifier): ./source/blender/blenkernel/intern/modifier.cc:458 BKE_modifier_set_error: Object: "mempo nose ridge", Modifier: "weighted normals", Enable 'Auto Smooth' in Object Data Properties
ERROR (bke.modifier): ./source/blender/blenkernel/intern/modifier.cc:458 BKE_modifier_set_error: Object: "right narrow eye slit", Modifier: "weighted normals", Enable 'Auto Smooth' in Object Data Properties
ERROR (bke.modifier): ./source/blender/blenkernel/intern/modifier.cc:458 BKE_modifier_set_error: Object: "mempo chin guard", Modifier: "weighted normals", Enable 'Auto Smooth' in Object Data Properties
ERROR (bke.modifier): ./source/blender/blenkernel/intern/modifier.cc:458 BKE_modifier_set_error: Object: "throat guard row 1 bevelled lamellar plate 04", Modifier: "weighted normals", Enable 'Auto Smooth' in Object Data Properties
ERROR (bke.modifier): ./source/blender/blenkernel/intern/modifier.cc:458 BKE_modifier_set_error: Object: "throat guard row 1 bevelled lamellar plate 02", Modifier: "weighted normals", Enable 'Auto Smooth' in Object Data Properties
ERROR (bke.modifier): ./source/blender/blenkernel/intern/modifier.cc:458 BKE_modifier_set_error: Object: "throat guard row 2 bevelled lamellar plate 01", Modifier: "weighted normals", Enable 'Auto Smooth' in Object Data Properties
ERROR (bke.modifier): ./source/blender/blenkernel/intern/modifier.cc:458 BKE_modifier_set_error: Object: "throat guard row 2 bevelled lamellar plate 03", Modifier: "weighted normals", Enable 'Auto Smooth' in Object Data Properties
ERROR (bke.modifier): ./source/blender/blenkernel/intern/modifier.cc:458 BKE_modifier_set_error: Object: "throat guard row 1 bevelled lamellar plate 05", Modifier: "weighted normals", Enable 'Auto Smooth' in Object Data Properties
ERROR (bke.modifier): ./source/blender/blenkernel/intern/modifier.cc:458 BKE_modifier_set_error: Object: "throat guard row 1 bevelled lamellar plate 01", Modifier: "weighted normals", Enable 'Auto Smooth' in Object Data Properties
ERROR (bke.modifier): ./source/blender/blenkernel/intern/modifier.cc:458 BKE_modifier_set_error: Object: "throat guard row 1 bevelled lamellar plate 03", Modifier: "weighted normals", Enable 'Auto Smooth' in Object Data Properties
ERROR (bke.modifier): ./source/blender/blenkernel/intern/modifier.cc:458 BKE_modifier_set_error: Object: "throat guard row 2 bevelled lamellar plate 04", Modifier: "weighted normals", Enable 'Auto Smooth' in Object Data Properties
ERROR (bke.modifier): ./source/blender/blenkernel/intern/modifier.cc:458 BKE_modifier_set_error: Object: "upper do cuirass fitted shell", Modifier: "weighted normals", Enable 'Auto Smooth' in Object Data Properties
ERROR (bke.modifier): ./source/blender/blenkernel/intern/modifier.cc:458 BKE_modifier_set_error: Object: "lower do cuirass narrowed shell", Modifier: "weighted normals", Enable 'Auto Smooth' in Object Data Properties
ERROR (bke.modifier): ./source/blender/blenkernel/intern/modifier.cc:458 BKE_modifier_set_error: Object: "throat guard row 3 bevelled lamellar plate 01", Modifier: "weighted normals", Enable 'Auto Smooth' in Object Data Properties
ERROR (bke.modifier): ./source/blender/blenkernel/intern/modifier.cc:458 BKE_modifier_set_error: Object: "throat guard row 2 bevelled lamellar plate 02", Modifier: "weighted normals", Enable 'Auto Smooth' in Object Data Properties
ERROR (bke.modifier): ./source/blender/blenkernel/intern/modifier.cc:458 BKE_modifier_set_error: Object: "throat guard row 2 bevelled lamellar plate 05", Modifier: "weighted normals", Enable 'Auto Smooth' in Object Data Properties
ERROR (bke.modifier): ./source/blender/blenkernel/intern/modifier.cc:458 BKE_modifier_set_error: Object: "throat guard row 3 bevelled lamellar plate 03", Modifier: "weighted normals", Enable 'Auto Smooth' in Object Data Properties
ERROR (bke.modifier): ./source/blender/blenkernel/intern/modifier.cc:458 BKE_modifier_set_error: Object: "matte charcoal inspection plinth", Modifier: "weighted normals", Enable 'Auto Smooth' in Object Data Properties
ERROR (bke.modifier): ./source/blender/blenkernel/intern/modifier.cc:458 BKE_modifier_set_error: Object: "simple round clan mon on banner", Modifier: "weighted normals", Enable 'Auto Smooth' in Object Data Properties
ERROR (bke.modifier): ./source/blender/blenkernel/intern/modifier.cc:458 BKE_modifier_set_error: Object: "throat guard row 3 bevelled lamellar plate 05", Modifier: "weighted normals", Enable 'Auto Smooth' in Object Data Properties
ERROR (bke.modifier): ./source/blender/blenkernel/intern/modifier.cc:458 BKE_modifier_set_error: Object: "throat guard row 3 bevelled lamellar plate 04", Modifier: "weighted normals", Enable 'Auto Smooth' in Object Data Properties
ERROR (bke.modifier): ./source/blender/blenkernel/intern/modifier.cc:458 BKE_modifier_set_error: Object: "throat guard row 3 bevelled lamellar plate 02", Modifier: "weighted normals", Enable 'Auto Smooth' in Object Data Properties
ERROR (bke.modifier): ./source/blender/blenkernel/intern/modifier.cc:458 BKE_modifier_set_error: Object: "front cuirass row 1 bevelled lamellar plate 02", Modifier: "weighted normals", Enable 'Auto Smooth' in Object Data Properties
ERROR (bke.modifier): ./source/blender/blenkernel/intern/modifier.cc:458 BKE_modifier_set_error: Object: "front cuirass row 1 bevelled lamellar plate 07", Modifier: "weighted normals", Enable 'Auto Smooth' in Object Data Properties
ERROR (bke.modifier): ./source/blender/blenkernel/intern/modifier.cc:458 BKE_modifier_set_error: Object: "front cuirass row 1 bevelled lamellar plate 06", Modifier: "weighted normals", Enable 'Auto Smooth' in Object Data Properties
ERROR (bke.modifier): ./source/blender/blenkernel/intern/modifier.cc:458 BKE_modifier_set_error: Object: "front cuirass row 1 bevelled lamellar plate 01", Modifier: "weighted normals", Enable 'Auto Smooth' in Object Data Properties
ERROR (bke.modifier): ./source/blender/blenkernel/intern/modifier.cc:458 BKE_modifier_set_error: Object: "front cuirass row 1 bevelled lamellar plate 05", Modifier: "weighted normals", Enable 'Auto Smooth' in Object Data Properties
ERROR (bke.modifier): ./source/blender/blenkernel/intern/modifier.cc:458 BKE_modifier_set_error: Object: "front cuirass row 1 bevelled lamellar plate 04", Modifier: "weighted normals", Enable 'Auto Smooth' in Object Data Properties
ERROR (bke.modifier): ./source/blender/blenkernel/intern/modifier.cc:458 BKE_modifier_set_error: Object: "front cuirass row 1 bevelled lamellar plate 03", Modifier: "weighted normals", Enable 'Auto Smooth' in Object Data Properties
ERROR (bke.modifier): ./source/blender/blenkernel/intern/modifier.cc:458 BKE_modifier_set_error: Object: "rear cuirass row 1 bevelled lamellar plate 04", Modifier: "weighted normals", Enable 'Auto Smooth' in Object Data Properties
ERROR (bke.modifier): ./source/blender/blenkernel/intern/modifier.cc:458 BKE_modifier_set_error: Object: "rear cuirass row 1 bevelled lamellar plate 05", Modifier: "weighted normals", Enable 'Auto Smooth' in Object Data Properties
ERROR (bke.modifier): ./source/blender/blenkernel/intern/modifier.cc:458 BKE_modifier_set_error: Object: "front cuirass row 1 bevelled lamellar plate 08", Modifier: "weighted normals", Enable 'Auto Smooth' in Object Data Properties
ERROR (bke.modifier): ./source/blender/blenkernel/intern/modifier.cc:458 BKE_modifier_set_error: Object: "cloth sashimono banner panel", Modifier: "weighted normals", Enable 'Auto Smooth' in Object Data Properties
ERROR (bke.modifier): ./source/blender/blenkernel/intern/modifier.cc:458 BKE_modifier_set_error: Object: "rear cuirass row 1 bevelled lamellar plate 01", Modifier: "weighted normals", Enable 'Auto Smooth' in Object Data Properties
ERROR (bke.modifier): ./source/blender/blenkernel/intern/modifier.cc:458 BKE_modifier_set_error: Object: "rear cuirass row 1 bevelled lamellar plate 02", Modifier: "weighted normals", Enable 'Auto Smooth' in Object Data Properties
ERROR (bke.modifier): ./source/blender/blenkernel/intern/modifier.cc:458 BKE_modifier_set_error: Object: "rear cuirass row 1 bevelled lamellar plate 06", Modifier: "weighted normals", Enable 'Auto Smooth' in Object Data Properties
ERROR (bke.modifier): ./source/blender/blenkernel/intern/modifier.cc:458 BKE_modifier_set_error: Object: "rear cuirass row 1 bevelled lamellar plate 08", Modifier: "weighted normals", Enable 'Auto Smooth' in Object Data Properties
ERROR (bke.modifier): ./source/blender/blenkernel/intern/modifier.cc:458 BKE_modifier_set_error: Object: "front cuirass row 2 bevelled lamellar plate 01", Modifier: "weighted normals", Enable 'Auto Smooth' in Object Data Properties
ERROR (bke.modifier): ./source/blender/blenkernel/intern/modifier.cc:458 BKE_modifier_set_error: Object: "rear cuirass row 1 bevelled lamellar plate 03", Modifier: "weighted normals", Enable 'Auto Smooth' in Object Data Properties
ERROR (bke.modifier): ./source/blender/blenkernel/intern/modifier.cc:458 BKE_modifier_set_error: Object: "rear cuirass row 2 bevelled lamellar plate 03", Modifier: "weighted normals", Enable 'Auto Smooth' in Object Data Properties
ERROR (bke.modifier): ./source/blender/blenkernel/intern/modifier.cc:458 BKE_modifier_set_error: Object: "rear cuirass row 1 bevelled lamellar plate 07", Modifier: "weighted normals", Enable 'Auto Smooth' in Object Data Properties
ERROR (bke.modifier): ./source/blender/blenkernel/intern/modifier.cc:458 BKE_modifier_set_error: Object: "front cuirass row 2 bevelled lamellar plate 04", Modifier: "weighted normals", Enable 'Auto Smooth' in Object Data Properties
ERROR (bke.modifier): ./source/blender/blenkernel/intern/modifier.cc:458 BKE_modifier_set_error: Object: "front cuirass row 2 bevelled lamellar plate 02", Modifier: "weighted normals", Enable 'Auto Smooth' in Object Data Properties
ERROR (bke.modifier): ./source/blender/blenkernel/intern/modifier.cc:458 BKE_modifier_set_error: Object: "rear cuirass row 2 bevelled lamellar plate 04", Modifier: "weighted normals", Enable 'Auto Smooth' in Object Data Properties
ERROR (bke.modifier): ./source/blender/blenkernel/intern/modifier.cc:458 BKE_modifier_set_error: Object: "front cuirass row 2 bevelled lamellar plate 03", Modifier: "weighted normals", Enable 'Auto Smooth' in Object Data Properties
ERROR (bke.modifier): ./source/blender/blenkernel/intern/modifier.cc:458 BKE_modifier_set_error: Object: "rear cuirass row 2 bevelled lamellar plate 05", Modifier: "weighted normals", Enable 'Auto Smooth' in Object Data Properties
ERROR (bke.modifier): ./source/blender/blenkernel/intern/modifier.cc:458 BKE_modifier_set_error: Object: "small lacquered sashimono crossbar", Modifier: "weighted normals", Enable 'Auto Smooth' in Object Data Properties
ERROR (bke.modifier): ./source/blender/blenkernel/intern/modifier.cc:458 BKE_modifier_set_error: Object: "front cuirass row 2 bevelled lamellar plate 05", Modifier: "weighted normals", Enable 'Auto Smooth' in Object Data Properties
ERROR (bke.modifier): ./source/blender/blenkernel/intern/modifier.cc:458 BKE_modifier_set_error: Object: "rear cuirass row 2 bevelled lamellar plate 06", Modifier: "weighted normals", Enable 'Auto Smooth' in Object Data Properties
ERROR (bke.modifier): ./source/blender/blenkernel/intern/modifier.cc:458 BKE_modifier_set_error: Object: "front cuirass row 2 bevelled lamellar plate 08", Modifier: "weighted normals", Enable 'Auto Smooth' in Object Data Properties
ERROR (bke.modifier): ./source/blender/blenkernel/intern/modifier.cc:458 BKE_modifier_set_error: Object: "rear cuirass row 2 bevelled lamellar plate 07", Modifier: "weighted normals", Enable 'Auto Smooth' in Object Data Properties
ERROR (bke.modifier): ./source/blender/blenkernel/intern/modifier.cc:458 BKE_modifier_set_error: Object: "front cuirass row 2 bevelled lamellar plate 07", Modifier: "weighted normals", Enable 'Auto Smooth' in Object Data Properties
ERROR (bke.modifier): ./source/blender/blenkernel/intern/modifier.cc:458 BKE_modifier_set_error: Object: "front cuirass row 2 bevelled lamellar plate 06", Modifier: "weighted normals", Enable 'Auto Smooth' in Object Data Properties
ERROR (bke.modifier): ./source/blender/blenkernel/intern/modifier.cc:458 BKE_modifier_set_error: Object: "rear cuirass row 2 bevelled lamellar plate 08", Modifier: "weighted normals", Enable 'Auto Smooth' in Object Data Properties
ERROR (bke.modifier): ./source/blender/blenkernel/intern/modifier.cc:458 BKE_modifier_set_error: Object: "rear cuirass row 2 bevelled lamellar plate 01", Modifier: "weighted normals", Enable 'Auto Smooth' in Object Data Properties
ERROR (bke.modifier): ./source/blender/blenkernel/intern/modifier.cc:458 BKE_modifier_set_error: Object: "rear cuirass row 2 bevelled lamellar plate 02", Modifier: "weighted normals", Enable 'Auto Smooth' in Object Data Properties
ERROR (bke.modifier): ./source/blender/blenkernel/intern/modifier.cc:458 BKE_modifier_set_error: Object: "front cuirass row 3 bevelled lamellar plate 03", Modifier: "weighted normals", Enable 'Auto Smooth' in Object Data Properties
ERROR (bke.modifier): ./source/blender/blenkernel/intern/modifier.cc:458 BKE_modifier_set_error: Object: "front cuirass row 3 bevelled lamellar plate 02", Modifier: "weighted normals", Enable 'Auto Smooth' in Object Data Properties
ERROR (bke.modifier): ./source/blender/blenkernel/intern/modifier.cc:458 BKE_modifier_set_error: Object: "front cuirass row 3 bevelled lamellar plate 01", Modifier: "weighted normals", Enable 'Auto Smooth' in Object Data Properties
ERROR (bke.modifier): ./source/blender/blenkernel/intern/modifier.cc:458 BKE_modifier_set_error: Object: "front cuirass row 3 bevelled lamellar plate 04", Modifier: "weighted normals", Enable 'Auto Smooth' in Object Data Properties
ERROR (bke.modifier): ./source/blender/blenkernel/intern/modifier.cc:458 BKE_modifier_set_error: Object: "rear cuirass row 3 bevelled lamellar plate 01", Modifier: "weighted normals", Enable 'Auto Smooth' in Object Data Properties
ERROR (bke.modifier): ./source/blender/blenkernel/intern/modifier.cc:458 BKE_modifier_set_error: Object: "front cuirass row 3 bevelled lamellar plate 05", Modifier: "weighted normals", Enable 'Auto Smooth' in Object Data Properties
ERROR (bke.modifier): ./source/blender/blenkernel/intern/modifier.cc:458 BKE_modifier_set_error: Object: "front cuirass row 3 bevelled lamellar plate 06", Modifier: "weighted normals", Enable 'Auto Smooth' in Object Data Properties
ERROR (bke.modifier): ./source/blender/blenkernel/intern/modifier.cc:458 BKE_modifier_set_error: Object: "rear cuirass row 3 bevelled lamellar plate 02", Modifier: "weighted normals", Enable 'Auto Smooth' in Object Data Properties
ERROR (bke.modifier): ./source/blender/blenkernel/intern/modifier.cc:458 BKE_modifier_set_error: Object: "front cuirass row 3 bevelled lamellar plate 07", Modifier: "weighted normals", Enable 'Auto Smooth' in Object Data Properties
ERROR (bke.modifier): ./source/blender/blenkernel/intern/modifier.cc:458 BKE_modifier_set_error: Object: "front cuirass row 3 bevelled lamellar plate 08", Modifier: "weighted normals", Enable 'Auto Smooth' in Object Data Properties
ERROR (bke.modifier): ./source/blender/blenkernel/intern/modifier.cc:458 BKE_modifier_set_error: Object: "rear cuirass row 3 bevelled lamellar plate 08", Modifier: "weighted normals", Enable 'Auto Smooth' in Object Data Properties
ERROR (bke.modifier): ./source/blender/blenkernel/intern/modifier.cc:458 BKE_modifier_set_error: Object: "rear cuirass row 3 bevelled lamellar plate 05", Modifier: "weighted normals", Enable 'Auto Smooth' in Object Data Properties
ERROR (bke.modifier): ./source/blender/blenkernel/intern/modifier.cc:458 BKE_modifier_set_error: Object: "rear cuirass row 3 bevelled lamellar plate 03", Modifier: "weighted normals", Enable 'Auto Smooth' in Object Data Properties
ERROR (bke.modifier): ./source/blender/blenkernel/intern/modifier.cc:458 BKE_modifier_set_error: Object: "rear cuirass row 3 bevelled lamellar plate 04", Modifier: "weighted normals", Enable 'Auto Smooth' in Object Data Properties
ERROR (bke.modifier): ./source/blender/blenkernel/intern/modifier.cc:458 BKE_modifier_set_error: Object: "rear cuirass row 3 bevelled lamellar plate 06", Modifier: "weighted normals", Enable 'Auto Smooth' in Object Data Properties
ERROR (bke.modifier): ./source/blender/blenkernel/intern/modifier.cc:458 BKE_modifier_set_error: Object: "square tsuba guard", Modifier: "weighted normals", Enable 'Auto Smooth' in Object Data Properties
ERROR (bke.modifier): ./source/blender/blenkernel/intern/modifier.cc:458 BKE_modifier_set_error: Object: "front cuirass row 4 bevelled lamellar plate 04", Modifier: "weighted normals", Enable 'Auto Smooth' in Object Data Properties
ERROR (bke.modifier): ./source/blender/blenkernel/intern/modifier.cc:458 BKE_modifier_set_error: Object: "front cuirass row 4 bevelled lamellar plate 01", Modifier: "weighted normals", Enable 'Auto Smooth' in Object Data Properties
ERROR (bke.modifier): ./source/blender/blenkernel/intern/modifier.cc:458 BKE_modifier_set_error: Object: "rear cuirass row 3 bevelled lamellar plate 07", Modifier: "weighted normals", Enable 'Auto Smooth' in Object Data Properties
ERROR (bke.modifier): ./source/blender/blenkernel/intern/modifier.cc:458 BKE_modifier_set_error: Object: "wrapped katana grip", Modifier: "weighted normals", Enable 'Auto Smooth' in Object Data Properties
ERROR (bke.modifier): ./source/blender/blenkernel/intern/modifier.cc:458 BKE_modifier_set_error: Object: "front cuirass row 4 bevelled lamellar plate 02", Modifier: "weighted normals", Enable 'Auto Smooth' in Object Data Properties
ERROR (bke.modifier): ./source/blender/blenkernel/intern/modifier.cc:458 BKE_modifier_set_error: Object: "rear cuirass row 4 bevelled lamellar plate 01", Modifier: "weighted normals", Enable 'Auto Smooth' in Object Data Properties
ERROR (bke.modifier): ./source/blender/blenkernel/intern/modifier.cc:458 BKE_modifier_set_error: Object: "front cuirass row 4 bevelled lamellar plate 03", Modifier: "weighted normals", Enable 'Auto Smooth' in Object Data Properties
ERROR (bke.modifier): ./source/blender/blenkernel/intern/modifier.cc:458 BKE_modifier_set_error: Object: "front cuirass row 4 bevelled lamellar plate 05", Modifier: "weighted normals", Enable 'Auto Smooth' in Object Data Properties
ERROR (bke.modifier): ./source/blender/blenkernel/intern/modifier.cc:458 BKE_modifier_set_error: Object: "front cuirass row 4 bevelled lamellar plate 06", Modifier: "weighted normals", Enable 'Auto Smooth' in Object Data Properties
ERROR (bke.modifier): ./source/blender/blenkernel/intern/modifier.cc:458 BKE_modifier_set_error: Object: "front cuirass row 4 bevelled lamellar plate 07", Modifier: "weighted normals", Enable 'Auto Smooth' in Object Data Properties
ERROR (bke.modifier): ./source/blender/blenkernel/intern/modifier.cc:458 BKE_modifier_set_error: Object: "rear cuirass row 4 bevelled lamellar plate 02", Modifier: "weighted normals", Enable 'Auto Smooth' in Object Data Properties
ERROR (bke.modifier): ./source/blender/blenkernel/intern/modifier.cc:458 BKE_modifier_set_error: Object: "front cuirass row 5 bevelled lamellar plate 01", Modifier: "weighted normals", Enable 'Auto Smooth' in Object Data Properties
ERROR (bke.modifier): ./source/blender/blenkernel/intern/modifier.cc:458 BKE_modifier_set_error: Object: "front cuirass row 4 bevelled lamellar plate 08", Modifier: "weighted normals", Enable 'Auto Smooth' in Object Data Properties
ERROR (bke.modifier): ./source/blender/blenkernel/intern/modifier.cc:458 BKE_modifier_set_error: Object: "rear cuirass row 4 bevelled lamellar plate 06", Modifier: "weighted normals", Enable 'Auto Smooth' in Object Data Properties
ERROR (bke.modifier): ./source/blender/blenkernel/intern/modifier.cc:458 BKE_modifier_set_error: Object: "rear cuirass row 4 bevelled lamellar plate 07", Modifier: "weighted normals", Enable 'Auto Smooth' in Object Data Properties
ERROR (bke.modifier): ./source/blender/blenkernel/intern/modifier.cc:458 BKE_modifier_set_error: Object: "rear cuirass row 4 bevelled lamellar plate 04", Modifier: "weighted normals", Enable 'Auto Smooth' in Object Data Properties
ERROR (bke.modifier): ./source/blender/blenkernel/intern/modifier.cc:458 BKE_modifier_set_error: Object: "rear cuirass row 4 bevelled lamellar plate 05", Modifier: "weighted normals", Enable 'Auto Smooth' in Object Data Properties
ERROR (bke.modifier): ./source/blender/blenkernel/intern/modifier.cc:458 BKE_modifier_set_error: Object: "rear cuirass row 4 bevelled lamellar plate 03", Modifier: "weighted normals", Enable 'Auto Smooth' in Object Data Properties
ERROR (bke.modifier): ./source/blender/blenkernel/intern/modifier.cc:458 BKE_modifier_set_error: Object: "rear cuirass row 4 bevelled lamellar plate 08", Modifier: "weighted normals", Enable 'Auto Smooth' in Object Data Properties
ERROR (bke.modifier): ./source/blender/blenkernel/intern/modifier.cc:458 BKE_modifier_set_error: Object: "front cuirass row 5 bevelled lamellar plate 02", Modifier: "weighted normals", Enable 'Auto Smooth' in Object Data Properties
ERROR (bke.modifier): ./source/blender/blenkernel/intern/modifier.cc:458 BKE_modifier_set_error: Object: "front cuirass row 5 bevelled lamellar plate 03", Modifier: "weighted normals", Enable 'Auto Smooth' in Object Data Properties
ERROR (bke.modifier): ./source/blender/blenkernel/intern/modifier.cc:458 BKE_modifier_set_error: Object: "front cuirass row 5 bevelled lamellar plate 08", Modifier: "weighted normals", Enable 'Auto Smooth' in Object Data Properties
ERROR (bke.modifier): ./source/blender/blenkernel/intern/modifier.cc:458 BKE_modifier_set_error: Object: "front cuirass row 5 bevelled lamellar plate 04", Modifier: "weighted normals", Enable 'Auto Smooth' in Object Data Properties
ERROR (bke.modifier): ./source/blender/blenkernel/intern/modifier.cc:458 BKE_modifier_set_error: Object: "front cuirass row 5 bevelled lamellar plate 06", Modifier: "weighted normals", Enable 'Auto Smooth' in Object Data Properties
ERROR (bke.modifier): ./source/blender/blenkernel/intern/modifier.cc:458 BKE_modifier_set_error: Object: "front cuirass row 5 bevelled lamellar plate 07", Modifier: "weighted normals", Enable 'Auto Smooth' in Object Data Properties
ERROR (bke.modifier): ./source/blender/blenkernel/intern/modifier.cc:458 BKE_modifier_set_error: Object: "front cuirass row 5 bevelled lamellar plate 05", Modifier: "weighted normals", Enable 'Auto Smooth' in Object Data Properties
ERROR (bke.modifier): ./source/blender/blenkernel/intern/modifier.cc:458 BKE_modifier_set_error: Object: "rear cuirass row 5 bevelled lamellar plate 02", Modifier: "weighted normals", Enable 'Auto Smooth' in Object Data Properties
ERROR (bke.modifier): ./source/blender/blenkernel/intern/modifier.cc:458 BKE_modifier_set_error: Object: "rear cuirass row 5 bevelled lamellar plate 01", Modifier: "weighted normals", Enable 'Auto Smooth' in Object Data Properties
ERROR (bke.modifier): ./source/blender/blenkernel/intern/modifier.cc:458 BKE_modifier_set_error: Object: "rear cuirass row 5 bevelled lamellar plate 03", Modifier: "weighted normals", Enable 'Auto Smooth' in Object Data Properties
ERROR (bke.modifier): ./source/blender/blenkernel/intern/modifier.cc:458 BKE_modifier_set_error: Object: "rear cuirass row 5 bevelled lamellar plate 04", Modifier: "weighted normals", Enable 'Auto Smooth' in Object Data Properties
ERROR (bke.modifier): ./source/blender/blenkernel/intern/modifier.cc:458 BKE_modifier_set_error: Object: "left shoulder undercloth", Modifier: "weighted normals", Enable 'Auto Smooth' in Object Data Properties
ERROR (bke.modifier): ./source/blender/blenkernel/intern/modifier.cc:458 BKE_modifier_set_error: Object: "left side cuirass plate 3", Modifier: "weighted normals", Enable 'Auto Smooth' in Object Data Properties
ERROR (bke.modifier): ./source/blender/blenkernel/intern/modifier.cc:458 BKE_modifier_set_error: Object: "right woven waraji sole grounded", Modifier: "weighted normals", Enable 'Auto Smooth' in Object Data Properties
ERROR (bke.modifier): ./source/blender/blenkernel/intern/modifier.cc:458 BKE_modifier_set_error: Object: "rear cuirass row 5 bevelled lamellar plate 05", Modifier: "weighted normals", Enable 'Auto Smooth' in Object Data Properties
ERROR (bke.modifier): ./source/blender/blenkernel/intern/modifier.cc:458 BKE_modifier_set_error: Object: "left sode shoulder armor", Modifier: "weighted normals", Enable 'Auto Smooth' in Object Data Properties
ERROR (bke.modifier): ./source/blender/blenkernel/intern/modifier.cc:458 BKE_modifier_set_error: Object: "left side cuirass plate 1", Modifier: "weighted normals", Enable 'Auto Smooth' in Object Data Properties
ERROR (bke.modifier): ./source/blender/blenkernel/intern/modifier.cc:458 BKE_modifier_set_error: Object: "left armored upper arm", Modifier: "weighted normals", Enable 'Auto Smooth' in Object Data Properties
ERROR (bke.modifier): ./source/blender/blenkernel/intern/modifier.cc:458 BKE_modifier_set_error: Object: "rear cuirass row 5 bevelled lamellar plate 06", Modifier: "weighted normals", Enable 'Auto Smooth' in Object Data Properties
ERROR (bke.modifier): ./source/blender/blenkernel/intern/modifier.cc:458 BKE_modifier_set_error: Object: "rear cuirass row 5 bevelled lamellar plate 07", Modifier: "weighted normals", Enable 'Auto Smooth' in Object Data Properties
ERROR (bke.modifier): ./source/blender/blenkernel/intern/modifier.cc:458 BKE_modifier_set_error: Object: "left side cuirass plate 2", Modifier: "weighted normals", Enable 'Auto Smooth' in Object Data Properties
ERROR (bke.modifier): ./source/blender/blenkernel/intern/modifier.cc:458 BKE_modifier_set_error: Object: "rear cuirass row 5 bevelled lamellar plate 08", Modifier: "weighted normals", Enable 'Auto Smooth' in Object Data Properties
ERROR (bke.modifier): ./source/blender/blenkernel/intern/modifier.cc:458 BKE_modifier_set_error: Object: "left kote forearm guard", Modifier: "weighted normals", Enable 'Auto Smooth' in Object Data Properties
ERROR (bke.modifier): ./source/blender/blenkernel/intern/modifier.cc:458 BKE_modifier_set_error: Object: "right outer toe group", Modifier: "weighted normals", Enable 'Auto Smooth' in Object Data Properties
ERROR (bke.modifier): ./source/blender/blenkernel/intern/modifier.cc:458 BKE_modifier_set_error: Object: "right side cuirass plate 1", Modifier: "weighted normals", Enable 'Auto Smooth' in Object Data Properties
ERROR (bke.modifier): ./source/blender/blenkernel/intern/modifier.cc:458 BKE_modifier_set_error: Object: "left leather palm volume", Modifier: "weighted normals", Enable 'Auto Smooth' in Object Data Properties
ERROR (bke.modifier): ./source/blender/blenkernel/intern/modifier.cc:458 BKE_modifier_set_error: Object: "left index fingertip", Modifier: "weighted normals", Enable 'Auto Smooth' in Object Data Properties
ERROR (bke.modifier): ./source/blender/blenkernel/intern/modifier.cc:458 BKE_modifier_set_error: Object: "left middle fingertip", Modifier: "weighted normals", Enable 'Auto Smooth' in Object Data Properties
ERROR (bke.modifier): ./source/blender/blenkernel/intern/modifier.cc:458 BKE_modifier_set_error: Object: "right separated big toe", Modifier: "weighted normals", Enable 'Auto Smooth' in Object Data Properties
ERROR (bke.modifier): ./source/blender/blenkernel/intern/modifier.cc:458 BKE_modifier_set_error: Object: "left ring fingertip", Modifier: "weighted normals", Enable 'Auto Smooth' in Object Data Properties
ERROR (bke.modifier): ./source/blender/blenkernel/intern/modifier.cc:458 BKE_modifier_set_error: Object: "left pinky fingertip", Modifier: "weighted normals", Enable 'Auto Smooth' in Object Data Properties
ERROR (bke.modifier): ./source/blender/blenkernel/intern/modifier.cc:458 BKE_modifier_set_error: Object: "left thumb fingertip", Modifier: "weighted normals", Enable 'Auto Smooth' in Object Data Properties
ERROR (bke.modifier): ./source/blender/blenkernel/intern/modifier.cc:458 BKE_modifier_set_error: Object: "right split-toe tabi foot volume", Modifier: "weighted normals", Enable 'Auto Smooth' in Object Data Properties
ERROR (bke.modifier): ./source/blender/blenkernel/intern/modifier.cc:458 BKE_modifier_set_error: Object: "right shoulder undercloth", Modifier: "weighted normals", Enable 'Auto Smooth' in Object Data Properties
ERROR (bke.modifier): ./source/blender/blenkernel/intern/modifier.cc:458 BKE_modifier_set_error: Object: "right side cuirass plate 3", Modifier: "weighted normals", Enable 'Auto Smooth' in Object Data Properties
ERROR (bke.modifier): ./source/blender/blenkernel/intern/modifier.cc:458 BKE_modifier_set_error: Object: "right side cuirass plate 2", Modifier: "weighted normals", Enable 'Auto Smooth' in Object Data Properties
ERROR (bke.modifier): ./source/blender/blenkernel/intern/modifier.cc:458 BKE_modifier_set_error: Object: "right armored upper arm", Modifier: "weighted normals", Enable 'Auto Smooth' in Object Data Properties
ERROR (bke.modifier): ./source/blender/blenkernel/intern/modifier.cc:458 BKE_modifier_set_error: Object: "right sode shoulder armor", Modifier: "weighted normals", Enable 'Auto Smooth' in Object Data Properties
ERROR (bke.modifier): ./source/blender/blenkernel/intern/modifier.cc:458 BKE_modifier_set_error: Object: "right kote forearm guard", Modifier: "weighted normals", Enable 'Auto Smooth' in Object Data Properties
ERROR (bke.modifier): ./source/blender/blenkernel/intern/modifier.cc:458 BKE_modifier_set_error: Object: "right leather palm volume", Modifier: "weighted normals", Enable 'Auto Smooth' in Object Data Properties
ERROR (bke.modifier): ./source/blender/blenkernel/intern/modifier.cc:458 BKE_modifier_set_error: Object: "right shin greave", Modifier: "weighted normals", Enable 'Auto Smooth' in Object Data Properties
ERROR (bke.modifier): ./source/blender/blenkernel/intern/modifier.cc:458 BKE_modifier_set_error: Object: "right index fingertip", Modifier: "weighted normals", Enable 'Auto Smooth' in Object Data Properties
ERROR (bke.modifier): ./source/blender/blenkernel/intern/modifier.cc:458 BKE_modifier_set_error: Object: "right middle fingertip", Modifier: "weighted normals", Enable 'Auto Smooth' in Object Data Properties
ERROR (bke.modifier): ./source/blender/blenkernel/intern/modifier.cc:458 BKE_modifier_set_error: Object: "right hakama trouser leg", Modifier: "weighted normals", Enable 'Auto Smooth' in Object Data Properties
ERROR (bke.modifier): ./source/blender/blenkernel/intern/modifier.cc:458 BKE_modifier_set_error: Object: "left hanging sode shoulder plate 2", Modifier: "weighted normals", Enable 'Auto Smooth' in Object Data Properties
ERROR (bke.modifier): ./source/blender/blenkernel/intern/modifier.cc:458 BKE_modifier_set_error: Object: "right ring fingertip", Modifier: "weighted normals", Enable 'Auto Smooth' in Object Data Properties
ERROR (bke.modifier): ./source/blender/blenkernel/intern/modifier.cc:458 BKE_modifier_set_error: Object: "left hanging sode shoulder plate 4", Modifier: "weighted normals", Enable 'Auto Smooth' in Object Data Properties
ERROR (bke.modifier): ./source/blender/blenkernel/intern/modifier.cc:458 BKE_modifier_set_error: Object: "right thumb fingertip", Modifier: "weighted normals", Enable 'Auto Smooth' in Object Data Properties
ERROR (bke.modifier): ./source/blender/blenkernel/intern/modifier.cc:458 BKE_modifier_set_error: Object: "left hanging sode shoulder plate 3", Modifier: "weighted normals", Enable 'Auto Smooth' in Object Data Properties
ERROR (bke.modifier): ./source/blender/blenkernel/intern/modifier.cc:458 BKE_modifier_set_error: Object: "right pinky fingertip", Modifier: "weighted normals", Enable 'Auto Smooth' in Object Data Properties
ERROR (bke.modifier): ./source/blender/blenkernel/intern/modifier.cc:458 BKE_modifier_set_error: Object: "left hanging sode shoulder plate 1", Modifier: "weighted normals", Enable 'Auto Smooth' in Object Data Properties
ERROR (bke.modifier): ./source/blender/blenkernel/intern/modifier.cc:458 BKE_modifier_set_error: Object: "kusazuri skirt plate -1 row 1", Modifier: "weighted normals", Enable 'Auto Smooth' in Object Data Properties
ERROR (bke.modifier): ./source/blender/blenkernel/intern/modifier.cc:458 BKE_modifier_set_error: Object: "right hanging sode shoulder plate 1", Modifier: "weighted normals", Enable 'Auto Smooth' in Object Data Properties
ERROR (bke.modifier): ./source/blender/blenkernel/intern/modifier.cc:458 BKE_modifier_set_error: Object: "rear kusazuri skirt plate -1 row 1", Modifier: "weighted normals", Enable 'Auto Smooth' in Object Data Properties
ERROR (bke.modifier): ./source/blender/blenkernel/intern/modifier.cc:458 BKE_modifier_set_error: Object: "right hanging sode shoulder plate 3", Modifier: "weighted normals", Enable 'Auto Smooth' in Object Data Properties
ERROR (bke.modifier): ./source/blender/blenkernel/intern/modifier.cc:458 BKE_modifier_set_error: Object: "right hanging sode shoulder plate 2", Modifier: "weighted normals", Enable 'Auto Smooth' in Object Data Properties
ERROR (bke.modifier): ./source/blender/blenkernel/intern/modifier.cc:458 BKE_modifier_set_error: Object: "kusazuri skirt plate -1 row 2", Modifier: "weighted normals", Enable 'Auto Smooth' in Object Data Properties
ERROR (bke.modifier): ./source/blender/blenkernel/intern/modifier.cc:458 BKE_modifier_set_error: Object: "rear kusazuri skirt plate -1 row 2", Modifier: "weighted normals", Enable 'Auto Smooth' in Object Data Properties
ERROR (bke.modifier): ./source/blender/blenkernel/intern/modifier.cc:458 BKE_modifier_set_error: Object: "kusazuri skirt plate -1 row 3", Modifier: "weighted normals", Enable 'Auto Smooth' in Object Data Properties
ERROR (bke.modifier): ./source/blender/blenkernel/intern/modifier.cc:458 BKE_modifier_set_error: Object: "right hanging sode shoulder plate 4", Modifier: "weighted normals", Enable 'Auto Smooth' in Object Data Properties
ERROR (bke.modifier): ./source/blender/blenkernel/intern/modifier.cc:458 BKE_modifier_set_error: Object: "kusazuri skirt plate +0 row 1", Modifier: "weighted normals", Enable 'Auto Smooth' in Object Data Properties
ERROR (bke.modifier): ./source/blender/blenkernel/intern/modifier.cc:458 BKE_modifier_set_error: Object: "rear kusazuri skirt plate -1 row 3", Modifier: "weighted normals", Enable 'Auto Smooth' in Object Data Properties
ERROR (bke.modifier): ./source/blender/blenkernel/intern/modifier.cc:458 BKE_modifier_set_error: Object: "left hakama trouser leg", Modifier: "weighted normals", Enable 'Auto Smooth' in Object Data Properties
ERROR (bke.modifier): ./source/blender/blenkernel/intern/modifier.cc:458 BKE_modifier_set_error: Object: "rear kusazuri skirt plate +0 row 1", Modifier: "weighted normals", Enable 'Auto Smooth' in Object Data Properties
ERROR (bke.modifier): ./source/blender/blenkernel/intern/modifier.cc:458 BKE_modifier_set_error: Object: "left shin greave", Modifier: "weighted normals", Enable 'Auto Smooth' in Object Data Properties
ERROR (bke.modifier): ./source/blender/blenkernel/intern/modifier.cc:458 BKE_modifier_set_error: Object: "left split-toe tabi foot volume", Modifier: "weighted normals", Enable 'Auto Smooth' in Object Data Properties
ERROR (bke.modifier): ./source/blender/blenkernel/intern/modifier.cc:458 BKE_modifier_set_error: Object: "kusazuri skirt plate +0 row 2", Modifier: "weighted normals", Enable 'Auto Smooth' in Object Data Properties
ERROR (bke.modifier): ./source/blender/blenkernel/intern/modifier.cc:458 BKE_modifier_set_error: Object: "left separated big toe", Modifier: "weighted normals", Enable 'Auto Smooth' in Object Data Properties
ERROR (bke.modifier): ./source/blender/blenkernel/intern/modifier.cc:458 BKE_modifier_set_error: Object: "left woven waraji sole grounded", Modifier: "weighted normals", Enable 'Auto Smooth' in Object Data Properties
ERROR (bke.modifier): ./source/blender/blenkernel/intern/modifier.cc:458 BKE_modifier_set_error: Object: "rear kusazuri skirt plate +0 row 2", Modifier: "weighted normals", Enable 'Auto Smooth' in Object Data Properties
ERROR (bke.modifier): ./source/blender/blenkernel/intern/modifier.cc:458 BKE_modifier_set_error: Object: "left outer toe group", Modifier: "weighted normals", Enable 'Auto Smooth' in Object Data Properties
ERROR (bke.modifier): ./source/blender/blenkernel/intern/modifier.cc:458 BKE_modifier_set_error: Object: "kusazuri skirt plate +0 row 3", Modifier: "weighted normals", Enable 'Auto Smooth' in Object Data Properties
ERROR (bke.modifier): ./source/blender/blenkernel/intern/modifier.cc:458 BKE_modifier_set_error: Object: "rear kusazuri skirt plate +0 row 3", Modifier: "weighted normals", Enable 'Auto Smooth' in Object Data Properties
ERROR (bke.modifier): ./source/blender/blenkernel/intern/modifier.cc:458 BKE_modifier_set_error: Object: "kusazuri skirt plate +1 row 1", Modifier: "weighted normals", Enable 'Auto Smooth' in Object Data Properties
ERROR (bke.modifier): ./source/blender/blenkernel/intern/modifier.cc:458 BKE_modifier_set_error: Object: "rear kusazuri skirt plate +1 row 1", Modifier: "weighted normals", Enable 'Auto Smooth' in Object Data Properties
ERROR (bke.modifier): ./source/blender/blenkernel/intern/modifier.cc:458 BKE_modifier_set_error: Object: "kusazuri skirt plate +1 row 2", Modifier: "weighted normals", Enable 'Auto Smooth' in Object Data Properties
ERROR (bke.modifier): ./source/blender/blenkernel/intern/modifier.cc:458 BKE_modifier_set_error: Object: "rear kusazuri skirt plate +1 row 2", Modifier: "weighted normals", Enable 'Auto Smooth' in Object Data Properties
ERROR (bke.modifier): ./source/blender/blenkernel/intern/modifier.cc:458 BKE_modifier_set_error: Object: "kusazuri skirt plate +1 row 3", Modifier: "weighted normals", Enable 'Auto Smooth' in Object Data Properties
ERROR (bke.modifier): ./source/blender/blenkernel/intern/modifier.cc:458 BKE_modifier_set_error: Object: "rear kusazuri skirt plate +1 row 3", Modifier: "weighted normals", Enable 'Auto Smooth' in Object Data Properties
Fra:1 Mem:47.25M (Peak 47.27M) | Time:00:00.05 | Syncing matte charcoal inspection plinth
Fra:1 Mem:47.26M (Peak 47.31M) | Time:00:00.05 | Syncing ribcage under-kimono volume
Fra:1 Mem:47.35M (Peak 47.35M) | Time:00:00.05 | Syncing narrow waist under-kimono volume
Fra:1 Mem:47.42M (Peak 47.42M) | Time:00:00.06 | Syncing visible human head behind mempo
Fra:1 Mem:47.51M (Peak 47.51M) | Time:00:00.06 | Syncing thin exposed neck
Fra:1 Mem:47.52M (Peak 47.53M) | Time:00:00.06 | Syncing neck guard collar
Fra:1 Mem:47.54M (Peak 47.58M) | Time:00:00.06 | Syncing segmented kabuto helmet bowl
Fra:1 Mem:47.71M (Peak 47.71M) | Time:00:00.06 | Syncing wide kabuto brim
Fra:1 Mem:47.73M (Peak 47.73M) | Time:00:00.06 | Syncing layered rear shikoro neck guard
Fra:1 Mem:47.75M (Peak 47.75M) | Time:00:00.06 | Syncing left side helmet flange
Fra:1 Mem:47.76M (Peak 47.76M) | Time:00:00.06 | Syncing right side helmet flange
Fra:1 Mem:47.77M (Peak 47.77M) | Time:00:00.06 | Syncing golden maedate crescent crest
Fra:1 Mem:47.79M (Peak 47.84M) | Time:00:00.06 | Syncing crest central rivet
Fra:1 Mem:47.80M (Peak 47.84M) | Time:00:00.06 | Syncing left angular mempo cheek plate
Fra:1 Mem:47.82M (Peak 47.86M) | Time:00:00.06 | Syncing right angular mempo cheek plate
Fra:1 Mem:47.84M (Peak 47.86M) | Time:00:00.06 | Syncing mempo chin guard
Fra:1 Mem:47.86M (Peak 47.86M) | Time:00:00.06 | Syncing mempo nose ridge
Fra:1 Mem:47.87M (Peak 47.87M) | Time:00:00.06 | Syncing left narrow eye slit
Fra:1 Mem:47.89M (Peak 47.89M) | Time:00:00.06 | Syncing right narrow eye slit
Fra:1 Mem:47.90M (Peak 47.90M) | Time:00:00.06 | Syncing mempo grim mouth slit
Fra:1 Mem:47.91M (Peak 47.91M) | Time:00:00.06 | Syncing left mask moustache bristle
Fra:1 Mem:47.92M (Peak 47.92M) | Time:00:00.06 | Syncing right mask moustache bristle
Fra:1 Mem:47.93M (Peak 47.93M) | Time:00:00.06 | Syncing throat guard row 1 bevelled lamel
Fra:1 Mem:47.95M (Peak 47.95M) | Time:00:00.06 | Syncing throat guard row 1 bevelled lamel
Fra:1 Mem:47.97M (Peak 47.97M) | Time:00:00.06 | Syncing throat guard row 1 bevelled lamel
Fra:1 Mem:47.99M (Peak 47.99M) | Time:00:00.06 | Syncing throat guard row 1 bevelled lamel
Fra:1 Mem:48.01M (Peak 48.01M) | Time:00:00.06 | Syncing throat guard row 1 bevelled lamel
Fra:1 Mem:48.02M (Peak 48.02M) | Time:00:00.06 | Syncing throat guard row 2 bevelled lamel
Fra:1 Mem:48.04M (Peak 48.04M) | Time:00:00.06 | Syncing throat guard row 2 bevelled lamel
Fra:1 Mem:48.06M (Peak 48.06M) | Time:00:00.06 | Syncing throat guard row 2 bevelled lamel
Fra:1 Mem:48.08M (Peak 48.08M) | Time:00:00.06 | Syncing throat guard row 2 bevelled lamel
Fra:1 Mem:48.10M (Peak 48.10M) | Time:00:00.06 | Syncing throat guard row 2 bevelled lamel
Fra:1 Mem:48.12M (Peak 48.12M) | Time:00:00.06 | Syncing throat guard row 3 bevelled lamel
Fra:1 Mem:48.14M (Peak 48.14M) | Time:00:00.06 | Syncing throat guard row 3 bevelled lamel
Fra:1 Mem:48.16M (Peak 48.16M) | Time:00:00.06 | Syncing throat guard row 3 bevelled lamel
Fra:1 Mem:48.18M (Peak 48.18M) | Time:00:00.06 | Syncing throat guard row 3 bevelled lamel
Fra:1 Mem:48.20M (Peak 48.20M) | Time:00:00.06 | Syncing throat guard row 3 bevelled lamel
Fra:1 Mem:48.22M (Peak 48.22M) | Time:00:00.06 | Syncing upper do cuirass fitted shell
Fra:1 Mem:48.32M (Peak 48.32M) | Time:00:00.06 | Syncing lower do cuirass narrowed shell
Fra:1 Mem:48.40M (Peak 48.40M) | Time:00:00.06 | Syncing front cuirass row 1 bevelled lame
Fra:1 Mem:48.42M (Peak 48.42M) | Time:00:00.06 | Syncing front cuirass row 1 bevelled lame
Fra:1 Mem:48.44M (Peak 48.44M) | Time:00:00.06 | Syncing front cuirass row 1 bevelled lame
Fra:1 Mem:48.46M (Peak 48.46M) | Time:00:00.06 | Syncing front cuirass row 1 bevelled lame
Fra:1 Mem:48.48M (Peak 48.48M) | Time:00:00.06 | Syncing front cuirass row 1 bevelled lame
Fra:1 Mem:48.50M (Peak 48.50M) | Time:00:00.06 | Syncing front cuirass row 1 bevelled lame
Fra:1 Mem:48.52M (Peak 48.52M) | Time:00:00.06 | Syncing front cuirass row 1 bevelled lame
Fra:1 Mem:48.54M (Peak 48.54M) | Time:00:00.06 | Syncing front cuirass row 1 bevelled lame
Fra:1 Mem:48.56M (Peak 48.56M) | Time:00:00.06 | Syncing rear cuirass row 1 bevelled lamel
Fra:1 Mem:48.58M (Peak 48.58M) | Time:00:00.06 | Syncing rear cuirass row 1 bevelled lamel
Fra:1 Mem:48.60M (Peak 48.60M) | Time:00:00.06 | Syncing rear cuirass row 1 bevelled lamel
Fra:1 Mem:48.62M (Peak 48.62M) | Time:00:00.06 | Syncing rear cuirass row 1 bevelled lamel
Fra:1 Mem:48.63M (Peak 48.63M) | Time:00:00.06 | Syncing rear cuirass row 1 bevelled lamel
Fra:1 Mem:48.65M (Peak 48.65M) | Time:00:00.06 | Syncing rear cuirass row 1 bevelled lamel
Fra:1 Mem:48.67M (Peak 48.67M) | Time:00:00.06 | Syncing rear cuirass row 1 bevelled lamel
Fra:1 Mem:48.69M (Peak 48.69M) | Time:00:00.06 | Syncing rear cuirass row 1 bevelled lamel
Fra:1 Mem:48.71M (Peak 48.71M) | Time:00:00.06 | Syncing front cuirass row 2 bevelled lame
Fra:1 Mem:48.73M (Peak 48.73M) | Time:00:00.06 | Syncing front cuirass row 2 bevelled lame
Fra:1 Mem:48.75M (Peak 48.75M) | Time:00:00.06 | Syncing front cuirass row 2 bevelled lame
Fra:1 Mem:48.77M (Peak 48.77M) | Time:00:00.06 | Syncing front cuirass row 2 bevelled lame
Fra:1 Mem:48.79M (Peak 48.79M) | Time:00:00.06 | Syncing front cuirass row 2 bevelled lame
Fra:1 Mem:48.81M (Peak 48.81M) | Time:00:00.06 | Syncing front cuirass row 2 bevelled lame
Fra:1 Mem:48.83M (Peak 48.83M) | Time:00:00.06 | Syncing front cuirass row 2 bevelled lame
Fra:1 Mem:48.85M (Peak 48.85M) | Time:00:00.06 | Syncing front cuirass row 2 bevelled lame
Fra:1 Mem:48.87M (Peak 48.87M) | Time:00:00.06 | Syncing rear cuirass row 2 bevelled lamel
Fra:1 Mem:48.89M (Peak 48.89M) | Time:00:00.06 | Syncing rear cuirass row 2 bevelled lamel
Fra:1 Mem:48.91M (Peak 48.91M) | Time:00:00.06 | Syncing rear cuirass row 2 bevelled lamel
Fra:1 Mem:48.93M (Peak 48.93M) | Time:00:00.06 | Syncing rear cuirass row 2 bevelled lamel
Fra:1 Mem:48.95M (Peak 48.95M) | Time:00:00.06 | Syncing rear cuirass row 2 bevelled lamel
Fra:1 Mem:48.96M (Peak 48.96M) | Time:00:00.06 | Syncing rear cuirass row 2 bevelled lamel
Fra:1 Mem:48.98M (Peak 48.98M) | Time:00:00.06 | Syncing rear cuirass row 2 bevelled lamel
Fra:1 Mem:49.00M (Peak 49.00M) | Time:00:00.06 | Syncing rear cuirass row 2 bevelled lamel
Fra:1 Mem:49.02M (Peak 49.02M) | Time:00:00.06 | Syncing front cuirass row 3 bevelled lame
Fra:1 Mem:49.04M (Peak 49.04M) | Time:00:00.06 | Syncing front cuirass row 3 bevelled lame
Fra:1 Mem:49.06M (Peak 49.06M) | Time:00:00.06 | Syncing front cuirass row 3 bevelled lame
Fra:1 Mem:49.08M (Peak 49.08M) | Time:00:00.06 | Syncing front cuirass row 3 bevelled lame
Fra:1 Mem:49.10M (Peak 49.10M) | Time:00:00.06 | Syncing front cuirass row 3 bevelled lame
Fra:1 Mem:49.12M (Peak 49.12M) | Time:00:00.06 | Syncing front cuirass row 3 bevelled lame
Fra:1 Mem:49.14M (Peak 49.14M) | Time:00:00.06 | Syncing front cuirass row 3 bevelled lame
Fra:1 Mem:49.16M (Peak 49.16M) | Time:00:00.06 | Syncing front cuirass row 3 bevelled lame
Fra:1 Mem:49.18M (Peak 49.18M) | Time:00:00.06 | Syncing rear cuirass row 3 bevelled lamel
Fra:1 Mem:49.20M (Peak 49.20M) | Time:00:00.06 | Syncing rear cuirass row 3 bevelled lamel
Fra:1 Mem:49.22M (Peak 49.22M) | Time:00:00.06 | Syncing rear cuirass row 3 bevelled lamel
Fra:1 Mem:49.23M (Peak 49.23M) | Time:00:00.06 | Syncing rear cuirass row 3 bevelled lamel
Fra:1 Mem:49.25M (Peak 49.25M) | Time:00:00.06 | Syncing rear cuirass row 3 bevelled lamel
Fra:1 Mem:49.27M (Peak 49.27M) | Time:00:00.06 | Syncing rear cuirass row 3 bevelled lamel
Fra:1 Mem:49.29M (Peak 49.29M) | Time:00:00.06 | Syncing rear cuirass row 3 bevelled lamel
Fra:1 Mem:49.31M (Peak 49.31M) | Time:00:00.06 | Syncing rear cuirass row 3 bevelled lamel
Fra:1 Mem:49.33M (Peak 49.33M) | Time:00:00.06 | Syncing front cuirass row 4 bevelled lame
Fra:1 Mem:49.35M (Peak 49.35M) | Time:00:00.06 | Syncing front cuirass row 4 bevelled lame
Fra:1 Mem:49.37M (Peak 49.37M) | Time:00:00.06 | Syncing front cuirass row 4 bevelled lame
Fra:1 Mem:49.39M (Peak 49.39M) | Time:00:00.06 | Syncing front cuirass row 4 bevelled lame
Fra:1 Mem:49.41M (Peak 49.41M) | Time:00:00.06 | Syncing front cuirass row 4 bevelled lame
Fra:1 Mem:49.43M (Peak 49.43M) | Time:00:00.07 | Syncing front cuirass row 4 bevelled lame
Fra:1 Mem:49.45M (Peak 49.45M) | Time:00:00.07 | Syncing front cuirass row 4 bevelled lame
Fra:1 Mem:49.47M (Peak 49.47M) | Time:00:00.07 | Syncing front cuirass row 4 bevelled lame
Fra:1 Mem:49.49M (Peak 49.49M) | Time:00:00.07 | Syncing rear cuirass row 4 bevelled lamel
Fra:1 Mem:49.50M (Peak 49.50M) | Time:00:00.07 | Syncing rear cuirass row 4 bevelled lamel
Fra:1 Mem:49.52M (Peak 49.52M) | Time:00:00.07 | Syncing rear cuirass row 4 bevelled lamel
Fra:1 Mem:49.54M (Peak 49.54M) | Time:00:00.07 | Syncing rear cuirass row 4 bevelled lamel
Fra:1 Mem:49.56M (Peak 49.56M) | Time:00:00.07 | Syncing rear cuirass row 4 bevelled lamel
Fra:1 Mem:49.58M (Peak 49.58M) | Time:00:00.07 | Syncing rear cuirass row 4 bevelled lamel
Fra:1 Mem:49.60M (Peak 49.60M) | Time:00:00.07 | Syncing rear cuirass row 4 bevelled lamel
Fra:1 Mem:49.62M (Peak 49.62M) | Time:00:00.07 | Syncing rear cuirass row 4 bevelled lamel
Fra:1 Mem:49.64M (Peak 49.64M) | Time:00:00.07 | Syncing front cuirass row 5 bevelled lame
Fra:1 Mem:49.66M (Peak 49.66M) | Time:00:00.07 | Syncing front cuirass row 5 bevelled lame
Fra:1 Mem:49.68M (Peak 49.68M) | Time:00:00.07 | Syncing front cuirass row 5 bevelled lame
Fra:1 Mem:49.70M (Peak 49.70M) | Time:00:00.07 | Syncing front cuirass row 5 bevelled lame
Fra:1 Mem:49.72M (Peak 49.72M) | Time:00:00.07 | Syncing front cuirass row 5 bevelled lame
Fra:1 Mem:49.74M (Peak 49.74M) | Time:00:00.07 | Syncing front cuirass row 5 bevelled lame
Fra:1 Mem:49.76M (Peak 49.76M) | Time:00:00.07 | Syncing front cuirass row 5 bevelled lame
Fra:1 Mem:49.78M (Peak 49.78M) | Time:00:00.07 | Syncing front cuirass row 5 bevelled lame
Fra:1 Mem:49.79M (Peak 49.79M) | Time:00:00.07 | Syncing rear cuirass row 5 bevelled lamel
Fra:1 Mem:49.81M (Peak 49.81M) | Time:00:00.07 | Syncing rear cuirass row 5 bevelled lamel
Fra:1 Mem:49.83M (Peak 49.83M) | Time:00:00.07 | Syncing rear cuirass row 5 bevelled lamel
Fra:1 Mem:49.85M (Peak 49.85M) | Time:00:00.07 | Syncing rear cuirass row 5 bevelled lamel
Fra:1 Mem:49.87M (Peak 49.87M) | Time:00:00.07 | Syncing rear cuirass row 5 bevelled lamel
Fra:1 Mem:49.89M (Peak 49.89M) | Time:00:00.07 | Syncing rear cuirass row 5 bevelled lamel
Fra:1 Mem:49.91M (Peak 49.91M) | Time:00:00.07 | Syncing rear cuirass row 5 bevelled lamel
Fra:1 Mem:49.93M (Peak 49.93M) | Time:00:00.07 | Syncing rear cuirass row 5 bevelled lamel
Fra:1 Mem:49.95M (Peak 49.95M) | Time:00:00.07 | Syncing left side cuirass plate 1
Fra:1 Mem:49.96M (Peak 49.96M) | Time:00:00.07 | Syncing left side cuirass plate 2
Fra:1 Mem:49.98M (Peak 49.98M) | Time:00:00.07 | Syncing left side cuirass plate 3
Fra:1 Mem:49.99M (Peak 49.99M) | Time:00:00.07 | Syncing right side cuirass plate 1
Fra:1 Mem:50.00M (Peak 50.00M) | Time:00:00.07 | Syncing right side cuirass plate 2
Fra:1 Mem:50.02M (Peak 50.02M) | Time:00:00.07 | Syncing right side cuirass plate 3
Fra:1 Mem:50.03M (Peak 50.03M) | Time:00:00.07 | Syncing left shoulder undercloth
Fra:1 Mem:50.09M (Peak 50.09M) | Time:00:00.07 | Syncing left hanging sode shoulder plate 
Fra:1 Mem:50.11M (Peak 50.11M) | Time:00:00.07 | Syncing left hanging sode shoulder plate 
Fra:1 Mem:50.13M (Peak 50.13M) | Time:00:00.07 | Syncing left hanging sode shoulder plate 
Fra:1 Mem:50.15M (Peak 50.15M) | Time:00:00.07 | Syncing left hanging sode shoulder plate 
Fra:1 Mem:50.17M (Peak 50.17M) | Time:00:00.07 | Syncing left armored upper arm
Fra:1 Mem:50.22M (Peak 50.22M) | Time:00:00.07 | Syncing left sode shoulder armor
Fra:1 Mem:50.27M (Peak 50.27M) | Time:00:00.07 | Syncing left kote forearm guard
Fra:1 Mem:50.32M (Peak 50.32M) | Time:00:00.07 | Syncing left leather palm volume
Fra:1 Mem:50.36M (Peak 50.38M) | Time:00:00.07 | Syncing left articulated index finger
Fra:1 Mem:50.37M (Peak 50.38M) | Time:00:00.07 | Syncing left index fingertip
Fra:1 Mem:50.38M (Peak 50.38M) | Time:00:00.07 | Syncing left articulated middle finger
Fra:1 Mem:50.39M (Peak 50.39M) | Time:00:00.07 | Syncing left middle fingertip
Fra:1 Mem:50.40M (Peak 50.40M) | Time:00:00.07 | Syncing left articulated ring finger
Fra:1 Mem:50.41M (Peak 50.41M) | Time:00:00.07 | Syncing left ring fingertip
Fra:1 Mem:50.42M (Peak 50.42M) | Time:00:00.07 | Syncing left articulated pinky finger
Fra:1 Mem:50.43M (Peak 50.43M) | Time:00:00.07 | Syncing left pinky fingertip
Fra:1 Mem:50.44M (Peak 50.44M) | Time:00:00.07 | Syncing left opposed thumb
Fra:1 Mem:50.45M (Peak 50.45M) | Time:00:00.07 | Syncing left thumb fingertip
Fra:1 Mem:50.47M (Peak 50.47M) | Time:00:00.07 | Syncing right shoulder undercloth
Fra:1 Mem:50.52M (Peak 50.52M) | Time:00:00.07 | Syncing right hanging sode shoulder plate
Fra:1 Mem:50.54M (Peak 50.54M) | Time:00:00.07 | Syncing right hanging sode shoulder plate
Fra:1 Mem:50.56M (Peak 50.56M) | Time:00:00.07 | Syncing right hanging sode shoulder plate
Fra:1 Mem:50.58M (Peak 50.58M) | Time:00:00.07 | Syncing right hanging sode shoulder plate
Fra:1 Mem:50.60M (Peak 50.60M) | Time:00:00.07 | Syncing right armored upper arm
Fra:1 Mem:50.66M (Peak 50.66M) | Time:00:00.07 | Syncing right sode shoulder armor
Fra:1 Mem:50.70M (Peak 50.70M) | Time:00:00.07 | Syncing right kote forearm guard
Fra:1 Mem:50.75M (Peak 50.75M) | Time:00:00.07 | Syncing right leather palm volume
Fra:1 Mem:50.79M (Peak 50.79M) | Time:00:00.07 | Syncing right articulated index finger
Fra:1 Mem:50.80M (Peak 50.80M) | Time:00:00.07 | Syncing right index fingertip
Fra:1 Mem:50.81M (Peak 50.81M) | Time:00:00.07 | Syncing right articulated middle finger
Fra:1 Mem:50.82M (Peak 50.82M) | Time:00:00.07 | Syncing right middle fingertip
Fra:1 Mem:50.83M (Peak 50.83M) | Time:00:00.07 | Syncing right articulated ring finger
Fra:1 Mem:50.84M (Peak 50.84M) | Time:00:00.07 | Syncing right ring fingertip
Fra:1 Mem:50.85M (Peak 50.85M) | Time:00:00.07 | Syncing right articulated pinky finger
Fra:1 Mem:50.86M (Peak 50.86M) | Time:00:00.07 | Syncing right pinky fingertip
Fra:1 Mem:50.87M (Peak 50.87M) | Time:00:00.07 | Syncing right opposed thumb
Fra:1 Mem:50.88M (Peak 50.88M) | Time:00:00.07 | Syncing right thumb fingertip
Fra:1 Mem:50.90M (Peak 50.90M) | Time:00:00.07 | Syncing kusazuri skirt plate -1 row 1
Fra:1 Mem:50.91M (Peak 50.91M) | Time:00:00.07 | Syncing rear kusazuri skirt plate -1 row 
Fra:1 Mem:50.93M (Peak 50.93M) | Time:00:00.07 | Syncing kusazuri skirt plate -1 row 2
Fra:1 Mem:50.94M (Peak 50.94M) | Time:00:00.07 | Syncing rear kusazuri skirt plate -1 row 
Fra:1 Mem:50.96M (Peak 50.96M) | Time:00:00.07 | Syncing kusazuri skirt plate -1 row 3
Fra:1 Mem:50.97M (Peak 50.97M) | Time:00:00.07 | Syncing rear kusazuri skirt plate -1 row 
Fra:1 Mem:50.98M (Peak 50.98M) | Time:00:00.07 | Syncing kusazuri skirt plate +0 row 1
Fra:1 Mem:51.00M (Peak 51.00M) | Time:00:00.07 | Syncing rear kusazuri skirt plate +0 row 
Fra:1 Mem:51.01M (Peak 51.01M) | Time:00:00.07 | Syncing kusazuri skirt plate +0 row 2
Fra:1 Mem:51.03M (Peak 51.03M) | Time:00:00.07 | Syncing rear kusazuri skirt plate +0 row 
Fra:1 Mem:51.04M (Peak 51.04M) | Time:00:00.07 | Syncing kusazuri skirt plate +0 row 3
Fra:1 Mem:51.05M (Peak 51.05M) | Time:00:00.07 | Syncing rear kusazuri skirt plate +0 row 
Fra:1 Mem:51.07M (Peak 51.07M) | Time:00:00.07 | Syncing kusazuri skirt plate +1 row 1
Fra:1 Mem:51.08M (Peak 51.08M) | Time:00:00.07 | Syncing rear kusazuri skirt plate +1 row 
Fra:1 Mem:51.10M (Peak 51.10M) | Time:00:00.07 | Syncing kusazuri skirt plate +1 row 2
Fra:1 Mem:51.11M (Peak 51.11M) | Time:00:00.07 | Syncing rear kusazuri skirt plate +1 row 
Fra:1 Mem:51.12M (Peak 51.12M) | Time:00:00.07 | Syncing kusazuri skirt plate +1 row 3
Fra:1 Mem:51.14M (Peak 51.14M) | Time:00:00.07 | Syncing rear kusazuri skirt plate +1 row 
Fra:1 Mem:51.15M (Peak 51.15M) | Time:00:00.07 | Syncing left hakama trouser leg
Fra:1 Mem:51.21M (Peak 51.21M) | Time:00:00.07 | Syncing left shin greave
Fra:1 Mem:51.26M (Peak 51.26M) | Time:00:00.07 | Syncing left split-toe tabi foot volume
Fra:1 Mem:51.31M (Peak 51.31M) | Time:00:00.07 | Syncing left separated big toe
Fra:1 Mem:51.33M (Peak 51.33M) | Time:00:00.07 | Syncing left outer toe group
Fra:1 Mem:51.35M (Peak 51.35M) | Time:00:00.07 | Syncing left woven waraji sole grounded
Fra:1 Mem:51.36M (Peak 51.36M) | Time:00:00.07 | Syncing left sandal toe strap
Fra:1 Mem:51.37M (Peak 51.42M) | Time:00:00.07 | Syncing left heel strap
Fra:1 Mem:51.37M (Peak 51.42M) | Time:00:00.07 | Syncing left hakama pleat 1
Fra:1 Mem:51.38M (Peak 51.42M) | Time:00:00.07 | Syncing left hakama pleat 2
Fra:1 Mem:51.38M (Peak 51.42M) | Time:00:00.07 | Syncing left hakama pleat 3
Fra:1 Mem:51.39M (Peak 51.42M) | Time:00:00.07 | Syncing right hakama trouser leg
Fra:1 Mem:51.48M (Peak 51.48M) | Time:00:00.07 | Syncing right shin greave
Fra:1 Mem:51.54M (Peak 51.54M) | Time:00:00.07 | Syncing right split-toe tabi foot volume
Fra:1 Mem:51.58M (Peak 51.58M) | Time:00:00.07 | Syncing right separated big toe
Fra:1 Mem:51.60M (Peak 51.60M) | Time:00:00.07 | Syncing right outer toe group
Fra:1 Mem:51.62M (Peak 51.62M) | Time:00:00.07 | Syncing right woven waraji sole grounded
Fra:1 Mem:51.63M (Peak 51.63M) | Time:00:00.07 | Syncing right sandal toe strap
Fra:1 Mem:51.64M (Peak 51.64M) | Time:00:00.07 | Syncing right heel strap
Fra:1 Mem:51.64M (Peak 51.64M) | Time:00:00.07 | Syncing right hakama pleat 1
Fra:1 Mem:51.65M (Peak 51.65M) | Time:00:00.07 | Syncing right hakama pleat 2
Fra:1 Mem:51.66M (Peak 51.66M) | Time:00:00.07 | Syncing right hakama pleat 3
Fra:1 Mem:51.66M (Peak 51.66M) | Time:00:00.07 | Syncing drawn katana blade spine
Fra:1 Mem:51.67M (Peak 51.73M) | Time:00:00.08 | Syncing bright sharpened katana edge
Fra:1 Mem:51.68M (Peak 51.73M) | Time:00:00.08 | Syncing wrapped katana grip
Fra:1 Mem:51.69M (Peak 51.73M) | Time:00:00.08 | Syncing square tsuba guard
Fra:1 Mem:51.70M (Peak 51.73M) | Time:00:00.08 | Syncing lacquered saya scabbard at left h
Fra:1 Mem:51.71M (Peak 51.73M) | Time:00:00.08 | Syncing waist sash tying armor
Fra:1 Mem:51.71M (Peak 51.73M) | Time:00:00.08 | Syncing bamboo sashimono back pole
Fra:1 Mem:51.72M (Peak 51.73M) | Time:00:00.08 | Syncing small lacquered sashimono crossba
Fra:1 Mem:51.74M (Peak 51.74M) | Time:00:00.08 | Syncing cloth sashimono banner panel
Fra:1 Mem:51.75M (Peak 51.80M) | Time:00:00.08 | Syncing simple round clan mon on banner
Fra:1 Mem:51.79M (Peak 51.80M) | Time:00:00.08 | Syncing cool key
Fra:1 Mem:51.79M (Peak 51.80M) | Time:00:00.08 | Syncing rim
Fra:1 Mem:51.79M (Peak 51.80M) | Time:00:00.08 | Syncing hero cam
Fra:1 Mem:51.79M (Peak 51.80M) | Time:00:00.08 | Syncing samurai_v2_provenance
Fra:1 Mem:51.83M (Peak 51.92M) | Time:00:00.08 | Rendering 1 / 32 samples
Fra:1 Mem:49.42M (Peak 51.92M) | Time:00:02.59 | Rendering 26 / 32 samples
Fra:1 Mem:49.42M (Peak 51.92M) | Time:00:03.04 | Rendering 32 / 32 samples
Saved: '/tmp/factoryx-v22-render/samurai-repaired-full-20-v22/uesugi-01/turntable_007.png'
 Time: 00:03.17 (Saving: 00:00.05)

03:09:00 | INFO: Extracting primitive: Sphere.026
03:09:00 | INFO: Primitives created: 1
03:09:00 | INFO: Extracting primitive: Sphere.027
03:09:00 | INFO: Primitives created: 1
03:09:00 | INFO: Extracting primitive: Sphere.028
03:09:00 | INFO: Primitives created: 1
03:09:00 | INFO: Extracting primitive: Sphere.029
03:09:00 | INFO: Primitives created: 1
03:09:00 | INFO: Extracting primitive: Sphere.030
03:09:00 | INFO: Primitives created: 1
03:09:00 | INFO: Extracting primitive: Cube.138
03:09:00 | INFO: Primitives created: 1
03:09:00 | INFO: Extracting primitive: left sandal toe strap
03:09:00 | INFO: Primitives created: 1
03:09:00 | INFO: Extracting primitive: left heel strap
03:09:00 | INFO: Primitives created: 1
03:09:00 | INFO: Extracting primitive: left hakama pleat 1
03:09:00 | INFO: Primitives created: 1
03:09:00 | INFO: Extracting primitive: left hakama pleat 2
03:09:00 | INFO: Primitives created: 1
03:09:00 | INFO: Extracting primitive: left hakama pleat 3
03:09:00 | INFO: Primitives created: 1
03:09:00 | INFO: Extracting primitive: Sphere.031
03:09:00 | INFO: Primitives created: 1
03:09:00 | INFO: Extracting primitive: Sphere.032
03:09:00 | INFO: Primitives created: 1
03:09:00 | INFO: Extracting primitive: Sphere.033
03:09:00 | INFO: Primitives created: 1
03:09:00 | INFO: Extracting primitive: Sphere.034
03:09:00 | INFO: Primitives created: 1
03:09:00 | INFO: Extracting primitive: Sphere.035
03:09:00 | INFO: Primitives created: 1
03:09:00 | INFO: Extracting primitive: Cube.139
03:09:00 | INFO: Primitives created: 1
03:09:00 | INFO: Extracting primitive: right sandal toe strap
03:09:00 | INFO: Primitives created: 1
03:09:00 | INFO: Extracting primitive: right heel strap
03:09:00 | INFO: Primitives created: 1
03:09:00 | INFO: Extracting primitive: right hakama pleat 1
03:09:00 | INFO: Primitives created: 1
03:09:00 | INFO: Extracting primitive: right hakama pleat 2
03:09:00 | INFO: Primitives created: 1
03:09:00 | INFO: Extracting primitive: right hakama pleat 3
03:09:00 | INFO: Primitives created: 1
03:09:00 | INFO: Extracting primitive: drawn katana blade spine
03:09:00 | INFO: Primitives created: 1
03:09:00 | INFO: Extracting primitive: bright sharpened katana edge
03:09:00 | INFO: Primitives created: 1
03:09:00 | INFO: Extracting primitive: Cylinder.003
03:09:00 | INFO: Primitives created: 1
03:09:00 | INFO: Extracting primitive: Cube.140
03:09:00 | INFO: Primitives created: 1
03:09:00 | INFO: Extracting primitive: lacquered saya scabbard at left hip
03:09:00 | INFO: Primitives created: 1
03:09:00 | INFO: Extracting primitive: waist sash tying armor
03:09:00 | INFO: Primitives created: 1
03:09:00 | INFO: Extracting primitive: bamboo sashimono back pole
03:09:00 | INFO: Primitives created: 1
03:09:00 | INFO: Extracting primitive: Cube.141
03:09:00 | INFO: Primitives created: 1
03:09:00 | INFO: Extracting primitive: Cube.142
03:09:00 | INFO: Primitives created: 1
03:09:00 | INFO: Extracting primitive: Sphere.036
03:09:00 | INFO: Primitives created: 1
03:09:00 | INFO: Finished glTF 2.0 export in 0.11897468566894531 s


Blender quit
