ERROR (bke.modifier): ./source/blender/blenkernel/intern/modifier.cc:458 BKE_modifier_set_error: Object: "matte charcoal inspection plinth", Modifier: "weighted normals", Enable 'Auto Smooth' in Object Data Properties
ERROR (bke.modifier): ./source/blender/blenkernel/intern/modifier.cc:458 BKE_modifier_set_error: Object: "ribcage under-kimono volume", Modifier: "weighted normals", Enable 'Auto Smooth' in Object Data Properties
ERROR (bke.modifier): ./source/blender/blenkernel/intern/modifier.cc:458 BKE_modifier_set_error: Object: "narrow waist under-kimono volume", Modifier: "weighted normals", Enable 'Auto Smooth' in Object Data Properties
ERROR (bke.modifier): ./source/blender/blenkernel/intern/modifier.cc:458 BKE_modifier_set_error: Object: "visible human head behind mempo", Modifier: "weighted normals", Enable 'Auto Smooth' in Object Data Properties
ERROR (bke.modifier): ./source/blender/blenkernel/intern/modifier.cc:458 BKE_modifier_set_error: Object: "thin exposed neck", Modifier: "weighted normals", Enable 'Auto Smooth' in Object Data Properties
ERROR (bke.modifier): ./source/blender/blenkernel/intern/modifier.cc:458 BKE_modifier_set_error: Object: "neck guard collar", Modifier: "weighted normals", Enable 'Auto Smooth' in Object Data Properties
ERROR (bke.modifier): ./source/blender/blenkernel/intern/modifier.cc:458 BKE_modifier_set_error: Object: "segmented kabuto helmet bowl", Modifier: "weighted normals", Enable 'Auto Smooth' in Object Data Properties
ERROR (bke.modifier): ./source/blender/blenkernel/intern/modifier.cc:458 BKE_modifier_set_error: Object: "wide kabuto brim", Modifier: "weighted normals", Enable 'Auto Smooth' in Object Data Properties
ERROR (bke.modifier): ./source/blender/blenkernel/intern/modifier.cc:458 BKE_modifier_set_error: Object: "rear shikoro neck guard flare", Modifier: "weighted normals", Enable 'Auto Smooth' in Object Data Properties
ERROR (bke.modifier): ./source/blender/blenkernel/intern/modifier.cc:458 BKE_modifier_set_error: Object: "left side helmet flange", Modifier: "weighted normals", Enable 'Auto Smooth' in Object Data Properties
ERROR (bke.modifier): ./source/blender/blenkernel/intern/modifier.cc:458 BKE_modifier_set_error: Object: "right side helmet flange", Modifier: "weighted normals", Enable 'Auto Smooth' in Object Data Properties
ERROR (bke.modifier): ./source/blender/blenkernel/intern/modifier.cc:458 BKE_modifier_set_error: Object: "crest central rivet", Modifier: "weighted normals", Enable 'Auto Smooth' in Object Data Properties
ERROR (bke.modifier): ./source/blender/blenkernel/intern/modifier.cc:458 BKE_modifier_set_error: Object: "dark iron mempo cheek mask", Modifier: "weighted normals", Enable 'Auto Smooth' in Object Data Properties
ERROR (bke.modifier): ./source/blender/blenkernel/intern/modifier.cc:458 BKE_modifier_set_error: Object: "mempo nose ridge", Modifier: "weighted normals", Enable 'Auto Smooth' in Object Data Properties
ERROR (bke.modifier): ./source/blender/blenkernel/intern/modifier.cc:458 BKE_modifier_set_error: Object: "left eye slit", Modifier: "weighted normals", Enable 'Auto Smooth' in Object Data Properties
ERROR (bke.modifier): ./source/blender/blenkernel/intern/modifier.cc:458 BKE_modifier_set_error: Object: "right eye slit", Modifier: "weighted normals", Enable 'Auto Smooth' in Object Data Properties
ERROR (bke.modifier): ./source/blender/blenkernel/intern/modifier.cc:458 BKE_modifier_set_error: Object: "mempo grim mouth slit", Modifier: "weighted normals", Enable 'Auto Smooth' in Object Data Properties
ERROR (bke.modifier): ./source/blender/blenkernel/intern/modifier.cc:458 BKE_modifier_set_error: Object: "throat guard row 1 curved lamellar plate 01", Modifier: "weighted normals", Enable 'Auto Smooth' in Object Data Properties
ERROR (bke.modifier): ./source/blender/blenkernel/intern/modifier.cc:458 BKE_modifier_set_error: Object: "throat guard row 1 curved lamellar plate 02", Modifier: "weighted normals", Enable 'Auto Smooth' in Object Data Properties
ERROR (bke.modifier): ./source/blender/blenkernel/intern/modifier.cc:458 BKE_modifier_set_error: Object: "throat guard row 1 curved lamellar plate 03", Modifier: "weighted normals", Enable 'Auto Smooth' in Object Data Properties
ERROR (bke.modifier): ./source/blender/blenkernel/intern/modifier.cc:458 BKE_modifier_set_error: Object: "throat guard row 1 curved lamellar plate 04", Modifier: "weighted normals", Enable 'Auto Smooth' in Object Data Properties
ERROR (bke.modifier): ./source/blender/blenkernel/intern/modifier.cc:458 BKE_modifier_set_error: Object: "throat guard row 1 curved lamellar plate 05", Modifier: "weighted normals", Enable 'Auto Smooth' in Object Data Properties
ERROR (bke.modifier): ./source/blender/blenkernel/intern/modifier.cc:458 BKE_modifier_set_error: Object: "throat guard row 2 curved lamellar plate 01", Modifier: "weighted normals", Enable 'Auto Smooth' in Object Data Properties
ERROR (bke.modifier): ./source/blender/blenkernel/intern/modifier.cc:458 BKE_modifier_set_error: Object: "throat guard row 2 curved lamellar plate 02", Modifier: "weighted normals", Enable 'Auto Smooth' in Object Data Properties
ERROR (bke.modifier): ./source/blender/blenkernel/intern/modifier.cc:458 BKE_modifier_set_error: Object: "throat guard row 2 curved lamellar plate 03", Modifier: "weighted normals", Enable 'Auto Smooth' in Object Data Properties
ERROR (bke.modifier): ./source/blender/blenkernel/intern/modifier.cc:458 BKE_modifier_set_error: Object: "throat guard row 2 curved lamellar plate 04", Modifier: "weighted normals", Enable 'Auto Smooth' in Object Data Properties
ERROR (bke.modifier): ./source/blender/blenkernel/intern/modifier.cc:458 BKE_modifier_set_error: Object: "throat guard row 2 curved lamellar plate 05", Modifier: "weighted normals", Enable 'Auto Smooth' in Object Data Properties
ERROR (bke.modifier): ./source/blender/blenkernel/intern/modifier.cc:458 BKE_modifier_set_error: Object: "throat guard row 3 curved lamellar plate 01", Modifier: "weighted normals", Enable 'Auto Smooth' in Object Data Properties
ERROR (bke.modifier): ./source/blender/blenkernel/intern/modifier.cc:458 BKE_modifier_set_error: Object: "throat guard row 3 curved lamellar plate 02", Modifier: "weighted normals", Enable 'Auto Smooth' in Object Data Properties
ERROR (bke.modifier): ./source/blender/blenkernel/intern/modifier.cc:458 BKE_modifier_set_error: Object: "throat guard row 3 curved lamellar plate 03", Modifier: "weighted normals", Enable 'Auto Smooth' in Object Data Properties
ERROR (bke.modifier): ./source/blender/blenkernel/intern/modifier.cc:458 BKE_modifier_set_error: Object: "throat guard row 3 curved lamellar plate 04", Modifier: "weighted normals", Enable 'Auto Smooth' in Object Data Properties
ERROR (bke.modifier): ./source/blender/blenkernel/intern/modifier.cc:458 BKE_modifier_set_error: Object: "throat guard row 3 curved lamellar plate 05", Modifier: "weighted normals", Enable 'Auto Smooth' in Object Data Properties
ERROR (bke.modifier): ./source/blender/blenkernel/intern/modifier.cc:458 BKE_modifier_set_error: Object: "upper do cuirass fitted shell", Modifier: "weighted normals", Enable 'Auto Smooth' in Object Data Properties
ERROR (bke.modifier): ./source/blender/blenkernel/intern/modifier.cc:458 BKE_modifier_set_error: Object: "lower do cuirass narrowed shell", Modifier: "weighted normals", Enable 'Auto Smooth' in Object Data Properties
ERROR (bke.modifier): ./source/blender/blenkernel/intern/modifier.cc:458 BKE_modifier_set_error: Object: "front cuirass row 1 curved lamellar plate 01", Modifier: "weighted normals", Enable 'Auto Smooth' in Object Data Properties
ERROR (bke.modifier): ./source/blender/blenkernel/intern/modifier.cc:458 BKE_modifier_set_error: Object: "front cuirass row 1 curved lamellar plate 02", Modifier: "weighted normals", Enable 'Auto Smooth' in Object Data Properties
ERROR (bke.modifier): ./source/blender/blenkernel/intern/modifier.cc:458 BKE_modifier_set_error: Object: "front cuirass row 1 curved lamellar plate 03", Modifier: "weighted normals", Enable 'Auto Smooth' in Object Data Properties
ERROR (bke.modifier): ./source/blender/blenkernel/intern/modifier.cc:458 BKE_modifier_set_error: Object: "front cuirass row 1 curved lamellar plate 04", Modifier: "weighted normals", Enable 'Auto Smooth' in Object Data Properties
ERROR (bke.modifier): ./source/blender/blenkernel/intern/modifier.cc:458 BKE_modifier_set_error: Object: "front cuirass row 1 curved lamellar plate 05", Modifier: "weighted normals", Enable 'Auto Smooth' in Object Data Properties
ERROR (bke.modifier): ./source/blender/blenkernel/intern/modifier.cc:458 BKE_modifier_set_error: Object: "front cuirass row 1 curved lamellar plate 06", Modifier: "weighted normals", Enable 'Auto Smooth' in Object Data Properties
ERROR (bke.modifier): ./source/blender/blenkernel/intern/modifier.cc:458 BKE_modifier_set_error: Object: "front cuirass row 1 curved lamellar plate 07", Modifier: "weighted normals", Enable 'Auto Smooth' in Object Data Properties
ERROR (bke.modifier): ./source/blender/blenkernel/intern/modifier.cc:458 BKE_modifier_set_error: Object: "front cuirass row 1 curved lamellar plate 08", Modifier: "weighted normals", Enable 'Auto Smooth' in Object Data Properties
ERROR (bke.modifier): ./source/blender/blenkernel/intern/modifier.cc:458 BKE_modifier_set_error: Object: "front cuirass row 1 curved lamellar plate 09", Modifier: "weighted normals", Enable 'Auto Smooth' in Object Data Properties
ERROR (bke.modifier): ./source/blender/blenkernel/intern/modifier.cc:458 BKE_modifier_set_error: Object: "rear cuirass row 1 curved lamellar plate 01", Modifier: "weighted normals", Enable 'Auto Smooth' in Object Data Properties
ERROR (bke.modifier): ./source/blender/blenkernel/intern/modifier.cc:458 BKE_modifier_set_error: Object: "rear cuirass row 1 curved lamellar plate 02", Modifier: "weighted normals", Enable 'Auto Smooth' in Object Data Properties
ERROR (bke.modifier): ./source/blender/blenkernel/intern/modifier.cc:458 BKE_modifier_set_error: Object: "rear cuirass row 1 curved lamellar plate 03", Modifier: "weighted normals", Enable 'Auto Smooth' in Object Data Properties
ERROR (bke.modifier): ./source/blender/blenkernel/intern/modifier.cc:458 BKE_modifier_set_error: Object: "rear cuirass row 1 curved lamellar plate 04", Modifier: "weighted normals", Enable 'Auto Smooth' in Object Data Properties
ERROR (bke.modifier): ./source/blender/blenkernel/intern/modifier.cc:458 BKE_modifier_set_error: Object: "rear cuirass row 1 curved lamellar plate 05", Modifier: "weighted normals", Enable 'Auto Smooth' in Object Data Properties
ERROR (bke.modifier): ./source/blender/blenkernel/intern/modifier.cc:458 BKE_modifier_set_error: Object: "rear cuirass row 1 curved lamellar plate 06", Modifier: "weighted normals", Enable 'Auto Smooth' in Object Data Properties
ERROR (bke.modifier): ./source/blender/blenkernel/intern/modifier.cc:458 BKE_modifier_set_error: Object: "rear cuirass row 1 curved lamellar plate 07", Modifier: "weighted normals", Enable 'Auto Smooth' in Object Data Properties
ERROR (bke.modifier): ./source/blender/blenkernel/intern/modifier.cc:458 BKE_modifier_set_error: Object: "rear cuirass row 1 curved lamellar plate 08", Modifier: "weighted normals", Enable 'Auto Smooth' in Object Data Properties
ERROR (bke.modifier): ./source/blender/blenkernel/intern/modifier.cc:458 BKE_modifier_set_error: Object: "rear cuirass row 1 curved lamellar plate 09", Modifier: "weighted normals", Enable 'Auto Smooth' in Object Data Properties
ERROR (bke.modifier): ./source/blender/blenkernel/intern/modifier.cc:458 BKE_modifier_set_error: Object: "front cuirass row 2 curved lamellar plate 01", Modifier: "weighted normals", Enable 'Auto Smooth' in Object Data Properties
ERROR (bke.modifier): ./source/blender/blenkernel/intern/modifier.cc:458 BKE_modifier_set_error: Object: "front cuirass row 2 curved lamellar plate 02", Modifier: "weighted normals", Enable 'Auto Smooth' in Object Data Properties
ERROR (bke.modifier): ./source/blender/blenkernel/intern/modifier.cc:458 BKE_modifier_set_error: Object: "front cuirass row 2 curved lamellar plate 03", Modifier: "weighted normals", Enable 'Auto Smooth' in Object Data Properties
ERROR (bke.modifier): ./source/blender/blenkernel/intern/modifier.cc:458 BKE_modifier_set_error: Object: "front cuirass row 2 curved lamellar plate 04", Modifier: "weighted normals", Enable 'Auto Smooth' in Object Data Properties
ERROR (bke.modifier): ./source/blender/blenkernel/intern/modifier.cc:458 BKE_modifier_set_error: Object: "front cuirass row 2 curved lamellar plate 05", Modifier: "weighted normals", Enable 'Auto Smooth' in Object Data Properties
ERROR (bke.modifier): ./source/blender/blenkernel/intern/modifier.cc:458 BKE_modifier_set_error: Object: "front cuirass row 2 curved lamellar plate 06", Modifier: "weighted normals", Enable 'Auto Smooth' in Object Data Properties
ERROR (bke.modifier): ./source/blender/blenkernel/intern/modifier.cc:458 BKE_modifier_set_error: Object: "front cuirass row 2 curved lamellar plate 07", Modifier: "weighted normals", Enable 'Auto Smooth' in Object Data Properties
ERROR (bke.modifier): ./source/blender/blenkernel/intern/modifier.cc:458 BKE_modifier_set_error: Object: "front cuirass row 2 curved lamellar plate 08", Modifier: "weighted normals", Enable 'Auto Smooth' in Object Data Properties
ERROR (bke.modifier): ./source/blender/blenkernel/intern/modifier.cc:458 BKE_modifier_set_error: Object: "front cuirass row 2 curved lamellar plate 09", Modifier: "weighted normals", Enable 'Auto Smooth' in Object Data Properties
ERROR (bke.modifier): ./source/blender/blenkernel/intern/modifier.cc:458 BKE_modifier_set_error: Object: "rear cuirass row 2 curved lamellar plate 01", Modifier: "weighted normals", Enable 'Auto Smooth' in Object Data Properties
ERROR (bke.modifier): ./source/blender/blenkernel/intern/modifier.cc:458 BKE_modifier_set_error: Object: "rear cuirass row 2 curved lamellar plate 02", Modifier: "weighted normals", Enable 'Auto Smooth' in Object Data Properties
ERROR (bke.modifier): ./source/blender/blenkernel/intern/modifier.cc:458 BKE_modifier_set_error: Object: "rear cuirass row 2 curved lamellar plate 03", Modifier: "weighted normals", Enable 'Auto Smooth' in Object Data Properties
ERROR (bke.modifier): ./source/blender/blenkernel/intern/modifier.cc:458 BKE_modifier_set_error: Object: "rear cuirass row 2 curved lamellar plate 04", Modifier: "weighted normals", Enable 'Auto Smooth' in Object Data Properties
ERROR (bke.modifier): ./source/blender/blenkernel/intern/modifier.cc:458 BKE_modifier_set_error: Object: "rear cuirass row 2 curved lamellar plate 05", Modifier: "weighted normals", Enable 'Auto Smooth' in Object Data Properties
ERROR (bke.modifier): ./source/blender/blenkernel/intern/modifier.cc:458 BKE_modifier_set_error: Object: "rear cuirass row 2 curved lamellar plate 06", Modifier: "weighted normals", Enable 'Auto Smooth' in Object Data Properties
ERROR (bke.modifier): ./source/blender/blenkernel/intern/modifier.cc:458 BKE_modifier_set_error: Object: "rear cuirass row 2 curved lamellar plate 07", Modifier: "weighted normals", Enable 'Auto Smooth' in Object Data Properties
ERROR (bke.modifier): ./source/blender/blenkernel/intern/modifier.cc:458 BKE_modifier_set_error: Object: "rear cuirass row 2 curved lamellar plate 08", Modifier: "weighted normals", Enable 'Auto Smooth' in Object Data Properties
ERROR (bke.modifier): ./source/blender/blenkernel/intern/modifier.cc:458 BKE_modifier_set_error: Object: "rear cuirass row 2 curved lamellar plate 09", Modifier: "weighted normals", Enable 'Auto Smooth' in Object Data Properties
ERROR (bke.modifier): ./source/blender/blenkernel/intern/modifier.cc:458 BKE_modifier_set_error: Object: "front cuirass row 3 curved lamellar plate 01", Modifier: "weighted normals", Enable 'Auto Smooth' in Object Data Properties
ERROR (bke.modifier): ./source/blender/blenkernel/intern/modifier.cc:458 BKE_modifier_set_error: Object: "front cuirass row 3 curved lamellar plate 02", Modifier: "weighted normals", Enable 'Auto Smooth' in Object Data Properties
ERROR (bke.modifier): ./source/blender/blenkernel/intern/modifier.cc:458 BKE_modifier_set_error: Object: "front cuirass row 3 curved lamellar plate 03", Modifier: "weighted normals", Enable 'Auto Smooth' in Object Data Properties
ERROR (bke.modifier): ./source/blender/blenkernel/intern/modifier.cc:458 BKE_modifier_set_error: Object: "front cuirass row 3 curved lamellar plate 04", Modifier: "weighted normals", Enable 'Auto Smooth' in Object Data Properties
ERROR (bke.modifier): ./source/blender/blenkernel/intern/modifier.cc:458 BKE_modifier_set_error: Object: "front cuirass row 3 curved lamellar plate 05", Modifier: "weighted normals", Enable 'Auto Smooth' in Object Data Properties
ERROR (bke.modifier): ./source/blender/blenkernel/intern/modifier.cc:458 BKE_modifier_set_error: Object: "front cuirass row 3 curved lamellar plate 06", Modifier: "weighted normals", Enable 'Auto Smooth' in Object Data Properties
ERROR (bke.modifier): ./source/blender/blenkernel/intern/modifier.cc:458 BKE_modifier_set_error: Object: "front cuirass row 3 curved lamellar plate 07", Modifier: "weighted normals", Enable 'Auto Smooth' in Object Data Properties
ERROR (bke.modifier): ./source/blender/blenkernel/intern/modifier.cc:458 BKE_modifier_set_error: Object: "front cuirass row 3 curved lamellar plate 08", Modifier: "weighted normals", Enable 'Auto Smooth' in Object Data Properties
ERROR (bke.modifier): ./source/blender/blenkernel/intern/modifier.cc:458 BKE_modifier_set_error: Object: "front cuirass row 3 curved lamellar plate 09", Modifier: "weighted normals", Enable 'Auto Smooth' in Object Data Properties
ERROR (bke.modifier): ./source/blender/blenkernel/intern/modifier.cc:458 BKE_modifier_set_error: Object: "rear cuirass row 3 curved lamellar plate 01", Modifier: "weighted normals", Enable 'Auto Smooth' in Object Data Properties
ERROR (bke.modifier): ./source/blender/blenkernel/intern/modifier.cc:458 BKE_modifier_set_error: Object: "rear cuirass row 3 curved lamellar plate 02", Modifier: "weighted normals", Enable 'Auto Smooth' in Object Data Properties
ERROR (bke.modifier): ./source/blender/blenkernel/intern/modifier.cc:458 BKE_modifier_set_error: Object: "rear cuirass row 3 curved lamellar plate 03", Modifier: "weighted normals", Enable 'Auto Smooth' in Object Data Properties
ERROR (bke.modifier): ./source/blender/blenkernel/intern/modifier.cc:458 BKE_modifier_set_error: Object: "rear cuirass row 3 curved lamellar plate 04", Modifier: "weighted normals", Enable 'Auto Smooth' in Object Data Properties
ERROR (bke.modifier): ./source/blender/blenkernel/intern/modifier.cc:458 BKE_modifier_set_error: Object: "rear cuirass row 3 curved lamellar plate 05", Modifier: "weighted normals", Enable 'Auto Smooth' in Object Data Properties
ERROR (bke.modifier): ./source/blender/blenkernel/intern/modifier.cc:458 BKE_modifier_set_error: Object: "rear cuirass row 3 curved lamellar plate 06", Modifier: "weighted normals", Enable 'Auto Smooth' in Object Data Properties
ERROR (bke.modifier): ./source/blender/blenkernel/intern/modifier.cc:458 BKE_modifier_set_error: Object: "rear cuirass row 3 curved lamellar plate 07", Modifier: "weighted normals", Enable 'Auto Smooth' in Object Data Properties
ERROR (bke.modifier): ./source/blender/blenkernel/intern/modifier.cc:458 BKE_modifier_set_error: Object: "rear cuirass row 3 curved lamellar plate 08", Modifier: "weighted normals", Enable 'Auto Smooth' in Object Data Properties
ERROR (bke.modifier): ./source/blender/blenkernel/intern/modifier.cc:458 BKE_modifier_set_error: Object: "rear cuirass row 3 curved lamellar plate 09", Modifier: "weighted normals", Enable 'Auto Smooth' in Object Data Properties
ERROR (bke.modifier): ./source/blender/blenkernel/intern/modifier.cc:458 BKE_modifier_set_error: Object: "front cuirass row 4 curved lamellar plate 01", Modifier: "weighted normals", Enable 'Auto Smooth' in Object Data Properties
ERROR (bke.modifier): ./source/blender/blenkernel/intern/modifier.cc:458 BKE_modifier_set_error: Object: "front cuirass row 4 curved lamellar plate 02", Modifier: "weighted normals", Enable 'Auto Smooth' in Object Data Properties
ERROR (bke.modifier): ./source/blender/blenkernel/intern/modifier.cc:458 BKE_modifier_set_error: Object: "front cuirass row 4 curved lamellar plate 03", Modifier: "weighted normals", Enable 'Auto Smooth' in Object Data Properties
ERROR (bke.modifier): ./source/blender/blenkernel/intern/modifier.cc:458 BKE_modifier_set_error: Object: "front cuirass row 4 curved lamellar plate 04", Modifier: "weighted normals", Enable 'Auto Smooth' in Object Data Properties
ERROR (bke.modifier): ./source/blender/blenkernel/intern/modifier.cc:458 BKE_modifier_set_error: Object: "front cuirass row 4 curved lamellar plate 05", Modifier: "weighted normals", Enable 'Auto Smooth' in Object Data Properties
ERROR (bke.modifier): ./source/blender/blenkernel/intern/modifier.cc:458 BKE_modifier_set_error: Object: "front cuirass row 4 curved lamellar plate 06", Modifier: "weighted normals", Enable 'Auto Smooth' in Object Data Properties
ERROR (bke.modifier): ./source/blender/blenkernel/intern/modifier.cc:458 BKE_modifier_set_error: Object: "front cuirass row 4 curved lamellar plate 07", Modifier: "weighted normals", Enable 'Auto Smooth' in Object Data Properties
ERROR (bke.modifier): ./source/blender/blenkernel/intern/modifier.cc:458 BKE_modifier_set_error: Object: "front cuirass row 4 curved lamellar plate 08", Modifier: "weighted normals", Enable 'Auto Smooth' in Object Data Properties
ERROR (bke.modifier): ./source/blender/blenkernel/intern/modifier.cc:458 BKE_modifier_set_error: Object: "front cuirass row 4 curved lamellar plate 09", Modifier: "weighted normals", Enable 'Auto Smooth' in Object Data Properties
ERROR (bke.modifier): ./source/blender/blenkernel/intern/modifier.cc:458 BKE_modifier_set_error: Object: "rear cuirass row 4 curved lamellar plate 01", Modifier: "weighted normals", Enable 'Auto Smooth' in Object Data Properties
ERROR (bke.modifier): ./source/blender/blenkernel/intern/modifier.cc:458 BKE_modifier_set_error: Object: "rear cuirass row 4 curved lamellar plate 02", Modifier: "weighted normals", Enable 'Auto Smooth' in Object Data Properties
ERROR (bke.modifier): ./source/blender/blenkernel/intern/modifier.cc:458 BKE_modifier_set_error: Object: "rear cuirass row 4 curved lamellar plate 03", Modifier: "weighted normals", Enable 'Auto Smooth' in Object Data Properties
ERROR (bke.modifier): ./source/blender/blenkernel/intern/modifier.cc:458 BKE_modifier_set_error: Object: "rear cuirass row 4 curved lamellar plate 04", Modifier: "weighted normals", Enable 'Auto Smooth' in Object Data Properties
ERROR (bke.modifier): ./source/blender/blenkernel/intern/modifier.cc:458 BKE_modifier_set_error: Object: "rear cuirass row 4 curved lamellar plate 05", Modifier: "weighted normals", Enable 'Auto Smooth' in Object Data Properties
ERROR (bke.modifier): ./source/blender/blenkernel/intern/modifier.cc:458 BKE_modifier_set_error: Object: "rear cuirass row 4 curved lamellar plate 06", Modifier: "weighted normals", Enable 'Auto Smooth' in Object Data Properties
ERROR (bke.modifier): ./source/blender/blenkernel/intern/modifier.cc:458 BKE_modifier_set_error: Object: "rear cuirass row 4 curved lamellar plate 07", Modifier: "weighted normals", Enable 'Auto Smooth' in Object Data Properties
ERROR (bke.modifier): ./source/blender/blenkernel/intern/modifier.cc:458 BKE_modifier_set_error: Object: "rear cuirass row 4 curved lamellar plate 08", Modifier: "weighted normals", Enable 'Auto Smooth' in Object Data Properties
ERROR (bke.modifier): ./source/blender/blenkernel/intern/modifier.cc:458 BKE_modifier_set_error: Object: "rear cuirass row 4 curved lamellar plate 09", Modifier: "weighted normals", Enable 'Auto Smooth' in Object Data Properties
ERROR (bke.modifier): ./source/blender/blenkernel/intern/modifier.cc:458 BKE_modifier_set_error: Object: "front cuirass row 5 curved lamellar plate 01", Modifier: "weighted normals", Enable 'Auto Smooth' in Object Data Properties
ERROR (bke.modifier): ./source/blender/blenkernel/intern/modifier.cc:458 BKE_modifier_set_error: Object: "front cuirass row 5 curved lamellar plate 02", Modifier: "weighted normals", Enable 'Auto Smooth' in Object Data Properties
ERROR (bke.modifier): ./source/blender/blenkernel/intern/modifier.cc:458 BKE_modifier_set_error: Object: "front cuirass row 5 curved lamellar plate 03", Modifier: "weighted normals", Enable 'Auto Smooth' in Object Data Properties
ERROR (bke.modifier): ./source/blender/blenkernel/intern/modifier.cc:458 BKE_modifier_set_error: Object: "front cuirass row 5 curved lamellar plate 04", Modifier: "weighted normals", Enable 'Auto Smooth' in Object Data Properties
ERROR (bke.modifier): ./source/blender/blenkernel/intern/modifier.cc:458 BKE_modifier_set_error: Object: "front cuirass row 5 curved lamellar plate 05", Modifier: "weighted normals", Enable 'Auto Smooth' in Object Data Properties
ERROR (bke.modifier): ./source/blender/blenkernel/intern/modifier.cc:458 BKE_modifier_set_error: Object: "front cuirass row 5 curved lamellar plate 06", Modifier: "weighted normals", Enable 'Auto Smooth' in Object Data Properties
ERROR (bke.modifier): ./source/blender/blenkernel/intern/modifier.cc:458 BKE_modifier_set_error: Object: "front cuirass row 5 curved lamellar plate 07", Modifier: "weighted normals", Enable 'Auto Smooth' in Object Data Properties
ERROR (bke.modifier): ./source/blender/blenkernel/intern/modifier.cc:458 BKE_modifier_set_error: Object: "front cuirass row 5 curved lamellar plate 08", Modifier: "weighted normals", Enable 'Auto Smooth' in Object Data Properties
ERROR (bke.modifier): ./source/blender/blenkernel/intern/modifier.cc:458 BKE_modifier_set_error: Object: "front cuirass row 5 curved lamellar plate 09", Modifier: "weighted normals", Enable 'Auto Smooth' in Object Data Properties
ERROR (bke.modifier): ./source/blender/blenkernel/intern/modifier.cc:458 BKE_modifier_set_error: Object: "rear cuirass row 5 curved lamellar plate 01", Modifier: "weighted normals", Enable 'Auto Smooth' in Object Data Properties
ERROR (bke.modifier): ./source/blender/blenkernel/intern/modifier.cc:458 BKE_modifier_set_error: Object: "rear cuirass row 5 curved lamellar plate 02", Modifier: "weighted normals", Enable 'Auto Smooth' in Object Data Properties
ERROR (bke.modifier): ./source/blender/blenkernel/intern/modifier.cc:458 BKE_modifier_set_error: Object: "rear cuirass row 5 curved lamellar plate 03", Modifier: "weighted normals", Enable 'Auto Smooth' in Object Data Properties
ERROR (bke.modifier): ./source/blender/blenkernel/intern/modifier.cc:458 BKE_modifier_set_error: Object: "rear cuirass row 5 curved lamellar plate 04", Modifier: "weighted normals", Enable 'Auto Smooth' in Object Data Properties
ERROR (bke.modifier): ./source/blender/blenkernel/intern/modifier.cc:458 BKE_modifier_set_error: Object: "rear cuirass row 5 curved lamellar plate 05", Modifier: "weighted normals", Enable 'Auto Smooth' in Object Data Properties
ERROR (bke.modifier): ./source/blender/blenkernel/intern/modifier.cc:458 BKE_modifier_set_error: Object: "rear cuirass row 5 curved lamellar plate 06", Modifier: "weighted normals", Enable 'Auto Smooth' in Object Data Properties
ERROR (bke.modifier): ./source/blender/blenkernel/intern/modifier.cc:458 BKE_modifier_set_error: Object: "rear cuirass row 5 curved lamellar plate 07", Modifier: "weighted normals", Enable 'Auto Smooth' in Object Data Properties
ERROR (bke.modifier): ./source/blender/blenkernel/intern/modifier.cc:458 BKE_modifier_set_error: Object: "rear cuirass row 5 curved lamellar plate 08", Modifier: "weighted normals", Enable 'Auto Smooth' in Object Data Properties
ERROR (bke.modifier): ./source/blender/blenkernel/intern/modifier.cc:458 BKE_modifier_set_error: Object: "rear cuirass row 5 curved lamellar plate 09", Modifier: "weighted normals", Enable 'Auto Smooth' in Object Data Properties
ERROR (bke.modifier): ./source/blender/blenkernel/intern/modifier.cc:458 BKE_modifier_set_error: Object: "left side cuirass plate 1", Modifier: "weighted normals", Enable 'Auto Smooth' in Object Data Properties
ERROR (bke.modifier): ./source/blender/blenkernel/intern/modifier.cc:458 BKE_modifier_set_error: Object: "left side cuirass plate 2", Modifier: "weighted normals", Enable 'Auto Smooth' in Object Data Properties
ERROR (bke.modifier): ./source/blender/blenkernel/intern/modifier.cc:458 BKE_modifier_set_error: Object: "left side cuirass plate 3", Modifier: "weighted normals", Enable 'Auto Smooth' in Object Data Properties
ERROR (bke.modifier): ./source/blender/blenkernel/intern/modifier.cc:458 BKE_modifier_set_error: Object: "right side cuirass plate 1", Modifier: "weighted normals", Enable 'Auto Smooth' in Object Data Properties
ERROR (bke.modifier): ./source/blender/blenkernel/intern/modifier.cc:458 BKE_modifier_set_error: Object: "right side cuirass plate 2", Modifier: "weighted normals", Enable 'Auto Smooth' in Object Data Properties
ERROR (bke.modifier): ./source/blender/blenkernel/intern/modifier.cc:458 BKE_modifier_set_error: Object: "right side cuirass plate 3", Modifier: "weighted normals", Enable 'Auto Smooth' in Object Data Properties
ERROR (bke.modifier): ./source/blender/blenkernel/intern/modifier.cc:458 BKE_modifier_set_error: Object: "left shoulder undercloth", Modifier: "weighted normals", Enable 'Auto Smooth' in Object Data Properties
ERROR (bke.modifier): ./source/blender/blenkernel/intern/modifier.cc:458 BKE_modifier_set_error: Object: "left sode shoulder plate 1", Modifier: "weighted normals", Enable 'Auto Smooth' in Object Data Properties
ERROR (bke.modifier): ./source/blender/blenkernel/intern/modifier.cc:458 BKE_modifier_set_error: Object: "left sode shoulder plate 2", Modifier: "weighted normals", Enable 'Auto Smooth' in Object Data Properties
ERROR (bke.modifier): ./source/blender/blenkernel/intern/modifier.cc:458 BKE_modifier_set_error: Object: "left sode shoulder plate 3", Modifier: "weighted normals", Enable 'Auto Smooth' in Object Data Properties
ERROR (bke.modifier): ./source/blender/blenkernel/intern/modifier.cc:458 BKE_modifier_set_error: Object: "left sode shoulder plate 4", Modifier: "weighted normals", Enable 'Auto Smooth' in Object Data Properties
ERROR (bke.modifier): ./source/blender/blenkernel/intern/modifier.cc:458 BKE_modifier_set_error: Object: "left armored upper arm", Modifier: "weighted normals", Enable 'Auto Smooth' in Object Data Properties
ERROR (bke.modifier): ./source/blender/blenkernel/intern/modifier.cc:458 BKE_modifier_set_error: Object: "left sode shoulder armor", Modifier: "weighted normals", Enable 'Auto Smooth' in Object Data Properties
ERROR (bke.modifier): ./source/blender/blenkernel/intern/modifier.cc:458 BKE_modifier_set_error: Object: "left kote forearm guard", Modifier: "weighted normals", Enable 'Auto Smooth' in Object Data Properties
ERROR (bke.modifier): ./source/blender/blenkernel/intern/modifier.cc:458 BKE_modifier_set_error: Object: "left leather palm volume", Modifier: "weighted normals", Enable 'Auto Smooth' in Object Data Properties
ERROR (bke.modifier): ./source/blender/blenkernel/intern/modifier.cc:458 BKE_modifier_set_error: Object: "left index fingertip", Modifier: "weighted normals", Enable 'Auto Smooth' in Object Data Properties
ERROR (bke.modifier): ./source/blender/blenkernel/intern/modifier.cc:458 BKE_modifier_set_error: Object: "left middle fingertip", Modifier: "weighted normals", Enable 'Auto Smooth' in Object Data Properties
ERROR (bke.modifier): ./source/blender/blenkernel/intern/modifier.cc:458 BKE_modifier_set_error: Object: "left ring fingertip", Modifier: "weighted normals", Enable 'Auto Smooth' in Object Data Properties
ERROR (bke.modifier): ./source/blender/blenkernel/intern/modifier.cc:458 BKE_modifier_set_error: Object: "left pinky fingertip", Modifier: "weighted normals", Enable 'Auto Smooth' in Object Data Properties
ERROR (bke.modifier): ./source/blender/blenkernel/intern/modifier.cc:458 BKE_modifier_set_error: Object: "left thumb fingertip", Modifier: "weighted normals", Enable 'Auto Smooth' in Object Data Properties
ERROR (bke.modifier): ./source/blender/blenkernel/intern/modifier.cc:458 BKE_modifier_set_error: Object: "right shoulder undercloth", Modifier: "weighted normals", Enable 'Auto Smooth' in Object Data Properties
ERROR (bke.modifier): ./source/blender/blenkernel/intern/modifier.cc:458 BKE_modifier_set_error: Object: "right sode shoulder plate 1", Modifier: "weighted normals", Enable 'Auto Smooth' in Object Data Properties
ERROR (bke.modifier): ./source/blender/blenkernel/intern/modifier.cc:458 BKE_modifier_set_error: Object: "right sode shoulder plate 2", Modifier: "weighted normals", Enable 'Auto Smooth' in Object Data Properties
ERROR (bke.modifier): ./source/blender/blenkernel/intern/modifier.cc:458 BKE_modifier_set_error: Object: "right sode shoulder plate 3", Modifier: "weighted normals", Enable 'Auto Smooth' in Object Data Properties
ERROR (bke.modifier): ./source/blender/blenkernel/intern/modifier.cc:458 BKE_modifier_set_error: Object: "right sode shoulder plate 4", Modifier: "weighted normals", Enable 'Auto Smooth' in Object Data Properties
ERROR (bke.modifier): ./source/blender/blenkernel/intern/modifier.cc:458 BKE_modifier_set_error: Object: "right armored upper arm", Modifier: "weighted normals", Enable 'Auto Smooth' in Object Data Properties
ERROR (bke.modifier): ./source/blender/blenkernel/intern/modifier.cc:458 BKE_modifier_set_error: Object: "right sode shoulder armor", Modifier: "weighted normals", Enable 'Auto Smooth' in Object Data Properties
ERROR (bke.modifier): ./source/blender/blenkernel/intern/modifier.cc:458 BKE_modifier_set_error: Object: "right kote forearm guard", Modifier: "weighted normals", Enable 'Auto Smooth' in Object Data Properties
ERROR (bke.modifier): ./source/blender/blenkernel/intern/modifier.cc:458 BKE_modifier_set_error: Object: "right leather palm volume", Modifier: "weighted normals", Enable 'Auto Smooth' in Object Data Properties
ERROR (bke.modifier): ./source/blender/blenkernel/intern/modifier.cc:458 BKE_modifier_set_error: Object: "right index fingertip", Modifier: "weighted normals", Enable 'Auto Smooth' in Object Data Properties
ERROR (bke.modifier): ./source/blender/blenkernel/intern/modifier.cc:458 BKE_modifier_set_error: Object: "right middle fingertip", Modifier: "weighted normals", Enable 'Auto Smooth' in Object Data Properties
ERROR (bke.modifier): ./source/blender/blenkernel/intern/modifier.cc:458 BKE_modifier_set_error: Object: "right ring fingertip", Modifier: "weighted normals", Enable 'Auto Smooth' in Object Data Properties
ERROR (bke.modifier): ./source/blender/blenkernel/intern/modifier.cc:458 BKE_modifier_set_error: Object: "right pinky fingertip", Modifier: "weighted normals", Enable 'Auto Smooth' in Object Data Properties
ERROR (bke.modifier): ./source/blender/blenkernel/intern/modifier.cc:458 BKE_modifier_set_error: Object: "right thumb fingertip", Modifier: "weighted normals", Enable 'Auto Smooth' in Object Data Properties
ERROR (bke.modifier): ./source/blender/blenkernel/intern/modifier.cc:458 BKE_modifier_set_error: Object: "kusazuri skirt plate -1 row 1", Modifier: "weighted normals", Enable 'Auto Smooth' in Object Data Properties
ERROR (bke.modifier): ./source/blender/blenkernel/intern/modifier.cc:458 BKE_modifier_set_error: Object: "rear kusazuri skirt plate -1 row 1", Modifier: "weighted normals", Enable 'Auto Smooth' in Object Data Properties
ERROR (bke.modifier): ./source/blender/blenkernel/intern/modifier.cc:458 BKE_modifier_set_error: Object: "kusazuri skirt plate -1 row 2", Modifier: "weighted normals", Enable 'Auto Smooth' in Object Data Properties
ERROR (bke.modifier): ./source/blender/blenkernel/intern/modifier.cc:458 BKE_modifier_set_error: Object: "rear kusazuri skirt plate -1 row 2", Modifier: "weighted normals", Enable 'Auto Smooth' in Object Data Properties
ERROR (bke.modifier): ./source/blender/blenkernel/intern/modifier.cc:458 BKE_modifier_set_error: Object: "kusazuri skirt plate -1 row 3", Modifier: "weighted normals", Enable 'Auto Smooth' in Object Data Properties
ERROR (bke.modifier): ./source/blender/blenkernel/intern/modifier.cc:458 BKE_modifier_set_error: Object: "rear kusazuri skirt plate -1 row 3", Modifier: "weighted normals", Enable 'Auto Smooth' in Object Data Properties
ERROR (bke.modifier): ./source/blender/blenkernel/intern/modifier.cc:458 BKE_modifier_set_error: Object: "kusazuri skirt plate +0 row 1", Modifier: "weighted normals", Enable 'Auto Smooth' in Object Data Properties
ERROR (bke.modifier): ./source/blender/blenkernel/intern/modifier.cc:458 BKE_modifier_set_error: Object: "rear kusazuri skirt plate +0 row 1", Modifier: "weighted normals", Enable 'Auto Smooth' in Object Data Properties
ERROR (bke.modifier): ./source/blender/blenkernel/intern/modifier.cc:458 BKE_modifier_set_error: Object: "kusazuri skirt plate +0 row 2", Modifier: "weighted normals", Enable 'Auto Smooth' in Object Data Properties
ERROR (bke.modifier): ./source/blender/blenkernel/intern/modifier.cc:458 BKE_modifier_set_error: Object: "rear kusazuri skirt plate +0 row 2", Modifier: "weighted normals", Enable 'Auto Smooth' in Object Data Properties
ERROR (bke.modifier): ./source/blender/blenkernel/intern/modifier.cc:458 BKE_modifier_set_error: Object: "kusazuri skirt plate +0 row 3", Modifier: "weighted normals", Enable 'Auto Smooth' in Object Data Properties
ERROR (bke.modifier): ./source/blender/blenkernel/intern/modifier.cc:458 BKE_modifier_set_error: Object: "rear kusazuri skirt plate +0 row 3", Modifier: "weighted normals", Enable 'Auto Smooth' in Object Data Properties
ERROR (bke.modifier): ./source/blender/blenkernel/intern/modifier.cc:458 BKE_modifier_set_error: Object: "kusazuri skirt plate +1 row 1", Modifier: "weighted normals", Enable 'Auto Smooth' in Object Data Properties
ERROR (bke.modifier): ./source/blender/blenkernel/intern/modifier.cc:458 BKE_modifier_set_error: Object: "rear kusazuri skirt plate +1 row 1", Modifier: "weighted normals", Enable 'Auto Smooth' in Object Data Properties
ERROR (bke.modifier): ./source/blender/blenkernel/intern/modifier.cc:458 BKE_modifier_set_error: Object: "kusazuri skirt plate +1 row 2", Modifier: "weighted normals", Enable 'Auto Smooth' in Object Data Properties
ERROR (bke.modifier): ./source/blender/blenkernel/intern/modifier.cc:458 BKE_modifier_set_error: Object: "rear kusazuri skirt plate +1 row 2", Modifier: "weighted normals", Enable 'Auto Smooth' in Object Data Properties
ERROR (bke.modifier): ./source/blender/blenkernel/intern/modifier.cc:458 BKE_modifier_set_error: Object: "kusazuri skirt plate +1 row 3", Modifier: "weighted normals", Enable 'Auto Smooth' in Object Data Properties
ERROR (bke.modifier): ./source/blender/blenkernel/intern/modifier.cc:458 BKE_modifier_set_error: Object: "rear kusazuri skirt plate +1 row 3", Modifier: "weighted normals", Enable 'Auto Smooth' in Object Data Properties
ERROR (bke.modifier): ./source/blender/blenkernel/intern/modifier.cc:458 BKE_modifier_set_error: Object: "left hakama trouser leg", Modifier: "weighted normals", Enable 'Auto Smooth' in Object Data Properties
ERROR (bke.modifier): ./source/blender/blenkernel/intern/modifier.cc:458 BKE_modifier_set_error: Object: "left shin greave", Modifier: "weighted normals", Enable 'Auto Smooth' in Object Data Properties
ERROR (bke.modifier): ./source/blender/blenkernel/intern/modifier.cc:458 BKE_modifier_set_error: Object: "left split-toe tabi foot volume", Modifier: "weighted normals", Enable 'Auto Smooth' in Object Data Properties
ERROR (bke.modifier): ./source/blender/blenkernel/intern/modifier.cc:458 BKE_modifier_set_error: Object: "left separated big toe", Modifier: "weighted normals", Enable 'Auto Smooth' in Object Data Properties
ERROR (bke.modifier): ./source/blender/blenkernel/intern/modifier.cc:458 BKE_modifier_set_error: Object: "left outer toe group", Modifier: "weighted normals", Enable 'Auto Smooth' in Object Data Properties
ERROR (bke.modifier): ./source/blender/blenkernel/intern/modifier.cc:458 BKE_modifier_set_error: Object: "left woven waraji sole grounded", Modifier: "weighted normals", Enable 'Auto Smooth' in Object Data Properties
ERROR (bke.modifier): ./source/blender/blenkernel/intern/modifier.cc:458 BKE_modifier_set_error: Object: "right hakama trouser leg", Modifier: "weighted normals", Enable 'Auto Smooth' in Object Data Properties
ERROR (bke.modifier): ./source/blender/blenkernel/intern/modifier.cc:458 BKE_modifier_set_error: Object: "right shin greave", Modifier: "weighted normals", Enable 'Auto Smooth' in Object Data Properties
ERROR (bke.modifier): ./source/blender/blenkernel/intern/modifier.cc:458 BKE_modifier_set_error: Object: "right split-toe tabi foot volume", Modifier: "weighted normals", Enable 'Auto Smooth' in Object Data Properties
ERROR (bke.modifier): ./source/blender/blenkernel/intern/modifier.cc:458 BKE_modifier_set_error: Object: "right separated big toe", Modifier: "weighted normals", Enable 'Auto Smooth' in Object Data Properties
ERROR (bke.modifier): ./source/blender/blenkernel/intern/modifier.cc:458 BKE_modifier_set_error: Object: "right outer toe group", Modifier: "weighted normals", Enable 'Auto Smooth' in Object Data Properties
ERROR (bke.modifier): ./source/blender/blenkernel/intern/modifier.cc:458 BKE_modifier_set_error: Object: "right woven waraji sole grounded", Modifier: "weighted normals", Enable 'Auto Smooth' in Object Data Properties
ERROR (bke.modifier): ./source/blender/blenkernel/intern/modifier.cc:458 BKE_modifier_set_error: Object: "wrapped katana grip", Modifier: "weighted normals", Enable 'Auto Smooth' in Object Data Properties
ERROR (bke.modifier): ./source/blender/blenkernel/intern/modifier.cc:458 BKE_modifier_set_error: Object: "square tsuba guard", Modifier: "weighted normals", Enable 'Auto Smooth' in Object Data Properties
ERROR (bke.modifier): ./source/blender/blenkernel/intern/modifier.cc:458 BKE_modifier_set_error: Object: "small lacquered sashimono crossbar", Modifier: "weighted normals", Enable 'Auto Smooth' in Object Data Properties
ERROR (bke.modifier): ./source/blender/blenkernel/intern/modifier.cc:458 BKE_modifier_set_error: Object: "cloth sashimono banner panel", Modifier: "weighted normals", Enable 'Auto Smooth' in Object Data Properties
ERROR (bke.modifier): ./source/blender/blenkernel/intern/modifier.cc:458 BKE_modifier_set_error: Object: "simple round clan mon on banner", Modifier: "weighted normals", Enable 'Auto Smooth' in Object Data Properties
Blender 3.4.1
Info: Total files 0 | Changed 0 | Failed 0
Info: Saved "samurai_character_source.blend"
02:59:54 | ERROR: Draco mesh compression is not available because library could not be found at /usr/bin/3.4/python/lib/python3.11/site-packages/libextern_draco.so
02:59:54 | INFO: Starting glTF 2.0 export
02:59:54 | INFO: Extracting primitive: Cube.001
02:59:54 | INFO: Primitives created: 1
02:59:54 | INFO: Extracting primitive: Sphere
02:59:54 | INFO: Primitives created: 1
02:59:54 | INFO: Extracting primitive: Sphere.001
02:59:54 | INFO: Primitives created: 1
02:59:54 | INFO: Extracting primitive: Sphere.002
02:59:54 | INFO: Primitives created: 1
02:59:54 | INFO: Extracting primitive: Cylinder
02:59:54 | INFO: Primitives created: 1
02:59:54 | INFO: Extracting primitive: Cylinder.001
02:59:54 | INFO: Primitives created: 1
02:59:54 | INFO: Extracting primitive: Sphere.003
02:59:54 | INFO: Primitives created: 1
02:59:54 | INFO: Extracting primitive: Cone
02:59:54 | INFO: Primitives created: 1
02:59:54 | INFO: Extracting primitive: Cone.001
02:59:54 | INFO: Primitives created: 1
02:59:54 | INFO: Extracting primitive: Cube.002
02:59:54 | INFO: Primitives created: 1
02:59:54 | INFO: Extracting primitive: Cube.003
02:59:54 | INFO: Primitives created: 1
02:59:54 | INFO: Extracting primitive: golden maedate crescent crest
02:59:54 | INFO: Primitives created: 1
02:59:54 | INFO: Extracting primitive: Cylinder.002
02:59:54 | INFO: Primitives created: 1
02:59:54 | INFO: Extracting primitive: Sphere.004
02:59:54 | INFO: Primitives created: 1
02:59:54 | INFO: Extracting primitive: Cube.004
02:59:54 | INFO: Primitives created: 1
02:59:54 | INFO: Extracting primitive: Cube.005
02:59:54 | INFO: Primitives created: 1
02:59:54 | INFO: Extracting primitive: Cube.006
02:59:54 | INFO: Primitives created: 1
02:59:54 | INFO: Extracting primitive: Cube.007
02:59:54 | INFO: Primitives created: 1
02:59:54 | INFO: Extracting primitive: left mask moustache bristle
02:59:54 | INFO: Primitives created: 1
02:59:54 | INFO: Extracting primitive: right mask moustache bristle
02:59:54 | INFO: Primitives created: 1
02:59:54 | INFO: Extracting primitive: Sphere.005
02:59:54 | INFO: Primitives created: 1
02:59:54 | INFO: Extracting primitive: Sphere.006
02:59:54 | INFO: Primitives created: 1
02:59:54 | INFO: Extracting primitive: Sphere.007
02:59:54 | INFO: Primitives created: 1
02:59:54 | INFO: Extracting primitive: Sphere.008
02:59:54 | INFO: Primitives created: 1
02:59:54 | INFO: Extracting primitive: Sphere.009
02:59:54 | INFO: Primitives created: 1
02:59:54 | INFO: Extracting primitive: Sphere.010
02:59:54 | INFO: Primitives created: 1
02:59:54 | INFO: Extracting primitive: Sphere.011
02:59:54 | INFO: Primitives created: 1
02:59:54 | INFO: Extracting primitive: Sphere.012
02:59:54 | INFO: Primitives created: 1
02:59:54 | INFO: Extracting primitive: Sphere.013
02:59:54 | INFO: Primitives created: 1
02:59:54 | INFO: Extracting primitive: Sphere.014
02:59:54 | INFO: Primitives created: 1
02:59:54 | INFO: Extracting primitive: Sphere.015
02:59:54 | INFO: Primitives created: 1
02:59:54 | INFO: Extracting primitive: Sphere.016
02:59:54 | INFO: Primitives created: 1
02:59:54 | INFO: Extracting primitive: Sphere.017
02:59:54 | INFO: Primitives created: 1
02:59:54 | INFO: Extracting primitive: Sphere.018
02:59:54 | INFO: Primitives created: 1
02:59:54 | INFO: Extracting primitive: Sphere.019
02:59:54 | INFO: Primitives created: 1
02:59:54 | INFO: Extracting primitive: Sphere.020
02:59:54 | INFO: Primitives created: 1
02:59:54 | INFO: Extracting primitive: Sphere.021
02:59:54 | INFO: Primitives created: 1
02:59:54 | INFO: Extracting primitive: Sphere.022
02:59:54 | INFO: Primitives created: 1
02:59:54 | INFO: Extracting primitive: Sphere.023
02:59:54 | INFO: Primitives created: 1
02:59:54 | INFO: Extracting primitive: Sphere.024
02:59:54 | INFO: Primitives created: 1
02:59:54 | INFO: Extracting primitive: Sphere.025
02:59:54 | INFO: Primitives created: 1
02:59:54 | INFO: Extracting primitive: Sphere.026
02:59:54 | INFO: Primitives created: 1
02:59:54 | INFO: Extracting primitive: Sphere.027
02:59:54 | INFO: Primitives created: 1
02:59:54 | INFO: Extracting primitive: Sphere.028
02:59:54 | INFO: Primitives created: 1
02:59:54 | INFO: Extracting primitive: Sphere.029
02:59:54 | INFO: Primitives created: 1
02:59:54 | INFO: Extracting primitive: Sphere.030
02:59:54 | INFO: Primitives created: 1
02:59:54 | INFO: Extracting primitive: Sphere.031
02:59:54 | INFO: Primitives created: 1
02:59:54 | INFO: Extracting primitive: Sphere.032
02:59:54 | INFO: Primitives created: 1
02:59:54 | INFO: Extracting primitive: Sphere.033
02:59:54 | INFO: Primitives created: 1
02:59:54 | INFO: Extracting primitive: Sphere.034
02:59:54 | INFO: Primitives created: 1
02:59:54 | INFO: Extracting primitive: Sphere.035
02:59:54 | INFO: Primitives created: 1
02:59:54 | INFO: Extracting primitive: Sphere.036
02:59:54 | INFO: Primitives created: 1
02:59:54 | INFO: Extracting primitive: Sphere.037
02:59:54 | INFO: Primitives created: 1
02:59:54 | INFO: Extracting primitive: Sphere.038
02:59:54 | INFO: Primitives created: 1
02:59:54 | INFO: Extracting primitive: Sphere.039
02:59:54 | INFO: Primitives created: 1
02:59:54 | INFO: Extracting primitive: Sphere.040
02:59:54 | INFO: Primitives created: 1
02:59:54 | INFO: Extracting primitive: Sphere.041
02:59:54 | INFO: Primitives created: 1
02:59:54 | INFO: Extracting primitive: Sphere.042
02:59:54 | INFO: Primitives created: 1
02:59:54 | INFO: Extracting primitive: Sphere.043
02:59:54 | INFO: Primitives created: 1
02:59:54 | INFO: Extracting primitive: Sphere.044
02:59:54 | INFO: Primitives created: 1
02:59:54 | INFO: Extracting primitive: Sphere.045
02:59:54 | INFO: Primitives created: 1
02:59:54 | INFO: Extracting primitive: Sphere.046
02:59:54 | INFO: Primitives created: 1
02:59:54 | INFO: Extracting primitive: Sphere.047
02:59:54 | INFO: Primitives created: 1
02:59:54 | INFO: Extracting primitive: Sphere.048
02:59:54 | INFO: Primitives created: 1
02:59:54 | INFO: Extracting primitive: Sphere.049
02:59:54 | INFO: Primitives created: 1
02:59:54 | INFO: Extracting primitive: Sphere.050
02:59:54 | INFO: Primitives created: 1
02:59:54 | INFO: Extracting primitive: Sphere.051
02:59:54 | INFO: Primitives created: 1
02:59:54 | INFO: Extracting primitive: Sphere.052
02:59:54 | INFO: Primitives created: 1
02:59:54 | INFO: Extracting primitive: Sphere.053
02:59:54 | INFO: Primitives created: 1
02:59:54 | INFO: Extracting primitive: Sphere.054
02:59:54 | INFO: Primitives created: 1
02:59:54 | INFO: Extracting primitive: Sphere.055
02:59:54 | INFO: Primitives created: 1
02:59:54 | INFO: Extracting primitive: Sphere.056
02:59:54 | INFO: Primitives created: 1
02:59:54 | INFO: Extracting primitive: Sphere.057
02:59:54 | INFO: Primitives created: 1
02:59:54 | INFO: Extracting primitive: Sphere.058
02:59:54 | INFO: Primitives created: 1
02:59:54 | INFO: Extracting primitive: Sphere.059
02:59:54 | INFO: Primitives created: 1
02:59:54 | INFO: Extracting primitive: Sphere.060
02:59:54 | INFO: Primitives created: 1
02:59:54 | INFO: Extracting primitive: Sphere.061
02:59:54 | INFO: Primitives created: 1
02:59:54 | INFO: Extracting primitive: Sphere.062
02:59:54 | INFO: Primitives created: 1
02:59:54 | INFO: Extracting primitive: Sphere.063
02:59:54 | INFO: Primitives created: 1
02:59:54 | INFO: Extracting primitive: Sphere.064
02:59:54 | INFO: Primitives created: 1
02:59:54 | INFO: Extracting primitive: Sphere.065
02:59:54 | INFO: Primitives created: 1
02:59:54 | INFO: Extracting primitive: Sphere.066
02:59:54 | INFO: Primitives created: 1
02:59:54 | INFO: Extracting primitive: Sphere.067
02:59:54 | INFO: Primitives created: 1
02:59:54 | INFO: Extracting primitive: Sphere.068
02:59:54 | INFO: Primitives created: 1
02:59:54 | INFO: Extracting primitive: Sphere.069
02:59:54 | INFO: Primitives created: 1
02:59:54 | INFO: Extracting primitive: Sphere.070
02:59:54 | INFO: Primitives created: 1
02:59:54 | INFO: Extracting primitive: Sphere.071
02:59:54 | INFO: Primitives created: 1
02:59:54 | INFO: Extracting primitive: Sphere.072
02:59:54 | INFO: Primitives created: 1
02:59:54 | INFO: Extracting primitive: Sphere.073
02:59:54 | INFO: Primitives created: 1
02:59:54 | INFO: Extracting primitive: Sphere.074
02:59:54 | INFO: Primitives created: 1
02:59:54 | INFO: Extracting primitive: Sphere.075
02:59:54 | INFO: Primitives created: 1
02:59:54 | INFO: Extracting primitive: Sphere.076
02:59:54 | INFO: Primitives created: 1
02:59:54 | INFO: Extracting primitive: Sphere.077
02:59:54 | INFO: Primitives created: 1
02:59:54 | INFO: Extracting primitive: Sphere.078
02:59:54 | INFO: Primitives created: 1
02:59:54 | INFO: Extracting primitive: Sphere.079
02:59:54 | INFO: Primitives created: 1
02:59:54 | INFO: Extracting primitive: Sphere.080
02:59:54 | INFO: Primitives created: 1
02:59:54 | INFO: Extracting primitive: Sphere.081
02:59:54 | INFO: Primitives created: 1
02:59:54 | INFO: Extracting primitive: Sphere.082
02:59:54 | INFO: Primitives created: 1
02:59:54 | INFO: Extracting primitive: Sphere.083
02:59:54 | INFO: Primitives created: 1
02:59:54 | INFO: Extracting primitive: Sphere.084
02:59:54 | INFO: Primitives created: 1
02:59:54 | INFO: Extracting primitive: Sphere.085
02:59:54 | INFO: Primitives created: 1
02:59:54 | INFO: Extracting primitive: Sphere.086
02:59:54 | INFO: Primitives created: 1
02:59:54 | INFO: Extracting primitive: Sphere.087
02:59:54 | INFO: Primitives created: 1
02:59:54 | INFO: Extracting primitive: Sphere.088
02:59:54 | INFO: Primitives created: 1
02:59:54 | INFO: Extracting primitive: Sphere.089
02:59:54 | INFO: Primitives created: 1
02:59:54 | INFO: Extracting primitive: Sphere.090
02:59:54 | INFO: Primitives created: 1
02:59:54 | INFO: Extracting primitive: Sphere.091
02:59:54 | INFO: Primitives created: 1
02:59:54 | INFO: Extracting primitive: Sphere.092
02:59:54 | INFO: Primitives created: 1
02:59:54 | INFO: Extracting primitive: Sphere.093
02:59:54 | INFO: Primitives created: 1
02:59:54 | INFO: Extracting primitive: Sphere.094
02:59:54 | INFO: Primitives created: 1
02:59:54 | INFO: Extracting primitive: Sphere.095
02:59:54 | INFO: Primitives created: 1
02:59:54 | INFO: Extracting primitive: Sphere.096
02:59:54 | INFO: Primitives created: 1
02:59:54 | INFO: Extracting primitive: Sphere.097
02:59:54 | INFO: Primitives created: 1
02:59:54 | INFO: Extracting primitive: Sphere.098
02:59:54 | INFO: Primitives created: 1
02:59:54 | INFO: Extracting primitive: Sphere.099
02:59:54 | INFO: Primitives created: 1
02:59:54 | INFO: Extracting primitive: Sphere.100
02:59:54 | INFO: Primitives created: 1
02:59:54 | INFO: Extracting primitive: Sphere.101
02:59:54 | INFO: Primitives created: 1
02:59:54 | INFO: Extracting primitive: Sphere.102
02:59:54 | INFO: Primitives created: 1
02:59:54 | INFO: Extracting primitive: Sphere.103
02:59:54 | INFO: Primitives created: 1
02:59:54 | INFO: Extracting primitive: Sphere.104
02:59:54 | INFO: Primitives created: 1
02:59:54 | INFO: Extracting primitive: Sphere.105
02:59:54 | INFO: Primitives created: 1
02:59:54 | INFO: Extracting primitive: Sphere.106
02:59:54 | INFO: Primitives created: 1
02:59:54 | INFO: Extracting primitive: Sphere.107
02:59:54 | INFO: Primitives created: 1
02:59:54 | INFO: Extracting primitive: Sphere.108
02:59:54 | INFO: Primitives created: 1
02:59:54 | INFO: Extracting primitive: Sphere.109
02:59:54 | INFO: Primitives created: 1
02:59:54 | INFO: Extracting primitive: Sphere.110
02:59:54 | INFO: Primitives created: 1
02:59:54 | INFO: Extracting primitive: Sphere.111
02:59:54 | INFO: Primitives created: 1
02:59:54 | INFO: Extracting primitive: Cube.008
02:59:54 | INFO: Primitives created: 1
02:59:54 | INFO: Extracting primitive: Cube.009
02:59:54 | INFO: Primitives created: 1
02:59:54 | INFO: Extracting primitive: Cube.010
02:59:54 | INFO: Primitives created: 1
02:59:54 | INFO: Extracting primitive: Cube.011
02:59:54 | INFO: Primitives created: 1
02:59:54 | INFO: Extracting primitive: Cube.012
02:59:54 | INFO: Primitives created: 1
02:59:54 | INFO: Extracting primitive: Cube.013
02:59:54 | INFO: Primitives created: 1
02:59:54 | INFO: Extracting primitive: Sphere.112
02:59:54 | INFO: Primitives created: 1
02:59:54 | INFO: Extracting primitive: Cube.014
02:59:54 | INFO: Primitives created: 1
02:59:54 | INFO: Extracting primitive: Cube.015
02:59:54 | INFO: Primitives created: 1
02:59:54 | INFO: Extracting primitive: Cube.016
02:59:54 | INFO: Primitives created: 1
02:59:54 | INFO: Extracting primitive: Cube.017
02:59:54 | INFO: Primitives created: 1
02:59:54 | INFO: Extracting primitive: Sphere.113
02:59:54 | INFO: Primitives created: 1
02:59:54 | INFO: Extracting primitive: Sphere.114
02:59:54 | INFO: Primitives created: 1
02:59:54 | INFO: Extracting primitive: Sphere.115
02:59:54 | INFO: Primitives created: 1
02:59:54 | INFO: Extracting primitive: Sphere.116
02:59:54 | INFO: Primitives created: 1
02:59:54 | INFO: Extracting primitive: left articulated index finger
02:59:54 | INFO: Primitives created: 1
02:59:54 | INFO: Extracting primitive: Sphere.117
02:59:54 | INFO: Primitives created: 1
02:59:54 | INFO: Extracting primitive: left articulated middle finger
02:59:54 | INFO: Primitives created: 1
02:59:54 | INFO: Extracting primitive: Sphere.118
02:59:54 | INFO: Primitives created: 1
02:59:54 | INFO: Extracting primitive: left articulated ring finger
02:59:54 | INFO: Primitives created: 1
02:59:54 | INFO: Extracting primitive: Sphere.119
02:59:54 | INFO: Primitives created: 1
02:59:54 | INFO: Extracting primitive: left articulated pinky finger
02:59:54 | INFO: Primitives created: 1
02:59:54 | INFO: Extracting primitive: Sphere.120
02:59:54 | INFO: Primitives created: 1
02:59:54 | INFO: Extracting primitive: left opposed thumb
02:59:54 | INFO: Primitives created: 1
02:59:54 | INFO: Extracting primitive: Sphere.121
02:59:54 | INFO: Primitives created: 1
02:59:54 | INFO: Extracting primitive: Sphere.122
02:59:54 | INFO: Primitives created: 1
02:59:54 | INFO: Extracting primitive: Cube.018
02:59:54 | INFO: Primitives created: 1
02:59:54 | INFO: Extracting primitive: Cube.019
02:59:54 | INFO: Primitives created: 1
02:59:54 | INFO: Extracting primitive: Cube.020
02:59:54 | INFO: Primitives created: 1
02:59:54 | INFO: Extracting primitive: Cube.021
02:59:54 | INFO: Primitives created: 1
02:59:54 | INFO: Extracting primitive: Sphere.123
02:59:54 | INFO: Primitives created: 1
02:59:54 | INFO: Extracting primitive: Sphere.124
02:59:54 | INFO: Primitives created: 1
02:59:54 | INFO: Extracting primitive: Sphere.125
02:59:54 | INFO: Primitives created: 1
02:59:54 | INFO: Extracting primitive: Sphere.126
02:59:54 | INFO: Primitives created: 1
02:59:54 | INFO: Extracting primitive: right articulated index finger
02:59:54 | INFO: Primitives created: 1
02:59:54 | INFO: Extracting primitive: Sphere.127
02:59:54 | INFO: Primitives created: 1
02:59:54 | INFO: Extracting primitive: right articulated middle finger
02:59:54 | INFO: Primitives created: 1
02:59:54 | INFO: Extracting primitive: Sphere.128
02:59:54 | INFO: Primitives created: 1
02:59:54 | INFO: Extracting primitive: right articulated ring finger
02:59:54 | INFO: Primitives created: 1
02:59:54 | INFO: Extracting primitive: Sphere.129
02:59:54 | INFO: Primitives created: 1
02:59:54 | INFO: Extracting primitive: right articulated pinky finger
02:59:54 | INFO: Primitives created: 1
02:59:54 | INFO: Extracting primitive: Sphere.130
02:59:54 | INFO: Primitives created: 1
02:59:54 | INFO: Extracting primitive: right opposed thumb
02:59:54 | INFO: Primitives created: 1
02:59:54 | INFO: Extracting primitive: Sphere.131
02:59:54 | INFO: Primitives created: 1
02:59:54 | INFO: Extracting primitive: Cube.022
02:59:54 | INFO: Primitives created: 1
02:59:54 | INFO: Extracting primitive: Cube.023
02:59:54 | INFO: Primitives created: 1
02:59:54 | INFO: Extracting primitive: Cube.024
02:59:54 | INFO: Primitives created: 1
02:59:54 | INFO: Extracting primitive: Cube.025
02:59:54 | INFO: Primitives created: 1
02:59:54 | INFO: Extracting primitive: Cube.026
02:59:54 | INFO: Primitives created: 1
02:59:54 | INFO: Extracting primitive: Cube.027
02:59:54 | INFO: Primitives created: 1
02:59:54 | INFO: Extracting primitive: Cube.028
02:59:54 | INFO: Primitives created: 1
02:59:54 | INFO: Extracting primitive: Cube.029
02:59:54 | INFO: Primitives created: 1
ERROR (bke.modifier): ./source/blender/blenkernel/intern/modifier.cc:458 BKE_modifier_set_error: Object: "throat guard row 3 curved lamellar plate 02", Modifier: "weighted normals", Enable 'Auto Smooth' in Object Data Properties
ERROR (bke.modifier): ./source/blender/blenkernel/intern/modifier.cc:458 BKE_modifier_set_error: Object: "throat guard row 3 curved lamellar plate 01", Modifier: "weighted normals", Enable 'Auto Smooth' in Object Data Properties
ERROR (bke.modifier): ./source/blender/blenkernel/intern/modifier.cc:458 BKE_modifier_set_error: Object: "throat guard row 3 curved lamellar plate 03", Modifier: "weighted normals", Enable 'Auto Smooth' in Object Data Properties
ERROR (bke.modifier): ./source/blender/blenkernel/intern/modifier.cc:458 BKE_modifier_set_error: Object: "throat guard row 3 curved lamellar plate 04", Modifier: "weighted normals", Enable 'Auto Smooth' in Object Data Properties
ERROR (bke.modifier): ./source/blender/blenkernel/intern/modifier.cc:458 BKE_modifier_set_error: Object: "throat guard row 3 curved lamellar plate 05", Modifier: "weighted normals", Enable 'Auto Smooth' in Object Data Properties
ERROR (bke.modifier): ./source/blender/blenkernel/intern/modifier.cc:458 BKE_modifier_set_error: Object: "throat guard row 2 curved lamellar plate 05", Modifier: "weighted normals", Enable 'Auto Smooth' in Object Data Properties
ERROR (bke.modifier): ./source/blender/blenkernel/intern/modifier.cc:458 BKE_modifier_set_error: Object: "upper do cuirass fitted shell", Modifier: "weighted normals", Enable 'Auto Smooth' in Object Data Properties
ERROR (bke.modifier): ./source/blender/blenkernel/intern/modifier.cc:458 BKE_modifier_set_error: Object: "front cuirass row 1 curved lamellar plate 02", Modifier: "weighted normals", Enable 'Auto Smooth' in Object Data Properties
ERROR (bke.modifier): ./source/blender/blenkernel/intern/modifier.cc:458 BKE_modifier_set_error: Object: "front cuirass row 1 curved lamellar plate 01", Modifier: "weighted normals", Enable 'Auto Smooth' in Object Data Properties
ERROR (bke.modifier): ./source/blender/blenkernel/intern/modifier.cc:458 BKE_modifier_set_error: Object: "lower do cuirass narrowed shell", Modifier: "weighted normals", Enable 'Auto Smooth' in Object Data Properties
ERROR (bke.modifier): ./source/blender/blenkernel/intern/modifier.cc:458 BKE_modifier_set_error: Object: "front cuirass row 1 curved lamellar plate 03", Modifier: "weighted normals", Enable 'Auto Smooth' in Object Data Properties
ERROR (bke.modifier): ./source/blender/blenkernel/intern/modifier.cc:458 BKE_modifier_set_error: Object: "throat guard row 2 curved lamellar plate 04", Modifier: "weighted normals", Enable 'Auto Smooth' in Object Data Properties
ERROR (bke.modifier): ./source/blender/blenkernel/intern/modifier.cc:458 BKE_modifier_set_error: Object: "front cuirass row 1 curved lamellar plate 04", Modifier: "weighted normals", Enable 'Auto Smooth' in Object Data Properties
ERROR (bke.modifier): ./source/blender/blenkernel/intern/modifier.cc:458 BKE_modifier_set_error: Object: "front cuirass row 1 curved lamellar plate 05", Modifier: "weighted normals", Enable 'Auto Smooth' in Object Data Properties
ERROR (bke.modifier): ./source/blender/blenkernel/intern/modifier.cc:458 BKE_modifier_set_error: Object: "front cuirass row 1 curved lamellar plate 06", Modifier: "weighted normals", Enable 'Auto Smooth' in Object Data Properties
ERROR (bke.modifier): ./source/blender/blenkernel/intern/modifier.cc:458 BKE_modifier_set_error: Object: "front cuirass row 1 curved lamellar plate 08", Modifier: "weighted normals", Enable 'Auto Smooth' in Object Data Properties
ERROR (bke.modifier): ./source/blender/blenkernel/intern/modifier.cc:458 BKE_modifier_set_error: Object: "throat guard row 2 curved lamellar plate 03", Modifier: "weighted normals", Enable 'Auto Smooth' in Object Data Properties
ERROR (bke.modifier): ./source/blender/blenkernel/intern/modifier.cc:458 BKE_modifier_set_error: Object: "front cuirass row 1 curved lamellar plate 07", Modifier: "weighted normals", Enable 'Auto Smooth' in Object Data Properties
ERROR (bke.modifier): ./source/blender/blenkernel/intern/modifier.cc:458 BKE_modifier_set_error: Object: "rear cuirass row 1 curved lamellar plate 01", Modifier: "weighted normals", Enable 'Auto Smooth' in Object Data Properties
ERROR (bke.modifier): ./source/blender/blenkernel/intern/modifier.cc:458 BKE_modifier_set_error: Object: "front cuirass row 1 curved lamellar plate 09", Modifier: "weighted normals", Enable 'Auto Smooth' in Object Data Properties
ERROR (bke.modifier): ./source/blender/blenkernel/intern/modifier.cc:458 BKE_modifier_set_error: Object: "rear cuirass row 1 curved lamellar plate 02", Modifier: "weighted normals", Enable 'Auto Smooth' in Object Data Properties
ERROR (bke.modifier): ./source/blender/blenkernel/intern/modifier.cc:458 BKE_modifier_set_error: Object: "throat guard row 2 curved lamellar plate 02", Modifier: "weighted normals", Enable 'Auto Smooth' in Object Data Properties
ERROR (bke.modifier): ./source/blender/blenkernel/intern/modifier.cc:458 BKE_modifier_set_error: Object: "rear cuirass row 1 curved lamellar plate 03", Modifier: "weighted normals", Enable 'Auto Smooth' in Object Data Properties
ERROR (bke.modifier): ./source/blender/blenkernel/intern/modifier.cc:458 BKE_modifier_set_error: Object: "rear cuirass row 1 curved lamellar plate 04", Modifier: "weighted normals", Enable 'Auto Smooth' in Object Data Properties
ERROR (bke.modifier): ./source/blender/blenkernel/intern/modifier.cc:458 BKE_modifier_set_error: Object: "rear cuirass row 1 curved lamellar plate 05", Modifier: "weighted normals", Enable 'Auto Smooth' in Object Data Properties
ERROR (bke.modifier): ./source/blender/blenkernel/intern/modifier.cc:458 BKE_modifier_set_error: Object: "rear cuirass row 1 curved lamellar plate 06", Modifier: "weighted normals", Enable 'Auto Smooth' in Object Data Properties
ERROR (bke.modifier): ./source/blender/blenkernel/intern/modifier.cc:458 BKE_modifier_set_error: Object: "rear cuirass row 1 curved lamellar plate 07", Modifier: "weighted normals", Enable 'Auto Smooth' in Object Data Properties
ERROR (bke.modifier): ./source/blender/blenkernel/intern/modifier.cc:458 BKE_modifier_set_error: Object: "front cuirass row 2 curved lamellar plate 01", Modifier: "weighted normals", Enable 'Auto Smooth' in Object Data Properties
ERROR (bke.modifier): ./source/blender/blenkernel/intern/modifier.cc:458 BKE_modifier_set_error: Object: "rear cuirass row 1 curved lamellar plate 08", Modifier: "weighted normals", Enable 'Auto Smooth' in Object Data Properties
ERROR (bke.modifier): ./source/blender/blenkernel/intern/modifier.cc:458 BKE_modifier_set_error: Object: "rear cuirass row 1 curved lamellar plate 09", Modifier: "weighted normals", Enable 'Auto Smooth' in Object Data Properties
ERROR (bke.modifier): ./source/blender/blenkernel/intern/modifier.cc:458 BKE_modifier_set_error: Object: "front cuirass row 2 curved lamellar plate 02", Modifier: "weighted normals", Enable 'Auto Smooth' in Object Data Properties
ERROR (bke.modifier): ./source/blender/blenkernel/intern/modifier.cc:458 BKE_modifier_set_error: Object: "front cuirass row 2 curved lamellar plate 03", Modifier: "weighted normals", Enable 'Auto Smooth' in Object Data Properties
ERROR (bke.modifier): ./source/blender/blenkernel/intern/modifier.cc:458 BKE_modifier_set_error: Object: "front cuirass row 2 curved lamellar plate 05", Modifier: "weighted normals", Enable 'Auto Smooth' in Object Data Properties
ERROR (bke.modifier): ./source/blender/blenkernel/intern/modifier.cc:458 BKE_modifier_set_error: Object: "front cuirass row 2 curved lamellar plate 04", Modifier: "weighted normals", Enable 'Auto Smooth' in Object Data Properties
ERROR (bke.modifier): ./source/blender/blenkernel/intern/modifier.cc:458 BKE_modifier_set_error: Object: "front cuirass row 2 curved lamellar plate 06", Modifier: "weighted normals", Enable 'Auto Smooth' in Object Data Properties
ERROR (bke.modifier): ./source/blender/blenkernel/intern/modifier.cc:458 BKE_modifier_set_error: Object: "throat guard row 2 curved lamellar plate 01", Modifier: "weighted normals", Enable 'Auto Smooth' in Object Data Properties
ERROR (bke.modifier): ./source/blender/blenkernel/intern/modifier.cc:458 BKE_modifier_set_error: Object: "front cuirass row 2 curved lamellar plate 07", Modifier: "weighted normals", Enable 'Auto Smooth' in Object Data Properties
ERROR (bke.modifier): ./source/blender/blenkernel/intern/modifier.cc:458 BKE_modifier_set_error: Object: "front cuirass row 2 curved lamellar plate 09", Modifier: "weighted normals", Enable 'Auto Smooth' in Object Data Properties
ERROR (bke.modifier): ./source/blender/blenkernel/intern/modifier.cc:458 BKE_modifier_set_error: Object: "front cuirass row 2 curved lamellar plate 08", Modifier: "weighted normals", Enable 'Auto Smooth' in Object Data Properties
ERROR (bke.modifier): ./source/blender/blenkernel/intern/modifier.cc:458 BKE_modifier_set_error: Object: "rear cuirass row 2 curved lamellar plate 01", Modifier: "weighted normals", Enable 'Auto Smooth' in Object Data Properties
ERROR (bke.modifier): ./source/blender/blenkernel/intern/modifier.cc:458 BKE_modifier_set_error: Object: "rear cuirass row 2 curved lamellar plate 02", Modifier: "weighted normals", Enable 'Auto Smooth' in Object Data Properties
ERROR (bke.modifier): ./source/blender/blenkernel/intern/modifier.cc:458 BKE_modifier_set_error: Object: "rear cuirass row 2 curved lamellar plate 04", Modifier: "weighted normals", Enable 'Auto Smooth' in Object Data Properties
ERROR (bke.modifier): ./source/blender/blenkernel/intern/modifier.cc:458 BKE_modifier_set_error: Object: "rear cuirass row 2 curved lamellar plate 03", Modifier: "weighted normals", Enable 'Auto Smooth' in Object Data Properties
ERROR (bke.modifier): ./source/blender/blenkernel/intern/modifier.cc:458 BKE_modifier_set_error: Object: "rear cuirass row 2 curved lamellar plate 05", Modifier: "weighted normals", Enable 'Auto Smooth' in Object Data Properties
ERROR (bke.modifier): ./source/blender/blenkernel/intern/modifier.cc:458 BKE_modifier_set_error: Object: "rear cuirass row 2 curved lamellar plate 06", Modifier: "weighted normals", Enable 'Auto Smooth' in Object Data Properties
ERROR (bke.modifier): ./source/blender/blenkernel/intern/modifier.cc:458 BKE_modifier_set_error: Object: "rear cuirass row 2 curved lamellar plate 07", Modifier: "weighted normals", Enable 'Auto Smooth' in Object Data Properties
ERROR (bke.modifier): ./source/blender/blenkernel/intern/modifier.cc:458 BKE_modifier_set_error: Object: "rear cuirass row 2 curved lamellar plate 08", Modifier: "weighted normals", Enable 'Auto Smooth' in Object Data Properties
ERROR (bke.modifier): ./source/blender/blenkernel/intern/modifier.cc:458 BKE_modifier_set_error: Object: "rear cuirass row 2 curved lamellar plate 09", Modifier: "weighted normals", Enable 'Auto Smooth' in Object Data Properties
ERROR (bke.modifier): ./source/blender/blenkernel/intern/modifier.cc:458 BKE_modifier_set_error: Object: "front cuirass row 3 curved lamellar plate 01", Modifier: "weighted normals", Enable 'Auto Smooth' in Object Data Properties
ERROR (bke.modifier): ./source/blender/blenkernel/intern/modifier.cc:458 BKE_modifier_set_error: Object: "front cuirass row 3 curved lamellar plate 05", Modifier: "weighted normals", Enable 'Auto Smooth' in Object Data Properties
ERROR (bke.modifier): ./source/blender/blenkernel/intern/modifier.cc:458 BKE_modifier_set_error: Object: "front cuirass row 3 curved lamellar plate 03", Modifier: "weighted normals", Enable 'Auto Smooth' in Object Data Properties
ERROR (bke.modifier): ./source/blender/blenkernel/intern/modifier.cc:458 BKE_modifier_set_error: Object: "front cuirass row 3 curved lamellar plate 04", Modifier: "weighted normals", Enable 'Auto Smooth' in Object Data Properties
ERROR (bke.modifier): ./source/blender/blenkernel/intern/modifier.cc:458 BKE_modifier_set_error: Object: "front cuirass row 3 curved lamellar plate 06", Modifier: "weighted normals", Enable 'Auto Smooth' in Object Data Properties
ERROR (bke.modifier): ./source/blender/blenkernel/intern/modifier.cc:458 BKE_modifier_set_error: Object: "front cuirass row 3 curved lamellar plate 07", Modifier: "weighted normals", Enable 'Auto Smooth' in Object Data Properties
ERROR (bke.modifier): ./source/blender/blenkernel/intern/modifier.cc:458 BKE_modifier_set_error: Object: "front cuirass row 3 curved lamellar plate 09", Modifier: "weighted normals", Enable 'Auto Smooth' in Object Data Properties
ERROR (bke.modifier): ./source/blender/blenkernel/intern/modifier.cc:458 BKE_modifier_set_error: Object: "front cuirass row 3 curved lamellar plate 08", Modifier: "weighted normals", Enable 'Auto Smooth' in Object Data Properties
ERROR (bke.modifier): ./source/blender/blenkernel/intern/modifier.cc:458 BKE_modifier_set_error: Object: "rear cuirass row 3 curved lamellar plate 01", Modifier: "weighted normals", Enable 'Auto Smooth' in Object Data Properties
ERROR (bke.modifier): ./source/blender/blenkernel/intern/modifier.cc:458 BKE_modifier_set_error: Object: "rear cuirass row 3 curved lamellar plate 02", Modifier: "weighted normals", Enable 'Auto Smooth' in Object Data Properties
ERROR (bke.modifier): ./source/blender/blenkernel/intern/modifier.cc:458 BKE_modifier_set_error: Object: "throat guard row 1 curved lamellar plate 05", Modifier: "weighted normals", Enable 'Auto Smooth' in Object Data Properties
ERROR (bke.modifier): ./source/blender/blenkernel/intern/modifier.cc:458 BKE_modifier_set_error: Object: "front cuirass row 3 curved lamellar plate 02", Modifier: "weighted normals", Enable 'Auto Smooth' in Object Data Properties
ERROR (bke.modifier): ./source/blender/blenkernel/intern/modifier.cc:458 BKE_modifier_set_error: Object: "rear cuirass row 3 curved lamellar plate 03", Modifier: "weighted normals", Enable 'Auto Smooth' in Object Data Properties
ERROR (bke.modifier): ./source/blender/blenkernel/intern/modifier.cc:458 BKE_modifier_set_error: Object: "rear cuirass row 3 curved lamellar plate 05", Modifier: "weighted normals", Enable 'Auto Smooth' in Object Data Properties
ERROR (bke.modifier): ./source/blender/blenkernel/intern/modifier.cc:458 BKE_modifier_set_error: Object: "rear cuirass row 3 curved lamellar plate 04", Modifier: "weighted normals", Enable 'Auto Smooth' in Object Data Properties
ERROR (bke.modifier): ./source/blender/blenkernel/intern/modifier.cc:458 BKE_modifier_set_error: Object: "rear cuirass row 3 curved lamellar plate 06", Modifier: "weighted normals", Enable 'Auto Smooth' in Object Data Properties
ERROR (bke.modifier): ./source/blender/blenkernel/intern/modifier.cc:458 BKE_modifier_set_error: Object: "rear cuirass row 3 curved lamellar plate 07", Modifier: "weighted normals", Enable 'Auto Smooth' in Object Data Properties
ERROR (bke.modifier): ./source/blender/blenkernel/intern/modifier.cc:458 BKE_modifier_set_error: Object: "rear cuirass row 3 curved lamellar plate 08", Modifier: "weighted normals", Enable 'Auto Smooth' in Object Data Properties
ERROR (bke.modifier): ./source/blender/blenkernel/intern/modifier.cc:458 BKE_modifier_set_error: Object: "rear cuirass row 3 curved lamellar plate 09", Modifier: "weighted normals", Enable 'Auto Smooth' in Object Data Properties
ERROR (bke.modifier): ./source/blender/blenkernel/intern/modifier.cc:458 BKE_modifier_set_error: Object: "front cuirass row 4 curved lamellar plate 01", Modifier: "weighted normals", Enable 'Auto Smooth' in Object Data Properties
ERROR (bke.modifier): ./source/blender/blenkernel/intern/modifier.cc:458 BKE_modifier_set_error: Object: "front cuirass row 4 curved lamellar plate 02", Modifier: "weighted normals", Enable 'Auto Smooth' in Object Data Properties
ERROR (bke.modifier): ./source/blender/blenkernel/intern/modifier.cc:458 BKE_modifier_set_error: Object: "front cuirass row 4 curved lamellar plate 03", Modifier: "weighted normals", Enable 'Auto Smooth' in Object Data Properties
ERROR (bke.modifier): ./source/blender/blenkernel/intern/modifier.cc:458 BKE_modifier_set_error: Object: "front cuirass row 4 curved lamellar plate 05", Modifier: "weighted normals", Enable 'Auto Smooth' in Object Data Properties
ERROR (bke.modifier): ./source/blender/blenkernel/intern/modifier.cc:458 BKE_modifier_set_error: Object: "front cuirass row 4 curved lamellar plate 07", Modifier: "weighted normals", Enable 'Auto Smooth' in Object Data Properties
ERROR (bke.modifier): ./source/blender/blenkernel/intern/modifier.cc:458 BKE_modifier_set_error: Object: "front cuirass row 4 curved lamellar plate 04", Modifier: "weighted normals", Enable 'Auto Smooth' in Object Data Properties
ERROR (bke.modifier): ./source/blender/blenkernel/intern/modifier.cc:458 BKE_modifier_set_error: Object: "front cuirass row 4 curved lamellar plate 06", Modifier: "weighted normals", Enable 'Auto Smooth' in Object Data Properties
ERROR (bke.modifier): ./source/blender/blenkernel/intern/modifier.cc:458 BKE_modifier_set_error: Object: "throat guard row 1 curved lamellar plate 04", Modifier: "weighted normals", Enable 'Auto Smooth' in Object Data Properties
ERROR (bke.modifier): ./source/blender/blenkernel/intern/modifier.cc:458 BKE_modifier_set_error: Object: "front cuirass row 4 curved lamellar plate 08", Modifier: "weighted normals", Enable 'Auto Smooth' in Object Data Properties
ERROR (bke.modifier): ./source/blender/blenkernel/intern/modifier.cc:458 BKE_modifier_set_error: Object: "front cuirass row 4 curved lamellar plate 09", Modifier: "weighted normals", Enable 'Auto Smooth' in Object Data Properties
ERROR (bke.modifier): ./source/blender/blenkernel/intern/modifier.cc:458 BKE_modifier_set_error: Object: "rear cuirass row 4 curved lamellar plate 01", Modifier: "weighted normals", Enable 'Auto Smooth' in Object Data Properties
ERROR (bke.modifier): ./source/blender/blenkernel/intern/modifier.cc:458 BKE_modifier_set_error: Object: "rear cuirass row 4 curved lamellar plate 02", Modifier: "weighted normals", Enable 'Auto Smooth' in Object Data Properties
ERROR (bke.modifier): ./source/blender/blenkernel/intern/modifier.cc:458 BKE_modifier_set_error: Object: "rear cuirass row 4 curved lamellar plate 03", Modifier: "weighted normals", Enable 'Auto Smooth' in Object Data Properties
ERROR (bke.modifier): ./source/blender/blenkernel/intern/modifier.cc:458 BKE_modifier_set_error: Object: "rear cuirass row 4 curved lamellar plate 05", Modifier: "weighted normals", Enable 'Auto Smooth' in Object Data Properties
ERROR (bke.modifier): ./source/blender/blenkernel/intern/modifier.cc:458 BKE_modifier_set_error: Object: "rear cuirass row 4 curved lamellar plate 06", Modifier: "weighted normals", Enable 'Auto Smooth' in Object Data Properties
ERROR (bke.modifier): ./source/blender/blenkernel/intern/modifier.cc:458 BKE_modifier_set_error: Object: "rear cuirass row 4 curved lamellar plate 07", Modifier: "weighted normals", Enable 'Auto Smooth' in Object Data Properties
ERROR (bke.modifier): ./source/blender/blenkernel/intern/modifier.cc:458 BKE_modifier_set_error: Object: "rear cuirass row 4 curved lamellar plate 08", Modifier: "weighted normals", Enable 'Auto Smooth' in Object Data Properties
ERROR (bke.modifier): ./source/blender/blenkernel/intern/modifier.cc:458 BKE_modifier_set_error: Object: "rear cuirass row 4 curved lamellar plate 09", Modifier: "weighted normals", Enable 'Auto Smooth' in Object Data Properties
ERROR (bke.modifier): ./source/blender/blenkernel/intern/modifier.cc:458 BKE_modifier_set_error: Object: "front cuirass row 5 curved lamellar plate 01", Modifier: "weighted normals", Enable 'Auto Smooth' in Object Data Properties
ERROR (bke.modifier): ./source/blender/blenkernel/intern/modifier.cc:458 BKE_modifier_set_error: Object: "front cuirass row 5 curved lamellar plate 02", Modifier: "weighted normals", Enable 'Auto Smooth' in Object Data Properties
ERROR (bke.modifier): ./source/blender/blenkernel/intern/modifier.cc:458 BKE_modifier_set_error: Object: "rear cuirass row 4 curved lamellar plate 04", Modifier: "weighted normals", Enable 'Auto Smooth' in Object Data Properties
ERROR (bke.modifier): ./source/blender/blenkernel/intern/modifier.cc:458 BKE_modifier_set_error: Object: "front cuirass row 5 curved lamellar plate 03", Modifier: "weighted normals", Enable 'Auto Smooth' in Object Data Properties
ERROR (bke.modifier): ./source/blender/blenkernel/intern/modifier.cc:458 BKE_modifier_set_error: Object: "front cuirass row 5 curved lamellar plate 04", Modifier: "weighted normals", Enable 'Auto Smooth' in Object Data Properties
ERROR (bke.modifier): ./source/blender/blenkernel/intern/modifier.cc:458 BKE_modifier_set_error: Object: "front cuirass row 5 curved lamellar plate 05", Modifier: "weighted normals", Enable 'Auto Smooth' in Object Data Properties
ERROR (bke.modifier): ./source/blender/blenkernel/intern/modifier.cc:458 BKE_modifier_set_error: Object: "front cuirass row 5 curved lamellar plate 06", Modifier: "weighted normals", Enable 'Auto Smooth' in Object Data Properties
ERROR (bke.modifier): ./source/blender/blenkernel/intern/modifier.cc:458 BKE_modifier_set_error: Object: "front cuirass row 5 curved lamellar plate 07", Modifier: "weighted normals", Enable 'Auto Smooth' in Object Data Properties
ERROR (bke.modifier): ./source/blender/blenkernel/intern/modifier.cc:458 BKE_modifier_set_error: Object: "front cuirass row 5 curved lamellar plate 08", Modifier: "weighted normals", Enable 'Auto Smooth' in Object Data Properties
ERROR (bke.modifier): ./source/blender/blenkernel/intern/modifier.cc:458 BKE_modifier_set_error: Object: "throat guard row 1 curved lamellar plate 03", Modifier: "weighted normals", Enable 'Auto Smooth' in Object Data Properties
ERROR (bke.modifier): ./source/blender/blenkernel/intern/modifier.cc:458 BKE_modifier_set_error: Object: "front cuirass row 5 curved lamellar plate 09", Modifier: "weighted normals", Enable 'Auto Smooth' in Object Data Properties
ERROR (bke.modifier): ./source/blender/blenkernel/intern/modifier.cc:458 BKE_modifier_set_error: Object: "rear cuirass row 5 curved lamellar plate 02", Modifier: "weighted normals", Enable 'Auto Smooth' in Object Data Properties
ERROR (bke.modifier): ./source/blender/blenkernel/intern/modifier.cc:458 BKE_modifier_set_error: Object: "rear cuirass row 5 curved lamellar plate 01", Modifier: "weighted normals", Enable 'Auto Smooth' in Object Data Properties
ERROR (bke.modifier): ./source/blender/blenkernel/intern/modifier.cc:458 BKE_modifier_set_error: Object: "rear cuirass row 5 curved lamellar plate 05", Modifier: "weighted normals", Enable 'Auto Smooth' in Object Data Properties
ERROR (bke.modifier): ./source/blender/blenkernel/intern/modifier.cc:458 BKE_modifier_set_error: Object: "rear cuirass row 5 curved lamellar plate 03", Modifier: "weighted normals", Enable 'Auto Smooth' in Object Data Properties
ERROR (bke.modifier): ./source/blender/blenkernel/intern/modifier.cc:458 BKE_modifier_set_error: Object: "rear cuirass row 5 curved lamellar plate 04", Modifier: "weighted normals", Enable 'Auto Smooth' in Object Data Properties
ERROR (bke.modifier): ./source/blender/blenkernel/intern/modifier.cc:458 BKE_modifier_set_error: Object: "rear cuirass row 5 curved lamellar plate 06", Modifier: "weighted normals", Enable 'Auto Smooth' in Object Data Properties
ERROR (bke.modifier): ./source/blender/blenkernel/intern/modifier.cc:458 BKE_modifier_set_error: Object: "rear cuirass row 5 curved lamellar plate 07", Modifier: "weighted normals", Enable 'Auto Smooth' in Object Data Properties
ERROR (bke.modifier): ./source/blender/blenkernel/intern/modifier.cc:458 BKE_modifier_set_error: Object: "rear cuirass row 5 curved lamellar plate 08", Modifier: "weighted normals", Enable 'Auto Smooth' in Object Data Properties
ERROR (bke.modifier): ./source/blender/blenkernel/intern/modifier.cc:458 BKE_modifier_set_error: Object: "throat guard row 1 curved lamellar plate 02", Modifier: "weighted normals", Enable 'Auto Smooth' in Object Data Properties
ERROR (bke.modifier): ./source/blender/blenkernel/intern/modifier.cc:458 BKE_modifier_set_error: Object: "rear cuirass row 5 curved lamellar plate 09", Modifier: "weighted normals", Enable 'Auto Smooth' in Object Data Properties
ERROR (bke.modifier): ./source/blender/blenkernel/intern/modifier.cc:458 BKE_modifier_set_error: Object: "left shoulder undercloth", Modifier: "weighted normals", Enable 'Auto Smooth' in Object Data Properties
ERROR (bke.modifier): ./source/blender/blenkernel/intern/modifier.cc:458 BKE_modifier_set_error: Object: "throat guard row 1 curved lamellar plate 01", Modifier: "weighted normals", Enable 'Auto Smooth' in Object Data Properties
ERROR (bke.modifier): ./source/blender/blenkernel/intern/modifier.cc:458 BKE_modifier_set_error: Object: "left armored upper arm", Modifier: "weighted normals", Enable 'Auto Smooth' in Object Data Properties
ERROR (bke.modifier): ./source/blender/blenkernel/intern/modifier.cc:458 BKE_modifier_set_error: Object: "left sode shoulder armor", Modifier: "weighted normals", Enable 'Auto Smooth' in Object Data Properties
ERROR (bke.modifier): ./source/blender/blenkernel/intern/modifier.cc:458 BKE_modifier_set_error: Object: "left kote forearm guard", Modifier: "weighted normals", Enable 'Auto Smooth' in Object Data Properties
ERROR (bke.modifier): ./source/blender/blenkernel/intern/modifier.cc:458 BKE_modifier_set_error: Object: "left leather palm volume", Modifier: "weighted normals", Enable 'Auto Smooth' in Object Data Properties
ERROR (bke.modifier): ./source/blender/blenkernel/intern/modifier.cc:458 BKE_modifier_set_error: Object: "left ring fingertip", Modifier: "weighted normals", Enable 'Auto Smooth' in Object Data Properties
ERROR (bke.modifier): ./source/blender/blenkernel/intern/modifier.cc:458 BKE_modifier_set_error: Object: "left middle fingertip", Modifier: "weighted normals", Enable 'Auto Smooth' in Object Data Properties
ERROR (bke.modifier): ./source/blender/blenkernel/intern/modifier.cc:458 BKE_modifier_set_error: Object: "left index fingertip", Modifier: "weighted normals", Enable 'Auto Smooth' in Object Data Properties
ERROR (bke.modifier): ./source/blender/blenkernel/intern/modifier.cc:458 BKE_modifier_set_error: Object: "left pinky fingertip", Modifier: "weighted normals", Enable 'Auto Smooth' in Object Data Properties
ERROR (bke.modifier): ./source/blender/blenkernel/intern/modifier.cc:458 BKE_modifier_set_error: Object: "left thumb fingertip", Modifier: "weighted normals", Enable 'Auto Smooth' in Object Data Properties
ERROR (bke.modifier): ./source/blender/blenkernel/intern/modifier.cc:458 BKE_modifier_set_error: Object: "right shoulder undercloth", Modifier: "weighted normals", Enable 'Auto Smooth' in Object Data Properties
ERROR (bke.modifier): ./source/blender/blenkernel/intern/modifier.cc:458 BKE_modifier_set_error: Object: "right armored upper arm", Modifier: "weighted normals", Enable 'Auto Smooth' in Object Data Properties
ERROR (bke.modifier): ./source/blender/blenkernel/intern/modifier.cc:458 BKE_modifier_set_error: Object: "right sode shoulder armor", Modifier: "weighted normals", Enable 'Auto Smooth' in Object Data Properties
ERROR (bke.modifier): ./source/blender/blenkernel/intern/modifier.cc:458 BKE_modifier_set_error: Object: "right kote forearm guard", Modifier: "weighted normals", Enable 'Auto Smooth' in Object Data Properties
ERROR (bke.modifier): ./source/blender/blenkernel/intern/modifier.cc:458 BKE_modifier_set_error: Object: "left sode shoulder plate 2", Modifier: "weighted normals", Enable 'Auto Smooth' in Object Data Properties
ERROR (bke.modifier): ./source/blender/blenkernel/intern/modifier.cc:458 BKE_modifier_set_error: Object: "right leather palm volume", Modifier: "weighted normals", Enable 'Auto Smooth' in Object Data Properties
ERROR (bke.modifier): ./source/blender/blenkernel/intern/modifier.cc:458 BKE_modifier_set_error: Object: "left side cuirass plate 2", Modifier: "weighted normals", Enable 'Auto Smooth' in Object Data Properties
ERROR (bke.modifier): ./source/blender/blenkernel/intern/modifier.cc:458 BKE_modifier_set_error: Object: "right side cuirass plate 2", Modifier: "weighted normals", Enable 'Auto Smooth' in Object Data Properties
ERROR (bke.modifier): ./source/blender/blenkernel/intern/modifier.cc:458 BKE_modifier_set_error: Object: "left side cuirass plate 3", Modifier: "weighted normals", Enable 'Auto Smooth' in Object Data Properties
ERROR (bke.modifier): ./source/blender/blenkernel/intern/modifier.cc:458 BKE_modifier_set_error: Object: "right index fingertip", Modifier: "weighted normals", Enable 'Auto Smooth' in Object Data Properties
ERROR (bke.modifier): ./source/blender/blenkernel/intern/modifier.cc:458 BKE_modifier_set_error: Object: "right middle fingertip", Modifier: "weighted normals", Enable 'Auto Smooth' in Object Data Properties
ERROR (bke.modifier): ./source/blender/blenkernel/intern/modifier.cc:458 BKE_modifier_set_error: Object: "right ring fingertip", Modifier: "weighted normals", Enable 'Auto Smooth' in Object Data Properties
ERROR (bke.modifier): ./source/blender/blenkernel/intern/modifier.cc:458 BKE_modifier_set_error: Object: "left sode shoulder plate 1", Modifier: "weighted normals", Enable 'Auto Smooth' in Object Data Properties
ERROR (bke.modifier): ./source/blender/blenkernel/intern/modifier.cc:458 BKE_modifier_set_error: Object: "right pinky fingertip", Modifier: "weighted normals", Enable 'Auto Smooth' in Object Data Properties
ERROR (bke.modifier): ./source/blender/blenkernel/intern/modifier.cc:458 BKE_modifier_set_error: Object: "right thumb fingertip", Modifier: "weighted normals", Enable 'Auto Smooth' in Object Data Properties
ERROR (bke.modifier): ./source/blender/blenkernel/intern/modifier.cc:458 BKE_modifier_set_error: Object: "left side cuirass plate 1", Modifier: "weighted normals", Enable 'Auto Smooth' in Object Data Properties
ERROR (bke.modifier): ./source/blender/blenkernel/intern/modifier.cc:458 BKE_modifier_set_error: Object: "right side cuirass plate 1", Modifier: "weighted normals", Enable 'Auto Smooth' in Object Data Properties
ERROR (bke.modifier): ./source/blender/blenkernel/intern/modifier.cc:458 BKE_modifier_set_error: Object: "left sode shoulder plate 3", Modifier: "weighted normals", Enable 'Auto Smooth' in Object Data Properties
ERROR (bke.modifier): ./source/blender/blenkernel/intern/modifier.cc:458 BKE_modifier_set_error: Object: "left sode shoulder plate 4", Modifier: "weighted normals", Enable 'Auto Smooth' in Object Data Properties
ERROR (bke.modifier): ./source/blender/blenkernel/intern/modifier.cc:458 BKE_modifier_set_error: Object: "mempo grim mouth slit", Modifier: "weighted normals", Enable 'Auto Smooth' in Object Data Properties
ERROR (bke.modifier): ./source/blender/blenkernel/intern/modifier.cc:458 BKE_modifier_set_error: Object: "right side cuirass plate 3", Modifier: "weighted normals", Enable 'Auto Smooth' in Object Data Properties
ERROR (bke.modifier): ./source/blender/blenkernel/intern/modifier.cc:458 BKE_modifier_set_error: Object: "right sode shoulder plate 4", Modifier: "weighted normals", Enable 'Auto Smooth' in Object Data Properties
ERROR (bke.modifier): ./source/blender/blenkernel/intern/modifier.cc:458 BKE_modifier_set_error: Object: "right sode shoulder plate 1", Modifier: "weighted normals", Enable 'Auto Smooth' in Object Data Properties
ERROR (bke.modifier): ./source/blender/blenkernel/intern/modifier.cc:458 BKE_modifier_set_error: Object: "kusazuri skirt plate -1 row 3", Modifier: "weighted normals", Enable 'Auto Smooth' in Object Data Properties
ERROR (bke.modifier): ./source/blender/blenkernel/intern/modifier.cc:458 BKE_modifier_set_error: Object: "rear kusazuri skirt plate -1 row 1", Modifier: "weighted normals", Enable 'Auto Smooth' in Object Data Properties
ERROR (bke.modifier): ./source/blender/blenkernel/intern/modifier.cc:458 BKE_modifier_set_error: Object: "right sode shoulder plate 2", Modifier: "weighted normals", Enable 'Auto Smooth' in Object Data Properties
ERROR (bke.modifier): ./source/blender/blenkernel/intern/modifier.cc:458 BKE_modifier_set_error: Object: "rear kusazuri skirt plate -1 row 2", Modifier: "weighted normals", Enable 'Auto Smooth' in Object Data Properties
ERROR (bke.modifier): ./source/blender/blenkernel/intern/modifier.cc:458 BKE_modifier_set_error: Object: "kusazuri skirt plate -1 row 1", Modifier: "weighted normals", Enable 'Auto Smooth' in Object Data Properties
ERROR (bke.modifier): ./source/blender/blenkernel/intern/modifier.cc:458 BKE_modifier_set_error: Object: "rear kusazuri skirt plate -1 row 3", Modifier: "weighted normals", Enable 'Auto Smooth' in Object Data Properties
ERROR (bke.modifier): ./source/blender/blenkernel/intern/modifier.cc:458 BKE_modifier_set_error: Object: "kusazuri skirt plate -1 row 2", Modifier: "weighted normals", Enable 'Auto Smooth' in Object Data Properties
ERROR (bke.modifier): ./source/blender/blenkernel/intern/modifier.cc:458 BKE_modifier_set_error: Object: "left hakama trouser leg", Modifier: "weighted normals", Enable 'Auto Smooth' in Object Data Properties
ERROR (bke.modifier): ./source/blender/blenkernel/intern/modifier.cc:458 BKE_modifier_set_error: Object: "left shin greave", Modifier: "weighted normals", Enable 'Auto Smooth' in Object Data Properties
ERROR (bke.modifier): ./source/blender/blenkernel/intern/modifier.cc:458 BKE_modifier_set_error: Object: "kusazuri skirt plate +0 row 3", Modifier: "weighted normals", Enable 'Auto Smooth' in Object Data Properties
ERROR (bke.modifier): ./source/blender/blenkernel/intern/modifier.cc:458 BKE_modifier_set_error: Object: "rear kusazuri skirt plate +0 row 1", Modifier: "weighted normals", Enable 'Auto Smooth' in Object Data Properties
ERROR (bke.modifier): ./source/blender/blenkernel/intern/modifier.cc:458 BKE_modifier_set_error: Object: "right eye slit", Modifier: "weighted normals", Enable 'Auto Smooth' in Object Data Properties
ERROR (bke.modifier): ./source/blender/blenkernel/intern/modifier.cc:458 BKE_modifier_set_error: Object: "left split-toe tabi foot volume", Modifier: "weighted normals", Enable 'Auto Smooth' in Object Data Properties
ERROR (bke.modifier): ./source/blender/blenkernel/intern/modifier.cc:458 BKE_modifier_set_error: Object: "kusazuri skirt plate +0 row 2", Modifier: "weighted normals", Enable 'Auto Smooth' in Object Data Properties
ERROR (bke.modifier): ./source/blender/blenkernel/intern/modifier.cc:458 BKE_modifier_set_error: Object: "left separated big toe", Modifier: "weighted normals", Enable 'Auto Smooth' in Object Data Properties
ERROR (bke.modifier): ./source/blender/blenkernel/intern/modifier.cc:458 BKE_modifier_set_error: Object: "right sode shoulder plate 3", Modifier: "weighted normals", Enable 'Auto Smooth' in Object Data Properties
ERROR (bke.modifier): ./source/blender/blenkernel/intern/modifier.cc:458 BKE_modifier_set_error: Object: "rear kusazuri skirt plate +0 row 2", Modifier: "weighted normals", Enable 'Auto Smooth' in Object Data Properties
ERROR (bke.modifier): ./source/blender/blenkernel/intern/modifier.cc:458 BKE_modifier_set_error: Object: "rear kusazuri skirt plate +0 row 3", Modifier: "weighted normals", Enable 'Auto Smooth' in Object Data Properties
ERROR (bke.modifier): ./source/blender/blenkernel/intern/modifier.cc:458 BKE_modifier_set_error: Object: "left outer toe group", Modifier: "weighted normals", Enable 'Auto Smooth' in Object Data Properties
ERROR (bke.modifier): ./source/blender/blenkernel/intern/modifier.cc:458 BKE_modifier_set_error: Object: "right hakama trouser leg", Modifier: "weighted normals", Enable 'Auto Smooth' in Object Data Properties
ERROR (bke.modifier): ./source/blender/blenkernel/intern/modifier.cc:458 BKE_modifier_set_error: Object: "right shin greave", Modifier: "weighted normals", Enable 'Auto Smooth' in Object Data Properties
ERROR (bke.modifier): ./source/blender/blenkernel/intern/modifier.cc:458 BKE_modifier_set_error: Object: "right split-toe tabi foot volume", Modifier: "weighted normals", Enable 'Auto Smooth' in Object Data Properties
ERROR (bke.modifier): ./source/blender/blenkernel/intern/modifier.cc:458 BKE_modifier_set_error: Object: "kusazuri skirt plate +1 row 2", Modifier: "weighted normals", Enable 'Auto Smooth' in Object Data Properties
ERROR (bke.modifier): ./source/blender/blenkernel/intern/modifier.cc:458 BKE_modifier_set_error: Object: "rear kusazuri skirt plate +1 row 2", Modifier: "weighted normals", Enable 'Auto Smooth' in Object Data Properties
ERROR (bke.modifier): ./source/blender/blenkernel/intern/modifier.cc:458 BKE_modifier_set_error: Object: "right outer toe group", Modifier: "weighted normals", Enable 'Auto Smooth' in Object Data Properties
ERROR (bke.modifier): ./source/blender/blenkernel/intern/modifier.cc:458 BKE_modifier_set_error: Object: "kusazuri skirt plate +1 row 3", Modifier: "weighted normals", Enable 'Auto Smooth' in Object Data Properties
ERROR (bke.modifier): ./source/blender/blenkernel/intern/modifier.cc:458 BKE_modifier_set_error: Object: "kusazuri skirt plate +0 row 1", Modifier: "weighted normals", Enable 'Auto Smooth' in Object Data Properties
ERROR (bke.modifier): ./source/blender/blenkernel/intern/modifier.cc:458 BKE_modifier_set_error: Object: "rear kusazuri skirt plate +1 row 1", Modifier: "weighted normals", Enable 'Auto Smooth' in Object Data Properties
ERROR (bke.modifier): ./source/blender/blenkernel/intern/modifier.cc:458 BKE_modifier_set_error: Object: "wrapped katana grip", Modifier: "weighted normals", Enable 'Auto Smooth' in Object Data Properties
ERROR (bke.modifier): ./source/blender/blenkernel/intern/modifier.cc:458 BKE_modifier_set_error: Object: "rear kusazuri skirt plate +1 row 3", Modifier: "weighted normals", Enable 'Auto Smooth' in Object Data Properties
ERROR (bke.modifier): ./source/blender/blenkernel/intern/modifier.cc:458 BKE_modifier_set_error: Object: "right separated big toe", Modifier: "weighted normals", Enable 'Auto Smooth' in Object Data Properties
ERROR (bke.modifier): ./source/blender/blenkernel/intern/modifier.cc:458 BKE_modifier_set_error: Object: "kusazuri skirt plate +1 row 1", Modifier: "weighted normals", Enable 'Auto Smooth' in Object Data Properties
ERROR (bke.modifier): ./source/blender/blenkernel/intern/modifier.cc:458 BKE_modifier_set_error: Object: "simple round clan mon on banner", Modifier: "weighted normals", Enable 'Auto Smooth' in Object Data Properties
ERROR (bke.modifier): ./source/blender/blenkernel/intern/modifier.cc:458 BKE_modifier_set_error: Object: "ribcage under-kimono volume", Modifier: "weighted normals", Enable 'Auto Smooth' in Object Data Properties
ERROR (bke.modifier): ./source/blender/blenkernel/intern/modifier.cc:458 BKE_modifier_set_error: Object: "narrow waist under-kimono volume", Modifier: "weighted normals", Enable 'Auto Smooth' in Object Data Properties
ERROR (bke.modifier): ./source/blender/blenkernel/intern/modifier.cc:458 BKE_modifier_set_error: Object: "neck guard collar", Modifier: "weighted normals", Enable 'Auto Smooth' in Object Data Properties
ERROR (bke.modifier): ./source/blender/blenkernel/intern/modifier.cc:458 BKE_modifier_set_error: Object: "visible human head behind mempo", Modifier: "weighted normals", Enable 'Auto Smooth' in Object Data Properties
ERROR (bke.modifier): ./source/blender/blenkernel/intern/modifier.cc:458 BKE_modifier_set_error: Object: "segmented kabuto helmet bowl", Modifier: "weighted normals", Enable 'Auto Smooth' in Object Data Properties
ERROR (bke.modifier): ./source/blender/blenkernel/intern/modifier.cc:458 BKE_modifier_set_error: Object: "thin exposed neck", Modifier: "weighted normals", Enable 'Auto Smooth' in Object Data Properties
ERROR (bke.modifier): ./source/blender/blenkernel/intern/modifier.cc:458 BKE_modifier_set_error: Object: "wide kabuto brim", Modifier: "weighted normals", Enable 'Auto Smooth' in Object Data Properties
ERROR (bke.modifier): ./source/blender/blenkernel/intern/modifier.cc:458 BKE_modifier_set_error: Object: "rear shikoro neck guard flare", Modifier: "weighted normals", Enable 'Auto Smooth' in Object Data Properties
ERROR (bke.modifier): ./source/blender/blenkernel/intern/modifier.cc:458 BKE_modifier_set_error: Object: "right woven waraji sole grounded", Modifier: "weighted normals", Enable 'Auto Smooth' in Object Data Properties
ERROR (bke.modifier): ./source/blender/blenkernel/intern/modifier.cc:458 BKE_modifier_set_error: Object: "left woven waraji sole grounded", Modifier: "weighted normals", Enable 'Auto Smooth' in Object Data Properties
ERROR (bke.modifier): ./source/blender/blenkernel/intern/modifier.cc:458 BKE_modifier_set_error: Object: "crest central rivet", Modifier: "weighted normals", Enable 'Auto Smooth' in Object Data Properties
ERROR (bke.modifier): ./source/blender/blenkernel/intern/modifier.cc:458 BKE_modifier_set_error: Object: "dark iron mempo cheek mask", Modifier: "weighted normals", Enable 'Auto Smooth' in Object Data Properties
ERROR (bke.modifier): ./source/blender/blenkernel/intern/modifier.cc:458 BKE_modifier_set_error: Object: "left eye slit", Modifier: "weighted normals", Enable 'Auto Smooth' in Object Data Properties
ERROR (bke.modifier): ./source/blender/blenkernel/intern/modifier.cc:458 BKE_modifier_set_error: Object: "small lacquered sashimono crossbar", Modifier: "weighted normals", Enable 'Auto Smooth' in Object Data Properties
ERROR (bke.modifier): ./source/blender/blenkernel/intern/modifier.cc:458 BKE_modifier_set_error: Object: "cloth sashimono banner panel", Modifier: "weighted normals", Enable 'Auto Smooth' in Object Data Properties
ERROR (bke.modifier): ./source/blender/blenkernel/intern/modifier.cc:458 BKE_modifier_set_error: Object: "square tsuba guard", Modifier: "weighted normals", Enable 'Auto Smooth' in Object Data Properties
ERROR (bke.modifier): ./source/blender/blenkernel/intern/modifier.cc:458 BKE_modifier_set_error: Object: "left side helmet flange", Modifier: "weighted normals", Enable 'Auto Smooth' in Object Data Properties
ERROR (bke.modifier): ./source/blender/blenkernel/intern/modifier.cc:458 BKE_modifier_set_error: Object: "mempo nose ridge", Modifier: "weighted normals", Enable 'Auto Smooth' in Object Data Properties
ERROR (bke.modifier): ./source/blender/blenkernel/intern/modifier.cc:458 BKE_modifier_set_error: Object: "right side helmet flange", Modifier: "weighted normals", Enable 'Auto Smooth' in Object Data Properties
ERROR (bke.modifier): ./source/blender/blenkernel/intern/modifier.cc:458 BKE_modifier_set_error: Object: "matte charcoal inspection plinth", Modifier: "weighted normals", Enable 'Auto Smooth' in Object Data Properties
EGL Error (0x3001): EGL_NOT_INITIALIZED: EGL is not initialized, or could not be initialized, for the specified EGL display connection.

Managed to successfully fallback to surfaceless EGL rendering!

EGL Error (0x3009): EGL_BAD_MATCH: Arguments are inconsistent (for example, a valid context requires buffers not supplied by a valid surface).
EGL Error (0x3001): EGL_NOT_INITIALIZED: EGL is not initialized, or could not be initialized, for the specified EGL display connection.

Managed to successfully fallback to surfaceless EGL rendering!

Fra:1 Mem:52.28M (Peak 53.40M) | Time:00:00.43 | Syncing matte charcoal inspection plinth
Fra:1 Mem:52.30M (Peak 53.40M) | Time:00:00.62 | Syncing ribcage under-kimono volume
Fra:1 Mem:52.39M (Peak 53.40M) | Time:00:00.62 | Syncing narrow waist under-kimono volume
Fra:1 Mem:52.46M (Peak 53.40M) | Time:00:00.62 | Syncing visible human head behind mempo
Fra:1 Mem:52.54M (Peak 53.40M) | Time:00:00.62 | Syncing thin exposed neck
Fra:1 Mem:52.56M (Peak 53.40M) | Time:00:00.62 | Syncing neck guard collar
Fra:1 Mem:52.57M (Peak 53.40M) | Time:00:00.62 | Syncing segmented kabuto helmet bowl
Fra:1 Mem:52.74M (Peak 53.40M) | Time:00:00.62 | Syncing wide kabuto brim
Fra:1 Mem:52.77M (Peak 53.40M) | Time:00:00.62 | Syncing rear shikoro neck guard flare
Fra:1 Mem:52.79M (Peak 53.40M) | Time:00:00.62 | Syncing left side helmet flange
Fra:1 Mem:52.80M (Peak 53.40M) | Time:00:00.62 | Syncing right side helmet flange
Fra:1 Mem:52.81M (Peak 53.40M) | Time:00:00.62 | Syncing golden maedate crescent crest
Fra:1 Mem:52.82M (Peak 53.40M) | Time:00:00.62 | Syncing crest central rivet
Fra:1 Mem:52.84M (Peak 53.40M) | Time:00:00.62 | Syncing dark iron mempo cheek mask
Fra:1 Mem:52.93M (Peak 53.40M) | Time:00:00.62 | Syncing mempo nose ridge
Fra:1 Mem:52.94M (Peak 53.40M) | Time:00:00.62 | Syncing left eye slit
Fra:1 Mem:52.96M (Peak 53.40M) | Time:00:00.62 | Syncing right eye slit
Fra:1 Mem:52.97M (Peak 53.40M) | Time:00:00.62 | Syncing mempo grim mouth slit
Fra:1 Mem:52.98M (Peak 53.40M) | Time:00:00.62 | Syncing left mask moustache bristle
Fra:1 Mem:52.99M (Peak 53.40M) | Time:00:00.62 | Syncing right mask moustache bristle
Fra:1 Mem:53.00M (Peak 53.40M) | Time:00:00.62 | Syncing throat guard row 1 curved lamella
Fra:1 Mem:53.02M (Peak 53.40M) | Time:00:00.62 | Syncing throat guard row 1 curved lamella
Fra:1 Mem:53.04M (Peak 53.40M) | Time:00:00.62 | Syncing throat guard row 1 curved lamella
Fra:1 Mem:53.07M (Peak 53.40M) | Time:00:00.62 | Syncing throat guard row 1 curved lamella
Fra:1 Mem:53.09M (Peak 53.40M) | Time:00:00.62 | Syncing throat guard row 1 curved lamella
Fra:1 Mem:53.12M (Peak 53.40M) | Time:00:00.62 | Syncing throat guard row 2 curved lamella
Fra:1 Mem:53.14M (Peak 53.40M) | Time:00:00.62 | Syncing throat guard row 2 curved lamella
Fra:1 Mem:53.16M (Peak 53.40M) | Time:00:00.62 | Syncing throat guard row 2 curved lamella
Fra:1 Mem:53.19M (Peak 53.40M) | Time:00:00.62 | Syncing throat guard row 2 curved lamella
Fra:1 Mem:53.21M (Peak 53.40M) | Time:00:00.62 | Syncing throat guard row 2 curved lamella
Fra:1 Mem:53.24M (Peak 53.40M) | Time:00:00.62 | Syncing throat guard row 3 curved lamella
Fra:1 Mem:53.26M (Peak 53.40M) | Time:00:00.62 | Syncing throat guard row 3 curved lamella
Fra:1 Mem:53.28M (Peak 53.40M) | Time:00:00.62 | Syncing throat guard row 3 curved lamella
Fra:1 Mem:53.31M (Peak 53.40M) | Time:00:00.62 | Syncing throat guard row 3 curved lamella
Fra:1 Mem:53.33M (Peak 53.40M) | Time:00:00.62 | Syncing throat guard row 3 curved lamella
Fra:1 Mem:53.36M (Peak 53.40M) | Time:00:00.62 | Syncing upper do cuirass fitted shell
Fra:1 Mem:53.46M (Peak 53.46M) | Time:00:00.62 | Syncing lower do cuirass narrowed shell
Fra:1 Mem:53.54M (Peak 53.54M) | Time:00:00.62 | Syncing front cuirass row 1 curved lamell
Fra:1 Mem:53.57M (Peak 53.57M) | Time:00:00.62 | Syncing front cuirass row 1 curved lamell
Fra:1 Mem:53.59M (Peak 53.59M) | Time:00:00.62 | Syncing front cuirass row 1 curved lamell
Fra:1 Mem:53.61M (Peak 53.61M) | Time:00:00.62 | Syncing front cuirass row 1 curved lamell
Fra:1 Mem:53.64M (Peak 53.64M) | Time:00:00.62 | Syncing front cuirass row 1 curved lamell
Fra:1 Mem:53.66M (Peak 53.66M) | Time:00:00.62 | Syncing front cuirass row 1 curved lamell
Fra:1 Mem:53.69M (Peak 53.69M) | Time:00:00.62 | Syncing front cuirass row 1 curved lamell
Fra:1 Mem:53.71M (Peak 53.71M) | Time:00:00.62 | Syncing front cuirass row 1 curved lamell
Fra:1 Mem:53.73M (Peak 53.73M) | Time:00:00.62 | Syncing front cuirass row 1 curved lamell
Fra:1 Mem:53.76M (Peak 53.76M) | Time:00:00.62 | Syncing rear cuirass row 1 curved lamella
Fra:1 Mem:53.78M (Peak 53.78M) | Time:00:00.62 | Syncing rear cuirass row 1 curved lamella
Fra:1 Mem:53.81M (Peak 53.81M) | Time:00:00.62 | Syncing rear cuirass row 1 curved lamella
Fra:1 Mem:53.83M (Peak 53.83M) | Time:00:00.62 | Syncing rear cuirass row 1 curved lamella
Fra:1 Mem:53.85M (Peak 53.85M) | Time:00:00.62 | Syncing rear cuirass row 1 curved lamella
Fra:1 Mem:53.88M (Peak 53.88M) | Time:00:00.62 | Syncing rear cuirass row 1 curved lamella
Fra:1 Mem:53.90M (Peak 53.90M) | Time:00:00.62 | Syncing rear cuirass row 1 curved lamella
Fra:1 Mem:53.93M (Peak 53.93M) | Time:00:00.62 | Syncing rear cuirass row 1 curved lamella
Fra:1 Mem:53.95M (Peak 53.95M) | Time:00:00.62 | Syncing rear cuirass row 1 curved lamella
Fra:1 Mem:53.97M (Peak 53.97M) | Time:00:00.62 | Syncing front cuirass row 2 curved lamell
Fra:1 Mem:54.00M (Peak 54.00M) | Time:00:00.62 | Syncing front cuirass row 2 curved lamell
Fra:1 Mem:54.02M (Peak 54.02M) | Time:00:00.63 | Syncing front cuirass row 2 curved lamell
Fra:1 Mem:54.05M (Peak 54.05M) | Time:00:00.63 | Syncing front cuirass row 2 curved lamell
Fra:1 Mem:54.07M (Peak 54.07M) | Time:00:00.63 | Syncing front cuirass row 2 curved lamell
Fra:1 Mem:54.09M (Peak 54.09M) | Time:00:00.63 | Syncing front cuirass row 2 curved lamell
Fra:1 Mem:54.12M (Peak 54.12M) | Time:00:00.63 | Syncing front cuirass row 2 curved lamell
Fra:1 Mem:54.14M (Peak 54.14M) | Time:00:00.63 | Syncing front cuirass row 2 curved lamell
Fra:1 Mem:54.17M (Peak 54.17M) | Time:00:00.63 | Syncing front cuirass row 2 curved lamell
Fra:1 Mem:54.19M (Peak 54.19M) | Time:00:00.63 | Syncing rear cuirass row 2 curved lamella
Fra:1 Mem:54.22M (Peak 54.22M) | Time:00:00.63 | Syncing rear cuirass row 2 curved lamella
Fra:1 Mem:54.24M (Peak 54.24M) | Time:00:00.63 | Syncing rear cuirass row 2 curved lamella
Fra:1 Mem:54.26M (Peak 54.26M) | Time:00:00.63 | Syncing rear cuirass row 2 curved lamella
Fra:1 Mem:54.29M (Peak 54.29M) | Time:00:00.63 | Syncing rear cuirass row 2 curved lamella
Fra:1 Mem:54.31M (Peak 54.31M) | Time:00:00.63 | Syncing rear cuirass row 2 curved lamella
Fra:1 Mem:54.34M (Peak 54.34M) | Time:00:00.63 | Syncing rear cuirass row 2 curved lamella
Fra:1 Mem:54.36M (Peak 54.36M) | Time:00:00.63 | Syncing rear cuirass row 2 curved lamella
Fra:1 Mem:54.38M (Peak 54.38M) | Time:00:00.63 | Syncing rear cuirass row 2 curved lamella
Fra:1 Mem:54.41M (Peak 54.41M) | Time:00:00.63 | Syncing front cuirass row 3 curved lamell
Fra:1 Mem:54.43M (Peak 54.43M) | Time:00:00.63 | Syncing front cuirass row 3 curved lamell
Fra:1 Mem:54.46M (Peak 54.46M) | Time:00:00.63 | Syncing front cuirass row 3 curved lamell
Fra:1 Mem:54.48M (Peak 54.48M) | Time:00:00.63 | Syncing front cuirass row 3 curved lamell
Fra:1 Mem:54.50M (Peak 54.50M) | Time:00:00.63 | Syncing front cuirass row 3 curved lamell
Fra:1 Mem:54.53M (Peak 54.53M) | Time:00:00.63 | Syncing front cuirass row 3 curved lamell
Fra:1 Mem:54.55M (Peak 54.55M) | Time:00:00.63 | Syncing front cuirass row 3 curved lamell
Fra:1 Mem:54.57M (Peak 54.57M) | Time:00:00.63 | Syncing front cuirass row 3 curved lamell
Fra:1 Mem:54.60M (Peak 54.60M) | Time:00:00.63 | Syncing front cuirass row 3 curved lamell
Fra:1 Mem:54.62M (Peak 54.62M) | Time:00:00.63 | Syncing rear cuirass row 3 curved lamella
Fra:1 Mem:54.65M (Peak 54.65M) | Time:00:00.63 | Syncing rear cuirass row 3 curved lamella
Fra:1 Mem:54.67M (Peak 54.67M) | Time:00:00.63 | Syncing rear cuirass row 3 curved lamella
Fra:1 Mem:54.69M (Peak 54.69M) | Time:00:00.63 | Syncing rear cuirass row 3 curved lamella
Fra:1 Mem:54.72M (Peak 54.72M) | Time:00:00.63 | Syncing rear cuirass row 3 curved lamella
Fra:1 Mem:54.74M (Peak 54.74M) | Time:00:00.63 | Syncing rear cuirass row 3 curved lamella
Fra:1 Mem:54.77M (Peak 54.77M) | Time:00:00.63 | Syncing rear cuirass row 3 curved lamella
Fra:1 Mem:54.79M (Peak 54.79M) | Time:00:00.63 | Syncing rear cuirass row 3 curved lamella
Fra:1 Mem:54.81M (Peak 54.81M) | Time:00:00.63 | Syncing rear cuirass row 3 curved lamella
Fra:1 Mem:54.84M (Peak 54.84M) | Time:00:00.63 | Syncing front cuirass row 4 curved lamell
Fra:1 Mem:54.86M (Peak 54.86M) | Time:00:00.63 | Syncing front cuirass row 4 curved lamell
Fra:1 Mem:54.89M (Peak 54.89M) | Time:00:00.63 | Syncing front cuirass row 4 curved lamell
Fra:1 Mem:54.91M (Peak 54.91M) | Time:00:00.63 | Syncing front cuirass row 4 curved lamell
Fra:1 Mem:54.93M (Peak 54.93M) | Time:00:00.63 | Syncing front cuirass row 4 curved lamell
Fra:1 Mem:54.96M (Peak 54.96M) | Time:00:00.63 | Syncing front cuirass row 4 curved lamell
Fra:1 Mem:54.98M (Peak 54.98M) | Time:00:00.63 | Syncing front cuirass row 4 curved lamell
Fra:1 Mem:55.01M (Peak 55.01M) | Time:00:00.63 | Syncing front cuirass row 4 curved lamell
Fra:1 Mem:55.03M (Peak 55.03M) | Time:00:00.63 | Syncing front cuirass row 4 curved lamell
Fra:1 Mem:55.05M (Peak 55.05M) | Time:00:00.63 | Syncing rear cuirass row 4 curved lamella
Fra:1 Mem:55.08M (Peak 55.08M) | Time:00:00.63 | Syncing rear cuirass row 4 curved lamella
Fra:1 Mem:55.10M (Peak 55.10M) | Time:00:00.63 | Syncing rear cuirass row 4 curved lamella
Fra:1 Mem:55.13M (Peak 55.13M) | Time:00:00.63 | Syncing rear cuirass row 4 curved lamella
Fra:1 Mem:55.15M (Peak 55.15M) | Time:00:00.63 | Syncing rear cuirass row 4 curved lamella
Fra:1 Mem:55.17M (Peak 55.17M) | Time:00:00.63 | Syncing rear cuirass row 4 curved lamella
Fra:1 Mem:55.20M (Peak 55.20M) | Time:00:00.63 | Syncing rear cuirass row 4 curved lamella
Fra:1 Mem:55.22M (Peak 55.22M) | Time:00:00.63 | Syncing rear cuirass row 4 curved lamella
Fra:1 Mem:55.25M (Peak 55.25M) | Time:00:00.63 | Syncing rear cuirass row 4 curved lamella
Fra:1 Mem:55.27M (Peak 55.27M) | Time:00:00.63 | Syncing front cuirass row 5 curved lamell
Fra:1 Mem:55.29M (Peak 55.29M) | Time:00:00.63 | Syncing front cuirass row 5 curved lamell
Fra:1 Mem:55.32M (Peak 55.32M) | Time:00:00.63 | Syncing front cuirass row 5 curved lamell
Fra:1 Mem:55.34M (Peak 55.34M) | Time:00:00.63 | Syncing front cuirass row 5 curved lamell
Fra:1 Mem:55.37M (Peak 55.37M) | Time:00:00.63 | Syncing front cuirass row 5 curved lamell
Fra:1 Mem:55.39M (Peak 55.39M) | Time:00:00.63 | Syncing front cuirass row 5 curved lamell
Fra:1 Mem:55.41M (Peak 55.41M) | Time:00:00.63 | Syncing front cuirass row 5 curved lamell
Fra:1 Mem:55.44M (Peak 55.44M) | Time:00:00.63 | Syncing front cuirass row 5 curved lamell
Fra:1 Mem:55.46M (Peak 55.46M) | Time:00:00.63 | Syncing front cuirass row 5 curved lamell
Fra:1 Mem:55.49M (Peak 55.49M) | Time:00:00.63 | Syncing rear cuirass row 5 curved lamella
Fra:1 Mem:55.51M (Peak 55.51M) | Time:00:00.63 | Syncing rear cuirass row 5 curved lamella
Fra:1 Mem:55.53M (Peak 55.53M) | Time:00:00.63 | Syncing rear cuirass row 5 curved lamella
Fra:1 Mem:55.56M (Peak 55.56M) | Time:00:00.63 | Syncing rear cuirass row 5 curved lamella
Fra:1 Mem:55.58M (Peak 55.58M) | Time:00:00.63 | Syncing rear cuirass row 5 curved lamella
Fra:1 Mem:55.61M (Peak 55.61M) | Time:00:00.63 | Syncing rear cuirass row 5 curved lamella
Fra:1 Mem:55.63M (Peak 55.63M) | Time:00:00.63 | Syncing rear cuirass row 5 curved lamella
Fra:1 Mem:55.65M (Peak 55.65M) | Time:00:00.63 | Syncing rear cuirass row 5 curved lamella
Fra:1 Mem:55.68M (Peak 55.68M) | Time:00:00.63 | Syncing rear cuirass row 5 curved lamella
Fra:1 Mem:55.70M (Peak 55.70M) | Time:00:00.63 | Syncing left side cuirass plate 1
Fra:1 Mem:55.72M (Peak 55.72M) | Time:00:00.63 | Syncing left side cuirass plate 2
Fra:1 Mem:55.73M (Peak 55.73M) | Time:00:00.63 | Syncing left side cuirass plate 3
Fra:1 Mem:55.75M (Peak 55.75M) | Time:00:00.63 | Syncing right side cuirass plate 1
Fra:1 Mem:55.76M (Peak 55.76M) | Time:00:00.63 | Syncing right side cuirass plate 2
Fra:1 Mem:55.78M (Peak 55.78M) | Time:00:00.63 | Syncing right side cuirass plate 3
Fra:1 Mem:55.79M (Peak 55.79M) | Time:00:00.63 | Syncing left shoulder undercloth
Fra:1 Mem:55.84M (Peak 55.84M) | Time:00:00.63 | Syncing left sode shoulder plate 1
Fra:1 Mem:55.86M (Peak 55.86M) | Time:00:00.63 | Syncing left sode shoulder plate 2
Fra:1 Mem:55.87M (Peak 55.87M) | Time:00:00.63 | Syncing left sode shoulder plate 3
Fra:1 Mem:55.89M (Peak 55.89M) | Time:00:00.63 | Syncing left sode shoulder plate 4
Fra:1 Mem:55.90M (Peak 55.90M) | Time:00:00.63 | Syncing left armored upper arm
Fra:1 Mem:55.96M (Peak 55.96M) | Time:00:00.63 | Syncing left sode shoulder armor
Fra:1 Mem:56.00M (Peak 56.00M) | Time:00:00.63 | Syncing left kote forearm guard
Fra:1 Mem:56.05M (Peak 56.05M) | Time:00:00.63 | Syncing left leather palm volume
Fra:1 Mem:56.09M (Peak 56.11M) | Time:00:00.63 | Syncing left articulated index finger
Fra:1 Mem:56.10M (Peak 56.11M) | Time:00:00.63 | Syncing left index fingertip
Fra:1 Mem:56.11M (Peak 56.11M) | Time:00:00.63 | Syncing left articulated middle finger
Fra:1 Mem:56.12M (Peak 56.12M) | Time:00:00.63 | Syncing left middle fingertip
Fra:1 Mem:56.13M (Peak 56.13M) | Time:00:00.63 | Syncing left articulated ring finger
Fra:1 Mem:56.14M (Peak 56.14M) | Time:00:00.63 | Syncing left ring fingertip
Fra:1 Mem:56.15M (Peak 56.15M) | Time:00:00.63 | Syncing left articulated pinky finger
Fra:1 Mem:56.16M (Peak 56.16M) | Time:00:00.63 | Syncing left pinky fingertip
Fra:1 Mem:56.18M (Peak 56.18M) | Time:00:00.63 | Syncing left opposed thumb
Fra:1 Mem:56.19M (Peak 56.19M) | Time:00:00.63 | Syncing left thumb fingertip
Fra:1 Mem:56.20M (Peak 56.20M) | Time:00:00.63 | Syncing right shoulder undercloth
Fra:1 Mem:56.26M (Peak 56.26M) | Time:00:00.63 | Syncing right sode shoulder plate 1
Fra:1 Mem:56.27M (Peak 56.27M) | Time:00:00.63 | Syncing right sode shoulder plate 2
Fra:1 Mem:56.28M (Peak 56.28M) | Time:00:00.63 | Syncing right sode shoulder plate 3
Fra:1 Mem:56.30M (Peak 56.30M) | Time:00:00.63 | Syncing right sode shoulder plate 4
Fra:1 Mem:56.31M (Peak 56.31M) | Time:00:00.63 | Syncing right armored upper arm
Fra:1 Mem:56.37M (Peak 56.37M) | Time:00:00.63 | Syncing right sode shoulder armor
Fra:1 Mem:56.41M (Peak 56.41M) | Time:00:00.63 | Syncing right kote forearm guard
Fra:1 Mem:56.46M (Peak 56.46M) | Time:00:00.63 | Syncing right leather palm volume
Fra:1 Mem:56.50M (Peak 56.50M) | Time:00:00.63 | Syncing right articulated index finger
Fra:1 Mem:56.51M (Peak 56.51M) | Time:00:00.63 | Syncing right index fingertip
Fra:1 Mem:56.52M (Peak 56.52M) | Time:00:00.63 | Syncing right articulated middle finger
Fra:1 Mem:56.53M (Peak 56.53M) | Time:00:00.63 | Syncing right middle fingertip
Fra:1 Mem:56.54M (Peak 56.54M) | Time:00:00.63 | Syncing right articulated ring finger
Fra:1 Mem:56.55M (Peak 56.55M) | Time:00:00.63 | Syncing right ring fingertip
Fra:1 Mem:56.56M (Peak 56.56M) | Time:00:00.63 | Syncing right articulated pinky finger
Fra:1 Mem:56.57M (Peak 56.57M) | Time:00:00.63 | Syncing right pinky fingertip
Fra:1 Mem:56.58M (Peak 56.59M) | Time:00:00.63 | Syncing right opposed thumb
Fra:1 Mem:56.60M (Peak 56.60M) | Time:00:00.63 | Syncing right thumb fingertip
Fra:1 Mem:56.61M (Peak 56.61M) | Time:00:00.63 | Syncing kusazuri skirt plate -1 row 1
Fra:1 Mem:56.62M (Peak 56.62M) | Time:00:00.63 | Syncing rear kusazuri skirt plate -1 row 
Fra:1 Mem:56.64M (Peak 56.64M) | Time:00:00.63 | Syncing kusazuri skirt plate -1 row 2
Fra:1 Mem:56.65M (Peak 56.65M) | Time:00:00.63 | Syncing rear kusazuri skirt plate -1 row 
Fra:1 Mem:56.67M (Peak 56.67M) | Time:00:00.63 | Syncing kusazuri skirt plate -1 row 3
Fra:1 Mem:56.68M (Peak 56.68M) | Time:00:00.63 | Syncing rear kusazuri skirt plate -1 row 
Fra:1 Mem:56.69M (Peak 56.69M) | Time:00:00.63 | Syncing kusazuri skirt plate +0 row 1
Fra:1 Mem:56.71M (Peak 56.71M) | Time:00:00.63 | Syncing rear kusazuri skirt plate +0 row 
Fra:1 Mem:56.72M (Peak 56.72M) | Time:00:00.64 | Syncing kusazuri skirt plate +0 row 2
Fra:1 Mem:56.74M (Peak 56.74M) | Time:00:00.64 | Syncing rear kusazuri skirt plate +0 row 
Fra:1 Mem:56.75M (Peak 56.75M) | Time:00:00.64 | Syncing kusazuri skirt plate +0 row 3
Fra:1 Mem:56.76M (Peak 56.76M) | Time:00:00.64 | Syncing rear kusazuri skirt plate +0 row 
Fra:1 Mem:56.78M (Peak 56.78M) | Time:00:00.64 | Syncing kusazuri skirt plate +1 row 1
Fra:1 Mem:56.79M (Peak 56.79M) | Time:00:00.64 | Syncing rear kusazuri skirt plate +1 row 
Fra:1 Mem:56.81M (Peak 56.81M) | Time:00:00.64 | Syncing kusazuri skirt plate +1 row 2
Fra:1 Mem:56.82M (Peak 56.82M) | Time:00:00.64 | Syncing rear kusazuri skirt plate +1 row 
Fra:1 Mem:56.83M (Peak 56.83M) | Time:00:00.64 | Syncing kusazuri skirt plate +1 row 3
Fra:1 Mem:56.85M (Peak 56.85M) | Time:00:00.64 | Syncing rear kusazuri skirt plate +1 row 
Fra:1 Mem:56.86M (Peak 56.86M) | Time:00:00.64 | Syncing left hakama trouser leg
Fra:1 Mem:56.92M (Peak 56.92M) | Time:00:00.64 | Syncing left shin greave
Fra:1 Mem:56.97M (Peak 56.97M) | Time:00:00.64 | Syncing left split-toe tabi foot volume
Fra:1 Mem:57.02M (Peak 57.02M) | Time:00:00.64 | Syncing left separated big toe
Fra:1 Mem:57.04M (Peak 57.04M) | Time:00:00.64 | Syncing left outer toe group
Fra:1 Mem:57.06M (Peak 57.06M) | Time:00:00.64 | Syncing left woven waraji sole grounded
Fra:1 Mem:57.07M (Peak 57.07M) | Time:00:00.64 | Syncing left sandal toe strap
Fra:1 Mem:57.08M (Peak 57.13M) | Time:00:00.64 | Syncing left heel strap
Fra:1 Mem:57.08M (Peak 57.13M) | Time:00:00.64 | Syncing left hakama pleat 1
Fra:1 Mem:57.09M (Peak 57.13M) | Time:00:00.64 | Syncing left hakama pleat 2
Fra:1 Mem:57.09M (Peak 57.13M) | Time:00:00.64 | Syncing left hakama pleat 3
Fra:1 Mem:57.10M (Peak 57.13M) | Time:00:00.64 | Syncing right hakama trouser leg
Fra:1 Mem:57.19M (Peak 57.19M) | Time:00:00.64 | Syncing right shin greave
Fra:1 Mem:57.25M (Peak 57.25M) | Time:00:00.64 | Syncing right split-toe tabi foot volume
Fra:1 Mem:57.29M (Peak 57.29M) | Time:00:00.64 | Syncing right separated big toe
Fra:1 Mem:57.31M (Peak 57.31M) | Time:00:00.64 | Syncing right outer toe group
Fra:1 Mem:57.33M (Peak 57.33M) | Time:00:00.64 | Syncing right woven waraji sole grounded
Fra:1 Mem:57.34M (Peak 57.34M) | Time:00:00.64 | Syncing right sandal toe strap
Fra:1 Mem:57.35M (Peak 57.35M) | Time:00:00.64 | Syncing right heel strap
Fra:1 Mem:57.35M (Peak 57.35M) | Time:00:00.64 | Syncing right hakama pleat 1
Fra:1 Mem:57.36M (Peak 57.36M) | Time:00:00.64 | Syncing right hakama pleat 2
Fra:1 Mem:57.37M (Peak 57.37M) | Time:00:00.64 | Syncing right hakama pleat 3
Fra:1 Mem:57.37M (Peak 57.37M) | Time:00:00.64 | Syncing drawn katana blade spine
Fra:1 Mem:57.38M (Peak 57.44M) | Time:00:00.64 | Syncing bright sharpened katana edge
Fra:1 Mem:57.39M (Peak 57.75M) | Time:00:00.76 | Syncing wrapped katana grip
Fra:1 Mem:57.40M (Peak 57.75M) | Time:00:00.76 | Syncing square tsuba guard
Fra:1 Mem:57.41M (Peak 57.75M) | Time:00:00.76 | Syncing lacquered saya scabbard at left h
Fra:1 Mem:57.42M (Peak 57.75M) | Time:00:00.76 | Syncing waist sash tying armor
Fra:1 Mem:57.42M (Peak 57.75M) | Time:00:00.76 | Syncing bamboo sashimono back pole
Fra:1 Mem:57.43M (Peak 57.75M) | Time:00:00.76 | Syncing small lacquered sashimono crossba
Fra:1 Mem:57.45M (Peak 57.75M) | Time:00:00.76 | Syncing cloth sashimono banner panel
Fra:1 Mem:57.46M (Peak 57.75M) | Time:00:00.76 | Syncing simple round clan mon on banner
Fra:1 Mem:57.50M (Peak 57.75M) | Time:00:00.76 | Syncing cool key
Fra:1 Mem:57.50M (Peak 57.75M) | Time:00:00.76 | Syncing rim
Fra:1 Mem:57.50M (Peak 57.75M) | Time:00:00.76 | Syncing hero cam
Fra:1 Mem:57.50M (Peak 57.75M) | Time:00:00.76 | Syncing samurai_v2_provenance
Fra:1 Mem:57.53M (Peak 57.75M) | Time:00:00.77 | Rendering 1 / 32 samples
Fra:1 Mem:54.65M (Peak 57.75M) | Time:00:04.05 | Rendering 26 / 32 samples
Fra:1 Mem:54.65M (Peak 57.75M) | Time:00:04.52 | Rendering 32 / 32 samples
Saved: '/tmp/factoryx-v21-render/samurai-repaired-full-20-v21/uesugi-01/samurai_character_hero.png'
 Time: 00:04.74 (Saving: 00:00.13)

ERROR (bke.modifier): ./source/blender/blenkernel/intern/modifier.cc:458 BKE_modifier_set_error: Object: "crest central rivet", Modifier: "weighted normals", Enable 'Auto Smooth' in Object Data Properties
ERROR (bke.modifier): ./source/blender/blenkernel/intern/modifier.cc:458 BKE_modifier_set_error: Object: "dark iron mempo cheek mask", Modifier: "weighted normals", Enable 'Auto Smooth' in Object Data Properties
ERROR (bke.modifier): ./source/blender/blenkernel/intern/modifier.cc:458 BKE_modifier_set_error: Object: "throat guard row 1 curved lamellar plate 01", Modifier: "weighted normals", Enable 'Auto Smooth' in Object Data Properties
ERROR (bke.modifier): ./source/blender/blenkernel/intern/modifier.cc:458 BKE_modifier_set_error: Object: "throat guard row 1 curved lamellar plate 02", Modifier: "weighted normals", Enable 'Auto Smooth' in Object Data Properties
ERROR (bke.modifier): ./source/blender/blenkernel/intern/modifier.cc:458 BKE_modifier_set_error: Object: "left side helmet flange", Modifier: "weighted normals", Enable 'Auto Smooth' in Object Data Properties
ERROR (bke.modifier): ./source/blender/blenkernel/intern/modifier.cc:458 BKE_modifier_set_error: Object: "right side helmet flange", Modifier: "weighted normals", Enable 'Auto Smooth' in Object Data Properties
ERROR (bke.modifier): ./source/blender/blenkernel/intern/modifier.cc:458 BKE_modifier_set_error: Object: "throat guard row 1 curved lamellar plate 03", Modifier: "weighted normals", Enable 'Auto Smooth' in Object Data Properties
ERROR (bke.modifier): ./source/blender/blenkernel/intern/modifier.cc:458 BKE_modifier_set_error: Object: "throat guard row 1 curved lamellar plate 04", Modifier: "weighted normals", Enable 'Auto Smooth' in Object Data Properties
ERROR (bke.modifier): ./source/blender/blenkernel/intern/modifier.cc:458 BKE_modifier_set_error: Object: "rear shikoro neck guard flare", Modifier: "weighted normals", Enable 'Auto Smooth' in Object Data Properties
ERROR (bke.modifier): ./source/blender/blenkernel/intern/modifier.cc:458 BKE_modifier_set_error: Object: "throat guard row 2 curved lamellar plate 02", Modifier: "weighted normals", Enable 'Auto Smooth' in Object Data Properties
ERROR (bke.modifier): ./source/blender/blenkernel/intern/modifier.cc:458 BKE_modifier_set_error: Object: "throat guard row 2 curved lamellar plate 01", Modifier: "weighted normals", Enable 'Auto Smooth' in Object Data Properties
ERROR (bke.modifier): ./source/blender/blenkernel/intern/modifier.cc:458 BKE_modifier_set_error: Object: "throat guard row 2 curved lamellar plate 04", Modifier: "weighted normals", Enable 'Auto Smooth' in Object Data Properties
ERROR (bke.modifier): ./source/blender/blenkernel/intern/modifier.cc:458 BKE_modifier_set_error: Object: "throat guard row 1 curved lamellar plate 05", Modifier: "weighted normals", Enable 'Auto Smooth' in Object Data Properties
ERROR (bke.modifier): ./source/blender/blenkernel/intern/modifier.cc:458 BKE_modifier_set_error: Object: "throat guard row 2 curved lamellar plate 03", Modifier: "weighted normals", Enable 'Auto Smooth' in Object Data Properties
ERROR (bke.modifier): ./source/blender/blenkernel/intern/modifier.cc:458 BKE_modifier_set_error: Object: "throat guard row 3 curved lamellar plate 01", Modifier: "weighted normals", Enable 'Auto Smooth' in Object Data Properties
ERROR (bke.modifier): ./source/blender/blenkernel/intern/modifier.cc:458 BKE_modifier_set_error: Object: "throat guard row 2 curved lamellar plate 05", Modifier: "weighted normals", Enable 'Auto Smooth' in Object Data Properties
ERROR (bke.modifier): ./source/blender/blenkernel/intern/modifier.cc:458 BKE_modifier_set_error: Object: "throat guard row 3 curved lamellar plate 02", Modifier: "weighted normals", Enable 'Auto Smooth' in Object Data Properties
ERROR (bke.modifier): ./source/blender/blenkernel/intern/modifier.cc:458 BKE_modifier_set_error: Object: "wide kabuto brim", Modifier: "weighted normals", Enable 'Auto Smooth' in Object Data Properties
ERROR (bke.modifier): ./source/blender/blenkernel/intern/modifier.cc:458 BKE_modifier_set_error: Object: "throat guard row 3 curved lamellar plate 04", Modifier: "weighted normals", Enable 'Auto Smooth' in Object Data Properties
ERROR (bke.modifier): ./source/blender/blenkernel/intern/modifier.cc:458 BKE_modifier_set_error: Object: "throat guard row 3 curved lamellar plate 03", Modifier: "weighted normals", Enable 'Auto Smooth' in Object Data Properties
ERROR (bke.modifier): ./source/blender/blenkernel/intern/modifier.cc:458 BKE_modifier_set_error: Object: "throat guard row 3 curved lamellar plate 05", Modifier: "weighted normals", Enable 'Auto Smooth' in Object Data Properties
ERROR (bke.modifier): ./source/blender/blenkernel/intern/modifier.cc:458 BKE_modifier_set_error: Object: "upper do cuirass fitted shell", Modifier: "weighted normals", Enable 'Auto Smooth' in Object Data Properties
ERROR (bke.modifier): ./source/blender/blenkernel/intern/modifier.cc:458 BKE_modifier_set_error: Object: "front cuirass row 1 curved lamellar plate 02", Modifier: "weighted normals", Enable 'Auto Smooth' in Object Data Properties
ERROR (bke.modifier): ./source/blender/blenkernel/intern/modifier.cc:458 BKE_modifier_set_error: Object: "front cuirass row 1 curved lamellar plate 04", Modifier: "weighted normals", Enable 'Auto Smooth' in Object Data Properties
ERROR (bke.modifier): ./source/blender/blenkernel/intern/modifier.cc:458 BKE_modifier_set_error: Object: "front cuirass row 1 curved lamellar plate 03", Modifier: "weighted normals", Enable 'Auto Smooth' in Object Data Properties
ERROR (bke.modifier): ./source/blender/blenkernel/intern/modifier.cc:458 BKE_modifier_set_error: Object: "lower do cuirass narrowed shell", Modifier: "weighted normals", Enable 'Auto Smooth' in Object Data Properties
ERROR (bke.modifier): ./source/blender/blenkernel/intern/modifier.cc:458 BKE_modifier_set_error: Object: "front cuirass row 1 curved lamellar plate 01", Modifier: "weighted normals", Enable 'Auto Smooth' in Object Data Properties
ERROR (bke.modifier): ./source/blender/blenkernel/intern/modifier.cc:458 BKE_modifier_set_error: Object: "segmented kabuto helmet bowl", Modifier: "weighted normals", Enable 'Auto Smooth' in Object Data Properties
ERROR (bke.modifier): ./source/blender/blenkernel/intern/modifier.cc:458 BKE_modifier_set_error: Object: "front cuirass row 1 curved lamellar plate 06", Modifier: "weighted normals", Enable 'Auto Smooth' in Object Data Properties
ERROR (bke.modifier): ./source/blender/blenkernel/intern/modifier.cc:458 BKE_modifier_set_error: Object: "front cuirass row 1 curved lamellar plate 08", Modifier: "weighted normals", Enable 'Auto Smooth' in Object Data Properties
ERROR (bke.modifier): ./source/blender/blenkernel/intern/modifier.cc:458 BKE_modifier_set_error: Object: "left eye slit", Modifier: "weighted normals", Enable 'Auto Smooth' in Object Data Properties
ERROR (bke.modifier): ./source/blender/blenkernel/intern/modifier.cc:458 BKE_modifier_set_error: Object: "front cuirass row 1 curved lamellar plate 05", Modifier: "weighted normals", Enable 'Auto Smooth' in Object Data Properties
ERROR (bke.modifier): ./source/blender/blenkernel/intern/modifier.cc:458 BKE_modifier_set_error: Object: "front cuirass row 1 curved lamellar plate 07", Modifier: "weighted normals", Enable 'Auto Smooth' in Object Data Properties
ERROR (bke.modifier): ./source/blender/blenkernel/intern/modifier.cc:458 BKE_modifier_set_error: Object: "front cuirass row 1 curved lamellar plate 09", Modifier: "weighted normals", Enable 'Auto Smooth' in Object Data Properties
ERROR (bke.modifier): ./source/blender/blenkernel/intern/modifier.cc:458 BKE_modifier_set_error: Object: "mempo grim mouth slit", Modifier: "weighted normals", Enable 'Auto Smooth' in Object Data Properties
ERROR (bke.modifier): ./source/blender/blenkernel/intern/modifier.cc:458 BKE_modifier_set_error: Object: "right eye slit", Modifier: "weighted normals", Enable 'Auto Smooth' in Object Data Properties
ERROR (bke.modifier): ./source/blender/blenkernel/intern/modifier.cc:458 BKE_modifier_set_error: Object: "rear cuirass row 1 curved lamellar plate 01", Modifier: "weighted normals", Enable 'Auto Smooth' in Object Data Properties
ERROR (bke.modifier): ./source/blender/blenkernel/intern/modifier.cc:458 BKE_modifier_set_error: Object: "rear cuirass row 1 curved lamellar plate 03", Modifier: "weighted normals", Enable 'Auto Smooth' in Object Data Properties
ERROR (bke.modifier): ./source/blender/blenkernel/intern/modifier.cc:458 BKE_modifier_set_error: Object: "rear cuirass row 1 curved lamellar plate 02", Modifier: "weighted normals", Enable 'Auto Smooth' in Object Data Properties
ERROR (bke.modifier): ./source/blender/blenkernel/intern/modifier.cc:458 BKE_modifier_set_error: Object: "rear cuirass row 1 curved lamellar plate 04", Modifier: "weighted normals", Enable 'Auto Smooth' in Object Data Properties
ERROR (bke.modifier): ./source/blender/blenkernel/intern/modifier.cc:458 BKE_modifier_set_error: Object: "rear cuirass row 1 curved lamellar plate 05", Modifier: "weighted normals", Enable 'Auto Smooth' in Object Data Properties
ERROR (bke.modifier): ./source/blender/blenkernel/intern/modifier.cc:458 BKE_modifier_set_error: Object: "rear cuirass row 1 curved lamellar plate 06", Modifier: "weighted normals", Enable 'Auto Smooth' in Object Data Properties
ERROR (bke.modifier): ./source/blender/blenkernel/intern/modifier.cc:458 BKE_modifier_set_error: Object: "rear cuirass row 1 curved lamellar plate 07", Modifier: "weighted normals", Enable 'Auto Smooth' in Object Data Properties
ERROR (bke.modifier): ./source/blender/blenkernel/intern/modifier.cc:458 BKE_modifier_set_error: Object: "rear cuirass row 1 curved lamellar plate 08", Modifier: "weighted normals", Enable 'Auto Smooth' in Object Data Properties
ERROR (bke.modifier): ./source/blender/blenkernel/intern/modifier.cc:458 BKE_modifier_set_error: Object: "rear cuirass row 1 curved lamellar plate 09", Modifier: "weighted normals", Enable 'Auto Smooth' in Object Data Properties
ERROR (bke.modifier): ./source/blender/blenkernel/intern/modifier.cc:458 BKE_modifier_set_error: Object: "front cuirass row 2 curved lamellar plate 02", Modifier: "weighted normals", Enable 'Auto Smooth' in Object Data Properties
ERROR (bke.modifier): ./source/blender/blenkernel/intern/modifier.cc:458 BKE_modifier_set_error: Object: "front cuirass row 2 curved lamellar plate 01", Modifier: "weighted normals", Enable 'Auto Smooth' in Object Data Properties
ERROR (bke.modifier): ./source/blender/blenkernel/intern/modifier.cc:458 BKE_modifier_set_error: Object: "front cuirass row 2 curved lamellar plate 03", Modifier: "weighted normals", Enable 'Auto Smooth' in Object Data Properties
ERROR (bke.modifier): ./source/blender/blenkernel/intern/modifier.cc:458 BKE_modifier_set_error: Object: "front cuirass row 2 curved lamellar plate 04", Modifier: "weighted normals", Enable 'Auto Smooth' in Object Data Properties
ERROR (bke.modifier): ./source/blender/blenkernel/intern/modifier.cc:458 BKE_modifier_set_error: Object: "front cuirass row 2 curved lamellar plate 05", Modifier: "weighted normals", Enable 'Auto Smooth' in Object Data Properties
ERROR (bke.modifier): ./source/blender/blenkernel/intern/modifier.cc:458 BKE_modifier_set_error: Object: "front cuirass row 2 curved lamellar plate 06", Modifier: "weighted normals", Enable 'Auto Smooth' in Object Data Properties
ERROR (bke.modifier): ./source/blender/blenkernel/intern/modifier.cc:458 BKE_modifier_set_error: Object: "front cuirass row 2 curved lamellar plate 07", Modifier: "weighted normals", Enable 'Auto Smooth' in Object Data Properties
ERROR (bke.modifier): ./source/blender/blenkernel/intern/modifier.cc:458 BKE_modifier_set_error: Object: "rear cuirass row 2 curved lamellar plate 01", Modifier: "weighted normals", Enable 'Auto Smooth' in Object Data Properties
ERROR (bke.modifier): ./source/blender/blenkernel/intern/modifier.cc:458 BKE_modifier_set_error: Object: "front cuirass row 2 curved lamellar plate 08", Modifier: "weighted normals", Enable 'Auto Smooth' in Object Data Properties
ERROR (bke.modifier): ./source/blender/blenkernel/intern/modifier.cc:458 BKE_modifier_set_error: Object: "front cuirass row 2 curved lamellar plate 09", Modifier: "weighted normals", Enable 'Auto Smooth' in Object Data Properties
ERROR (bke.modifier): ./source/blender/blenkernel/intern/modifier.cc:458 BKE_modifier_set_error: Object: "rear cuirass row 2 curved lamellar plate 02", Modifier: "weighted normals", Enable 'Auto Smooth' in Object Data Properties
ERROR (bke.modifier): ./source/blender/blenkernel/intern/modifier.cc:458 BKE_modifier_set_error: Object: "rear cuirass row 2 curved lamellar plate 03", Modifier: "weighted normals", Enable 'Auto Smooth' in Object Data Properties
ERROR (bke.modifier): ./source/blender/blenkernel/intern/modifier.cc:458 BKE_modifier_set_error: Object: "rear cuirass row 2 curved lamellar plate 05", Modifier: "weighted normals", Enable 'Auto Smooth' in Object Data Properties
ERROR (bke.modifier): ./source/blender/blenkernel/intern/modifier.cc:458 BKE_modifier_set_error: Object: "neck guard collar", Modifier: "weighted normals", Enable 'Auto Smooth' in Object Data Properties
ERROR (bke.modifier): ./source/blender/blenkernel/intern/modifier.cc:458 BKE_modifier_set_error: Object: "rear cuirass row 2 curved lamellar plate 04", Modifier: "weighted normals", Enable 'Auto Smooth' in Object Data Properties
ERROR (bke.modifier): ./source/blender/blenkernel/intern/modifier.cc:458 BKE_modifier_set_error: Object: "rear cuirass row 2 curved lamellar plate 08", Modifier: "weighted normals", Enable 'Auto Smooth' in Object Data Properties
ERROR (bke.modifier): ./source/blender/blenkernel/intern/modifier.cc:458 BKE_modifier_set_error: Object: "rear cuirass row 2 curved lamellar plate 06", Modifier: "weighted normals", Enable 'Auto Smooth' in Object Data Properties
ERROR (bke.modifier): ./source/blender/blenkernel/intern/modifier.cc:458 BKE_modifier_set_error: Object: "front cuirass row 3 curved lamellar plate 03", Modifier: "weighted normals", Enable 'Auto Smooth' in Object Data Properties
ERROR (bke.modifier): ./source/blender/blenkernel/intern/modifier.cc:458 BKE_modifier_set_error: Object: "rear cuirass row 2 curved lamellar plate 07", Modifier: "weighted normals", Enable 'Auto Smooth' in Object Data Properties
ERROR (bke.modifier): ./source/blender/blenkernel/intern/modifier.cc:458 BKE_modifier_set_error: Object: "rear cuirass row 2 curved lamellar plate 09", Modifier: "weighted normals", Enable 'Auto Smooth' in Object Data Properties
ERROR (bke.modifier): ./source/blender/blenkernel/intern/modifier.cc:458 BKE_modifier_set_error: Object: "front cuirass row 3 curved lamellar plate 01", Modifier: "weighted normals", Enable 'Auto Smooth' in Object Data Properties
ERROR (bke.modifier): ./source/blender/blenkernel/intern/modifier.cc:458 BKE_modifier_set_error: Object: "front cuirass row 3 curved lamellar plate 02", Modifier: "weighted normals", Enable 'Auto Smooth' in Object Data Properties
ERROR (bke.modifier): ./source/blender/blenkernel/intern/modifier.cc:458 BKE_modifier_set_error: Object: "front cuirass row 3 curved lamellar plate 04", Modifier: "weighted normals", Enable 'Auto Smooth' in Object Data Properties
ERROR (bke.modifier): ./source/blender/blenkernel/intern/modifier.cc:458 BKE_modifier_set_error: Object: "front cuirass row 3 curved lamellar plate 06", Modifier: "weighted normals", Enable 'Auto Smooth' in Object Data Properties
ERROR (bke.modifier): ./source/blender/blenkernel/intern/modifier.cc:458 BKE_modifier_set_error: Object: "front cuirass row 3 curved lamellar plate 08", Modifier: "weighted normals", Enable 'Auto Smooth' in Object Data Properties
ERROR (bke.modifier): ./source/blender/blenkernel/intern/modifier.cc:458 BKE_modifier_set_error: Object: "front cuirass row 3 curved lamellar plate 05", Modifier: "weighted normals", Enable 'Auto Smooth' in Object Data Properties
ERROR (bke.modifier): ./source/blender/blenkernel/intern/modifier.cc:458 BKE_modifier_set_error: Object: "front cuirass row 3 curved lamellar plate 07", Modifier: "weighted normals", Enable 'Auto Smooth' in Object Data Properties
ERROR (bke.modifier): ./source/blender/blenkernel/intern/modifier.cc:458 BKE_modifier_set_error: Object: "thin exposed neck", Modifier: "weighted normals", Enable 'Auto Smooth' in Object Data Properties
ERROR (bke.modifier): ./source/blender/blenkernel/intern/modifier.cc:458 BKE_modifier_set_error: Object: "front cuirass row 3 curved lamellar plate 09", Modifier: "weighted normals", Enable 'Auto Smooth' in Object Data Properties
ERROR (bke.modifier): ./source/blender/blenkernel/intern/modifier.cc:458 BKE_modifier_set_error: Object: "rear cuirass row 3 curved lamellar plate 01", Modifier: "weighted normals", Enable 'Auto Smooth' in Object Data Properties
ERROR (bke.modifier): ./source/blender/blenkernel/intern/modifier.cc:458 BKE_modifier_set_error: Object: "mempo nose ridge", Modifier: "weighted normals", Enable 'Auto Smooth' in Object Data Properties
ERROR (bke.modifier): ./source/blender/blenkernel/intern/modifier.cc:458 BKE_modifier_set_error: Object: "rear cuirass row 3 curved lamellar plate 03", Modifier: "weighted normals", Enable 'Auto Smooth' in Object Data Properties
ERROR (bke.modifier): ./source/blender/blenkernel/intern/modifier.cc:458 BKE_modifier_set_error: Object: "rear cuirass row 3 curved lamellar plate 02", Modifier: "weighted normals", Enable 'Auto Smooth' in Object Data Properties
ERROR (bke.modifier): ./source/blender/blenkernel/intern/modifier.cc:458 BKE_modifier_set_error: Object: "rear cuirass row 3 curved lamellar plate 04", Modifier: "weighted normals", Enable 'Auto Smooth' in Object Data Properties
ERROR (bke.modifier): ./source/blender/blenkernel/intern/modifier.cc:458 BKE_modifier_set_error: Object: "visible human head behind mempo", Modifier: "weighted normals", Enable 'Auto Smooth' in Object Data Properties
ERROR (bke.modifier): ./source/blender/blenkernel/intern/modifier.cc:458 BKE_modifier_set_error: Object: "rear cuirass row 3 curved lamellar plate 06", Modifier: "weighted normals", Enable 'Auto Smooth' in Object Data Properties
ERROR (bke.modifier): ./source/blender/blenkernel/intern/modifier.cc:458 BKE_modifier_set_error: Object: "rear cuirass row 3 curved lamellar plate 05", Modifier: "weighted normals", Enable 'Auto Smooth' in Object Data Properties
ERROR (bke.modifier): ./source/blender/blenkernel/intern/modifier.cc:458 BKE_modifier_set_error: Object: "front cuirass row 4 curved lamellar plate 04", Modifier: "weighted normals", Enable 'Auto Smooth' in Object Data Properties
ERROR (bke.modifier): ./source/blender/blenkernel/intern/modifier.cc:458 BKE_modifier_set_error: Object: "rear cuirass row 3 curved lamellar plate 07", Modifier: "weighted normals", Enable 'Auto Smooth' in Object Data Properties
ERROR (bke.modifier): ./source/blender/blenkernel/intern/modifier.cc:458 BKE_modifier_set_error: Object: "rear cuirass row 3 curved lamellar plate 08", Modifier: "weighted normals", Enable 'Auto Smooth' in Object Data Properties
ERROR (bke.modifier): ./source/blender/blenkernel/intern/modifier.cc:458 BKE_modifier_set_error: Object: "rear cuirass row 3 curved lamellar plate 09", Modifier: "weighted normals", Enable 'Auto Smooth' in Object Data Properties
ERROR (bke.modifier): ./source/blender/blenkernel/intern/modifier.cc:458 BKE_modifier_set_error: Object: "front cuirass row 4 curved lamellar plate 02", Modifier: "weighted normals", Enable 'Auto Smooth' in Object Data Properties
ERROR (bke.modifier): ./source/blender/blenkernel/intern/modifier.cc:458 BKE_modifier_set_error: Object: "front cuirass row 4 curved lamellar plate 01", Modifier: "weighted normals", Enable 'Auto Smooth' in Object Data Properties
ERROR (bke.modifier): ./source/blender/blenkernel/intern/modifier.cc:458 BKE_modifier_set_error: Object: "front cuirass row 4 curved lamellar plate 03", Modifier: "weighted normals", Enable 'Auto Smooth' in Object Data Properties
ERROR (bke.modifier): ./source/blender/blenkernel/intern/modifier.cc:458 BKE_modifier_set_error: Object: "front cuirass row 4 curved lamellar plate 06", Modifier: "weighted normals", Enable 'Auto Smooth' in Object Data Properties
ERROR (bke.modifier): ./source/blender/blenkernel/intern/modifier.cc:458 BKE_modifier_set_error: Object: "front cuirass row 4 curved lamellar plate 05", Modifier: "weighted normals", Enable 'Auto Smooth' in Object Data Properties
ERROR (bke.modifier): ./source/blender/blenkernel/intern/modifier.cc:458 BKE_modifier_set_error: Object: "front cuirass row 4 curved lamellar plate 09", Modifier: "weighted normals", Enable 'Auto Smooth' in Object Data Properties
ERROR (bke.modifier): ./source/blender/blenkernel/intern/modifier.cc:458 BKE_modifier_set_error: Object: "rear cuirass row 4 curved lamellar plate 02", Modifier: "weighted normals", Enable 'Auto Smooth' in Object Data Properties
ERROR (bke.modifier): ./source/blender/blenkernel/intern/modifier.cc:458 BKE_modifier_set_error: Object: "front cuirass row 4 curved lamellar plate 08", Modifier: "weighted normals", Enable 'Auto Smooth' in Object Data Properties
ERROR (bke.modifier): ./source/blender/blenkernel/intern/modifier.cc:458 BKE_modifier_set_error: Object: "front cuirass row 4 curved lamellar plate 07", Modifier: "weighted normals", Enable 'Auto Smooth' in Object Data Properties
ERROR (bke.modifier): ./source/blender/blenkernel/intern/modifier.cc:458 BKE_modifier_set_error: Object: "rear cuirass row 4 curved lamellar plate 01", Modifier: "weighted normals", Enable 'Auto Smooth' in Object Data Properties
ERROR (bke.modifier): ./source/blender/blenkernel/intern/modifier.cc:458 BKE_modifier_set_error: Object: "rear cuirass row 4 curved lamellar plate 03", Modifier: "weighted normals", Enable 'Auto Smooth' in Object Data Properties
ERROR (bke.modifier): ./source/blender/blenkernel/intern/modifier.cc:458 BKE_modifier_set_error: Object: "rear cuirass row 4 curved lamellar plate 04", Modifier: "weighted normals", Enable 'Auto Smooth' in Object Data Properties
ERROR (bke.modifier): ./source/blender/blenkernel/intern/modifier.cc:458 BKE_modifier_set_error: Object: "narrow waist under-kimono volume", Modifier: "weighted normals", Enable 'Auto Smooth' in Object Data Properties
ERROR (bke.modifier): ./source/blender/blenkernel/intern/modifier.cc:458 BKE_modifier_set_error: Object: "rear cuirass row 4 curved lamellar plate 06", Modifier: "weighted normals", Enable 'Auto Smooth' in Object Data Properties
ERROR (bke.modifier): ./source/blender/blenkernel/intern/modifier.cc:458 BKE_modifier_set_error: Object: "front cuirass row 5 curved lamellar plate 04", Modifier: "weighted normals", Enable 'Auto Smooth' in Object Data Properties
ERROR (bke.modifier): ./source/blender/blenkernel/intern/modifier.cc:458 BKE_modifier_set_error: Object: "front cuirass row 5 curved lamellar plate 05", Modifier: "weighted normals", Enable 'Auto Smooth' in Object Data Properties
ERROR (bke.modifier): ./source/blender/blenkernel/intern/modifier.cc:458 BKE_modifier_set_error: Object: "front cuirass row 5 curved lamellar plate 06", Modifier: "weighted normals", Enable 'Auto Smooth' in Object Data Properties
ERROR (bke.modifier): ./source/blender/blenkernel/intern/modifier.cc:458 BKE_modifier_set_error: Object: "front cuirass row 5 curved lamellar plate 07", Modifier: "weighted normals", Enable 'Auto Smooth' in Object Data Properties
ERROR (bke.modifier): ./source/blender/blenkernel/intern/modifier.cc:458 BKE_modifier_set_error: Object: "front cuirass row 5 curved lamellar plate 08", Modifier: "weighted normals", Enable 'Auto Smooth' in Object Data Properties
ERROR (bke.modifier): ./source/blender/blenkernel/intern/modifier.cc:458 BKE_modifier_set_error: Object: "rear cuirass row 4 curved lamellar plate 09", Modifier: "weighted normals", Enable 'Auto Smooth' in Object Data Properties
ERROR (bke.modifier): ./source/blender/blenkernel/intern/modifier.cc:458 BKE_modifier_set_error: Object: "front cuirass row 5 curved lamellar plate 09", Modifier: "weighted normals", Enable 'Auto Smooth' in Object Data Properties
ERROR (bke.modifier): ./source/blender/blenkernel/intern/modifier.cc:458 BKE_modifier_set_error: Object: "front cuirass row 5 curved lamellar plate 01", Modifier: "weighted normals", Enable 'Auto Smooth' in Object Data Properties
ERROR (bke.modifier): ./source/blender/blenkernel/intern/modifier.cc:458 BKE_modifier_set_error: Object: "rear cuirass row 5 curved lamellar plate 01", Modifier: "weighted normals", Enable 'Auto Smooth' in Object Data Properties
ERROR (bke.modifier): ./source/blender/blenkernel/intern/modifier.cc:458 BKE_modifier_set_error: Object: "rear cuirass row 5 curved lamellar plate 03", Modifier: "weighted normals", Enable 'Auto Smooth' in Object Data Properties
ERROR (bke.modifier): ./source/blender/blenkernel/intern/modifier.cc:458 BKE_modifier_set_error: Object: "rear cuirass row 5 curved lamellar plate 02", Modifier: "weighted normals", Enable 'Auto Smooth' in Object Data Properties
ERROR (bke.modifier): ./source/blender/blenkernel/intern/modifier.cc:458 BKE_modifier_set_error: Object: "front cuirass row 5 curved lamellar plate 02", Modifier: "weighted normals", Enable 'Auto Smooth' in Object Data Properties
ERROR (bke.modifier): ./source/blender/blenkernel/intern/modifier.cc:458 BKE_modifier_set_error: Object: "rear cuirass row 4 curved lamellar plate 07", Modifier: "weighted normals", Enable 'Auto Smooth' in Object Data Properties
ERROR (bke.modifier): ./source/blender/blenkernel/intern/modifier.cc:458 BKE_modifier_set_error: Object: "rear cuirass row 5 curved lamellar plate 05", Modifier: "weighted normals", Enable 'Auto Smooth' in Object Data Properties
ERROR (bke.modifier): ./source/blender/blenkernel/intern/modifier.cc:458 BKE_modifier_set_error: Object: "rear cuirass row 4 curved lamellar plate 05", Modifier: "weighted normals", Enable 'Auto Smooth' in Object Data Properties
ERROR (bke.modifier): ./source/blender/blenkernel/intern/modifier.cc:458 BKE_modifier_set_error: Object: "rear cuirass row 5 curved lamellar plate 04", Modifier: "weighted normals", Enable 'Auto Smooth' in Object Data Properties
ERROR (bke.modifier): ./source/blender/blenkernel/intern/modifier.cc:458 BKE_modifier_set_error: Object: "rear cuirass row 4 curved lamellar plate 08", Modifier: "weighted normals", Enable 'Auto Smooth' in Object Data Properties
ERROR (bke.modifier): ./source/blender/blenkernel/intern/modifier.cc:458 BKE_modifier_set_error: Object: "front cuirass row 5 curved lamellar plate 03", Modifier: "weighted normals", Enable 'Auto Smooth' in Object Data Properties
ERROR (bke.modifier): ./source/blender/blenkernel/intern/modifier.cc:458 BKE_modifier_set_error: Object: "rear cuirass row 5 curved lamellar plate 08", Modifier: "weighted normals", Enable 'Auto Smooth' in Object Data Properties
ERROR (bke.modifier): ./source/blender/blenkernel/intern/modifier.cc:458 BKE_modifier_set_error: Object: "ribcage under-kimono volume", Modifier: "weighted normals", Enable 'Auto Smooth' in Object Data Properties
ERROR (bke.modifier): ./source/blender/blenkernel/intern/modifier.cc:458 BKE_modifier_set_error: Object: "rear cuirass row 5 curved lamellar plate 06", Modifier: "weighted normals", Enable 'Auto Smooth' in Object Data Properties
ERROR (bke.modifier): ./source/blender/blenkernel/intern/modifier.cc:458 BKE_modifier_set_error: Object: "rear cuirass row 5 curved lamellar plate 07", Modifier: "weighted normals", Enable 'Auto Smooth' in Object Data Properties
ERROR (bke.modifier): ./source/blender/blenkernel/intern/modifier.cc:458 BKE_modifier_set_error: Object: "rear cuirass row 5 curved lamellar plate 09", Modifier: "weighted normals", Enable 'Auto Smooth' in Object Data Properties
ERROR (bke.modifier): ./source/blender/blenkernel/intern/modifier.cc:458 BKE_modifier_set_error: Object: "left shoulder undercloth", Modifier: "weighted normals", Enable 'Auto Smooth' in Object Data Properties
ERROR (bke.modifier): ./source/blender/blenkernel/intern/modifier.cc:458 BKE_modifier_set_error: Object: "left armored upper arm", Modifier: "weighted normals", Enable 'Auto Smooth' in Object Data Properties
ERROR (bke.modifier): ./source/blender/blenkernel/intern/modifier.cc:458 BKE_modifier_set_error: Object: "left sode shoulder armor", Modifier: "weighted normals", Enable 'Auto Smooth' in Object Data Properties
ERROR (bke.modifier): ./source/blender/blenkernel/intern/modifier.cc:458 BKE_modifier_set_error: Object: "left kote forearm guard", Modifier: "weighted normals", Enable 'Auto Smooth' in Object Data Properties
ERROR (bke.modifier): ./source/blender/blenkernel/intern/modifier.cc:458 BKE_modifier_set_error: Object: "left leather palm volume", Modifier: "weighted normals", Enable 'Auto Smooth' in Object Data Properties
ERROR (bke.modifier): ./source/blender/blenkernel/intern/modifier.cc:458 BKE_modifier_set_error: Object: "left index fingertip", Modifier: "weighted normals", Enable 'Auto Smooth' in Object Data Properties
ERROR (bke.modifier): ./source/blender/blenkernel/intern/modifier.cc:458 BKE_modifier_set_error: Object: "left middle fingertip", Modifier: "weighted normals", Enable 'Auto Smooth' in Object Data Properties
ERROR (bke.modifier): ./source/blender/blenkernel/intern/modifier.cc:458 BKE_modifier_set_error: Object: "left ring fingertip", Modifier: "weighted normals", Enable 'Auto Smooth' in Object Data Properties
ERROR (bke.modifier): ./source/blender/blenkernel/intern/modifier.cc:458 BKE_modifier_set_error: Object: "left pinky fingertip", Modifier: "weighted normals", Enable 'Auto Smooth' in Object Data Properties
ERROR (bke.modifier): ./source/blender/blenkernel/intern/modifier.cc:458 BKE_modifier_set_error: Object: "left thumb fingertip", Modifier: "weighted normals", Enable 'Auto Smooth' in Object Data Properties
ERROR (bke.modifier): ./source/blender/blenkernel/intern/modifier.cc:458 BKE_modifier_set_error: Object: "right shoulder undercloth", Modifier: "weighted normals", Enable 'Auto Smooth' in Object Data Properties
ERROR (bke.modifier): ./source/blender/blenkernel/intern/modifier.cc:458 BKE_modifier_set_error: Object: "left sode shoulder plate 3", Modifier: "weighted normals", Enable 'Auto Smooth' in Object Data Properties
ERROR (bke.modifier): ./source/blender/blenkernel/intern/modifier.cc:458 BKE_modifier_set_error: Object: "left side cuirass plate 1", Modifier: "weighted normals", Enable 'Auto Smooth' in Object Data Properties
ERROR (bke.modifier): ./source/blender/blenkernel/intern/modifier.cc:458 BKE_modifier_set_error: Object: "left sode shoulder plate 1", Modifier: "weighted normals", Enable 'Auto Smooth' in Object Data Properties
ERROR (bke.modifier): ./source/blender/blenkernel/intern/modifier.cc:458 BKE_modifier_set_error: Object: "left side cuirass plate 3", Modifier: "weighted normals", Enable 'Auto Smooth' in Object Data Properties
ERROR (bke.modifier): ./source/blender/blenkernel/intern/modifier.cc:458 BKE_modifier_set_error: Object: "right side cuirass plate 3", Modifier: "weighted normals", Enable 'Auto Smooth' in Object Data Properties
ERROR (bke.modifier): ./source/blender/blenkernel/intern/modifier.cc:458 BKE_modifier_set_error: Object: "matte charcoal inspection plinth", Modifier: "weighted normals", Enable 'Auto Smooth' in Object Data Properties
ERROR (bke.modifier): ./source/blender/blenkernel/intern/modifier.cc:458 BKE_modifier_set_error: Object: "right armored upper arm", Modifier: "weighted normals", Enable 'Auto Smooth' in Object Data Properties
ERROR (bke.modifier): ./source/blender/blenkernel/intern/modifier.cc:458 BKE_modifier_set_error: Object: "right sode shoulder armor", Modifier: "weighted normals", Enable 'Auto Smooth' in Object Data Properties
ERROR (bke.modifier): ./source/blender/blenkernel/intern/modifier.cc:458 BKE_modifier_set_error: Object: "left side cuirass plate 2", Modifier: "weighted normals", Enable 'Auto Smooth' in Object Data Properties
ERROR (bke.modifier): ./source/blender/blenkernel/intern/modifier.cc:458 BKE_modifier_set_error: Object: "right kote forearm guard", Modifier: "weighted normals", Enable 'Auto Smooth' in Object Data Properties
ERROR (bke.modifier): ./source/blender/blenkernel/intern/modifier.cc:458 BKE_modifier_set_error: Object: "right leather palm volume", Modifier: "weighted normals", Enable 'Auto Smooth' in Object Data Properties
ERROR (bke.modifier): ./source/blender/blenkernel/intern/modifier.cc:458 BKE_modifier_set_error: Object: "right index fingertip", Modifier: "weighted normals", Enable 'Auto Smooth' in Object Data Properties
ERROR (bke.modifier): ./source/blender/blenkernel/intern/modifier.cc:458 BKE_modifier_set_error: Object: "left sode shoulder plate 4", Modifier: "weighted normals", Enable 'Auto Smooth' in Object Data Properties
ERROR (bke.modifier): ./source/blender/blenkernel/intern/modifier.cc:458 BKE_modifier_set_error: Object: "right side cuirass plate 1", Modifier: "weighted normals", Enable 'Auto Smooth' in Object Data Properties
ERROR (bke.modifier): ./source/blender/blenkernel/intern/modifier.cc:458 BKE_modifier_set_error: Object: "simple round clan mon on banner", Modifier: "weighted normals", Enable 'Auto Smooth' in Object Data Properties
ERROR (bke.modifier): ./source/blender/blenkernel/intern/modifier.cc:458 BKE_modifier_set_error: Object: "right middle fingertip", Modifier: "weighted normals", Enable 'Auto Smooth' in Object Data Properties
ERROR (bke.modifier): ./source/blender/blenkernel/intern/modifier.cc:458 BKE_modifier_set_error: Object: "right ring fingertip", Modifier: "weighted normals", Enable 'Auto Smooth' in Object Data Properties
ERROR (bke.modifier): ./source/blender/blenkernel/intern/modifier.cc:458 BKE_modifier_set_error: Object: "right thumb fingertip", Modifier: "weighted normals", Enable 'Auto Smooth' in Object Data Properties
ERROR (bke.modifier): ./source/blender/blenkernel/intern/modifier.cc:458 BKE_modifier_set_error: Object: "right pinky fingertip", Modifier: "weighted normals", Enable 'Auto Smooth' in Object Data Properties
ERROR (bke.modifier): ./source/blender/blenkernel/intern/modifier.cc:458 BKE_modifier_set_error: Object: "right sode shoulder plate 2", Modifier: "weighted normals", Enable 'Auto Smooth' in Object Data Properties
ERROR (bke.modifier): ./source/blender/blenkernel/intern/modifier.cc:458 BKE_modifier_set_error: Object: "right side cuirass plate 2", Modifier: "weighted normals", Enable 'Auto Smooth' in Object Data Properties
ERROR (bke.modifier): ./source/blender/blenkernel/intern/modifier.cc:458 BKE_modifier_set_error: Object: "left sode shoulder plate 2", Modifier: "weighted normals", Enable 'Auto Smooth' in Object Data Properties
ERROR (bke.modifier): ./source/blender/blenkernel/intern/modifier.cc:458 BKE_modifier_set_error: Object: "right sode shoulder plate 3", Modifier: "weighted normals", Enable 'Auto Smooth' in Object Data Properties
ERROR (bke.modifier): ./source/blender/blenkernel/intern/modifier.cc:458 BKE_modifier_set_error: Object: "right sode shoulder plate 4", Modifier: "weighted normals", Enable 'Auto Smooth' in Object Data Properties
ERROR (bke.modifier): ./source/blender/blenkernel/intern/modifier.cc:458 BKE_modifier_set_error: Object: "kusazuri skirt plate -1 row 2", Modifier: "weighted normals", Enable 'Auto Smooth' in Object Data Properties
ERROR (bke.modifier): ./source/blender/blenkernel/intern/modifier.cc:458 BKE_modifier_set_error: Object: "right sode shoulder plate 1", Modifier: "weighted normals", Enable 'Auto Smooth' in Object Data Properties
ERROR (bke.modifier): ./source/blender/blenkernel/intern/modifier.cc:458 BKE_modifier_set_error: Object: "kusazuri skirt plate -1 row 1", Modifier: "weighted normals", Enable 'Auto Smooth' in Object Data Properties
ERROR (bke.modifier): ./source/blender/blenkernel/intern/modifier.cc:458 BKE_modifier_set_error: Object: "rear kusazuri skirt plate +0 row 2", Modifier: "weighted normals", Enable 'Auto Smooth' in Object Data Properties
ERROR (bke.modifier): ./source/blender/blenkernel/intern/modifier.cc:458 BKE_modifier_set_error: Object: "cloth sashimono banner panel", Modifier: "weighted normals", Enable 'Auto Smooth' in Object Data Properties
ERROR (bke.modifier): ./source/blender/blenkernel/intern/modifier.cc:458 BKE_modifier_set_error: Object: "rear kusazuri skirt plate -1 row 1", Modifier: "weighted normals", Enable 'Auto Smooth' in Object Data Properties
ERROR (bke.modifier): ./source/blender/blenkernel/intern/modifier.cc:458 BKE_modifier_set_error: Object: "rear kusazuri skirt plate -1 row 3", Modifier: "weighted normals", Enable 'Auto Smooth' in Object Data Properties
ERROR (bke.modifier): ./source/blender/blenkernel/intern/modifier.cc:458 BKE_modifier_set_error: Object: "rear kusazuri skirt plate +0 row 1", Modifier: "weighted normals", Enable 'Auto Smooth' in Object Data Properties
ERROR (bke.modifier): ./source/blender/blenkernel/intern/modifier.cc:458 BKE_modifier_set_error: Object: "kusazuri skirt plate -1 row 3", Modifier: "weighted normals", Enable 'Auto Smooth' in Object Data Properties
ERROR (bke.modifier): ./source/blender/blenkernel/intern/modifier.cc:458 BKE_modifier_set_error: Object: "kusazuri skirt plate +0 row 1", Modifier: "weighted normals", Enable 'Auto Smooth' in Object Data Properties
ERROR (bke.modifier): ./source/blender/blenkernel/intern/modifier.cc:458 BKE_modifier_set_error: Object: "rear kusazuri skirt plate -1 row 2", Modifier: "weighted normals", Enable 'Auto Smooth' in Object Data Properties
ERROR (bke.modifier): ./source/blender/blenkernel/intern/modifier.cc:458 BKE_modifier_set_error: Object: "kusazuri skirt plate +1 row 2", Modifier: "weighted normals", Enable 'Auto Smooth' in Object Data Properties
ERROR (bke.modifier): ./source/blender/blenkernel/intern/modifier.cc:458 BKE_modifier_set_error: Object: "left shin greave", Modifier: "weighted normals", Enable 'Auto Smooth' in Object Data Properties
ERROR (bke.modifier): ./source/blender/blenkernel/intern/modifier.cc:458 BKE_modifier_set_error: Object: "left hakama trouser leg", Modifier: "weighted normals", Enable 'Auto Smooth' in Object Data Properties
ERROR (bke.modifier): ./source/blender/blenkernel/intern/modifier.cc:458 BKE_modifier_set_error: Object: "left split-toe tabi foot volume", Modifier: "weighted normals", Enable 'Auto Smooth' in Object Data Properties
ERROR (bke.modifier): ./source/blender/blenkernel/intern/modifier.cc:458 BKE_modifier_set_error: Object: "left separated big toe", Modifier: "weighted normals", Enable 'Auto Smooth' in Object Data Properties
ERROR (bke.modifier): ./source/blender/blenkernel/intern/modifier.cc:458 BKE_modifier_set_error: Object: "kusazuri skirt plate +0 row 2", Modifier: "weighted normals", Enable 'Auto Smooth' in Object Data Properties
ERROR (bke.modifier): ./source/blender/blenkernel/intern/modifier.cc:458 BKE_modifier_set_error: Object: "left outer toe group", Modifier: "weighted normals", Enable 'Auto Smooth' in Object Data Properties
ERROR (bke.modifier): ./source/blender/blenkernel/intern/modifier.cc:458 BKE_modifier_set_error: Object: "right hakama trouser leg", Modifier: "weighted normals", Enable 'Auto Smooth' in Object Data Properties
ERROR (bke.modifier): ./source/blender/blenkernel/intern/modifier.cc:458 BKE_modifier_set_error: Object: "right shin greave", Modifier: "weighted normals", Enable 'Auto Smooth' in Object Data Properties
ERROR (bke.modifier): ./source/blender/blenkernel/intern/modifier.cc:458 BKE_modifier_set_error: Object: "rear kusazuri skirt plate +1 row 1", Modifier: "weighted normals", Enable 'Auto Smooth' in Object Data Properties
ERROR (bke.modifier): ./source/blender/blenkernel/intern/modifier.cc:458 BKE_modifier_set_error: Object: "small lacquered sashimono crossbar", Modifier: "weighted normals", Enable 'Auto Smooth' in Object Data Properties
ERROR (bke.modifier): ./source/blender/blenkernel/intern/modifier.cc:458 BKE_modifier_set_error: Object: "right split-toe tabi foot volume", Modifier: "weighted normals", Enable 'Auto Smooth' in Object Data Properties
ERROR (bke.modifier): ./source/blender/blenkernel/intern/modifier.cc:458 BKE_modifier_set_error: Object: "rear kusazuri skirt plate +0 row 3", Modifier: "weighted normals", Enable 'Auto Smooth' in Object Data Properties
ERROR (bke.modifier): ./source/blender/blenkernel/intern/modifier.cc:458 BKE_modifier_set_error: Object: "right separated big toe", Modifier: "weighted normals", Enable 'Auto Smooth' in Object Data Properties
ERROR (bke.modifier): ./source/blender/blenkernel/intern/modifier.cc:458 BKE_modifier_set_error: Object: "rear kusazuri skirt plate +1 row 3", Modifier: "weighted normals", Enable 'Auto Smooth' in Object Data Properties
ERROR (bke.modifier): ./source/blender/blenkernel/intern/modifier.cc:458 BKE_modifier_set_error: Object: "kusazuri skirt plate +0 row 3", Modifier: "weighted normals", Enable 'Auto Smooth' in Object Data Properties
ERROR (bke.modifier): ./source/blender/blenkernel/intern/modifier.cc:458 BKE_modifier_set_error: Object: "right outer toe group", Modifier: "weighted normals", Enable 'Auto Smooth' in Object Data Properties
ERROR (bke.modifier): ./source/blender/blenkernel/intern/modifier.cc:458 BKE_modifier_set_error: Object: "wrapped katana grip", Modifier: "weighted normals", Enable 'Auto Smooth' in Object Data Properties
ERROR (bke.modifier): ./source/blender/blenkernel/intern/modifier.cc:458 BKE_modifier_set_error: Object: "kusazuri skirt plate +1 row 1", Modifier: "weighted normals", Enable 'Auto Smooth' in Object Data Properties
ERROR (bke.modifier): ./source/blender/blenkernel/intern/modifier.cc:458 BKE_modifier_set_error: Object: "kusazuri skirt plate +1 row 3", Modifier: "weighted normals", Enable 'Auto Smooth' in Object Data Properties
ERROR (bke.modifier): ./source/blender/blenkernel/intern/modifier.cc:458 BKE_modifier_set_error: Object: "rear kusazuri skirt plate +1 row 2", Modifier: "weighted normals", Enable 'Auto Smooth' in Object Data Properties
ERROR (bke.modifier): ./source/blender/blenkernel/intern/modifier.cc:458 BKE_modifier_set_error: Object: "left woven waraji sole grounded", Modifier: "weighted normals", Enable 'Auto Smooth' in Object Data Properties
ERROR (bke.modifier): ./source/blender/blenkernel/intern/modifier.cc:458 BKE_modifier_set_error: Object: "right woven waraji sole grounded", Modifier: "weighted normals", Enable 'Auto Smooth' in Object Data Properties
ERROR (bke.modifier): ./source/blender/blenkernel/intern/modifier.cc:458 BKE_modifier_set_error: Object: "square tsuba guard", Modifier: "weighted normals", Enable 'Auto Smooth' in Object Data Properties
Fra:1 Mem:52.29M (Peak 52.32M) | Time:00:00.05 | Syncing matte charcoal inspection plinth
Fra:1 Mem:52.31M (Peak 52.35M) | Time:00:00.05 | Syncing ribcage under-kimono volume
Fra:1 Mem:52.40M (Peak 52.40M) | Time:00:00.05 | Syncing narrow waist under-kimono volume
Fra:1 Mem:52.47M (Peak 52.47M) | Time:00:00.05 | Syncing visible human head behind mempo
Fra:1 Mem:52.56M (Peak 52.56M) | Time:00:00.05 | Syncing thin exposed neck
Fra:1 Mem:52.57M (Peak 52.57M) | Time:00:00.05 | Syncing neck guard collar
Fra:1 Mem:52.58M (Peak 52.63M) | Time:00:00.05 | Syncing segmented kabuto helmet bowl
Fra:1 Mem:52.75M (Peak 52.76M) | Time:00:00.05 | Syncing wide kabuto brim
Fra:1 Mem:52.78M (Peak 52.78M) | Time:00:00.05 | Syncing rear shikoro neck guard flare
Fra:1 Mem:52.80M (Peak 52.80M) | Time:00:00.05 | Syncing left side helmet flange
Fra:1 Mem:52.81M (Peak 52.81M) | Time:00:00.05 | Syncing right side helmet flange
Fra:1 Mem:52.82M (Peak 52.82M) | Time:00:00.05 | Syncing golden maedate crescent crest
Fra:1 Mem:52.84M (Peak 52.89M) | Time:00:00.05 | Syncing crest central rivet
Fra:1 Mem:52.85M (Peak 52.89M) | Time:00:00.05 | Syncing dark iron mempo cheek mask
Fra:1 Mem:52.94M (Peak 52.94M) | Time:00:00.05 | Syncing mempo nose ridge
Fra:1 Mem:52.95M (Peak 52.95M) | Time:00:00.05 | Syncing left eye slit
Fra:1 Mem:52.97M (Peak 52.97M) | Time:00:00.05 | Syncing right eye slit
Fra:1 Mem:52.98M (Peak 52.98M) | Time:00:00.05 | Syncing mempo grim mouth slit
Fra:1 Mem:52.99M (Peak 52.99M) | Time:00:00.06 | Syncing left mask moustache bristle
Fra:1 Mem:53.00M (Peak 53.00M) | Time:00:00.06 | Syncing right mask moustache bristle
Fra:1 Mem:53.01M (Peak 53.01M) | Time:00:00.06 | Syncing throat guard row 1 curved lamella
Fra:1 Mem:53.03M (Peak 53.03M) | Time:00:00.06 | Syncing throat guard row 1 curved lamella
Fra:1 Mem:53.06M (Peak 53.06M) | Time:00:00.06 | Syncing throat guard row 1 curved lamella
Fra:1 Mem:53.08M (Peak 53.08M) | Time:00:00.06 | Syncing throat guard row 1 curved lamella
Fra:1 Mem:53.10M (Peak 53.10M) | Time:00:00.06 | Syncing throat guard row 1 curved lamella
Fra:1 Mem:53.13M (Peak 53.13M) | Time:00:00.06 | Syncing throat guard row 2 curved lamella
Fra:1 Mem:53.15M (Peak 53.15M) | Time:00:00.06 | Syncing throat guard row 2 curved lamella
Fra:1 Mem:53.18M (Peak 53.18M) | Time:00:00.06 | Syncing throat guard row 2 curved lamella
Fra:1 Mem:53.20M (Peak 53.20M) | Time:00:00.06 | Syncing throat guard row 2 curved lamella
Fra:1 Mem:53.22M (Peak 53.22M) | Time:00:00.06 | Syncing throat guard row 2 curved lamella
Fra:1 Mem:53.25M (Peak 53.25M) | Time:00:00.06 | Syncing throat guard row 3 curved lamella
Fra:1 Mem:53.27M (Peak 53.27M) | Time:00:00.06 | Syncing throat guard row 3 curved lamella
Fra:1 Mem:53.30M (Peak 53.30M) | Time:00:00.06 | Syncing throat guard row 3 curved lamella
Fra:1 Mem:53.32M (Peak 53.32M) | Time:00:00.06 | Syncing throat guard row 3 curved lamella
Fra:1 Mem:53.34M (Peak 53.34M) | Time:00:00.06 | Syncing throat guard row 3 curved lamella
Fra:1 Mem:53.37M (Peak 53.37M) | Time:00:00.06 | Syncing upper do cuirass fitted shell
Fra:1 Mem:53.47M (Peak 53.47M) | Time:00:00.06 | Syncing lower do cuirass narrowed shell
Fra:1 Mem:53.55M (Peak 53.55M) | Time:00:00.06 | Syncing front cuirass row 1 curved lamell
Fra:1 Mem:53.58M (Peak 53.58M) | Time:00:00.06 | Syncing front cuirass row 1 curved lamell
Fra:1 Mem:53.60M (Peak 53.60M) | Time:00:00.06 | Syncing front cuirass row 1 curved lamell
Fra:1 Mem:53.63M (Peak 53.63M) | Time:00:00.06 | Syncing front cuirass row 1 curved lamell
Fra:1 Mem:53.65M (Peak 53.65M) | Time:00:00.06 | Syncing front cuirass row 1 curved lamell
Fra:1 Mem:53.67M (Peak 53.67M) | Time:00:00.06 | Syncing front cuirass row 1 curved lamell
Fra:1 Mem:53.70M (Peak 53.70M) | Time:00:00.06 | Syncing front cuirass row 1 curved lamell
Fra:1 Mem:53.72M (Peak 53.72M) | Time:00:00.06 | Syncing front cuirass row 1 curved lamell
Fra:1 Mem:53.75M (Peak 53.75M) | Time:00:00.06 | Syncing front cuirass row 1 curved lamell
Fra:1 Mem:53.77M (Peak 53.77M) | Time:00:00.06 | Syncing rear cuirass row 1 curved lamella
Fra:1 Mem:53.79M (Peak 53.79M) | Time:00:00.06 | Syncing rear cuirass row 1 curved lamella
Fra:1 Mem:53.82M (Peak 53.82M) | Time:00:00.06 | Syncing rear cuirass row 1 curved lamella
Fra:1 Mem:53.84M (Peak 53.84M) | Time:00:00.06 | Syncing rear cuirass row 1 curved lamella
Fra:1 Mem:53.87M (Peak 53.87M) | Time:00:00.06 | Syncing rear cuirass row 1 curved lamella
Fra:1 Mem:53.89M (Peak 53.89M) | Time:00:00.06 | Syncing rear cuirass row 1 curved lamella
Fra:1 Mem:53.91M (Peak 53.91M) | Time:00:00.06 | Syncing rear cuirass row 1 curved lamella
Fra:1 Mem:53.94M (Peak 53.94M) | Time:00:00.06 | Syncing rear cuirass row 1 curved lamella
Fra:1 Mem:53.96M (Peak 53.96M) | Time:00:00.06 | Syncing rear cuirass row 1 curved lamella
Fra:1 Mem:53.98M (Peak 53.98M) | Time:00:00.06 | Syncing front cuirass row 2 curved lamell
Fra:1 Mem:54.01M (Peak 54.01M) | Time:00:00.06 | Syncing front cuirass row 2 curved lamell
Fra:1 Mem:54.03M (Peak 54.03M) | Time:00:00.06 | Syncing front cuirass row 2 curved lamell
Fra:1 Mem:54.06M (Peak 54.06M) | Time:00:00.06 | Syncing front cuirass row 2 curved lamell
Fra:1 Mem:54.08M (Peak 54.08M) | Time:00:00.06 | Syncing front cuirass row 2 curved lamell
Fra:1 Mem:54.10M (Peak 54.10M) | Time:00:00.06 | Syncing front cuirass row 2 curved lamell
Fra:1 Mem:54.13M (Peak 54.13M) | Time:00:00.06 | Syncing front cuirass row 2 curved lamell
Fra:1 Mem:54.15M (Peak 54.15M) | Time:00:00.06 | Syncing front cuirass row 2 curved lamell
Fra:1 Mem:54.18M (Peak 54.18M) | Time:00:00.06 | Syncing front cuirass row 2 curved lamell
Fra:1 Mem:54.20M (Peak 54.20M) | Time:00:00.06 | Syncing rear cuirass row 2 curved lamella
Fra:1 Mem:54.23M (Peak 54.23M) | Time:00:00.06 | Syncing rear cuirass row 2 curved lamella
Fra:1 Mem:54.25M (Peak 54.25M) | Time:00:00.06 | Syncing rear cuirass row 2 curved lamella
Fra:1 Mem:54.27M (Peak 54.27M) | Time:00:00.06 | Syncing rear cuirass row 2 curved lamella
Fra:1 Mem:54.30M (Peak 54.30M) | Time:00:00.06 | Syncing rear cuirass row 2 curved lamella
Fra:1 Mem:54.32M (Peak 54.32M) | Time:00:00.06 | Syncing rear cuirass row 2 curved lamella
Fra:1 Mem:54.35M (Peak 54.35M) | Time:00:00.06 | Syncing rear cuirass row 2 curved lamella
Fra:1 Mem:54.37M (Peak 54.37M) | Time:00:00.06 | Syncing rear cuirass row 2 curved lamella
Fra:1 Mem:54.39M (Peak 54.39M) | Time:00:00.06 | Syncing rear cuirass row 2 curved lamella
Fra:1 Mem:54.42M (Peak 54.42M) | Time:00:00.06 | Syncing front cuirass row 3 curved lamell
Fra:1 Mem:54.44M (Peak 54.44M) | Time:00:00.06 | Syncing front cuirass row 3 curved lamell
Fra:1 Mem:54.47M (Peak 54.47M) | Time:00:00.06 | Syncing front cuirass row 3 curved lamell
Fra:1 Mem:54.49M (Peak 54.49M) | Time:00:00.06 | Syncing front cuirass row 3 curved lamell
Fra:1 Mem:54.51M (Peak 54.51M) | Time:00:00.06 | Syncing front cuirass row 3 curved lamell
Fra:1 Mem:54.54M (Peak 54.54M) | Time:00:00.06 | Syncing front cuirass row 3 curved lamell
Fra:1 Mem:54.56M (Peak 54.56M) | Time:00:00.06 | Syncing front cuirass row 3 curved lamell
Fra:1 Mem:54.59M (Peak 54.59M) | Time:00:00.06 | Syncing front cuirass row 3 curved lamell
Fra:1 Mem:54.61M (Peak 54.61M) | Time:00:00.06 | Syncing front cuirass row 3 curved lamell
Fra:1 Mem:54.63M (Peak 54.63M) | Time:00:00.06 | Syncing rear cuirass row 3 curved lamella
Fra:1 Mem:54.66M (Peak 54.66M) | Time:00:00.06 | Syncing rear cuirass row 3 curved lamella
Fra:1 Mem:54.68M (Peak 54.68M) | Time:00:00.06 | Syncing rear cuirass row 3 curved lamella
Fra:1 Mem:54.71M (Peak 54.71M) | Time:00:00.06 | Syncing rear cuirass row 3 curved lamella
Fra:1 Mem:54.73M (Peak 54.73M) | Time:00:00.06 | Syncing rear cuirass row 3 curved lamella
Fra:1 Mem:54.75M (Peak 54.75M) | Time:00:00.06 | Syncing rear cuirass row 3 curved lamella
Fra:1 Mem:54.78M (Peak 54.78M) | Time:00:00.06 | Syncing rear cuirass row 3 curved lamella
Fra:1 Mem:54.80M (Peak 54.80M) | Time:00:00.06 | Syncing rear cuirass row 3 curved lamella
Fra:1 Mem:54.83M (Peak 54.83M) | Time:00:00.07 | Syncing rear cuirass row 3 curved lamella
Fra:1 Mem:54.85M (Peak 54.85M) | Time:00:00.07 | Syncing front cuirass row 4 curved lamell
Fra:1 Mem:54.87M (Peak 54.87M) | Time:00:00.07 | Syncing front cuirass row 4 curved lamell
Fra:1 Mem:54.90M (Peak 54.90M) | Time:00:00.07 | Syncing front cuirass row 4 curved lamell
Fra:1 Mem:54.92M (Peak 54.92M) | Time:00:00.07 | Syncing front cuirass row 4 curved lamell
Fra:1 Mem:54.95M (Peak 54.95M) | Time:00:00.07 | Syncing front cuirass row 4 curved lamell
Fra:1 Mem:54.97M (Peak 54.97M) | Time:00:00.07 | Syncing front cuirass row 4 curved lamell
Fra:1 Mem:54.99M (Peak 54.99M) | Time:00:00.07 | Syncing front cuirass row 4 curved lamell
Fra:1 Mem:55.02M (Peak 55.02M) | Time:00:00.07 | Syncing front cuirass row 4 curved lamell
Fra:1 Mem:55.04M (Peak 55.04M) | Time:00:00.07 | Syncing front cuirass row 4 curved lamell
Fra:1 Mem:55.07M (Peak 55.07M) | Time:00:00.07 | Syncing rear cuirass row 4 curved lamella
Fra:1 Mem:55.09M (Peak 55.09M) | Time:00:00.07 | Syncing rear cuirass row 4 curved lamella
Fra:1 Mem:55.11M (Peak 55.11M) | Time:00:00.07 | Syncing rear cuirass row 4 curved lamella
Fra:1 Mem:55.14M (Peak 55.14M) | Time:00:00.07 | Syncing rear cuirass row 4 curved lamella
Fra:1 Mem:55.16M (Peak 55.16M) | Time:00:00.07 | Syncing rear cuirass row 4 curved lamella
Fra:1 Mem:55.19M (Peak 55.19M) | Time:00:00.07 | Syncing rear cuirass row 4 curved lamella
Fra:1 Mem:55.21M (Peak 55.21M) | Time:00:00.07 | Syncing rear cuirass row 4 curved lamella
Fra:1 Mem:55.23M (Peak 55.23M) | Time:00:00.07 | Syncing rear cuirass row 4 curved lamella
Fra:1 Mem:55.26M (Peak 55.26M) | Time:00:00.07 | Syncing rear cuirass row 4 curved lamella
Fra:1 Mem:55.28M (Peak 55.28M) | Time:00:00.07 | Syncing front cuirass row 5 curved lamell
Fra:1 Mem:55.31M (Peak 55.31M) | Time:00:00.07 | Syncing front cuirass row 5 curved lamell
Fra:1 Mem:55.33M (Peak 55.33M) | Time:00:00.07 | Syncing front cuirass row 5 curved lamell
Fra:1 Mem:55.35M (Peak 55.35M) | Time:00:00.07 | Syncing front cuirass row 5 curved lamell
Fra:1 Mem:55.38M (Peak 55.38M) | Time:00:00.07 | Syncing front cuirass row 5 curved lamell
Fra:1 Mem:55.40M (Peak 55.40M) | Time:00:00.07 | Syncing front cuirass row 5 curved lamell
Fra:1 Mem:55.43M (Peak 55.43M) | Time:00:00.07 | Syncing front cuirass row 5 curved lamell
Fra:1 Mem:55.45M (Peak 55.45M) | Time:00:00.07 | Syncing front cuirass row 5 curved lamell
Fra:1 Mem:55.47M (Peak 55.47M) | Time:00:00.07 | Syncing front cuirass row 5 curved lamell
Fra:1 Mem:55.50M (Peak 55.50M) | Time:00:00.07 | Syncing rear cuirass row 5 curved lamella
Fra:1 Mem:55.52M (Peak 55.52M) | Time:00:00.07 | Syncing rear cuirass row 5 curved lamella
Fra:1 Mem:55.55M (Peak 55.55M) | Time:00:00.07 | Syncing rear cuirass row 5 curved lamella
Fra:1 Mem:55.57M (Peak 55.57M) | Time:00:00.07 | Syncing rear cuirass row 5 curved lamella
Fra:1 Mem:55.59M (Peak 55.59M) | Time:00:00.07 | Syncing rear cuirass row 5 curved lamella
Fra:1 Mem:55.62M (Peak 55.62M) | Time:00:00.07 | Syncing rear cuirass row 5 curved lamella
Fra:1 Mem:55.64M (Peak 55.64M) | Time:00:00.07 | Syncing rear cuirass row 5 curved lamella
Fra:1 Mem:55.67M (Peak 55.67M) | Time:00:00.07 | Syncing rear cuirass row 5 curved lamella
Fra:1 Mem:55.69M (Peak 55.69M) | Time:00:00.07 | Syncing rear cuirass row 5 curved lamella
Fra:1 Mem:55.71M (Peak 55.71M) | Time:00:00.07 | Syncing left side cuirass plate 1
Fra:1 Mem:55.73M (Peak 55.73M) | Time:00:00.07 | Syncing left side cuirass plate 2
Fra:1 Mem:55.74M (Peak 55.74M) | Time:00:00.07 | Syncing left side cuirass plate 3
Fra:1 Mem:55.76M (Peak 55.76M) | Time:00:00.07 | Syncing right side cuirass plate 1
Fra:1 Mem:55.77M (Peak 55.77M) | Time:00:00.07 | Syncing right side cuirass plate 2
Fra:1 Mem:55.79M (Peak 55.79M) | Time:00:00.07 | Syncing right side cuirass plate 3
Fra:1 Mem:55.80M (Peak 55.80M) | Time:00:00.07 | Syncing left shoulder undercloth
Fra:1 Mem:55.86M (Peak 55.86M) | Time:00:00.07 | Syncing left sode shoulder plate 1
Fra:1 Mem:55.87M (Peak 55.87M) | Time:00:00.07 | Syncing left sode shoulder plate 2
Fra:1 Mem:55.88M (Peak 55.88M) | Time:00:00.07 | Syncing left sode shoulder plate 3
Fra:1 Mem:55.90M (Peak 55.90M) | Time:00:00.07 | Syncing left sode shoulder plate 4
Fra:1 Mem:55.91M (Peak 55.91M) | Time:00:00.07 | Syncing left armored upper arm
Fra:1 Mem:55.97M (Peak 55.97M) | Time:00:00.07 | Syncing left sode shoulder armor
Fra:1 Mem:56.01M (Peak 56.01M) | Time:00:00.07 | Syncing left kote forearm guard
Fra:1 Mem:56.06M (Peak 56.06M) | Time:00:00.07 | Syncing left leather palm volume
Fra:1 Mem:56.10M (Peak 56.12M) | Time:00:00.07 | Syncing left articulated index finger
Fra:1 Mem:56.11M (Peak 56.12M) | Time:00:00.07 | Syncing left index fingertip
Fra:1 Mem:56.12M (Peak 56.12M) | Time:00:00.07 | Syncing left articulated middle finger
Fra:1 Mem:56.13M (Peak 56.13M) | Time:00:00.07 | Syncing left middle fingertip
Fra:1 Mem:56.14M (Peak 56.14M) | Time:00:00.07 | Syncing left articulated ring finger
Fra:1 Mem:56.15M (Peak 56.15M) | Time:00:00.07 | Syncing left ring fingertip
Fra:1 Mem:56.17M (Peak 56.17M) | Time:00:00.07 | Syncing left articulated pinky finger
Fra:1 Mem:56.18M (Peak 56.18M) | Time:00:00.07 | Syncing left pinky fingertip
Fra:1 Mem:56.19M (Peak 56.19M) | Time:00:00.07 | Syncing left opposed thumb
Fra:1 Mem:56.20M (Peak 56.20M) | Time:00:00.07 | Syncing left thumb fingertip
Fra:1 Mem:56.21M (Peak 56.21M) | Time:00:00.07 | Syncing right shoulder undercloth
Fra:1 Mem:56.27M (Peak 56.27M) | Time:00:00.07 | Syncing right sode shoulder plate 1
Fra:1 Mem:56.28M (Peak 56.28M) | Time:00:00.07 | Syncing right sode shoulder plate 2
Fra:1 Mem:56.29M (Peak 56.29M) | Time:00:00.07 | Syncing right sode shoulder plate 3
Fra:1 Mem:56.31M (Peak 56.31M) | Time:00:00.07 | Syncing right sode shoulder plate 4
Fra:1 Mem:56.32M (Peak 56.32M) | Time:00:00.07 | Syncing right armored upper arm
Fra:1 Mem:56.38M (Peak 56.38M) | Time:00:00.07 | Syncing right sode shoulder armor
Fra:1 Mem:56.42M (Peak 56.42M) | Time:00:00.07 | Syncing right kote forearm guard
Fra:1 Mem:56.48M (Peak 56.48M) | Time:00:00.07 | Syncing right leather palm volume
Fra:1 Mem:56.51M (Peak 56.51M) | Time:00:00.07 | Syncing right articulated index finger
Fra:1 Mem:56.52M (Peak 56.52M) | Time:00:00.07 | Syncing right index fingertip
Fra:1 Mem:56.53M (Peak 56.53M) | Time:00:00.07 | Syncing right articulated middle finger
Fra:1 Mem:56.54M (Peak 56.54M) | Time:00:00.07 | Syncing right middle fingertip
Fra:1 Mem:56.55M (Peak 56.55M) | Time:00:00.07 | Syncing right articulated ring finger
Fra:1 Mem:56.56M (Peak 56.56M) | Time:00:00.07 | Syncing right ring fingertip
Fra:1 Mem:56.58M (Peak 56.58M) | Time:00:00.07 | Syncing right articulated pinky finger
Fra:1 Mem:56.59M (Peak 56.59M) | Time:00:00.07 | Syncing right pinky fingertip
Fra:1 Mem:56.60M (Peak 56.60M) | Time:00:00.07 | Syncing right opposed thumb
Fra:1 Mem:56.61M (Peak 56.61M) | Time:00:00.07 | Syncing right thumb fingertip
Fra:1 Mem:56.62M (Peak 56.62M) | Time:00:00.07 | Syncing kusazuri skirt plate -1 row 1
Fra:1 Mem:56.64M (Peak 56.64M) | Time:00:00.07 | Syncing rear kusazuri skirt plate -1 row 
Fra:1 Mem:56.65M (Peak 56.65M) | Time:00:00.07 | Syncing kusazuri skirt plate -1 row 2
Fra:1 Mem:56.66M (Peak 56.66M) | Time:00:00.07 | Syncing rear kusazuri skirt plate -1 row 
Fra:1 Mem:56.68M (Peak 56.68M) | Time:00:00.07 | Syncing kusazuri skirt plate -1 row 3
Fra:1 Mem:56.69M (Peak 56.69M) | Time:00:00.07 | Syncing rear kusazuri skirt plate -1 row 
Fra:1 Mem:56.71M (Peak 56.71M) | Time:00:00.07 | Syncing kusazuri skirt plate +0 row 1
Fra:1 Mem:56.72M (Peak 56.72M) | Time:00:00.07 | Syncing rear kusazuri skirt plate +0 row 
Fra:1 Mem:56.73M (Peak 56.73M) | Time:00:00.07 | Syncing kusazuri skirt plate +0 row 2
Fra:1 Mem:56.75M (Peak 56.75M) | Time:00:00.07 | Syncing rear kusazuri skirt plate +0 row 
Fra:1 Mem:56.76M (Peak 56.76M) | Time:00:00.07 | Syncing kusazuri skirt plate +0 row 3
Fra:1 Mem:56.78M (Peak 56.78M) | Time:00:00.07 | Syncing rear kusazuri skirt plate +0 row 
Fra:1 Mem:56.79M (Peak 56.79M) | Time:00:00.08 | Syncing kusazuri skirt plate +1 row 1
Fra:1 Mem:56.80M (Peak 56.80M) | Time:00:00.08 | Syncing rear kusazuri skirt plate +1 row 
Fra:1 Mem:56.82M (Peak 56.82M) | Time:00:00.08 | Syncing kusazuri skirt plate +1 row 2
Fra:1 Mem:56.83M (Peak 56.83M) | Time:00:00.08 | Syncing rear kusazuri skirt plate +1 row 
Fra:1 Mem:56.84M (Peak 56.84M) | Time:00:00.08 | Syncing kusazuri skirt plate +1 row 3
Fra:1 Mem:56.86M (Peak 56.86M) | Time:00:00.08 | Syncing rear kusazuri skirt plate +1 row 
Fra:1 Mem:56.87M (Peak 56.87M) | Time:00:00.08 | Syncing left hakama trouser leg
Fra:1 Mem:56.93M (Peak 56.93M) | Time:00:00.08 | Syncing left shin greave
Fra:1 Mem:56.98M (Peak 56.98M) | Time:00:00.08 | Syncing left split-toe tabi foot volume
Fra:1 Mem:57.03M (Peak 57.03M) | Time:00:00.08 | Syncing left separated big toe
Fra:1 Mem:57.05M (Peak 57.05M) | Time:00:00.08 | Syncing left outer toe group
Fra:1 Mem:57.07M (Peak 57.07M) | Time:00:00.08 | Syncing left woven waraji sole grounded
Fra:1 Mem:57.08M (Peak 57.08M) | Time:00:00.08 | Syncing left sandal toe strap
Fra:1 Mem:57.09M (Peak 57.15M) | Time:00:00.08 | Syncing left heel strap
Fra:1 Mem:57.09M (Peak 57.15M) | Time:00:00.08 | Syncing left hakama pleat 1
Fra:1 Mem:57.10M (Peak 57.15M) | Time:00:00.08 | Syncing left hakama pleat 2
Fra:1 Mem:57.11M (Peak 57.15M) | Time:00:00.08 | Syncing left hakama pleat 3
Fra:1 Mem:57.12M (Peak 57.15M) | Time:00:00.08 | Syncing right hakama trouser leg
Fra:1 Mem:57.20M (Peak 57.20M) | Time:00:00.08 | Syncing right shin greave
Fra:1 Mem:57.26M (Peak 57.26M) | Time:00:00.08 | Syncing right split-toe tabi foot volume
Fra:1 Mem:57.30M (Peak 57.30M) | Time:00:00.08 | Syncing right separated big toe
Fra:1 Mem:57.33M (Peak 57.33M) | Time:00:00.08 | Syncing right outer toe group
Fra:1 Mem:57.35M (Peak 57.35M) | Time:00:00.08 | Syncing right woven waraji sole grounded
Fra:1 Mem:57.35M (Peak 57.35M) | Time:00:00.08 | Syncing right sandal toe strap
Fra:1 Mem:57.36M (Peak 57.36M) | Time:00:00.08 | Syncing right heel strap
Fra:1 Mem:57.37M (Peak 57.37M) | Time:00:00.08 | Syncing right hakama pleat 1
Fra:1 Mem:57.37M (Peak 57.37M) | Time:00:00.08 | Syncing right hakama pleat 2
Fra:1 Mem:57.38M (Peak 57.38M) | Time:00:00.08 | Syncing right hakama pleat 3
Fra:1 Mem:57.38M (Peak 57.38M) | Time:00:00.08 | Syncing drawn katana blade spine
Fra:1 Mem:57.39M (Peak 57.45M) | Time:00:00.08 | Syncing bright sharpened katana edge
Fra:1 Mem:57.40M (Peak 57.45M) | Time:00:00.08 | Syncing wrapped katana grip
Fra:1 Mem:57.41M (Peak 57.45M) | Time:00:00.08 | Syncing square tsuba guard
Fra:1 Mem:57.42M (Peak 57.45M) | Time:00:00.08 | Syncing lacquered saya scabbard at left h
Fra:1 Mem:57.43M (Peak 57.45M) | Time:00:00.08 | Syncing waist sash tying armor
Fra:1 Mem:57.43M (Peak 57.45M) | Time:00:00.08 | Syncing bamboo sashimono back pole
Fra:1 Mem:57.44M (Peak 57.45M) | Time:00:00.08 | Syncing small lacquered sashimono crossba
Fra:1 Mem:57.46M (Peak 57.46M) | Time:00:00.08 | Syncing cloth sashimono banner panel
Fra:1 Mem:57.47M (Peak 57.52M) | Time:00:00.08 | Syncing simple round clan mon on banner
Fra:1 Mem:57.51M (Peak 57.52M) | Time:00:00.08 | Syncing cool key
Fra:1 Mem:57.51M (Peak 57.52M) | Time:00:00.08 | Syncing rim
Fra:1 Mem:57.51M (Peak 57.52M) | Time:00:00.08 | Syncing hero cam
Fra:1 Mem:57.51M (Peak 57.52M) | Time:00:00.08 | Syncing samurai_v2_provenance
Fra:1 Mem:57.54M (Peak 57.64M) | Time:00:00.08 | Rendering 1 / 32 samples
Fra:1 Mem:54.65M (Peak 57.64M) | Time:00:02.65 | Rendering 26 / 32 samples
Fra:1 Mem:54.65M (Peak 57.64M) | Time:00:03.12 | Rendering 32 / 32 samples
Saved: '/tmp/factoryx-v21-render/samurai-repaired-full-20-v21/uesugi-01/samurai_character_front.png'
 Time: 00:03.24 (Saving: 00:00.03)

ERROR (bke.modifier): ./source/blender/blenkernel/intern/modifier.cc:458 BKE_modifier_set_error: Object: "rear shikoro neck guard flare", Modifier: "weighted normals", Enable 'Auto Smooth' in Object Data Properties
ERROR (bke.modifier): ./source/blender/blenkernel/intern/modifier.cc:458 BKE_modifier_set_error: Object: "wide kabuto brim", Modifier: "weighted normals", Enable 'Auto Smooth' in Object Data Properties
ERROR (bke.modifier): ./source/blender/blenkernel/intern/modifier.cc:458 BKE_modifier_set_error: Object: "segmented kabuto helmet bowl", Modifier: "weighted normals", Enable 'Auto Smooth' in Object Data Properties
ERROR (bke.modifier): ./source/blender/blenkernel/intern/modifier.cc:458 BKE_modifier_set_error: Object: "crest central rivet", Modifier: "weighted normals", Enable 'Auto Smooth' in Object Data Properties
ERROR (bke.modifier): ./source/blender/blenkernel/intern/modifier.cc:458 BKE_modifier_set_error: Object: "dark iron mempo cheek mask", Modifier: "weighted normals", Enable 'Auto Smooth' in Object Data Properties
ERROR (bke.modifier): ./source/blender/blenkernel/intern/modifier.cc:458 BKE_modifier_set_error: Object: "neck guard collar", Modifier: "weighted normals", Enable 'Auto Smooth' in Object Data Properties
ERROR (bke.modifier): ./source/blender/blenkernel/intern/modifier.cc:458 BKE_modifier_set_error: Object: "thin exposed neck", Modifier: "weighted normals", Enable 'Auto Smooth' in Object Data Properties
ERROR (bke.modifier): ./source/blender/blenkernel/intern/modifier.cc:458 BKE_modifier_set_error: Object: "visible human head behind mempo", Modifier: "weighted normals", Enable 'Auto Smooth' in Object Data Properties
ERROR (bke.modifier): ./source/blender/blenkernel/intern/modifier.cc:458 BKE_modifier_set_error: Object: "throat guard row 1 curved lamellar plate 01", Modifier: "weighted normals", Enable 'Auto Smooth' in Object Data Properties
ERROR (bke.modifier): ./source/blender/blenkernel/intern/modifier.cc:458 BKE_modifier_set_error: Object: "throat guard row 1 curved lamellar plate 02", Modifier: "weighted normals", Enable 'Auto Smooth' in Object Data Properties
ERROR (bke.modifier): ./source/blender/blenkernel/intern/modifier.cc:458 BKE_modifier_set_error: Object: "throat guard row 1 curved lamellar plate 03", Modifier: "weighted normals", Enable 'Auto Smooth' in Object Data Properties
ERROR (bke.modifier): ./source/blender/blenkernel/intern/modifier.cc:458 BKE_modifier_set_error: Object: "throat guard row 1 curved lamellar plate 04", Modifier: "weighted normals", Enable 'Auto Smooth' in Object Data Properties
ERROR (bke.modifier): ./source/blender/blenkernel/intern/modifier.cc:458 BKE_modifier_set_error: Object: "narrow waist under-kimono volume", Modifier: "weighted normals", Enable 'Auto Smooth' in Object Data Properties
ERROR (bke.modifier): ./source/blender/blenkernel/intern/modifier.cc:458 BKE_modifier_set_error: Object: "throat guard row 1 curved lamellar plate 05", Modifier: "weighted normals", Enable 'Auto Smooth' in Object Data Properties
ERROR (bke.modifier): ./source/blender/blenkernel/intern/modifier.cc:458 BKE_modifier_set_error: Object: "throat guard row 2 curved lamellar plate 02", Modifier: "weighted normals", Enable 'Auto Smooth' in Object Data Properties
ERROR (bke.modifier): ./source/blender/blenkernel/intern/modifier.cc:458 BKE_modifier_set_error: Object: "throat guard row 2 curved lamellar plate 01", Modifier: "weighted normals", Enable 'Auto Smooth' in Object Data Properties
ERROR (bke.modifier): ./source/blender/blenkernel/intern/modifier.cc:458 BKE_modifier_set_error: Object: "throat guard row 2 curved lamellar plate 03", Modifier: "weighted normals", Enable 'Auto Smooth' in Object Data Properties
ERROR (bke.modifier): ./source/blender/blenkernel/intern/modifier.cc:458 BKE_modifier_set_error: Object: "throat guard row 2 curved lamellar plate 04", Modifier: "weighted normals", Enable 'Auto Smooth' in Object Data Properties
ERROR (bke.modifier): ./source/blender/blenkernel/intern/modifier.cc:458 BKE_modifier_set_error: Object: "throat guard row 2 curved lamellar plate 05", Modifier: "weighted normals", Enable 'Auto Smooth' in Object Data Properties
ERROR (bke.modifier): ./source/blender/blenkernel/intern/modifier.cc:458 BKE_modifier_set_error: Object: "right side helmet flange", Modifier: "weighted normals", Enable 'Auto Smooth' in Object Data Properties
ERROR (bke.modifier): ./source/blender/blenkernel/intern/modifier.cc:458 BKE_modifier_set_error: Object: "throat guard row 3 curved lamellar plate 02", Modifier: "weighted normals", Enable 'Auto Smooth' in Object Data Properties
ERROR (bke.modifier): ./source/blender/blenkernel/intern/modifier.cc:458 BKE_modifier_set_error: Object: "throat guard row 3 curved lamellar plate 03", Modifier: "weighted normals", Enable 'Auto Smooth' in Object Data Properties
ERROR (bke.modifier): ./source/blender/blenkernel/intern/modifier.cc:458 BKE_modifier_set_error: Object: "throat guard row 3 curved lamellar plate 01", Modifier: "weighted normals", Enable 'Auto Smooth' in Object Data Properties
ERROR (bke.modifier): ./source/blender/blenkernel/intern/modifier.cc:458 BKE_modifier_set_error: Object: "ribcage under-kimono volume", Modifier: "weighted normals", Enable 'Auto Smooth' in Object Data Properties
ERROR (bke.modifier): ./source/blender/blenkernel/intern/modifier.cc:458 BKE_modifier_set_error: Object: "mempo nose ridge", Modifier: "weighted normals", Enable 'Auto Smooth' in Object Data Properties
ERROR (bke.modifier): ./source/blender/blenkernel/intern/modifier.cc:458 BKE_modifier_set_error: Object: "throat guard row 3 curved lamellar plate 04", Modifier: "weighted normals", Enable 'Auto Smooth' in Object Data Properties
ERROR (bke.modifier): ./source/blender/blenkernel/intern/modifier.cc:458 BKE_modifier_set_error: Object: "throat guard row 3 curved lamellar plate 05", Modifier: "weighted normals", Enable 'Auto Smooth' in Object Data Properties
ERROR (bke.modifier): ./source/blender/blenkernel/intern/modifier.cc:458 BKE_modifier_set_error: Object: "left eye slit", Modifier: "weighted normals", Enable 'Auto Smooth' in Object Data Properties
ERROR (bke.modifier): ./source/blender/blenkernel/intern/modifier.cc:458 BKE_modifier_set_error: Object: "upper do cuirass fitted shell", Modifier: "weighted normals", Enable 'Auto Smooth' in Object Data Properties
ERROR (bke.modifier): ./source/blender/blenkernel/intern/modifier.cc:458 BKE_modifier_set_error: Object: "lower do cuirass narrowed shell", Modifier: "weighted normals", Enable 'Auto Smooth' in Object Data Properties
ERROR (bke.modifier): ./source/blender/blenkernel/intern/modifier.cc:458 BKE_modifier_set_error: Object: "front cuirass row 1 curved lamellar plate 01", Modifier: "weighted normals", Enable 'Auto Smooth' in Object Data Properties
ERROR (bke.modifier): ./source/blender/blenkernel/intern/modifier.cc:458 BKE_modifier_set_error: Object: "front cuirass row 1 curved lamellar plate 03", Modifier: "weighted normals", Enable 'Auto Smooth' in Object Data Properties
ERROR (bke.modifier): ./source/blender/blenkernel/intern/modifier.cc:458 BKE_modifier_set_error: Object: "front cuirass row 1 curved lamellar plate 02", Modifier: "weighted normals", Enable 'Auto Smooth' in Object Data Properties
ERROR (bke.modifier): ./source/blender/blenkernel/intern/modifier.cc:458 BKE_modifier_set_error: Object: "front cuirass row 1 curved lamellar plate 04", Modifier: "weighted normals", Enable 'Auto Smooth' in Object Data Properties
ERROR (bke.modifier): ./source/blender/blenkernel/intern/modifier.cc:458 BKE_modifier_set_error: Object: "front cuirass row 1 curved lamellar plate 05", Modifier: "weighted normals", Enable 'Auto Smooth' in Object Data Properties
ERROR (bke.modifier): ./source/blender/blenkernel/intern/modifier.cc:458 BKE_modifier_set_error: Object: "front cuirass row 1 curved lamellar plate 07", Modifier: "weighted normals", Enable 'Auto Smooth' in Object Data Properties
ERROR (bke.modifier): ./source/blender/blenkernel/intern/modifier.cc:458 BKE_modifier_set_error: Object: "front cuirass row 1 curved lamellar plate 06", Modifier: "weighted normals", Enable 'Auto Smooth' in Object Data Properties
ERROR (bke.modifier): ./source/blender/blenkernel/intern/modifier.cc:458 BKE_modifier_set_error: Object: "front cuirass row 1 curved lamellar plate 08", Modifier: "weighted normals", Enable 'Auto Smooth' in Object Data Properties
ERROR (bke.modifier): ./source/blender/blenkernel/intern/modifier.cc:458 BKE_modifier_set_error: Object: "front cuirass row 1 curved lamellar plate 09", Modifier: "weighted normals", Enable 'Auto Smooth' in Object Data Properties
ERROR (bke.modifier): ./source/blender/blenkernel/intern/modifier.cc:458 BKE_modifier_set_error: Object: "rear cuirass row 1 curved lamellar plate 01", Modifier: "weighted normals", Enable 'Auto Smooth' in Object Data Properties
ERROR (bke.modifier): ./source/blender/blenkernel/intern/modifier.cc:458 BKE_modifier_set_error: Object: "rear cuirass row 1 curved lamellar plate 02", Modifier: "weighted normals", Enable 'Auto Smooth' in Object Data Properties
ERROR (bke.modifier): ./source/blender/blenkernel/intern/modifier.cc:458 BKE_modifier_set_error: Object: "rear cuirass row 1 curved lamellar plate 04", Modifier: "weighted normals", Enable 'Auto Smooth' in Object Data Properties
ERROR (bke.modifier): ./source/blender/blenkernel/intern/modifier.cc:458 BKE_modifier_set_error: Object: "rear cuirass row 1 curved lamellar plate 03", Modifier: "weighted normals", Enable 'Auto Smooth' in Object Data Properties
ERROR (bke.modifier): ./source/blender/blenkernel/intern/modifier.cc:458 BKE_modifier_set_error: Object: "left side helmet flange", Modifier: "weighted normals", Enable 'Auto Smooth' in Object Data Properties
ERROR (bke.modifier): ./source/blender/blenkernel/intern/modifier.cc:458 BKE_modifier_set_error: Object: "rear cuirass row 1 curved lamellar plate 05", Modifier: "weighted normals", Enable 'Auto Smooth' in Object Data Properties
ERROR (bke.modifier): ./source/blender/blenkernel/intern/modifier.cc:458 BKE_modifier_set_error: Object: "rear cuirass row 1 curved lamellar plate 06", Modifier: "weighted normals", Enable 'Auto Smooth' in Object Data Properties
ERROR (bke.modifier): ./source/blender/blenkernel/intern/modifier.cc:458 BKE_modifier_set_error: Object: "rear cuirass row 1 curved lamellar plate 07", Modifier: "weighted normals", Enable 'Auto Smooth' in Object Data Properties
ERROR (bke.modifier): ./source/blender/blenkernel/intern/modifier.cc:458 BKE_modifier_set_error: Object: "rear cuirass row 1 curved lamellar plate 08", Modifier: "weighted normals", Enable 'Auto Smooth' in Object Data Properties
ERROR (bke.modifier): ./source/blender/blenkernel/intern/modifier.cc:458 BKE_modifier_set_error: Object: "front cuirass row 2 curved lamellar plate 02", Modifier: "weighted normals", Enable 'Auto Smooth' in Object Data Properties
ERROR (bke.modifier): ./source/blender/blenkernel/intern/modifier.cc:458 BKE_modifier_set_error: Object: "rear cuirass row 1 curved lamellar plate 09", Modifier: "weighted normals", Enable 'Auto Smooth' in Object Data Properties
ERROR (bke.modifier): ./source/blender/blenkernel/intern/modifier.cc:458 BKE_modifier_set_error: Object: "front cuirass row 2 curved lamellar plate 01", Modifier: "weighted normals", Enable 'Auto Smooth' in Object Data Properties
ERROR (bke.modifier): ./source/blender/blenkernel/intern/modifier.cc:458 BKE_modifier_set_error: Object: "rear cuirass row 2 curved lamellar plate 02", Modifier: "weighted normals", Enable 'Auto Smooth' in Object Data Properties
ERROR (bke.modifier): ./source/blender/blenkernel/intern/modifier.cc:458 BKE_modifier_set_error: Object: "front cuirass row 2 curved lamellar plate 04", Modifier: "weighted normals", Enable 'Auto Smooth' in Object Data Properties
ERROR (bke.modifier): ./source/blender/blenkernel/intern/modifier.cc:458 BKE_modifier_set_error: Object: "rear cuirass row 2 curved lamellar plate 01", Modifier: "weighted normals", Enable 'Auto Smooth' in Object Data Properties
ERROR (bke.modifier): ./source/blender/blenkernel/intern/modifier.cc:458 BKE_modifier_set_error: Object: "front cuirass row 2 curved lamellar plate 05", Modifier: "weighted normals", Enable 'Auto Smooth' in Object Data Properties
ERROR (bke.modifier): ./source/blender/blenkernel/intern/modifier.cc:458 BKE_modifier_set_error: Object: "front cuirass row 2 curved lamellar plate 07", Modifier: "weighted normals", Enable 'Auto Smooth' in Object Data Properties
ERROR (bke.modifier): ./source/blender/blenkernel/intern/modifier.cc:458 BKE_modifier_set_error: Object: "rear cuirass row 2 curved lamellar plate 03", Modifier: "weighted normals", Enable 'Auto Smooth' in Object Data Properties
ERROR (bke.modifier): ./source/blender/blenkernel/intern/modifier.cc:458 BKE_modifier_set_error: Object: "rear cuirass row 2 curved lamellar plate 04", Modifier: "weighted normals", Enable 'Auto Smooth' in Object Data Properties
ERROR (bke.modifier): ./source/blender/blenkernel/intern/modifier.cc:458 BKE_modifier_set_error: Object: "rear cuirass row 2 curved lamellar plate 05", Modifier: "weighted normals", Enable 'Auto Smooth' in Object Data Properties
ERROR (bke.modifier): ./source/blender/blenkernel/intern/modifier.cc:458 BKE_modifier_set_error: Object: "rear cuirass row 2 curved lamellar plate 06", Modifier: "weighted normals", Enable 'Auto Smooth' in Object Data Properties
ERROR (bke.modifier): ./source/blender/blenkernel/intern/modifier.cc:458 BKE_modifier_set_error: Object: "front cuirass row 2 curved lamellar plate 08", Modifier: "weighted normals", Enable 'Auto Smooth' in Object Data Properties
ERROR (bke.modifier): ./source/blender/blenkernel/intern/modifier.cc:458 BKE_modifier_set_error: Object: "rear cuirass row 2 curved lamellar plate 07", Modifier: "weighted normals", Enable 'Auto Smooth' in Object Data Properties
ERROR (bke.modifier): ./source/blender/blenkernel/intern/modifier.cc:458 BKE_modifier_set_error: Object: "rear cuirass row 2 curved lamellar plate 08", Modifier: "weighted normals", Enable 'Auto Smooth' in Object Data Properties
ERROR (bke.modifier): ./source/blender/blenkernel/intern/modifier.cc:458 BKE_modifier_set_error: Object: "rear cuirass row 2 curved lamellar plate 09", Modifier: "weighted normals", Enable 'Auto Smooth' in Object Data Properties
ERROR (bke.modifier): ./source/blender/blenkernel/intern/modifier.cc:458 BKE_modifier_set_error: Object: "front cuirass row 3 curved lamellar plate 01", Modifier: "weighted normals", Enable 'Auto Smooth' in Object Data Properties
ERROR (bke.modifier): ./source/blender/blenkernel/intern/modifier.cc:458 BKE_modifier_set_error: Object: "front cuirass row 2 curved lamellar plate 06", Modifier: "weighted normals", Enable 'Auto Smooth' in Object Data Properties
ERROR (bke.modifier): ./source/blender/blenkernel/intern/modifier.cc:458 BKE_modifier_set_error: Object: "front cuirass row 3 curved lamellar plate 02", Modifier: "weighted normals", Enable 'Auto Smooth' in Object Data Properties
ERROR (bke.modifier): ./source/blender/blenkernel/intern/modifier.cc:458 BKE_modifier_set_error: Object: "front cuirass row 3 curved lamellar plate 03", Modifier: "weighted normals", Enable 'Auto Smooth' in Object Data Properties
ERROR (bke.modifier): ./source/blender/blenkernel/intern/modifier.cc:458 BKE_modifier_set_error: Object: "front cuirass row 3 curved lamellar plate 04", Modifier: "weighted normals", Enable 'Auto Smooth' in Object Data Properties
ERROR (bke.modifier): ./source/blender/blenkernel/intern/modifier.cc:458 BKE_modifier_set_error: Object: "front cuirass row 2 curved lamellar plate 09", Modifier: "weighted normals", Enable 'Auto Smooth' in Object Data Properties
ERROR (bke.modifier): ./source/blender/blenkernel/intern/modifier.cc:458 BKE_modifier_set_error: Object: "front cuirass row 2 curved lamellar plate 03", Modifier: "weighted normals", Enable 'Auto Smooth' in Object Data Properties
ERROR (bke.modifier): ./source/blender/blenkernel/intern/modifier.cc:458 BKE_modifier_set_error: Object: "front cuirass row 3 curved lamellar plate 05", Modifier: "weighted normals", Enable 'Auto Smooth' in Object Data Properties
ERROR (bke.modifier): ./source/blender/blenkernel/intern/modifier.cc:458 BKE_modifier_set_error: Object: "front cuirass row 3 curved lamellar plate 06", Modifier: "weighted normals", Enable 'Auto Smooth' in Object Data Properties
ERROR (bke.modifier): ./source/blender/blenkernel/intern/modifier.cc:458 BKE_modifier_set_error: Object: "front cuirass row 3 curved lamellar plate 07", Modifier: "weighted normals", Enable 'Auto Smooth' in Object Data Properties
ERROR (bke.modifier): ./source/blender/blenkernel/intern/modifier.cc:458 BKE_modifier_set_error: Object: "front cuirass row 3 curved lamellar plate 08", Modifier: "weighted normals", Enable 'Auto Smooth' in Object Data Properties
ERROR (bke.modifier): ./source/blender/blenkernel/intern/modifier.cc:458 BKE_modifier_set_error: Object: "front cuirass row 3 curved lamellar plate 09", Modifier: "weighted normals", Enable 'Auto Smooth' in Object Data Properties
ERROR (bke.modifier): ./source/blender/blenkernel/intern/modifier.cc:458 BKE_modifier_set_error: Object: "rear cuirass row 3 curved lamellar plate 01", Modifier: "weighted normals", Enable 'Auto Smooth' in Object Data Properties
ERROR (bke.modifier): ./source/blender/blenkernel/intern/modifier.cc:458 BKE_modifier_set_error: Object: "rear cuirass row 3 curved lamellar plate 02", Modifier: "weighted normals", Enable 'Auto Smooth' in Object Data Properties
ERROR (bke.modifier): ./source/blender/blenkernel/intern/modifier.cc:458 BKE_modifier_set_error: Object: "rear cuirass row 3 curved lamellar plate 03", Modifier: "weighted normals", Enable 'Auto Smooth' in Object Data Properties
ERROR (bke.modifier): ./source/blender/blenkernel/intern/modifier.cc:458 BKE_modifier_set_error: Object: "rear cuirass row 3 curved lamellar plate 04", Modifier: "weighted normals", Enable 'Auto Smooth' in Object Data Properties
ERROR (bke.modifier): ./source/blender/blenkernel/intern/modifier.cc:458 BKE_modifier_set_error: Object: "mempo grim mouth slit", Modifier: "weighted normals", Enable 'Auto Smooth' in Object Data Properties
ERROR (bke.modifier): ./source/blender/blenkernel/intern/modifier.cc:458 BKE_modifier_set_error: Object: "rear cuirass row 3 curved lamellar plate 07", Modifier: "weighted normals", Enable 'Auto Smooth' in Object Data Properties
ERROR (bke.modifier): ./source/blender/blenkernel/intern/modifier.cc:458 BKE_modifier_set_error: Object: "rear cuirass row 3 curved lamellar plate 05", Modifier: "weighted normals", Enable 'Auto Smooth' in Object Data Properties
ERROR (bke.modifier): ./source/blender/blenkernel/intern/modifier.cc:458 BKE_modifier_set_error: Object: "rear cuirass row 3 curved lamellar plate 06", Modifier: "weighted normals", Enable 'Auto Smooth' in Object Data Properties
ERROR (bke.modifier): ./source/blender/blenkernel/intern/modifier.cc:458 BKE_modifier_set_error: Object: "rear cuirass row 3 curved lamellar plate 08", Modifier: "weighted normals", Enable 'Auto Smooth' in Object Data Properties
ERROR (bke.modifier): ./source/blender/blenkernel/intern/modifier.cc:458 BKE_modifier_set_error: Object: "front cuirass row 4 curved lamellar plate 04", Modifier: "weighted normals", Enable 'Auto Smooth' in Object Data Properties
ERROR (bke.modifier): ./source/blender/blenkernel/intern/modifier.cc:458 BKE_modifier_set_error: Object: "front cuirass row 4 curved lamellar plate 01", Modifier: "weighted normals", Enable 'Auto Smooth' in Object Data Properties
ERROR (bke.modifier): ./source/blender/blenkernel/intern/modifier.cc:458 BKE_modifier_set_error: Object: "rear cuirass row 3 curved lamellar plate 09", Modifier: "weighted normals", Enable 'Auto Smooth' in Object Data Properties
ERROR (bke.modifier): ./source/blender/blenkernel/intern/modifier.cc:458 BKE_modifier_set_error: Object: "front cuirass row 4 curved lamellar plate 02", Modifier: "weighted normals", Enable 'Auto Smooth' in Object Data Properties
ERROR (bke.modifier): ./source/blender/blenkernel/intern/modifier.cc:458 BKE_modifier_set_error: Object: "front cuirass row 4 curved lamellar plate 03", Modifier: "weighted normals", Enable 'Auto Smooth' in Object Data Properties
ERROR (bke.modifier): ./source/blender/blenkernel/intern/modifier.cc:458 BKE_modifier_set_error: Object: "front cuirass row 4 curved lamellar plate 05", Modifier: "weighted normals", Enable 'Auto Smooth' in Object Data Properties
ERROR (bke.modifier): ./source/blender/blenkernel/intern/modifier.cc:458 BKE_modifier_set_error: Object: "front cuirass row 4 curved lamellar plate 06", Modifier: "weighted normals", Enable 'Auto Smooth' in Object Data Properties
ERROR (bke.modifier): ./source/blender/blenkernel/intern/modifier.cc:458 BKE_modifier_set_error: Object: "front cuirass row 4 curved lamellar plate 07", Modifier: "weighted normals", Enable 'Auto Smooth' in Object Data Properties
ERROR (bke.modifier): ./source/blender/blenkernel/intern/modifier.cc:458 BKE_modifier_set_error: Object: "front cuirass row 4 curved lamellar plate 08", Modifier: "weighted normals", Enable 'Auto Smooth' in Object Data Properties
ERROR (bke.modifier): ./source/blender/blenkernel/intern/modifier.cc:458 BKE_modifier_set_error: Object: "rear cuirass row 4 curved lamellar plate 03", Modifier: "weighted normals", Enable 'Auto Smooth' in Object Data Properties
ERROR (bke.modifier): ./source/blender/blenkernel/intern/modifier.cc:458 BKE_modifier_set_error: Object: "rear cuirass row 4 curved lamellar plate 02", Modifier: "weighted normals", Enable 'Auto Smooth' in Object Data Properties
ERROR (bke.modifier): ./source/blender/blenkernel/intern/modifier.cc:458 BKE_modifier_set_error: Object: "front cuirass row 4 curved lamellar plate 09", Modifier: "weighted normals", Enable 'Auto Smooth' in Object Data Properties
ERROR (bke.modifier): ./source/blender/blenkernel/intern/modifier.cc:458 BKE_modifier_set_error: Object: "rear cuirass row 4 curved lamellar plate 01", Modifier: "weighted normals", Enable 'Auto Smooth' in Object Data Properties
ERROR (bke.modifier): ./source/blender/blenkernel/intern/modifier.cc:458 BKE_modifier_set_error: Object: "right eye slit", Modifier: "weighted normals", Enable 'Auto Smooth' in Object Data Properties
ERROR (bke.modifier): ./source/blender/blenkernel/intern/modifier.cc:458 BKE_modifier_set_error: Object: "rear cuirass row 4 curved lamellar plate 06", Modifier: "weighted normals", Enable 'Auto Smooth' in Object Data Properties
ERROR (bke.modifier): ./source/blender/blenkernel/intern/modifier.cc:458 BKE_modifier_set_error: Object: "rear cuirass row 4 curved lamellar plate 04", Modifier: "weighted normals", Enable 'Auto Smooth' in Object Data Properties
ERROR (bke.modifier): ./source/blender/blenkernel/intern/modifier.cc:458 BKE_modifier_set_error: Object: "front cuirass row 5 curved lamellar plate 02", Modifier: "weighted normals", Enable 'Auto Smooth' in Object Data Properties
ERROR (bke.modifier): ./source/blender/blenkernel/intern/modifier.cc:458 BKE_modifier_set_error: Object: "front cuirass row 5 curved lamellar plate 01", Modifier: "weighted normals", Enable 'Auto Smooth' in Object Data Properties
ERROR (bke.modifier): ./source/blender/blenkernel/intern/modifier.cc:458 BKE_modifier_set_error: Object: "rear cuirass row 4 curved lamellar plate 08", Modifier: "weighted normals", Enable 'Auto Smooth' in Object Data Properties
ERROR (bke.modifier): ./source/blender/blenkernel/intern/modifier.cc:458 BKE_modifier_set_error: Object: "rear cuirass row 4 curved lamellar plate 05", Modifier: "weighted normals", Enable 'Auto Smooth' in Object Data Properties
ERROR (bke.modifier): ./source/blender/blenkernel/intern/modifier.cc:458 BKE_modifier_set_error: Object: "rear cuirass row 4 curved lamellar plate 07", Modifier: "weighted normals", Enable 'Auto Smooth' in Object Data Properties
ERROR (bke.modifier): ./source/blender/blenkernel/intern/modifier.cc:458 BKE_modifier_set_error: Object: "front cuirass row 5 curved lamellar plate 03", Modifier: "weighted normals", Enable 'Auto Smooth' in Object Data Properties
ERROR (bke.modifier): ./source/blender/blenkernel/intern/modifier.cc:458 BKE_modifier_set_error: Object: "front cuirass row 5 curved lamellar plate 04", Modifier: "weighted normals", Enable 'Auto Smooth' in Object Data Properties
ERROR (bke.modifier): ./source/blender/blenkernel/intern/modifier.cc:458 BKE_modifier_set_error: Object: "rear cuirass row 4 curved lamellar plate 09", Modifier: "weighted normals", Enable 'Auto Smooth' in Object Data Properties
ERROR (bke.modifier): ./source/blender/blenkernel/intern/modifier.cc:458 BKE_modifier_set_error: Object: "front cuirass row 5 curved lamellar plate 05", Modifier: "weighted normals", Enable 'Auto Smooth' in Object Data Properties
ERROR (bke.modifier): ./source/blender/blenkernel/intern/modifier.cc:458 BKE_modifier_set_error: Object: "front cuirass row 5 curved lamellar plate 06", Modifier: "weighted normals", Enable 'Auto Smooth' in Object Data Properties
ERROR (bke.modifier): ./source/blender/blenkernel/intern/modifier.cc:458 BKE_modifier_set_error: Object: "front cuirass row 5 curved lamellar plate 08", Modifier: "weighted normals", Enable 'Auto Smooth' in Object Data Properties
ERROR (bke.modifier): ./source/blender/blenkernel/intern/modifier.cc:458 BKE_modifier_set_error: Object: "front cuirass row 5 curved lamellar plate 07", Modifier: "weighted normals", Enable 'Auto Smooth' in Object Data Properties
ERROR (bke.modifier): ./source/blender/blenkernel/intern/modifier.cc:458 BKE_modifier_set_error: Object: "matte charcoal inspection plinth", Modifier: "weighted normals", Enable 'Auto Smooth' in Object Data Properties
ERROR (bke.modifier): ./source/blender/blenkernel/intern/modifier.cc:458 BKE_modifier_set_error: Object: "rear cuirass row 5 curved lamellar plate 02", Modifier: "weighted normals", Enable 'Auto Smooth' in Object Data Properties
ERROR (bke.modifier): ./source/blender/blenkernel/intern/modifier.cc:458 BKE_modifier_set_error: Object: "front cuirass row 5 curved lamellar plate 09", Modifier: "weighted normals", Enable 'Auto Smooth' in Object Data Properties
ERROR (bke.modifier): ./source/blender/blenkernel/intern/modifier.cc:458 BKE_modifier_set_error: Object: "rear cuirass row 5 curved lamellar plate 01", Modifier: "weighted normals", Enable 'Auto Smooth' in Object Data Properties
ERROR (bke.modifier): ./source/blender/blenkernel/intern/modifier.cc:458 BKE_modifier_set_error: Object: "rear cuirass row 5 curved lamellar plate 03", Modifier: "weighted normals", Enable 'Auto Smooth' in Object Data Properties
ERROR (bke.modifier): ./source/blender/blenkernel/intern/modifier.cc:458 BKE_modifier_set_error: Object: "rear cuirass row 5 curved lamellar plate 06", Modifier: "weighted normals", Enable 'Auto Smooth' in Object Data Properties
ERROR (bke.modifier): ./source/blender/blenkernel/intern/modifier.cc:458 BKE_modifier_set_error: Object: "rear cuirass row 5 curved lamellar plate 04", Modifier: "weighted normals", Enable 'Auto Smooth' in Object Data Properties
ERROR (bke.modifier): ./source/blender/blenkernel/intern/modifier.cc:458 BKE_modifier_set_error: Object: "rear cuirass row 5 curved lamellar plate 05", Modifier: "weighted normals", Enable 'Auto Smooth' in Object Data Properties
ERROR (bke.modifier): ./source/blender/blenkernel/intern/modifier.cc:458 BKE_modifier_set_error: Object: "rear cuirass row 5 curved lamellar plate 07", Modifier: "weighted normals", Enable 'Auto Smooth' in Object Data Properties
ERROR (bke.modifier): ./source/blender/blenkernel/intern/modifier.cc:458 BKE_modifier_set_error: Object: "rear cuirass row 5 curved lamellar plate 08", Modifier: "weighted normals", Enable 'Auto Smooth' in Object Data Properties
ERROR (bke.modifier): ./source/blender/blenkernel/intern/modifier.cc:458 BKE_modifier_set_error: Object: "rear cuirass row 5 curved lamellar plate 09", Modifier: "weighted normals", Enable 'Auto Smooth' in Object Data Properties
ERROR (bke.modifier): ./source/blender/blenkernel/intern/modifier.cc:458 BKE_modifier_set_error: Object: "left shoulder undercloth", Modifier: "weighted normals", Enable 'Auto Smooth' in Object Data Properties
ERROR (bke.modifier): ./source/blender/blenkernel/intern/modifier.cc:458 BKE_modifier_set_error: Object: "simple round clan mon on banner", Modifier: "weighted normals", Enable 'Auto Smooth' in Object Data Properties
ERROR (bke.modifier): ./source/blender/blenkernel/intern/modifier.cc:458 BKE_modifier_set_error: Object: "left armored upper arm", Modifier: "weighted normals", Enable 'Auto Smooth' in Object Data Properties
ERROR (bke.modifier): ./source/blender/blenkernel/intern/modifier.cc:458 BKE_modifier_set_error: Object: "left sode shoulder armor", Modifier: "weighted normals", Enable 'Auto Smooth' in Object Data Properties
ERROR (bke.modifier): ./source/blender/blenkernel/intern/modifier.cc:458 BKE_modifier_set_error: Object: "left leather palm volume", Modifier: "weighted normals", Enable 'Auto Smooth' in Object Data Properties
ERROR (bke.modifier): ./source/blender/blenkernel/intern/modifier.cc:458 BKE_modifier_set_error: Object: "left kote forearm guard", Modifier: "weighted normals", Enable 'Auto Smooth' in Object Data Properties
ERROR (bke.modifier): ./source/blender/blenkernel/intern/modifier.cc:458 BKE_modifier_set_error: Object: "left index fingertip", Modifier: "weighted normals", Enable 'Auto Smooth' in Object Data Properties
ERROR (bke.modifier): ./source/blender/blenkernel/intern/modifier.cc:458 BKE_modifier_set_error: Object: "left middle fingertip", Modifier: "weighted normals", Enable 'Auto Smooth' in Object Data Properties
ERROR (bke.modifier): ./source/blender/blenkernel/intern/modifier.cc:458 BKE_modifier_set_error: Object: "left ring fingertip", Modifier: "weighted normals", Enable 'Auto Smooth' in Object Data Properties
ERROR (bke.modifier): ./source/blender/blenkernel/intern/modifier.cc:458 BKE_modifier_set_error: Object: "left pinky fingertip", Modifier: "weighted normals", Enable 'Auto Smooth' in Object Data Properties
ERROR (bke.modifier): ./source/blender/blenkernel/intern/modifier.cc:458 BKE_modifier_set_error: Object: "left side cuirass plate 2", Modifier: "weighted normals", Enable 'Auto Smooth' in Object Data Properties
ERROR (bke.modifier): ./source/blender/blenkernel/intern/modifier.cc:458 BKE_modifier_set_error: Object: "right side cuirass plate 2", Modifier: "weighted normals", Enable 'Auto Smooth' in Object Data Properties
ERROR (bke.modifier): ./source/blender/blenkernel/intern/modifier.cc:458 BKE_modifier_set_error: Object: "left thumb fingertip", Modifier: "weighted normals", Enable 'Auto Smooth' in Object Data Properties
ERROR (bke.modifier): ./source/blender/blenkernel/intern/modifier.cc:458 BKE_modifier_set_error: Object: "right shoulder undercloth", Modifier: "weighted normals", Enable 'Auto Smooth' in Object Data Properties
ERROR (bke.modifier): ./source/blender/blenkernel/intern/modifier.cc:458 BKE_modifier_set_error: Object: "left side cuirass plate 1", Modifier: "weighted normals", Enable 'Auto Smooth' in Object Data Properties
ERROR (bke.modifier): ./source/blender/blenkernel/intern/modifier.cc:458 BKE_modifier_set_error: Object: "right armored upper arm", Modifier: "weighted normals", Enable 'Auto Smooth' in Object Data Properties
ERROR (bke.modifier): ./source/blender/blenkernel/intern/modifier.cc:458 BKE_modifier_set_error: Object: "left sode shoulder plate 2", Modifier: "weighted normals", Enable 'Auto Smooth' in Object Data Properties
ERROR (bke.modifier): ./source/blender/blenkernel/intern/modifier.cc:458 BKE_modifier_set_error: Object: "right sode shoulder armor", Modifier: "weighted normals", Enable 'Auto Smooth' in Object Data Properties
ERROR (bke.modifier): ./source/blender/blenkernel/intern/modifier.cc:458 BKE_modifier_set_error: Object: "left sode shoulder plate 3", Modifier: "weighted normals", Enable 'Auto Smooth' in Object Data Properties
ERROR (bke.modifier): ./source/blender/blenkernel/intern/modifier.cc:458 BKE_modifier_set_error: Object: "left sode shoulder plate 1", Modifier: "weighted normals", Enable 'Auto Smooth' in Object Data Properties
ERROR (bke.modifier): ./source/blender/blenkernel/intern/modifier.cc:458 BKE_modifier_set_error: Object: "right kote forearm guard", Modifier: "weighted normals", Enable 'Auto Smooth' in Object Data Properties
ERROR (bke.modifier): ./source/blender/blenkernel/intern/modifier.cc:458 BKE_modifier_set_error: Object: "right leather palm volume", Modifier: "weighted normals", Enable 'Auto Smooth' in Object Data Properties
ERROR (bke.modifier): ./source/blender/blenkernel/intern/modifier.cc:458 BKE_modifier_set_error: Object: "right side cuirass plate 3", Modifier: "weighted normals", Enable 'Auto Smooth' in Object Data Properties
ERROR (bke.modifier): ./source/blender/blenkernel/intern/modifier.cc:458 BKE_modifier_set_error: Object: "left side cuirass plate 3", Modifier: "weighted normals", Enable 'Auto Smooth' in Object Data Properties
ERROR (bke.modifier): ./source/blender/blenkernel/intern/modifier.cc:458 BKE_modifier_set_error: Object: "cloth sashimono banner panel", Modifier: "weighted normals", Enable 'Auto Smooth' in Object Data Properties
ERROR (bke.modifier): ./source/blender/blenkernel/intern/modifier.cc:458 BKE_modifier_set_error: Object: "left sode shoulder plate 4", Modifier: "weighted normals", Enable 'Auto Smooth' in Object Data Properties
ERROR (bke.modifier): ./source/blender/blenkernel/intern/modifier.cc:458 BKE_modifier_set_error: Object: "right side cuirass plate 1", Modifier: "weighted normals", Enable 'Auto Smooth' in Object Data Properties
ERROR (bke.modifier): ./source/blender/blenkernel/intern/modifier.cc:458 BKE_modifier_set_error: Object: "right index fingertip", Modifier: "weighted normals", Enable 'Auto Smooth' in Object Data Properties
ERROR (bke.modifier): ./source/blender/blenkernel/intern/modifier.cc:458 BKE_modifier_set_error: Object: "right middle fingertip", Modifier: "weighted normals", Enable 'Auto Smooth' in Object Data Properties
ERROR (bke.modifier): ./source/blender/blenkernel/intern/modifier.cc:458 BKE_modifier_set_error: Object: "right sode shoulder plate 2", Modifier: "weighted normals", Enable 'Auto Smooth' in Object Data Properties
ERROR (bke.modifier): ./source/blender/blenkernel/intern/modifier.cc:458 BKE_modifier_set_error: Object: "right ring fingertip", Modifier: "weighted normals", Enable 'Auto Smooth' in Object Data Properties
ERROR (bke.modifier): ./source/blender/blenkernel/intern/modifier.cc:458 BKE_modifier_set_error: Object: "right thumb fingertip", Modifier: "weighted normals", Enable 'Auto Smooth' in Object Data Properties
ERROR (bke.modifier): ./source/blender/blenkernel/intern/modifier.cc:458 BKE_modifier_set_error: Object: "right pinky fingertip", Modifier: "weighted normals", Enable 'Auto Smooth' in Object Data Properties
ERROR (bke.modifier): ./source/blender/blenkernel/intern/modifier.cc:458 BKE_modifier_set_error: Object: "right sode shoulder plate 3", Modifier: "weighted normals", Enable 'Auto Smooth' in Object Data Properties
ERROR (bke.modifier): ./source/blender/blenkernel/intern/modifier.cc:458 BKE_modifier_set_error: Object: "rear kusazuri skirt plate -1 row 2", Modifier: "weighted normals", Enable 'Auto Smooth' in Object Data Properties
ERROR (bke.modifier): ./source/blender/blenkernel/intern/modifier.cc:458 BKE_modifier_set_error: Object: "small lacquered sashimono crossbar", Modifier: "weighted normals", Enable 'Auto Smooth' in Object Data Properties
ERROR (bke.modifier): ./source/blender/blenkernel/intern/modifier.cc:458 BKE_modifier_set_error: Object: "right sode shoulder plate 4", Modifier: "weighted normals", Enable 'Auto Smooth' in Object Data Properties
ERROR (bke.modifier): ./source/blender/blenkernel/intern/modifier.cc:458 BKE_modifier_set_error: Object: "right sode shoulder plate 1", Modifier: "weighted normals", Enable 'Auto Smooth' in Object Data Properties
ERROR (bke.modifier): ./source/blender/blenkernel/intern/modifier.cc:458 BKE_modifier_set_error: Object: "rear kusazuri skirt plate -1 row 1", Modifier: "weighted normals", Enable 'Auto Smooth' in Object Data Properties
ERROR (bke.modifier): ./source/blender/blenkernel/intern/modifier.cc:458 BKE_modifier_set_error: Object: "kusazuri skirt plate -1 row 3", Modifier: "weighted normals", Enable 'Auto Smooth' in Object Data Properties
ERROR (bke.modifier): ./source/blender/blenkernel/intern/modifier.cc:458 BKE_modifier_set_error: Object: "rear kusazuri skirt plate +0 row 3", Modifier: "weighted normals", Enable 'Auto Smooth' in Object Data Properties
ERROR (bke.modifier): ./source/blender/blenkernel/intern/modifier.cc:458 BKE_modifier_set_error: Object: "rear kusazuri skirt plate +0 row 1", Modifier: "weighted normals", Enable 'Auto Smooth' in Object Data Properties
ERROR (bke.modifier): ./source/blender/blenkernel/intern/modifier.cc:458 BKE_modifier_set_error: Object: "kusazuri skirt plate -1 row 1", Modifier: "weighted normals", Enable 'Auto Smooth' in Object Data Properties
ERROR (bke.modifier): ./source/blender/blenkernel/intern/modifier.cc:458 BKE_modifier_set_error: Object: "kusazuri skirt plate +0 row 2", Modifier: "weighted normals", Enable 'Auto Smooth' in Object Data Properties
ERROR (bke.modifier): ./source/blender/blenkernel/intern/modifier.cc:458 BKE_modifier_set_error: Object: "left hakama trouser leg", Modifier: "weighted normals", Enable 'Auto Smooth' in Object Data Properties
ERROR (bke.modifier): ./source/blender/blenkernel/intern/modifier.cc:458 BKE_modifier_set_error: Object: "left shin greave", Modifier: "weighted normals", Enable 'Auto Smooth' in Object Data Properties
ERROR (bke.modifier): ./source/blender/blenkernel/intern/modifier.cc:458 BKE_modifier_set_error: Object: "left split-toe tabi foot volume", Modifier: "weighted normals", Enable 'Auto Smooth' in Object Data Properties
ERROR (bke.modifier): ./source/blender/blenkernel/intern/modifier.cc:458 BKE_modifier_set_error: Object: "kusazuri skirt plate +0 row 3", Modifier: "weighted normals", Enable 'Auto Smooth' in Object Data Properties
ERROR (bke.modifier): ./source/blender/blenkernel/intern/modifier.cc:458 BKE_modifier_set_error: Object: "rear kusazuri skirt plate +0 row 2", Modifier: "weighted normals", Enable 'Auto Smooth' in Object Data Properties
ERROR (bke.modifier): ./source/blender/blenkernel/intern/modifier.cc:458 BKE_modifier_set_error: Object: "left separated big toe", Modifier: "weighted normals", Enable 'Auto Smooth' in Object Data Properties
ERROR (bke.modifier): ./source/blender/blenkernel/intern/modifier.cc:458 BKE_modifier_set_error: Object: "rear kusazuri skirt plate -1 row 3", Modifier: "weighted normals", Enable 'Auto Smooth' in Object Data Properties
ERROR (bke.modifier): ./source/blender/blenkernel/intern/modifier.cc:458 BKE_modifier_set_error: Object: "kusazuri skirt plate -1 row 2", Modifier: "weighted normals", Enable 'Auto Smooth' in Object Data Properties
ERROR (bke.modifier): ./source/blender/blenkernel/intern/modifier.cc:458 BKE_modifier_set_error: Object: "left outer toe group", Modifier: "weighted normals", Enable 'Auto Smooth' in Object Data Properties
ERROR (bke.modifier): ./source/blender/blenkernel/intern/modifier.cc:458 BKE_modifier_set_error: Object: "kusazuri skirt plate +1 row 2", Modifier: "weighted normals", Enable 'Auto Smooth' in Object Data Properties
ERROR (bke.modifier): ./source/blender/blenkernel/intern/modifier.cc:458 BKE_modifier_set_error: Object: "kusazuri skirt plate +1 row 1", Modifier: "weighted normals", Enable 'Auto Smooth' in Object Data Properties
ERROR (bke.modifier): ./source/blender/blenkernel/intern/modifier.cc:458 BKE_modifier_set_error: Object: "right hakama trouser leg", Modifier: "weighted normals", Enable 'Auto Smooth' in Object Data Properties
ERROR (bke.modifier): ./source/blender/blenkernel/intern/modifier.cc:458 BKE_modifier_set_error: Object: "right shin greave", Modifier: "weighted normals", Enable 'Auto Smooth' in Object Data Properties
ERROR (bke.modifier): ./source/blender/blenkernel/intern/modifier.cc:458 BKE_modifier_set_error: Object: "right separated big toe", Modifier: "weighted normals", Enable 'Auto Smooth' in Object Data Properties
ERROR (bke.modifier): ./source/blender/blenkernel/intern/modifier.cc:458 BKE_modifier_set_error: Object: "kusazuri skirt plate +0 row 1", Modifier: "weighted normals", Enable 'Auto Smooth' in Object Data Properties
ERROR (bke.modifier): ./source/blender/blenkernel/intern/modifier.cc:458 BKE_modifier_set_error: Object: "right split-toe tabi foot volume", Modifier: "weighted normals", Enable 'Auto Smooth' in Object Data Properties
ERROR (bke.modifier): ./source/blender/blenkernel/intern/modifier.cc:458 BKE_modifier_set_error: Object: "right outer toe group", Modifier: "weighted normals", Enable 'Auto Smooth' in Object Data Properties
ERROR (bke.modifier): ./source/blender/blenkernel/intern/modifier.cc:458 BKE_modifier_set_error: Object: "rear kusazuri skirt plate +1 row 1", Modifier: "weighted normals", Enable 'Auto Smooth' in Object Data Properties
ERROR (bke.modifier): ./source/blender/blenkernel/intern/modifier.cc:458 BKE_modifier_set_error: Object: "kusazuri skirt plate +1 row 3", Modifier: "weighted normals", Enable 'Auto Smooth' in Object Data Properties
ERROR (bke.modifier): ./source/blender/blenkernel/intern/modifier.cc:458 BKE_modifier_set_error: Object: "rear kusazuri skirt plate +1 row 2", Modifier: "weighted normals", Enable 'Auto Smooth' in Object Data Properties
ERROR (bke.modifier): ./source/blender/blenkernel/intern/modifier.cc:458 BKE_modifier_set_error: Object: "rear kusazuri skirt plate +1 row 3", Modifier: "weighted normals", Enable 'Auto Smooth' in Object Data Properties
ERROR (bke.modifier): ./source/blender/blenkernel/intern/modifier.cc:458 BKE_modifier_set_error: Object: "wrapped katana grip", Modifier: "weighted normals", Enable 'Auto Smooth' in Object Data Properties
ERROR (bke.modifier): ./source/blender/blenkernel/intern/modifier.cc:458 BKE_modifier_set_error: Object: "square tsuba guard", Modifier: "weighted normals", Enable 'Auto Smooth' in Object Data Properties
ERROR (bke.modifier): ./source/blender/blenkernel/intern/modifier.cc:458 BKE_modifier_set_error: Object: "left woven waraji sole grounded", Modifier: "weighted normals", Enable 'Auto Smooth' in Object Data Properties
ERROR (bke.modifier): ./source/blender/blenkernel/intern/modifier.cc:458 BKE_modifier_set_error: Object: "right woven waraji sole grounded", Modifier: "weighted normals", Enable 'Auto Smooth' in Object Data Properties
Fra:1 Mem:52.29M (Peak 52.32M) | Time:00:00.05 | Syncing matte charcoal inspection plinth
Fra:1 Mem:52.31M (Peak 52.35M) | Time:00:00.05 | Syncing ribcage under-kimono volume
Fra:1 Mem:52.40M (Peak 52.40M) | Time:00:00.05 | Syncing narrow waist under-kimono volume
Fra:1 Mem:52.47M (Peak 52.47M) | Time:00:00.05 | Syncing visible human head behind mempo
Fra:1 Mem:52.56M (Peak 52.56M) | Time:00:00.05 | Syncing thin exposed neck
Fra:1 Mem:52.57M (Peak 52.57M) | Time:00:00.05 | Syncing neck guard collar
Fra:1 Mem:52.58M (Peak 52.63M) | Time:00:00.05 | Syncing segmented kabuto helmet bowl
Fra:1 Mem:52.75M (Peak 52.76M) | Time:00:00.05 | Syncing wide kabuto brim
Fra:1 Mem:52.78M (Peak 52.78M) | Time:00:00.05 | Syncing rear shikoro neck guard flare
Fra:1 Mem:52.80M (Peak 52.80M) | Time:00:00.05 | Syncing left side helmet flange
Fra:1 Mem:52.81M (Peak 52.81M) | Time:00:00.05 | Syncing right side helmet flange
Fra:1 Mem:52.82M (Peak 52.82M) | Time:00:00.05 | Syncing golden maedate crescent crest
Fra:1 Mem:52.84M (Peak 52.89M) | Time:00:00.05 | Syncing crest central rivet
Fra:1 Mem:52.85M (Peak 52.89M) | Time:00:00.05 | Syncing dark iron mempo cheek mask
Fra:1 Mem:52.94M (Peak 52.94M) | Time:00:00.05 | Syncing mempo nose ridge
Fra:1 Mem:52.95M (Peak 52.95M) | Time:00:00.05 | Syncing left eye slit
Fra:1 Mem:52.97M (Peak 52.97M) | Time:00:00.05 | Syncing right eye slit
Fra:1 Mem:52.98M (Peak 52.98M) | Time:00:00.05 | Syncing mempo grim mouth slit
Fra:1 Mem:52.99M (Peak 52.99M) | Time:00:00.05 | Syncing left mask moustache bristle
Fra:1 Mem:53.00M (Peak 53.00M) | Time:00:00.05 | Syncing right mask moustache bristle
Fra:1 Mem:53.01M (Peak 53.01M) | Time:00:00.05 | Syncing throat guard row 1 curved lamella
Fra:1 Mem:53.03M (Peak 53.03M) | Time:00:00.05 | Syncing throat guard row 1 curved lamella
Fra:1 Mem:53.06M (Peak 53.06M) | Time:00:00.05 | Syncing throat guard row 1 curved lamella
Fra:1 Mem:53.08M (Peak 53.08M) | Time:00:00.05 | Syncing throat guard row 1 curved lamella
Fra:1 Mem:53.10M (Peak 53.10M) | Time:00:00.05 | Syncing throat guard row 1 curved lamella
Fra:1 Mem:53.13M (Peak 53.13M) | Time:00:00.05 | Syncing throat guard row 2 curved lamella
Fra:1 Mem:53.15M (Peak 53.15M) | Time:00:00.05 | Syncing throat guard row 2 curved lamella
Fra:1 Mem:53.18M (Peak 53.18M) | Time:00:00.05 | Syncing throat guard row 2 curved lamella
Fra:1 Mem:53.20M (Peak 53.20M) | Time:00:00.05 | Syncing throat guard row 2 curved lamella
Fra:1 Mem:53.22M (Peak 53.22M) | Time:00:00.05 | Syncing throat guard row 2 curved lamella
Fra:1 Mem:53.25M (Peak 53.25M) | Time:00:00.05 | Syncing throat guard row 3 curved lamella
Fra:1 Mem:53.27M (Peak 53.27M) | Time:00:00.05 | Syncing throat guard row 3 curved lamella
Fra:1 Mem:53.30M (Peak 53.30M) | Time:00:00.06 | Syncing throat guard row 3 curved lamella
Fra:1 Mem:53.32M (Peak 53.32M) | Time:00:00.06 | Syncing throat guard row 3 curved lamella
Fra:1 Mem:53.34M (Peak 53.34M) | Time:00:00.06 | Syncing throat guard row 3 curved lamella
Fra:1 Mem:53.37M (Peak 53.37M) | Time:00:00.06 | Syncing upper do cuirass fitted shell
Fra:1 Mem:53.47M (Peak 53.47M) | Time:00:00.06 | Syncing lower do cuirass narrowed shell
Fra:1 Mem:53.55M (Peak 53.55M) | Time:00:00.06 | Syncing front cuirass row 1 curved lamell
Fra:1 Mem:53.58M (Peak 53.58M) | Time:00:00.06 | Syncing front cuirass row 1 curved lamell
Fra:1 Mem:53.60M (Peak 53.60M) | Time:00:00.06 | Syncing front cuirass row 1 curved lamell
Fra:1 Mem:53.63M (Peak 53.63M) | Time:00:00.06 | Syncing front cuirass row 1 curved lamell
Fra:1 Mem:53.65M (Peak 53.65M) | Time:00:00.06 | Syncing front cuirass row 1 curved lamell
Fra:1 Mem:53.67M (Peak 53.67M) | Time:00:00.06 | Syncing front cuirass row 1 curved lamell
Fra:1 Mem:53.70M (Peak 53.70M) | Time:00:00.06 | Syncing front cuirass row 1 curved lamell
Fra:1 Mem:53.72M (Peak 53.72M) | Time:00:00.06 | Syncing front cuirass row 1 curved lamell
Fra:1 Mem:53.75M (Peak 53.75M) | Time:00:00.06 | Syncing front cuirass row 1 curved lamell
Fra:1 Mem:53.77M (Peak 53.77M) | Time:00:00.06 | Syncing rear cuirass row 1 curved lamella
Fra:1 Mem:53.79M (Peak 53.79M) | Time:00:00.06 | Syncing rear cuirass row 1 curved lamella
Fra:1 Mem:53.82M (Peak 53.82M) | Time:00:00.06 | Syncing rear cuirass row 1 curved lamella
Fra:1 Mem:53.84M (Peak 53.84M) | Time:00:00.06 | Syncing rear cuirass row 1 curved lamella
Fra:1 Mem:53.87M (Peak 53.87M) | Time:00:00.06 | Syncing rear cuirass row 1 curved lamella
Fra:1 Mem:53.89M (Peak 53.89M) | Time:00:00.06 | Syncing rear cuirass row 1 curved lamella
Fra:1 Mem:53.91M (Peak 53.91M) | Time:00:00.06 | Syncing rear cuirass row 1 curved lamella
Fra:1 Mem:53.94M (Peak 53.94M) | Time:00:00.06 | Syncing rear cuirass row 1 curved lamella
Fra:1 Mem:53.96M (Peak 53.96M) | Time:00:00.06 | Syncing rear cuirass row 1 curved lamella
Fra:1 Mem:53.98M (Peak 53.98M) | Time:00:00.06 | Syncing front cuirass row 2 curved lamell
Fra:1 Mem:54.01M (Peak 54.01M) | Time:00:00.06 | Syncing front cuirass row 2 curved lamell
Fra:1 Mem:54.03M (Peak 54.03M) | Time:00:00.06 | Syncing front cuirass row 2 curved lamell
Fra:1 Mem:54.06M (Peak 54.06M) | Time:00:00.06 | Syncing front cuirass row 2 curved lamell
Fra:1 Mem:54.08M (Peak 54.08M) | Time:00:00.06 | Syncing front cuirass row 2 curved lamell
Fra:1 Mem:54.10M (Peak 54.10M) | Time:00:00.06 | Syncing front cuirass row 2 curved lamell
Fra:1 Mem:54.13M (Peak 54.13M) | Time:00:00.06 | Syncing front cuirass row 2 curved lamell
Fra:1 Mem:54.15M (Peak 54.15M) | Time:00:00.06 | Syncing front cuirass row 2 curved lamell
Fra:1 Mem:54.18M (Peak 54.18M) | Time:00:00.06 | Syncing front cuirass row 2 curved lamell
Fra:1 Mem:54.20M (Peak 54.20M) | Time:00:00.06 | Syncing rear cuirass row 2 curved lamella
Fra:1 Mem:54.23M (Peak 54.23M) | Time:00:00.06 | Syncing rear cuirass row 2 curved lamella
Fra:1 Mem:54.25M (Peak 54.25M) | Time:00:00.06 | Syncing rear cuirass row 2 curved lamella
Fra:1 Mem:54.27M (Peak 54.27M) | Time:00:00.06 | Syncing rear cuirass row 2 curved lamella
Fra:1 Mem:54.30M (Peak 54.30M) | Time:00:00.06 | Syncing rear cuirass row 2 curved lamella
Fra:1 Mem:54.32M (Peak 54.32M) | Time:00:00.06 | Syncing rear cuirass row 2 curved lamella
Fra:1 Mem:54.35M (Peak 54.35M) | Time:00:00.06 | Syncing rear cuirass row 2 curved lamella
Fra:1 Mem:54.37M (Peak 54.37M) | Time:00:00.06 | Syncing rear cuirass row 2 curved lamella
Fra:1 Mem:54.39M (Peak 54.39M) | Time:00:00.06 | Syncing rear cuirass row 2 curved lamella
Fra:1 Mem:54.42M (Peak 54.42M) | Time:00:00.06 | Syncing front cuirass row 3 curved lamell
Fra:1 Mem:54.44M (Peak 54.44M) | Time:00:00.06 | Syncing front cuirass row 3 curved lamell
Fra:1 Mem:54.47M (Peak 54.47M) | Time:00:00.06 | Syncing front cuirass row 3 curved lamell
Fra:1 Mem:54.49M (Peak 54.49M) | Time:00:00.06 | Syncing front cuirass row 3 curved lamell
Fra:1 Mem:54.51M (Peak 54.51M) | Time:00:00.06 | Syncing front cuirass row 3 curved lamell
Fra:1 Mem:54.54M (Peak 54.54M) | Time:00:00.06 | Syncing front cuirass row 3 curved lamell
Fra:1 Mem:54.56M (Peak 54.56M) | Time:00:00.06 | Syncing front cuirass row 3 curved lamell
Fra:1 Mem:54.59M (Peak 54.59M) | Time:00:00.06 | Syncing front cuirass row 3 curved lamell
Fra:1 Mem:54.61M (Peak 54.61M) | Time:00:00.06 | Syncing front cuirass row 3 curved lamell
Fra:1 Mem:54.63M (Peak 54.63M) | Time:00:00.06 | Syncing rear cuirass row 3 curved lamella
Fra:1 Mem:54.66M (Peak 54.66M) | Time:00:00.06 | Syncing rear cuirass row 3 curved lamella
Fra:1 Mem:54.68M (Peak 54.68M) | Time:00:00.06 | Syncing rear cuirass row 3 curved lamella
Fra:1 Mem:54.71M (Peak 54.71M) | Time:00:00.06 | Syncing rear cuirass row 3 curved lamella
Fra:1 Mem:54.73M (Peak 54.73M) | Time:00:00.06 | Syncing rear cuirass row 3 curved lamella
Fra:1 Mem:54.75M (Peak 54.75M) | Time:00:00.06 | Syncing rear cuirass row 3 curved lamella
Fra:1 Mem:54.78M (Peak 54.78M) | Time:00:00.06 | Syncing rear cuirass row 3 curved lamella
Fra:1 Mem:54.80M (Peak 54.80M) | Time:00:00.06 | Syncing rear cuirass row 3 curved lamella
Fra:1 Mem:54.83M (Peak 54.83M) | Time:00:00.06 | Syncing rear cuirass row 3 curved lamella
Fra:1 Mem:54.85M (Peak 54.85M) | Time:00:00.06 | Syncing front cuirass row 4 curved lamell
Fra:1 Mem:54.87M (Peak 54.87M) | Time:00:00.06 | Syncing front cuirass row 4 curved lamell
Fra:1 Mem:54.90M (Peak 54.90M) | Time:00:00.06 | Syncing front cuirass row 4 curved lamell
Fra:1 Mem:54.92M (Peak 54.92M) | Time:00:00.06 | Syncing front cuirass row 4 curved lamell
Fra:1 Mem:54.95M (Peak 54.95M) | Time:00:00.06 | Syncing front cuirass row 4 curved lamell
Fra:1 Mem:54.97M (Peak 54.97M) | Time:00:00.06 | Syncing front cuirass row 4 curved lamell
Fra:1 Mem:54.99M (Peak 54.99M) | Time:00:00.06 | Syncing front cuirass row 4 curved lamell
Fra:1 Mem:55.02M (Peak 55.02M) | Time:00:00.06 | Syncing front cuirass row 4 curved lamell
Fra:1 Mem:55.04M (Peak 55.04M) | Time:00:00.06 | Syncing front cuirass row 4 curved lamell
Fra:1 Mem:55.07M (Peak 55.07M) | Time:00:00.06 | Syncing rear cuirass row 4 curved lamella
Fra:1 Mem:55.09M (Peak 55.09M) | Time:00:00.06 | Syncing rear cuirass row 4 curved lamella
Fra:1 Mem:55.11M (Peak 55.11M) | Time:00:00.06 | Syncing rear cuirass row 4 curved lamella
Fra:1 Mem:55.14M (Peak 55.14M) | Time:00:00.06 | Syncing rear cuirass row 4 curved lamella
Fra:1 Mem:55.16M (Peak 55.16M) | Time:00:00.06 | Syncing rear cuirass row 4 curved lamella
Fra:1 Mem:55.19M (Peak 55.19M) | Time:00:00.06 | Syncing rear cuirass row 4 curved lamella
Fra:1 Mem:55.21M (Peak 55.21M) | Time:00:00.06 | Syncing rear cuirass row 4 curved lamella
Fra:1 Mem:55.23M (Peak 55.23M) | Time:00:00.06 | Syncing rear cuirass row 4 curved lamella
Fra:1 Mem:55.26M (Peak 55.26M) | Time:00:00.06 | Syncing rear cuirass row 4 curved lamella
Fra:1 Mem:55.28M (Peak 55.28M) | Time:00:00.06 | Syncing front cuirass row 5 curved lamell
Fra:1 Mem:55.31M (Peak 55.31M) | Time:00:00.06 | Syncing front cuirass row 5 curved lamell
Fra:1 Mem:55.33M (Peak 55.33M) | Time:00:00.06 | Syncing front cuirass row 5 curved lamell
Fra:1 Mem:55.35M (Peak 55.35M) | Time:00:00.06 | Syncing front cuirass row 5 curved lamell
Fra:1 Mem:55.38M (Peak 55.38M) | Time:00:00.06 | Syncing front cuirass row 5 curved lamell
Fra:1 Mem:55.40M (Peak 55.40M) | Time:00:00.06 | Syncing front cuirass row 5 curved lamell
Fra:1 Mem:55.43M (Peak 55.43M) | Time:00:00.06 | Syncing front cuirass row 5 curved lamell
Fra:1 Mem:55.45M (Peak 55.45M) | Time:00:00.06 | Syncing front cuirass row 5 curved lamell
Fra:1 Mem:55.47M (Peak 55.47M) | Time:00:00.06 | Syncing front cuirass row 5 curved lamell
Fra:1 Mem:55.50M (Peak 55.50M) | Time:00:00.06 | Syncing rear cuirass row 5 curved lamella
Fra:1 Mem:55.52M (Peak 55.52M) | Time:00:00.06 | Syncing rear cuirass row 5 curved lamella
Fra:1 Mem:55.55M (Peak 55.55M) | Time:00:00.06 | Syncing rear cuirass row 5 curved lamella
Fra:1 Mem:55.57M (Peak 55.57M) | Time:00:00.07 | Syncing rear cuirass row 5 curved lamella
Fra:1 Mem:55.59M (Peak 55.59M) | Time:00:00.07 | Syncing rear cuirass row 5 curved lamella
Fra:1 Mem:55.62M (Peak 55.62M) | Time:00:00.07 | Syncing rear cuirass row 5 curved lamella
Fra:1 Mem:55.64M (Peak 55.64M) | Time:00:00.07 | Syncing rear cuirass row 5 curved lamella
Fra:1 Mem:55.67M (Peak 55.67M) | Time:00:00.07 | Syncing rear cuirass row 5 curved lamella
Fra:1 Mem:55.69M (Peak 55.69M) | Time:00:00.07 | Syncing rear cuirass row 5 curved lamella
Fra:1 Mem:55.71M (Peak 55.71M) | Time:00:00.07 | Syncing left side cuirass plate 1
Fra:1 Mem:55.73M (Peak 55.73M) | Time:00:00.07 | Syncing left side cuirass plate 2
Fra:1 Mem:55.74M (Peak 55.74M) | Time:00:00.07 | Syncing left side cuirass plate 3
Fra:1 Mem:55.76M (Peak 55.76M) | Time:00:00.07 | Syncing right side cuirass plate 1
Fra:1 Mem:55.77M (Peak 55.77M) | Time:00:00.07 | Syncing right side cuirass plate 2
Fra:1 Mem:55.79M (Peak 55.79M) | Time:00:00.07 | Syncing right side cuirass plate 3
Fra:1 Mem:55.80M (Peak 55.80M) | Time:00:00.07 | Syncing left shoulder undercloth
Fra:1 Mem:55.86M (Peak 55.86M) | Time:00:00.07 | Syncing left sode shoulder plate 1
Fra:1 Mem:55.87M (Peak 55.87M) | Time:00:00.07 | Syncing left sode shoulder plate 2
Fra:1 Mem:55.88M (Peak 55.88M) | Time:00:00.07 | Syncing left sode shoulder plate 3
Fra:1 Mem:55.90M (Peak 55.90M) | Time:00:00.07 | Syncing left sode shoulder plate 4
Fra:1 Mem:55.91M (Peak 55.91M) | Time:00:00.07 | Syncing left armored upper arm
Fra:1 Mem:55.97M (Peak 55.97M) | Time:00:00.07 | Syncing left sode shoulder armor
Fra:1 Mem:56.01M (Peak 56.01M) | Time:00:00.07 | Syncing left kote forearm guard
Fra:1 Mem:56.06M (Peak 56.06M) | Time:00:00.07 | Syncing left leather palm volume
Fra:1 Mem:56.10M (Peak 56.12M) | Time:00:00.07 | Syncing left articulated index finger
Fra:1 Mem:56.11M (Peak 56.12M) | Time:00:00.07 | Syncing left index fingertip
Fra:1 Mem:56.12M (Peak 56.12M) | Time:00:00.07 | Syncing left articulated middle finger
Fra:1 Mem:56.13M (Peak 56.13M) | Time:00:00.07 | Syncing left middle fingertip
Fra:1 Mem:56.14M (Peak 56.14M) | Time:00:00.07 | Syncing left articulated ring finger
Fra:1 Mem:56.15M (Peak 56.15M) | Time:00:00.07 | Syncing left ring fingertip
Fra:1 Mem:56.17M (Peak 56.17M) | Time:00:00.07 | Syncing left articulated pinky finger
Fra:1 Mem:56.18M (Peak 56.18M) | Time:00:00.07 | Syncing left pinky fingertip
Fra:1 Mem:56.19M (Peak 56.19M) | Time:00:00.07 | Syncing left opposed thumb
Fra:1 Mem:56.20M (Peak 56.20M) | Time:00:00.07 | Syncing left thumb fingertip
Fra:1 Mem:56.21M (Peak 56.21M) | Time:00:00.07 | Syncing right shoulder undercloth
Fra:1 Mem:56.27M (Peak 56.27M) | Time:00:00.07 | Syncing right sode shoulder plate 1
Fra:1 Mem:56.28M (Peak 56.28M) | Time:00:00.07 | Syncing right sode shoulder plate 2
Fra:1 Mem:56.29M (Peak 56.29M) | Time:00:00.07 | Syncing right sode shoulder plate 3
Fra:1 Mem:56.31M (Peak 56.31M) | Time:00:00.07 | Syncing right sode shoulder plate 4
Fra:1 Mem:56.32M (Peak 56.32M) | Time:00:00.07 | Syncing right armored upper arm
Fra:1 Mem:56.38M (Peak 56.38M) | Time:00:00.07 | Syncing right sode shoulder armor
Fra:1 Mem:56.42M (Peak 56.42M) | Time:00:00.07 | Syncing right kote forearm guard
Fra:1 Mem:56.48M (Peak 56.48M) | Time:00:00.07 | Syncing right leather palm volume
Fra:1 Mem:56.51M (Peak 56.51M) | Time:00:00.07 | Syncing right articulated index finger
Fra:1 Mem:56.52M (Peak 56.52M) | Time:00:00.07 | Syncing right index fingertip
Fra:1 Mem:56.53M (Peak 56.53M) | Time:00:00.07 | Syncing right articulated middle finger
Fra:1 Mem:56.54M (Peak 56.54M) | Time:00:00.07 | Syncing right middle fingertip
Fra:1 Mem:56.55M (Peak 56.55M) | Time:00:00.07 | Syncing right articulated ring finger
Fra:1 Mem:56.56M (Peak 56.56M) | Time:00:00.07 | Syncing right ring fingertip
Fra:1 Mem:56.58M (Peak 56.58M) | Time:00:00.07 | Syncing right articulated pinky finger
Fra:1 Mem:56.59M (Peak 56.59M) | Time:00:00.07 | Syncing right pinky fingertip
Fra:1 Mem:56.60M (Peak 56.60M) | Time:00:00.07 | Syncing right opposed thumb
Fra:1 Mem:56.61M (Peak 56.61M) | Time:00:00.07 | Syncing right thumb fingertip
Fra:1 Mem:56.62M (Peak 56.62M) | Time:00:00.07 | Syncing kusazuri skirt plate -1 row 1
Fra:1 Mem:56.64M (Peak 56.64M) | Time:00:00.07 | Syncing rear kusazuri skirt plate -1 row 
Fra:1 Mem:56.65M (Peak 56.65M) | Time:00:00.07 | Syncing kusazuri skirt plate -1 row 2
Fra:1 Mem:56.66M (Peak 56.66M) | Time:00:00.07 | Syncing rear kusazuri skirt plate -1 row 
Fra:1 Mem:56.68M (Peak 56.68M) | Time:00:00.07 | Syncing kusazuri skirt plate -1 row 3
Fra:1 Mem:56.69M (Peak 56.69M) | Time:00:00.07 | Syncing rear kusazuri skirt plate -1 row 
Fra:1 Mem:56.71M (Peak 56.71M) | Time:00:00.07 | Syncing kusazuri skirt plate +0 row 1
Fra:1 Mem:56.72M (Peak 56.72M) | Time:00:00.07 | Syncing rear kusazuri skirt plate +0 row 
Fra:1 Mem:56.73M (Peak 56.73M) | Time:00:00.07 | Syncing kusazuri skirt plate +0 row 2
Fra:1 Mem:56.75M (Peak 56.75M) | Time:00:00.07 | Syncing rear kusazuri skirt plate +0 row 
Fra:1 Mem:56.76M (Peak 56.76M) | Time:00:00.07 | Syncing kusazuri skirt plate +0 row 3
Fra:1 Mem:56.78M (Peak 56.78M) | Time:00:00.07 | Syncing rear kusazuri skirt plate +0 row 
Fra:1 Mem:56.79M (Peak 56.79M) | Time:00:00.07 | Syncing kusazuri skirt plate +1 row 1
Fra:1 Mem:56.80M (Peak 56.80M) | Time:00:00.07 | Syncing rear kusazuri skirt plate +1 row 
Fra:1 Mem:56.82M (Peak 56.82M) | Time:00:00.07 | Syncing kusazuri skirt plate +1 row 2
Fra:1 Mem:56.83M (Peak 56.83M) | Time:00:00.07 | Syncing rear kusazuri skirt plate +1 row 
Fra:1 Mem:56.84M (Peak 56.84M) | Time:00:00.07 | Syncing kusazuri skirt plate +1 row 3
Fra:1 Mem:56.86M (Peak 56.86M) | Time:00:00.07 | Syncing rear kusazuri skirt plate +1 row 
Fra:1 Mem:56.87M (Peak 56.87M) | Time:00:00.07 | Syncing left hakama trouser leg
Fra:1 Mem:56.93M (Peak 56.93M) | Time:00:00.07 | Syncing left shin greave
Fra:1 Mem:56.98M (Peak 56.98M) | Time:00:00.07 | Syncing left split-toe tabi foot volume
Fra:1 Mem:57.03M (Peak 57.03M) | Time:00:00.07 | Syncing left separated big toe
Fra:1 Mem:57.05M (Peak 57.05M) | Time:00:00.07 | Syncing left outer toe group
Fra:1 Mem:57.07M (Peak 57.07M) | Time:00:00.07 | Syncing left woven waraji sole grounded
Fra:1 Mem:57.08M (Peak 57.08M) | Time:00:00.07 | Syncing left sandal toe strap
Fra:1 Mem:57.09M (Peak 57.15M) | Time:00:00.07 | Syncing left heel strap
Fra:1 Mem:57.09M (Peak 57.15M) | Time:00:00.07 | Syncing left hakama pleat 1
Fra:1 Mem:57.10M (Peak 57.15M) | Time:00:00.07 | Syncing left hakama pleat 2
Fra:1 Mem:57.11M (Peak 57.15M) | Time:00:00.07 | Syncing left hakama pleat 3
Fra:1 Mem:57.12M (Peak 57.15M) | Time:00:00.07 | Syncing right hakama trouser leg
Fra:1 Mem:57.20M (Peak 57.20M) | Time:00:00.07 | Syncing right shin greave
Fra:1 Mem:57.26M (Peak 57.26M) | Time:00:00.07 | Syncing right split-toe tabi foot volume
Fra:1 Mem:57.30M (Peak 57.30M) | Time:00:00.07 | Syncing right separated big toe
Fra:1 Mem:57.33M (Peak 57.33M) | Time:00:00.07 | Syncing right outer toe group
Fra:1 Mem:57.35M (Peak 57.35M) | Time:00:00.07 | Syncing right woven waraji sole grounded
Fra:1 Mem:57.35M (Peak 57.35M) | Time:00:00.07 | Syncing right sandal toe strap
Fra:1 Mem:57.36M (Peak 57.36M) | Time:00:00.07 | Syncing right heel strap
Fra:1 Mem:57.37M (Peak 57.37M) | Time:00:00.07 | Syncing right hakama pleat 1
Fra:1 Mem:57.37M (Peak 57.37M) | Time:00:00.07 | Syncing right hakama pleat 2
Fra:1 Mem:57.38M (Peak 57.38M) | Time:00:00.07 | Syncing right hakama pleat 3
Fra:1 Mem:57.38M (Peak 57.38M) | Time:00:00.07 | Syncing drawn katana blade spine
Fra:1 Mem:57.39M (Peak 57.45M) | Time:00:00.07 | Syncing bright sharpened katana edge
Fra:1 Mem:57.40M (Peak 57.45M) | Time:00:00.07 | Syncing wrapped katana grip
Fra:1 Mem:57.41M (Peak 57.45M) | Time:00:00.07 | Syncing square tsuba guard
Fra:1 Mem:57.42M (Peak 57.45M) | Time:00:00.07 | Syncing lacquered saya scabbard at left h
Fra:1 Mem:57.43M (Peak 57.45M) | Time:00:00.07 | Syncing waist sash tying armor
Fra:1 Mem:57.43M (Peak 57.45M) | Time:00:00.07 | Syncing bamboo sashimono back pole
Fra:1 Mem:57.44M (Peak 57.45M) | Time:00:00.07 | Syncing small lacquered sashimono crossba
Fra:1 Mem:57.46M (Peak 57.46M) | Time:00:00.07 | Syncing cloth sashimono banner panel
Fra:1 Mem:57.47M (Peak 57.52M) | Time:00:00.07 | Syncing simple round clan mon on banner
Fra:1 Mem:57.51M (Peak 57.52M) | Time:00:00.07 | Syncing cool key
Fra:1 Mem:57.51M (Peak 57.52M) | Time:00:00.07 | Syncing rim
Fra:1 Mem:57.51M (Peak 57.52M) | Time:00:00.07 | Syncing hero cam
Fra:1 Mem:57.51M (Peak 57.52M) | Time:00:00.07 | Syncing samurai_v2_provenance
Fra:1 Mem:57.54M (Peak 57.64M) | Time:00:00.08 | Rendering 1 / 32 samples
Fra:1 Mem:54.65M (Peak 57.64M) | Time:00:02.28 | Rendering 26 / 32 samples
Fra:1 Mem:54.65M (Peak 57.64M) | Time:00:02.66 | Rendering 32 / 32 samples
Saved: '/tmp/factoryx-v21-render/samurai-repaired-full-20-v21/uesugi-01/samurai_character_left.png'
 Time: 00:02.77 (Saving: 00:00.03)

ERROR (bke.modifier): ./source/blender/blenkernel/intern/modifier.cc:458 BKE_modifier_set_error: Object: "rear cuirass row 3 curved lamellar plate 02", Modifier: "weighted normals", Enable 'Auto Smooth' in Object Data Properties
ERROR (bke.modifier): ./source/blender/blenkernel/intern/modifier.cc:458 BKE_modifier_set_error: Object: "rear cuirass row 3 curved lamellar plate 08", Modifier: "weighted normals", Enable 'Auto Smooth' in Object Data Properties
ERROR (bke.modifier): ./source/blender/blenkernel/intern/modifier.cc:458 BKE_modifier_set_error: Object: "rear cuirass row 3 curved lamellar plate 01", Modifier: "weighted normals", Enable 'Auto Smooth' in Object Data Properties
ERROR (bke.modifier): ./source/blender/blenkernel/intern/modifier.cc:458 BKE_modifier_set_error: Object: "front cuirass row 4 curved lamellar plate 03", Modifier: "weighted normals", Enable 'Auto Smooth' in Object Data Properties
ERROR (bke.modifier): ./source/blender/blenkernel/intern/modifier.cc:458 BKE_modifier_set_error: Object: "rear cuirass row 3 curved lamellar plate 04", Modifier: "weighted normals", Enable 'Auto Smooth' in Object Data Properties
ERROR (bke.modifier): ./source/blender/blenkernel/intern/modifier.cc:458 BKE_modifier_set_error: Object: "rear cuirass row 3 curved lamellar plate 03", Modifier: "weighted normals", Enable 'Auto Smooth' in Object Data Properties
ERROR (bke.modifier): ./source/blender/blenkernel/intern/modifier.cc:458 BKE_modifier_set_error: Object: "rear cuirass row 3 curved lamellar plate 05", Modifier: "weighted normals", Enable 'Auto Smooth' in Object Data Properties
ERROR (bke.modifier): ./source/blender/blenkernel/intern/modifier.cc:458 BKE_modifier_set_error: Object: "rear cuirass row 3 curved lamellar plate 06", Modifier: "weighted normals", Enable 'Auto Smooth' in Object Data Properties
ERROR (bke.modifier): ./source/blender/blenkernel/intern/modifier.cc:458 BKE_modifier_set_error: Object: "rear cuirass row 3 curved lamellar plate 07", Modifier: "weighted normals", Enable 'Auto Smooth' in Object Data Properties
ERROR (bke.modifier): ./source/blender/blenkernel/intern/modifier.cc:458 BKE_modifier_set_error: Object: "rear cuirass row 3 curved lamellar plate 09", Modifier: "weighted normals", Enable 'Auto Smooth' in Object Data Properties
ERROR (bke.modifier): ./source/blender/blenkernel/intern/modifier.cc:458 BKE_modifier_set_error: Object: "front cuirass row 3 curved lamellar plate 09", Modifier: "weighted normals", Enable 'Auto Smooth' in Object Data Properties
ERROR (bke.modifier): ./source/blender/blenkernel/intern/modifier.cc:458 BKE_modifier_set_error: Object: "front cuirass row 4 curved lamellar plate 01", Modifier: "weighted normals", Enable 'Auto Smooth' in Object Data Properties
ERROR (bke.modifier): ./source/blender/blenkernel/intern/modifier.cc:458 BKE_modifier_set_error: Object: "front cuirass row 4 curved lamellar plate 02", Modifier: "weighted normals", Enable 'Auto Smooth' in Object Data Properties
ERROR (bke.modifier): ./source/blender/blenkernel/intern/modifier.cc:458 BKE_modifier_set_error: Object: "front cuirass row 4 curved lamellar plate 05", Modifier: "weighted normals", Enable 'Auto Smooth' in Object Data Properties
ERROR (bke.modifier): ./source/blender/blenkernel/intern/modifier.cc:458 BKE_modifier_set_error: Object: "front cuirass row 4 curved lamellar plate 04", Modifier: "weighted normals", Enable 'Auto Smooth' in Object Data Properties
ERROR (bke.modifier): ./source/blender/blenkernel/intern/modifier.cc:458 BKE_modifier_set_error: Object: "front cuirass row 4 curved lamellar plate 06", Modifier: "weighted normals", Enable 'Auto Smooth' in Object Data Properties
ERROR (bke.modifier): ./source/blender/blenkernel/intern/modifier.cc:458 BKE_modifier_set_error: Object: "front cuirass row 4 curved lamellar plate 07", Modifier: "weighted normals", Enable 'Auto Smooth' in Object Data Properties
ERROR (bke.modifier): ./source/blender/blenkernel/intern/modifier.cc:458 BKE_modifier_set_error: Object: "front cuirass row 4 curved lamellar plate 08", Modifier: "weighted normals", Enable 'Auto Smooth' in Object Data Properties
ERROR (bke.modifier): ./source/blender/blenkernel/intern/modifier.cc:458 BKE_modifier_set_error: Object: "front cuirass row 4 curved lamellar plate 09", Modifier: "weighted normals", Enable 'Auto Smooth' in Object Data Properties
ERROR (bke.modifier): ./source/blender/blenkernel/intern/modifier.cc:458 BKE_modifier_set_error: Object: "rear cuirass row 4 curved lamellar plate 01", Modifier: "weighted normals", Enable 'Auto Smooth' in Object Data Properties
ERROR (bke.modifier): ./source/blender/blenkernel/intern/modifier.cc:458 BKE_modifier_set_error: Object: "rear cuirass row 4 curved lamellar plate 02", Modifier: "weighted normals", Enable 'Auto Smooth' in Object Data Properties
ERROR (bke.modifier): ./source/blender/blenkernel/intern/modifier.cc:458 BKE_modifier_set_error: Object: "rear cuirass row 4 curved lamellar plate 03", Modifier: "weighted normals", Enable 'Auto Smooth' in Object Data Properties
ERROR (bke.modifier): ./source/blender/blenkernel/intern/modifier.cc:458 BKE_modifier_set_error: Object: "rear cuirass row 4 curved lamellar plate 04", Modifier: "weighted normals", Enable 'Auto Smooth' in Object Data Properties
ERROR (bke.modifier): ./source/blender/blenkernel/intern/modifier.cc:458 BKE_modifier_set_error: Object: "front cuirass row 3 curved lamellar plate 08", Modifier: "weighted normals", Enable 'Auto Smooth' in Object Data Properties
ERROR (bke.modifier): ./source/blender/blenkernel/intern/modifier.cc:458 BKE_modifier_set_error: Object: "rear cuirass row 4 curved lamellar plate 05", Modifier: "weighted normals", Enable 'Auto Smooth' in Object Data Properties
ERROR (bke.modifier): ./source/blender/blenkernel/intern/modifier.cc:458 BKE_modifier_set_error: Object: "rear cuirass row 4 curved lamellar plate 06", Modifier: "weighted normals", Enable 'Auto Smooth' in Object Data Properties
ERROR (bke.modifier): ./source/blender/blenkernel/intern/modifier.cc:458 BKE_modifier_set_error: Object: "rear cuirass row 4 curved lamellar plate 07", Modifier: "weighted normals", Enable 'Auto Smooth' in Object Data Properties
ERROR (bke.modifier): ./source/blender/blenkernel/intern/modifier.cc:458 BKE_modifier_set_error: Object: "rear cuirass row 4 curved lamellar plate 08", Modifier: "weighted normals", Enable 'Auto Smooth' in Object Data Properties
ERROR (bke.modifier): ./source/blender/blenkernel/intern/modifier.cc:458 BKE_modifier_set_error: Object: "rear cuirass row 4 curved lamellar plate 09", Modifier: "weighted normals", Enable 'Auto Smooth' in Object Data Properties
ERROR (bke.modifier): ./source/blender/blenkernel/intern/modifier.cc:458 BKE_modifier_set_error: Object: "front cuirass row 5 curved lamellar plate 02", Modifier: "weighted normals", Enable 'Auto Smooth' in Object Data Properties
ERROR (bke.modifier): ./source/blender/blenkernel/intern/modifier.cc:458 BKE_modifier_set_error: Object: "front cuirass row 3 curved lamellar plate 07", Modifier: "weighted normals", Enable 'Auto Smooth' in Object Data Properties
ERROR (bke.modifier): ./source/blender/blenkernel/intern/modifier.cc:458 BKE_modifier_set_error: Object: "front cuirass row 5 curved lamellar plate 03", Modifier: "weighted normals", Enable 'Auto Smooth' in Object Data Properties
ERROR (bke.modifier): ./source/blender/blenkernel/intern/modifier.cc:458 BKE_modifier_set_error: Object: "front cuirass row 5 curved lamellar plate 01", Modifier: "weighted normals", Enable 'Auto Smooth' in Object Data Properties
ERROR (bke.modifier): ./source/blender/blenkernel/intern/modifier.cc:458 BKE_modifier_set_error: Object: "front cuirass row 5 curved lamellar plate 04", Modifier: "weighted normals", Enable 'Auto Smooth' in Object Data Properties
ERROR (bke.modifier): ./source/blender/blenkernel/intern/modifier.cc:458 BKE_modifier_set_error: Object: "front cuirass row 5 curved lamellar plate 06", Modifier: "weighted normals", Enable 'Auto Smooth' in Object Data Properties
ERROR (bke.modifier): ./source/blender/blenkernel/intern/modifier.cc:458 BKE_modifier_set_error: Object: "front cuirass row 5 curved lamellar plate 05", Modifier: "weighted normals", Enable 'Auto Smooth' in Object Data Properties
ERROR (bke.modifier): ./source/blender/blenkernel/intern/modifier.cc:458 BKE_modifier_set_error: Object: "front cuirass row 5 curved lamellar plate 07", Modifier: "weighted normals", Enable 'Auto Smooth' in Object Data Properties
ERROR (bke.modifier): ./source/blender/blenkernel/intern/modifier.cc:458 BKE_modifier_set_error: Object: "front cuirass row 5 curved lamellar plate 09", Modifier: "weighted normals", Enable 'Auto Smooth' in Object Data Properties
ERROR (bke.modifier): ./source/blender/blenkernel/intern/modifier.cc:458 BKE_modifier_set_error: Object: "front cuirass row 5 curved lamellar plate 08", Modifier: "weighted normals", Enable 'Auto Smooth' in Object Data Properties
ERROR (bke.modifier): ./source/blender/blenkernel/intern/modifier.cc:458 BKE_modifier_set_error: Object: "rear cuirass row 5 curved lamellar plate 01", Modifier: "weighted normals", Enable 'Auto Smooth' in Object Data Properties
ERROR (bke.modifier): ./source/blender/blenkernel/intern/modifier.cc:458 BKE_modifier_set_error: Object: "rear cuirass row 5 curved lamellar plate 04", Modifier: "weighted normals", Enable 'Auto Smooth' in Object Data Properties
ERROR (bke.modifier): ./source/blender/blenkernel/intern/modifier.cc:458 BKE_modifier_set_error: Object: "rear cuirass row 5 curved lamellar plate 03", Modifier: "weighted normals", Enable 'Auto Smooth' in Object Data Properties
ERROR (bke.modifier): ./source/blender/blenkernel/intern/modifier.cc:458 BKE_modifier_set_error: Object: "rear cuirass row 5 curved lamellar plate 02", Modifier: "weighted normals", Enable 'Auto Smooth' in Object Data Properties
ERROR (bke.modifier): ./source/blender/blenkernel/intern/modifier.cc:458 BKE_modifier_set_error: Object: "rear cuirass row 5 curved lamellar plate 06", Modifier: "weighted normals", Enable 'Auto Smooth' in Object Data Properties
ERROR (bke.modifier): ./source/blender/blenkernel/intern/modifier.cc:458 BKE_modifier_set_error: Object: "rear cuirass row 5 curved lamellar plate 07", Modifier: "weighted normals", Enable 'Auto Smooth' in Object Data Properties
ERROR (bke.modifier): ./source/blender/blenkernel/intern/modifier.cc:458 BKE_modifier_set_error: Object: "rear cuirass row 5 curved lamellar plate 05", Modifier: "weighted normals", Enable 'Auto Smooth' in Object Data Properties
ERROR (bke.modifier): ./source/blender/blenkernel/intern/modifier.cc:458 BKE_modifier_set_error: Object: "front cuirass row 3 curved lamellar plate 06", Modifier: "weighted normals", Enable 'Auto Smooth' in Object Data Properties
ERROR (bke.modifier): ./source/blender/blenkernel/intern/modifier.cc:458 BKE_modifier_set_error: Object: "rear cuirass row 5 curved lamellar plate 08", Modifier: "weighted normals", Enable 'Auto Smooth' in Object Data Properties
ERROR (bke.modifier): ./source/blender/blenkernel/intern/modifier.cc:458 BKE_modifier_set_error: Object: "rear cuirass row 5 curved lamellar plate 09", Modifier: "weighted normals", Enable 'Auto Smooth' in Object Data Properties
ERROR (bke.modifier): ./source/blender/blenkernel/intern/modifier.cc:458 BKE_modifier_set_error: Object: "left shoulder undercloth", Modifier: "weighted normals", Enable 'Auto Smooth' in Object Data Properties
ERROR (bke.modifier): ./source/blender/blenkernel/intern/modifier.cc:458 BKE_modifier_set_error: Object: "front cuirass row 3 curved lamellar plate 05", Modifier: "weighted normals", Enable 'Auto Smooth' in Object Data Properties
ERROR (bke.modifier): ./source/blender/blenkernel/intern/modifier.cc:458 BKE_modifier_set_error: Object: "left sode shoulder armor", Modifier: "weighted normals", Enable 'Auto Smooth' in Object Data Properties
ERROR (bke.modifier): ./source/blender/blenkernel/intern/modifier.cc:458 BKE_modifier_set_error: Object: "left armored upper arm", Modifier: "weighted normals", Enable 'Auto Smooth' in Object Data Properties
ERROR (bke.modifier): ./source/blender/blenkernel/intern/modifier.cc:458 BKE_modifier_set_error: Object: "left kote forearm guard", Modifier: "weighted normals", Enable 'Auto Smooth' in Object Data Properties
ERROR (bke.modifier): ./source/blender/blenkernel/intern/modifier.cc:458 BKE_modifier_set_error: Object: "left leather palm volume", Modifier: "weighted normals", Enable 'Auto Smooth' in Object Data Properties
ERROR (bke.modifier): ./source/blender/blenkernel/intern/modifier.cc:458 BKE_modifier_set_error: Object: "front cuirass row 3 curved lamellar plate 04", Modifier: "weighted normals", Enable 'Auto Smooth' in Object Data Properties
ERROR (bke.modifier): ./source/blender/blenkernel/intern/modifier.cc:458 BKE_modifier_set_error: Object: "front cuirass row 3 curved lamellar plate 03", Modifier: "weighted normals", Enable 'Auto Smooth' in Object Data Properties
ERROR (bke.modifier): ./source/blender/blenkernel/intern/modifier.cc:458 BKE_modifier_set_error: Object: "left index fingertip", Modifier: "weighted normals", Enable 'Auto Smooth' in Object Data Properties
ERROR (bke.modifier): ./source/blender/blenkernel/intern/modifier.cc:458 BKE_modifier_set_error: Object: "left middle fingertip", Modifier: "weighted normals", Enable 'Auto Smooth' in Object Data Properties
ERROR (bke.modifier): ./source/blender/blenkernel/intern/modifier.cc:458 BKE_modifier_set_error: Object: "front cuirass row 3 curved lamellar plate 02", Modifier: "weighted normals", Enable 'Auto Smooth' in Object Data Properties
ERROR (bke.modifier): ./source/blender/blenkernel/intern/modifier.cc:458 BKE_modifier_set_error: Object: "left ring fingertip", Modifier: "weighted normals", Enable 'Auto Smooth' in Object Data Properties
ERROR (bke.modifier): ./source/blender/blenkernel/intern/modifier.cc:458 BKE_modifier_set_error: Object: "front cuirass row 3 curved lamellar plate 01", Modifier: "weighted normals", Enable 'Auto Smooth' in Object Data Properties
ERROR (bke.modifier): ./source/blender/blenkernel/intern/modifier.cc:458 BKE_modifier_set_error: Object: "left pinky fingertip", Modifier: "weighted normals", Enable 'Auto Smooth' in Object Data Properties
ERROR (bke.modifier): ./source/blender/blenkernel/intern/modifier.cc:458 BKE_modifier_set_error: Object: "right shoulder undercloth", Modifier: "weighted normals", Enable 'Auto Smooth' in Object Data Properties
ERROR (bke.modifier): ./source/blender/blenkernel/intern/modifier.cc:458 BKE_modifier_set_error: Object: "left thumb fingertip", Modifier: "weighted normals", Enable 'Auto Smooth' in Object Data Properties
ERROR (bke.modifier): ./source/blender/blenkernel/intern/modifier.cc:458 BKE_modifier_set_error: Object: "rear cuirass row 2 curved lamellar plate 09", Modifier: "weighted normals", Enable 'Auto Smooth' in Object Data Properties
ERROR (bke.modifier): ./source/blender/blenkernel/intern/modifier.cc:458 BKE_modifier_set_error: Object: "right side cuirass plate 3", Modifier: "weighted normals", Enable 'Auto Smooth' in Object Data Properties
ERROR (bke.modifier): ./source/blender/blenkernel/intern/modifier.cc:458 BKE_modifier_set_error: Object: "right armored upper arm", Modifier: "weighted normals", Enable 'Auto Smooth' in Object Data Properties
ERROR (bke.modifier): ./source/blender/blenkernel/intern/modifier.cc:458 BKE_modifier_set_error: Object: "rear cuirass row 2 curved lamellar plate 08", Modifier: "weighted normals", Enable 'Auto Smooth' in Object Data Properties
ERROR (bke.modifier): ./source/blender/blenkernel/intern/modifier.cc:458 BKE_modifier_set_error: Object: "right sode shoulder armor", Modifier: "weighted normals", Enable 'Auto Smooth' in Object Data Properties
ERROR (bke.modifier): ./source/blender/blenkernel/intern/modifier.cc:458 BKE_modifier_set_error: Object: "left sode shoulder plate 1", Modifier: "weighted normals", Enable 'Auto Smooth' in Object Data Properties
ERROR (bke.modifier): ./source/blender/blenkernel/intern/modifier.cc:458 BKE_modifier_set_error: Object: "right kote forearm guard", Modifier: "weighted normals", Enable 'Auto Smooth' in Object Data Properties
ERROR (bke.modifier): ./source/blender/blenkernel/intern/modifier.cc:458 BKE_modifier_set_error: Object: "left side cuirass plate 1", Modifier: "weighted normals", Enable 'Auto Smooth' in Object Data Properties
ERROR (bke.modifier): ./source/blender/blenkernel/intern/modifier.cc:458 BKE_modifier_set_error: Object: "left sode shoulder plate 3", Modifier: "weighted normals", Enable 'Auto Smooth' in Object Data Properties
ERROR (bke.modifier): ./source/blender/blenkernel/intern/modifier.cc:458 BKE_modifier_set_error: Object: "left sode shoulder plate 4", Modifier: "weighted normals", Enable 'Auto Smooth' in Object Data Properties
ERROR (bke.modifier): ./source/blender/blenkernel/intern/modifier.cc:458 BKE_modifier_set_error: Object: "left side cuirass plate 3", Modifier: "weighted normals", Enable 'Auto Smooth' in Object Data Properties
ERROR (bke.modifier): ./source/blender/blenkernel/intern/modifier.cc:458 BKE_modifier_set_error: Object: "rear cuirass row 2 curved lamellar plate 07", Modifier: "weighted normals", Enable 'Auto Smooth' in Object Data Properties
ERROR (bke.modifier): ./source/blender/blenkernel/intern/modifier.cc:458 BKE_modifier_set_error: Object: "left side cuirass plate 2", Modifier: "weighted normals", Enable 'Auto Smooth' in Object Data Properties
ERROR (bke.modifier): ./source/blender/blenkernel/intern/modifier.cc:458 BKE_modifier_set_error: Object: "left sode shoulder plate 2", Modifier: "weighted normals", Enable 'Auto Smooth' in Object Data Properties
ERROR (bke.modifier): ./source/blender/blenkernel/intern/modifier.cc:458 BKE_modifier_set_error: Object: "right leather palm volume", Modifier: "weighted normals", Enable 'Auto Smooth' in Object Data Properties
ERROR (bke.modifier): ./source/blender/blenkernel/intern/modifier.cc:458 BKE_modifier_set_error: Object: "right index fingertip", Modifier: "weighted normals", Enable 'Auto Smooth' in Object Data Properties
ERROR (bke.modifier): ./source/blender/blenkernel/intern/modifier.cc:458 BKE_modifier_set_error: Object: "right side cuirass plate 1", Modifier: "weighted normals", Enable 'Auto Smooth' in Object Data Properties
ERROR (bke.modifier): ./source/blender/blenkernel/intern/modifier.cc:458 BKE_modifier_set_error: Object: "rear cuirass row 2 curved lamellar plate 06", Modifier: "weighted normals", Enable 'Auto Smooth' in Object Data Properties
ERROR (bke.modifier): ./source/blender/blenkernel/intern/modifier.cc:458 BKE_modifier_set_error: Object: "right middle fingertip", Modifier: "weighted normals", Enable 'Auto Smooth' in Object Data Properties
ERROR (bke.modifier): ./source/blender/blenkernel/intern/modifier.cc:458 BKE_modifier_set_error: Object: "right ring fingertip", Modifier: "weighted normals", Enable 'Auto Smooth' in Object Data Properties
ERROR (bke.modifier): ./source/blender/blenkernel/intern/modifier.cc:458 BKE_modifier_set_error: Object: "right thumb fingertip", Modifier: "weighted normals", Enable 'Auto Smooth' in Object Data Properties
ERROR (bke.modifier): ./source/blender/blenkernel/intern/modifier.cc:458 BKE_modifier_set_error: Object: "rear cuirass row 2 curved lamellar plate 05", Modifier: "weighted normals", Enable 'Auto Smooth' in Object Data Properties
ERROR (bke.modifier): ./source/blender/blenkernel/intern/modifier.cc:458 BKE_modifier_set_error: Object: "right sode shoulder plate 2", Modifier: "weighted normals", Enable 'Auto Smooth' in Object Data Properties
ERROR (bke.modifier): ./source/blender/blenkernel/intern/modifier.cc:458 BKE_modifier_set_error: Object: "right side cuirass plate 2", Modifier: "weighted normals", Enable 'Auto Smooth' in Object Data Properties
ERROR (bke.modifier): ./source/blender/blenkernel/intern/modifier.cc:458 BKE_modifier_set_error: Object: "right pinky fingertip", Modifier: "weighted normals", Enable 'Auto Smooth' in Object Data Properties
ERROR (bke.modifier): ./source/blender/blenkernel/intern/modifier.cc:458 BKE_modifier_set_error: Object: "right sode shoulder plate 3", Modifier: "weighted normals", Enable 'Auto Smooth' in Object Data Properties
ERROR (bke.modifier): ./source/blender/blenkernel/intern/modifier.cc:458 BKE_modifier_set_error: Object: "rear cuirass row 2 curved lamellar plate 04", Modifier: "weighted normals", Enable 'Auto Smooth' in Object Data Properties
ERROR (bke.modifier): ./source/blender/blenkernel/intern/modifier.cc:458 BKE_modifier_set_error: Object: "rear cuirass row 2 curved lamellar plate 03", Modifier: "weighted normals", Enable 'Auto Smooth' in Object Data Properties
ERROR (bke.modifier): ./source/blender/blenkernel/intern/modifier.cc:458 BKE_modifier_set_error: Object: "right sode shoulder plate 4", Modifier: "weighted normals", Enable 'Auto Smooth' in Object Data Properties
ERROR (bke.modifier): ./source/blender/blenkernel/intern/modifier.cc:458 BKE_modifier_set_error: Object: "rear kusazuri skirt plate -1 row 2", Modifier: "weighted normals", Enable 'Auto Smooth' in Object Data Properties
ERROR (bke.modifier): ./source/blender/blenkernel/intern/modifier.cc:458 BKE_modifier_set_error: Object: "right sode shoulder plate 1", Modifier: "weighted normals", Enable 'Auto Smooth' in Object Data Properties
ERROR (bke.modifier): ./source/blender/blenkernel/intern/modifier.cc:458 BKE_modifier_set_error: Object: "kusazuri skirt plate -1 row 3", Modifier: "weighted normals", Enable 'Auto Smooth' in Object Data Properties
ERROR (bke.modifier): ./source/blender/blenkernel/intern/modifier.cc:458 BKE_modifier_set_error: Object: "rear cuirass row 2 curved lamellar plate 02", Modifier: "weighted normals", Enable 'Auto Smooth' in Object Data Properties
ERROR (bke.modifier): ./source/blender/blenkernel/intern/modifier.cc:458 BKE_modifier_set_error: Object: "rear kusazuri skirt plate -1 row 3", Modifier: "weighted normals", Enable 'Auto Smooth' in Object Data Properties
ERROR (bke.modifier): ./source/blender/blenkernel/intern/modifier.cc:458 BKE_modifier_set_error: Object: "rear cuirass row 2 curved lamellar plate 01", Modifier: "weighted normals", Enable 'Auto Smooth' in Object Data Properties
ERROR (bke.modifier): ./source/blender/blenkernel/intern/modifier.cc:458 BKE_modifier_set_error: Object: "kusazuri skirt plate -1 row 2", Modifier: "weighted normals", Enable 'Auto Smooth' in Object Data Properties
ERROR (bke.modifier): ./source/blender/blenkernel/intern/modifier.cc:458 BKE_modifier_set_error: Object: "kusazuri skirt plate +0 row 1", Modifier: "weighted normals", Enable 'Auto Smooth' in Object Data Properties
ERROR (bke.modifier): ./source/blender/blenkernel/intern/modifier.cc:458 BKE_modifier_set_error: Object: "kusazuri skirt plate +0 row 2", Modifier: "weighted normals", Enable 'Auto Smooth' in Object Data Properties
ERROR (bke.modifier): ./source/blender/blenkernel/intern/modifier.cc:458 BKE_modifier_set_error: Object: "rear kusazuri skirt plate +0 row 1", Modifier: "weighted normals", Enable 'Auto Smooth' in Object Data Properties
ERROR (bke.modifier): ./source/blender/blenkernel/intern/modifier.cc:458 BKE_modifier_set_error: Object: "kusazuri skirt plate -1 row 1", Modifier: "weighted normals", Enable 'Auto Smooth' in Object Data Properties
ERROR (bke.modifier): ./source/blender/blenkernel/intern/modifier.cc:458 BKE_modifier_set_error: Object: "front cuirass row 2 curved lamellar plate 09", Modifier: "weighted normals", Enable 'Auto Smooth' in Object Data Properties
ERROR (bke.modifier): ./source/blender/blenkernel/intern/modifier.cc:458 BKE_modifier_set_error: Object: "left hakama trouser leg", Modifier: "weighted normals", Enable 'Auto Smooth' in Object Data Properties
ERROR (bke.modifier): ./source/blender/blenkernel/intern/modifier.cc:458 BKE_modifier_set_error: Object: "rear kusazuri skirt plate +1 row 1", Modifier: "weighted normals", Enable 'Auto Smooth' in Object Data Properties
ERROR (bke.modifier): ./source/blender/blenkernel/intern/modifier.cc:458 BKE_modifier_set_error: Object: "left shin greave", Modifier: "weighted normals", Enable 'Auto Smooth' in Object Data Properties
ERROR (bke.modifier): ./source/blender/blenkernel/intern/modifier.cc:458 BKE_modifier_set_error: Object: "rear kusazuri skirt plate +0 row 2", Modifier: "weighted normals", Enable 'Auto Smooth' in Object Data Properties
ERROR (bke.modifier): ./source/blender/blenkernel/intern/modifier.cc:458 BKE_modifier_set_error: Object: "left split-toe tabi foot volume", Modifier: "weighted normals", Enable 'Auto Smooth' in Object Data Properties
ERROR (bke.modifier): ./source/blender/blenkernel/intern/modifier.cc:458 BKE_modifier_set_error: Object: "left outer toe group", Modifier: "weighted normals", Enable 'Auto Smooth' in Object Data Properties
ERROR (bke.modifier): ./source/blender/blenkernel/intern/modifier.cc:458 BKE_modifier_set_error: Object: "left separated big toe", Modifier: "weighted normals", Enable 'Auto Smooth' in Object Data Properties
ERROR (bke.modifier): ./source/blender/blenkernel/intern/modifier.cc:458 BKE_modifier_set_error: Object: "kusazuri skirt plate +0 row 3", Modifier: "weighted normals", Enable 'Auto Smooth' in Object Data Properties
ERROR (bke.modifier): ./source/blender/blenkernel/intern/modifier.cc:458 BKE_modifier_set_error: Object: "rear kusazuri skirt plate +0 row 3", Modifier: "weighted normals", Enable 'Auto Smooth' in Object Data Properties
ERROR (bke.modifier): ./source/blender/blenkernel/intern/modifier.cc:458 BKE_modifier_set_error: Object: "front cuirass row 2 curved lamellar plate 08", Modifier: "weighted normals", Enable 'Auto Smooth' in Object Data Properties
ERROR (bke.modifier): ./source/blender/blenkernel/intern/modifier.cc:458 BKE_modifier_set_error: Object: "rear kusazuri skirt plate -1 row 1", Modifier: "weighted normals", Enable 'Auto Smooth' in Object Data Properties
ERROR (bke.modifier): ./source/blender/blenkernel/intern/modifier.cc:458 BKE_modifier_set_error: Object: "kusazuri skirt plate +1 row 1", Modifier: "weighted normals", Enable 'Auto Smooth' in Object Data Properties
ERROR (bke.modifier): ./source/blender/blenkernel/intern/modifier.cc:458 BKE_modifier_set_error: Object: "right hakama trouser leg", Modifier: "weighted normals", Enable 'Auto Smooth' in Object Data Properties
ERROR (bke.modifier): ./source/blender/blenkernel/intern/modifier.cc:458 BKE_modifier_set_error: Object: "front cuirass row 2 curved lamellar plate 07", Modifier: "weighted normals", Enable 'Auto Smooth' in Object Data Properties
ERROR (bke.modifier): ./source/blender/blenkernel/intern/modifier.cc:458 BKE_modifier_set_error: Object: "right shin greave", Modifier: "weighted normals", Enable 'Auto Smooth' in Object Data Properties
ERROR (bke.modifier): ./source/blender/blenkernel/intern/modifier.cc:458 BKE_modifier_set_error: Object: "right split-toe tabi foot volume", Modifier: "weighted normals", Enable 'Auto Smooth' in Object Data Properties
ERROR (bke.modifier): ./source/blender/blenkernel/intern/modifier.cc:458 BKE_modifier_set_error: Object: "right separated big toe", Modifier: "weighted normals", Enable 'Auto Smooth' in Object Data Properties
ERROR (bke.modifier): ./source/blender/blenkernel/intern/modifier.cc:458 BKE_modifier_set_error: Object: "right outer toe group", Modifier: "weighted normals", Enable 'Auto Smooth' in Object Data Properties
ERROR (bke.modifier): ./source/blender/blenkernel/intern/modifier.cc:458 BKE_modifier_set_error: Object: "front cuirass row 2 curved lamellar plate 06", Modifier: "weighted normals", Enable 'Auto Smooth' in Object Data Properties
ERROR (bke.modifier): ./source/blender/blenkernel/intern/modifier.cc:458 BKE_modifier_set_error: Object: "left woven waraji sole grounded", Modifier: "weighted normals", Enable 'Auto Smooth' in Object Data Properties
ERROR (bke.modifier): ./source/blender/blenkernel/intern/modifier.cc:458 BKE_modifier_set_error: Object: "rear kusazuri skirt plate +1 row 2", Modifier: "weighted normals", Enable 'Auto Smooth' in Object Data Properties
ERROR (bke.modifier): ./source/blender/blenkernel/intern/modifier.cc:458 BKE_modifier_set_error: Object: "kusazuri skirt plate +1 row 2", Modifier: "weighted normals", Enable 'Auto Smooth' in Object Data Properties
ERROR (bke.modifier): ./source/blender/blenkernel/intern/modifier.cc:458 BKE_modifier_set_error: Object: "kusazuri skirt plate +1 row 3", Modifier: "weighted normals", Enable 'Auto Smooth' in Object Data Properties
ERROR (bke.modifier): ./source/blender/blenkernel/intern/modifier.cc:458 BKE_modifier_set_error: Object: "front cuirass row 2 curved lamellar plate 05", Modifier: "weighted normals", Enable 'Auto Smooth' in Object Data Properties
ERROR (bke.modifier): ./source/blender/blenkernel/intern/modifier.cc:458 BKE_modifier_set_error: Object: "wrapped katana grip", Modifier: "weighted normals", Enable 'Auto Smooth' in Object Data Properties
ERROR (bke.modifier): ./source/blender/blenkernel/intern/modifier.cc:458 BKE_modifier_set_error: Object: "simple round clan mon on banner", Modifier: "weighted normals", Enable 'Auto Smooth' in Object Data Properties
ERROR (bke.modifier): ./source/blender/blenkernel/intern/modifier.cc:458 BKE_modifier_set_error: Object: "rear kusazuri skirt plate +1 row 3", Modifier: "weighted normals", Enable 'Auto Smooth' in Object Data Properties
ERROR (bke.modifier): ./source/blender/blenkernel/intern/modifier.cc:458 BKE_modifier_set_error: Object: "front cuirass row 2 curved lamellar plate 04", Modifier: "weighted normals", Enable 'Auto Smooth' in Object Data Properties
ERROR (bke.modifier): ./source/blender/blenkernel/intern/modifier.cc:458 BKE_modifier_set_error: Object: "visible human head behind mempo", Modifier: "weighted normals", Enable 'Auto Smooth' in Object Data Properties
ERROR (bke.modifier): ./source/blender/blenkernel/intern/modifier.cc:458 BKE_modifier_set_error: Object: "neck guard collar", Modifier: "weighted normals", Enable 'Auto Smooth' in Object Data Properties
ERROR (bke.modifier): ./source/blender/blenkernel/intern/modifier.cc:458 BKE_modifier_set_error: Object: "thin exposed neck", Modifier: "weighted normals", Enable 'Auto Smooth' in Object Data Properties
ERROR (bke.modifier): ./source/blender/blenkernel/intern/modifier.cc:458 BKE_modifier_set_error: Object: "ribcage under-kimono volume", Modifier: "weighted normals", Enable 'Auto Smooth' in Object Data Properties
ERROR (bke.modifier): ./source/blender/blenkernel/intern/modifier.cc:458 BKE_modifier_set_error: Object: "narrow waist under-kimono volume", Modifier: "weighted normals", Enable 'Auto Smooth' in Object Data Properties
ERROR (bke.modifier): ./source/blender/blenkernel/intern/modifier.cc:458 BKE_modifier_set_error: Object: "segmented kabuto helmet bowl", Modifier: "weighted normals", Enable 'Auto Smooth' in Object Data Properties
ERROR (bke.modifier): ./source/blender/blenkernel/intern/modifier.cc:458 BKE_modifier_set_error: Object: "wide kabuto brim", Modifier: "weighted normals", Enable 'Auto Smooth' in Object Data Properties
ERROR (bke.modifier): ./source/blender/blenkernel/intern/modifier.cc:458 BKE_modifier_set_error: Object: "rear shikoro neck guard flare", Modifier: "weighted normals", Enable 'Auto Smooth' in Object Data Properties
ERROR (bke.modifier): ./source/blender/blenkernel/intern/modifier.cc:458 BKE_modifier_set_error: Object: "front cuirass row 2 curved lamellar plate 03", Modifier: "weighted normals", Enable 'Auto Smooth' in Object Data Properties
ERROR (bke.modifier): ./source/blender/blenkernel/intern/modifier.cc:458 BKE_modifier_set_error: Object: "crest central rivet", Modifier: "weighted normals", Enable 'Auto Smooth' in Object Data Properties
ERROR (bke.modifier): ./source/blender/blenkernel/intern/modifier.cc:458 BKE_modifier_set_error: Object: "dark iron mempo cheek mask", Modifier: "weighted normals", Enable 'Auto Smooth' in Object Data Properties
ERROR (bke.modifier): ./source/blender/blenkernel/intern/modifier.cc:458 BKE_modifier_set_error: Object: "front cuirass row 2 curved lamellar plate 02", Modifier: "weighted normals", Enable 'Auto Smooth' in Object Data Properties
ERROR (bke.modifier): ./source/blender/blenkernel/intern/modifier.cc:458 BKE_modifier_set_error: Object: "right woven waraji sole grounded", Modifier: "weighted normals", Enable 'Auto Smooth' in Object Data Properties
ERROR (bke.modifier): ./source/blender/blenkernel/intern/modifier.cc:458 BKE_modifier_set_error: Object: "throat guard row 1 curved lamellar plate 01", Modifier: "weighted normals", Enable 'Auto Smooth' in Object Data Properties
ERROR (bke.modifier): ./source/blender/blenkernel/intern/modifier.cc:458 BKE_modifier_set_error: Object: "left side helmet flange", Modifier: "weighted normals", Enable 'Auto Smooth' in Object Data Properties
ERROR (bke.modifier): ./source/blender/blenkernel/intern/modifier.cc:458 BKE_modifier_set_error: Object: "front cuirass row 2 curved lamellar plate 01", Modifier: "weighted normals", Enable 'Auto Smooth' in Object Data Properties
ERROR (bke.modifier): ./source/blender/blenkernel/intern/modifier.cc:458 BKE_modifier_set_error: Object: "throat guard row 1 curved lamellar plate 02", Modifier: "weighted normals", Enable 'Auto Smooth' in Object Data Properties
ERROR (bke.modifier): ./source/blender/blenkernel/intern/modifier.cc:458 BKE_modifier_set_error: Object: "throat guard row 2 curved lamellar plate 02", Modifier: "weighted normals", Enable 'Auto Smooth' in Object Data Properties
ERROR (bke.modifier): ./source/blender/blenkernel/intern/modifier.cc:458 BKE_modifier_set_error: Object: "throat guard row 1 curved lamellar plate 05", Modifier: "weighted normals", Enable 'Auto Smooth' in Object Data Properties
ERROR (bke.modifier): ./source/blender/blenkernel/intern/modifier.cc:458 BKE_modifier_set_error: Object: "throat guard row 1 curved lamellar plate 03", Modifier: "weighted normals", Enable 'Auto Smooth' in Object Data Properties
ERROR (bke.modifier): ./source/blender/blenkernel/intern/modifier.cc:458 BKE_modifier_set_error: Object: "square tsuba guard", Modifier: "weighted normals", Enable 'Auto Smooth' in Object Data Properties
ERROR (bke.modifier): ./source/blender/blenkernel/intern/modifier.cc:458 BKE_modifier_set_error: Object: "throat guard row 1 curved lamellar plate 04", Modifier: "weighted normals", Enable 'Auto Smooth' in Object Data Properties
ERROR (bke.modifier): ./source/blender/blenkernel/intern/modifier.cc:458 BKE_modifier_set_error: Object: "rear cuirass row 1 curved lamellar plate 09", Modifier: "weighted normals", Enable 'Auto Smooth' in Object Data Properties
ERROR (bke.modifier): ./source/blender/blenkernel/intern/modifier.cc:458 BKE_modifier_set_error: Object: "throat guard row 2 curved lamellar plate 01", Modifier: "weighted normals", Enable 'Auto Smooth' in Object Data Properties
ERROR (bke.modifier): ./source/blender/blenkernel/intern/modifier.cc:458 BKE_modifier_set_error: Object: "throat guard row 2 curved lamellar plate 04", Modifier: "weighted normals", Enable 'Auto Smooth' in Object Data Properties
ERROR (bke.modifier): ./source/blender/blenkernel/intern/modifier.cc:458 BKE_modifier_set_error: Object: "throat guard row 2 curved lamellar plate 03", Modifier: "weighted normals", Enable 'Auto Smooth' in Object Data Properties
ERROR (bke.modifier): ./source/blender/blenkernel/intern/modifier.cc:458 BKE_modifier_set_error: Object: "throat guard row 2 curved lamellar plate 05", Modifier: "weighted normals", Enable 'Auto Smooth' in Object Data Properties
ERROR (bke.modifier): ./source/blender/blenkernel/intern/modifier.cc:458 BKE_modifier_set_error: Object: "throat guard row 3 curved lamellar plate 04", Modifier: "weighted normals", Enable 'Auto Smooth' in Object Data Properties
ERROR (bke.modifier): ./source/blender/blenkernel/intern/modifier.cc:458 BKE_modifier_set_error: Object: "small lacquered sashimono crossbar", Modifier: "weighted normals", Enable 'Auto Smooth' in Object Data Properties
ERROR (bke.modifier): ./source/blender/blenkernel/intern/modifier.cc:458 BKE_modifier_set_error: Object: "throat guard row 3 curved lamellar plate 03", Modifier: "weighted normals", Enable 'Auto Smooth' in Object Data Properties
ERROR (bke.modifier): ./source/blender/blenkernel/intern/modifier.cc:458 BKE_modifier_set_error: Object: "throat guard row 3 curved lamellar plate 01", Modifier: "weighted normals", Enable 'Auto Smooth' in Object Data Properties
ERROR (bke.modifier): ./source/blender/blenkernel/intern/modifier.cc:458 BKE_modifier_set_error: Object: "throat guard row 3 curved lamellar plate 02", Modifier: "weighted normals", Enable 'Auto Smooth' in Object Data Properties
ERROR (bke.modifier): ./source/blender/blenkernel/intern/modifier.cc:458 BKE_modifier_set_error: Object: "throat guard row 3 curved lamellar plate 05", Modifier: "weighted normals", Enable 'Auto Smooth' in Object Data Properties
ERROR (bke.modifier): ./source/blender/blenkernel/intern/modifier.cc:458 BKE_modifier_set_error: Object: "front cuirass row 1 curved lamellar plate 01", Modifier: "weighted normals", Enable 'Auto Smooth' in Object Data Properties
ERROR (bke.modifier): ./source/blender/blenkernel/intern/modifier.cc:458 BKE_modifier_set_error: Object: "rear cuirass row 1 curved lamellar plate 08", Modifier: "weighted normals", Enable 'Auto Smooth' in Object Data Properties
ERROR (bke.modifier): ./source/blender/blenkernel/intern/modifier.cc:458 BKE_modifier_set_error: Object: "cloth sashimono banner panel", Modifier: "weighted normals", Enable 'Auto Smooth' in Object Data Properties
ERROR (bke.modifier): ./source/blender/blenkernel/intern/modifier.cc:458 BKE_modifier_set_error: Object: "matte charcoal inspection plinth", Modifier: "weighted normals", Enable 'Auto Smooth' in Object Data Properties
ERROR (bke.modifier): ./source/blender/blenkernel/intern/modifier.cc:458 BKE_modifier_set_error: Object: "upper do cuirass fitted shell", Modifier: "weighted normals", Enable 'Auto Smooth' in Object Data Properties
ERROR (bke.modifier): ./source/blender/blenkernel/intern/modifier.cc:458 BKE_modifier_set_error: Object: "front cuirass row 1 curved lamellar plate 06", Modifier: "weighted normals", Enable 'Auto Smooth' in Object Data Properties
ERROR (bke.modifier): ./source/blender/blenkernel/intern/modifier.cc:458 BKE_modifier_set_error: Object: "front cuirass row 1 curved lamellar plate 05", Modifier: "weighted normals", Enable 'Auto Smooth' in Object Data Properties
ERROR (bke.modifier): ./source/blender/blenkernel/intern/modifier.cc:458 BKE_modifier_set_error: Object: "front cuirass row 1 curved lamellar plate 02", Modifier: "weighted normals", Enable 'Auto Smooth' in Object Data Properties
ERROR (bke.modifier): ./source/blender/blenkernel/intern/modifier.cc:458 BKE_modifier_set_error: Object: "front cuirass row 1 curved lamellar plate 07", Modifier: "weighted normals", Enable 'Auto Smooth' in Object Data Properties
ERROR (bke.modifier): ./source/blender/blenkernel/intern/modifier.cc:458 BKE_modifier_set_error: Object: "lower do cuirass narrowed shell", Modifier: "weighted normals", Enable 'Auto Smooth' in Object Data Properties
ERROR (bke.modifier): ./source/blender/blenkernel/intern/modifier.cc:458 BKE_modifier_set_error: Object: "front cuirass row 1 curved lamellar plate 09", Modifier: "weighted normals", Enable 'Auto Smooth' in Object Data Properties
ERROR (bke.modifier): ./source/blender/blenkernel/intern/modifier.cc:458 BKE_modifier_set_error: Object: "rear cuirass row 1 curved lamellar plate 01", Modifier: "weighted normals", Enable 'Auto Smooth' in Object Data Properties
ERROR (bke.modifier): ./source/blender/blenkernel/intern/modifier.cc:458 BKE_modifier_set_error: Object: "rear cuirass row 1 curved lamellar plate 02", Modifier: "weighted normals", Enable 'Auto Smooth' in Object Data Properties
ERROR (bke.modifier): ./source/blender/blenkernel/intern/modifier.cc:458 BKE_modifier_set_error: Object: "rear cuirass row 1 curved lamellar plate 03", Modifier: "weighted normals", Enable 'Auto Smooth' in Object Data Properties
ERROR (bke.modifier): ./source/blender/blenkernel/intern/modifier.cc:458 BKE_modifier_set_error: Object: "rear cuirass row 1 curved lamellar plate 04", Modifier: "weighted normals", Enable 'Auto Smooth' in Object Data Properties
ERROR (bke.modifier): ./source/blender/blenkernel/intern/modifier.cc:458 BKE_modifier_set_error: Object: "rear cuirass row 1 curved lamellar plate 05", Modifier: "weighted normals", Enable 'Auto Smooth' in Object Data Properties
ERROR (bke.modifier): ./source/blender/blenkernel/intern/modifier.cc:458 BKE_modifier_set_error: Object: "front cuirass row 1 curved lamellar plate 04", Modifier: "weighted normals", Enable 'Auto Smooth' in Object Data Properties
ERROR (bke.modifier): ./source/blender/blenkernel/intern/modifier.cc:458 BKE_modifier_set_error: Object: "rear cuirass row 1 curved lamellar plate 06", Modifier: "weighted normals", Enable 'Auto Smooth' in Object Data Properties
ERROR (bke.modifier): ./source/blender/blenkernel/intern/modifier.cc:458 BKE_modifier_set_error: Object: "left eye slit", Modifier: "weighted normals", Enable 'Auto Smooth' in Object Data Properties
ERROR (bke.modifier): ./source/blender/blenkernel/intern/modifier.cc:458 BKE_modifier_set_error: Object: "rear cuirass row 1 curved lamellar plate 07", Modifier: "weighted normals", Enable 'Auto Smooth' in Object Data Properties
ERROR (bke.modifier): ./source/blender/blenkernel/intern/modifier.cc:458 BKE_modifier_set_error: Object: "front cuirass row 1 curved lamellar plate 08", Modifier: "weighted normals", Enable 'Auto Smooth' in Object Data Properties
ERROR (bke.modifier): ./source/blender/blenkernel/intern/modifier.cc:458 BKE_modifier_set_error: Object: "mempo grim mouth slit", Modifier: "weighted normals", Enable 'Auto Smooth' in Object Data Properties
ERROR (bke.modifier): ./source/blender/blenkernel/intern/modifier.cc:458 BKE_modifier_set_error: Object: "front cuirass row 1 curved lamellar plate 03", Modifier: "weighted normals", Enable 'Auto Smooth' in Object Data Properties
ERROR (bke.modifier): ./source/blender/blenkernel/intern/modifier.cc:458 BKE_modifier_set_error: Object: "right side helmet flange", Modifier: "weighted normals", Enable 'Auto Smooth' in Object Data Properties
ERROR (bke.modifier): ./source/blender/blenkernel/intern/modifier.cc:458 BKE_modifier_set_error: Object: "mempo nose ridge", Modifier: "weighted normals", Enable 'Auto Smooth' in Object Data Properties
ERROR (bke.modifier): ./source/blender/blenkernel/intern/modifier.cc:458 BKE_modifier_set_error: Object: "right eye slit", Modifier: "weighted normals", Enable 'Auto Smooth' in Object Data Properties
Fra:1 Mem:52.29M (Peak 52.32M) | Time:00:00.05 | Syncing matte charcoal inspection plinth
Fra:1 Mem:52.31M (Peak 52.35M) | Time:00:00.05 | Syncing ribcage under-kimono volume
Fra:1 Mem:52.40M (Peak 52.40M) | Time:00:00.05 | Syncing narrow waist under-kimono volume
Fra:1 Mem:52.47M (Peak 52.47M) | Time:00:00.05 | Syncing visible human head behind mempo
Fra:1 Mem:52.56M (Peak 52.56M) | Time:00:00.05 | Syncing thin exposed neck
Fra:1 Mem:52.57M (Peak 52.57M) | Time:00:00.05 | Syncing neck guard collar
Fra:1 Mem:52.58M (Peak 52.63M) | Time:00:00.05 | Syncing segmented kabuto helmet bowl
Fra:1 Mem:52.75M (Peak 52.76M) | Time:00:00.05 | Syncing wide kabuto brim
Fra:1 Mem:52.78M (Peak 52.78M) | Time:00:00.05 | Syncing rear shikoro neck guard flare
Fra:1 Mem:52.80M (Peak 52.80M) | Time:00:00.05 | Syncing left side helmet flange
Fra:1 Mem:52.81M (Peak 52.81M) | Time:00:00.05 | Syncing right side helmet flange
Fra:1 Mem:52.82M (Peak 52.82M) | Time:00:00.05 | Syncing golden maedate crescent crest
Fra:1 Mem:52.84M (Peak 52.89M) | Time:00:00.05 | Syncing crest central rivet
Fra:1 Mem:52.85M (Peak 52.89M) | Time:00:00.05 | Syncing dark iron mempo cheek mask
Fra:1 Mem:52.94M (Peak 52.94M) | Time:00:00.05 | Syncing mempo nose ridge
Fra:1 Mem:52.95M (Peak 52.95M) | Time:00:00.05 | Syncing left eye slit
Fra:1 Mem:52.97M (Peak 52.97M) | Time:00:00.05 | Syncing right eye slit
Fra:1 Mem:52.98M (Peak 52.98M) | Time:00:00.05 | Syncing mempo grim mouth slit
Fra:1 Mem:52.99M (Peak 52.99M) | Time:00:00.05 | Syncing left mask moustache bristle
Fra:1 Mem:53.00M (Peak 53.00M) | Time:00:00.05 | Syncing right mask moustache bristle
Fra:1 Mem:53.01M (Peak 53.01M) | Time:00:00.05 | Syncing throat guard row 1 curved lamella
Fra:1 Mem:53.03M (Peak 53.03M) | Time:00:00.05 | Syncing throat guard row 1 curved lamella
Fra:1 Mem:53.06M (Peak 53.06M) | Time:00:00.05 | Syncing throat guard row 1 curved lamella
Fra:1 Mem:53.08M (Peak 53.08M) | Time:00:00.05 | Syncing throat guard row 1 curved lamella
Fra:1 Mem:53.10M (Peak 53.10M) | Time:00:00.05 | Syncing throat guard row 1 curved lamella
Fra:1 Mem:53.13M (Peak 53.13M) | Time:00:00.05 | Syncing throat guard row 2 curved lamella
Fra:1 Mem:53.15M (Peak 53.15M) | Time:00:00.05 | Syncing throat guard row 2 curved lamella
Fra:1 Mem:53.18M (Peak 53.18M) | Time:00:00.05 | Syncing throat guard row 2 curved lamella
Fra:1 Mem:53.20M (Peak 53.20M) | Time:00:00.05 | Syncing throat guard row 2 curved lamella
Fra:1 Mem:53.22M (Peak 53.22M) | Time:00:00.05 | Syncing throat guard row 2 curved lamella
Fra:1 Mem:53.25M (Peak 53.25M) | Time:00:00.05 | Syncing throat guard row 3 curved lamella
Fra:1 Mem:53.27M (Peak 53.27M) | Time:00:00.05 | Syncing throat guard row 3 curved lamella
Fra:1 Mem:53.30M (Peak 53.30M) | Time:00:00.05 | Syncing throat guard row 3 curved lamella
Fra:1 Mem:53.32M (Peak 53.32M) | Time:00:00.05 | Syncing throat guard row 3 curved lamella
Fra:1 Mem:53.34M (Peak 53.34M) | Time:00:00.05 | Syncing throat guard row 3 curved lamella
Fra:1 Mem:53.37M (Peak 53.37M) | Time:00:00.05 | Syncing upper do cuirass fitted shell
Fra:1 Mem:53.47M (Peak 53.47M) | Time:00:00.06 | Syncing lower do cuirass narrowed shell
Fra:1 Mem:53.55M (Peak 53.55M) | Time:00:00.06 | Syncing front cuirass row 1 curved lamell
Fra:1 Mem:53.58M (Peak 53.58M) | Time:00:00.06 | Syncing front cuirass row 1 curved lamell
Fra:1 Mem:53.60M (Peak 53.60M) | Time:00:00.06 | Syncing front cuirass row 1 curved lamell
Fra:1 Mem:53.63M (Peak 53.63M) | Time:00:00.06 | Syncing front cuirass row 1 curved lamell
Fra:1 Mem:53.65M (Peak 53.65M) | Time:00:00.06 | Syncing front cuirass row 1 curved lamell
Fra:1 Mem:53.67M (Peak 53.67M) | Time:00:00.06 | Syncing front cuirass row 1 curved lamell
Fra:1 Mem:53.70M (Peak 53.70M) | Time:00:00.06 | Syncing front cuirass row 1 curved lamell
Fra:1 Mem:53.72M (Peak 53.72M) | Time:00:00.06 | Syncing front cuirass row 1 curved lamell
Fra:1 Mem:53.75M (Peak 53.75M) | Time:00:00.06 | Syncing front cuirass row 1 curved lamell
Fra:1 Mem:53.77M (Peak 53.77M) | Time:00:00.06 | Syncing rear cuirass row 1 curved lamella
Fra:1 Mem:53.79M (Peak 53.79M) | Time:00:00.06 | Syncing rear cuirass row 1 curved lamella
Fra:1 Mem:53.82M (Peak 53.82M) | Time:00:00.06 | Syncing rear cuirass row 1 curved lamella
Fra:1 Mem:53.84M (Peak 53.84M) | Time:00:00.06 | Syncing rear cuirass row 1 curved lamella
Fra:1 Mem:53.87M (Peak 53.87M) | Time:00:00.06 | Syncing rear cuirass row 1 curved lamella
Fra:1 Mem:53.89M (Peak 53.89M) | Time:00:00.06 | Syncing rear cuirass row 1 curved lamella
Fra:1 Mem:53.91M (Peak 53.91M) | Time:00:00.06 | Syncing rear cuirass row 1 curved lamella
Fra:1 Mem:53.94M (Peak 53.94M) | Time:00:00.06 | Syncing rear cuirass row 1 curved lamella
Fra:1 Mem:53.96M (Peak 53.96M) | Time:00:00.06 | Syncing rear cuirass row 1 curved lamella
Fra:1 Mem:53.98M (Peak 53.98M) | Time:00:00.06 | Syncing front cuirass row 2 curved lamell
Fra:1 Mem:54.01M (Peak 54.01M) | Time:00:00.06 | Syncing front cuirass row 2 curved lamell
Fra:1 Mem:54.03M (Peak 54.03M) | Time:00:00.06 | Syncing front cuirass row 2 curved lamell
Fra:1 Mem:54.06M (Peak 54.06M) | Time:00:00.06 | Syncing front cuirass row 2 curved lamell
Fra:1 Mem:54.08M (Peak 54.08M) | Time:00:00.06 | Syncing front cuirass row 2 curved lamell
Fra:1 Mem:54.10M (Peak 54.10M) | Time:00:00.06 | Syncing front cuirass row 2 curved lamell
Fra:1 Mem:54.13M (Peak 54.13M) | Time:00:00.06 | Syncing front cuirass row 2 curved lamell
Fra:1 Mem:54.15M (Peak 54.15M) | Time:00:00.06 | Syncing front cuirass row 2 curved lamell
Fra:1 Mem:54.18M (Peak 54.18M) | Time:00:00.06 | Syncing front cuirass row 2 curved lamell
Fra:1 Mem:54.20M (Peak 54.20M) | Time:00:00.06 | Syncing rear cuirass row 2 curved lamella
Fra:1 Mem:54.23M (Peak 54.23M) | Time:00:00.06 | Syncing rear cuirass row 2 curved lamella
Fra:1 Mem:54.25M (Peak 54.25M) | Time:00:00.06 | Syncing rear cuirass row 2 curved lamella
Fra:1 Mem:54.27M (Peak 54.27M) | Time:00:00.06 | Syncing rear cuirass row 2 curved lamella
Fra:1 Mem:54.30M (Peak 54.30M) | Time:00:00.06 | Syncing rear cuirass row 2 curved lamella
Fra:1 Mem:54.32M (Peak 54.32M) | Time:00:00.06 | Syncing rear cuirass row 2 curved lamella
Fra:1 Mem:54.35M (Peak 54.35M) | Time:00:00.06 | Syncing rear cuirass row 2 curved lamella
Fra:1 Mem:54.37M (Peak 54.37M) | Time:00:00.06 | Syncing rear cuirass row 2 curved lamella
Fra:1 Mem:54.39M (Peak 54.39M) | Time:00:00.06 | Syncing rear cuirass row 2 curved lamella
Fra:1 Mem:54.42M (Peak 54.42M) | Time:00:00.06 | Syncing front cuirass row 3 curved lamell
Fra:1 Mem:54.44M (Peak 54.44M) | Time:00:00.06 | Syncing front cuirass row 3 curved lamell
Fra:1 Mem:54.47M (Peak 54.47M) | Time:00:00.06 | Syncing front cuirass row 3 curved lamell
Fra:1 Mem:54.49M (Peak 54.49M) | Time:00:00.06 | Syncing front cuirass row 3 curved lamell
Fra:1 Mem:54.51M (Peak 54.51M) | Time:00:00.06 | Syncing front cuirass row 3 curved lamell
Fra:1 Mem:54.54M (Peak 54.54M) | Time:00:00.06 | Syncing front cuirass row 3 curved lamell
Fra:1 Mem:54.56M (Peak 54.56M) | Time:00:00.06 | Syncing front cuirass row 3 curved lamell
Fra:1 Mem:54.59M (Peak 54.59M) | Time:00:00.06 | Syncing front cuirass row 3 curved lamell
Fra:1 Mem:54.61M (Peak 54.61M) | Time:00:00.06 | Syncing front cuirass row 3 curved lamell
Fra:1 Mem:54.63M (Peak 54.63M) | Time:00:00.06 | Syncing rear cuirass row 3 curved lamella
Fra:1 Mem:54.66M (Peak 54.66M) | Time:00:00.06 | Syncing rear cuirass row 3 curved lamella
Fra:1 Mem:54.68M (Peak 54.68M) | Time:00:00.06 | Syncing rear cuirass row 3 curved lamella
Fra:1 Mem:54.71M (Peak 54.71M) | Time:00:00.06 | Syncing rear cuirass row 3 curved lamella
Fra:1 Mem:54.73M (Peak 54.73M) | Time:00:00.06 | Syncing rear cuirass row 3 curved lamella
Fra:1 Mem:54.75M (Peak 54.75M) | Time:00:00.06 | Syncing rear cuirass row 3 curved lamella
Fra:1 Mem:54.78M (Peak 54.78M) | Time:00:00.06 | Syncing rear cuirass row 3 curved lamella
Fra:1 Mem:54.80M (Peak 54.80M) | Time:00:00.06 | Syncing rear cuirass row 3 curved lamella
Fra:1 Mem:54.83M (Peak 54.83M) | Time:00:00.06 | Syncing rear cuirass row 3 curved lamella
Fra:1 Mem:54.85M (Peak 54.85M) | Time:00:00.06 | Syncing front cuirass row 4 curved lamell
Fra:1 Mem:54.87M (Peak 54.87M) | Time:00:00.06 | Syncing front cuirass row 4 curved lamell
Fra:1 Mem:54.90M (Peak 54.90M) | Time:00:00.06 | Syncing front cuirass row 4 curved lamell
Fra:1 Mem:54.92M (Peak 54.92M) | Time:00:00.06 | Syncing front cuirass row 4 curved lamell
Fra:1 Mem:54.95M (Peak 54.95M) | Time:00:00.06 | Syncing front cuirass row 4 curved lamell
Fra:1 Mem:54.97M (Peak 54.97M) | Time:00:00.06 | Syncing front cuirass row 4 curved lamell
Fra:1 Mem:54.99M (Peak 54.99M) | Time:00:00.06 | Syncing front cuirass row 4 curved lamell
Fra:1 Mem:55.02M (Peak 55.02M) | Time:00:00.06 | Syncing front cuirass row 4 curved lamell
Fra:1 Mem:55.04M (Peak 55.04M) | Time:00:00.06 | Syncing front cuirass row 4 curved lamell
Fra:1 Mem:55.07M (Peak 55.07M) | Time:00:00.06 | Syncing rear cuirass row 4 curved lamella
Fra:1 Mem:55.09M (Peak 55.09M) | Time:00:00.06 | Syncing rear cuirass row 4 curved lamella
Fra:1 Mem:55.11M (Peak 55.11M) | Time:00:00.06 | Syncing rear cuirass row 4 curved lamella
Fra:1 Mem:55.14M (Peak 55.14M) | Time:00:00.06 | Syncing rear cuirass row 4 curved lamella
Fra:1 Mem:55.16M (Peak 55.16M) | Time:00:00.06 | Syncing rear cuirass row 4 curved lamella
Fra:1 Mem:55.19M (Peak 55.19M) | Time:00:00.06 | Syncing rear cuirass row 4 curved lamella
Fra:1 Mem:55.21M (Peak 55.21M) | Time:00:00.06 | Syncing rear cuirass row 4 curved lamella
Fra:1 Mem:55.23M (Peak 55.23M) | Time:00:00.06 | Syncing rear cuirass row 4 curved lamella
Fra:1 Mem:55.26M (Peak 55.26M) | Time:00:00.06 | Syncing rear cuirass row 4 curved lamella
Fra:1 Mem:55.28M (Peak 55.28M) | Time:00:00.06 | Syncing front cuirass row 5 curved lamell
Fra:1 Mem:55.31M (Peak 55.31M) | Time:00:00.06 | Syncing front cuirass row 5 curved lamell
Fra:1 Mem:55.33M (Peak 55.33M) | Time:00:00.06 | Syncing front cuirass row 5 curved lamell
Fra:1 Mem:55.35M (Peak 55.35M) | Time:00:00.06 | Syncing front cuirass row 5 curved lamell
Fra:1 Mem:55.38M (Peak 55.38M) | Time:00:00.06 | Syncing front cuirass row 5 curved lamell
Fra:1 Mem:55.40M (Peak 55.40M) | Time:00:00.06 | Syncing front cuirass row 5 curved lamell
Fra:1 Mem:55.43M (Peak 55.43M) | Time:00:00.06 | Syncing front cuirass row 5 curved lamell
Fra:1 Mem:55.45M (Peak 55.45M) | Time:00:00.06 | Syncing front cuirass row 5 curved lamell
Fra:1 Mem:55.47M (Peak 55.47M) | Time:00:00.06 | Syncing front cuirass row 5 curved lamell
Fra:1 Mem:55.50M (Peak 55.50M) | Time:00:00.06 | Syncing rear cuirass row 5 curved lamella
Fra:1 Mem:55.52M (Peak 55.52M) | Time:00:00.06 | Syncing rear cuirass row 5 curved lamella
Fra:1 Mem:55.55M (Peak 55.55M) | Time:00:00.06 | Syncing rear cuirass row 5 curved lamella
Fra:1 Mem:55.57M (Peak 55.57M) | Time:00:00.06 | Syncing rear cuirass row 5 curved lamella
Fra:1 Mem:55.59M (Peak 55.59M) | Time:00:00.06 | Syncing rear cuirass row 5 curved lamella
Fra:1 Mem:55.62M (Peak 55.62M) | Time:00:00.06 | Syncing rear cuirass row 5 curved lamella
Fra:1 Mem:55.64M (Peak 55.64M) | Time:00:00.06 | Syncing rear cuirass row 5 curved lamella
Fra:1 Mem:55.67M (Peak 55.67M) | Time:00:00.06 | Syncing rear cuirass row 5 curved lamella
Fra:1 Mem:55.69M (Peak 55.69M) | Time:00:00.06 | Syncing rear cuirass row 5 curved lamella
Fra:1 Mem:55.71M (Peak 55.71M) | Time:00:00.06 | Syncing left side cuirass plate 1
Fra:1 Mem:55.73M (Peak 55.73M) | Time:00:00.06 | Syncing left side cuirass plate 2
Fra:1 Mem:55.74M (Peak 55.74M) | Time:00:00.06 | Syncing left side cuirass plate 3
Fra:1 Mem:55.76M (Peak 55.76M) | Time:00:00.06 | Syncing right side cuirass plate 1
Fra:1 Mem:55.77M (Peak 55.77M) | Time:00:00.06 | Syncing right side cuirass plate 2
Fra:1 Mem:55.79M (Peak 55.79M) | Time:00:00.06 | Syncing right side cuirass plate 3
Fra:1 Mem:55.80M (Peak 55.80M) | Time:00:00.06 | Syncing left shoulder undercloth
Fra:1 Mem:55.86M (Peak 55.86M) | Time:00:00.06 | Syncing left sode shoulder plate 1
Fra:1 Mem:55.87M (Peak 55.87M) | Time:00:00.06 | Syncing left sode shoulder plate 2
Fra:1 Mem:55.88M (Peak 55.88M) | Time:00:00.06 | Syncing left sode shoulder plate 3
Fra:1 Mem:55.90M (Peak 55.90M) | Time:00:00.06 | Syncing left sode shoulder plate 4
Fra:1 Mem:55.91M (Peak 55.91M) | Time:00:00.06 | Syncing left armored upper arm
Fra:1 Mem:55.97M (Peak 55.97M) | Time:00:00.06 | Syncing left sode shoulder armor
Fra:1 Mem:56.01M (Peak 56.01M) | Time:00:00.06 | Syncing left kote forearm guard
Fra:1 Mem:56.06M (Peak 56.06M) | Time:00:00.06 | Syncing left leather palm volume
Fra:1 Mem:56.10M (Peak 56.12M) | Time:00:00.06 | Syncing left articulated index finger
Fra:1 Mem:56.11M (Peak 56.12M) | Time:00:00.06 | Syncing left index fingertip
Fra:1 Mem:56.12M (Peak 56.12M) | Time:00:00.06 | Syncing left articulated middle finger
Fra:1 Mem:56.13M (Peak 56.13M) | Time:00:00.06 | Syncing left middle fingertip
Fra:1 Mem:56.14M (Peak 56.14M) | Time:00:00.06 | Syncing left articulated ring finger
Fra:1 Mem:56.15M (Peak 56.15M) | Time:00:00.06 | Syncing left ring fingertip
Fra:1 Mem:56.17M (Peak 56.17M) | Time:00:00.06 | Syncing left articulated pinky finger
Fra:1 Mem:56.18M (Peak 56.18M) | Time:00:00.06 | Syncing left pinky fingertip
Fra:1 Mem:56.19M (Peak 56.19M) | Time:00:00.07 | Syncing left opposed thumb
Fra:1 Mem:56.20M (Peak 56.20M) | Time:00:00.07 | Syncing left thumb fingertip
Fra:1 Mem:56.21M (Peak 56.21M) | Time:00:00.07 | Syncing right shoulder undercloth
Fra:1 Mem:56.27M (Peak 56.27M) | Time:00:00.07 | Syncing right sode shoulder plate 1
Fra:1 Mem:56.28M (Peak 56.28M) | Time:00:00.07 | Syncing right sode shoulder plate 2
Fra:1 Mem:56.29M (Peak 56.29M) | Time:00:00.07 | Syncing right sode shoulder plate 3
Fra:1 Mem:56.31M (Peak 56.31M) | Time:00:00.07 | Syncing right sode shoulder plate 4
Fra:1 Mem:56.32M (Peak 56.32M) | Time:00:00.07 | Syncing right armored upper arm
Fra:1 Mem:56.38M (Peak 56.38M) | Time:00:00.07 | Syncing right sode shoulder armor
Fra:1 Mem:56.42M (Peak 56.42M) | Time:00:00.07 | Syncing right kote forearm guard
Fra:1 Mem:56.48M (Peak 56.48M) | Time:00:00.07 | Syncing right leather palm volume
Fra:1 Mem:56.51M (Peak 56.51M) | Time:00:00.07 | Syncing right articulated index finger
Fra:1 Mem:56.52M (Peak 56.52M) | Time:00:00.07 | Syncing right index fingertip
Fra:1 Mem:56.53M (Peak 56.53M) | Time:00:00.07 | Syncing right articulated middle finger
Fra:1 Mem:56.54M (Peak 56.54M) | Time:00:00.07 | Syncing right middle fingertip
Fra:1 Mem:56.55M (Peak 56.55M) | Time:00:00.07 | Syncing right articulated ring finger
Fra:1 Mem:56.56M (Peak 56.56M) | Time:00:00.07 | Syncing right ring fingertip
Fra:1 Mem:56.58M (Peak 56.58M) | Time:00:00.07 | Syncing right articulated pinky finger
Fra:1 Mem:56.59M (Peak 56.59M) | Time:00:00.07 | Syncing right pinky fingertip
Fra:1 Mem:56.60M (Peak 56.60M) | Time:00:00.07 | Syncing right opposed thumb
Fra:1 Mem:56.61M (Peak 56.61M) | Time:00:00.07 | Syncing right thumb fingertip
Fra:1 Mem:56.62M (Peak 56.62M) | Time:00:00.07 | Syncing kusazuri skirt plate -1 row 1
Fra:1 Mem:56.64M (Peak 56.64M) | Time:00:00.07 | Syncing rear kusazuri skirt plate -1 row 
Fra:1 Mem:56.65M (Peak 56.65M) | Time:00:00.07 | Syncing kusazuri skirt plate -1 row 2
Fra:1 Mem:56.66M (Peak 56.66M) | Time:00:00.07 | Syncing rear kusazuri skirt plate -1 row 
Fra:1 Mem:56.68M (Peak 56.68M) | Time:00:00.07 | Syncing kusazuri skirt plate -1 row 3
Fra:1 Mem:56.69M (Peak 56.69M) | Time:00:00.07 | Syncing rear kusazuri skirt plate -1 row 
Fra:1 Mem:56.71M (Peak 56.71M) | Time:00:00.07 | Syncing kusazuri skirt plate +0 row 1
Fra:1 Mem:56.72M (Peak 56.72M) | Time:00:00.07 | Syncing rear kusazuri skirt plate +0 row 
Fra:1 Mem:56.73M (Peak 56.73M) | Time:00:00.07 | Syncing kusazuri skirt plate +0 row 2
Fra:1 Mem:56.75M (Peak 56.75M) | Time:00:00.07 | Syncing rear kusazuri skirt plate +0 row 
Fra:1 Mem:56.76M (Peak 56.76M) | Time:00:00.07 | Syncing kusazuri skirt plate +0 row 3
Fra:1 Mem:56.78M (Peak 56.78M) | Time:00:00.07 | Syncing rear kusazuri skirt plate +0 row 
Fra:1 Mem:56.79M (Peak 56.79M) | Time:00:00.07 | Syncing kusazuri skirt plate +1 row 1
Fra:1 Mem:56.80M (Peak 56.80M) | Time:00:00.07 | Syncing rear kusazuri skirt plate +1 row 
Fra:1 Mem:56.82M (Peak 56.82M) | Time:00:00.07 | Syncing kusazuri skirt plate +1 row 2
Fra:1 Mem:56.83M (Peak 56.83M) | Time:00:00.07 | Syncing rear kusazuri skirt plate +1 row 
Fra:1 Mem:56.84M (Peak 56.84M) | Time:00:00.07 | Syncing kusazuri skirt plate +1 row 3
Fra:1 Mem:56.86M (Peak 56.86M) | Time:00:00.07 | Syncing rear kusazuri skirt plate +1 row 
Fra:1 Mem:56.87M (Peak 56.87M) | Time:00:00.07 | Syncing left hakama trouser leg
Fra:1 Mem:56.93M (Peak 56.93M) | Time:00:00.07 | Syncing left shin greave
Fra:1 Mem:56.98M (Peak 56.98M) | Time:00:00.07 | Syncing left split-toe tabi foot volume
Fra:1 Mem:57.03M (Peak 57.03M) | Time:00:00.07 | Syncing left separated big toe
Fra:1 Mem:57.05M (Peak 57.05M) | Time:00:00.07 | Syncing left outer toe group
Fra:1 Mem:57.07M (Peak 57.07M) | Time:00:00.07 | Syncing left woven waraji sole grounded
Fra:1 Mem:57.08M (Peak 57.08M) | Time:00:00.07 | Syncing left sandal toe strap
Fra:1 Mem:57.09M (Peak 57.15M) | Time:00:00.07 | Syncing left heel strap
Fra:1 Mem:57.09M (Peak 57.15M) | Time:00:00.07 | Syncing left hakama pleat 1
Fra:1 Mem:57.10M (Peak 57.15M) | Time:00:00.07 | Syncing left hakama pleat 2
Fra:1 Mem:57.11M (Peak 57.15M) | Time:00:00.07 | Syncing left hakama pleat 3
Fra:1 Mem:57.12M (Peak 57.15M) | Time:00:00.07 | Syncing right hakama trouser leg
Fra:1 Mem:57.20M (Peak 57.20M) | Time:00:00.07 | Syncing right shin greave
Fra:1 Mem:57.26M (Peak 57.26M) | Time:00:00.07 | Syncing right split-toe tabi foot volume
Fra:1 Mem:57.30M (Peak 57.30M) | Time:00:00.07 | Syncing right separated big toe
Fra:1 Mem:57.33M (Peak 57.33M) | Time:00:00.07 | Syncing right outer toe group
Fra:1 Mem:57.35M (Peak 57.35M) | Time:00:00.07 | Syncing right woven waraji sole grounded
Fra:1 Mem:57.35M (Peak 57.35M) | Time:00:00.07 | Syncing right sandal toe strap
Fra:1 Mem:57.36M (Peak 57.36M) | Time:00:00.07 | Syncing right heel strap
Fra:1 Mem:57.37M (Peak 57.37M) | Time:00:00.07 | Syncing right hakama pleat 1
Fra:1 Mem:57.37M (Peak 57.37M) | Time:00:00.07 | Syncing right hakama pleat 2
Fra:1 Mem:57.38M (Peak 57.38M) | Time:00:00.07 | Syncing right hakama pleat 3
Fra:1 Mem:57.38M (Peak 57.38M) | Time:00:00.07 | Syncing drawn katana blade spine
Fra:1 Mem:57.39M (Peak 57.45M) | Time:00:00.07 | Syncing bright sharpened katana edge
Fra:1 Mem:57.40M (Peak 57.45M) | Time:00:00.07 | Syncing wrapped katana grip
Fra:1 Mem:57.41M (Peak 57.45M) | Time:00:00.07 | Syncing square tsuba guard
Fra:1 Mem:57.42M (Peak 57.45M) | Time:00:00.07 | Syncing lacquered saya scabbard at left h
Fra:1 Mem:57.43M (Peak 57.45M) | Time:00:00.07 | Syncing waist sash tying armor
Fra:1 Mem:57.43M (Peak 57.45M) | Time:00:00.07 | Syncing bamboo sashimono back pole
Fra:1 Mem:57.44M (Peak 57.45M) | Time:00:00.07 | Syncing small lacquered sashimono crossba
Fra:1 Mem:57.46M (Peak 57.46M) | Time:00:00.07 | Syncing cloth sashimono banner panel
Fra:1 Mem:57.47M (Peak 57.52M) | Time:00:00.07 | Syncing simple round clan mon on banner
Fra:1 Mem:57.51M (Peak 57.52M) | Time:00:00.07 | Syncing cool key
Fra:1 Mem:57.51M (Peak 57.52M) | Time:00:00.07 | Syncing rim
Fra:1 Mem:57.51M (Peak 57.52M) | Time:00:00.07 | Syncing hero cam
Fra:1 Mem:57.51M (Peak 57.52M) | Time:00:00.07 | Syncing samurai_v2_provenance
Fra:1 Mem:57.54M (Peak 57.64M) | Time:00:00.08 | Rendering 1 / 32 samples
Fra:1 Mem:54.65M (Peak 57.64M) | Time:00:02.52 | Rendering 26 / 32 samples
Fra:1 Mem:54.65M (Peak 57.64M) | Time:00:02.96 | Rendering 32 / 32 samples
Saved: '/tmp/factoryx-v21-render/samurai-repaired-full-20-v21/uesugi-01/samurai_character_rear.png'
 Time: 00:03.08 (Saving: 00:00.03)

ERROR (bke.modifier): ./source/blender/blenkernel/intern/modifier.cc:458 BKE_modifier_set_error: Object: "crest central rivet", Modifier: "weighted normals", Enable 'Auto Smooth' in Object Data Properties
ERROR (bke.modifier): ./source/blender/blenkernel/intern/modifier.cc:458 BKE_modifier_set_error: Object: "dark iron mempo cheek mask", Modifier: "weighted normals", Enable 'Auto Smooth' in Object Data Properties
ERROR (bke.modifier): ./source/blender/blenkernel/intern/modifier.cc:458 BKE_modifier_set_error: Object: "throat guard row 1 curved lamellar plate 01", Modifier: "weighted normals", Enable 'Auto Smooth' in Object Data Properties
ERROR (bke.modifier): ./source/blender/blenkernel/intern/modifier.cc:458 BKE_modifier_set_error: Object: "throat guard row 1 curved lamellar plate 02", Modifier: "weighted normals", Enable 'Auto Smooth' in Object Data Properties
ERROR (bke.modifier): ./source/blender/blenkernel/intern/modifier.cc:458 BKE_modifier_set_error: Object: "right side helmet flange", Modifier: "weighted normals", Enable 'Auto Smooth' in Object Data Properties
ERROR (bke.modifier): ./source/blender/blenkernel/intern/modifier.cc:458 BKE_modifier_set_error: Object: "throat guard row 1 curved lamellar plate 04", Modifier: "weighted normals", Enable 'Auto Smooth' in Object Data Properties
ERROR (bke.modifier): ./source/blender/blenkernel/intern/modifier.cc:458 BKE_modifier_set_error: Object: "throat guard row 1 curved lamellar plate 03", Modifier: "weighted normals", Enable 'Auto Smooth' in Object Data Properties
ERROR (bke.modifier): ./source/blender/blenkernel/intern/modifier.cc:458 BKE_modifier_set_error: Object: "throat guard row 1 curved lamellar plate 05", Modifier: "weighted normals", Enable 'Auto Smooth' in Object Data Properties
ERROR (bke.modifier): ./source/blender/blenkernel/intern/modifier.cc:458 BKE_modifier_set_error: Object: "throat guard row 2 curved lamellar plate 02", Modifier: "weighted normals", Enable 'Auto Smooth' in Object Data Properties
ERROR (bke.modifier): ./source/blender/blenkernel/intern/modifier.cc:458 BKE_modifier_set_error: Object: "throat guard row 2 curved lamellar plate 01", Modifier: "weighted normals", Enable 'Auto Smooth' in Object Data Properties
ERROR (bke.modifier): ./source/blender/blenkernel/intern/modifier.cc:458 BKE_modifier_set_error: Object: "mempo nose ridge", Modifier: "weighted normals", Enable 'Auto Smooth' in Object Data Properties
ERROR (bke.modifier): ./source/blender/blenkernel/intern/modifier.cc:458 BKE_modifier_set_error: Object: "throat guard row 2 curved lamellar plate 03", Modifier: "weighted normals", Enable 'Auto Smooth' in Object Data Properties
ERROR (bke.modifier): ./source/blender/blenkernel/intern/modifier.cc:458 BKE_modifier_set_error: Object: "throat guard row 2 curved lamellar plate 04", Modifier: "weighted normals", Enable 'Auto Smooth' in Object Data Properties
ERROR (bke.modifier): ./source/blender/blenkernel/intern/modifier.cc:458 BKE_modifier_set_error: Object: "throat guard row 2 curved lamellar plate 05", Modifier: "weighted normals", Enable 'Auto Smooth' in Object Data Properties
ERROR (bke.modifier): ./source/blender/blenkernel/intern/modifier.cc:458 BKE_modifier_set_error: Object: "throat guard row 3 curved lamellar plate 01", Modifier: "weighted normals", Enable 'Auto Smooth' in Object Data Properties
ERROR (bke.modifier): ./source/blender/blenkernel/intern/modifier.cc:458 BKE_modifier_set_error: Object: "throat guard row 3 curved lamellar plate 02", Modifier: "weighted normals", Enable 'Auto Smooth' in Object Data Properties
ERROR (bke.modifier): ./source/blender/blenkernel/intern/modifier.cc:458 BKE_modifier_set_error: Object: "throat guard row 3 curved lamellar plate 04", Modifier: "weighted normals", Enable 'Auto Smooth' in Object Data Properties
ERROR (bke.modifier): ./source/blender/blenkernel/intern/modifier.cc:458 BKE_modifier_set_error: Object: "throat guard row 3 curved lamellar plate 03", Modifier: "weighted normals", Enable 'Auto Smooth' in Object Data Properties
ERROR (bke.modifier): ./source/blender/blenkernel/intern/modifier.cc:458 BKE_modifier_set_error: Object: "throat guard row 3 curved lamellar plate 05", Modifier: "weighted normals", Enable 'Auto Smooth' in Object Data Properties
ERROR (bke.modifier): ./source/blender/blenkernel/intern/modifier.cc:458 BKE_modifier_set_error: Object: "right eye slit", Modifier: "weighted normals", Enable 'Auto Smooth' in Object Data Properties
ERROR (bke.modifier): ./source/blender/blenkernel/intern/modifier.cc:458 BKE_modifier_set_error: Object: "upper do cuirass fitted shell", Modifier: "weighted normals", Enable 'Auto Smooth' in Object Data Properties
ERROR (bke.modifier): ./source/blender/blenkernel/intern/modifier.cc:458 BKE_modifier_set_error: Object: "front cuirass row 1 curved lamellar plate 01", Modifier: "weighted normals", Enable 'Auto Smooth' in Object Data Properties
ERROR (bke.modifier): ./source/blender/blenkernel/intern/modifier.cc:458 BKE_modifier_set_error: Object: "lower do cuirass narrowed shell", Modifier: "weighted normals", Enable 'Auto Smooth' in Object Data Properties
ERROR (bke.modifier): ./source/blender/blenkernel/intern/modifier.cc:458 BKE_modifier_set_error: Object: "front cuirass row 1 curved lamellar plate 02", Modifier: "weighted normals", Enable 'Auto Smooth' in Object Data Properties
ERROR (bke.modifier): ./source/blender/blenkernel/intern/modifier.cc:458 BKE_modifier_set_error: Object: "front cuirass row 1 curved lamellar plate 03", Modifier: "weighted normals", Enable 'Auto Smooth' in Object Data Properties
ERROR (bke.modifier): ./source/blender/blenkernel/intern/modifier.cc:458 BKE_modifier_set_error: Object: "front cuirass row 1 curved lamellar plate 04", Modifier: "weighted normals", Enable 'Auto Smooth' in Object Data Properties
ERROR (bke.modifier): ./source/blender/blenkernel/intern/modifier.cc:458 BKE_modifier_set_error: Object: "mempo grim mouth slit", Modifier: "weighted normals", Enable 'Auto Smooth' in Object Data Properties
ERROR (bke.modifier): ./source/blender/blenkernel/intern/modifier.cc:458 BKE_modifier_set_error: Object: "front cuirass row 1 curved lamellar plate 08", Modifier: "weighted normals", Enable 'Auto Smooth' in Object Data Properties
ERROR (bke.modifier): ./source/blender/blenkernel/intern/modifier.cc:458 BKE_modifier_set_error: Object: "left eye slit", Modifier: "weighted normals", Enable 'Auto Smooth' in Object Data Properties
ERROR (bke.modifier): ./source/blender/blenkernel/intern/modifier.cc:458 BKE_modifier_set_error: Object: "front cuirass row 1 curved lamellar plate 05", Modifier: "weighted normals", Enable 'Auto Smooth' in Object Data Properties
ERROR (bke.modifier): ./source/blender/blenkernel/intern/modifier.cc:458 BKE_modifier_set_error: Object: "front cuirass row 1 curved lamellar plate 06", Modifier: "weighted normals", Enable 'Auto Smooth' in Object Data Properties
ERROR (bke.modifier): ./source/blender/blenkernel/intern/modifier.cc:458 BKE_modifier_set_error: Object: "front cuirass row 1 curved lamellar plate 07", Modifier: "weighted normals", Enable 'Auto Smooth' in Object Data Properties
ERROR (bke.modifier): ./source/blender/blenkernel/intern/modifier.cc:458 BKE_modifier_set_error: Object: "front cuirass row 1 curved lamellar plate 09", Modifier: "weighted normals", Enable 'Auto Smooth' in Object Data Properties
ERROR (bke.modifier): ./source/blender/blenkernel/intern/modifier.cc:458 BKE_modifier_set_error: Object: "rear cuirass row 1 curved lamellar plate 01", Modifier: "weighted normals", Enable 'Auto Smooth' in Object Data Properties
ERROR (bke.modifier): ./source/blender/blenkernel/intern/modifier.cc:458 BKE_modifier_set_error: Object: "rear cuirass row 1 curved lamellar plate 02", Modifier: "weighted normals", Enable 'Auto Smooth' in Object Data Properties
ERROR (bke.modifier): ./source/blender/blenkernel/intern/modifier.cc:458 BKE_modifier_set_error: Object: "rear cuirass row 1 curved lamellar plate 04", Modifier: "weighted normals", Enable 'Auto Smooth' in Object Data Properties
ERROR (bke.modifier): ./source/blender/blenkernel/intern/modifier.cc:458 BKE_modifier_set_error: Object: "rear cuirass row 1 curved lamellar plate 03", Modifier: "weighted normals", Enable 'Auto Smooth' in Object Data Properties
ERROR (bke.modifier): ./source/blender/blenkernel/intern/modifier.cc:458 BKE_modifier_set_error: Object: "rear cuirass row 1 curved lamellar plate 05", Modifier: "weighted normals", Enable 'Auto Smooth' in Object Data Properties
ERROR (bke.modifier): ./source/blender/blenkernel/intern/modifier.cc:458 BKE_modifier_set_error: Object: "left side helmet flange", Modifier: "weighted normals", Enable 'Auto Smooth' in Object Data Properties
ERROR (bke.modifier): ./source/blender/blenkernel/intern/modifier.cc:458 BKE_modifier_set_error: Object: "rear cuirass row 1 curved lamellar plate 06", Modifier: "weighted normals", Enable 'Auto Smooth' in Object Data Properties
ERROR (bke.modifier): ./source/blender/blenkernel/intern/modifier.cc:458 BKE_modifier_set_error: Object: "rear cuirass row 1 curved lamellar plate 07", Modifier: "weighted normals", Enable 'Auto Smooth' in Object Data Properties
ERROR (bke.modifier): ./source/blender/blenkernel/intern/modifier.cc:458 BKE_modifier_set_error: Object: "rear cuirass row 1 curved lamellar plate 08", Modifier: "weighted normals", Enable 'Auto Smooth' in Object Data Properties
ERROR (bke.modifier): ./source/blender/blenkernel/intern/modifier.cc:458 BKE_modifier_set_error: Object: "rear cuirass row 1 curved lamellar plate 09", Modifier: "weighted normals", Enable 'Auto Smooth' in Object Data Properties
ERROR (bke.modifier): ./source/blender/blenkernel/intern/modifier.cc:458 BKE_modifier_set_error: Object: "front cuirass row 2 curved lamellar plate 01", Modifier: "weighted normals", Enable 'Auto Smooth' in Object Data Properties
ERROR (bke.modifier): ./source/blender/blenkernel/intern/modifier.cc:458 BKE_modifier_set_error: Object: "front cuirass row 2 curved lamellar plate 02", Modifier: "weighted normals", Enable 'Auto Smooth' in Object Data Properties
ERROR (bke.modifier): ./source/blender/blenkernel/intern/modifier.cc:458 BKE_modifier_set_error: Object: "rear shikoro neck guard flare", Modifier: "weighted normals", Enable 'Auto Smooth' in Object Data Properties
ERROR (bke.modifier): ./source/blender/blenkernel/intern/modifier.cc:458 BKE_modifier_set_error: Object: "front cuirass row 2 curved lamellar plate 03", Modifier: "weighted normals", Enable 'Auto Smooth' in Object Data Properties
ERROR (bke.modifier): ./source/blender/blenkernel/intern/modifier.cc:458 BKE_modifier_set_error: Object: "front cuirass row 2 curved lamellar plate 04", Modifier: "weighted normals", Enable 'Auto Smooth' in Object Data Properties
ERROR (bke.modifier): ./source/blender/blenkernel/intern/modifier.cc:458 BKE_modifier_set_error: Object: "front cuirass row 2 curved lamellar plate 08", Modifier: "weighted normals", Enable 'Auto Smooth' in Object Data Properties
ERROR (bke.modifier): ./source/blender/blenkernel/intern/modifier.cc:458 BKE_modifier_set_error: Object: "front cuirass row 2 curved lamellar plate 05", Modifier: "weighted normals", Enable 'Auto Smooth' in Object Data Properties
ERROR (bke.modifier): ./source/blender/blenkernel/intern/modifier.cc:458 BKE_modifier_set_error: Object: "front cuirass row 2 curved lamellar plate 07", Modifier: "weighted normals", Enable 'Auto Smooth' in Object Data Properties
ERROR (bke.modifier): ./source/blender/blenkernel/intern/modifier.cc:458 BKE_modifier_set_error: Object: "front cuirass row 2 curved lamellar plate 06", Modifier: "weighted normals", Enable 'Auto Smooth' in Object Data Properties
ERROR (bke.modifier): ./source/blender/blenkernel/intern/modifier.cc:458 BKE_modifier_set_error: Object: "front cuirass row 2 curved lamellar plate 09", Modifier: "weighted normals", Enable 'Auto Smooth' in Object Data Properties
ERROR (bke.modifier): ./source/blender/blenkernel/intern/modifier.cc:458 BKE_modifier_set_error: Object: "rear cuirass row 2 curved lamellar plate 04", Modifier: "weighted normals", Enable 'Auto Smooth' in Object Data Properties
ERROR (bke.modifier): ./source/blender/blenkernel/intern/modifier.cc:458 BKE_modifier_set_error: Object: "rear cuirass row 2 curved lamellar plate 02", Modifier: "weighted normals", Enable 'Auto Smooth' in Object Data Properties
ERROR (bke.modifier): ./source/blender/blenkernel/intern/modifier.cc:458 BKE_modifier_set_error: Object: "rear cuirass row 2 curved lamellar plate 01", Modifier: "weighted normals", Enable 'Auto Smooth' in Object Data Properties
ERROR (bke.modifier): ./source/blender/blenkernel/intern/modifier.cc:458 BKE_modifier_set_error: Object: "rear cuirass row 2 curved lamellar plate 06", Modifier: "weighted normals", Enable 'Auto Smooth' in Object Data Properties
ERROR (bke.modifier): ./source/blender/blenkernel/intern/modifier.cc:458 BKE_modifier_set_error: Object: "rear cuirass row 2 curved lamellar plate 03", Modifier: "weighted normals", Enable 'Auto Smooth' in Object Data Properties
ERROR (bke.modifier): ./source/blender/blenkernel/intern/modifier.cc:458 BKE_modifier_set_error: Object: "wide kabuto brim", Modifier: "weighted normals", Enable 'Auto Smooth' in Object Data Properties
ERROR (bke.modifier): ./source/blender/blenkernel/intern/modifier.cc:458 BKE_modifier_set_error: Object: "rear cuirass row 2 curved lamellar plate 05", Modifier: "weighted normals", Enable 'Auto Smooth' in Object Data Properties
ERROR (bke.modifier): ./source/blender/blenkernel/intern/modifier.cc:458 BKE_modifier_set_error: Object: "rear cuirass row 2 curved lamellar plate 09", Modifier: "weighted normals", Enable 'Auto Smooth' in Object Data Properties
ERROR (bke.modifier): ./source/blender/blenkernel/intern/modifier.cc:458 BKE_modifier_set_error: Object: "rear cuirass row 2 curved lamellar plate 08", Modifier: "weighted normals", Enable 'Auto Smooth' in Object Data Properties
ERROR (bke.modifier): ./source/blender/blenkernel/intern/modifier.cc:458 BKE_modifier_set_error: Object: "rear cuirass row 2 curved lamellar plate 07", Modifier: "weighted normals", Enable 'Auto Smooth' in Object Data Properties
ERROR (bke.modifier): ./source/blender/blenkernel/intern/modifier.cc:458 BKE_modifier_set_error: Object: "front cuirass row 3 curved lamellar plate 01", Modifier: "weighted normals", Enable 'Auto Smooth' in Object Data Properties
ERROR (bke.modifier): ./source/blender/blenkernel/intern/modifier.cc:458 BKE_modifier_set_error: Object: "front cuirass row 3 curved lamellar plate 02", Modifier: "weighted normals", Enable 'Auto Smooth' in Object Data Properties
ERROR (bke.modifier): ./source/blender/blenkernel/intern/modifier.cc:458 BKE_modifier_set_error: Object: "front cuirass row 3 curved lamellar plate 03", Modifier: "weighted normals", Enable 'Auto Smooth' in Object Data Properties
ERROR (bke.modifier): ./source/blender/blenkernel/intern/modifier.cc:458 BKE_modifier_set_error: Object: "front cuirass row 3 curved lamellar plate 07", Modifier: "weighted normals", Enable 'Auto Smooth' in Object Data Properties
ERROR (bke.modifier): ./source/blender/blenkernel/intern/modifier.cc:458 BKE_modifier_set_error: Object: "front cuirass row 3 curved lamellar plate 04", Modifier: "weighted normals", Enable 'Auto Smooth' in Object Data Properties
ERROR (bke.modifier): ./source/blender/blenkernel/intern/modifier.cc:458 BKE_modifier_set_error: Object: "front cuirass row 3 curved lamellar plate 05", Modifier: "weighted normals", Enable 'Auto Smooth' in Object Data Properties
ERROR (bke.modifier): ./source/blender/blenkernel/intern/modifier.cc:458 BKE_modifier_set_error: Object: "front cuirass row 3 curved lamellar plate 06", Modifier: "weighted normals", Enable 'Auto Smooth' in Object Data Properties
ERROR (bke.modifier): ./source/blender/blenkernel/intern/modifier.cc:458 BKE_modifier_set_error: Object: "front cuirass row 3 curved lamellar plate 09", Modifier: "weighted normals", Enable 'Auto Smooth' in Object Data Properties
ERROR (bke.modifier): ./source/blender/blenkernel/intern/modifier.cc:458 BKE_modifier_set_error: Object: "segmented kabuto helmet bowl", Modifier: "weighted normals", Enable 'Auto Smooth' in Object Data Properties
ERROR (bke.modifier): ./source/blender/blenkernel/intern/modifier.cc:458 BKE_modifier_set_error: Object: "front cuirass row 3 curved lamellar plate 08", Modifier: "weighted normals", Enable 'Auto Smooth' in Object Data Properties
ERROR (bke.modifier): ./source/blender/blenkernel/intern/modifier.cc:458 BKE_modifier_set_error: Object: "rear cuirass row 3 curved lamellar plate 03", Modifier: "weighted normals", Enable 'Auto Smooth' in Object Data Properties
ERROR (bke.modifier): ./source/blender/blenkernel/intern/modifier.cc:458 BKE_modifier_set_error: Object: "rear cuirass row 3 curved lamellar plate 02", Modifier: "weighted normals", Enable 'Auto Smooth' in Object Data Properties
ERROR (bke.modifier): ./source/blender/blenkernel/intern/modifier.cc:458 BKE_modifier_set_error: Object: "rear cuirass row 3 curved lamellar plate 01", Modifier: "weighted normals", Enable 'Auto Smooth' in Object Data Properties
ERROR (bke.modifier): ./source/blender/blenkernel/intern/modifier.cc:458 BKE_modifier_set_error: Object: "rear cuirass row 3 curved lamellar plate 04", Modifier: "weighted normals", Enable 'Auto Smooth' in Object Data Properties
ERROR (bke.modifier): ./source/blender/blenkernel/intern/modifier.cc:458 BKE_modifier_set_error: Object: "rear cuirass row 3 curved lamellar plate 05", Modifier: "weighted normals", Enable 'Auto Smooth' in Object Data Properties
ERROR (bke.modifier): ./source/blender/blenkernel/intern/modifier.cc:458 BKE_modifier_set_error: Object: "rear cuirass row 3 curved lamellar plate 06", Modifier: "weighted normals", Enable 'Auto Smooth' in Object Data Properties
ERROR (bke.modifier): ./source/blender/blenkernel/intern/modifier.cc:458 BKE_modifier_set_error: Object: "rear cuirass row 3 curved lamellar plate 07", Modifier: "weighted normals", Enable 'Auto Smooth' in Object Data Properties
ERROR (bke.modifier): ./source/blender/blenkernel/intern/modifier.cc:458 BKE_modifier_set_error: Object: "rear cuirass row 3 curved lamellar plate 08", Modifier: "weighted normals", Enable 'Auto Smooth' in Object Data Properties
ERROR (bke.modifier): ./source/blender/blenkernel/intern/modifier.cc:458 BKE_modifier_set_error: Object: "front cuirass row 4 curved lamellar plate 01", Modifier: "weighted normals", Enable 'Auto Smooth' in Object Data Properties
ERROR (bke.modifier): ./source/blender/blenkernel/intern/modifier.cc:458 BKE_modifier_set_error: Object: "rear cuirass row 3 curved lamellar plate 09", Modifier: "weighted normals", Enable 'Auto Smooth' in Object Data Properties
ERROR (bke.modifier): ./source/blender/blenkernel/intern/modifier.cc:458 BKE_modifier_set_error: Object: "front cuirass row 4 curved lamellar plate 03", Modifier: "weighted normals", Enable 'Auto Smooth' in Object Data Properties
ERROR (bke.modifier): ./source/blender/blenkernel/intern/modifier.cc:458 BKE_modifier_set_error: Object: "front cuirass row 4 curved lamellar plate 02", Modifier: "weighted normals", Enable 'Auto Smooth' in Object Data Properties
ERROR (bke.modifier): ./source/blender/blenkernel/intern/modifier.cc:458 BKE_modifier_set_error: Object: "front cuirass row 4 curved lamellar plate 04", Modifier: "weighted normals", Enable 'Auto Smooth' in Object Data Properties
ERROR (bke.modifier): ./source/blender/blenkernel/intern/modifier.cc:458 BKE_modifier_set_error: Object: "front cuirass row 4 curved lamellar plate 05", Modifier: "weighted normals", Enable 'Auto Smooth' in Object Data Properties
ERROR (bke.modifier): ./source/blender/blenkernel/intern/modifier.cc:458 BKE_modifier_set_error: Object: "front cuirass row 4 curved lamellar plate 06", Modifier: "weighted normals", Enable 'Auto Smooth' in Object Data Properties
ERROR (bke.modifier): ./source/blender/blenkernel/intern/modifier.cc:458 BKE_modifier_set_error: Object: "rear cuirass row 4 curved lamellar plate 01", Modifier: "weighted normals", Enable 'Auto Smooth' in Object Data Properties
ERROR (bke.modifier): ./source/blender/blenkernel/intern/modifier.cc:458 BKE_modifier_set_error: Object: "front cuirass row 4 curved lamellar plate 08", Modifier: "weighted normals", Enable 'Auto Smooth' in Object Data Properties
ERROR (bke.modifier): ./source/blender/blenkernel/intern/modifier.cc:458 BKE_modifier_set_error: Object: "front cuirass row 4 curved lamellar plate 09", Modifier: "weighted normals", Enable 'Auto Smooth' in Object Data Properties
ERROR (bke.modifier): ./source/blender/blenkernel/intern/modifier.cc:458 BKE_modifier_set_error: Object: "front cuirass row 4 curved lamellar plate 07", Modifier: "weighted normals", Enable 'Auto Smooth' in Object Data Properties
ERROR (bke.modifier): ./source/blender/blenkernel/intern/modifier.cc:458 BKE_modifier_set_error: Object: "rear cuirass row 4 curved lamellar plate 06", Modifier: "weighted normals", Enable 'Auto Smooth' in Object Data Properties
ERROR (bke.modifier): ./source/blender/blenkernel/intern/modifier.cc:458 BKE_modifier_set_error: Object: "rear cuirass row 4 curved lamellar plate 03", Modifier: "weighted normals", Enable 'Auto Smooth' in Object Data Properties
ERROR (bke.modifier): ./source/blender/blenkernel/intern/modifier.cc:458 BKE_modifier_set_error: Object: "rear cuirass row 4 curved lamellar plate 02", Modifier: "weighted normals", Enable 'Auto Smooth' in Object Data Properties
ERROR (bke.modifier): ./source/blender/blenkernel/intern/modifier.cc:458 BKE_modifier_set_error: Object: "rear cuirass row 4 curved lamellar plate 04", Modifier: "weighted normals", Enable 'Auto Smooth' in Object Data Properties
ERROR (bke.modifier): ./source/blender/blenkernel/intern/modifier.cc:458 BKE_modifier_set_error: Object: "rear cuirass row 4 curved lamellar plate 05", Modifier: "weighted normals", Enable 'Auto Smooth' in Object Data Properties
ERROR (bke.modifier): ./source/blender/blenkernel/intern/modifier.cc:458 BKE_modifier_set_error: Object: "rear cuirass row 4 curved lamellar plate 07", Modifier: "weighted normals", Enable 'Auto Smooth' in Object Data Properties
ERROR (bke.modifier): ./source/blender/blenkernel/intern/modifier.cc:458 BKE_modifier_set_error: Object: "rear cuirass row 4 curved lamellar plate 08", Modifier: "weighted normals", Enable 'Auto Smooth' in Object Data Properties
ERROR (bke.modifier): ./source/blender/blenkernel/intern/modifier.cc:458 BKE_modifier_set_error: Object: "rear cuirass row 4 curved lamellar plate 09", Modifier: "weighted normals", Enable 'Auto Smooth' in Object Data Properties
ERROR (bke.modifier): ./source/blender/blenkernel/intern/modifier.cc:458 BKE_modifier_set_error: Object: "neck guard collar", Modifier: "weighted normals", Enable 'Auto Smooth' in Object Data Properties
ERROR (bke.modifier): ./source/blender/blenkernel/intern/modifier.cc:458 BKE_modifier_set_error: Object: "front cuirass row 5 curved lamellar plate 01", Modifier: "weighted normals", Enable 'Auto Smooth' in Object Data Properties
ERROR (bke.modifier): ./source/blender/blenkernel/intern/modifier.cc:458 BKE_modifier_set_error: Object: "front cuirass row 5 curved lamellar plate 03", Modifier: "weighted normals", Enable 'Auto Smooth' in Object Data Properties
ERROR (bke.modifier): ./source/blender/blenkernel/intern/modifier.cc:458 BKE_modifier_set_error: Object: "front cuirass row 5 curved lamellar plate 02", Modifier: "weighted normals", Enable 'Auto Smooth' in Object Data Properties
ERROR (bke.modifier): ./source/blender/blenkernel/intern/modifier.cc:458 BKE_modifier_set_error: Object: "front cuirass row 5 curved lamellar plate 04", Modifier: "weighted normals", Enable 'Auto Smooth' in Object Data Properties
ERROR (bke.modifier): ./source/blender/blenkernel/intern/modifier.cc:458 BKE_modifier_set_error: Object: "front cuirass row 5 curved lamellar plate 05", Modifier: "weighted normals", Enable 'Auto Smooth' in Object Data Properties
ERROR (bke.modifier): ./source/blender/blenkernel/intern/modifier.cc:458 BKE_modifier_set_error: Object: "front cuirass row 5 curved lamellar plate 06", Modifier: "weighted normals", Enable 'Auto Smooth' in Object Data Properties
ERROR (bke.modifier): ./source/blender/blenkernel/intern/modifier.cc:458 BKE_modifier_set_error: Object: "front cuirass row 5 curved lamellar plate 07", Modifier: "weighted normals", Enable 'Auto Smooth' in Object Data Properties
ERROR (bke.modifier): ./source/blender/blenkernel/intern/modifier.cc:458 BKE_modifier_set_error: Object: "front cuirass row 5 curved lamellar plate 08", Modifier: "weighted normals", Enable 'Auto Smooth' in Object Data Properties
ERROR (bke.modifier): ./source/blender/blenkernel/intern/modifier.cc:458 BKE_modifier_set_error: Object: "front cuirass row 5 curved lamellar plate 09", Modifier: "weighted normals", Enable 'Auto Smooth' in Object Data Properties
ERROR (bke.modifier): ./source/blender/blenkernel/intern/modifier.cc:458 BKE_modifier_set_error: Object: "thin exposed neck", Modifier: "weighted normals", Enable 'Auto Smooth' in Object Data Properties
ERROR (bke.modifier): ./source/blender/blenkernel/intern/modifier.cc:458 BKE_modifier_set_error: Object: "rear cuirass row 5 curved lamellar plate 02", Modifier: "weighted normals", Enable 'Auto Smooth' in Object Data Properties
ERROR (bke.modifier): ./source/blender/blenkernel/intern/modifier.cc:458 BKE_modifier_set_error: Object: "rear cuirass row 5 curved lamellar plate 05", Modifier: "weighted normals", Enable 'Auto Smooth' in Object Data Properties
ERROR (bke.modifier): ./source/blender/blenkernel/intern/modifier.cc:458 BKE_modifier_set_error: Object: "rear cuirass row 5 curved lamellar plate 07", Modifier: "weighted normals", Enable 'Auto Smooth' in Object Data Properties
ERROR (bke.modifier): ./source/blender/blenkernel/intern/modifier.cc:458 BKE_modifier_set_error: Object: "rear cuirass row 5 curved lamellar plate 03", Modifier: "weighted normals", Enable 'Auto Smooth' in Object Data Properties
ERROR (bke.modifier): ./source/blender/blenkernel/intern/modifier.cc:458 BKE_modifier_set_error: Object: "visible human head behind mempo", Modifier: "weighted normals", Enable 'Auto Smooth' in Object Data Properties
ERROR (bke.modifier): ./source/blender/blenkernel/intern/modifier.cc:458 BKE_modifier_set_error: Object: "rear cuirass row 5 curved lamellar plate 06", Modifier: "weighted normals", Enable 'Auto Smooth' in Object Data Properties
ERROR (bke.modifier): ./source/blender/blenkernel/intern/modifier.cc:458 BKE_modifier_set_error: Object: "rear cuirass row 5 curved lamellar plate 01", Modifier: "weighted normals", Enable 'Auto Smooth' in Object Data Properties
ERROR (bke.modifier): ./source/blender/blenkernel/intern/modifier.cc:458 BKE_modifier_set_error: Object: "rear cuirass row 5 curved lamellar plate 04", Modifier: "weighted normals", Enable 'Auto Smooth' in Object Data Properties
ERROR (bke.modifier): ./source/blender/blenkernel/intern/modifier.cc:458 BKE_modifier_set_error: Object: "rear cuirass row 5 curved lamellar plate 09", Modifier: "weighted normals", Enable 'Auto Smooth' in Object Data Properties
ERROR (bke.modifier): ./source/blender/blenkernel/intern/modifier.cc:458 BKE_modifier_set_error: Object: "left shoulder undercloth", Modifier: "weighted normals", Enable 'Auto Smooth' in Object Data Properties
ERROR (bke.modifier): ./source/blender/blenkernel/intern/modifier.cc:458 BKE_modifier_set_error: Object: "rear cuirass row 5 curved lamellar plate 08", Modifier: "weighted normals", Enable 'Auto Smooth' in Object Data Properties
ERROR (bke.modifier): ./source/blender/blenkernel/intern/modifier.cc:458 BKE_modifier_set_error: Object: "narrow waist under-kimono volume", Modifier: "weighted normals", Enable 'Auto Smooth' in Object Data Properties
ERROR (bke.modifier): ./source/blender/blenkernel/intern/modifier.cc:458 BKE_modifier_set_error: Object: "left armored upper arm", Modifier: "weighted normals", Enable 'Auto Smooth' in Object Data Properties
ERROR (bke.modifier): ./source/blender/blenkernel/intern/modifier.cc:458 BKE_modifier_set_error: Object: "left sode shoulder armor", Modifier: "weighted normals", Enable 'Auto Smooth' in Object Data Properties
ERROR (bke.modifier): ./source/blender/blenkernel/intern/modifier.cc:458 BKE_modifier_set_error: Object: "left kote forearm guard", Modifier: "weighted normals", Enable 'Auto Smooth' in Object Data Properties
ERROR (bke.modifier): ./source/blender/blenkernel/intern/modifier.cc:458 BKE_modifier_set_error: Object: "left side cuirass plate 3", Modifier: "weighted normals", Enable 'Auto Smooth' in Object Data Properties
ERROR (bke.modifier): ./source/blender/blenkernel/intern/modifier.cc:458 BKE_modifier_set_error: Object: "left leather palm volume", Modifier: "weighted normals", Enable 'Auto Smooth' in Object Data Properties
ERROR (bke.modifier): ./source/blender/blenkernel/intern/modifier.cc:458 BKE_modifier_set_error: Object: "ribcage under-kimono volume", Modifier: "weighted normals", Enable 'Auto Smooth' in Object Data Properties
ERROR (bke.modifier): ./source/blender/blenkernel/intern/modifier.cc:458 BKE_modifier_set_error: Object: "left index fingertip", Modifier: "weighted normals", Enable 'Auto Smooth' in Object Data Properties
ERROR (bke.modifier): ./source/blender/blenkernel/intern/modifier.cc:458 BKE_modifier_set_error: Object: "left middle fingertip", Modifier: "weighted normals", Enable 'Auto Smooth' in Object Data Properties
ERROR (bke.modifier): ./source/blender/blenkernel/intern/modifier.cc:458 BKE_modifier_set_error: Object: "left side cuirass plate 2", Modifier: "weighted normals", Enable 'Auto Smooth' in Object Data Properties
ERROR (bke.modifier): ./source/blender/blenkernel/intern/modifier.cc:458 BKE_modifier_set_error: Object: "left ring fingertip", Modifier: "weighted normals", Enable 'Auto Smooth' in Object Data Properties
ERROR (bke.modifier): ./source/blender/blenkernel/intern/modifier.cc:458 BKE_modifier_set_error: Object: "left pinky fingertip", Modifier: "weighted normals", Enable 'Auto Smooth' in Object Data Properties
ERROR (bke.modifier): ./source/blender/blenkernel/intern/modifier.cc:458 BKE_modifier_set_error: Object: "right shoulder undercloth", Modifier: "weighted normals", Enable 'Auto Smooth' in Object Data Properties
ERROR (bke.modifier): ./source/blender/blenkernel/intern/modifier.cc:458 BKE_modifier_set_error: Object: "left thumb fingertip", Modifier: "weighted normals", Enable 'Auto Smooth' in Object Data Properties
ERROR (bke.modifier): ./source/blender/blenkernel/intern/modifier.cc:458 BKE_modifier_set_error: Object: "right side cuirass plate 2", Modifier: "weighted normals", Enable 'Auto Smooth' in Object Data Properties
ERROR (bke.modifier): ./source/blender/blenkernel/intern/modifier.cc:458 BKE_modifier_set_error: Object: "right sode shoulder armor", Modifier: "weighted normals", Enable 'Auto Smooth' in Object Data Properties
ERROR (bke.modifier): ./source/blender/blenkernel/intern/modifier.cc:458 BKE_modifier_set_error: Object: "right side cuirass plate 1", Modifier: "weighted normals", Enable 'Auto Smooth' in Object Data Properties
ERROR (bke.modifier): ./source/blender/blenkernel/intern/modifier.cc:458 BKE_modifier_set_error: Object: "left sode shoulder plate 2", Modifier: "weighted normals", Enable 'Auto Smooth' in Object Data Properties
ERROR (bke.modifier): ./source/blender/blenkernel/intern/modifier.cc:458 BKE_modifier_set_error: Object: "right armored upper arm", Modifier: "weighted normals", Enable 'Auto Smooth' in Object Data Properties
ERROR (bke.modifier): ./source/blender/blenkernel/intern/modifier.cc:458 BKE_modifier_set_error: Object: "left side cuirass plate 1", Modifier: "weighted normals", Enable 'Auto Smooth' in Object Data Properties
ERROR (bke.modifier): ./source/blender/blenkernel/intern/modifier.cc:458 BKE_modifier_set_error: Object: "right kote forearm guard", Modifier: "weighted normals", Enable 'Auto Smooth' in Object Data Properties
ERROR (bke.modifier): ./source/blender/blenkernel/intern/modifier.cc:458 BKE_modifier_set_error: Object: "right leather palm volume", Modifier: "weighted normals", Enable 'Auto Smooth' in Object Data Properties
ERROR (bke.modifier): ./source/blender/blenkernel/intern/modifier.cc:458 BKE_modifier_set_error: Object: "left sode shoulder plate 1", Modifier: "weighted normals", Enable 'Auto Smooth' in Object Data Properties
ERROR (bke.modifier): ./source/blender/blenkernel/intern/modifier.cc:458 BKE_modifier_set_error: Object: "left sode shoulder plate 3", Modifier: "weighted normals", Enable 'Auto Smooth' in Object Data Properties
ERROR (bke.modifier): ./source/blender/blenkernel/intern/modifier.cc:458 BKE_modifier_set_error: Object: "left sode shoulder plate 4", Modifier: "weighted normals", Enable 'Auto Smooth' in Object Data Properties
ERROR (bke.modifier): ./source/blender/blenkernel/intern/modifier.cc:458 BKE_modifier_set_error: Object: "right index fingertip", Modifier: "weighted normals", Enable 'Auto Smooth' in Object Data Properties
ERROR (bke.modifier): ./source/blender/blenkernel/intern/modifier.cc:458 BKE_modifier_set_error: Object: "right middle fingertip", Modifier: "weighted normals", Enable 'Auto Smooth' in Object Data Properties
ERROR (bke.modifier): ./source/blender/blenkernel/intern/modifier.cc:458 BKE_modifier_set_error: Object: "right side cuirass plate 3", Modifier: "weighted normals", Enable 'Auto Smooth' in Object Data Properties
ERROR (bke.modifier): ./source/blender/blenkernel/intern/modifier.cc:458 BKE_modifier_set_error: Object: "right ring fingertip", Modifier: "weighted normals", Enable 'Auto Smooth' in Object Data Properties
ERROR (bke.modifier): ./source/blender/blenkernel/intern/modifier.cc:458 BKE_modifier_set_error: Object: "right thumb fingertip", Modifier: "weighted normals", Enable 'Auto Smooth' in Object Data Properties
ERROR (bke.modifier): ./source/blender/blenkernel/intern/modifier.cc:458 BKE_modifier_set_error: Object: "right pinky fingertip", Modifier: "weighted normals", Enable 'Auto Smooth' in Object Data Properties
ERROR (bke.modifier): ./source/blender/blenkernel/intern/modifier.cc:458 BKE_modifier_set_error: Object: "matte charcoal inspection plinth", Modifier: "weighted normals", Enable 'Auto Smooth' in Object Data Properties
ERROR (bke.modifier): ./source/blender/blenkernel/intern/modifier.cc:458 BKE_modifier_set_error: Object: "simple round clan mon on banner", Modifier: "weighted normals", Enable 'Auto Smooth' in Object Data Properties
ERROR (bke.modifier): ./source/blender/blenkernel/intern/modifier.cc:458 BKE_modifier_set_error: Object: "right sode shoulder plate 1", Modifier: "weighted normals", Enable 'Auto Smooth' in Object Data Properties
ERROR (bke.modifier): ./source/blender/blenkernel/intern/modifier.cc:458 BKE_modifier_set_error: Object: "right sode shoulder plate 3", Modifier: "weighted normals", Enable 'Auto Smooth' in Object Data Properties
ERROR (bke.modifier): ./source/blender/blenkernel/intern/modifier.cc:458 BKE_modifier_set_error: Object: "right sode shoulder plate 2", Modifier: "weighted normals", Enable 'Auto Smooth' in Object Data Properties
ERROR (bke.modifier): ./source/blender/blenkernel/intern/modifier.cc:458 BKE_modifier_set_error: Object: "right sode shoulder plate 4", Modifier: "weighted normals", Enable 'Auto Smooth' in Object Data Properties
ERROR (bke.modifier): ./source/blender/blenkernel/intern/modifier.cc:458 BKE_modifier_set_error: Object: "rear kusazuri skirt plate -1 row 3", Modifier: "weighted normals", Enable 'Auto Smooth' in Object Data Properties
ERROR (bke.modifier): ./source/blender/blenkernel/intern/modifier.cc:458 BKE_modifier_set_error: Object: "kusazuri skirt plate -1 row 1", Modifier: "weighted normals", Enable 'Auto Smooth' in Object Data Properties
ERROR (bke.modifier): ./source/blender/blenkernel/intern/modifier.cc:458 BKE_modifier_set_error: Object: "rear kusazuri skirt plate -1 row 2", Modifier: "weighted normals", Enable 'Auto Smooth' in Object Data Properties
ERROR (bke.modifier): ./source/blender/blenkernel/intern/modifier.cc:458 BKE_modifier_set_error: Object: "kusazuri skirt plate +0 row 1", Modifier: "weighted normals", Enable 'Auto Smooth' in Object Data Properties
ERROR (bke.modifier): ./source/blender/blenkernel/intern/modifier.cc:458 BKE_modifier_set_error: Object: "rear kusazuri skirt plate -1 row 1", Modifier: "weighted normals", Enable 'Auto Smooth' in Object Data Properties
ERROR (bke.modifier): ./source/blender/blenkernel/intern/modifier.cc:458 BKE_modifier_set_error: Object: "kusazuri skirt plate -1 row 3", Modifier: "weighted normals", Enable 'Auto Smooth' in Object Data Properties
ERROR (bke.modifier): ./source/blender/blenkernel/intern/modifier.cc:458 BKE_modifier_set_error: Object: "rear kusazuri skirt plate +0 row 1", Modifier: "weighted normals", Enable 'Auto Smooth' in Object Data Properties
ERROR (bke.modifier): ./source/blender/blenkernel/intern/modifier.cc:458 BKE_modifier_set_error: Object: "left hakama trouser leg", Modifier: "weighted normals", Enable 'Auto Smooth' in Object Data Properties
ERROR (bke.modifier): ./source/blender/blenkernel/intern/modifier.cc:458 BKE_modifier_set_error: Object: "kusazuri skirt plate +0 row 3", Modifier: "weighted normals", Enable 'Auto Smooth' in Object Data Properties
ERROR (bke.modifier): ./source/blender/blenkernel/intern/modifier.cc:458 BKE_modifier_set_error: Object: "left shin greave", Modifier: "weighted normals", Enable 'Auto Smooth' in Object Data Properties
ERROR (bke.modifier): ./source/blender/blenkernel/intern/modifier.cc:458 BKE_modifier_set_error: Object: "kusazuri skirt plate -1 row 2", Modifier: "weighted normals", Enable 'Auto Smooth' in Object Data Properties
ERROR (bke.modifier): ./source/blender/blenkernel/intern/modifier.cc:458 BKE_modifier_set_error: Object: "kusazuri skirt plate +0 row 2", Modifier: "weighted normals", Enable 'Auto Smooth' in Object Data Properties
ERROR (bke.modifier): ./source/blender/blenkernel/intern/modifier.cc:458 BKE_modifier_set_error: Object: "left split-toe tabi foot volume", Modifier: "weighted normals", Enable 'Auto Smooth' in Object Data Properties
ERROR (bke.modifier): ./source/blender/blenkernel/intern/modifier.cc:458 BKE_modifier_set_error: Object: "left separated big toe", Modifier: "weighted normals", Enable 'Auto Smooth' in Object Data Properties
ERROR (bke.modifier): ./source/blender/blenkernel/intern/modifier.cc:458 BKE_modifier_set_error: Object: "left outer toe group", Modifier: "weighted normals", Enable 'Auto Smooth' in Object Data Properties
ERROR (bke.modifier): ./source/blender/blenkernel/intern/modifier.cc:458 BKE_modifier_set_error: Object: "cloth sashimono banner panel", Modifier: "weighted normals", Enable 'Auto Smooth' in Object Data Properties
ERROR (bke.modifier): ./source/blender/blenkernel/intern/modifier.cc:458 BKE_modifier_set_error: Object: "rear kusazuri skirt plate +1 row 2", Modifier: "weighted normals", Enable 'Auto Smooth' in Object Data Properties
ERROR (bke.modifier): ./source/blender/blenkernel/intern/modifier.cc:458 BKE_modifier_set_error: Object: "kusazuri skirt plate +1 row 3", Modifier: "weighted normals", Enable 'Auto Smooth' in Object Data Properties
ERROR (bke.modifier): ./source/blender/blenkernel/intern/modifier.cc:458 BKE_modifier_set_error: Object: "right shin greave", Modifier: "weighted normals", Enable 'Auto Smooth' in Object Data Properties
ERROR (bke.modifier): ./source/blender/blenkernel/intern/modifier.cc:458 BKE_modifier_set_error: Object: "right separated big toe", Modifier: "weighted normals", Enable 'Auto Smooth' in Object Data Properties
ERROR (bke.modifier): ./source/blender/blenkernel/intern/modifier.cc:458 BKE_modifier_set_error: Object: "right split-toe tabi foot volume", Modifier: "weighted normals", Enable 'Auto Smooth' in Object Data Properties
ERROR (bke.modifier): ./source/blender/blenkernel/intern/modifier.cc:458 BKE_modifier_set_error: Object: "right outer toe group", Modifier: "weighted normals", Enable 'Auto Smooth' in Object Data Properties
ERROR (bke.modifier): ./source/blender/blenkernel/intern/modifier.cc:458 BKE_modifier_set_error: Object: "kusazuri skirt plate +1 row 2", Modifier: "weighted normals", Enable 'Auto Smooth' in Object Data Properties
ERROR (bke.modifier): ./source/blender/blenkernel/intern/modifier.cc:458 BKE_modifier_set_error: Object: "rear kusazuri skirt plate +0 row 2", Modifier: "weighted normals", Enable 'Auto Smooth' in Object Data Properties
ERROR (bke.modifier): ./source/blender/blenkernel/intern/modifier.cc:458 BKE_modifier_set_error: Object: "kusazuri skirt plate +1 row 1", Modifier: "weighted normals", Enable 'Auto Smooth' in Object Data Properties
ERROR (bke.modifier): ./source/blender/blenkernel/intern/modifier.cc:458 BKE_modifier_set_error: Object: "rear kusazuri skirt plate +0 row 3", Modifier: "weighted normals", Enable 'Auto Smooth' in Object Data Properties
ERROR (bke.modifier): ./source/blender/blenkernel/intern/modifier.cc:458 BKE_modifier_set_error: Object: "right hakama trouser leg", Modifier: "weighted normals", Enable 'Auto Smooth' in Object Data Properties
ERROR (bke.modifier): ./source/blender/blenkernel/intern/modifier.cc:458 BKE_modifier_set_error: Object: "wrapped katana grip", Modifier: "weighted normals", Enable 'Auto Smooth' in Object Data Properties
ERROR (bke.modifier): ./source/blender/blenkernel/intern/modifier.cc:458 BKE_modifier_set_error: Object: "rear kusazuri skirt plate +1 row 1", Modifier: "weighted normals", Enable 'Auto Smooth' in Object Data Properties
ERROR (bke.modifier): ./source/blender/blenkernel/intern/modifier.cc:458 BKE_modifier_set_error: Object: "rear kusazuri skirt plate +1 row 3", Modifier: "weighted normals", Enable 'Auto Smooth' in Object Data Properties
ERROR (bke.modifier): ./source/blender/blenkernel/intern/modifier.cc:458 BKE_modifier_set_error: Object: "right woven waraji sole grounded", Modifier: "weighted normals", Enable 'Auto Smooth' in Object Data Properties
ERROR (bke.modifier): ./source/blender/blenkernel/intern/modifier.cc:458 BKE_modifier_set_error: Object: "small lacquered sashimono crossbar", Modifier: "weighted normals", Enable 'Auto Smooth' in Object Data Properties
ERROR (bke.modifier): ./source/blender/blenkernel/intern/modifier.cc:458 BKE_modifier_set_error: Object: "left woven waraji sole grounded", Modifier: "weighted normals", Enable 'Auto Smooth' in Object Data Properties
ERROR (bke.modifier): ./source/blender/blenkernel/intern/modifier.cc:458 BKE_modifier_set_error: Object: "square tsuba guard", Modifier: "weighted normals", Enable 'Auto Smooth' in Object Data Properties
Fra:1 Mem:52.29M (Peak 52.32M) | Time:00:00.05 | Syncing matte charcoal inspection plinth
Fra:1 Mem:52.31M (Peak 52.35M) | Time:00:00.05 | Syncing ribcage under-kimono volume
Fra:1 Mem:52.40M (Peak 52.40M) | Time:00:00.05 | Syncing narrow waist under-kimono volume
Fra:1 Mem:52.47M (Peak 52.47M) | Time:00:00.05 | Syncing visible human head behind mempo
Fra:1 Mem:52.56M (Peak 52.56M) | Time:00:00.05 | Syncing thin exposed neck
Fra:1 Mem:52.57M (Peak 52.57M) | Time:00:00.05 | Syncing neck guard collar
Fra:1 Mem:52.58M (Peak 52.63M) | Time:00:00.05 | Syncing segmented kabuto helmet bowl
Fra:1 Mem:52.75M (Peak 52.76M) | Time:00:00.05 | Syncing wide kabuto brim
Fra:1 Mem:52.78M (Peak 52.78M) | Time:00:00.05 | Syncing rear shikoro neck guard flare
Fra:1 Mem:52.80M (Peak 52.80M) | Time:00:00.05 | Syncing left side helmet flange
Fra:1 Mem:52.81M (Peak 52.81M) | Time:00:00.05 | Syncing right side helmet flange
Fra:1 Mem:52.82M (Peak 52.82M) | Time:00:00.05 | Syncing golden maedate crescent crest
Fra:1 Mem:52.84M (Peak 52.89M) | Time:00:00.05 | Syncing crest central rivet
Fra:1 Mem:52.85M (Peak 52.89M) | Time:00:00.05 | Syncing dark iron mempo cheek mask
Fra:1 Mem:52.94M (Peak 52.94M) | Time:00:00.05 | Syncing mempo nose ridge
Fra:1 Mem:52.95M (Peak 52.95M) | Time:00:00.05 | Syncing left eye slit
Fra:1 Mem:52.97M (Peak 52.97M) | Time:00:00.05 | Syncing right eye slit
Fra:1 Mem:52.98M (Peak 52.98M) | Time:00:00.05 | Syncing mempo grim mouth slit
Fra:1 Mem:52.99M (Peak 52.99M) | Time:00:00.05 | Syncing left mask moustache bristle
Fra:1 Mem:53.00M (Peak 53.00M) | Time:00:00.05 | Syncing right mask moustache bristle
Fra:1 Mem:53.01M (Peak 53.01M) | Time:00:00.05 | Syncing throat guard row 1 curved lamella
Fra:1 Mem:53.03M (Peak 53.03M) | Time:00:00.05 | Syncing throat guard row 1 curved lamella
Fra:1 Mem:53.06M (Peak 53.06M) | Time:00:00.05 | Syncing throat guard row 1 curved lamella
Fra:1 Mem:53.08M (Peak 53.08M) | Time:00:00.05 | Syncing throat guard row 1 curved lamella
Fra:1 Mem:53.10M (Peak 53.10M) | Time:00:00.05 | Syncing throat guard row 1 curved lamella
Fra:1 Mem:53.13M (Peak 53.13M) | Time:00:00.05 | Syncing throat guard row 2 curved lamella
Fra:1 Mem:53.15M (Peak 53.15M) | Time:00:00.05 | Syncing throat guard row 2 curved lamella
Fra:1 Mem:53.18M (Peak 53.18M) | Time:00:00.05 | Syncing throat guard row 2 curved lamella
Fra:1 Mem:53.20M (Peak 53.20M) | Time:00:00.05 | Syncing throat guard row 2 curved lamella
Fra:1 Mem:53.22M (Peak 53.22M) | Time:00:00.05 | Syncing throat guard row 2 curved lamella
Fra:1 Mem:53.25M (Peak 53.25M) | Time:00:00.05 | Syncing throat guard row 3 curved lamella
Fra:1 Mem:53.27M (Peak 53.27M) | Time:00:00.05 | Syncing throat guard row 3 curved lamella
Fra:1 Mem:53.30M (Peak 53.30M) | Time:00:00.05 | Syncing throat guard row 3 curved lamella
Fra:1 Mem:53.32M (Peak 53.32M) | Time:00:00.05 | Syncing throat guard row 3 curved lamella
Fra:1 Mem:53.34M (Peak 53.34M) | Time:00:00.05 | Syncing throat guard row 3 curved lamella
Fra:1 Mem:53.37M (Peak 53.37M) | Time:00:00.05 | Syncing upper do cuirass fitted shell
Fra:1 Mem:53.47M (Peak 53.47M) | Time:00:00.05 | Syncing lower do cuirass narrowed shell
Fra:1 Mem:53.55M (Peak 53.55M) | Time:00:00.05 | Syncing front cuirass row 1 curved lamell
Fra:1 Mem:53.58M (Peak 53.58M) | Time:00:00.05 | Syncing front cuirass row 1 curved lamell
Fra:1 Mem:53.60M (Peak 53.60M) | Time:00:00.05 | Syncing front cuirass row 1 curved lamell
Fra:1 Mem:53.63M (Peak 53.63M) | Time:00:00.05 | Syncing front cuirass row 1 curved lamell
Fra:1 Mem:53.65M (Peak 53.65M) | Time:00:00.05 | Syncing front cuirass row 1 curved lamell
Fra:1 Mem:53.67M (Peak 53.67M) | Time:00:00.05 | Syncing front cuirass row 1 curved lamell
Fra:1 Mem:53.70M (Peak 53.70M) | Time:00:00.05 | Syncing front cuirass row 1 curved lamell
Fra:1 Mem:53.72M (Peak 53.72M) | Time:00:00.05 | Syncing front cuirass row 1 curved lamell
Fra:1 Mem:53.75M (Peak 53.75M) | Time:00:00.05 | Syncing front cuirass row 1 curved lamell
Fra:1 Mem:53.77M (Peak 53.77M) | Time:00:00.05 | Syncing rear cuirass row 1 curved lamella
Fra:1 Mem:53.79M (Peak 53.79M) | Time:00:00.05 | Syncing rear cuirass row 1 curved lamella
Fra:1 Mem:53.82M (Peak 53.82M) | Time:00:00.05 | Syncing rear cuirass row 1 curved lamella
Fra:1 Mem:53.84M (Peak 53.84M) | Time:00:00.05 | Syncing rear cuirass row 1 curved lamella
Fra:1 Mem:53.87M (Peak 53.87M) | Time:00:00.05 | Syncing rear cuirass row 1 curved lamella
Fra:1 Mem:53.89M (Peak 53.89M) | Time:00:00.05 | Syncing rear cuirass row 1 curved lamella
Fra:1 Mem:53.91M (Peak 53.91M) | Time:00:00.05 | Syncing rear cuirass row 1 curved lamella
Fra:1 Mem:53.94M (Peak 53.94M) | Time:00:00.05 | Syncing rear cuirass row 1 curved lamella
Fra:1 Mem:53.96M (Peak 53.96M) | Time:00:00.05 | Syncing rear cuirass row 1 curved lamella
Fra:1 Mem:53.98M (Peak 53.98M) | Time:00:00.05 | Syncing front cuirass row 2 curved lamell
Fra:1 Mem:54.01M (Peak 54.01M) | Time:00:00.05 | Syncing front cuirass row 2 curved lamell
Fra:1 Mem:54.03M (Peak 54.03M) | Time:00:00.05 | Syncing front cuirass row 2 curved lamell
Fra:1 Mem:54.06M (Peak 54.06M) | Time:00:00.05 | Syncing front cuirass row 2 curved lamell
Fra:1 Mem:54.08M (Peak 54.08M) | Time:00:00.06 | Syncing front cuirass row 2 curved lamell
Fra:1 Mem:54.10M (Peak 54.10M) | Time:00:00.06 | Syncing front cuirass row 2 curved lamell
Fra:1 Mem:54.13M (Peak 54.13M) | Time:00:00.06 | Syncing front cuirass row 2 curved lamell
Fra:1 Mem:54.15M (Peak 54.15M) | Time:00:00.06 | Syncing front cuirass row 2 curved lamell
Fra:1 Mem:54.18M (Peak 54.18M) | Time:00:00.06 | Syncing front cuirass row 2 curved lamell
Fra:1 Mem:54.20M (Peak 54.20M) | Time:00:00.06 | Syncing rear cuirass row 2 curved lamella
Fra:1 Mem:54.23M (Peak 54.23M) | Time:00:00.06 | Syncing rear cuirass row 2 curved lamella
Fra:1 Mem:54.25M (Peak 54.25M) | Time:00:00.06 | Syncing rear cuirass row 2 curved lamella
Fra:1 Mem:54.27M (Peak 54.27M) | Time:00:00.06 | Syncing rear cuirass row 2 curved lamella
Fra:1 Mem:54.30M (Peak 54.30M) | Time:00:00.06 | Syncing rear cuirass row 2 curved lamella
Fra:1 Mem:54.32M (Peak 54.32M) | Time:00:00.06 | Syncing rear cuirass row 2 curved lamella
Fra:1 Mem:54.35M (Peak 54.35M) | Time:00:00.06 | Syncing rear cuirass row 2 curved lamella
Fra:1 Mem:54.37M (Peak 54.37M) | Time:00:00.06 | Syncing rear cuirass row 2 curved lamella
Fra:1 Mem:54.39M (Peak 54.39M) | Time:00:00.06 | Syncing rear cuirass row 2 curved lamella
Fra:1 Mem:54.42M (Peak 54.42M) | Time:00:00.06 | Syncing front cuirass row 3 curved lamell
Fra:1 Mem:54.44M (Peak 54.44M) | Time:00:00.06 | Syncing front cuirass row 3 curved lamell
Fra:1 Mem:54.47M (Peak 54.47M) | Time:00:00.06 | Syncing front cuirass row 3 curved lamell
Fra:1 Mem:54.49M (Peak 54.49M) | Time:00:00.06 | Syncing front cuirass row 3 curved lamell
Fra:1 Mem:54.51M (Peak 54.51M) | Time:00:00.06 | Syncing front cuirass row 3 curved lamell
Fra:1 Mem:54.54M (Peak 54.54M) | Time:00:00.06 | Syncing front cuirass row 3 curved lamell
Fra:1 Mem:54.56M (Peak 54.56M) | Time:00:00.06 | Syncing front cuirass row 3 curved lamell
Fra:1 Mem:54.59M (Peak 54.59M) | Time:00:00.06 | Syncing front cuirass row 3 curved lamell
Fra:1 Mem:54.61M (Peak 54.61M) | Time:00:00.06 | Syncing front cuirass row 3 curved lamell
Fra:1 Mem:54.63M (Peak 54.63M) | Time:00:00.06 | Syncing rear cuirass row 3 curved lamella
Fra:1 Mem:54.66M (Peak 54.66M) | Time:00:00.06 | Syncing rear cuirass row 3 curved lamella
Fra:1 Mem:54.68M (Peak 54.68M) | Time:00:00.06 | Syncing rear cuirass row 3 curved lamella
Fra:1 Mem:54.71M (Peak 54.71M) | Time:00:00.06 | Syncing rear cuirass row 3 curved lamella
Fra:1 Mem:54.73M (Peak 54.73M) | Time:00:00.06 | Syncing rear cuirass row 3 curved lamella
Fra:1 Mem:54.75M (Peak 54.75M) | Time:00:00.06 | Syncing rear cuirass row 3 curved lamella
Fra:1 Mem:54.78M (Peak 54.78M) | Time:00:00.06 | Syncing rear cuirass row 3 curved lamella
Fra:1 Mem:54.80M (Peak 54.80M) | Time:00:00.06 | Syncing rear cuirass row 3 curved lamella
Fra:1 Mem:54.83M (Peak 54.83M) | Time:00:00.06 | Syncing rear cuirass row 3 curved lamella
Fra:1 Mem:54.85M (Peak 54.85M) | Time:00:00.06 | Syncing front cuirass row 4 curved lamell
Fra:1 Mem:54.87M (Peak 54.87M) | Time:00:00.06 | Syncing front cuirass row 4 curved lamell
Fra:1 Mem:54.90M (Peak 54.90M) | Time:00:00.06 | Syncing front cuirass row 4 curved lamell
Fra:1 Mem:54.92M (Peak 54.92M) | Time:00:00.06 | Syncing front cuirass row 4 curved lamell
Fra:1 Mem:54.95M (Peak 54.95M) | Time:00:00.06 | Syncing front cuirass row 4 curved lamell
Fra:1 Mem:54.97M (Peak 54.97M) | Time:00:00.06 | Syncing front cuirass row 4 curved lamell
Fra:1 Mem:54.99M (Peak 54.99M) | Time:00:00.06 | Syncing front cuirass row 4 curved lamell
Fra:1 Mem:55.02M (Peak 55.02M) | Time:00:00.06 | Syncing front cuirass row 4 curved lamell
Fra:1 Mem:55.04M (Peak 55.04M) | Time:00:00.06 | Syncing front cuirass row 4 curved lamell
Fra:1 Mem:55.07M (Peak 55.07M) | Time:00:00.06 | Syncing rear cuirass row 4 curved lamella
Fra:1 Mem:55.09M (Peak 55.09M) | Time:00:00.06 | Syncing rear cuirass row 4 curved lamella
Fra:1 Mem:55.11M (Peak 55.11M) | Time:00:00.06 | Syncing rear cuirass row 4 curved lamella
Fra:1 Mem:55.14M (Peak 55.14M) | Time:00:00.06 | Syncing rear cuirass row 4 curved lamella
Fra:1 Mem:55.16M (Peak 55.16M) | Time:00:00.06 | Syncing rear cuirass row 4 curved lamella
Fra:1 Mem:55.19M (Peak 55.19M) | Time:00:00.06 | Syncing rear cuirass row 4 curved lamella
Fra:1 Mem:55.21M (Peak 55.21M) | Time:00:00.06 | Syncing rear cuirass row 4 curved lamella
Fra:1 Mem:55.23M (Peak 55.23M) | Time:00:00.06 | Syncing rear cuirass row 4 curved lamella
Fra:1 Mem:55.26M (Peak 55.26M) | Time:00:00.06 | Syncing rear cuirass row 4 curved lamella
Fra:1 Mem:55.28M (Peak 55.28M) | Time:00:00.06 | Syncing front cuirass row 5 curved lamell
Fra:1 Mem:55.31M (Peak 55.31M) | Time:00:00.06 | Syncing front cuirass row 5 curved lamell
Fra:1 Mem:55.33M (Peak 55.33M) | Time:00:00.06 | Syncing front cuirass row 5 curved lamell
Fra:1 Mem:55.35M (Peak 55.35M) | Time:00:00.06 | Syncing front cuirass row 5 curved lamell
Fra:1 Mem:55.38M (Peak 55.38M) | Time:00:00.06 | Syncing front cuirass row 5 curved lamell
Fra:1 Mem:55.40M (Peak 55.40M) | Time:00:00.06 | Syncing front cuirass row 5 curved lamell
Fra:1 Mem:55.43M (Peak 55.43M) | Time:00:00.06 | Syncing front cuirass row 5 curved lamell
Fra:1 Mem:55.45M (Peak 55.45M) | Time:00:00.06 | Syncing front cuirass row 5 curved lamell
Fra:1 Mem:55.47M (Peak 55.47M) | Time:00:00.06 | Syncing front cuirass row 5 curved lamell
Fra:1 Mem:55.50M (Peak 55.50M) | Time:00:00.06 | Syncing rear cuirass row 5 curved lamella
Fra:1 Mem:55.52M (Peak 55.52M) | Time:00:00.06 | Syncing rear cuirass row 5 curved lamella
Fra:1 Mem:55.55M (Peak 55.55M) | Time:00:00.06 | Syncing rear cuirass row 5 curved lamella
Fra:1 Mem:55.57M (Peak 55.57M) | Time:00:00.06 | Syncing rear cuirass row 5 curved lamella
Fra:1 Mem:55.59M (Peak 55.59M) | Time:00:00.06 | Syncing rear cuirass row 5 curved lamella
Fra:1 Mem:55.62M (Peak 55.62M) | Time:00:00.06 | Syncing rear cuirass row 5 curved lamella
Fra:1 Mem:55.64M (Peak 55.64M) | Time:00:00.06 | Syncing rear cuirass row 5 curved lamella
Fra:1 Mem:55.67M (Peak 55.67M) | Time:00:00.06 | Syncing rear cuirass row 5 curved lamella
Fra:1 Mem:55.69M (Peak 55.69M) | Time:00:00.06 | Syncing rear cuirass row 5 curved lamella
Fra:1 Mem:55.71M (Peak 55.71M) | Time:00:00.06 | Syncing left side cuirass plate 1
Fra:1 Mem:55.73M (Peak 55.73M) | Time:00:00.06 | Syncing left side cuirass plate 2
Fra:1 Mem:55.74M (Peak 55.74M) | Time:00:00.06 | Syncing left side cuirass plate 3
Fra:1 Mem:55.76M (Peak 55.76M) | Time:00:00.06 | Syncing right side cuirass plate 1
Fra:1 Mem:55.77M (Peak 55.77M) | Time:00:00.06 | Syncing right side cuirass plate 2
Fra:1 Mem:55.79M (Peak 55.79M) | Time:00:00.06 | Syncing right side cuirass plate 3
Fra:1 Mem:55.80M (Peak 55.80M) | Time:00:00.06 | Syncing left shoulder undercloth
Fra:1 Mem:55.86M (Peak 55.86M) | Time:00:00.06 | Syncing left sode shoulder plate 1
Fra:1 Mem:55.87M (Peak 55.87M) | Time:00:00.06 | Syncing left sode shoulder plate 2
Fra:1 Mem:55.88M (Peak 55.88M) | Time:00:00.06 | Syncing left sode shoulder plate 3
Fra:1 Mem:55.90M (Peak 55.90M) | Time:00:00.06 | Syncing left sode shoulder plate 4
Fra:1 Mem:55.91M (Peak 55.91M) | Time:00:00.06 | Syncing left armored upper arm
Fra:1 Mem:55.97M (Peak 55.97M) | Time:00:00.06 | Syncing left sode shoulder armor
Fra:1 Mem:56.01M (Peak 56.01M) | Time:00:00.06 | Syncing left kote forearm guard
Fra:1 Mem:56.06M (Peak 56.06M) | Time:00:00.06 | Syncing left leather palm volume
Fra:1 Mem:56.10M (Peak 56.12M) | Time:00:00.07 | Syncing left articulated index finger
Fra:1 Mem:56.11M (Peak 56.12M) | Time:00:00.07 | Syncing left index fingertip
Fra:1 Mem:56.12M (Peak 56.12M) | Time:00:00.07 | Syncing left articulated middle finger
Fra:1 Mem:56.13M (Peak 56.13M) | Time:00:00.07 | Syncing left middle fingertip
Fra:1 Mem:56.14M (Peak 56.14M) | Time:00:00.07 | Syncing left articulated ring finger
Fra:1 Mem:56.15M (Peak 56.15M) | Time:00:00.07 | Syncing left ring fingertip
Fra:1 Mem:56.17M (Peak 56.17M) | Time:00:00.07 | Syncing left articulated pinky finger
Fra:1 Mem:56.18M (Peak 56.18M) | Time:00:00.07 | Syncing left pinky fingertip
Fra:1 Mem:56.19M (Peak 56.19M) | Time:00:00.07 | Syncing left opposed thumb
Fra:1 Mem:56.20M (Peak 56.20M) | Time:00:00.07 | Syncing left thumb fingertip
Fra:1 Mem:56.21M (Peak 56.21M) | Time:00:00.07 | Syncing right shoulder undercloth
Fra:1 Mem:56.27M (Peak 56.27M) | Time:00:00.07 | Syncing right sode shoulder plate 1
Fra:1 Mem:56.28M (Peak 56.28M) | Time:00:00.07 | Syncing right sode shoulder plate 2
Fra:1 Mem:56.29M (Peak 56.29M) | Time:00:00.07 | Syncing right sode shoulder plate 3
Fra:1 Mem:56.31M (Peak 56.31M) | Time:00:00.07 | Syncing right sode shoulder plate 4
Fra:1 Mem:56.32M (Peak 56.32M) | Time:00:00.07 | Syncing right armored upper arm
Fra:1 Mem:56.38M (Peak 56.38M) | Time:00:00.07 | Syncing right sode shoulder armor
Fra:1 Mem:56.42M (Peak 56.42M) | Time:00:00.07 | Syncing right kote forearm guard
Fra:1 Mem:56.48M (Peak 56.48M) | Time:00:00.07 | Syncing right leather palm volume
Fra:1 Mem:56.51M (Peak 56.51M) | Time:00:00.07 | Syncing right articulated index finger
Fra:1 Mem:56.52M (Peak 56.52M) | Time:00:00.07 | Syncing right index fingertip
Fra:1 Mem:56.53M (Peak 56.53M) | Time:00:00.07 | Syncing right articulated middle finger
Fra:1 Mem:56.54M (Peak 56.54M) | Time:00:00.07 | Syncing right middle fingertip
Fra:1 Mem:56.55M (Peak 56.55M) | Time:00:00.07 | Syncing right articulated ring finger
Fra:1 Mem:56.56M (Peak 56.56M) | Time:00:00.07 | Syncing right ring fingertip
Fra:1 Mem:56.58M (Peak 56.58M) | Time:00:00.07 | Syncing right articulated pinky finger
Fra:1 Mem:56.59M (Peak 56.59M) | Time:00:00.07 | Syncing right pinky fingertip
Fra:1 Mem:56.60M (Peak 56.60M) | Time:00:00.07 | Syncing right opposed thumb
Fra:1 Mem:56.61M (Peak 56.61M) | Time:00:00.07 | Syncing right thumb fingertip
Fra:1 Mem:56.62M (Peak 56.62M) | Time:00:00.07 | Syncing kusazuri skirt plate -1 row 1
Fra:1 Mem:56.64M (Peak 56.64M) | Time:00:00.07 | Syncing rear kusazuri skirt plate -1 row 
Fra:1 Mem:56.65M (Peak 56.65M) | Time:00:00.07 | Syncing kusazuri skirt plate -1 row 2
Fra:1 Mem:56.66M (Peak 56.66M) | Time:00:00.07 | Syncing rear kusazuri skirt plate -1 row 
Fra:1 Mem:56.68M (Peak 56.68M) | Time:00:00.07 | Syncing kusazuri skirt plate -1 row 3
Fra:1 Mem:56.69M (Peak 56.69M) | Time:00:00.07 | Syncing rear kusazuri skirt plate -1 row 
Fra:1 Mem:56.71M (Peak 56.71M) | Time:00:00.07 | Syncing kusazuri skirt plate +0 row 1
Fra:1 Mem:56.72M (Peak 56.72M) | Time:00:00.07 | Syncing rear kusazuri skirt plate +0 row 
Fra:1 Mem:56.73M (Peak 56.73M) | Time:00:00.07 | Syncing kusazuri skirt plate +0 row 2
Fra:1 Mem:56.75M (Peak 56.75M) | Time:00:00.07 | Syncing rear kusazuri skirt plate +0 row 
Fra:1 Mem:56.76M (Peak 56.76M) | Time:00:00.07 | Syncing kusazuri skirt plate +0 row 3
Fra:1 Mem:56.78M (Peak 56.78M) | Time:00:00.07 | Syncing rear kusazuri skirt plate +0 row 
Fra:1 Mem:56.79M (Peak 56.79M) | Time:00:00.07 | Syncing kusazuri skirt plate +1 row 1
Fra:1 Mem:56.80M (Peak 56.80M) | Time:00:00.07 | Syncing rear kusazuri skirt plate +1 row 
Fra:1 Mem:56.82M (Peak 56.82M) | Time:00:00.07 | Syncing kusazuri skirt plate +1 row 2
Fra:1 Mem:56.83M (Peak 56.83M) | Time:00:00.07 | Syncing rear kusazuri skirt plate +1 row 
Fra:1 Mem:56.84M (Peak 56.84M) | Time:00:00.07 | Syncing kusazuri skirt plate +1 row 3
Fra:1 Mem:56.86M (Peak 56.86M) | Time:00:00.07 | Syncing rear kusazuri skirt plate +1 row 
Fra:1 Mem:56.87M (Peak 56.87M) | Time:00:00.07 | Syncing left hakama trouser leg
Fra:1 Mem:56.93M (Peak 56.93M) | Time:00:00.07 | Syncing left shin greave
Fra:1 Mem:56.98M (Peak 56.98M) | Time:00:00.07 | Syncing left split-toe tabi foot volume
Fra:1 Mem:57.03M (Peak 57.03M) | Time:00:00.07 | Syncing left separated big toe
Fra:1 Mem:57.05M (Peak 57.05M) | Time:00:00.07 | Syncing left outer toe group
Fra:1 Mem:57.07M (Peak 57.07M) | Time:00:00.07 | Syncing left woven waraji sole grounded
Fra:1 Mem:57.08M (Peak 57.08M) | Time:00:00.07 | Syncing left sandal toe strap
Fra:1 Mem:57.09M (Peak 57.15M) | Time:00:00.07 | Syncing left heel strap
Fra:1 Mem:57.09M (Peak 57.15M) | Time:00:00.07 | Syncing left hakama pleat 1
Fra:1 Mem:57.10M (Peak 57.15M) | Time:00:00.07 | Syncing left hakama pleat 2
Fra:1 Mem:57.11M (Peak 57.15M) | Time:00:00.07 | Syncing left hakama pleat 3
Fra:1 Mem:57.12M (Peak 57.15M) | Time:00:00.07 | Syncing right hakama trouser leg
Fra:1 Mem:57.20M (Peak 57.20M) | Time:00:00.07 | Syncing right shin greave
Fra:1 Mem:57.26M (Peak 57.26M) | Time:00:00.07 | Syncing right split-toe tabi foot volume
Fra:1 Mem:57.30M (Peak 57.30M) | Time:00:00.07 | Syncing right separated big toe
Fra:1 Mem:57.33M (Peak 57.33M) | Time:00:00.07 | Syncing right outer toe group
Fra:1 Mem:57.35M (Peak 57.35M) | Time:00:00.07 | Syncing right woven waraji sole grounded
Fra:1 Mem:57.35M (Peak 57.35M) | Time:00:00.07 | Syncing right sandal toe strap
Fra:1 Mem:57.36M (Peak 57.36M) | Time:00:00.07 | Syncing right heel strap
Fra:1 Mem:57.37M (Peak 57.37M) | Time:00:00.07 | Syncing right hakama pleat 1
Fra:1 Mem:57.37M (Peak 57.37M) | Time:00:00.07 | Syncing right hakama pleat 2
Fra:1 Mem:57.38M (Peak 57.38M) | Time:00:00.07 | Syncing right hakama pleat 3
Fra:1 Mem:57.38M (Peak 57.38M) | Time:00:00.07 | Syncing drawn katana blade spine
Fra:1 Mem:57.39M (Peak 57.45M) | Time:00:00.07 | Syncing bright sharpened katana edge
Fra:1 Mem:57.40M (Peak 57.45M) | Time:00:00.07 | Syncing wrapped katana grip
Fra:1 Mem:57.41M (Peak 57.45M) | Time:00:00.07 | Syncing square tsuba guard
Fra:1 Mem:57.42M (Peak 57.45M) | Time:00:00.07 | Syncing lacquered saya scabbard at left h
Fra:1 Mem:57.43M (Peak 57.45M) | Time:00:00.07 | Syncing waist sash tying armor
Fra:1 Mem:57.43M (Peak 57.45M) | Time:00:00.07 | Syncing bamboo sashimono back pole
Fra:1 Mem:57.44M (Peak 57.45M) | Time:00:00.07 | Syncing small lacquered sashimono crossba
Fra:1 Mem:57.46M (Peak 57.46M) | Time:00:00.07 | Syncing cloth sashimono banner panel
Fra:1 Mem:57.47M (Peak 57.52M) | Time:00:00.07 | Syncing simple round clan mon on banner
Fra:1 Mem:57.51M (Peak 57.52M) | Time:00:00.07 | Syncing cool key
Fra:1 Mem:57.51M (Peak 57.52M) | Time:00:00.07 | Syncing rim
Fra:1 Mem:57.51M (Peak 57.52M) | Time:00:00.07 | Syncing hero cam
Fra:1 Mem:57.51M (Peak 57.52M) | Time:00:00.07 | Syncing samurai_v2_provenance
Fra:1 Mem:57.54M (Peak 57.64M) | Time:00:00.08 | Rendering 1 / 32 samples
Fra:1 Mem:54.65M (Peak 57.64M) | Time:00:03.36 | Rendering 26 / 32 samples
Fra:1 Mem:54.65M (Peak 57.64M) | Time:00:04.00 | Rendering 32 / 32 samples
Saved: '/tmp/factoryx-v21-render/samurai-repaired-full-20-v21/uesugi-01/samurai_character_top.png'
 Time: 00:04.15 (Saving: 00:00.03)

ERROR (bke.modifier): ./source/blender/blenkernel/intern/modifier.cc:458 BKE_modifier_set_error: Object: "thin exposed neck", Modifier: "weighted normals", Enable 'Auto Smooth' in Object Data Properties
ERROR (bke.modifier): ./source/blender/blenkernel/intern/modifier.cc:458 BKE_modifier_set_error: Object: "narrow waist under-kimono volume", Modifier: "weighted normals", Enable 'Auto Smooth' in Object Data Properties
ERROR (bke.modifier): ./source/blender/blenkernel/intern/modifier.cc:458 BKE_modifier_set_error: Object: "visible human head behind mempo", Modifier: "weighted normals", Enable 'Auto Smooth' in Object Data Properties
ERROR (bke.modifier): ./source/blender/blenkernel/intern/modifier.cc:458 BKE_modifier_set_error: Object: "neck guard collar", Modifier: "weighted normals", Enable 'Auto Smooth' in Object Data Properties
ERROR (bke.modifier): ./source/blender/blenkernel/intern/modifier.cc:458 BKE_modifier_set_error: Object: "segmented kabuto helmet bowl", Modifier: "weighted normals", Enable 'Auto Smooth' in Object Data Properties
ERROR (bke.modifier): ./source/blender/blenkernel/intern/modifier.cc:458 BKE_modifier_set_error: Object: "ribcage under-kimono volume", Modifier: "weighted normals", Enable 'Auto Smooth' in Object Data Properties
ERROR (bke.modifier): ./source/blender/blenkernel/intern/modifier.cc:458 BKE_modifier_set_error: Object: "rear shikoro neck guard flare", Modifier: "weighted normals", Enable 'Auto Smooth' in Object Data Properties
ERROR (bke.modifier): ./source/blender/blenkernel/intern/modifier.cc:458 BKE_modifier_set_error: Object: "wide kabuto brim", Modifier: "weighted normals", Enable 'Auto Smooth' in Object Data Properties
ERROR (bke.modifier): ./source/blender/blenkernel/intern/modifier.cc:458 BKE_modifier_set_error: Object: "crest central rivet", Modifier: "weighted normals", Enable 'Auto Smooth' in Object Data Properties
ERROR (bke.modifier): ./source/blender/blenkernel/intern/modifier.cc:458 BKE_modifier_set_error: Object: "dark iron mempo cheek mask", Modifier: "weighted normals", Enable 'Auto Smooth' in Object Data Properties
ERROR (bke.modifier): ./source/blender/blenkernel/intern/modifier.cc:458 BKE_modifier_set_error: Object: "throat guard row 1 curved lamellar plate 01", Modifier: "weighted normals", Enable 'Auto Smooth' in Object Data Properties
ERROR (bke.modifier): ./source/blender/blenkernel/intern/modifier.cc:458 BKE_modifier_set_error: Object: "throat guard row 1 curved lamellar plate 03", Modifier: "weighted normals", Enable 'Auto Smooth' in Object Data Properties
ERROR (bke.modifier): ./source/blender/blenkernel/intern/modifier.cc:458 BKE_modifier_set_error: Object: "throat guard row 1 curved lamellar plate 05", Modifier: "weighted normals", Enable 'Auto Smooth' in Object Data Properties
ERROR (bke.modifier): ./source/blender/blenkernel/intern/modifier.cc:458 BKE_modifier_set_error: Object: "throat guard row 1 curved lamellar plate 02", Modifier: "weighted normals", Enable 'Auto Smooth' in Object Data Properties
ERROR (bke.modifier): ./source/blender/blenkernel/intern/modifier.cc:458 BKE_modifier_set_error: Object: "throat guard row 1 curved lamellar plate 04", Modifier: "weighted normals", Enable 'Auto Smooth' in Object Data Properties
ERROR (bke.modifier): ./source/blender/blenkernel/intern/modifier.cc:458 BKE_modifier_set_error: Object: "matte charcoal inspection plinth", Modifier: "weighted normals", Enable 'Auto Smooth' in Object Data Properties
ERROR (bke.modifier): ./source/blender/blenkernel/intern/modifier.cc:458 BKE_modifier_set_error: Object: "throat guard row 2 curved lamellar plate 02", Modifier: "weighted normals", Enable 'Auto Smooth' in Object Data Properties
ERROR (bke.modifier): ./source/blender/blenkernel/intern/modifier.cc:458 BKE_modifier_set_error: Object: "throat guard row 2 curved lamellar plate 03", Modifier: "weighted normals", Enable 'Auto Smooth' in Object Data Properties
ERROR (bke.modifier): ./source/blender/blenkernel/intern/modifier.cc:458 BKE_modifier_set_error: Object: "throat guard row 2 curved lamellar plate 01", Modifier: "weighted normals", Enable 'Auto Smooth' in Object Data Properties
ERROR (bke.modifier): ./source/blender/blenkernel/intern/modifier.cc:458 BKE_modifier_set_error: Object: "throat guard row 2 curved lamellar plate 05", Modifier: "weighted normals", Enable 'Auto Smooth' in Object Data Properties
ERROR (bke.modifier): ./source/blender/blenkernel/intern/modifier.cc:458 BKE_modifier_set_error: Object: "throat guard row 3 curved lamellar plate 01", Modifier: "weighted normals", Enable 'Auto Smooth' in Object Data Properties
ERROR (bke.modifier): ./source/blender/blenkernel/intern/modifier.cc:458 BKE_modifier_set_error: Object: "throat guard row 2 curved lamellar plate 04", Modifier: "weighted normals", Enable 'Auto Smooth' in Object Data Properties
ERROR (bke.modifier): ./source/blender/blenkernel/intern/modifier.cc:458 BKE_modifier_set_error: Object: "throat guard row 3 curved lamellar plate 02", Modifier: "weighted normals", Enable 'Auto Smooth' in Object Data Properties
ERROR (bke.modifier): ./source/blender/blenkernel/intern/modifier.cc:458 BKE_modifier_set_error: Object: "throat guard row 3 curved lamellar plate 03", Modifier: "weighted normals", Enable 'Auto Smooth' in Object Data Properties
ERROR (bke.modifier): ./source/blender/blenkernel/intern/modifier.cc:458 BKE_modifier_set_error: Object: "simple round clan mon on banner", Modifier: "weighted normals", Enable 'Auto Smooth' in Object Data Properties
ERROR (bke.modifier): ./source/blender/blenkernel/intern/modifier.cc:458 BKE_modifier_set_error: Object: "throat guard row 3 curved lamellar plate 04", Modifier: "weighted normals", Enable 'Auto Smooth' in Object Data Properties
ERROR (bke.modifier): ./source/blender/blenkernel/intern/modifier.cc:458 BKE_modifier_set_error: Object: "right side helmet flange", Modifier: "weighted normals", Enable 'Auto Smooth' in Object Data Properties
ERROR (bke.modifier): ./source/blender/blenkernel/intern/modifier.cc:458 BKE_modifier_set_error: Object: "front cuirass row 1 curved lamellar plate 02", Modifier: "weighted normals", Enable 'Auto Smooth' in Object Data Properties
ERROR (bke.modifier): ./source/blender/blenkernel/intern/modifier.cc:458 BKE_modifier_set_error: Object: "front cuirass row 1 curved lamellar plate 03", Modifier: "weighted normals", Enable 'Auto Smooth' in Object Data Properties
ERROR (bke.modifier): ./source/blender/blenkernel/intern/modifier.cc:458 BKE_modifier_set_error: Object: "upper do cuirass fitted shell", Modifier: "weighted normals", Enable 'Auto Smooth' in Object Data Properties
ERROR (bke.modifier): ./source/blender/blenkernel/intern/modifier.cc:458 BKE_modifier_set_error: Object: "front cuirass row 1 curved lamellar plate 01", Modifier: "weighted normals", Enable 'Auto Smooth' in Object Data Properties
ERROR (bke.modifier): ./source/blender/blenkernel/intern/modifier.cc:458 BKE_modifier_set_error: Object: "front cuirass row 1 curved lamellar plate 04", Modifier: "weighted normals", Enable 'Auto Smooth' in Object Data Properties
ERROR (bke.modifier): ./source/blender/blenkernel/intern/modifier.cc:458 BKE_modifier_set_error: Object: "front cuirass row 1 curved lamellar plate 05", Modifier: "weighted normals", Enable 'Auto Smooth' in Object Data Properties
ERROR (bke.modifier): ./source/blender/blenkernel/intern/modifier.cc:458 BKE_modifier_set_error: Object: "throat guard row 3 curved lamellar plate 05", Modifier: "weighted normals", Enable 'Auto Smooth' in Object Data Properties
ERROR (bke.modifier): ./source/blender/blenkernel/intern/modifier.cc:458 BKE_modifier_set_error: Object: "front cuirass row 1 curved lamellar plate 06", Modifier: "weighted normals", Enable 'Auto Smooth' in Object Data Properties
ERROR (bke.modifier): ./source/blender/blenkernel/intern/modifier.cc:458 BKE_modifier_set_error: Object: "front cuirass row 1 curved lamellar plate 07", Modifier: "weighted normals", Enable 'Auto Smooth' in Object Data Properties
ERROR (bke.modifier): ./source/blender/blenkernel/intern/modifier.cc:458 BKE_modifier_set_error: Object: "front cuirass row 1 curved lamellar plate 08", Modifier: "weighted normals", Enable 'Auto Smooth' in Object Data Properties
ERROR (bke.modifier): ./source/blender/blenkernel/intern/modifier.cc:458 BKE_modifier_set_error: Object: "front cuirass row 1 curved lamellar plate 09", Modifier: "weighted normals", Enable 'Auto Smooth' in Object Data Properties
ERROR (bke.modifier): ./source/blender/blenkernel/intern/modifier.cc:458 BKE_modifier_set_error: Object: "mempo grim mouth slit", Modifier: "weighted normals", Enable 'Auto Smooth' in Object Data Properties
ERROR (bke.modifier): ./source/blender/blenkernel/intern/modifier.cc:458 BKE_modifier_set_error: Object: "rear cuirass row 1 curved lamellar plate 01", Modifier: "weighted normals", Enable 'Auto Smooth' in Object Data Properties
ERROR (bke.modifier): ./source/blender/blenkernel/intern/modifier.cc:458 BKE_modifier_set_error: Object: "lower do cuirass narrowed shell", Modifier: "weighted normals", Enable 'Auto Smooth' in Object Data Properties
ERROR (bke.modifier): ./source/blender/blenkernel/intern/modifier.cc:458 BKE_modifier_set_error: Object: "rear cuirass row 1 curved lamellar plate 02", Modifier: "weighted normals", Enable 'Auto Smooth' in Object Data Properties
ERROR (bke.modifier): ./source/blender/blenkernel/intern/modifier.cc:458 BKE_modifier_set_error: Object: "rear cuirass row 1 curved lamellar plate 04", Modifier: "weighted normals", Enable 'Auto Smooth' in Object Data Properties
ERROR (bke.modifier): ./source/blender/blenkernel/intern/modifier.cc:458 BKE_modifier_set_error: Object: "rear cuirass row 1 curved lamellar plate 05", Modifier: "weighted normals", Enable 'Auto Smooth' in Object Data Properties
ERROR (bke.modifier): ./source/blender/blenkernel/intern/modifier.cc:458 BKE_modifier_set_error: Object: "rear cuirass row 1 curved lamellar plate 03", Modifier: "weighted normals", Enable 'Auto Smooth' in Object Data Properties
ERROR (bke.modifier): ./source/blender/blenkernel/intern/modifier.cc:458 BKE_modifier_set_error: Object: "rear cuirass row 1 curved lamellar plate 06", Modifier: "weighted normals", Enable 'Auto Smooth' in Object Data Properties
ERROR (bke.modifier): ./source/blender/blenkernel/intern/modifier.cc:458 BKE_modifier_set_error: Object: "rear cuirass row 1 curved lamellar plate 07", Modifier: "weighted normals", Enable 'Auto Smooth' in Object Data Properties
ERROR (bke.modifier): ./source/blender/blenkernel/intern/modifier.cc:458 BKE_modifier_set_error: Object: "rear cuirass row 1 curved lamellar plate 08", Modifier: "weighted normals", Enable 'Auto Smooth' in Object Data Properties
ERROR (bke.modifier): ./source/blender/blenkernel/intern/modifier.cc:458 BKE_modifier_set_error: Object: "mempo nose ridge", Modifier: "weighted normals", Enable 'Auto Smooth' in Object Data Properties
ERROR (bke.modifier): ./source/blender/blenkernel/intern/modifier.cc:458 BKE_modifier_set_error: Object: "rear cuirass row 1 curved lamellar plate 09", Modifier: "weighted normals", Enable 'Auto Smooth' in Object Data Properties
ERROR (bke.modifier): ./source/blender/blenkernel/intern/modifier.cc:458 BKE_modifier_set_error: Object: "front cuirass row 2 curved lamellar plate 01", Modifier: "weighted normals", Enable 'Auto Smooth' in Object Data Properties
ERROR (bke.modifier): ./source/blender/blenkernel/intern/modifier.cc:458 BKE_modifier_set_error: Object: "front cuirass row 2 curved lamellar plate 02", Modifier: "weighted normals", Enable 'Auto Smooth' in Object Data Properties
ERROR (bke.modifier): ./source/blender/blenkernel/intern/modifier.cc:458 BKE_modifier_set_error: Object: "front cuirass row 2 curved lamellar plate 04", Modifier: "weighted normals", Enable 'Auto Smooth' in Object Data Properties
ERROR (bke.modifier): ./source/blender/blenkernel/intern/modifier.cc:458 BKE_modifier_set_error: Object: "front cuirass row 2 curved lamellar plate 03", Modifier: "weighted normals", Enable 'Auto Smooth' in Object Data Properties
ERROR (bke.modifier): ./source/blender/blenkernel/intern/modifier.cc:458 BKE_modifier_set_error: Object: "front cuirass row 2 curved lamellar plate 05", Modifier: "weighted normals", Enable 'Auto Smooth' in Object Data Properties
ERROR (bke.modifier): ./source/blender/blenkernel/intern/modifier.cc:458 BKE_modifier_set_error: Object: "front cuirass row 2 curved lamellar plate 08", Modifier: "weighted normals", Enable 'Auto Smooth' in Object Data Properties
ERROR (bke.modifier): ./source/blender/blenkernel/intern/modifier.cc:458 BKE_modifier_set_error: Object: "front cuirass row 2 curved lamellar plate 06", Modifier: "weighted normals", Enable 'Auto Smooth' in Object Data Properties
ERROR (bke.modifier): ./source/blender/blenkernel/intern/modifier.cc:458 BKE_modifier_set_error: Object: "front cuirass row 2 curved lamellar plate 07", Modifier: "weighted normals", Enable 'Auto Smooth' in Object Data Properties
ERROR (bke.modifier): ./source/blender/blenkernel/intern/modifier.cc:458 BKE_modifier_set_error: Object: "front cuirass row 2 curved lamellar plate 09", Modifier: "weighted normals", Enable 'Auto Smooth' in Object Data Properties
ERROR (bke.modifier): ./source/blender/blenkernel/intern/modifier.cc:458 BKE_modifier_set_error: Object: "right eye slit", Modifier: "weighted normals", Enable 'Auto Smooth' in Object Data Properties
ERROR (bke.modifier): ./source/blender/blenkernel/intern/modifier.cc:458 BKE_modifier_set_error: Object: "rear cuirass row 2 curved lamellar plate 01", Modifier: "weighted normals", Enable 'Auto Smooth' in Object Data Properties
ERROR (bke.modifier): ./source/blender/blenkernel/intern/modifier.cc:458 BKE_modifier_set_error: Object: "rear cuirass row 2 curved lamellar plate 02", Modifier: "weighted normals", Enable 'Auto Smooth' in Object Data Properties
ERROR (bke.modifier): ./source/blender/blenkernel/intern/modifier.cc:458 BKE_modifier_set_error: Object: "rear cuirass row 2 curved lamellar plate 08", Modifier: "weighted normals", Enable 'Auto Smooth' in Object Data Properties
ERROR (bke.modifier): ./source/blender/blenkernel/intern/modifier.cc:458 BKE_modifier_set_error: Object: "rear cuirass row 2 curved lamellar plate 05", Modifier: "weighted normals", Enable 'Auto Smooth' in Object Data Properties
ERROR (bke.modifier): ./source/blender/blenkernel/intern/modifier.cc:458 BKE_modifier_set_error: Object: "rear cuirass row 2 curved lamellar plate 03", Modifier: "weighted normals", Enable 'Auto Smooth' in Object Data Properties
ERROR (bke.modifier): ./source/blender/blenkernel/intern/modifier.cc:458 BKE_modifier_set_error: Object: "rear cuirass row 2 curved lamellar plate 04", Modifier: "weighted normals", Enable 'Auto Smooth' in Object Data Properties
ERROR (bke.modifier): ./source/blender/blenkernel/intern/modifier.cc:458 BKE_modifier_set_error: Object: "rear cuirass row 2 curved lamellar plate 06", Modifier: "weighted normals", Enable 'Auto Smooth' in Object Data Properties
ERROR (bke.modifier): ./source/blender/blenkernel/intern/modifier.cc:458 BKE_modifier_set_error: Object: "rear cuirass row 2 curved lamellar plate 07", Modifier: "weighted normals", Enable 'Auto Smooth' in Object Data Properties
ERROR (bke.modifier): ./source/blender/blenkernel/intern/modifier.cc:458 BKE_modifier_set_error: Object: "front cuirass row 3 curved lamellar plate 02", Modifier: "weighted normals", Enable 'Auto Smooth' in Object Data Properties
ERROR (bke.modifier): ./source/blender/blenkernel/intern/modifier.cc:458 BKE_modifier_set_error: Object: "rear cuirass row 2 curved lamellar plate 09", Modifier: "weighted normals", Enable 'Auto Smooth' in Object Data Properties
ERROR (bke.modifier): ./source/blender/blenkernel/intern/modifier.cc:458 BKE_modifier_set_error: Object: "front cuirass row 3 curved lamellar plate 03", Modifier: "weighted normals", Enable 'Auto Smooth' in Object Data Properties
ERROR (bke.modifier): ./source/blender/blenkernel/intern/modifier.cc:458 BKE_modifier_set_error: Object: "front cuirass row 3 curved lamellar plate 01", Modifier: "weighted normals", Enable 'Auto Smooth' in Object Data Properties
ERROR (bke.modifier): ./source/blender/blenkernel/intern/modifier.cc:458 BKE_modifier_set_error: Object: "front cuirass row 3 curved lamellar plate 04", Modifier: "weighted normals", Enable 'Auto Smooth' in Object Data Properties
ERROR (bke.modifier): ./source/blender/blenkernel/intern/modifier.cc:458 BKE_modifier_set_error: Object: "left side helmet flange", Modifier: "weighted normals", Enable 'Auto Smooth' in Object Data Properties
ERROR (bke.modifier): ./source/blender/blenkernel/intern/modifier.cc:458 BKE_modifier_set_error: Object: "front cuirass row 3 curved lamellar plate 07", Modifier: "weighted normals", Enable 'Auto Smooth' in Object Data Properties
ERROR (bke.modifier): ./source/blender/blenkernel/intern/modifier.cc:458 BKE_modifier_set_error: Object: "front cuirass row 3 curved lamellar plate 05", Modifier: "weighted normals", Enable 'Auto Smooth' in Object Data Properties
ERROR (bke.modifier): ./source/blender/blenkernel/intern/modifier.cc:458 BKE_modifier_set_error: Object: "rear cuirass row 3 curved lamellar plate 02", Modifier: "weighted normals", Enable 'Auto Smooth' in Object Data Properties
ERROR (bke.modifier): ./source/blender/blenkernel/intern/modifier.cc:458 BKE_modifier_set_error: Object: "front cuirass row 3 curved lamellar plate 06", Modifier: "weighted normals", Enable 'Auto Smooth' in Object Data Properties
ERROR (bke.modifier): ./source/blender/blenkernel/intern/modifier.cc:458 BKE_modifier_set_error: Object: "front cuirass row 3 curved lamellar plate 08", Modifier: "weighted normals", Enable 'Auto Smooth' in Object Data Properties
ERROR (bke.modifier): ./source/blender/blenkernel/intern/modifier.cc:458 BKE_modifier_set_error: Object: "left eye slit", Modifier: "weighted normals", Enable 'Auto Smooth' in Object Data Properties
ERROR (bke.modifier): ./source/blender/blenkernel/intern/modifier.cc:458 BKE_modifier_set_error: Object: "front cuirass row 3 curved lamellar plate 09", Modifier: "weighted normals", Enable 'Auto Smooth' in Object Data Properties
ERROR (bke.modifier): ./source/blender/blenkernel/intern/modifier.cc:458 BKE_modifier_set_error: Object: "rear cuirass row 3 curved lamellar plate 01", Modifier: "weighted normals", Enable 'Auto Smooth' in Object Data Properties
ERROR (bke.modifier): ./source/blender/blenkernel/intern/modifier.cc:458 BKE_modifier_set_error: Object: "rear cuirass row 3 curved lamellar plate 03", Modifier: "weighted normals", Enable 'Auto Smooth' in Object Data Properties
ERROR (bke.modifier): ./source/blender/blenkernel/intern/modifier.cc:458 BKE_modifier_set_error: Object: "rear cuirass row 3 curved lamellar plate 04", Modifier: "weighted normals", Enable 'Auto Smooth' in Object Data Properties
ERROR (bke.modifier): ./source/blender/blenkernel/intern/modifier.cc:458 BKE_modifier_set_error: Object: "rear cuirass row 3 curved lamellar plate 07", Modifier: "weighted normals", Enable 'Auto Smooth' in Object Data Properties
ERROR (bke.modifier): ./source/blender/blenkernel/intern/modifier.cc:458 BKE_modifier_set_error: Object: "rear cuirass row 3 curved lamellar plate 06", Modifier: "weighted normals", Enable 'Auto Smooth' in Object Data Properties
ERROR (bke.modifier): ./source/blender/blenkernel/intern/modifier.cc:458 BKE_modifier_set_error: Object: "rear cuirass row 3 curved lamellar plate 05", Modifier: "weighted normals", Enable 'Auto Smooth' in Object Data Properties
ERROR (bke.modifier): ./source/blender/blenkernel/intern/modifier.cc:458 BKE_modifier_set_error: Object: "rear cuirass row 3 curved lamellar plate 08", Modifier: "weighted normals", Enable 'Auto Smooth' in Object Data Properties
ERROR (bke.modifier): ./source/blender/blenkernel/intern/modifier.cc:458 BKE_modifier_set_error: Object: "rear cuirass row 3 curved lamellar plate 09", Modifier: "weighted normals", Enable 'Auto Smooth' in Object Data Properties
ERROR (bke.modifier): ./source/blender/blenkernel/intern/modifier.cc:458 BKE_modifier_set_error: Object: "front cuirass row 4 curved lamellar plate 01", Modifier: "weighted normals", Enable 'Auto Smooth' in Object Data Properties
ERROR (bke.modifier): ./source/blender/blenkernel/intern/modifier.cc:458 BKE_modifier_set_error: Object: "front cuirass row 4 curved lamellar plate 02", Modifier: "weighted normals", Enable 'Auto Smooth' in Object Data Properties
ERROR (bke.modifier): ./source/blender/blenkernel/intern/modifier.cc:458 BKE_modifier_set_error: Object: "front cuirass row 4 curved lamellar plate 03", Modifier: "weighted normals", Enable 'Auto Smooth' in Object Data Properties
ERROR (bke.modifier): ./source/blender/blenkernel/intern/modifier.cc:458 BKE_modifier_set_error: Object: "front cuirass row 4 curved lamellar plate 04", Modifier: "weighted normals", Enable 'Auto Smooth' in Object Data Properties
ERROR (bke.modifier): ./source/blender/blenkernel/intern/modifier.cc:458 BKE_modifier_set_error: Object: "front cuirass row 4 curved lamellar plate 05", Modifier: "weighted normals", Enable 'Auto Smooth' in Object Data Properties
ERROR (bke.modifier): ./source/blender/blenkernel/intern/modifier.cc:458 BKE_modifier_set_error: Object: "front cuirass row 4 curved lamellar plate 06", Modifier: "weighted normals", Enable 'Auto Smooth' in Object Data Properties
ERROR (bke.modifier): ./source/blender/blenkernel/intern/modifier.cc:458 BKE_modifier_set_error: Object: "front cuirass row 4 curved lamellar plate 07", Modifier: "weighted normals", Enable 'Auto Smooth' in Object Data Properties
ERROR (bke.modifier): ./source/blender/blenkernel/intern/modifier.cc:458 BKE_modifier_set_error: Object: "front cuirass row 4 curved lamellar plate 09", Modifier: "weighted normals", Enable 'Auto Smooth' in Object Data Properties
ERROR (bke.modifier): ./source/blender/blenkernel/intern/modifier.cc:458 BKE_modifier_set_error: Object: "front cuirass row 4 curved lamellar plate 08", Modifier: "weighted normals", Enable 'Auto Smooth' in Object Data Properties
ERROR (bke.modifier): ./source/blender/blenkernel/intern/modifier.cc:458 BKE_modifier_set_error: Object: "rear cuirass row 4 curved lamellar plate 03", Modifier: "weighted normals", Enable 'Auto Smooth' in Object Data Properties
ERROR (bke.modifier): ./source/blender/blenkernel/intern/modifier.cc:458 BKE_modifier_set_error: Object: "rear cuirass row 4 curved lamellar plate 01", Modifier: "weighted normals", Enable 'Auto Smooth' in Object Data Properties
ERROR (bke.modifier): ./source/blender/blenkernel/intern/modifier.cc:458 BKE_modifier_set_error: Object: "rear cuirass row 4 curved lamellar plate 06", Modifier: "weighted normals", Enable 'Auto Smooth' in Object Data Properties
ERROR (bke.modifier): ./source/blender/blenkernel/intern/modifier.cc:458 BKE_modifier_set_error: Object: "rear cuirass row 4 curved lamellar plate 02", Modifier: "weighted normals", Enable 'Auto Smooth' in Object Data Properties
ERROR (bke.modifier): ./source/blender/blenkernel/intern/modifier.cc:458 BKE_modifier_set_error: Object: "rear cuirass row 4 curved lamellar plate 07", Modifier: "weighted normals", Enable 'Auto Smooth' in Object Data Properties
ERROR (bke.modifier): ./source/blender/blenkernel/intern/modifier.cc:458 BKE_modifier_set_error: Object: "rear cuirass row 4 curved lamellar plate 04", Modifier: "weighted normals", Enable 'Auto Smooth' in Object Data Properties
ERROR (bke.modifier): ./source/blender/blenkernel/intern/modifier.cc:458 BKE_modifier_set_error: Object: "rear cuirass row 4 curved lamellar plate 05", Modifier: "weighted normals", Enable 'Auto Smooth' in Object Data Properties
ERROR (bke.modifier): ./source/blender/blenkernel/intern/modifier.cc:458 BKE_modifier_set_error: Object: "front cuirass row 5 curved lamellar plate 03", Modifier: "weighted normals", Enable 'Auto Smooth' in Object Data Properties
ERROR (bke.modifier): ./source/blender/blenkernel/intern/modifier.cc:458 BKE_modifier_set_error: Object: "rear cuirass row 4 curved lamellar plate 09", Modifier: "weighted normals", Enable 'Auto Smooth' in Object Data Properties
ERROR (bke.modifier): ./source/blender/blenkernel/intern/modifier.cc:458 BKE_modifier_set_error: Object: "rear cuirass row 4 curved lamellar plate 08", Modifier: "weighted normals", Enable 'Auto Smooth' in Object Data Properties
ERROR (bke.modifier): ./source/blender/blenkernel/intern/modifier.cc:458 BKE_modifier_set_error: Object: "front cuirass row 5 curved lamellar plate 01", Modifier: "weighted normals", Enable 'Auto Smooth' in Object Data Properties
ERROR (bke.modifier): ./source/blender/blenkernel/intern/modifier.cc:458 BKE_modifier_set_error: Object: "front cuirass row 5 curved lamellar plate 02", Modifier: "weighted normals", Enable 'Auto Smooth' in Object Data Properties
ERROR (bke.modifier): ./source/blender/blenkernel/intern/modifier.cc:458 BKE_modifier_set_error: Object: "front cuirass row 5 curved lamellar plate 05", Modifier: "weighted normals", Enable 'Auto Smooth' in Object Data Properties
ERROR (bke.modifier): ./source/blender/blenkernel/intern/modifier.cc:458 BKE_modifier_set_error: Object: "front cuirass row 5 curved lamellar plate 07", Modifier: "weighted normals", Enable 'Auto Smooth' in Object Data Properties
ERROR (bke.modifier): ./source/blender/blenkernel/intern/modifier.cc:458 BKE_modifier_set_error: Object: "cloth sashimono banner panel", Modifier: "weighted normals", Enable 'Auto Smooth' in Object Data Properties
ERROR (bke.modifier): ./source/blender/blenkernel/intern/modifier.cc:458 BKE_modifier_set_error: Object: "front cuirass row 5 curved lamellar plate 06", Modifier: "weighted normals", Enable 'Auto Smooth' in Object Data Properties
ERROR (bke.modifier): ./source/blender/blenkernel/intern/modifier.cc:458 BKE_modifier_set_error: Object: "front cuirass row 5 curved lamellar plate 04", Modifier: "weighted normals", Enable 'Auto Smooth' in Object Data Properties
ERROR (bke.modifier): ./source/blender/blenkernel/intern/modifier.cc:458 BKE_modifier_set_error: Object: "front cuirass row 5 curved lamellar plate 09", Modifier: "weighted normals", Enable 'Auto Smooth' in Object Data Properties
ERROR (bke.modifier): ./source/blender/blenkernel/intern/modifier.cc:458 BKE_modifier_set_error: Object: "front cuirass row 5 curved lamellar plate 08", Modifier: "weighted normals", Enable 'Auto Smooth' in Object Data Properties
ERROR (bke.modifier): ./source/blender/blenkernel/intern/modifier.cc:458 BKE_modifier_set_error: Object: "rear cuirass row 5 curved lamellar plate 01", Modifier: "weighted normals", Enable 'Auto Smooth' in Object Data Properties
ERROR (bke.modifier): ./source/blender/blenkernel/intern/modifier.cc:458 BKE_modifier_set_error: Object: "rear cuirass row 5 curved lamellar plate 05", Modifier: "weighted normals", Enable 'Auto Smooth' in Object Data Properties
ERROR (bke.modifier): ./source/blender/blenkernel/intern/modifier.cc:458 BKE_modifier_set_error: Object: "rear cuirass row 5 curved lamellar plate 02", Modifier: "weighted normals", Enable 'Auto Smooth' in Object Data Properties
ERROR (bke.modifier): ./source/blender/blenkernel/intern/modifier.cc:458 BKE_modifier_set_error: Object: "rear cuirass row 5 curved lamellar plate 03", Modifier: "weighted normals", Enable 'Auto Smooth' in Object Data Properties
ERROR (bke.modifier): ./source/blender/blenkernel/intern/modifier.cc:458 BKE_modifier_set_error: Object: "rear cuirass row 5 curved lamellar plate 04", Modifier: "weighted normals", Enable 'Auto Smooth' in Object Data Properties
ERROR (bke.modifier): ./source/blender/blenkernel/intern/modifier.cc:458 BKE_modifier_set_error: Object: "rear cuirass row 5 curved lamellar plate 06", Modifier: "weighted normals", Enable 'Auto Smooth' in Object Data Properties
ERROR (bke.modifier): ./source/blender/blenkernel/intern/modifier.cc:458 BKE_modifier_set_error: Object: "rear cuirass row 5 curved lamellar plate 07", Modifier: "weighted normals", Enable 'Auto Smooth' in Object Data Properties
ERROR (bke.modifier): ./source/blender/blenkernel/intern/modifier.cc:458 BKE_modifier_set_error: Object: "rear cuirass row 5 curved lamellar plate 08", Modifier: "weighted normals", Enable 'Auto Smooth' in Object Data Properties
ERROR (bke.modifier): ./source/blender/blenkernel/intern/modifier.cc:458 BKE_modifier_set_error: Object: "rear cuirass row 5 curved lamellar plate 09", Modifier: "weighted normals", Enable 'Auto Smooth' in Object Data Properties
ERROR (bke.modifier): ./source/blender/blenkernel/intern/modifier.cc:458 BKE_modifier_set_error: Object: "left shoulder undercloth", Modifier: "weighted normals", Enable 'Auto Smooth' in Object Data Properties
ERROR (bke.modifier): ./source/blender/blenkernel/intern/modifier.cc:458 BKE_modifier_set_error: Object: "left armored upper arm", Modifier: "weighted normals", Enable 'Auto Smooth' in Object Data Properties
ERROR (bke.modifier): ./source/blender/blenkernel/intern/modifier.cc:458 BKE_modifier_set_error: Object: "left sode shoulder armor", Modifier: "weighted normals", Enable 'Auto Smooth' in Object Data Properties
ERROR (bke.modifier): ./source/blender/blenkernel/intern/modifier.cc:458 BKE_modifier_set_error: Object: "left leather palm volume", Modifier: "weighted normals", Enable 'Auto Smooth' in Object Data Properties
ERROR (bke.modifier): ./source/blender/blenkernel/intern/modifier.cc:458 BKE_modifier_set_error: Object: "left kote forearm guard", Modifier: "weighted normals", Enable 'Auto Smooth' in Object Data Properties
ERROR (bke.modifier): ./source/blender/blenkernel/intern/modifier.cc:458 BKE_modifier_set_error: Object: "left index fingertip", Modifier: "weighted normals", Enable 'Auto Smooth' in Object Data Properties
ERROR (bke.modifier): ./source/blender/blenkernel/intern/modifier.cc:458 BKE_modifier_set_error: Object: "left middle fingertip", Modifier: "weighted normals", Enable 'Auto Smooth' in Object Data Properties
ERROR (bke.modifier): ./source/blender/blenkernel/intern/modifier.cc:458 BKE_modifier_set_error: Object: "left ring fingertip", Modifier: "weighted normals", Enable 'Auto Smooth' in Object Data Properties
ERROR (bke.modifier): ./source/blender/blenkernel/intern/modifier.cc:458 BKE_modifier_set_error: Object: "left side cuirass plate 2", Modifier: "weighted normals", Enable 'Auto Smooth' in Object Data Properties
ERROR (bke.modifier): ./source/blender/blenkernel/intern/modifier.cc:458 BKE_modifier_set_error: Object: "left pinky fingertip", Modifier: "weighted normals", Enable 'Auto Smooth' in Object Data Properties
ERROR (bke.modifier): ./source/blender/blenkernel/intern/modifier.cc:458 BKE_modifier_set_error: Object: "small lacquered sashimono crossbar", Modifier: "weighted normals", Enable 'Auto Smooth' in Object Data Properties
ERROR (bke.modifier): ./source/blender/blenkernel/intern/modifier.cc:458 BKE_modifier_set_error: Object: "left thumb fingertip", Modifier: "weighted normals", Enable 'Auto Smooth' in Object Data Properties
ERROR (bke.modifier): ./source/blender/blenkernel/intern/modifier.cc:458 BKE_modifier_set_error: Object: "right shoulder undercloth", Modifier: "weighted normals", Enable 'Auto Smooth' in Object Data Properties
ERROR (bke.modifier): ./source/blender/blenkernel/intern/modifier.cc:458 BKE_modifier_set_error: Object: "left sode shoulder plate 1", Modifier: "weighted normals", Enable 'Auto Smooth' in Object Data Properties
ERROR (bke.modifier): ./source/blender/blenkernel/intern/modifier.cc:458 BKE_modifier_set_error: Object: "left sode shoulder plate 4", Modifier: "weighted normals", Enable 'Auto Smooth' in Object Data Properties
ERROR (bke.modifier): ./source/blender/blenkernel/intern/modifier.cc:458 BKE_modifier_set_error: Object: "left sode shoulder plate 2", Modifier: "weighted normals", Enable 'Auto Smooth' in Object Data Properties
ERROR (bke.modifier): ./source/blender/blenkernel/intern/modifier.cc:458 BKE_modifier_set_error: Object: "left side cuirass plate 3", Modifier: "weighted normals", Enable 'Auto Smooth' in Object Data Properties
ERROR (bke.modifier): ./source/blender/blenkernel/intern/modifier.cc:458 BKE_modifier_set_error: Object: "right armored upper arm", Modifier: "weighted normals", Enable 'Auto Smooth' in Object Data Properties
ERROR (bke.modifier): ./source/blender/blenkernel/intern/modifier.cc:458 BKE_modifier_set_error: Object: "right sode shoulder armor", Modifier: "weighted normals", Enable 'Auto Smooth' in Object Data Properties
ERROR (bke.modifier): ./source/blender/blenkernel/intern/modifier.cc:458 BKE_modifier_set_error: Object: "right side cuirass plate 3", Modifier: "weighted normals", Enable 'Auto Smooth' in Object Data Properties
ERROR (bke.modifier): ./source/blender/blenkernel/intern/modifier.cc:458 BKE_modifier_set_error: Object: "left side cuirass plate 1", Modifier: "weighted normals", Enable 'Auto Smooth' in Object Data Properties
ERROR (bke.modifier): ./source/blender/blenkernel/intern/modifier.cc:458 BKE_modifier_set_error: Object: "right kote forearm guard", Modifier: "weighted normals", Enable 'Auto Smooth' in Object Data Properties
ERROR (bke.modifier): ./source/blender/blenkernel/intern/modifier.cc:458 BKE_modifier_set_error: Object: "right leather palm volume", Modifier: "weighted normals", Enable 'Auto Smooth' in Object Data Properties
ERROR (bke.modifier): ./source/blender/blenkernel/intern/modifier.cc:458 BKE_modifier_set_error: Object: "right index fingertip", Modifier: "weighted normals", Enable 'Auto Smooth' in Object Data Properties
ERROR (bke.modifier): ./source/blender/blenkernel/intern/modifier.cc:458 BKE_modifier_set_error: Object: "left sode shoulder plate 3", Modifier: "weighted normals", Enable 'Auto Smooth' in Object Data Properties
ERROR (bke.modifier): ./source/blender/blenkernel/intern/modifier.cc:458 BKE_modifier_set_error: Object: "right side cuirass plate 1", Modifier: "weighted normals", Enable 'Auto Smooth' in Object Data Properties
ERROR (bke.modifier): ./source/blender/blenkernel/intern/modifier.cc:458 BKE_modifier_set_error: Object: "right side cuirass plate 2", Modifier: "weighted normals", Enable 'Auto Smooth' in Object Data Properties
ERROR (bke.modifier): ./source/blender/blenkernel/intern/modifier.cc:458 BKE_modifier_set_error: Object: "right sode shoulder plate 1", Modifier: "weighted normals", Enable 'Auto Smooth' in Object Data Properties
ERROR (bke.modifier): ./source/blender/blenkernel/intern/modifier.cc:458 BKE_modifier_set_error: Object: "right middle fingertip", Modifier: "weighted normals", Enable 'Auto Smooth' in Object Data Properties
ERROR (bke.modifier): ./source/blender/blenkernel/intern/modifier.cc:458 BKE_modifier_set_error: Object: "right ring fingertip", Modifier: "weighted normals", Enable 'Auto Smooth' in Object Data Properties
ERROR (bke.modifier): ./source/blender/blenkernel/intern/modifier.cc:458 BKE_modifier_set_error: Object: "right pinky fingertip", Modifier: "weighted normals", Enable 'Auto Smooth' in Object Data Properties
ERROR (bke.modifier): ./source/blender/blenkernel/intern/modifier.cc:458 BKE_modifier_set_error: Object: "right thumb fingertip", Modifier: "weighted normals", Enable 'Auto Smooth' in Object Data Properties
ERROR (bke.modifier): ./source/blender/blenkernel/intern/modifier.cc:458 BKE_modifier_set_error: Object: "right sode shoulder plate 2", Modifier: "weighted normals", Enable 'Auto Smooth' in Object Data Properties
ERROR (bke.modifier): ./source/blender/blenkernel/intern/modifier.cc:458 BKE_modifier_set_error: Object: "right sode shoulder plate 3", Modifier: "weighted normals", Enable 'Auto Smooth' in Object Data Properties
ERROR (bke.modifier): ./source/blender/blenkernel/intern/modifier.cc:458 BKE_modifier_set_error: Object: "kusazuri skirt plate -1 row 1", Modifier: "weighted normals", Enable 'Auto Smooth' in Object Data Properties
ERROR (bke.modifier): ./source/blender/blenkernel/intern/modifier.cc:458 BKE_modifier_set_error: Object: "rear kusazuri skirt plate +0 row 3", Modifier: "weighted normals", Enable 'Auto Smooth' in Object Data Properties
ERROR (bke.modifier): ./source/blender/blenkernel/intern/modifier.cc:458 BKE_modifier_set_error: Object: "kusazuri skirt plate +0 row 1", Modifier: "weighted normals", Enable 'Auto Smooth' in Object Data Properties
ERROR (bke.modifier): ./source/blender/blenkernel/intern/modifier.cc:458 BKE_modifier_set_error: Object: "rear kusazuri skirt plate -1 row 2", Modifier: "weighted normals", Enable 'Auto Smooth' in Object Data Properties
ERROR (bke.modifier): ./source/blender/blenkernel/intern/modifier.cc:458 BKE_modifier_set_error: Object: "kusazuri skirt plate +0 row 3", Modifier: "weighted normals", Enable 'Auto Smooth' in Object Data Properties
ERROR (bke.modifier): ./source/blender/blenkernel/intern/modifier.cc:458 BKE_modifier_set_error: Object: "kusazuri skirt plate -1 row 3", Modifier: "weighted normals", Enable 'Auto Smooth' in Object Data Properties
ERROR (bke.modifier): ./source/blender/blenkernel/intern/modifier.cc:458 BKE_modifier_set_error: Object: "square tsuba guard", Modifier: "weighted normals", Enable 'Auto Smooth' in Object Data Properties
ERROR (bke.modifier): ./source/blender/blenkernel/intern/modifier.cc:458 BKE_modifier_set_error: Object: "kusazuri skirt plate +1 row 1", Modifier: "weighted normals", Enable 'Auto Smooth' in Object Data Properties
ERROR (bke.modifier): ./source/blender/blenkernel/intern/modifier.cc:458 BKE_modifier_set_error: Object: "right sode shoulder plate 4", Modifier: "weighted normals", Enable 'Auto Smooth' in Object Data Properties
ERROR (bke.modifier): ./source/blender/blenkernel/intern/modifier.cc:458 BKE_modifier_set_error: Object: "left hakama trouser leg", Modifier: "weighted normals", Enable 'Auto Smooth' in Object Data Properties
ERROR (bke.modifier): ./source/blender/blenkernel/intern/modifier.cc:458 BKE_modifier_set_error: Object: "kusazuri skirt plate +0 row 2", Modifier: "weighted normals", Enable 'Auto Smooth' in Object Data Properties
ERROR (bke.modifier): ./source/blender/blenkernel/intern/modifier.cc:458 BKE_modifier_set_error: Object: "left shin greave", Modifier: "weighted normals", Enable 'Auto Smooth' in Object Data Properties
ERROR (bke.modifier): ./source/blender/blenkernel/intern/modifier.cc:458 BKE_modifier_set_error: Object: "left split-toe tabi foot volume", Modifier: "weighted normals", Enable 'Auto Smooth' in Object Data Properties
ERROR (bke.modifier): ./source/blender/blenkernel/intern/modifier.cc:458 BKE_modifier_set_error: Object: "kusazuri skirt plate -1 row 2", Modifier: "weighted normals", Enable 'Auto Smooth' in Object Data Properties
ERROR (bke.modifier): ./source/blender/blenkernel/intern/modifier.cc:458 BKE_modifier_set_error: Object: "rear kusazuri skirt plate +0 row 2", Modifier: "weighted normals", Enable 'Auto Smooth' in Object Data Properties
ERROR (bke.modifier): ./source/blender/blenkernel/intern/modifier.cc:458 BKE_modifier_set_error: Object: "wrapped katana grip", Modifier: "weighted normals", Enable 'Auto Smooth' in Object Data Properties
ERROR (bke.modifier): ./source/blender/blenkernel/intern/modifier.cc:458 BKE_modifier_set_error: Object: "rear kusazuri skirt plate -1 row 1", Modifier: "weighted normals", Enable 'Auto Smooth' in Object Data Properties
ERROR (bke.modifier): ./source/blender/blenkernel/intern/modifier.cc:458 BKE_modifier_set_error: Object: "rear kusazuri skirt plate -1 row 3", Modifier: "weighted normals", Enable 'Auto Smooth' in Object Data Properties
ERROR (bke.modifier): ./source/blender/blenkernel/intern/modifier.cc:458 BKE_modifier_set_error: Object: "rear kusazuri skirt plate +0 row 1", Modifier: "weighted normals", Enable 'Auto Smooth' in Object Data Properties
ERROR (bke.modifier): ./source/blender/blenkernel/intern/modifier.cc:458 BKE_modifier_set_error: Object: "left separated big toe", Modifier: "weighted normals", Enable 'Auto Smooth' in Object Data Properties
ERROR (bke.modifier): ./source/blender/blenkernel/intern/modifier.cc:458 BKE_modifier_set_error: Object: "left outer toe group", Modifier: "weighted normals", Enable 'Auto Smooth' in Object Data Properties
ERROR (bke.modifier): ./source/blender/blenkernel/intern/modifier.cc:458 BKE_modifier_set_error: Object: "right shin greave", Modifier: "weighted normals", Enable 'Auto Smooth' in Object Data Properties
ERROR (bke.modifier): ./source/blender/blenkernel/intern/modifier.cc:458 BKE_modifier_set_error: Object: "right hakama trouser leg", Modifier: "weighted normals", Enable 'Auto Smooth' in Object Data Properties
ERROR (bke.modifier): ./source/blender/blenkernel/intern/modifier.cc:458 BKE_modifier_set_error: Object: "right split-toe tabi foot volume", Modifier: "weighted normals", Enable 'Auto Smooth' in Object Data Properties
ERROR (bke.modifier): ./source/blender/blenkernel/intern/modifier.cc:458 BKE_modifier_set_error: Object: "right separated big toe", Modifier: "weighted normals", Enable 'Auto Smooth' in Object Data Properties
ERROR (bke.modifier): ./source/blender/blenkernel/intern/modifier.cc:458 BKE_modifier_set_error: Object: "right outer toe group", Modifier: "weighted normals", Enable 'Auto Smooth' in Object Data Properties
ERROR (bke.modifier): ./source/blender/blenkernel/intern/modifier.cc:458 BKE_modifier_set_error: Object: "rear kusazuri skirt plate +1 row 1", Modifier: "weighted normals", Enable 'Auto Smooth' in Object Data Properties
ERROR (bke.modifier): ./source/blender/blenkernel/intern/modifier.cc:458 BKE_modifier_set_error: Object: "kusazuri skirt plate +1 row 2", Modifier: "weighted normals", Enable 'Auto Smooth' in Object Data Properties
ERROR (bke.modifier): ./source/blender/blenkernel/intern/modifier.cc:458 BKE_modifier_set_error: Object: "rear kusazuri skirt plate +1 row 2", Modifier: "weighted normals", Enable 'Auto Smooth' in Object Data Properties
ERROR (bke.modifier): ./source/blender/blenkernel/intern/modifier.cc:458 BKE_modifier_set_error: Object: "kusazuri skirt plate +1 row 3", Modifier: "weighted normals", Enable 'Auto Smooth' in Object Data Properties
ERROR (bke.modifier): ./source/blender/blenkernel/intern/modifier.cc:458 BKE_modifier_set_error: Object: "rear kusazuri skirt plate +1 row 3", Modifier: "weighted normals", Enable 'Auto Smooth' in Object Data Properties
ERROR (bke.modifier): ./source/blender/blenkernel/intern/modifier.cc:458 BKE_modifier_set_error: Object: "right woven waraji sole grounded", Modifier: "weighted normals", Enable 'Auto Smooth' in Object Data Properties
ERROR (bke.modifier): ./source/blender/blenkernel/intern/modifier.cc:458 BKE_modifier_set_error: Object: "left woven waraji sole grounded", Modifier: "weighted normals", Enable 'Auto Smooth' in Object Data Properties
Fra:1 Mem:52.29M (Peak 52.32M) | Time:00:00.05 | Syncing matte charcoal inspection plinth
Fra:1 Mem:52.31M (Peak 52.35M) | Time:00:00.05 | Syncing ribcage under-kimono volume
Fra:1 Mem:52.40M (Peak 52.40M) | Time:00:00.05 | Syncing narrow waist under-kimono volume
Fra:1 Mem:52.47M (Peak 52.47M) | Time:00:00.05 | Syncing visible human head behind mempo
Fra:1 Mem:52.56M (Peak 52.56M) | Time:00:00.05 | Syncing thin exposed neck
Fra:1 Mem:52.57M (Peak 52.57M) | Time:00:00.05 | Syncing neck guard collar
Fra:1 Mem:52.58M (Peak 52.63M) | Time:00:00.05 | Syncing segmented kabuto helmet bowl
Fra:1 Mem:52.75M (Peak 52.76M) | Time:00:00.05 | Syncing wide kabuto brim
Fra:1 Mem:52.78M (Peak 52.78M) | Time:00:00.05 | Syncing rear shikoro neck guard flare
Fra:1 Mem:52.80M (Peak 52.80M) | Time:00:00.05 | Syncing left side helmet flange
Fra:1 Mem:52.81M (Peak 52.81M) | Time:00:00.05 | Syncing right side helmet flange
Fra:1 Mem:52.82M (Peak 52.82M) | Time:00:00.05 | Syncing golden maedate crescent crest
Fra:1 Mem:52.84M (Peak 52.89M) | Time:00:00.05 | Syncing crest central rivet
Fra:1 Mem:52.85M (Peak 52.89M) | Time:00:00.05 | Syncing dark iron mempo cheek mask
Fra:1 Mem:52.94M (Peak 52.94M) | Time:00:00.05 | Syncing mempo nose ridge
Fra:1 Mem:52.95M (Peak 52.95M) | Time:00:00.05 | Syncing left eye slit
Fra:1 Mem:52.97M (Peak 52.97M) | Time:00:00.05 | Syncing right eye slit
Fra:1 Mem:52.98M (Peak 52.98M) | Time:00:00.05 | Syncing mempo grim mouth slit
Fra:1 Mem:52.99M (Peak 52.99M) | Time:00:00.05 | Syncing left mask moustache bristle
Fra:1 Mem:53.00M (Peak 53.00M) | Time:00:00.05 | Syncing right mask moustache bristle
Fra:1 Mem:53.01M (Peak 53.01M) | Time:00:00.05 | Syncing throat guard row 1 curved lamella
Fra:1 Mem:53.03M (Peak 53.03M) | Time:00:00.05 | Syncing throat guard row 1 curved lamella
Fra:1 Mem:53.06M (Peak 53.06M) | Time:00:00.05 | Syncing throat guard row 1 curved lamella
Fra:1 Mem:53.08M (Peak 53.08M) | Time:00:00.06 | Syncing throat guard row 1 curved lamella
Fra:1 Mem:53.10M (Peak 53.10M) | Time:00:00.06 | Syncing throat guard row 1 curved lamella
Fra:1 Mem:53.13M (Peak 53.13M) | Time:00:00.06 | Syncing throat guard row 2 curved lamella
Fra:1 Mem:53.15M (Peak 53.15M) | Time:00:00.06 | Syncing throat guard row 2 curved lamella
Fra:1 Mem:53.18M (Peak 53.18M) | Time:00:00.06 | Syncing throat guard row 2 curved lamella
Fra:1 Mem:53.20M (Peak 53.20M) | Time:00:00.06 | Syncing throat guard row 2 curved lamella
Fra:1 Mem:53.22M (Peak 53.22M) | Time:00:00.06 | Syncing throat guard row 2 curved lamella
Fra:1 Mem:53.25M (Peak 53.25M) | Time:00:00.06 | Syncing throat guard row 3 curved lamella
Fra:1 Mem:53.27M (Peak 53.27M) | Time:00:00.06 | Syncing throat guard row 3 curved lamella
Fra:1 Mem:53.30M (Peak 53.30M) | Time:00:00.06 | Syncing throat guard row 3 curved lamella
Fra:1 Mem:53.32M (Peak 53.32M) | Time:00:00.06 | Syncing throat guard row 3 curved lamella
Fra:1 Mem:53.34M (Peak 53.34M) | Time:00:00.06 | Syncing throat guard row 3 curved lamella
Fra:1 Mem:53.37M (Peak 53.37M) | Time:00:00.06 | Syncing upper do cuirass fitted shell
Fra:1 Mem:53.47M (Peak 53.47M) | Time:00:00.06 | Syncing lower do cuirass narrowed shell
Fra:1 Mem:53.55M (Peak 53.55M) | Time:00:00.06 | Syncing front cuirass row 1 curved lamell
Fra:1 Mem:53.58M (Peak 53.58M) | Time:00:00.06 | Syncing front cuirass row 1 curved lamell
Fra:1 Mem:53.60M (Peak 53.60M) | Time:00:00.06 | Syncing front cuirass row 1 curved lamell
Fra:1 Mem:53.63M (Peak 53.63M) | Time:00:00.06 | Syncing front cuirass row 1 curved lamell
Fra:1 Mem:53.65M (Peak 53.65M) | Time:00:00.06 | Syncing front cuirass row 1 curved lamell
Fra:1 Mem:53.67M (Peak 53.67M) | Time:00:00.06 | Syncing front cuirass row 1 curved lamell
Fra:1 Mem:53.70M (Peak 53.70M) | Time:00:00.06 | Syncing front cuirass row 1 curved lamell
Fra:1 Mem:53.72M (Peak 53.72M) | Time:00:00.06 | Syncing front cuirass row 1 curved lamell
Fra:1 Mem:53.75M (Peak 53.75M) | Time:00:00.06 | Syncing front cuirass row 1 curved lamell
Fra:1 Mem:53.77M (Peak 53.77M) | Time:00:00.06 | Syncing rear cuirass row 1 curved lamella
Fra:1 Mem:53.79M (Peak 53.79M) | Time:00:00.06 | Syncing rear cuirass row 1 curved lamella
Fra:1 Mem:53.82M (Peak 53.82M) | Time:00:00.06 | Syncing rear cuirass row 1 curved lamella
Fra:1 Mem:53.84M (Peak 53.84M) | Time:00:00.06 | Syncing rear cuirass row 1 curved lamella
Fra:1 Mem:53.87M (Peak 53.87M) | Time:00:00.06 | Syncing rear cuirass row 1 curved lamella
Fra:1 Mem:53.89M (Peak 53.89M) | Time:00:00.06 | Syncing rear cuirass row 1 curved lamella
Fra:1 Mem:53.91M (Peak 53.91M) | Time:00:00.06 | Syncing rear cuirass row 1 curved lamella
Fra:1 Mem:53.94M (Peak 53.94M) | Time:00:00.06 | Syncing rear cuirass row 1 curved lamella
Fra:1 Mem:53.96M (Peak 53.96M) | Time:00:00.06 | Syncing rear cuirass row 1 curved lamella
Fra:1 Mem:53.98M (Peak 53.98M) | Time:00:00.06 | Syncing front cuirass row 2 curved lamell
Fra:1 Mem:54.01M (Peak 54.01M) | Time:00:00.06 | Syncing front cuirass row 2 curved lamell
Fra:1 Mem:54.03M (Peak 54.03M) | Time:00:00.06 | Syncing front cuirass row 2 curved lamell
Fra:1 Mem:54.06M (Peak 54.06M) | Time:00:00.06 | Syncing front cuirass row 2 curved lamell
Fra:1 Mem:54.08M (Peak 54.08M) | Time:00:00.06 | Syncing front cuirass row 2 curved lamell
Fra:1 Mem:54.10M (Peak 54.10M) | Time:00:00.06 | Syncing front cuirass row 2 curved lamell
Fra:1 Mem:54.13M (Peak 54.13M) | Time:00:00.06 | Syncing front cuirass row 2 curved lamell
Fra:1 Mem:54.15M (Peak 54.15M) | Time:00:00.06 | Syncing front cuirass row 2 curved lamell
Fra:1 Mem:54.18M (Peak 54.18M) | Time:00:00.06 | Syncing front cuirass row 2 curved lamell
Fra:1 Mem:54.20M (Peak 54.20M) | Time:00:00.06 | Syncing rear cuirass row 2 curved lamella
Fra:1 Mem:54.23M (Peak 54.23M) | Time:00:00.06 | Syncing rear cuirass row 2 curved lamella
Fra:1 Mem:54.25M (Peak 54.25M) | Time:00:00.06 | Syncing rear cuirass row 2 curved lamella
Fra:1 Mem:54.27M (Peak 54.27M) | Time:00:00.06 | Syncing rear cuirass row 2 curved lamella
Fra:1 Mem:54.30M (Peak 54.30M) | Time:00:00.06 | Syncing rear cuirass row 2 curved lamella
Fra:1 Mem:54.32M (Peak 54.32M) | Time:00:00.06 | Syncing rear cuirass row 2 curved lamella
Fra:1 Mem:54.35M (Peak 54.35M) | Time:00:00.06 | Syncing rear cuirass row 2 curved lamella
Fra:1 Mem:54.37M (Peak 54.37M) | Time:00:00.06 | Syncing rear cuirass row 2 curved lamella
Fra:1 Mem:54.39M (Peak 54.39M) | Time:00:00.06 | Syncing rear cuirass row 2 curved lamella
Fra:1 Mem:54.42M (Peak 54.42M) | Time:00:00.06 | Syncing front cuirass row 3 curved lamell
Fra:1 Mem:54.44M (Peak 54.44M) | Time:00:00.06 | Syncing front cuirass row 3 curved lamell
Fra:1 Mem:54.47M (Peak 54.47M) | Time:00:00.06 | Syncing front cuirass row 3 curved lamell
Fra:1 Mem:54.49M (Peak 54.49M) | Time:00:00.06 | Syncing front cuirass row 3 curved lamell
Fra:1 Mem:54.51M (Peak 54.51M) | Time:00:00.06 | Syncing front cuirass row 3 curved lamell
Fra:1 Mem:54.54M (Peak 54.54M) | Time:00:00.06 | Syncing front cuirass row 3 curved lamell
Fra:1 Mem:54.56M (Peak 54.56M) | Time:00:00.06 | Syncing front cuirass row 3 curved lamell
Fra:1 Mem:54.59M (Peak 54.59M) | Time:00:00.06 | Syncing front cuirass row 3 curved lamell
Fra:1 Mem:54.61M (Peak 54.61M) | Time:00:00.06 | Syncing front cuirass row 3 curved lamell
Fra:1 Mem:54.63M (Peak 54.63M) | Time:00:00.06 | Syncing rear cuirass row 3 curved lamella
Fra:1 Mem:54.66M (Peak 54.66M) | Time:00:00.06 | Syncing rear cuirass row 3 curved lamella
Fra:1 Mem:54.68M (Peak 54.68M) | Time:00:00.06 | Syncing rear cuirass row 3 curved lamella
Fra:1 Mem:54.71M (Peak 54.71M) | Time:00:00.06 | Syncing rear cuirass row 3 curved lamella
Fra:1 Mem:54.73M (Peak 54.73M) | Time:00:00.06 | Syncing rear cuirass row 3 curved lamella
Fra:1 Mem:54.75M (Peak 54.75M) | Time:00:00.06 | Syncing rear cuirass row 3 curved lamella
Fra:1 Mem:54.78M (Peak 54.78M) | Time:00:00.06 | Syncing rear cuirass row 3 curved lamella
Fra:1 Mem:54.80M (Peak 54.80M) | Time:00:00.06 | Syncing rear cuirass row 3 curved lamella
Fra:1 Mem:54.83M (Peak 54.83M) | Time:00:00.06 | Syncing rear cuirass row 3 curved lamella
Fra:1 Mem:54.85M (Peak 54.85M) | Time:00:00.06 | Syncing front cuirass row 4 curved lamell
Fra:1 Mem:54.87M (Peak 54.87M) | Time:00:00.06 | Syncing front cuirass row 4 curved lamell
Fra:1 Mem:54.90M (Peak 54.90M) | Time:00:00.06 | Syncing front cuirass row 4 curved lamell
Fra:1 Mem:54.92M (Peak 54.92M) | Time:00:00.06 | Syncing front cuirass row 4 curved lamell
Fra:1 Mem:54.95M (Peak 54.95M) | Time:00:00.06 | Syncing front cuirass row 4 curved lamell
Fra:1 Mem:54.97M (Peak 54.97M) | Time:00:00.06 | Syncing front cuirass row 4 curved lamell
Fra:1 Mem:54.99M (Peak 54.99M) | Time:00:00.06 | Syncing front cuirass row 4 curved lamell
Fra:1 Mem:55.02M (Peak 55.02M) | Time:00:00.06 | Syncing front cuirass row 4 curved lamell
Fra:1 Mem:55.04M (Peak 55.04M) | Time:00:00.06 | Syncing front cuirass row 4 curved lamell
Fra:1 Mem:55.07M (Peak 55.07M) | Time:00:00.06 | Syncing rear cuirass row 4 curved lamella
Fra:1 Mem:55.09M (Peak 55.09M) | Time:00:00.06 | Syncing rear cuirass row 4 curved lamella
Fra:1 Mem:55.11M (Peak 55.11M) | Time:00:00.06 | Syncing rear cuirass row 4 curved lamella
Fra:1 Mem:55.14M (Peak 55.14M) | Time:00:00.06 | Syncing rear cuirass row 4 curved lamella
Fra:1 Mem:55.16M (Peak 55.16M) | Time:00:00.06 | Syncing rear cuirass row 4 curved lamella
Fra:1 Mem:55.19M (Peak 55.19M) | Time:00:00.06 | Syncing rear cuirass row 4 curved lamella
Fra:1 Mem:55.21M (Peak 55.21M) | Time:00:00.06 | Syncing rear cuirass row 4 curved lamella
Fra:1 Mem:55.23M (Peak 55.23M) | Time:00:00.06 | Syncing rear cuirass row 4 curved lamella
Fra:1 Mem:55.26M (Peak 55.26M) | Time:00:00.06 | Syncing rear cuirass row 4 curved lamella
Fra:1 Mem:55.28M (Peak 55.28M) | Time:00:00.06 | Syncing front cuirass row 5 curved lamell
Fra:1 Mem:55.31M (Peak 55.31M) | Time:00:00.06 | Syncing front cuirass row 5 curved lamell
Fra:1 Mem:55.33M (Peak 55.33M) | Time:00:00.06 | Syncing front cuirass row 5 curved lamell
Fra:1 Mem:55.35M (Peak 55.35M) | Time:00:00.06 | Syncing front cuirass row 5 curved lamell
Fra:1 Mem:55.38M (Peak 55.38M) | Time:00:00.06 | Syncing front cuirass row 5 curved lamell
Fra:1 Mem:55.40M (Peak 55.40M) | Time:00:00.06 | Syncing front cuirass row 5 curved lamell
Fra:1 Mem:55.43M (Peak 55.43M) | Time:00:00.06 | Syncing front cuirass row 5 curved lamell
Fra:1 Mem:55.45M (Peak 55.45M) | Time:00:00.06 | Syncing front cuirass row 5 curved lamell
Fra:1 Mem:55.47M (Peak 55.47M) | Time:00:00.06 | Syncing front cuirass row 5 curved lamell
Fra:1 Mem:55.50M (Peak 55.50M) | Time:00:00.06 | Syncing rear cuirass row 5 curved lamella
Fra:1 Mem:55.52M (Peak 55.52M) | Time:00:00.06 | Syncing rear cuirass row 5 curved lamella
Fra:1 Mem:55.55M (Peak 55.55M) | Time:00:00.06 | Syncing rear cuirass row 5 curved lamella
Fra:1 Mem:55.57M (Peak 55.57M) | Time:00:00.06 | Syncing rear cuirass row 5 curved lamella
Fra:1 Mem:55.59M (Peak 55.59M) | Time:00:00.06 | Syncing rear cuirass row 5 curved lamella
Fra:1 Mem:55.62M (Peak 55.62M) | Time:00:00.06 | Syncing rear cuirass row 5 curved lamella
Fra:1 Mem:55.64M (Peak 55.64M) | Time:00:00.06 | Syncing rear cuirass row 5 curved lamella
Fra:1 Mem:55.67M (Peak 55.67M) | Time:00:00.06 | Syncing rear cuirass row 5 curved lamella
Fra:1 Mem:55.69M (Peak 55.69M) | Time:00:00.06 | Syncing rear cuirass row 5 curved lamella
Fra:1 Mem:55.71M (Peak 55.71M) | Time:00:00.06 | Syncing left side cuirass plate 1
Fra:1 Mem:55.73M (Peak 55.73M) | Time:00:00.06 | Syncing left side cuirass plate 2
Fra:1 Mem:55.74M (Peak 55.74M) | Time:00:00.06 | Syncing left side cuirass plate 3
Fra:1 Mem:55.76M (Peak 55.76M) | Time:00:00.06 | Syncing right side cuirass plate 1
Fra:1 Mem:55.77M (Peak 55.77M) | Time:00:00.06 | Syncing right side cuirass plate 2
Fra:1 Mem:55.79M (Peak 55.79M) | Time:00:00.06 | Syncing right side cuirass plate 3
Fra:1 Mem:55.80M (Peak 55.80M) | Time:00:00.06 | Syncing left shoulder undercloth
Fra:1 Mem:55.86M (Peak 55.86M) | Time:00:00.06 | Syncing left sode shoulder plate 1
Fra:1 Mem:55.87M (Peak 55.87M) | Time:00:00.06 | Syncing left sode shoulder plate 2
Fra:1 Mem:55.88M (Peak 55.88M) | Time:00:00.06 | Syncing left sode shoulder plate 3
Fra:1 Mem:55.90M (Peak 55.90M) | Time:00:00.06 | Syncing left sode shoulder plate 4
Fra:1 Mem:55.91M (Peak 55.91M) | Time:00:00.06 | Syncing left armored upper arm
Fra:1 Mem:55.97M (Peak 55.97M) | Time:00:00.06 | Syncing left sode shoulder armor
Fra:1 Mem:56.01M (Peak 56.01M) | Time:00:00.07 | Syncing left kote forearm guard
Fra:1 Mem:56.06M (Peak 56.06M) | Time:00:00.07 | Syncing left leather palm volume
Fra:1 Mem:56.10M (Peak 56.12M) | Time:00:00.07 | Syncing left articulated index finger
Fra:1 Mem:56.11M (Peak 56.12M) | Time:00:00.07 | Syncing left index fingertip
Fra:1 Mem:56.12M (Peak 56.12M) | Time:00:00.07 | Syncing left articulated middle finger
Fra:1 Mem:56.13M (Peak 56.13M) | Time:00:00.07 | Syncing left middle fingertip
Fra:1 Mem:56.14M (Peak 56.14M) | Time:00:00.07 | Syncing left articulated ring finger
Fra:1 Mem:56.15M (Peak 56.15M) | Time:00:00.07 | Syncing left ring fingertip
Fra:1 Mem:56.17M (Peak 56.17M) | Time:00:00.07 | Syncing left articulated pinky finger
Fra:1 Mem:56.18M (Peak 56.18M) | Time:00:00.07 | Syncing left pinky fingertip
Fra:1 Mem:56.19M (Peak 56.19M) | Time:00:00.07 | Syncing left opposed thumb
Fra:1 Mem:56.20M (Peak 56.20M) | Time:00:00.07 | Syncing left thumb fingertip
Fra:1 Mem:56.21M (Peak 56.21M) | Time:00:00.07 | Syncing right shoulder undercloth
Fra:1 Mem:56.27M (Peak 56.27M) | Time:00:00.07 | Syncing right sode shoulder plate 1
Fra:1 Mem:56.28M (Peak 56.28M) | Time:00:00.07 | Syncing right sode shoulder plate 2
Fra:1 Mem:56.29M (Peak 56.29M) | Time:00:00.07 | Syncing right sode shoulder plate 3
Fra:1 Mem:56.31M (Peak 56.31M) | Time:00:00.07 | Syncing right sode shoulder plate 4
Fra:1 Mem:56.32M (Peak 56.32M) | Time:00:00.07 | Syncing right armored upper arm
Fra:1 Mem:56.38M (Peak 56.38M) | Time:00:00.07 | Syncing right sode shoulder armor
Fra:1 Mem:56.42M (Peak 56.42M) | Time:00:00.07 | Syncing right kote forearm guard
Fra:1 Mem:56.48M (Peak 56.48M) | Time:00:00.07 | Syncing right leather palm volume
Fra:1 Mem:56.51M (Peak 56.51M) | Time:00:00.07 | Syncing right articulated index finger
Fra:1 Mem:56.52M (Peak 56.52M) | Time:00:00.07 | Syncing right index fingertip
Fra:1 Mem:56.53M (Peak 56.53M) | Time:00:00.07 | Syncing right articulated middle finger
Fra:1 Mem:56.54M (Peak 56.54M) | Time:00:00.07 | Syncing right middle fingertip
Fra:1 Mem:56.55M (Peak 56.55M) | Time:00:00.07 | Syncing right articulated ring finger
Fra:1 Mem:56.56M (Peak 56.56M) | Time:00:00.07 | Syncing right ring fingertip
Fra:1 Mem:56.58M (Peak 56.58M) | Time:00:00.07 | Syncing right articulated pinky finger
Fra:1 Mem:56.59M (Peak 56.59M) | Time:00:00.07 | Syncing right pinky fingertip
Fra:1 Mem:56.60M (Peak 56.60M) | Time:00:00.07 | Syncing right opposed thumb
Fra:1 Mem:56.61M (Peak 56.61M) | Time:00:00.07 | Syncing right thumb fingertip
Fra:1 Mem:56.62M (Peak 56.62M) | Time:00:00.07 | Syncing kusazuri skirt plate -1 row 1
Fra:1 Mem:56.64M (Peak 56.64M) | Time:00:00.07 | Syncing rear kusazuri skirt plate -1 row 
Fra:1 Mem:56.65M (Peak 56.65M) | Time:00:00.07 | Syncing kusazuri skirt plate -1 row 2
Fra:1 Mem:56.66M (Peak 56.66M) | Time:00:00.07 | Syncing rear kusazuri skirt plate -1 row 
Fra:1 Mem:56.68M (Peak 56.68M) | Time:00:00.07 | Syncing kusazuri skirt plate -1 row 3
Fra:1 Mem:56.69M (Peak 56.69M) | Time:00:00.07 | Syncing rear kusazuri skirt plate -1 row 
Fra:1 Mem:56.71M (Peak 56.71M) | Time:00:00.07 | Syncing kusazuri skirt plate +0 row 1
Fra:1 Mem:56.72M (Peak 56.72M) | Time:00:00.07 | Syncing rear kusazuri skirt plate +0 row 
Fra:1 Mem:56.73M (Peak 56.73M) | Time:00:00.07 | Syncing kusazuri skirt plate +0 row 2
Fra:1 Mem:56.75M (Peak 56.75M) | Time:00:00.07 | Syncing rear kusazuri skirt plate +0 row 
Fra:1 Mem:56.76M (Peak 56.76M) | Time:00:00.07 | Syncing kusazuri skirt plate +0 row 3
Fra:1 Mem:56.78M (Peak 56.78M) | Time:00:00.07 | Syncing rear kusazuri skirt plate +0 row 
Fra:1 Mem:56.79M (Peak 56.79M) | Time:00:00.07 | Syncing kusazuri skirt plate +1 row 1
Fra:1 Mem:56.80M (Peak 56.80M) | Time:00:00.07 | Syncing rear kusazuri skirt plate +1 row 
Fra:1 Mem:56.82M (Peak 56.82M) | Time:00:00.07 | Syncing kusazuri skirt plate +1 row 2
Fra:1 Mem:56.83M (Peak 56.83M) | Time:00:00.07 | Syncing rear kusazuri skirt plate +1 row 
Fra:1 Mem:56.84M (Peak 56.84M) | Time:00:00.07 | Syncing kusazuri skirt plate +1 row 3
Fra:1 Mem:56.86M (Peak 56.86M) | Time:00:00.07 | Syncing rear kusazuri skirt plate +1 row 
Fra:1 Mem:56.87M (Peak 56.87M) | Time:00:00.07 | Syncing left hakama trouser leg
Fra:1 Mem:56.93M (Peak 56.93M) | Time:00:00.07 | Syncing left shin greave
Fra:1 Mem:56.98M (Peak 56.98M) | Time:00:00.07 | Syncing left split-toe tabi foot volume
Fra:1 Mem:57.03M (Peak 57.03M) | Time:00:00.07 | Syncing left separated big toe
Fra:1 Mem:57.05M (Peak 57.05M) | Time:00:00.07 | Syncing left outer toe group
Fra:1 Mem:57.07M (Peak 57.07M) | Time:00:00.07 | Syncing left woven waraji sole grounded
Fra:1 Mem:57.08M (Peak 57.08M) | Time:00:00.07 | Syncing left sandal toe strap
Fra:1 Mem:57.09M (Peak 57.15M) | Time:00:00.07 | Syncing left heel strap
Fra:1 Mem:57.09M (Peak 57.15M) | Time:00:00.07 | Syncing left hakama pleat 1
Fra:1 Mem:57.10M (Peak 57.15M) | Time:00:00.07 | Syncing left hakama pleat 2
Fra:1 Mem:57.11M (Peak 57.15M) | Time:00:00.07 | Syncing left hakama pleat 3
Fra:1 Mem:57.12M (Peak 57.15M) | Time:00:00.07 | Syncing right hakama trouser leg
Fra:1 Mem:57.20M (Peak 57.20M) | Time:00:00.07 | Syncing right shin greave
Fra:1 Mem:57.26M (Peak 57.26M) | Time:00:00.07 | Syncing right split-toe tabi foot volume
Fra:1 Mem:57.30M (Peak 57.30M) | Time:00:00.07 | Syncing right separated big toe
Fra:1 Mem:57.33M (Peak 57.33M) | Time:00:00.07 | Syncing right outer toe group
Fra:1 Mem:57.35M (Peak 57.35M) | Time:00:00.07 | Syncing right woven waraji sole grounded
Fra:1 Mem:57.35M (Peak 57.35M) | Time:00:00.07 | Syncing right sandal toe strap
Fra:1 Mem:57.36M (Peak 57.36M) | Time:00:00.07 | Syncing right heel strap
Fra:1 Mem:57.37M (Peak 57.37M) | Time:00:00.07 | Syncing right hakama pleat 1
Fra:1 Mem:57.37M (Peak 57.37M) | Time:00:00.07 | Syncing right hakama pleat 2
Fra:1 Mem:57.38M (Peak 57.38M) | Time:00:00.07 | Syncing right hakama pleat 3
Fra:1 Mem:57.38M (Peak 57.38M) | Time:00:00.07 | Syncing drawn katana blade spine
Fra:1 Mem:57.39M (Peak 57.45M) | Time:00:00.07 | Syncing bright sharpened katana edge
Fra:1 Mem:57.40M (Peak 57.45M) | Time:00:00.07 | Syncing wrapped katana grip
Fra:1 Mem:57.41M (Peak 57.45M) | Time:00:00.07 | Syncing square tsuba guard
Fra:1 Mem:57.42M (Peak 57.45M) | Time:00:00.07 | Syncing lacquered saya scabbard at left h
Fra:1 Mem:57.43M (Peak 57.45M) | Time:00:00.07 | Syncing waist sash tying armor
Fra:1 Mem:57.43M (Peak 57.45M) | Time:00:00.07 | Syncing bamboo sashimono back pole
Fra:1 Mem:57.44M (Peak 57.45M) | Time:00:00.07 | Syncing small lacquered sashimono crossba
Fra:1 Mem:57.46M (Peak 57.46M) | Time:00:00.07 | Syncing cloth sashimono banner panel
Fra:1 Mem:57.47M (Peak 57.52M) | Time:00:00.07 | Syncing simple round clan mon on banner
Fra:1 Mem:57.51M (Peak 57.52M) | Time:00:00.07 | Syncing cool key
Fra:1 Mem:57.51M (Peak 57.52M) | Time:00:00.07 | Syncing rim
Fra:1 Mem:57.51M (Peak 57.52M) | Time:00:00.07 | Syncing hero cam
Fra:1 Mem:57.51M (Peak 57.52M) | Time:00:00.07 | Syncing samurai_v2_provenance
Fra:1 Mem:57.54M (Peak 57.64M) | Time:00:00.08 | Rendering 1 / 32 samples
Fra:1 Mem:54.65M (Peak 57.64M) | Time:00:02.58 | Rendering 26 / 32 samples
Fra:1 Mem:54.65M (Peak 57.64M) | Time:00:03.03 | Rendering 32 / 32 samples
Saved: '/tmp/factoryx-v21-render/samurai-repaired-full-20-v21/uesugi-01/samurai_character_three_quarter.png'
 Time: 00:03.15 (Saving: 00:00.03)

ERROR (bke.modifier): ./source/blender/blenkernel/intern/modifier.cc:458 BKE_modifier_set_error: Object: "simple round clan mon on banner", Modifier: "weighted normals", Enable 'Auto Smooth' in Object Data Properties
ERROR (bke.modifier): ./source/blender/blenkernel/intern/modifier.cc:458 BKE_modifier_set_error: Object: "ribcage under-kimono volume", Modifier: "weighted normals", Enable 'Auto Smooth' in Object Data Properties
ERROR (bke.modifier): ./source/blender/blenkernel/intern/modifier.cc:458 BKE_modifier_set_error: Object: "narrow waist under-kimono volume", Modifier: "weighted normals", Enable 'Auto Smooth' in Object Data Properties
ERROR (bke.modifier): ./source/blender/blenkernel/intern/modifier.cc:458 BKE_modifier_set_error: Object: "visible human head behind mempo", Modifier: "weighted normals", Enable 'Auto Smooth' in Object Data Properties
ERROR (bke.modifier): ./source/blender/blenkernel/intern/modifier.cc:458 BKE_modifier_set_error: Object: "thin exposed neck", Modifier: "weighted normals", Enable 'Auto Smooth' in Object Data Properties
ERROR (bke.modifier): ./source/blender/blenkernel/intern/modifier.cc:458 BKE_modifier_set_error: Object: "neck guard collar", Modifier: "weighted normals", Enable 'Auto Smooth' in Object Data Properties
ERROR (bke.modifier): ./source/blender/blenkernel/intern/modifier.cc:458 BKE_modifier_set_error: Object: "segmented kabuto helmet bowl", Modifier: "weighted normals", Enable 'Auto Smooth' in Object Data Properties
ERROR (bke.modifier): ./source/blender/blenkernel/intern/modifier.cc:458 BKE_modifier_set_error: Object: "wide kabuto brim", Modifier: "weighted normals", Enable 'Auto Smooth' in Object Data Properties
ERROR (bke.modifier): ./source/blender/blenkernel/intern/modifier.cc:458 BKE_modifier_set_error: Object: "rear shikoro neck guard flare", Modifier: "weighted normals", Enable 'Auto Smooth' in Object Data Properties
ERROR (bke.modifier): ./source/blender/blenkernel/intern/modifier.cc:458 BKE_modifier_set_error: Object: "matte charcoal inspection plinth", Modifier: "weighted normals", Enable 'Auto Smooth' in Object Data Properties
ERROR (bke.modifier): ./source/blender/blenkernel/intern/modifier.cc:458 BKE_modifier_set_error: Object: "crest central rivet", Modifier: "weighted normals", Enable 'Auto Smooth' in Object Data Properties
ERROR (bke.modifier): ./source/blender/blenkernel/intern/modifier.cc:458 BKE_modifier_set_error: Object: "dark iron mempo cheek mask", Modifier: "weighted normals", Enable 'Auto Smooth' in Object Data Properties
ERROR (bke.modifier): ./source/blender/blenkernel/intern/modifier.cc:458 BKE_modifier_set_error: Object: "cloth sashimono banner panel", Modifier: "weighted normals", Enable 'Auto Smooth' in Object Data Properties
ERROR (bke.modifier): ./source/blender/blenkernel/intern/modifier.cc:458 BKE_modifier_set_error: Object: "throat guard row 1 curved lamellar plate 02", Modifier: "weighted normals", Enable 'Auto Smooth' in Object Data Properties
ERROR (bke.modifier): ./source/blender/blenkernel/intern/modifier.cc:458 BKE_modifier_set_error: Object: "throat guard row 1 curved lamellar plate 01", Modifier: "weighted normals", Enable 'Auto Smooth' in Object Data Properties
ERROR (bke.modifier): ./source/blender/blenkernel/intern/modifier.cc:458 BKE_modifier_set_error: Object: "throat guard row 1 curved lamellar plate 05", Modifier: "weighted normals", Enable 'Auto Smooth' in Object Data Properties
ERROR (bke.modifier): ./source/blender/blenkernel/intern/modifier.cc:458 BKE_modifier_set_error: Object: "throat guard row 1 curved lamellar plate 03", Modifier: "weighted normals", Enable 'Auto Smooth' in Object Data Properties
ERROR (bke.modifier): ./source/blender/blenkernel/intern/modifier.cc:458 BKE_modifier_set_error: Object: "throat guard row 1 curved lamellar plate 04", Modifier: "weighted normals", Enable 'Auto Smooth' in Object Data Properties
ERROR (bke.modifier): ./source/blender/blenkernel/intern/modifier.cc:458 BKE_modifier_set_error: Object: "throat guard row 2 curved lamellar plate 02", Modifier: "weighted normals", Enable 'Auto Smooth' in Object Data Properties
ERROR (bke.modifier): ./source/blender/blenkernel/intern/modifier.cc:458 BKE_modifier_set_error: Object: "throat guard row 2 curved lamellar plate 01", Modifier: "weighted normals", Enable 'Auto Smooth' in Object Data Properties
ERROR (bke.modifier): ./source/blender/blenkernel/intern/modifier.cc:458 BKE_modifier_set_error: Object: "throat guard row 2 curved lamellar plate 03", Modifier: "weighted normals", Enable 'Auto Smooth' in Object Data Properties
ERROR (bke.modifier): ./source/blender/blenkernel/intern/modifier.cc:458 BKE_modifier_set_error: Object: "throat guard row 2 curved lamellar plate 04", Modifier: "weighted normals", Enable 'Auto Smooth' in Object Data Properties
ERROR (bke.modifier): ./source/blender/blenkernel/intern/modifier.cc:458 BKE_modifier_set_error: Object: "throat guard row 3 curved lamellar plate 01", Modifier: "weighted normals", Enable 'Auto Smooth' in Object Data Properties
ERROR (bke.modifier): ./source/blender/blenkernel/intern/modifier.cc:458 BKE_modifier_set_error: Object: "throat guard row 3 curved lamellar plate 02", Modifier: "weighted normals", Enable 'Auto Smooth' in Object Data Properties
ERROR (bke.modifier): ./source/blender/blenkernel/intern/modifier.cc:458 BKE_modifier_set_error: Object: "throat guard row 2 curved lamellar plate 05", Modifier: "weighted normals", Enable 'Auto Smooth' in Object Data Properties
ERROR (bke.modifier): ./source/blender/blenkernel/intern/modifier.cc:458 BKE_modifier_set_error: Object: "throat guard row 3 curved lamellar plate 03", Modifier: "weighted normals", Enable 'Auto Smooth' in Object Data Properties
ERROR (bke.modifier): ./source/blender/blenkernel/intern/modifier.cc:458 BKE_modifier_set_error: Object: "left side helmet flange", Modifier: "weighted normals", Enable 'Auto Smooth' in Object Data Properties
ERROR (bke.modifier): ./source/blender/blenkernel/intern/modifier.cc:458 BKE_modifier_set_error: Object: "throat guard row 3 curved lamellar plate 04", Modifier: "weighted normals", Enable 'Auto Smooth' in Object Data Properties
ERROR (bke.modifier): ./source/blender/blenkernel/intern/modifier.cc:458 BKE_modifier_set_error: Object: "mempo nose ridge", Modifier: "weighted normals", Enable 'Auto Smooth' in Object Data Properties
ERROR (bke.modifier): ./source/blender/blenkernel/intern/modifier.cc:458 BKE_modifier_set_error: Object: "throat guard row 3 curved lamellar plate 05", Modifier: "weighted normals", Enable 'Auto Smooth' in Object Data Properties
ERROR (bke.modifier): ./source/blender/blenkernel/intern/modifier.cc:458 BKE_modifier_set_error: Object: "upper do cuirass fitted shell", Modifier: "weighted normals", Enable 'Auto Smooth' in Object Data Properties
ERROR (bke.modifier): ./source/blender/blenkernel/intern/modifier.cc:458 BKE_modifier_set_error: Object: "lower do cuirass narrowed shell", Modifier: "weighted normals", Enable 'Auto Smooth' in Object Data Properties
ERROR (bke.modifier): ./source/blender/blenkernel/intern/modifier.cc:458 BKE_modifier_set_error: Object: "front cuirass row 1 curved lamellar plate 02", Modifier: "weighted normals", Enable 'Auto Smooth' in Object Data Properties
ERROR (bke.modifier): ./source/blender/blenkernel/intern/modifier.cc:458 BKE_modifier_set_error: Object: "front cuirass row 1 curved lamellar plate 01", Modifier: "weighted normals", Enable 'Auto Smooth' in Object Data Properties
ERROR (bke.modifier): ./source/blender/blenkernel/intern/modifier.cc:458 BKE_modifier_set_error: Object: "right side helmet flange", Modifier: "weighted normals", Enable 'Auto Smooth' in Object Data Properties
ERROR (bke.modifier): ./source/blender/blenkernel/intern/modifier.cc:458 BKE_modifier_set_error: Object: "front cuirass row 1 curved lamellar plate 05", Modifier: "weighted normals", Enable 'Auto Smooth' in Object Data Properties
ERROR (bke.modifier): ./source/blender/blenkernel/intern/modifier.cc:458 BKE_modifier_set_error: Object: "front cuirass row 1 curved lamellar plate 03", Modifier: "weighted normals", Enable 'Auto Smooth' in Object Data Properties
ERROR (bke.modifier): ./source/blender/blenkernel/intern/modifier.cc:458 BKE_modifier_set_error: Object: "front cuirass row 1 curved lamellar plate 04", Modifier: "weighted normals", Enable 'Auto Smooth' in Object Data Properties
ERROR (bke.modifier): ./source/blender/blenkernel/intern/modifier.cc:458 BKE_modifier_set_error: Object: "front cuirass row 1 curved lamellar plate 08", Modifier: "weighted normals", Enable 'Auto Smooth' in Object Data Properties
ERROR (bke.modifier): ./source/blender/blenkernel/intern/modifier.cc:458 BKE_modifier_set_error: Object: "front cuirass row 1 curved lamellar plate 06", Modifier: "weighted normals", Enable 'Auto Smooth' in Object Data Properties
ERROR (bke.modifier): ./source/blender/blenkernel/intern/modifier.cc:458 BKE_modifier_set_error: Object: "front cuirass row 1 curved lamellar plate 07", Modifier: "weighted normals", Enable 'Auto Smooth' in Object Data Properties
ERROR (bke.modifier): ./source/blender/blenkernel/intern/modifier.cc:458 BKE_modifier_set_error: Object: "mempo grim mouth slit", Modifier: "weighted normals", Enable 'Auto Smooth' in Object Data Properties
ERROR (bke.modifier): ./source/blender/blenkernel/intern/modifier.cc:458 BKE_modifier_set_error: Object: "front cuirass row 1 curved lamellar plate 09", Modifier: "weighted normals", Enable 'Auto Smooth' in Object Data Properties
ERROR (bke.modifier): ./source/blender/blenkernel/intern/modifier.cc:458 BKE_modifier_set_error: Object: "rear cuirass row 1 curved lamellar plate 03", Modifier: "weighted normals", Enable 'Auto Smooth' in Object Data Properties
ERROR (bke.modifier): ./source/blender/blenkernel/intern/modifier.cc:458 BKE_modifier_set_error: Object: "rear cuirass row 1 curved lamellar plate 01", Modifier: "weighted normals", Enable 'Auto Smooth' in Object Data Properties
ERROR (bke.modifier): ./source/blender/blenkernel/intern/modifier.cc:458 BKE_modifier_set_error: Object: "rear cuirass row 1 curved lamellar plate 05", Modifier: "weighted normals", Enable 'Auto Smooth' in Object Data Properties
ERROR (bke.modifier): ./source/blender/blenkernel/intern/modifier.cc:458 BKE_modifier_set_error: Object: "rear cuirass row 1 curved lamellar plate 02", Modifier: "weighted normals", Enable 'Auto Smooth' in Object Data Properties
ERROR (bke.modifier): ./source/blender/blenkernel/intern/modifier.cc:458 BKE_modifier_set_error: Object: "rear cuirass row 1 curved lamellar plate 04", Modifier: "weighted normals", Enable 'Auto Smooth' in Object Data Properties
ERROR (bke.modifier): ./source/blender/blenkernel/intern/modifier.cc:458 BKE_modifier_set_error: Object: "left eye slit", Modifier: "weighted normals", Enable 'Auto Smooth' in Object Data Properties
ERROR (bke.modifier): ./source/blender/blenkernel/intern/modifier.cc:458 BKE_modifier_set_error: Object: "small lacquered sashimono crossbar", Modifier: "weighted normals", Enable 'Auto Smooth' in Object Data Properties
ERROR (bke.modifier): ./source/blender/blenkernel/intern/modifier.cc:458 BKE_modifier_set_error: Object: "front cuirass row 2 curved lamellar plate 03", Modifier: "weighted normals", Enable 'Auto Smooth' in Object Data Properties
ERROR (bke.modifier): ./source/blender/blenkernel/intern/modifier.cc:458 BKE_modifier_set_error: Object: "rear cuirass row 1 curved lamellar plate 08", Modifier: "weighted normals", Enable 'Auto Smooth' in Object Data Properties
ERROR (bke.modifier): ./source/blender/blenkernel/intern/modifier.cc:458 BKE_modifier_set_error: Object: "rear cuirass row 1 curved lamellar plate 07", Modifier: "weighted normals", Enable 'Auto Smooth' in Object Data Properties
ERROR (bke.modifier): ./source/blender/blenkernel/intern/modifier.cc:458 BKE_modifier_set_error: Object: "rear cuirass row 1 curved lamellar plate 06", Modifier: "weighted normals", Enable 'Auto Smooth' in Object Data Properties
ERROR (bke.modifier): ./source/blender/blenkernel/intern/modifier.cc:458 BKE_modifier_set_error: Object: "rear cuirass row 1 curved lamellar plate 09", Modifier: "weighted normals", Enable 'Auto Smooth' in Object Data Properties
ERROR (bke.modifier): ./source/blender/blenkernel/intern/modifier.cc:458 BKE_modifier_set_error: Object: "front cuirass row 2 curved lamellar plate 02", Modifier: "weighted normals", Enable 'Auto Smooth' in Object Data Properties
ERROR (bke.modifier): ./source/blender/blenkernel/intern/modifier.cc:458 BKE_modifier_set_error: Object: "front cuirass row 2 curved lamellar plate 01", Modifier: "weighted normals", Enable 'Auto Smooth' in Object Data Properties
ERROR (bke.modifier): ./source/blender/blenkernel/intern/modifier.cc:458 BKE_modifier_set_error: Object: "front cuirass row 2 curved lamellar plate 04", Modifier: "weighted normals", Enable 'Auto Smooth' in Object Data Properties
ERROR (bke.modifier): ./source/blender/blenkernel/intern/modifier.cc:458 BKE_modifier_set_error: Object: "front cuirass row 2 curved lamellar plate 05", Modifier: "weighted normals", Enable 'Auto Smooth' in Object Data Properties
ERROR (bke.modifier): ./source/blender/blenkernel/intern/modifier.cc:458 BKE_modifier_set_error: Object: "front cuirass row 2 curved lamellar plate 06", Modifier: "weighted normals", Enable 'Auto Smooth' in Object Data Properties
ERROR (bke.modifier): ./source/blender/blenkernel/intern/modifier.cc:458 BKE_modifier_set_error: Object: "right eye slit", Modifier: "weighted normals", Enable 'Auto Smooth' in Object Data Properties
ERROR (bke.modifier): ./source/blender/blenkernel/intern/modifier.cc:458 BKE_modifier_set_error: Object: "front cuirass row 2 curved lamellar plate 07", Modifier: "weighted normals", Enable 'Auto Smooth' in Object Data Properties
ERROR (bke.modifier): ./source/blender/blenkernel/intern/modifier.cc:458 BKE_modifier_set_error: Object: "front cuirass row 2 curved lamellar plate 08", Modifier: "weighted normals", Enable 'Auto Smooth' in Object Data Properties
ERROR (bke.modifier): ./source/blender/blenkernel/intern/modifier.cc:458 BKE_modifier_set_error: Object: "front cuirass row 2 curved lamellar plate 09", Modifier: "weighted normals", Enable 'Auto Smooth' in Object Data Properties
ERROR (bke.modifier): ./source/blender/blenkernel/intern/modifier.cc:458 BKE_modifier_set_error: Object: "rear cuirass row 2 curved lamellar plate 01", Modifier: "weighted normals", Enable 'Auto Smooth' in Object Data Properties
ERROR (bke.modifier): ./source/blender/blenkernel/intern/modifier.cc:458 BKE_modifier_set_error: Object: "rear cuirass row 2 curved lamellar plate 02", Modifier: "weighted normals", Enable 'Auto Smooth' in Object Data Properties
ERROR (bke.modifier): ./source/blender/blenkernel/intern/modifier.cc:458 BKE_modifier_set_error: Object: "rear cuirass row 2 curved lamellar plate 03", Modifier: "weighted normals", Enable 'Auto Smooth' in Object Data Properties
ERROR (bke.modifier): ./source/blender/blenkernel/intern/modifier.cc:458 BKE_modifier_set_error: Object: "rear cuirass row 2 curved lamellar plate 04", Modifier: "weighted normals", Enable 'Auto Smooth' in Object Data Properties
ERROR (bke.modifier): ./source/blender/blenkernel/intern/modifier.cc:458 BKE_modifier_set_error: Object: "rear cuirass row 2 curved lamellar plate 08", Modifier: "weighted normals", Enable 'Auto Smooth' in Object Data Properties
ERROR (bke.modifier): ./source/blender/blenkernel/intern/modifier.cc:458 BKE_modifier_set_error: Object: "rear cuirass row 2 curved lamellar plate 07", Modifier: "weighted normals", Enable 'Auto Smooth' in Object Data Properties
ERROR (bke.modifier): ./source/blender/blenkernel/intern/modifier.cc:458 BKE_modifier_set_error: Object: "front cuirass row 3 curved lamellar plate 02", Modifier: "weighted normals", Enable 'Auto Smooth' in Object Data Properties
ERROR (bke.modifier): ./source/blender/blenkernel/intern/modifier.cc:458 BKE_modifier_set_error: Object: "rear cuirass row 2 curved lamellar plate 05", Modifier: "weighted normals", Enable 'Auto Smooth' in Object Data Properties
ERROR (bke.modifier): ./source/blender/blenkernel/intern/modifier.cc:458 BKE_modifier_set_error: Object: "rear cuirass row 2 curved lamellar plate 06", Modifier: "weighted normals", Enable 'Auto Smooth' in Object Data Properties
ERROR (bke.modifier): ./source/blender/blenkernel/intern/modifier.cc:458 BKE_modifier_set_error: Object: "front cuirass row 3 curved lamellar plate 03", Modifier: "weighted normals", Enable 'Auto Smooth' in Object Data Properties
ERROR (bke.modifier): ./source/blender/blenkernel/intern/modifier.cc:458 BKE_modifier_set_error: Object: "rear cuirass row 2 curved lamellar plate 09", Modifier: "weighted normals", Enable 'Auto Smooth' in Object Data Properties
ERROR (bke.modifier): ./source/blender/blenkernel/intern/modifier.cc:458 BKE_modifier_set_error: Object: "front cuirass row 3 curved lamellar plate 01", Modifier: "weighted normals", Enable 'Auto Smooth' in Object Data Properties
ERROR (bke.modifier): ./source/blender/blenkernel/intern/modifier.cc:458 BKE_modifier_set_error: Object: "front cuirass row 3 curved lamellar plate 04", Modifier: "weighted normals", Enable 'Auto Smooth' in Object Data Properties
ERROR (bke.modifier): ./source/blender/blenkernel/intern/modifier.cc:458 BKE_modifier_set_error: Object: "front cuirass row 3 curved lamellar plate 06", Modifier: "weighted normals", Enable 'Auto Smooth' in Object Data Properties
ERROR (bke.modifier): ./source/blender/blenkernel/intern/modifier.cc:458 BKE_modifier_set_error: Object: "front cuirass row 3 curved lamellar plate 05", Modifier: "weighted normals", Enable 'Auto Smooth' in Object Data Properties
ERROR (bke.modifier): ./source/blender/blenkernel/intern/modifier.cc:458 BKE_modifier_set_error: Object: "front cuirass row 3 curved lamellar plate 09", Modifier: "weighted normals", Enable 'Auto Smooth' in Object Data Properties
ERROR (bke.modifier): ./source/blender/blenkernel/intern/modifier.cc:458 BKE_modifier_set_error: Object: "front cuirass row 3 curved lamellar plate 07", Modifier: "weighted normals", Enable 'Auto Smooth' in Object Data Properties
ERROR (bke.modifier): ./source/blender/blenkernel/intern/modifier.cc:458 BKE_modifier_set_error: Object: "front cuirass row 3 curved lamellar plate 08", Modifier: "weighted normals", Enable 'Auto Smooth' in Object Data Properties
ERROR (bke.modifier): ./source/blender/blenkernel/intern/modifier.cc:458 BKE_modifier_set_error: Object: "rear cuirass row 3 curved lamellar plate 01", Modifier: "weighted normals", Enable 'Auto Smooth' in Object Data Properties
ERROR (bke.modifier): ./source/blender/blenkernel/intern/modifier.cc:458 BKE_modifier_set_error: Object: "rear cuirass row 3 curved lamellar plate 02", Modifier: "weighted normals", Enable 'Auto Smooth' in Object Data Properties
ERROR (bke.modifier): ./source/blender/blenkernel/intern/modifier.cc:458 BKE_modifier_set_error: Object: "rear cuirass row 3 curved lamellar plate 06", Modifier: "weighted normals", Enable 'Auto Smooth' in Object Data Properties
ERROR (bke.modifier): ./source/blender/blenkernel/intern/modifier.cc:458 BKE_modifier_set_error: Object: "rear cuirass row 3 curved lamellar plate 03", Modifier: "weighted normals", Enable 'Auto Smooth' in Object Data Properties
ERROR (bke.modifier): ./source/blender/blenkernel/intern/modifier.cc:458 BKE_modifier_set_error: Object: "rear cuirass row 3 curved lamellar plate 04", Modifier: "weighted normals", Enable 'Auto Smooth' in Object Data Properties
ERROR (bke.modifier): ./source/blender/blenkernel/intern/modifier.cc:458 BKE_modifier_set_error: Object: "rear cuirass row 3 curved lamellar plate 05", Modifier: "weighted normals", Enable 'Auto Smooth' in Object Data Properties
ERROR (bke.modifier): ./source/blender/blenkernel/intern/modifier.cc:458 BKE_modifier_set_error: Object: "rear cuirass row 3 curved lamellar plate 08", Modifier: "weighted normals", Enable 'Auto Smooth' in Object Data Properties
ERROR (bke.modifier): ./source/blender/blenkernel/intern/modifier.cc:458 BKE_modifier_set_error: Object: "rear cuirass row 3 curved lamellar plate 07", Modifier: "weighted normals", Enable 'Auto Smooth' in Object Data Properties
ERROR (bke.modifier): ./source/blender/blenkernel/intern/modifier.cc:458 BKE_modifier_set_error: Object: "front cuirass row 4 curved lamellar plate 01", Modifier: "weighted normals", Enable 'Auto Smooth' in Object Data Properties
ERROR (bke.modifier): ./source/blender/blenkernel/intern/modifier.cc:458 BKE_modifier_set_error: Object: "rear cuirass row 3 curved lamellar plate 09", Modifier: "weighted normals", Enable 'Auto Smooth' in Object Data Properties
ERROR (bke.modifier): ./source/blender/blenkernel/intern/modifier.cc:458 BKE_modifier_set_error: Object: "front cuirass row 4 curved lamellar plate 02", Modifier: "weighted normals", Enable 'Auto Smooth' in Object Data Properties
ERROR (bke.modifier): ./source/blender/blenkernel/intern/modifier.cc:458 BKE_modifier_set_error: Object: "front cuirass row 4 curved lamellar plate 04", Modifier: "weighted normals", Enable 'Auto Smooth' in Object Data Properties
ERROR (bke.modifier): ./source/blender/blenkernel/intern/modifier.cc:458 BKE_modifier_set_error: Object: "front cuirass row 4 curved lamellar plate 06", Modifier: "weighted normals", Enable 'Auto Smooth' in Object Data Properties
ERROR (bke.modifier): ./source/blender/blenkernel/intern/modifier.cc:458 BKE_modifier_set_error: Object: "front cuirass row 4 curved lamellar plate 03", Modifier: "weighted normals", Enable 'Auto Smooth' in Object Data Properties
ERROR (bke.modifier): ./source/blender/blenkernel/intern/modifier.cc:458 BKE_modifier_set_error: Object: "front cuirass row 4 curved lamellar plate 05", Modifier: "weighted normals", Enable 'Auto Smooth' in Object Data Properties
ERROR (bke.modifier): ./source/blender/blenkernel/intern/modifier.cc:458 BKE_modifier_set_error: Object: "front cuirass row 4 curved lamellar plate 07", Modifier: "weighted normals", Enable 'Auto Smooth' in Object Data Properties
ERROR (bke.modifier): ./source/blender/blenkernel/intern/modifier.cc:458 BKE_modifier_set_error: Object: "front cuirass row 4 curved lamellar plate 08", Modifier: "weighted normals", Enable 'Auto Smooth' in Object Data Properties
ERROR (bke.modifier): ./source/blender/blenkernel/intern/modifier.cc:458 BKE_modifier_set_error: Object: "rear cuirass row 4 curved lamellar plate 03", Modifier: "weighted normals", Enable 'Auto Smooth' in Object Data Properties
ERROR (bke.modifier): ./source/blender/blenkernel/intern/modifier.cc:458 BKE_modifier_set_error: Object: "rear cuirass row 4 curved lamellar plate 02", Modifier: "weighted normals", Enable 'Auto Smooth' in Object Data Properties
ERROR (bke.modifier): ./source/blender/blenkernel/intern/modifier.cc:458 BKE_modifier_set_error: Object: "front cuirass row 4 curved lamellar plate 09", Modifier: "weighted normals", Enable 'Auto Smooth' in Object Data Properties
ERROR (bke.modifier): ./source/blender/blenkernel/intern/modifier.cc:458 BKE_modifier_set_error: Object: "rear cuirass row 4 curved lamellar plate 01", Modifier: "weighted normals", Enable 'Auto Smooth' in Object Data Properties
ERROR (bke.modifier): ./source/blender/blenkernel/intern/modifier.cc:458 BKE_modifier_set_error: Object: "rear cuirass row 4 curved lamellar plate 04", Modifier: "weighted normals", Enable 'Auto Smooth' in Object Data Properties
ERROR (bke.modifier): ./source/blender/blenkernel/intern/modifier.cc:458 BKE_modifier_set_error: Object: "rear cuirass row 4 curved lamellar plate 05", Modifier: "weighted normals", Enable 'Auto Smooth' in Object Data Properties
ERROR (bke.modifier): ./source/blender/blenkernel/intern/modifier.cc:458 BKE_modifier_set_error: Object: "rear cuirass row 4 curved lamellar plate 06", Modifier: "weighted normals", Enable 'Auto Smooth' in Object Data Properties
ERROR (bke.modifier): ./source/blender/blenkernel/intern/modifier.cc:458 BKE_modifier_set_error: Object: "rear cuirass row 4 curved lamellar plate 07", Modifier: "weighted normals", Enable 'Auto Smooth' in Object Data Properties
ERROR (bke.modifier): ./source/blender/blenkernel/intern/modifier.cc:458 BKE_modifier_set_error: Object: "rear cuirass row 4 curved lamellar plate 08", Modifier: "weighted normals", Enable 'Auto Smooth' in Object Data Properties
ERROR (bke.modifier): ./source/blender/blenkernel/intern/modifier.cc:458 BKE_modifier_set_error: Object: "front cuirass row 5 curved lamellar plate 01", Modifier: "weighted normals", Enable 'Auto Smooth' in Object Data Properties
ERROR (bke.modifier): ./source/blender/blenkernel/intern/modifier.cc:458 BKE_modifier_set_error: Object: "rear cuirass row 4 curved lamellar plate 09", Modifier: "weighted normals", Enable 'Auto Smooth' in Object Data Properties
ERROR (bke.modifier): ./source/blender/blenkernel/intern/modifier.cc:458 BKE_modifier_set_error: Object: "front cuirass row 5 curved lamellar plate 02", Modifier: "weighted normals", Enable 'Auto Smooth' in Object Data Properties
ERROR (bke.modifier): ./source/blender/blenkernel/intern/modifier.cc:458 BKE_modifier_set_error: Object: "front cuirass row 5 curved lamellar plate 03", Modifier: "weighted normals", Enable 'Auto Smooth' in Object Data Properties
ERROR (bke.modifier): ./source/blender/blenkernel/intern/modifier.cc:458 BKE_modifier_set_error: Object: "front cuirass row 5 curved lamellar plate 04", Modifier: "weighted normals", Enable 'Auto Smooth' in Object Data Properties
ERROR (bke.modifier): ./source/blender/blenkernel/intern/modifier.cc:458 BKE_modifier_set_error: Object: "front cuirass row 5 curved lamellar plate 05", Modifier: "weighted normals", Enable 'Auto Smooth' in Object Data Properties
ERROR (bke.modifier): ./source/blender/blenkernel/intern/modifier.cc:458 BKE_modifier_set_error: Object: "front cuirass row 5 curved lamellar plate 07", Modifier: "weighted normals", Enable 'Auto Smooth' in Object Data Properties
ERROR (bke.modifier): ./source/blender/blenkernel/intern/modifier.cc:458 BKE_modifier_set_error: Object: "front cuirass row 5 curved lamellar plate 06", Modifier: "weighted normals", Enable 'Auto Smooth' in Object Data Properties
ERROR (bke.modifier): ./source/blender/blenkernel/intern/modifier.cc:458 BKE_modifier_set_error: Object: "rear cuirass row 5 curved lamellar plate 02", Modifier: "weighted normals", Enable 'Auto Smooth' in Object Data Properties
ERROR (bke.modifier): ./source/blender/blenkernel/intern/modifier.cc:458 BKE_modifier_set_error: Object: "front cuirass row 5 curved lamellar plate 08", Modifier: "weighted normals", Enable 'Auto Smooth' in Object Data Properties
ERROR (bke.modifier): ./source/blender/blenkernel/intern/modifier.cc:458 BKE_modifier_set_error: Object: "front cuirass row 5 curved lamellar plate 09", Modifier: "weighted normals", Enable 'Auto Smooth' in Object Data Properties
ERROR (bke.modifier): ./source/blender/blenkernel/intern/modifier.cc:458 BKE_modifier_set_error: Object: "rear cuirass row 5 curved lamellar plate 01", Modifier: "weighted normals", Enable 'Auto Smooth' in Object Data Properties
ERROR (bke.modifier): ./source/blender/blenkernel/intern/modifier.cc:458 BKE_modifier_set_error: Object: "rear cuirass row 5 curved lamellar plate 03", Modifier: "weighted normals", Enable 'Auto Smooth' in Object Data Properties
ERROR (bke.modifier): ./source/blender/blenkernel/intern/modifier.cc:458 BKE_modifier_set_error: Object: "rear cuirass row 5 curved lamellar plate 04", Modifier: "weighted normals", Enable 'Auto Smooth' in Object Data Properties
ERROR (bke.modifier): ./source/blender/blenkernel/intern/modifier.cc:458 BKE_modifier_set_error: Object: "rear cuirass row 5 curved lamellar plate 06", Modifier: "weighted normals", Enable 'Auto Smooth' in Object Data Properties
ERROR (bke.modifier): ./source/blender/blenkernel/intern/modifier.cc:458 BKE_modifier_set_error: Object: "rear cuirass row 5 curved lamellar plate 05", Modifier: "weighted normals", Enable 'Auto Smooth' in Object Data Properties
ERROR (bke.modifier): ./source/blender/blenkernel/intern/modifier.cc:458 BKE_modifier_set_error: Object: "rear cuirass row 5 curved lamellar plate 07", Modifier: "weighted normals", Enable 'Auto Smooth' in Object Data Properties
ERROR (bke.modifier): ./source/blender/blenkernel/intern/modifier.cc:458 BKE_modifier_set_error: Object: "rear cuirass row 5 curved lamellar plate 08", Modifier: "weighted normals", Enable 'Auto Smooth' in Object Data Properties
ERROR (bke.modifier): ./source/blender/blenkernel/intern/modifier.cc:458 BKE_modifier_set_error: Object: "rear cuirass row 5 curved lamellar plate 09", Modifier: "weighted normals", Enable 'Auto Smooth' in Object Data Properties
ERROR (bke.modifier): ./source/blender/blenkernel/intern/modifier.cc:458 BKE_modifier_set_error: Object: "left shoulder undercloth", Modifier: "weighted normals", Enable 'Auto Smooth' in Object Data Properties
ERROR (bke.modifier): ./source/blender/blenkernel/intern/modifier.cc:458 BKE_modifier_set_error: Object: "left armored upper arm", Modifier: "weighted normals", Enable 'Auto Smooth' in Object Data Properties
ERROR (bke.modifier): ./source/blender/blenkernel/intern/modifier.cc:458 BKE_modifier_set_error: Object: "left kote forearm guard", Modifier: "weighted normals", Enable 'Auto Smooth' in Object Data Properties
ERROR (bke.modifier): ./source/blender/blenkernel/intern/modifier.cc:458 BKE_modifier_set_error: Object: "square tsuba guard", Modifier: "weighted normals", Enable 'Auto Smooth' in Object Data Properties
ERROR (bke.modifier): ./source/blender/blenkernel/intern/modifier.cc:458 BKE_modifier_set_error: Object: "left sode shoulder armor", Modifier: "weighted normals", Enable 'Auto Smooth' in Object Data Properties
ERROR (bke.modifier): ./source/blender/blenkernel/intern/modifier.cc:458 BKE_modifier_set_error: Object: "left leather palm volume", Modifier: "weighted normals", Enable 'Auto Smooth' in Object Data Properties
ERROR (bke.modifier): ./source/blender/blenkernel/intern/modifier.cc:458 BKE_modifier_set_error: Object: "wrapped katana grip", Modifier: "weighted normals", Enable 'Auto Smooth' in Object Data Properties
ERROR (bke.modifier): ./source/blender/blenkernel/intern/modifier.cc:458 BKE_modifier_set_error: Object: "left index fingertip", Modifier: "weighted normals", Enable 'Auto Smooth' in Object Data Properties
ERROR (bke.modifier): ./source/blender/blenkernel/intern/modifier.cc:458 BKE_modifier_set_error: Object: "left middle fingertip", Modifier: "weighted normals", Enable 'Auto Smooth' in Object Data Properties
ERROR (bke.modifier): ./source/blender/blenkernel/intern/modifier.cc:458 BKE_modifier_set_error: Object: "left ring fingertip", Modifier: "weighted normals", Enable 'Auto Smooth' in Object Data Properties
ERROR (bke.modifier): ./source/blender/blenkernel/intern/modifier.cc:458 BKE_modifier_set_error: Object: "left pinky fingertip", Modifier: "weighted normals", Enable 'Auto Smooth' in Object Data Properties
ERROR (bke.modifier): ./source/blender/blenkernel/intern/modifier.cc:458 BKE_modifier_set_error: Object: "right side cuirass plate 3", Modifier: "weighted normals", Enable 'Auto Smooth' in Object Data Properties
ERROR (bke.modifier): ./source/blender/blenkernel/intern/modifier.cc:458 BKE_modifier_set_error: Object: "left thumb fingertip", Modifier: "weighted normals", Enable 'Auto Smooth' in Object Data Properties
ERROR (bke.modifier): ./source/blender/blenkernel/intern/modifier.cc:458 BKE_modifier_set_error: Object: "right shoulder undercloth", Modifier: "weighted normals", Enable 'Auto Smooth' in Object Data Properties
ERROR (bke.modifier): ./source/blender/blenkernel/intern/modifier.cc:458 BKE_modifier_set_error: Object: "left side cuirass plate 1", Modifier: "weighted normals", Enable 'Auto Smooth' in Object Data Properties
ERROR (bke.modifier): ./source/blender/blenkernel/intern/modifier.cc:458 BKE_modifier_set_error: Object: "left sode shoulder plate 4", Modifier: "weighted normals", Enable 'Auto Smooth' in Object Data Properties
ERROR (bke.modifier): ./source/blender/blenkernel/intern/modifier.cc:458 BKE_modifier_set_error: Object: "left sode shoulder plate 1", Modifier: "weighted normals", Enable 'Auto Smooth' in Object Data Properties
ERROR (bke.modifier): ./source/blender/blenkernel/intern/modifier.cc:458 BKE_modifier_set_error: Object: "left side cuirass plate 3", Modifier: "weighted normals", Enable 'Auto Smooth' in Object Data Properties
ERROR (bke.modifier): ./source/blender/blenkernel/intern/modifier.cc:458 BKE_modifier_set_error: Object: "right sode shoulder armor", Modifier: "weighted normals", Enable 'Auto Smooth' in Object Data Properties
ERROR (bke.modifier): ./source/blender/blenkernel/intern/modifier.cc:458 BKE_modifier_set_error: Object: "right kote forearm guard", Modifier: "weighted normals", Enable 'Auto Smooth' in Object Data Properties
ERROR (bke.modifier): ./source/blender/blenkernel/intern/modifier.cc:458 BKE_modifier_set_error: Object: "right armored upper arm", Modifier: "weighted normals", Enable 'Auto Smooth' in Object Data Properties
ERROR (bke.modifier): ./source/blender/blenkernel/intern/modifier.cc:458 BKE_modifier_set_error: Object: "right side cuirass plate 2", Modifier: "weighted normals", Enable 'Auto Smooth' in Object Data Properties
ERROR (bke.modifier): ./source/blender/blenkernel/intern/modifier.cc:458 BKE_modifier_set_error: Object: "right leather palm volume", Modifier: "weighted normals", Enable 'Auto Smooth' in Object Data Properties
ERROR (bke.modifier): ./source/blender/blenkernel/intern/modifier.cc:458 BKE_modifier_set_error: Object: "right side cuirass plate 1", Modifier: "weighted normals", Enable 'Auto Smooth' in Object Data Properties
ERROR (bke.modifier): ./source/blender/blenkernel/intern/modifier.cc:458 BKE_modifier_set_error: Object: "left side cuirass plate 2", Modifier: "weighted normals", Enable 'Auto Smooth' in Object Data Properties
ERROR (bke.modifier): ./source/blender/blenkernel/intern/modifier.cc:458 BKE_modifier_set_error: Object: "left sode shoulder plate 3", Modifier: "weighted normals", Enable 'Auto Smooth' in Object Data Properties
ERROR (bke.modifier): ./source/blender/blenkernel/intern/modifier.cc:458 BKE_modifier_set_error: Object: "left sode shoulder plate 2", Modifier: "weighted normals", Enable 'Auto Smooth' in Object Data Properties
ERROR (bke.modifier): ./source/blender/blenkernel/intern/modifier.cc:458 BKE_modifier_set_error: Object: "right index fingertip", Modifier: "weighted normals", Enable 'Auto Smooth' in Object Data Properties
ERROR (bke.modifier): ./source/blender/blenkernel/intern/modifier.cc:458 BKE_modifier_set_error: Object: "right middle fingertip", Modifier: "weighted normals", Enable 'Auto Smooth' in Object Data Properties
ERROR (bke.modifier): ./source/blender/blenkernel/intern/modifier.cc:458 BKE_modifier_set_error: Object: "right ring fingertip", Modifier: "weighted normals", Enable 'Auto Smooth' in Object Data Properties
ERROR (bke.modifier): ./source/blender/blenkernel/intern/modifier.cc:458 BKE_modifier_set_error: Object: "right pinky fingertip", Modifier: "weighted normals", Enable 'Auto Smooth' in Object Data Properties
ERROR (bke.modifier): ./source/blender/blenkernel/intern/modifier.cc:458 BKE_modifier_set_error: Object: "right thumb fingertip", Modifier: "weighted normals", Enable 'Auto Smooth' in Object Data Properties
ERROR (bke.modifier): ./source/blender/blenkernel/intern/modifier.cc:458 BKE_modifier_set_error: Object: "right sode shoulder plate 2", Modifier: "weighted normals", Enable 'Auto Smooth' in Object Data Properties
ERROR (bke.modifier): ./source/blender/blenkernel/intern/modifier.cc:458 BKE_modifier_set_error: Object: "right sode shoulder plate 1", Modifier: "weighted normals", Enable 'Auto Smooth' in Object Data Properties
ERROR (bke.modifier): ./source/blender/blenkernel/intern/modifier.cc:458 BKE_modifier_set_error: Object: "kusazuri skirt plate -1 row 2", Modifier: "weighted normals", Enable 'Auto Smooth' in Object Data Properties
ERROR (bke.modifier): ./source/blender/blenkernel/intern/modifier.cc:458 BKE_modifier_set_error: Object: "kusazuri skirt plate -1 row 3", Modifier: "weighted normals", Enable 'Auto Smooth' in Object Data Properties
ERROR (bke.modifier): ./source/blender/blenkernel/intern/modifier.cc:458 BKE_modifier_set_error: Object: "kusazuri skirt plate -1 row 1", Modifier: "weighted normals", Enable 'Auto Smooth' in Object Data Properties
ERROR (bke.modifier): ./source/blender/blenkernel/intern/modifier.cc:458 BKE_modifier_set_error: Object: "right sode shoulder plate 3", Modifier: "weighted normals", Enable 'Auto Smooth' in Object Data Properties
ERROR (bke.modifier): ./source/blender/blenkernel/intern/modifier.cc:458 BKE_modifier_set_error: Object: "rear kusazuri skirt plate -1 row 3", Modifier: "weighted normals", Enable 'Auto Smooth' in Object Data Properties
ERROR (bke.modifier): ./source/blender/blenkernel/intern/modifier.cc:458 BKE_modifier_set_error: Object: "right sode shoulder plate 4", Modifier: "weighted normals", Enable 'Auto Smooth' in Object Data Properties
ERROR (bke.modifier): ./source/blender/blenkernel/intern/modifier.cc:458 BKE_modifier_set_error: Object: "kusazuri skirt plate +0 row 1", Modifier: "weighted normals", Enable 'Auto Smooth' in Object Data Properties
ERROR (bke.modifier): ./source/blender/blenkernel/intern/modifier.cc:458 BKE_modifier_set_error: Object: "rear kusazuri skirt plate +0 row 1", Modifier: "weighted normals", Enable 'Auto Smooth' in Object Data Properties
ERROR (bke.modifier): ./source/blender/blenkernel/intern/modifier.cc:458 BKE_modifier_set_error: Object: "rear kusazuri skirt plate -1 row 1", Modifier: "weighted normals", Enable 'Auto Smooth' in Object Data Properties
ERROR (bke.modifier): ./source/blender/blenkernel/intern/modifier.cc:458 BKE_modifier_set_error: Object: "kusazuri skirt plate +0 row 2", Modifier: "weighted normals", Enable 'Auto Smooth' in Object Data Properties
ERROR (bke.modifier): ./source/blender/blenkernel/intern/modifier.cc:458 BKE_modifier_set_error: Object: "left shin greave", Modifier: "weighted normals", Enable 'Auto Smooth' in Object Data Properties
ERROR (bke.modifier): ./source/blender/blenkernel/intern/modifier.cc:458 BKE_modifier_set_error: Object: "left hakama trouser leg", Modifier: "weighted normals", Enable 'Auto Smooth' in Object Data Properties
ERROR (bke.modifier): ./source/blender/blenkernel/intern/modifier.cc:458 BKE_modifier_set_error: Object: "kusazuri skirt plate +0 row 3", Modifier: "weighted normals", Enable 'Auto Smooth' in Object Data Properties
ERROR (bke.modifier): ./source/blender/blenkernel/intern/modifier.cc:458 BKE_modifier_set_error: Object: "kusazuri skirt plate +1 row 1", Modifier: "weighted normals", Enable 'Auto Smooth' in Object Data Properties
ERROR (bke.modifier): ./source/blender/blenkernel/intern/modifier.cc:458 BKE_modifier_set_error: Object: "rear kusazuri skirt plate -1 row 2", Modifier: "weighted normals", Enable 'Auto Smooth' in Object Data Properties
ERROR (bke.modifier): ./source/blender/blenkernel/intern/modifier.cc:458 BKE_modifier_set_error: Object: "left separated big toe", Modifier: "weighted normals", Enable 'Auto Smooth' in Object Data Properties
ERROR (bke.modifier): ./source/blender/blenkernel/intern/modifier.cc:458 BKE_modifier_set_error: Object: "left split-toe tabi foot volume", Modifier: "weighted normals", Enable 'Auto Smooth' in Object Data Properties
ERROR (bke.modifier): ./source/blender/blenkernel/intern/modifier.cc:458 BKE_modifier_set_error: Object: "left outer toe group", Modifier: "weighted normals", Enable 'Auto Smooth' in Object Data Properties
ERROR (bke.modifier): ./source/blender/blenkernel/intern/modifier.cc:458 BKE_modifier_set_error: Object: "rear kusazuri skirt plate +0 row 2", Modifier: "weighted normals", Enable 'Auto Smooth' in Object Data Properties
ERROR (bke.modifier): ./source/blender/blenkernel/intern/modifier.cc:458 BKE_modifier_set_error: Object: "rear kusazuri skirt plate +1 row 1", Modifier: "weighted normals", Enable 'Auto Smooth' in Object Data Properties
ERROR (bke.modifier): ./source/blender/blenkernel/intern/modifier.cc:458 BKE_modifier_set_error: Object: "rear kusazuri skirt plate +0 row 3", Modifier: "weighted normals", Enable 'Auto Smooth' in Object Data Properties
ERROR (bke.modifier): ./source/blender/blenkernel/intern/modifier.cc:458 BKE_modifier_set_error: Object: "right shin greave", Modifier: "weighted normals", Enable 'Auto Smooth' in Object Data Properties
ERROR (bke.modifier): ./source/blender/blenkernel/intern/modifier.cc:458 BKE_modifier_set_error: Object: "right hakama trouser leg", Modifier: "weighted normals", Enable 'Auto Smooth' in Object Data Properties
ERROR (bke.modifier): ./source/blender/blenkernel/intern/modifier.cc:458 BKE_modifier_set_error: Object: "right split-toe tabi foot volume", Modifier: "weighted normals", Enable 'Auto Smooth' in Object Data Properties
ERROR (bke.modifier): ./source/blender/blenkernel/intern/modifier.cc:458 BKE_modifier_set_error: Object: "right separated big toe", Modifier: "weighted normals", Enable 'Auto Smooth' in Object Data Properties
ERROR (bke.modifier): ./source/blender/blenkernel/intern/modifier.cc:458 BKE_modifier_set_error: Object: "right outer toe group", Modifier: "weighted normals", Enable 'Auto Smooth' in Object Data Properties
ERROR (bke.modifier): ./source/blender/blenkernel/intern/modifier.cc:458 BKE_modifier_set_error: Object: "rear kusazuri skirt plate +1 row 3", Modifier: "weighted normals", Enable 'Auto Smooth' in Object Data Properties
ERROR (bke.modifier): ./source/blender/blenkernel/intern/modifier.cc:458 BKE_modifier_set_error: Object: "rear kusazuri skirt plate +1 row 2", Modifier: "weighted normals", Enable 'Auto Smooth' in Object Data Properties
ERROR (bke.modifier): ./source/blender/blenkernel/intern/modifier.cc:458 BKE_modifier_set_error: Object: "kusazuri skirt plate +1 row 2", Modifier: "weighted normals", Enable 'Auto Smooth' in Object Data Properties
ERROR (bke.modifier): ./source/blender/blenkernel/intern/modifier.cc:458 BKE_modifier_set_error: Object: "kusazuri skirt plate +1 row 3", Modifier: "weighted normals", Enable 'Auto Smooth' in Object Data Properties
ERROR (bke.modifier): ./source/blender/blenkernel/intern/modifier.cc:458 BKE_modifier_set_error: Object: "right woven waraji sole grounded", Modifier: "weighted normals", Enable 'Auto Smooth' in Object Data Properties
ERROR (bke.modifier): ./source/blender/blenkernel/intern/modifier.cc:458 BKE_modifier_set_error: Object: "left woven waraji sole grounded", Modifier: "weighted normals", Enable 'Auto Smooth' in Object Data Properties
Fra:1 Mem:52.29M (Peak 52.32M) | Time:00:00.05 | Syncing matte charcoal inspection plinth
Fra:1 Mem:52.31M (Peak 52.35M) | Time:00:00.05 | Syncing ribcage under-kimono volume
Fra:1 Mem:52.40M (Peak 52.40M) | Time:00:00.05 | Syncing narrow waist under-kimono volume
Fra:1 Mem:52.47M (Peak 52.47M) | Time:00:00.05 | Syncing visible human head behind mempo
Fra:1 Mem:52.56M (Peak 52.56M) | Time:00:00.05 | Syncing thin exposed neck
Fra:1 Mem:52.57M (Peak 52.57M) | Time:00:00.05 | Syncing neck guard collar
Fra:1 Mem:52.58M (Peak 52.63M) | Time:00:00.05 | Syncing segmented kabuto helmet bowl
Fra:1 Mem:52.75M (Peak 52.76M) | Time:00:00.05 | Syncing wide kabuto brim
Fra:1 Mem:52.78M (Peak 52.78M) | Time:00:00.05 | Syncing rear shikoro neck guard flare
Fra:1 Mem:52.80M (Peak 52.80M) | Time:00:00.05 | Syncing left side helmet flange
Fra:1 Mem:52.81M (Peak 52.81M) | Time:00:00.05 | Syncing right side helmet flange
Fra:1 Mem:52.82M (Peak 52.82M) | Time:00:00.05 | Syncing golden maedate crescent crest
Fra:1 Mem:52.84M (Peak 52.89M) | Time:00:00.05 | Syncing crest central rivet
Fra:1 Mem:52.85M (Peak 52.89M) | Time:00:00.05 | Syncing dark iron mempo cheek mask
Fra:1 Mem:52.94M (Peak 52.94M) | Time:00:00.05 | Syncing mempo nose ridge
Fra:1 Mem:52.95M (Peak 52.95M) | Time:00:00.05 | Syncing left eye slit
Fra:1 Mem:52.97M (Peak 52.97M) | Time:00:00.05 | Syncing right eye slit
Fra:1 Mem:52.98M (Peak 52.98M) | Time:00:00.05 | Syncing mempo grim mouth slit
Fra:1 Mem:52.99M (Peak 52.99M) | Time:00:00.05 | Syncing left mask moustache bristle
Fra:1 Mem:53.00M (Peak 53.00M) | Time:00:00.05 | Syncing right mask moustache bristle
Fra:1 Mem:53.01M (Peak 53.01M) | Time:00:00.05 | Syncing throat guard row 1 curved lamella
Fra:1 Mem:53.03M (Peak 53.03M) | Time:00:00.05 | Syncing throat guard row 1 curved lamella
Fra:1 Mem:53.06M (Peak 53.06M) | Time:00:00.05 | Syncing throat guard row 1 curved lamella
Fra:1 Mem:53.08M (Peak 53.08M) | Time:00:00.05 | Syncing throat guard row 1 curved lamella
Fra:1 Mem:53.10M (Peak 53.10M) | Time:00:00.05 | Syncing throat guard row 1 curved lamella
Fra:1 Mem:53.13M (Peak 53.13M) | Time:00:00.05 | Syncing throat guard row 2 curved lamella
Fra:1 Mem:53.15M (Peak 53.15M) | Time:00:00.05 | Syncing throat guard row 2 curved lamella
Fra:1 Mem:53.18M (Peak 53.18M) | Time:00:00.05 | Syncing throat guard row 2 curved lamella
Fra:1 Mem:53.20M (Peak 53.20M) | Time:00:00.05 | Syncing throat guard row 2 curved lamella
Fra:1 Mem:53.22M (Peak 53.22M) | Time:00:00.05 | Syncing throat guard row 2 curved lamella
Fra:1 Mem:53.25M (Peak 53.25M) | Time:00:00.05 | Syncing throat guard row 3 curved lamella
Fra:1 Mem:53.27M (Peak 53.27M) | Time:00:00.05 | Syncing throat guard row 3 curved lamella
Fra:1 Mem:53.30M (Peak 53.30M) | Time:00:00.05 | Syncing throat guard row 3 curved lamella
Fra:1 Mem:53.32M (Peak 53.32M) | Time:00:00.05 | Syncing throat guard row 3 curved lamella
Fra:1 Mem:53.34M (Peak 53.34M) | Time:00:00.05 | Syncing throat guard row 3 curved lamella
Fra:1 Mem:53.37M (Peak 53.37M) | Time:00:00.05 | Syncing upper do cuirass fitted shell
Fra:1 Mem:53.47M (Peak 53.47M) | Time:00:00.05 | Syncing lower do cuirass narrowed shell
Fra:1 Mem:53.55M (Peak 53.55M) | Time:00:00.05 | Syncing front cuirass row 1 curved lamell
Fra:1 Mem:53.58M (Peak 53.58M) | Time:00:00.05 | Syncing front cuirass row 1 curved lamell
Fra:1 Mem:53.60M (Peak 53.60M) | Time:00:00.05 | Syncing front cuirass row 1 curved lamell
Fra:1 Mem:53.63M (Peak 53.63M) | Time:00:00.05 | Syncing front cuirass row 1 curved lamell
Fra:1 Mem:53.65M (Peak 53.65M) | Time:00:00.06 | Syncing front cuirass row 1 curved lamell
Fra:1 Mem:53.67M (Peak 53.67M) | Time:00:00.06 | Syncing front cuirass row 1 curved lamell
Fra:1 Mem:53.70M (Peak 53.70M) | Time:00:00.06 | Syncing front cuirass row 1 curved lamell
Fra:1 Mem:53.72M (Peak 53.72M) | Time:00:00.06 | Syncing front cuirass row 1 curved lamell
Fra:1 Mem:53.75M (Peak 53.75M) | Time:00:00.06 | Syncing front cuirass row 1 curved lamell
Fra:1 Mem:53.77M (Peak 53.77M) | Time:00:00.06 | Syncing rear cuirass row 1 curved lamella
Fra:1 Mem:53.79M (Peak 53.79M) | Time:00:00.06 | Syncing rear cuirass row 1 curved lamella
Fra:1 Mem:53.82M (Peak 53.82M) | Time:00:00.06 | Syncing rear cuirass row 1 curved lamella
Fra:1 Mem:53.84M (Peak 53.84M) | Time:00:00.06 | Syncing rear cuirass row 1 curved lamella
Fra:1 Mem:53.87M (Peak 53.87M) | Time:00:00.06 | Syncing rear cuirass row 1 curved lamella
Fra:1 Mem:53.89M (Peak 53.89M) | Time:00:00.06 | Syncing rear cuirass row 1 curved lamella
Fra:1 Mem:53.91M (Peak 53.91M) | Time:00:00.06 | Syncing rear cuirass row 1 curved lamella
Fra:1 Mem:53.94M (Peak 53.94M) | Time:00:00.06 | Syncing rear cuirass row 1 curved lamella
Fra:1 Mem:53.96M (Peak 53.96M) | Time:00:00.06 | Syncing rear cuirass row 1 curved lamella
Fra:1 Mem:53.98M (Peak 53.98M) | Time:00:00.06 | Syncing front cuirass row 2 curved lamell
Fra:1 Mem:54.01M (Peak 54.01M) | Time:00:00.06 | Syncing front cuirass row 2 curved lamell
Fra:1 Mem:54.03M (Peak 54.03M) | Time:00:00.06 | Syncing front cuirass row 2 curved lamell
Fra:1 Mem:54.06M (Peak 54.06M) | Time:00:00.06 | Syncing front cuirass row 2 curved lamell
Fra:1 Mem:54.08M (Peak 54.08M) | Time:00:00.06 | Syncing front cuirass row 2 curved lamell
Fra:1 Mem:54.10M (Peak 54.10M) | Time:00:00.06 | Syncing front cuirass row 2 curved lamell
Fra:1 Mem:54.13M (Peak 54.13M) | Time:00:00.06 | Syncing front cuirass row 2 curved lamell
Fra:1 Mem:54.15M (Peak 54.15M) | Time:00:00.06 | Syncing front cuirass row 2 curved lamell
Fra:1 Mem:54.18M (Peak 54.18M) | Time:00:00.06 | Syncing front cuirass row 2 curved lamell
Fra:1 Mem:54.20M (Peak 54.20M) | Time:00:00.06 | Syncing rear cuirass row 2 curved lamella
Fra:1 Mem:54.23M (Peak 54.23M) | Time:00:00.06 | Syncing rear cuirass row 2 curved lamella
Fra:1 Mem:54.25M (Peak 54.25M) | Time:00:00.06 | Syncing rear cuirass row 2 curved lamella
Fra:1 Mem:54.27M (Peak 54.27M) | Time:00:00.06 | Syncing rear cuirass row 2 curved lamella
Fra:1 Mem:54.30M (Peak 54.30M) | Time:00:00.06 | Syncing rear cuirass row 2 curved lamella
Fra:1 Mem:54.32M (Peak 54.32M) | Time:00:00.06 | Syncing rear cuirass row 2 curved lamella
Fra:1 Mem:54.35M (Peak 54.35M) | Time:00:00.06 | Syncing rear cuirass row 2 curved lamella
Fra:1 Mem:54.37M (Peak 54.37M) | Time:00:00.06 | Syncing rear cuirass row 2 curved lamella
Fra:1 Mem:54.39M (Peak 54.39M) | Time:00:00.06 | Syncing rear cuirass row 2 curved lamella
Fra:1 Mem:54.42M (Peak 54.42M) | Time:00:00.06 | Syncing front cuirass row 3 curved lamell
Fra:1 Mem:54.44M (Peak 54.44M) | Time:00:00.06 | Syncing front cuirass row 3 curved lamell
Fra:1 Mem:54.47M (Peak 54.47M) | Time:00:00.06 | Syncing front cuirass row 3 curved lamell
Fra:1 Mem:54.49M (Peak 54.49M) | Time:00:00.06 | Syncing front cuirass row 3 curved lamell
Fra:1 Mem:54.51M (Peak 54.51M) | Time:00:00.06 | Syncing front cuirass row 3 curved lamell
Fra:1 Mem:54.54M (Peak 54.54M) | Time:00:00.06 | Syncing front cuirass row 3 curved lamell
Fra:1 Mem:54.56M (Peak 54.56M) | Time:00:00.06 | Syncing front cuirass row 3 curved lamell
Fra:1 Mem:54.59M (Peak 54.59M) | Time:00:00.06 | Syncing front cuirass row 3 curved lamell
Fra:1 Mem:54.61M (Peak 54.61M) | Time:00:00.06 | Syncing front cuirass row 3 curved lamell
Fra:1 Mem:54.63M (Peak 54.63M) | Time:00:00.06 | Syncing rear cuirass row 3 curved lamella
Fra:1 Mem:54.66M (Peak 54.66M) | Time:00:00.06 | Syncing rear cuirass row 3 curved lamella
Fra:1 Mem:54.68M (Peak 54.68M) | Time:00:00.06 | Syncing rear cuirass row 3 curved lamella
Fra:1 Mem:54.71M (Peak 54.71M) | Time:00:00.06 | Syncing rear cuirass row 3 curved lamella
Fra:1 Mem:54.73M (Peak 54.73M) | Time:00:00.06 | Syncing rear cuirass row 3 curved lamella
Fra:1 Mem:54.75M (Peak 54.75M) | Time:00:00.06 | Syncing rear cuirass row 3 curved lamella
Fra:1 Mem:54.78M (Peak 54.78M) | Time:00:00.06 | Syncing rear cuirass row 3 curved lamella
Fra:1 Mem:54.80M (Peak 54.80M) | Time:00:00.06 | Syncing rear cuirass row 3 curved lamella
Fra:1 Mem:54.83M (Peak 54.83M) | Time:00:00.06 | Syncing rear cuirass row 3 curved lamella
Fra:1 Mem:54.85M (Peak 54.85M) | Time:00:00.06 | Syncing front cuirass row 4 curved lamell
Fra:1 Mem:54.87M (Peak 54.87M) | Time:00:00.06 | Syncing front cuirass row 4 curved lamell
Fra:1 Mem:54.90M (Peak 54.90M) | Time:00:00.06 | Syncing front cuirass row 4 curved lamell
Fra:1 Mem:54.92M (Peak 54.92M) | Time:00:00.06 | Syncing front cuirass row 4 curved lamell
Fra:1 Mem:54.95M (Peak 54.95M) | Time:00:00.06 | Syncing front cuirass row 4 curved lamell
Fra:1 Mem:54.97M (Peak 54.97M) | Time:00:00.06 | Syncing front cuirass row 4 curved lamell
Fra:1 Mem:54.99M (Peak 54.99M) | Time:00:00.06 | Syncing front cuirass row 4 curved lamell
Fra:1 Mem:55.02M (Peak 55.02M) | Time:00:00.06 | Syncing front cuirass row 4 curved lamell
Fra:1 Mem:55.04M (Peak 55.04M) | Time:00:00.06 | Syncing front cuirass row 4 curved lamell
Fra:1 Mem:55.07M (Peak 55.07M) | Time:00:00.06 | Syncing rear cuirass row 4 curved lamella
Fra:1 Mem:55.09M (Peak 55.09M) | Time:00:00.06 | Syncing rear cuirass row 4 curved lamella
Fra:1 Mem:55.11M (Peak 55.11M) | Time:00:00.06 | Syncing rear cuirass row 4 curved lamella
Fra:1 Mem:55.14M (Peak 55.14M) | Time:00:00.06 | Syncing rear cuirass row 4 curved lamella
Fra:1 Mem:55.16M (Peak 55.16M) | Time:00:00.06 | Syncing rear cuirass row 4 curved lamella
Fra:1 Mem:55.19M (Peak 55.19M) | Time:00:00.06 | Syncing rear cuirass row 4 curved lamella
Fra:1 Mem:55.21M (Peak 55.21M) | Time:00:00.06 | Syncing rear cuirass row 4 curved lamella
Fra:1 Mem:55.23M (Peak 55.23M) | Time:00:00.06 | Syncing rear cuirass row 4 curved lamella
Fra:1 Mem:55.26M (Peak 55.26M) | Time:00:00.06 | Syncing rear cuirass row 4 curved lamella
Fra:1 Mem:55.28M (Peak 55.28M) | Time:00:00.06 | Syncing front cuirass row 5 curved lamell
Fra:1 Mem:55.31M (Peak 55.31M) | Time:00:00.06 | Syncing front cuirass row 5 curved lamell
Fra:1 Mem:55.33M (Peak 55.33M) | Time:00:00.06 | Syncing front cuirass row 5 curved lamell
Fra:1 Mem:55.35M (Peak 55.35M) | Time:00:00.06 | Syncing front cuirass row 5 curved lamell
Fra:1 Mem:55.38M (Peak 55.38M) | Time:00:00.06 | Syncing front cuirass row 5 curved lamell
Fra:1 Mem:55.40M (Peak 55.40M) | Time:00:00.06 | Syncing front cuirass row 5 curved lamell
Fra:1 Mem:55.43M (Peak 55.43M) | Time:00:00.06 | Syncing front cuirass row 5 curved lamell
Fra:1 Mem:55.45M (Peak 55.45M) | Time:00:00.06 | Syncing front cuirass row 5 curved lamell
Fra:1 Mem:55.47M (Peak 55.47M) | Time:00:00.06 | Syncing front cuirass row 5 curved lamell
Fra:1 Mem:55.50M (Peak 55.50M) | Time:00:00.06 | Syncing rear cuirass row 5 curved lamella
Fra:1 Mem:55.52M (Peak 55.52M) | Time:00:00.06 | Syncing rear cuirass row 5 curved lamella
Fra:1 Mem:55.55M (Peak 55.55M) | Time:00:00.06 | Syncing rear cuirass row 5 curved lamella
Fra:1 Mem:55.57M (Peak 55.57M) | Time:00:00.06 | Syncing rear cuirass row 5 curved lamella
Fra:1 Mem:55.59M (Peak 55.59M) | Time:00:00.06 | Syncing rear cuirass row 5 curved lamella
Fra:1 Mem:55.62M (Peak 55.62M) | Time:00:00.06 | Syncing rear cuirass row 5 curved lamella
Fra:1 Mem:55.64M (Peak 55.64M) | Time:00:00.06 | Syncing rear cuirass row 5 curved lamella
Fra:1 Mem:55.67M (Peak 55.67M) | Time:00:00.06 | Syncing rear cuirass row 5 curved lamella
Fra:1 Mem:55.69M (Peak 55.69M) | Time:00:00.06 | Syncing rear cuirass row 5 curved lamella
Fra:1 Mem:55.71M (Peak 55.71M) | Time:00:00.06 | Syncing left side cuirass plate 1
Fra:1 Mem:55.73M (Peak 55.73M) | Time:00:00.06 | Syncing left side cuirass plate 2
Fra:1 Mem:55.74M (Peak 55.74M) | Time:00:00.06 | Syncing left side cuirass plate 3
Fra:1 Mem:55.76M (Peak 55.76M) | Time:00:00.06 | Syncing right side cuirass plate 1
Fra:1 Mem:55.77M (Peak 55.77M) | Time:00:00.06 | Syncing right side cuirass plate 2
Fra:1 Mem:55.79M (Peak 55.79M) | Time:00:00.06 | Syncing right side cuirass plate 3
Fra:1 Mem:55.80M (Peak 55.80M) | Time:00:00.06 | Syncing left shoulder undercloth
Fra:1 Mem:55.86M (Peak 55.86M) | Time:00:00.06 | Syncing left sode shoulder plate 1
Fra:1 Mem:55.87M (Peak 55.87M) | Time:00:00.06 | Syncing left sode shoulder plate 2
Fra:1 Mem:55.88M (Peak 55.88M) | Time:00:00.06 | Syncing left sode shoulder plate 3
Fra:1 Mem:55.90M (Peak 55.90M) | Time:00:00.06 | Syncing left sode shoulder plate 4
Fra:1 Mem:55.91M (Peak 55.91M) | Time:00:00.06 | Syncing left armored upper arm
Fra:1 Mem:55.97M (Peak 55.97M) | Time:00:00.06 | Syncing left sode shoulder armor
Fra:1 Mem:56.01M (Peak 56.01M) | Time:00:00.06 | Syncing left kote forearm guard
Fra:1 Mem:56.06M (Peak 56.06M) | Time:00:00.06 | Syncing left leather palm volume
Fra:1 Mem:56.10M (Peak 56.12M) | Time:00:00.06 | Syncing left articulated index finger
Fra:1 Mem:56.11M (Peak 56.12M) | Time:00:00.06 | Syncing left index fingertip
Fra:1 Mem:56.12M (Peak 56.12M) | Time:00:00.06 | Syncing left articulated middle finger
Fra:1 Mem:56.13M (Peak 56.13M) | Time:00:00.06 | Syncing left middle fingertip
Fra:1 Mem:56.14M (Peak 56.14M) | Time:00:00.06 | Syncing left articulated ring finger
Fra:1 Mem:56.15M (Peak 56.15M) | Time:00:00.06 | Syncing left ring fingertip
Fra:1 Mem:56.17M (Peak 56.17M) | Time:00:00.06 | Syncing left articulated pinky finger
Fra:1 Mem:56.18M (Peak 56.18M) | Time:00:00.06 | Syncing left pinky fingertip
Fra:1 Mem:56.19M (Peak 56.19M) | Time:00:00.06 | Syncing left opposed thumb
Fra:1 Mem:56.20M (Peak 56.20M) | Time:00:00.06 | Syncing left thumb fingertip
Fra:1 Mem:56.21M (Peak 56.21M) | Time:00:00.07 | Syncing right shoulder undercloth
Fra:1 Mem:56.27M (Peak 56.27M) | Time:00:00.07 | Syncing right sode shoulder plate 1
Fra:1 Mem:56.28M (Peak 56.28M) | Time:00:00.07 | Syncing right sode shoulder plate 2
Fra:1 Mem:56.29M (Peak 56.29M) | Time:00:00.07 | Syncing right sode shoulder plate 3
Fra:1 Mem:56.31M (Peak 56.31M) | Time:00:00.07 | Syncing right sode shoulder plate 4
Fra:1 Mem:56.32M (Peak 56.32M) | Time:00:00.07 | Syncing right armored upper arm
Fra:1 Mem:56.38M (Peak 56.38M) | Time:00:00.07 | Syncing right sode shoulder armor
Fra:1 Mem:56.42M (Peak 56.42M) | Time:00:00.07 | Syncing right kote forearm guard
Fra:1 Mem:56.48M (Peak 56.48M) | Time:00:00.07 | Syncing right leather palm volume
Fra:1 Mem:56.51M (Peak 56.51M) | Time:00:00.07 | Syncing right articulated index finger
Fra:1 Mem:56.52M (Peak 56.52M) | Time:00:00.07 | Syncing right index fingertip
Fra:1 Mem:56.53M (Peak 56.53M) | Time:00:00.07 | Syncing right articulated middle finger
Fra:1 Mem:56.54M (Peak 56.54M) | Time:00:00.07 | Syncing right middle fingertip
Fra:1 Mem:56.55M (Peak 56.55M) | Time:00:00.07 | Syncing right articulated ring finger
Fra:1 Mem:56.56M (Peak 56.56M) | Time:00:00.07 | Syncing right ring fingertip
Fra:1 Mem:56.58M (Peak 56.58M) | Time:00:00.07 | Syncing right articulated pinky finger
Fra:1 Mem:56.59M (Peak 56.59M) | Time:00:00.07 | Syncing right pinky fingertip
Fra:1 Mem:56.60M (Peak 56.60M) | Time:00:00.07 | Syncing right opposed thumb
Fra:1 Mem:56.61M (Peak 56.61M) | Time:00:00.07 | Syncing right thumb fingertip
Fra:1 Mem:56.62M (Peak 56.62M) | Time:00:00.07 | Syncing kusazuri skirt plate -1 row 1
Fra:1 Mem:56.64M (Peak 56.64M) | Time:00:00.07 | Syncing rear kusazuri skirt plate -1 row 
Fra:1 Mem:56.65M (Peak 56.65M) | Time:00:00.07 | Syncing kusazuri skirt plate -1 row 2
Fra:1 Mem:56.66M (Peak 56.66M) | Time:00:00.07 | Syncing rear kusazuri skirt plate -1 row 
Fra:1 Mem:56.68M (Peak 56.68M) | Time:00:00.07 | Syncing kusazuri skirt plate -1 row 3
Fra:1 Mem:56.69M (Peak 56.69M) | Time:00:00.07 | Syncing rear kusazuri skirt plate -1 row 
Fra:1 Mem:56.71M (Peak 56.71M) | Time:00:00.07 | Syncing kusazuri skirt plate +0 row 1
Fra:1 Mem:56.72M (Peak 56.72M) | Time:00:00.07 | Syncing rear kusazuri skirt plate +0 row 
Fra:1 Mem:56.73M (Peak 56.73M) | Time:00:00.07 | Syncing kusazuri skirt plate +0 row 2
Fra:1 Mem:56.75M (Peak 56.75M) | Time:00:00.07 | Syncing rear kusazuri skirt plate +0 row 
Fra:1 Mem:56.76M (Peak 56.76M) | Time:00:00.07 | Syncing kusazuri skirt plate +0 row 3
Fra:1 Mem:56.78M (Peak 56.78M) | Time:00:00.07 | Syncing rear kusazuri skirt plate +0 row 
Fra:1 Mem:56.79M (Peak 56.79M) | Time:00:00.07 | Syncing kusazuri skirt plate +1 row 1
Fra:1 Mem:56.80M (Peak 56.80M) | Time:00:00.07 | Syncing rear kusazuri skirt plate +1 row 
Fra:1 Mem:56.82M (Peak 56.82M) | Time:00:00.07 | Syncing kusazuri skirt plate +1 row 2
Fra:1 Mem:56.83M (Peak 56.83M) | Time:00:00.07 | Syncing rear kusazuri skirt plate +1 row 
Fra:1 Mem:56.84M (Peak 56.84M) | Time:00:00.07 | Syncing kusazuri skirt plate +1 row 3
Fra:1 Mem:56.86M (Peak 56.86M) | Time:00:00.07 | Syncing rear kusazuri skirt plate +1 row 
Fra:1 Mem:56.87M (Peak 56.87M) | Time:00:00.07 | Syncing left hakama trouser leg
Fra:1 Mem:56.93M (Peak 56.93M) | Time:00:00.07 | Syncing left shin greave
Fra:1 Mem:56.98M (Peak 56.98M) | Time:00:00.07 | Syncing left split-toe tabi foot volume
Fra:1 Mem:57.03M (Peak 57.03M) | Time:00:00.07 | Syncing left separated big toe
Fra:1 Mem:57.05M (Peak 57.05M) | Time:00:00.07 | Syncing left outer toe group
Fra:1 Mem:57.07M (Peak 57.07M) | Time:00:00.07 | Syncing left woven waraji sole grounded
Fra:1 Mem:57.08M (Peak 57.08M) | Time:00:00.07 | Syncing left sandal toe strap
Fra:1 Mem:57.09M (Peak 57.15M) | Time:00:00.07 | Syncing left heel strap
Fra:1 Mem:57.09M (Peak 57.15M) | Time:00:00.07 | Syncing left hakama pleat 1
Fra:1 Mem:57.10M (Peak 57.15M) | Time:00:00.07 | Syncing left hakama pleat 2
Fra:1 Mem:57.11M (Peak 57.15M) | Time:00:00.07 | Syncing left hakama pleat 3
Fra:1 Mem:57.12M (Peak 57.15M) | Time:00:00.07 | Syncing right hakama trouser leg
Fra:1 Mem:57.20M (Peak 57.20M) | Time:00:00.07 | Syncing right shin greave
Fra:1 Mem:57.26M (Peak 57.26M) | Time:00:00.07 | Syncing right split-toe tabi foot volume
Fra:1 Mem:57.30M (Peak 57.30M) | Time:00:00.07 | Syncing right separated big toe
Fra:1 Mem:57.33M (Peak 57.33M) | Time:00:00.07 | Syncing right outer toe group
Fra:1 Mem:57.35M (Peak 57.35M) | Time:00:00.07 | Syncing right woven waraji sole grounded
Fra:1 Mem:57.35M (Peak 57.35M) | Time:00:00.07 | Syncing right sandal toe strap
Fra:1 Mem:57.36M (Peak 57.36M) | Time:00:00.07 | Syncing right heel strap
Fra:1 Mem:57.37M (Peak 57.37M) | Time:00:00.07 | Syncing right hakama pleat 1
Fra:1 Mem:57.37M (Peak 57.37M) | Time:00:00.07 | Syncing right hakama pleat 2
Fra:1 Mem:57.38M (Peak 57.38M) | Time:00:00.07 | Syncing right hakama pleat 3
Fra:1 Mem:57.38M (Peak 57.38M) | Time:00:00.07 | Syncing drawn katana blade spine
Fra:1 Mem:57.39M (Peak 57.45M) | Time:00:00.07 | Syncing bright sharpened katana edge
Fra:1 Mem:57.40M (Peak 57.45M) | Time:00:00.07 | Syncing wrapped katana grip
Fra:1 Mem:57.41M (Peak 57.45M) | Time:00:00.07 | Syncing square tsuba guard
Fra:1 Mem:57.42M (Peak 57.45M) | Time:00:00.07 | Syncing lacquered saya scabbard at left h
Fra:1 Mem:57.43M (Peak 57.45M) | Time:00:00.07 | Syncing waist sash tying armor
Fra:1 Mem:57.43M (Peak 57.45M) | Time:00:00.07 | Syncing bamboo sashimono back pole
Fra:1 Mem:57.44M (Peak 57.45M) | Time:00:00.07 | Syncing small lacquered sashimono crossba
Fra:1 Mem:57.46M (Peak 57.46M) | Time:00:00.07 | Syncing cloth sashimono banner panel
Fra:1 Mem:57.47M (Peak 57.52M) | Time:00:00.07 | Syncing simple round clan mon on banner
Fra:1 Mem:57.51M (Peak 57.52M) | Time:00:00.07 | Syncing cool key
Fra:1 Mem:57.51M (Peak 57.52M) | Time:00:00.07 | Syncing rim
Fra:1 Mem:57.51M (Peak 57.52M) | Time:00:00.07 | Syncing hero cam
Fra:1 Mem:57.51M (Peak 57.52M) | Time:00:00.07 | Syncing samurai_v2_provenance
Fra:1 Mem:57.54M (Peak 57.64M) | Time:00:00.08 | Rendering 1 / 32 samples
Fra:1 Mem:54.65M (Peak 57.64M) | Time:00:02.69 | Rendering 26 / 32 samples
Fra:1 Mem:54.65M (Peak 57.64M) | Time:00:03.17 | Rendering 32 / 32 samples
Saved: '/tmp/factoryx-v21-render/samurai-repaired-full-20-v21/uesugi-01/turntable_000.png'
 Time: 00:03.30 (Saving: 00:00.03)

ERROR (bke.modifier): ./source/blender/blenkernel/intern/modifier.cc:458 BKE_modifier_set_error: Object: "segmented kabuto helmet bowl", Modifier: "weighted normals", Enable 'Auto Smooth' in Object Data Properties
ERROR (bke.modifier): ./source/blender/blenkernel/intern/modifier.cc:458 BKE_modifier_set_error: Object: "wide kabuto brim", Modifier: "weighted normals", Enable 'Auto Smooth' in Object Data Properties
ERROR (bke.modifier): ./source/blender/blenkernel/intern/modifier.cc:458 BKE_modifier_set_error: Object: "neck guard collar", Modifier: "weighted normals", Enable 'Auto Smooth' in Object Data Properties
ERROR (bke.modifier): ./source/blender/blenkernel/intern/modifier.cc:458 BKE_modifier_set_error: Object: "rear shikoro neck guard flare", Modifier: "weighted normals", Enable 'Auto Smooth' in Object Data Properties
ERROR (bke.modifier): ./source/blender/blenkernel/intern/modifier.cc:458 BKE_modifier_set_error: Object: "thin exposed neck", Modifier: "weighted normals", Enable 'Auto Smooth' in Object Data Properties
ERROR (bke.modifier): ./source/blender/blenkernel/intern/modifier.cc:458 BKE_modifier_set_error: Object: "visible human head behind mempo", Modifier: "weighted normals", Enable 'Auto Smooth' in Object Data Properties
ERROR (bke.modifier): ./source/blender/blenkernel/intern/modifier.cc:458 BKE_modifier_set_error: Object: "crest central rivet", Modifier: "weighted normals", Enable 'Auto Smooth' in Object Data Properties
ERROR (bke.modifier): ./source/blender/blenkernel/intern/modifier.cc:458 BKE_modifier_set_error: Object: "narrow waist under-kimono volume", Modifier: "weighted normals", Enable 'Auto Smooth' in Object Data Properties
ERROR (bke.modifier): ./source/blender/blenkernel/intern/modifier.cc:458 BKE_modifier_set_error: Object: "dark iron mempo cheek mask", Modifier: "weighted normals", Enable 'Auto Smooth' in Object Data Properties
ERROR (bke.modifier): ./source/blender/blenkernel/intern/modifier.cc:458 BKE_modifier_set_error: Object: "ribcage under-kimono volume", Modifier: "weighted normals", Enable 'Auto Smooth' in Object Data Properties
ERROR (bke.modifier): ./source/blender/blenkernel/intern/modifier.cc:458 BKE_modifier_set_error: Object: "throat guard row 1 curved lamellar plate 01", Modifier: "weighted normals", Enable 'Auto Smooth' in Object Data Properties
ERROR (bke.modifier): ./source/blender/blenkernel/intern/modifier.cc:458 BKE_modifier_set_error: Object: "throat guard row 1 curved lamellar plate 03", Modifier: "weighted normals", Enable 'Auto Smooth' in Object Data Properties
ERROR (bke.modifier): ./source/blender/blenkernel/intern/modifier.cc:458 BKE_modifier_set_error: Object: "throat guard row 1 curved lamellar plate 02", Modifier: "weighted normals", Enable 'Auto Smooth' in Object Data Properties
ERROR (bke.modifier): ./source/blender/blenkernel/intern/modifier.cc:458 BKE_modifier_set_error: Object: "throat guard row 1 curved lamellar plate 04", Modifier: "weighted normals", Enable 'Auto Smooth' in Object Data Properties
ERROR (bke.modifier): ./source/blender/blenkernel/intern/modifier.cc:458 BKE_modifier_set_error: Object: "right side helmet flange", Modifier: "weighted normals", Enable 'Auto Smooth' in Object Data Properties
ERROR (bke.modifier): ./source/blender/blenkernel/intern/modifier.cc:458 BKE_modifier_set_error: Object: "throat guard row 1 curved lamellar plate 05", Modifier: "weighted normals", Enable 'Auto Smooth' in Object Data Properties
ERROR (bke.modifier): ./source/blender/blenkernel/intern/modifier.cc:458 BKE_modifier_set_error: Object: "throat guard row 2 curved lamellar plate 01", Modifier: "weighted normals", Enable 'Auto Smooth' in Object Data Properties
ERROR (bke.modifier): ./source/blender/blenkernel/intern/modifier.cc:458 BKE_modifier_set_error: Object: "throat guard row 2 curved lamellar plate 02", Modifier: "weighted normals", Enable 'Auto Smooth' in Object Data Properties
ERROR (bke.modifier): ./source/blender/blenkernel/intern/modifier.cc:458 BKE_modifier_set_error: Object: "throat guard row 2 curved lamellar plate 03", Modifier: "weighted normals", Enable 'Auto Smooth' in Object Data Properties
ERROR (bke.modifier): ./source/blender/blenkernel/intern/modifier.cc:458 BKE_modifier_set_error: Object: "throat guard row 2 curved lamellar plate 04", Modifier: "weighted normals", Enable 'Auto Smooth' in Object Data Properties
ERROR (bke.modifier): ./source/blender/blenkernel/intern/modifier.cc:458 BKE_modifier_set_error: Object: "throat guard row 2 curved lamellar plate 05", Modifier: "weighted normals", Enable 'Auto Smooth' in Object Data Properties
ERROR (bke.modifier): ./source/blender/blenkernel/intern/modifier.cc:458 BKE_modifier_set_error: Object: "throat guard row 3 curved lamellar plate 01", Modifier: "weighted normals", Enable 'Auto Smooth' in Object Data Properties
ERROR (bke.modifier): ./source/blender/blenkernel/intern/modifier.cc:458 BKE_modifier_set_error: Object: "left side helmet flange", Modifier: "weighted normals", Enable 'Auto Smooth' in Object Data Properties
ERROR (bke.modifier): ./source/blender/blenkernel/intern/modifier.cc:458 BKE_modifier_set_error: Object: "throat guard row 3 curved lamellar plate 03", Modifier: "weighted normals", Enable 'Auto Smooth' in Object Data Properties
ERROR (bke.modifier): ./source/blender/blenkernel/intern/modifier.cc:458 BKE_modifier_set_error: Object: "throat guard row 3 curved lamellar plate 02", Modifier: "weighted normals", Enable 'Auto Smooth' in Object Data Properties
ERROR (bke.modifier): ./source/blender/blenkernel/intern/modifier.cc:458 BKE_modifier_set_error: Object: "throat guard row 3 curved lamellar plate 04", Modifier: "weighted normals", Enable 'Auto Smooth' in Object Data Properties
ERROR (bke.modifier): ./source/blender/blenkernel/intern/modifier.cc:458 BKE_modifier_set_error: Object: "mempo nose ridge", Modifier: "weighted normals", Enable 'Auto Smooth' in Object Data Properties
ERROR (bke.modifier): ./source/blender/blenkernel/intern/modifier.cc:458 BKE_modifier_set_error: Object: "throat guard row 3 curved lamellar plate 05", Modifier: "weighted normals", Enable 'Auto Smooth' in Object Data Properties
ERROR (bke.modifier): ./source/blender/blenkernel/intern/modifier.cc:458 BKE_modifier_set_error: Object: "upper do cuirass fitted shell", Modifier: "weighted normals", Enable 'Auto Smooth' in Object Data Properties
ERROR (bke.modifier): ./source/blender/blenkernel/intern/modifier.cc:458 BKE_modifier_set_error: Object: "front cuirass row 1 curved lamellar plate 02", Modifier: "weighted normals", Enable 'Auto Smooth' in Object Data Properties
ERROR (bke.modifier): ./source/blender/blenkernel/intern/modifier.cc:458 BKE_modifier_set_error: Object: "lower do cuirass narrowed shell", Modifier: "weighted normals", Enable 'Auto Smooth' in Object Data Properties
ERROR (bke.modifier): ./source/blender/blenkernel/intern/modifier.cc:458 BKE_modifier_set_error: Object: "front cuirass row 1 curved lamellar plate 01", Modifier: "weighted normals", Enable 'Auto Smooth' in Object Data Properties
ERROR (bke.modifier): ./source/blender/blenkernel/intern/modifier.cc:458 BKE_modifier_set_error: Object: "front cuirass row 1 curved lamellar plate 03", Modifier: "weighted normals", Enable 'Auto Smooth' in Object Data Properties
ERROR (bke.modifier): ./source/blender/blenkernel/intern/modifier.cc:458 BKE_modifier_set_error: Object: "front cuirass row 1 curved lamellar plate 06", Modifier: "weighted normals", Enable 'Auto Smooth' in Object Data Properties
ERROR (bke.modifier): ./source/blender/blenkernel/intern/modifier.cc:458 BKE_modifier_set_error: Object: "front cuirass row 1 curved lamellar plate 05", Modifier: "weighted normals", Enable 'Auto Smooth' in Object Data Properties
ERROR (bke.modifier): ./source/blender/blenkernel/intern/modifier.cc:458 BKE_modifier_set_error: Object: "front cuirass row 1 curved lamellar plate 07", Modifier: "weighted normals", Enable 'Auto Smooth' in Object Data Properties
ERROR (bke.modifier): ./source/blender/blenkernel/intern/modifier.cc:458 BKE_modifier_set_error: Object: "front cuirass row 1 curved lamellar plate 04", Modifier: "weighted normals", Enable 'Auto Smooth' in Object Data Properties
ERROR (bke.modifier): ./source/blender/blenkernel/intern/modifier.cc:458 BKE_modifier_set_error: Object: "front cuirass row 1 curved lamellar plate 08", Modifier: "weighted normals", Enable 'Auto Smooth' in Object Data Properties
ERROR (bke.modifier): ./source/blender/blenkernel/intern/modifier.cc:458 BKE_modifier_set_error: Object: "front cuirass row 1 curved lamellar plate 09", Modifier: "weighted normals", Enable 'Auto Smooth' in Object Data Properties
ERROR (bke.modifier): ./source/blender/blenkernel/intern/modifier.cc:458 BKE_modifier_set_error: Object: "rear cuirass row 1 curved lamellar plate 01", Modifier: "weighted normals", Enable 'Auto Smooth' in Object Data Properties
ERROR (bke.modifier): ./source/blender/blenkernel/intern/modifier.cc:458 BKE_modifier_set_error: Object: "rear cuirass row 1 curved lamellar plate 03", Modifier: "weighted normals", Enable 'Auto Smooth' in Object Data Properties
ERROR (bke.modifier): ./source/blender/blenkernel/intern/modifier.cc:458 BKE_modifier_set_error: Object: "rear cuirass row 1 curved lamellar plate 04", Modifier: "weighted normals", Enable 'Auto Smooth' in Object Data Properties
ERROR (bke.modifier): ./source/blender/blenkernel/intern/modifier.cc:458 BKE_modifier_set_error: Object: "rear cuirass row 1 curved lamellar plate 02", Modifier: "weighted normals", Enable 'Auto Smooth' in Object Data Properties
ERROR (bke.modifier): ./source/blender/blenkernel/intern/modifier.cc:458 BKE_modifier_set_error: Object: "mempo grim mouth slit", Modifier: "weighted normals", Enable 'Auto Smooth' in Object Data Properties
ERROR (bke.modifier): ./source/blender/blenkernel/intern/modifier.cc:458 BKE_modifier_set_error: Object: "rear cuirass row 1 curved lamellar plate 05", Modifier: "weighted normals", Enable 'Auto Smooth' in Object Data Properties
ERROR (bke.modifier): ./source/blender/blenkernel/intern/modifier.cc:458 BKE_modifier_set_error: Object: "rear cuirass row 1 curved lamellar plate 06", Modifier: "weighted normals", Enable 'Auto Smooth' in Object Data Properties
ERROR (bke.modifier): ./source/blender/blenkernel/intern/modifier.cc:458 BKE_modifier_set_error: Object: "rear cuirass row 1 curved lamellar plate 07", Modifier: "weighted normals", Enable 'Auto Smooth' in Object Data Properties
ERROR (bke.modifier): ./source/blender/blenkernel/intern/modifier.cc:458 BKE_modifier_set_error: Object: "rear cuirass row 1 curved lamellar plate 08", Modifier: "weighted normals", Enable 'Auto Smooth' in Object Data Properties
ERROR (bke.modifier): ./source/blender/blenkernel/intern/modifier.cc:458 BKE_modifier_set_error: Object: "rear cuirass row 1 curved lamellar plate 09", Modifier: "weighted normals", Enable 'Auto Smooth' in Object Data Properties
ERROR (bke.modifier): ./source/blender/blenkernel/intern/modifier.cc:458 BKE_modifier_set_error: Object: "front cuirass row 2 curved lamellar plate 01", Modifier: "weighted normals", Enable 'Auto Smooth' in Object Data Properties
ERROR (bke.modifier): ./source/blender/blenkernel/intern/modifier.cc:458 BKE_modifier_set_error: Object: "front cuirass row 2 curved lamellar plate 02", Modifier: "weighted normals", Enable 'Auto Smooth' in Object Data Properties
ERROR (bke.modifier): ./source/blender/blenkernel/intern/modifier.cc:458 BKE_modifier_set_error: Object: "front cuirass row 2 curved lamellar plate 03", Modifier: "weighted normals", Enable 'Auto Smooth' in Object Data Properties
ERROR (bke.modifier): ./source/blender/blenkernel/intern/modifier.cc:458 BKE_modifier_set_error: Object: "front cuirass row 2 curved lamellar plate 09", Modifier: "weighted normals", Enable 'Auto Smooth' in Object Data Properties
ERROR (bke.modifier): ./source/blender/blenkernel/intern/modifier.cc:458 BKE_modifier_set_error: Object: "front cuirass row 2 curved lamellar plate 04", Modifier: "weighted normals", Enable 'Auto Smooth' in Object Data Properties
ERROR (bke.modifier): ./source/blender/blenkernel/intern/modifier.cc:458 BKE_modifier_set_error: Object: "front cuirass row 2 curved lamellar plate 05", Modifier: "weighted normals", Enable 'Auto Smooth' in Object Data Properties
ERROR (bke.modifier): ./source/blender/blenkernel/intern/modifier.cc:458 BKE_modifier_set_error: Object: "front cuirass row 2 curved lamellar plate 06", Modifier: "weighted normals", Enable 'Auto Smooth' in Object Data Properties
ERROR (bke.modifier): ./source/blender/blenkernel/intern/modifier.cc:458 BKE_modifier_set_error: Object: "front cuirass row 2 curved lamellar plate 07", Modifier: "weighted normals", Enable 'Auto Smooth' in Object Data Properties
ERROR (bke.modifier): ./source/blender/blenkernel/intern/modifier.cc:458 BKE_modifier_set_error: Object: "front cuirass row 2 curved lamellar plate 08", Modifier: "weighted normals", Enable 'Auto Smooth' in Object Data Properties
ERROR (bke.modifier): ./source/blender/blenkernel/intern/modifier.cc:458 BKE_modifier_set_error: Object: "rear cuirass row 2 curved lamellar plate 02", Modifier: "weighted normals", Enable 'Auto Smooth' in Object Data Properties
ERROR (bke.modifier): ./source/blender/blenkernel/intern/modifier.cc:458 BKE_modifier_set_error: Object: "rear cuirass row 2 curved lamellar plate 01", Modifier: "weighted normals", Enable 'Auto Smooth' in Object Data Properties
ERROR (bke.modifier): ./source/blender/blenkernel/intern/modifier.cc:458 BKE_modifier_set_error: Object: "rear cuirass row 2 curved lamellar plate 04", Modifier: "weighted normals", Enable 'Auto Smooth' in Object Data Properties
ERROR (bke.modifier): ./source/blender/blenkernel/intern/modifier.cc:458 BKE_modifier_set_error: Object: "rear cuirass row 2 curved lamellar plate 03", Modifier: "weighted normals", Enable 'Auto Smooth' in Object Data Properties
ERROR (bke.modifier): ./source/blender/blenkernel/intern/modifier.cc:458 BKE_modifier_set_error: Object: "rear cuirass row 2 curved lamellar plate 05", Modifier: "weighted normals", Enable 'Auto Smooth' in Object Data Properties
ERROR (bke.modifier): ./source/blender/blenkernel/intern/modifier.cc:458 BKE_modifier_set_error: Object: "rear cuirass row 2 curved lamellar plate 06", Modifier: "weighted normals", Enable 'Auto Smooth' in Object Data Properties
ERROR (bke.modifier): ./source/blender/blenkernel/intern/modifier.cc:458 BKE_modifier_set_error: Object: "rear cuirass row 2 curved lamellar plate 07", Modifier: "weighted normals", Enable 'Auto Smooth' in Object Data Properties
ERROR (bke.modifier): ./source/blender/blenkernel/intern/modifier.cc:458 BKE_modifier_set_error: Object: "front cuirass row 3 curved lamellar plate 02", Modifier: "weighted normals", Enable 'Auto Smooth' in Object Data Properties
ERROR (bke.modifier): ./source/blender/blenkernel/intern/modifier.cc:458 BKE_modifier_set_error: Object: "rear cuirass row 2 curved lamellar plate 08", Modifier: "weighted normals", Enable 'Auto Smooth' in Object Data Properties
ERROR (bke.modifier): ./source/blender/blenkernel/intern/modifier.cc:458 BKE_modifier_set_error: Object: "matte charcoal inspection plinth", Modifier: "weighted normals", Enable 'Auto Smooth' in Object Data Properties
ERROR (bke.modifier): ./source/blender/blenkernel/intern/modifier.cc:458 BKE_modifier_set_error: Object: "front cuirass row 3 curved lamellar plate 03", Modifier: "weighted normals", Enable 'Auto Smooth' in Object Data Properties
ERROR (bke.modifier): ./source/blender/blenkernel/intern/modifier.cc:458 BKE_modifier_set_error: Object: "front cuirass row 3 curved lamellar plate 01", Modifier: "weighted normals", Enable 'Auto Smooth' in Object Data Properties
ERROR (bke.modifier): ./source/blender/blenkernel/intern/modifier.cc:458 BKE_modifier_set_error: Object: "rear cuirass row 2 curved lamellar plate 09", Modifier: "weighted normals", Enable 'Auto Smooth' in Object Data Properties
ERROR (bke.modifier): ./source/blender/blenkernel/intern/modifier.cc:458 BKE_modifier_set_error: Object: "front cuirass row 3 curved lamellar plate 05", Modifier: "weighted normals", Enable 'Auto Smooth' in Object Data Properties
ERROR (bke.modifier): ./source/blender/blenkernel/intern/modifier.cc:458 BKE_modifier_set_error: Object: "front cuirass row 3 curved lamellar plate 08", Modifier: "weighted normals", Enable 'Auto Smooth' in Object Data Properties
ERROR (bke.modifier): ./source/blender/blenkernel/intern/modifier.cc:458 BKE_modifier_set_error: Object: "front cuirass row 3 curved lamellar plate 04", Modifier: "weighted normals", Enable 'Auto Smooth' in Object Data Properties
ERROR (bke.modifier): ./source/blender/blenkernel/intern/modifier.cc:458 BKE_modifier_set_error: Object: "front cuirass row 3 curved lamellar plate 07", Modifier: "weighted normals", Enable 'Auto Smooth' in Object Data Properties
ERROR (bke.modifier): ./source/blender/blenkernel/intern/modifier.cc:458 BKE_modifier_set_error: Object: "front cuirass row 3 curved lamellar plate 06", Modifier: "weighted normals", Enable 'Auto Smooth' in Object Data Properties
ERROR (bke.modifier): ./source/blender/blenkernel/intern/modifier.cc:458 BKE_modifier_set_error: Object: "rear cuirass row 3 curved lamellar plate 01", Modifier: "weighted normals", Enable 'Auto Smooth' in Object Data Properties
ERROR (bke.modifier): ./source/blender/blenkernel/intern/modifier.cc:458 BKE_modifier_set_error: Object: "left eye slit", Modifier: "weighted normals", Enable 'Auto Smooth' in Object Data Properties
ERROR (bke.modifier): ./source/blender/blenkernel/intern/modifier.cc:458 BKE_modifier_set_error: Object: "rear cuirass row 3 curved lamellar plate 02", Modifier: "weighted normals", Enable 'Auto Smooth' in Object Data Properties
ERROR (bke.modifier): ./source/blender/blenkernel/intern/modifier.cc:458 BKE_modifier_set_error: Object: "rear cuirass row 3 curved lamellar plate 04", Modifier: "weighted normals", Enable 'Auto Smooth' in Object Data Properties
ERROR (bke.modifier): ./source/blender/blenkernel/intern/modifier.cc:458 BKE_modifier_set_error: Object: "simple round clan mon on banner", Modifier: "weighted normals", Enable 'Auto Smooth' in Object Data Properties
ERROR (bke.modifier): ./source/blender/blenkernel/intern/modifier.cc:458 BKE_modifier_set_error: Object: "rear cuirass row 3 curved lamellar plate 05", Modifier: "weighted normals", Enable 'Auto Smooth' in Object Data Properties
ERROR (bke.modifier): ./source/blender/blenkernel/intern/modifier.cc:458 BKE_modifier_set_error: Object: "rear cuirass row 3 curved lamellar plate 06", Modifier: "weighted normals", Enable 'Auto Smooth' in Object Data Properties
ERROR (bke.modifier): ./source/blender/blenkernel/intern/modifier.cc:458 BKE_modifier_set_error: Object: "rear cuirass row 3 curved lamellar plate 07", Modifier: "weighted normals", Enable 'Auto Smooth' in Object Data Properties
ERROR (bke.modifier): ./source/blender/blenkernel/intern/modifier.cc:458 BKE_modifier_set_error: Object: "front cuirass row 3 curved lamellar plate 09", Modifier: "weighted normals", Enable 'Auto Smooth' in Object Data Properties
ERROR (bke.modifier): ./source/blender/blenkernel/intern/modifier.cc:458 BKE_modifier_set_error: Object: "rear cuirass row 3 curved lamellar plate 09", Modifier: "weighted normals", Enable 'Auto Smooth' in Object Data Properties
ERROR (bke.modifier): ./source/blender/blenkernel/intern/modifier.cc:458 BKE_modifier_set_error: Object: "rear cuirass row 3 curved lamellar plate 08", Modifier: "weighted normals", Enable 'Auto Smooth' in Object Data Properties
ERROR (bke.modifier): ./source/blender/blenkernel/intern/modifier.cc:458 BKE_modifier_set_error: Object: "front cuirass row 4 curved lamellar plate 01", Modifier: "weighted normals", Enable 'Auto Smooth' in Object Data Properties
ERROR (bke.modifier): ./source/blender/blenkernel/intern/modifier.cc:458 BKE_modifier_set_error: Object: "right eye slit", Modifier: "weighted normals", Enable 'Auto Smooth' in Object Data Properties
ERROR (bke.modifier): ./source/blender/blenkernel/intern/modifier.cc:458 BKE_modifier_set_error: Object: "front cuirass row 4 curved lamellar plate 02", Modifier: "weighted normals", Enable 'Auto Smooth' in Object Data Properties
ERROR (bke.modifier): ./source/blender/blenkernel/intern/modifier.cc:458 BKE_modifier_set_error: Object: "rear cuirass row 3 curved lamellar plate 03", Modifier: "weighted normals", Enable 'Auto Smooth' in Object Data Properties
ERROR (bke.modifier): ./source/blender/blenkernel/intern/modifier.cc:458 BKE_modifier_set_error: Object: "front cuirass row 4 curved lamellar plate 05", Modifier: "weighted normals", Enable 'Auto Smooth' in Object Data Properties
ERROR (bke.modifier): ./source/blender/blenkernel/intern/modifier.cc:458 BKE_modifier_set_error: Object: "front cuirass row 4 curved lamellar plate 08", Modifier: "weighted normals", Enable 'Auto Smooth' in Object Data Properties
ERROR (bke.modifier): ./source/blender/blenkernel/intern/modifier.cc:458 BKE_modifier_set_error: Object: "front cuirass row 4 curved lamellar plate 03", Modifier: "weighted normals", Enable 'Auto Smooth' in Object Data Properties
ERROR (bke.modifier): ./source/blender/blenkernel/intern/modifier.cc:458 BKE_modifier_set_error: Object: "front cuirass row 4 curved lamellar plate 04", Modifier: "weighted normals", Enable 'Auto Smooth' in Object Data Properties
ERROR (bke.modifier): ./source/blender/blenkernel/intern/modifier.cc:458 BKE_modifier_set_error: Object: "front cuirass row 4 curved lamellar plate 06", Modifier: "weighted normals", Enable 'Auto Smooth' in Object Data Properties
ERROR (bke.modifier): ./source/blender/blenkernel/intern/modifier.cc:458 BKE_modifier_set_error: Object: "front cuirass row 4 curved lamellar plate 07", Modifier: "weighted normals", Enable 'Auto Smooth' in Object Data Properties
ERROR (bke.modifier): ./source/blender/blenkernel/intern/modifier.cc:458 BKE_modifier_set_error: Object: "rear cuirass row 4 curved lamellar plate 02", Modifier: "weighted normals", Enable 'Auto Smooth' in Object Data Properties
ERROR (bke.modifier): ./source/blender/blenkernel/intern/modifier.cc:458 BKE_modifier_set_error: Object: "rear cuirass row 4 curved lamellar plate 01", Modifier: "weighted normals", Enable 'Auto Smooth' in Object Data Properties
ERROR (bke.modifier): ./source/blender/blenkernel/intern/modifier.cc:458 BKE_modifier_set_error: Object: "front cuirass row 4 curved lamellar plate 09", Modifier: "weighted normals", Enable 'Auto Smooth' in Object Data Properties
ERROR (bke.modifier): ./source/blender/blenkernel/intern/modifier.cc:458 BKE_modifier_set_error: Object: "rear cuirass row 4 curved lamellar plate 04", Modifier: "weighted normals", Enable 'Auto Smooth' in Object Data Properties
ERROR (bke.modifier): ./source/blender/blenkernel/intern/modifier.cc:458 BKE_modifier_set_error: Object: "rear cuirass row 4 curved lamellar plate 03", Modifier: "weighted normals", Enable 'Auto Smooth' in Object Data Properties
ERROR (bke.modifier): ./source/blender/blenkernel/intern/modifier.cc:458 BKE_modifier_set_error: Object: "rear cuirass row 4 curved lamellar plate 05", Modifier: "weighted normals", Enable 'Auto Smooth' in Object Data Properties
ERROR (bke.modifier): ./source/blender/blenkernel/intern/modifier.cc:458 BKE_modifier_set_error: Object: "rear cuirass row 4 curved lamellar plate 07", Modifier: "weighted normals", Enable 'Auto Smooth' in Object Data Properties
ERROR (bke.modifier): ./source/blender/blenkernel/intern/modifier.cc:458 BKE_modifier_set_error: Object: "rear cuirass row 4 curved lamellar plate 06", Modifier: "weighted normals", Enable 'Auto Smooth' in Object Data Properties
ERROR (bke.modifier): ./source/blender/blenkernel/intern/modifier.cc:458 BKE_modifier_set_error: Object: "rear cuirass row 4 curved lamellar plate 08", Modifier: "weighted normals", Enable 'Auto Smooth' in Object Data Properties
ERROR (bke.modifier): ./source/blender/blenkernel/intern/modifier.cc:458 BKE_modifier_set_error: Object: "rear cuirass row 4 curved lamellar plate 09", Modifier: "weighted normals", Enable 'Auto Smooth' in Object Data Properties
ERROR (bke.modifier): ./source/blender/blenkernel/intern/modifier.cc:458 BKE_modifier_set_error: Object: "front cuirass row 5 curved lamellar plate 01", Modifier: "weighted normals", Enable 'Auto Smooth' in Object Data Properties
ERROR (bke.modifier): ./source/blender/blenkernel/intern/modifier.cc:458 BKE_modifier_set_error: Object: "front cuirass row 5 curved lamellar plate 02", Modifier: "weighted normals", Enable 'Auto Smooth' in Object Data Properties
ERROR (bke.modifier): ./source/blender/blenkernel/intern/modifier.cc:458 BKE_modifier_set_error: Object: "front cuirass row 5 curved lamellar plate 03", Modifier: "weighted normals", Enable 'Auto Smooth' in Object Data Properties
ERROR (bke.modifier): ./source/blender/blenkernel/intern/modifier.cc:458 BKE_modifier_set_error: Object: "front cuirass row 5 curved lamellar plate 04", Modifier: "weighted normals", Enable 'Auto Smooth' in Object Data Properties
ERROR (bke.modifier): ./source/blender/blenkernel/intern/modifier.cc:458 BKE_modifier_set_error: Object: "front cuirass row 5 curved lamellar plate 05", Modifier: "weighted normals", Enable 'Auto Smooth' in Object Data Properties
ERROR (bke.modifier): ./source/blender/blenkernel/intern/modifier.cc:458 BKE_modifier_set_error: Object: "front cuirass row 5 curved lamellar plate 06", Modifier: "weighted normals", Enable 'Auto Smooth' in Object Data Properties
ERROR (bke.modifier): ./source/blender/blenkernel/intern/modifier.cc:458 BKE_modifier_set_error: Object: "front cuirass row 5 curved lamellar plate 07", Modifier: "weighted normals", Enable 'Auto Smooth' in Object Data Properties
ERROR (bke.modifier): ./source/blender/blenkernel/intern/modifier.cc:458 BKE_modifier_set_error: Object: "front cuirass row 5 curved lamellar plate 08", Modifier: "weighted normals", Enable 'Auto Smooth' in Object Data Properties
ERROR (bke.modifier): ./source/blender/blenkernel/intern/modifier.cc:458 BKE_modifier_set_error: Object: "front cuirass row 5 curved lamellar plate 09", Modifier: "weighted normals", Enable 'Auto Smooth' in Object Data Properties
ERROR (bke.modifier): ./source/blender/blenkernel/intern/modifier.cc:458 BKE_modifier_set_error: Object: "rear cuirass row 5 curved lamellar plate 01", Modifier: "weighted normals", Enable 'Auto Smooth' in Object Data Properties
ERROR (bke.modifier): ./source/blender/blenkernel/intern/modifier.cc:458 BKE_modifier_set_error: Object: "rear cuirass row 5 curved lamellar plate 02", Modifier: "weighted normals", Enable 'Auto Smooth' in Object Data Properties
ERROR (bke.modifier): ./source/blender/blenkernel/intern/modifier.cc:458 BKE_modifier_set_error: Object: "rear cuirass row 5 curved lamellar plate 07", Modifier: "weighted normals", Enable 'Auto Smooth' in Object Data Properties
ERROR (bke.modifier): ./source/blender/blenkernel/intern/modifier.cc:458 BKE_modifier_set_error: Object: "rear cuirass row 5 curved lamellar plate 03", Modifier: "weighted normals", Enable 'Auto Smooth' in Object Data Properties
ERROR (bke.modifier): ./source/blender/blenkernel/intern/modifier.cc:458 BKE_modifier_set_error: Object: "rear cuirass row 5 curved lamellar plate 04", Modifier: "weighted normals", Enable 'Auto Smooth' in Object Data Properties
ERROR (bke.modifier): ./source/blender/blenkernel/intern/modifier.cc:458 BKE_modifier_set_error: Object: "rear cuirass row 5 curved lamellar plate 09", Modifier: "weighted normals", Enable 'Auto Smooth' in Object Data Properties
ERROR (bke.modifier): ./source/blender/blenkernel/intern/modifier.cc:458 BKE_modifier_set_error: Object: "rear cuirass row 5 curved lamellar plate 05", Modifier: "weighted normals", Enable 'Auto Smooth' in Object Data Properties
ERROR (bke.modifier): ./source/blender/blenkernel/intern/modifier.cc:458 BKE_modifier_set_error: Object: "rear cuirass row 5 curved lamellar plate 06", Modifier: "weighted normals", Enable 'Auto Smooth' in Object Data Properties
ERROR (bke.modifier): ./source/blender/blenkernel/intern/modifier.cc:458 BKE_modifier_set_error: Object: "rear cuirass row 5 curved lamellar plate 08", Modifier: "weighted normals", Enable 'Auto Smooth' in Object Data Properties
ERROR (bke.modifier): ./source/blender/blenkernel/intern/modifier.cc:458 BKE_modifier_set_error: Object: "left shoulder undercloth", Modifier: "weighted normals", Enable 'Auto Smooth' in Object Data Properties
ERROR (bke.modifier): ./source/blender/blenkernel/intern/modifier.cc:458 BKE_modifier_set_error: Object: "left sode shoulder armor", Modifier: "weighted normals", Enable 'Auto Smooth' in Object Data Properties
ERROR (bke.modifier): ./source/blender/blenkernel/intern/modifier.cc:458 BKE_modifier_set_error: Object: "left armored upper arm", Modifier: "weighted normals", Enable 'Auto Smooth' in Object Data Properties
ERROR (bke.modifier): ./source/blender/blenkernel/intern/modifier.cc:458 BKE_modifier_set_error: Object: "left kote forearm guard", Modifier: "weighted normals", Enable 'Auto Smooth' in Object Data Properties
ERROR (bke.modifier): ./source/blender/blenkernel/intern/modifier.cc:458 BKE_modifier_set_error: Object: "left leather palm volume", Modifier: "weighted normals", Enable 'Auto Smooth' in Object Data Properties
ERROR (bke.modifier): ./source/blender/blenkernel/intern/modifier.cc:458 BKE_modifier_set_error: Object: "cloth sashimono banner panel", Modifier: "weighted normals", Enable 'Auto Smooth' in Object Data Properties
ERROR (bke.modifier): ./source/blender/blenkernel/intern/modifier.cc:458 BKE_modifier_set_error: Object: "left index fingertip", Modifier: "weighted normals", Enable 'Auto Smooth' in Object Data Properties
ERROR (bke.modifier): ./source/blender/blenkernel/intern/modifier.cc:458 BKE_modifier_set_error: Object: "left middle fingertip", Modifier: "weighted normals", Enable 'Auto Smooth' in Object Data Properties
ERROR (bke.modifier): ./source/blender/blenkernel/intern/modifier.cc:458 BKE_modifier_set_error: Object: "left ring fingertip", Modifier: "weighted normals", Enable 'Auto Smooth' in Object Data Properties
ERROR (bke.modifier): ./source/blender/blenkernel/intern/modifier.cc:458 BKE_modifier_set_error: Object: "left pinky fingertip", Modifier: "weighted normals", Enable 'Auto Smooth' in Object Data Properties
ERROR (bke.modifier): ./source/blender/blenkernel/intern/modifier.cc:458 BKE_modifier_set_error: Object: "left thumb fingertip", Modifier: "weighted normals", Enable 'Auto Smooth' in Object Data Properties
ERROR (bke.modifier): ./source/blender/blenkernel/intern/modifier.cc:458 BKE_modifier_set_error: Object: "right shoulder undercloth", Modifier: "weighted normals", Enable 'Auto Smooth' in Object Data Properties
ERROR (bke.modifier): ./source/blender/blenkernel/intern/modifier.cc:458 BKE_modifier_set_error: Object: "left sode shoulder plate 4", Modifier: "weighted normals", Enable 'Auto Smooth' in Object Data Properties
ERROR (bke.modifier): ./source/blender/blenkernel/intern/modifier.cc:458 BKE_modifier_set_error: Object: "left sode shoulder plate 2", Modifier: "weighted normals", Enable 'Auto Smooth' in Object Data Properties
ERROR (bke.modifier): ./source/blender/blenkernel/intern/modifier.cc:458 BKE_modifier_set_error: Object: "left sode shoulder plate 1", Modifier: "weighted normals", Enable 'Auto Smooth' in Object Data Properties
ERROR (bke.modifier): ./source/blender/blenkernel/intern/modifier.cc:458 BKE_modifier_set_error: Object: "right sode shoulder armor", Modifier: "weighted normals", Enable 'Auto Smooth' in Object Data Properties
ERROR (bke.modifier): ./source/blender/blenkernel/intern/modifier.cc:458 BKE_modifier_set_error: Object: "right side cuirass plate 1", Modifier: "weighted normals", Enable 'Auto Smooth' in Object Data Properties
ERROR (bke.modifier): ./source/blender/blenkernel/intern/modifier.cc:458 BKE_modifier_set_error: Object: "left side cuirass plate 3", Modifier: "weighted normals", Enable 'Auto Smooth' in Object Data Properties
ERROR (bke.modifier): ./source/blender/blenkernel/intern/modifier.cc:458 BKE_modifier_set_error: Object: "right side cuirass plate 2", Modifier: "weighted normals", Enable 'Auto Smooth' in Object Data Properties
ERROR (bke.modifier): ./source/blender/blenkernel/intern/modifier.cc:458 BKE_modifier_set_error: Object: "right armored upper arm", Modifier: "weighted normals", Enable 'Auto Smooth' in Object Data Properties
ERROR (bke.modifier): ./source/blender/blenkernel/intern/modifier.cc:458 BKE_modifier_set_error: Object: "right kote forearm guard", Modifier: "weighted normals", Enable 'Auto Smooth' in Object Data Properties
ERROR (bke.modifier): ./source/blender/blenkernel/intern/modifier.cc:458 BKE_modifier_set_error: Object: "right leather palm volume", Modifier: "weighted normals", Enable 'Auto Smooth' in Object Data Properties
ERROR (bke.modifier): ./source/blender/blenkernel/intern/modifier.cc:458 BKE_modifier_set_error: Object: "right middle fingertip", Modifier: "weighted normals", Enable 'Auto Smooth' in Object Data Properties
ERROR (bke.modifier): ./source/blender/blenkernel/intern/modifier.cc:458 BKE_modifier_set_error: Object: "left sode shoulder plate 3", Modifier: "weighted normals", Enable 'Auto Smooth' in Object Data Properties
ERROR (bke.modifier): ./source/blender/blenkernel/intern/modifier.cc:458 BKE_modifier_set_error: Object: "right index fingertip", Modifier: "weighted normals", Enable 'Auto Smooth' in Object Data Properties
ERROR (bke.modifier): ./source/blender/blenkernel/intern/modifier.cc:458 BKE_modifier_set_error: Object: "right side cuirass plate 3", Modifier: "weighted normals", Enable 'Auto Smooth' in Object Data Properties
ERROR (bke.modifier): ./source/blender/blenkernel/intern/modifier.cc:458 BKE_modifier_set_error: Object: "right ring fingertip", Modifier: "weighted normals", Enable 'Auto Smooth' in Object Data Properties
ERROR (bke.modifier): ./source/blender/blenkernel/intern/modifier.cc:458 BKE_modifier_set_error: Object: "left side cuirass plate 1", Modifier: "weighted normals", Enable 'Auto Smooth' in Object Data Properties
ERROR (bke.modifier): ./source/blender/blenkernel/intern/modifier.cc:458 BKE_modifier_set_error: Object: "right pinky fingertip", Modifier: "weighted normals", Enable 'Auto Smooth' in Object Data Properties
ERROR (bke.modifier): ./source/blender/blenkernel/intern/modifier.cc:458 BKE_modifier_set_error: Object: "small lacquered sashimono crossbar", Modifier: "weighted normals", Enable 'Auto Smooth' in Object Data Properties
ERROR (bke.modifier): ./source/blender/blenkernel/intern/modifier.cc:458 BKE_modifier_set_error: Object: "right thumb fingertip", Modifier: "weighted normals", Enable 'Auto Smooth' in Object Data Properties
ERROR (bke.modifier): ./source/blender/blenkernel/intern/modifier.cc:458 BKE_modifier_set_error: Object: "right sode shoulder plate 2", Modifier: "weighted normals", Enable 'Auto Smooth' in Object Data Properties
ERROR (bke.modifier): ./source/blender/blenkernel/intern/modifier.cc:458 BKE_modifier_set_error: Object: "right sode shoulder plate 3", Modifier: "weighted normals", Enable 'Auto Smooth' in Object Data Properties
ERROR (bke.modifier): ./source/blender/blenkernel/intern/modifier.cc:458 BKE_modifier_set_error: Object: "left side cuirass plate 2", Modifier: "weighted normals", Enable 'Auto Smooth' in Object Data Properties
ERROR (bke.modifier): ./source/blender/blenkernel/intern/modifier.cc:458 BKE_modifier_set_error: Object: "rear kusazuri skirt plate -1 row 2", Modifier: "weighted normals", Enable 'Auto Smooth' in Object Data Properties
ERROR (bke.modifier): ./source/blender/blenkernel/intern/modifier.cc:458 BKE_modifier_set_error: Object: "rear kusazuri skirt plate +0 row 1", Modifier: "weighted normals", Enable 'Auto Smooth' in Object Data Properties
ERROR (bke.modifier): ./source/blender/blenkernel/intern/modifier.cc:458 BKE_modifier_set_error: Object: "kusazuri skirt plate -1 row 1", Modifier: "weighted normals", Enable 'Auto Smooth' in Object Data Properties
ERROR (bke.modifier): ./source/blender/blenkernel/intern/modifier.cc:458 BKE_modifier_set_error: Object: "right sode shoulder plate 1", Modifier: "weighted normals", Enable 'Auto Smooth' in Object Data Properties
ERROR (bke.modifier): ./source/blender/blenkernel/intern/modifier.cc:458 BKE_modifier_set_error: Object: "right sode shoulder plate 4", Modifier: "weighted normals", Enable 'Auto Smooth' in Object Data Properties
ERROR (bke.modifier): ./source/blender/blenkernel/intern/modifier.cc:458 BKE_modifier_set_error: Object: "rear kusazuri skirt plate -1 row 1", Modifier: "weighted normals", Enable 'Auto Smooth' in Object Data Properties
ERROR (bke.modifier): ./source/blender/blenkernel/intern/modifier.cc:458 BKE_modifier_set_error: Object: "kusazuri skirt plate +0 row 1", Modifier: "weighted normals", Enable 'Auto Smooth' in Object Data Properties
ERROR (bke.modifier): ./source/blender/blenkernel/intern/modifier.cc:458 BKE_modifier_set_error: Object: "kusazuri skirt plate -1 row 2", Modifier: "weighted normals", Enable 'Auto Smooth' in Object Data Properties
ERROR (bke.modifier): ./source/blender/blenkernel/intern/modifier.cc:458 BKE_modifier_set_error: Object: "rear kusazuri skirt plate +0 row 2", Modifier: "weighted normals", Enable 'Auto Smooth' in Object Data Properties
ERROR (bke.modifier): ./source/blender/blenkernel/intern/modifier.cc:458 BKE_modifier_set_error: Object: "left shin greave", Modifier: "weighted normals", Enable 'Auto Smooth' in Object Data Properties
ERROR (bke.modifier): ./source/blender/blenkernel/intern/modifier.cc:458 BKE_modifier_set_error: Object: "kusazuri skirt plate -1 row 3", Modifier: "weighted normals", Enable 'Auto Smooth' in Object Data Properties
ERROR (bke.modifier): ./source/blender/blenkernel/intern/modifier.cc:458 BKE_modifier_set_error: Object: "left split-toe tabi foot volume", Modifier: "weighted normals", Enable 'Auto Smooth' in Object Data Properties
ERROR (bke.modifier): ./source/blender/blenkernel/intern/modifier.cc:458 BKE_modifier_set_error: Object: "rear kusazuri skirt plate -1 row 3", Modifier: "weighted normals", Enable 'Auto Smooth' in Object Data Properties
ERROR (bke.modifier): ./source/blender/blenkernel/intern/modifier.cc:458 BKE_modifier_set_error: Object: "left separated big toe", Modifier: "weighted normals", Enable 'Auto Smooth' in Object Data Properties
ERROR (bke.modifier): ./source/blender/blenkernel/intern/modifier.cc:458 BKE_modifier_set_error: Object: "left outer toe group", Modifier: "weighted normals", Enable 'Auto Smooth' in Object Data Properties
ERROR (bke.modifier): ./source/blender/blenkernel/intern/modifier.cc:458 BKE_modifier_set_error: Object: "left hakama trouser leg", Modifier: "weighted normals", Enable 'Auto Smooth' in Object Data Properties
ERROR (bke.modifier): ./source/blender/blenkernel/intern/modifier.cc:458 BKE_modifier_set_error: Object: "kusazuri skirt plate +0 row 3", Modifier: "weighted normals", Enable 'Auto Smooth' in Object Data Properties
ERROR (bke.modifier): ./source/blender/blenkernel/intern/modifier.cc:458 BKE_modifier_set_error: Object: "rear kusazuri skirt plate +1 row 1", Modifier: "weighted normals", Enable 'Auto Smooth' in Object Data Properties
ERROR (bke.modifier): ./source/blender/blenkernel/intern/modifier.cc:458 BKE_modifier_set_error: Object: "kusazuri skirt plate +1 row 2", Modifier: "weighted normals", Enable 'Auto Smooth' in Object Data Properties
ERROR (bke.modifier): ./source/blender/blenkernel/intern/modifier.cc:458 BKE_modifier_set_error: Object: "kusazuri skirt plate +0 row 2", Modifier: "weighted normals", Enable 'Auto Smooth' in Object Data Properties
ERROR (bke.modifier): ./source/blender/blenkernel/intern/modifier.cc:458 BKE_modifier_set_error: Object: "right shin greave", Modifier: "weighted normals", Enable 'Auto Smooth' in Object Data Properties
ERROR (bke.modifier): ./source/blender/blenkernel/intern/modifier.cc:458 BKE_modifier_set_error: Object: "right split-toe tabi foot volume", Modifier: "weighted normals", Enable 'Auto Smooth' in Object Data Properties
ERROR (bke.modifier): ./source/blender/blenkernel/intern/modifier.cc:458 BKE_modifier_set_error: Object: "right hakama trouser leg", Modifier: "weighted normals", Enable 'Auto Smooth' in Object Data Properties
ERROR (bke.modifier): ./source/blender/blenkernel/intern/modifier.cc:458 BKE_modifier_set_error: Object: "right separated big toe", Modifier: "weighted normals", Enable 'Auto Smooth' in Object Data Properties
ERROR (bke.modifier): ./source/blender/blenkernel/intern/modifier.cc:458 BKE_modifier_set_error: Object: "right outer toe group", Modifier: "weighted normals", Enable 'Auto Smooth' in Object Data Properties
ERROR (bke.modifier): ./source/blender/blenkernel/intern/modifier.cc:458 BKE_modifier_set_error: Object: "rear kusazuri skirt plate +0 row 3", Modifier: "weighted normals", Enable 'Auto Smooth' in Object Data Properties
ERROR (bke.modifier): ./source/blender/blenkernel/intern/modifier.cc:458 BKE_modifier_set_error: Object: "rear kusazuri skirt plate +1 row 2", Modifier: "weighted normals", Enable 'Auto Smooth' in Object Data Properties
ERROR (bke.modifier): ./source/blender/blenkernel/intern/modifier.cc:458 BKE_modifier_set_error: Object: "wrapped katana grip", Modifier: "weighted normals", Enable 'Auto Smooth' in Object Data Properties
ERROR (bke.modifier): ./source/blender/blenkernel/intern/modifier.cc:458 BKE_modifier_set_error: Object: "kusazuri skirt plate +1 row 1", Modifier: "weighted normals", Enable 'Auto Smooth' in Object Data Properties
ERROR (bke.modifier): ./source/blender/blenkernel/intern/modifier.cc:458 BKE_modifier_set_error: Object: "left woven waraji sole grounded", Modifier: "weighted normals", Enable 'Auto Smooth' in Object Data Properties
ERROR (bke.modifier): ./source/blender/blenkernel/intern/modifier.cc:458 BKE_modifier_set_error: Object: "square tsuba guard", Modifier: "weighted normals", Enable 'Auto Smooth' in Object Data Properties
ERROR (bke.modifier): ./source/blender/blenkernel/intern/modifier.cc:458 BKE_modifier_set_error: Object: "kusazuri skirt plate +1 row 3", Modifier: "weighted normals", Enable 'Auto Smooth' in Object Data Properties
ERROR (bke.modifier): ./source/blender/blenkernel/intern/modifier.cc:458 BKE_modifier_set_error: Object: "rear kusazuri skirt plate +1 row 3", Modifier: "weighted normals", Enable 'Auto Smooth' in Object Data Properties
ERROR (bke.modifier): ./source/blender/blenkernel/intern/modifier.cc:458 BKE_modifier_set_error: Object: "right woven waraji sole grounded", Modifier: "weighted normals", Enable 'Auto Smooth' in Object Data Properties
Fra:1 Mem:52.29M (Peak 52.32M) | Time:00:00.05 | Syncing matte charcoal inspection plinth
Fra:1 Mem:52.31M (Peak 52.35M) | Time:00:00.05 | Syncing ribcage under-kimono volume
Fra:1 Mem:52.40M (Peak 52.40M) | Time:00:00.05 | Syncing narrow waist under-kimono volume
Fra:1 Mem:52.47M (Peak 52.47M) | Time:00:00.05 | Syncing visible human head behind mempo
Fra:1 Mem:52.56M (Peak 52.56M) | Time:00:00.05 | Syncing thin exposed neck
Fra:1 Mem:52.57M (Peak 52.57M) | Time:00:00.05 | Syncing neck guard collar
Fra:1 Mem:52.58M (Peak 52.63M) | Time:00:00.05 | Syncing segmented kabuto helmet bowl
Fra:1 Mem:52.75M (Peak 52.76M) | Time:00:00.05 | Syncing wide kabuto brim
Fra:1 Mem:52.78M (Peak 52.78M) | Time:00:00.05 | Syncing rear shikoro neck guard flare
Fra:1 Mem:52.80M (Peak 52.80M) | Time:00:00.05 | Syncing left side helmet flange
Fra:1 Mem:52.81M (Peak 52.81M) | Time:00:00.05 | Syncing right side helmet flange
Fra:1 Mem:52.82M (Peak 52.82M) | Time:00:00.05 | Syncing golden maedate crescent crest
Fra:1 Mem:52.84M (Peak 52.89M) | Time:00:00.05 | Syncing crest central rivet
Fra:1 Mem:52.85M (Peak 52.89M) | Time:00:00.05 | Syncing dark iron mempo cheek mask
Fra:1 Mem:52.94M (Peak 52.94M) | Time:00:00.05 | Syncing mempo nose ridge
Fra:1 Mem:52.95M (Peak 52.95M) | Time:00:00.05 | Syncing left eye slit
Fra:1 Mem:52.97M (Peak 52.97M) | Time:00:00.05 | Syncing right eye slit
Fra:1 Mem:52.98M (Peak 52.98M) | Time:00:00.05 | Syncing mempo grim mouth slit
Fra:1 Mem:52.99M (Peak 52.99M) | Time:00:00.05 | Syncing left mask moustache bristle
Fra:1 Mem:53.00M (Peak 53.00M) | Time:00:00.05 | Syncing right mask moustache bristle
Fra:1 Mem:53.01M (Peak 53.01M) | Time:00:00.05 | Syncing throat guard row 1 curved lamella
Fra:1 Mem:53.03M (Peak 53.03M) | Time:00:00.05 | Syncing throat guard row 1 curved lamella
Fra:1 Mem:53.06M (Peak 53.06M) | Time:00:00.05 | Syncing throat guard row 1 curved lamella
Fra:1 Mem:53.08M (Peak 53.08M) | Time:00:00.05 | Syncing throat guard row 1 curved lamella
Fra:1 Mem:53.10M (Peak 53.10M) | Time:00:00.05 | Syncing throat guard row 1 curved lamella
Fra:1 Mem:53.13M (Peak 53.13M) | Time:00:00.05 | Syncing throat guard row 2 curved lamella
Fra:1 Mem:53.15M (Peak 53.15M) | Time:00:00.05 | Syncing throat guard row 2 curved lamella
Fra:1 Mem:53.18M (Peak 53.18M) | Time:00:00.05 | Syncing throat guard row 2 curved lamella
Fra:1 Mem:53.20M (Peak 53.20M) | Time:00:00.05 | Syncing throat guard row 2 curved lamella
Fra:1 Mem:53.22M (Peak 53.22M) | Time:00:00.05 | Syncing throat guard row 2 curved lamella
Fra:1 Mem:53.25M (Peak 53.25M) | Time:00:00.05 | Syncing throat guard row 3 curved lamella
Fra:1 Mem:53.27M (Peak 53.27M) | Time:00:00.05 | Syncing throat guard row 3 curved lamella
Fra:1 Mem:53.30M (Peak 53.30M) | Time:00:00.05 | Syncing throat guard row 3 curved lamella
Fra:1 Mem:53.32M (Peak 53.32M) | Time:00:00.05 | Syncing throat guard row 3 curved lamella
Fra:1 Mem:53.34M (Peak 53.34M) | Time:00:00.05 | Syncing throat guard row 3 curved lamella
Fra:1 Mem:53.37M (Peak 53.37M) | Time:00:00.05 | Syncing upper do cuirass fitted shell
Fra:1 Mem:53.47M (Peak 53.47M) | Time:00:00.05 | Syncing lower do cuirass narrowed shell
Fra:1 Mem:53.55M (Peak 53.55M) | Time:00:00.05 | Syncing front cuirass row 1 curved lamell
Fra:1 Mem:53.58M (Peak 53.58M) | Time:00:00.05 | Syncing front cuirass row 1 curved lamell
Fra:1 Mem:53.60M (Peak 53.60M) | Time:00:00.05 | Syncing front cuirass row 1 curved lamell
Fra:1 Mem:53.63M (Peak 53.63M) | Time:00:00.05 | Syncing front cuirass row 1 curved lamell
Fra:1 Mem:53.65M (Peak 53.65M) | Time:00:00.05 | Syncing front cuirass row 1 curved lamell
Fra:1 Mem:53.67M (Peak 53.67M) | Time:00:00.05 | Syncing front cuirass row 1 curved lamell
Fra:1 Mem:53.70M (Peak 53.70M) | Time:00:00.05 | Syncing front cuirass row 1 curved lamell
Fra:1 Mem:53.72M (Peak 53.72M) | Time:00:00.05 | Syncing front cuirass row 1 curved lamell
Fra:1 Mem:53.75M (Peak 53.75M) | Time:00:00.05 | Syncing front cuirass row 1 curved lamell
Fra:1 Mem:53.77M (Peak 53.77M) | Time:00:00.05 | Syncing rear cuirass row 1 curved lamella
Fra:1 Mem:53.79M (Peak 53.79M) | Time:00:00.05 | Syncing rear cuirass row 1 curved lamella
Fra:1 Mem:53.82M (Peak 53.82M) | Time:00:00.05 | Syncing rear cuirass row 1 curved lamella
Fra:1 Mem:53.84M (Peak 53.84M) | Time:00:00.05 | Syncing rear cuirass row 1 curved lamella
Fra:1 Mem:53.87M (Peak 53.87M) | Time:00:00.05 | Syncing rear cuirass row 1 curved lamella
Fra:1 Mem:53.89M (Peak 53.89M) | Time:00:00.05 | Syncing rear cuirass row 1 curved lamella
Fra:1 Mem:53.91M (Peak 53.91M) | Time:00:00.05 | Syncing rear cuirass row 1 curved lamella
Fra:1 Mem:53.94M (Peak 53.94M) | Time:00:00.05 | Syncing rear cuirass row 1 curved lamella
Fra:1 Mem:53.96M (Peak 53.96M) | Time:00:00.05 | Syncing rear cuirass row 1 curved lamella
Fra:1 Mem:53.98M (Peak 53.98M) | Time:00:00.06 | Syncing front cuirass row 2 curved lamell
Fra:1 Mem:54.01M (Peak 54.01M) | Time:00:00.06 | Syncing front cuirass row 2 curved lamell
Fra:1 Mem:54.03M (Peak 54.03M) | Time:00:00.06 | Syncing front cuirass row 2 curved lamell
Fra:1 Mem:54.06M (Peak 54.06M) | Time:00:00.06 | Syncing front cuirass row 2 curved lamell
Fra:1 Mem:54.08M (Peak 54.08M) | Time:00:00.06 | Syncing front cuirass row 2 curved lamell
Fra:1 Mem:54.10M (Peak 54.10M) | Time:00:00.06 | Syncing front cuirass row 2 curved lamell
Fra:1 Mem:54.13M (Peak 54.13M) | Time:00:00.06 | Syncing front cuirass row 2 curved lamell
Fra:1 Mem:54.15M (Peak 54.15M) | Time:00:00.06 | Syncing front cuirass row 2 curved lamell
Fra:1 Mem:54.18M (Peak 54.18M) | Time:00:00.06 | Syncing front cuirass row 2 curved lamell
Fra:1 Mem:54.20M (Peak 54.20M) | Time:00:00.06 | Syncing rear cuirass row 2 curved lamella
Fra:1 Mem:54.23M (Peak 54.23M) | Time:00:00.06 | Syncing rear cuirass row 2 curved lamella
Fra:1 Mem:54.25M (Peak 54.25M) | Time:00:00.06 | Syncing rear cuirass row 2 curved lamella
Fra:1 Mem:54.27M (Peak 54.27M) | Time:00:00.06 | Syncing rear cuirass row 2 curved lamella
Fra:1 Mem:54.30M (Peak 54.30M) | Time:00:00.06 | Syncing rear cuirass row 2 curved lamella
Fra:1 Mem:54.32M (Peak 54.32M) | Time:00:00.06 | Syncing rear cuirass row 2 curved lamella
Fra:1 Mem:54.35M (Peak 54.35M) | Time:00:00.06 | Syncing rear cuirass row 2 curved lamella
Fra:1 Mem:54.37M (Peak 54.37M) | Time:00:00.06 | Syncing rear cuirass row 2 curved lamella
Fra:1 Mem:54.39M (Peak 54.39M) | Time:00:00.06 | Syncing rear cuirass row 2 curved lamella
Fra:1 Mem:54.42M (Peak 54.42M) | Time:00:00.06 | Syncing front cuirass row 3 curved lamell
Fra:1 Mem:54.44M (Peak 54.44M) | Time:00:00.06 | Syncing front cuirass row 3 curved lamell
Fra:1 Mem:54.47M (Peak 54.47M) | Time:00:00.06 | Syncing front cuirass row 3 curved lamell
Fra:1 Mem:54.49M (Peak 54.49M) | Time:00:00.06 | Syncing front cuirass row 3 curved lamell
Fra:1 Mem:54.51M (Peak 54.51M) | Time:00:00.06 | Syncing front cuirass row 3 curved lamell
Fra:1 Mem:54.54M (Peak 54.54M) | Time:00:00.06 | Syncing front cuirass row 3 curved lamell
Fra:1 Mem:54.56M (Peak 54.56M) | Time:00:00.06 | Syncing front cuirass row 3 curved lamell
Fra:1 Mem:54.59M (Peak 54.59M) | Time:00:00.06 | Syncing front cuirass row 3 curved lamell
Fra:1 Mem:54.61M (Peak 54.61M) | Time:00:00.06 | Syncing front cuirass row 3 curved lamell
Fra:1 Mem:54.63M (Peak 54.63M) | Time:00:00.06 | Syncing rear cuirass row 3 curved lamella
Fra:1 Mem:54.66M (Peak 54.66M) | Time:00:00.06 | Syncing rear cuirass row 3 curved lamella
Fra:1 Mem:54.68M (Peak 54.68M) | Time:00:00.06 | Syncing rear cuirass row 3 curved lamella
Fra:1 Mem:54.71M (Peak 54.71M) | Time:00:00.06 | Syncing rear cuirass row 3 curved lamella
Fra:1 Mem:54.73M (Peak 54.73M) | Time:00:00.06 | Syncing rear cuirass row 3 curved lamella
Fra:1 Mem:54.75M (Peak 54.75M) | Time:00:00.06 | Syncing rear cuirass row 3 curved lamella
Fra:1 Mem:54.78M (Peak 54.78M) | Time:00:00.06 | Syncing rear cuirass row 3 curved lamella
Fra:1 Mem:54.80M (Peak 54.80M) | Time:00:00.06 | Syncing rear cuirass row 3 curved lamella
Fra:1 Mem:54.83M (Peak 54.83M) | Time:00:00.06 | Syncing rear cuirass row 3 curved lamella
Fra:1 Mem:54.85M (Peak 54.85M) | Time:00:00.06 | Syncing front cuirass row 4 curved lamell
Fra:1 Mem:54.87M (Peak 54.87M) | Time:00:00.06 | Syncing front cuirass row 4 curved lamell
Fra:1 Mem:54.90M (Peak 54.90M) | Time:00:00.06 | Syncing front cuirass row 4 curved lamell
Fra:1 Mem:54.92M (Peak 54.92M) | Time:00:00.06 | Syncing front cuirass row 4 curved lamell
Fra:1 Mem:54.95M (Peak 54.95M) | Time:00:00.06 | Syncing front cuirass row 4 curved lamell
Fra:1 Mem:54.97M (Peak 54.97M) | Time:00:00.06 | Syncing front cuirass row 4 curved lamell
Fra:1 Mem:54.99M (Peak 54.99M) | Time:00:00.06 | Syncing front cuirass row 4 curved lamell
Fra:1 Mem:55.02M (Peak 55.02M) | Time:00:00.06 | Syncing front cuirass row 4 curved lamell
Fra:1 Mem:55.04M (Peak 55.04M) | Time:00:00.06 | Syncing front cuirass row 4 curved lamell
Fra:1 Mem:55.07M (Peak 55.07M) | Time:00:00.06 | Syncing rear cuirass row 4 curved lamella
Fra:1 Mem:55.09M (Peak 55.09M) | Time:00:00.06 | Syncing rear cuirass row 4 curved lamella
Fra:1 Mem:55.11M (Peak 55.11M) | Time:00:00.06 | Syncing rear cuirass row 4 curved lamella
Fra:1 Mem:55.14M (Peak 55.14M) | Time:00:00.06 | Syncing rear cuirass row 4 curved lamella
Fra:1 Mem:55.16M (Peak 55.16M) | Time:00:00.06 | Syncing rear cuirass row 4 curved lamella
Fra:1 Mem:55.19M (Peak 55.19M) | Time:00:00.06 | Syncing rear cuirass row 4 curved lamella
Fra:1 Mem:55.21M (Peak 55.21M) | Time:00:00.06 | Syncing rear cuirass row 4 curved lamella
Fra:1 Mem:55.23M (Peak 55.23M) | Time:00:00.06 | Syncing rear cuirass row 4 curved lamella
Fra:1 Mem:55.26M (Peak 55.26M) | Time:00:00.06 | Syncing rear cuirass row 4 curved lamella
Fra:1 Mem:55.28M (Peak 55.28M) | Time:00:00.06 | Syncing front cuirass row 5 curved lamell
Fra:1 Mem:55.31M (Peak 55.31M) | Time:00:00.06 | Syncing front cuirass row 5 curved lamell
Fra:1 Mem:55.33M (Peak 55.33M) | Time:00:00.06 | Syncing front cuirass row 5 curved lamell
Fra:1 Mem:55.35M (Peak 55.35M) | Time:00:00.06 | Syncing front cuirass row 5 curved lamell
Fra:1 Mem:55.38M (Peak 55.38M) | Time:00:00.06 | Syncing front cuirass row 5 curved lamell
Fra:1 Mem:55.40M (Peak 55.40M) | Time:00:00.06 | Syncing front cuirass row 5 curved lamell
Fra:1 Mem:55.43M (Peak 55.43M) | Time:00:00.06 | Syncing front cuirass row 5 curved lamell
Fra:1 Mem:55.45M (Peak 55.45M) | Time:00:00.06 | Syncing front cuirass row 5 curved lamell
Fra:1 Mem:55.47M (Peak 55.47M) | Time:00:00.06 | Syncing front cuirass row 5 curved lamell
Fra:1 Mem:55.50M (Peak 55.50M) | Time:00:00.06 | Syncing rear cuirass row 5 curved lamella
Fra:1 Mem:55.52M (Peak 55.52M) | Time:00:00.06 | Syncing rear cuirass row 5 curved lamella
Fra:1 Mem:55.55M (Peak 55.55M) | Time:00:00.06 | Syncing rear cuirass row 5 curved lamella
Fra:1 Mem:55.57M (Peak 55.57M) | Time:00:00.06 | Syncing rear cuirass row 5 curved lamella
Fra:1 Mem:55.59M (Peak 55.59M) | Time:00:00.06 | Syncing rear cuirass row 5 curved lamella
Fra:1 Mem:55.62M (Peak 55.62M) | Time:00:00.06 | Syncing rear cuirass row 5 curved lamella
Fra:1 Mem:55.64M (Peak 55.64M) | Time:00:00.06 | Syncing rear cuirass row 5 curved lamella
Fra:1 Mem:55.67M (Peak 55.67M) | Time:00:00.06 | Syncing rear cuirass row 5 curved lamella
Fra:1 Mem:55.69M (Peak 55.69M) | Time:00:00.06 | Syncing rear cuirass row 5 curved lamella
Fra:1 Mem:55.71M (Peak 55.71M) | Time:00:00.06 | Syncing left side cuirass plate 1
Fra:1 Mem:55.73M (Peak 55.73M) | Time:00:00.06 | Syncing left side cuirass plate 2
Fra:1 Mem:55.74M (Peak 55.74M) | Time:00:00.06 | Syncing left side cuirass plate 3
Fra:1 Mem:55.76M (Peak 55.76M) | Time:00:00.06 | Syncing right side cuirass plate 1
Fra:1 Mem:55.77M (Peak 55.77M) | Time:00:00.06 | Syncing right side cuirass plate 2
Fra:1 Mem:55.79M (Peak 55.79M) | Time:00:00.06 | Syncing right side cuirass plate 3
Fra:1 Mem:55.80M (Peak 55.80M) | Time:00:00.06 | Syncing left shoulder undercloth
Fra:1 Mem:55.86M (Peak 55.86M) | Time:00:00.06 | Syncing left sode shoulder plate 1
Fra:1 Mem:55.87M (Peak 55.87M) | Time:00:00.06 | Syncing left sode shoulder plate 2
Fra:1 Mem:55.88M (Peak 55.88M) | Time:00:00.06 | Syncing left sode shoulder plate 3
Fra:1 Mem:55.90M (Peak 55.90M) | Time:00:00.06 | Syncing left sode shoulder plate 4
Fra:1 Mem:55.91M (Peak 55.91M) | Time:00:00.06 | Syncing left armored upper arm
Fra:1 Mem:55.97M (Peak 55.97M) | Time:00:00.06 | Syncing left sode shoulder armor
Fra:1 Mem:56.01M (Peak 56.01M) | Time:00:00.06 | Syncing left kote forearm guard
Fra:1 Mem:56.06M (Peak 56.06M) | Time:00:00.07 | Syncing left leather palm volume
Fra:1 Mem:56.10M (Peak 56.12M) | Time:00:00.07 | Syncing left articulated index finger
Fra:1 Mem:56.11M (Peak 56.12M) | Time:00:00.07 | Syncing left index fingertip
Fra:1 Mem:56.12M (Peak 56.12M) | Time:00:00.07 | Syncing left articulated middle finger
Fra:1 Mem:56.13M (Peak 56.13M) | Time:00:00.07 | Syncing left middle fingertip
Fra:1 Mem:56.14M (Peak 56.14M) | Time:00:00.07 | Syncing left articulated ring finger
Fra:1 Mem:56.15M (Peak 56.15M) | Time:00:00.07 | Syncing left ring fingertip
Fra:1 Mem:56.17M (Peak 56.17M) | Time:00:00.07 | Syncing left articulated pinky finger
Fra:1 Mem:56.18M (Peak 56.18M) | Time:00:00.07 | Syncing left pinky fingertip
Fra:1 Mem:56.19M (Peak 56.19M) | Time:00:00.07 | Syncing left opposed thumb
Fra:1 Mem:56.20M (Peak 56.20M) | Time:00:00.07 | Syncing left thumb fingertip
Fra:1 Mem:56.21M (Peak 56.21M) | Time:00:00.07 | Syncing right shoulder undercloth
Fra:1 Mem:56.27M (Peak 56.27M) | Time:00:00.07 | Syncing right sode shoulder plate 1
Fra:1 Mem:56.28M (Peak 56.28M) | Time:00:00.07 | Syncing right sode shoulder plate 2
Fra:1 Mem:56.29M (Peak 56.29M) | Time:00:00.07 | Syncing right sode shoulder plate 3
Fra:1 Mem:56.31M (Peak 56.31M) | Time:00:00.07 | Syncing right sode shoulder plate 4
Fra:1 Mem:56.32M (Peak 56.32M) | Time:00:00.07 | Syncing right armored upper arm
Fra:1 Mem:56.38M (Peak 56.38M) | Time:00:00.07 | Syncing right sode shoulder armor
Fra:1 Mem:56.42M (Peak 56.42M) | Time:00:00.07 | Syncing right kote forearm guard
Fra:1 Mem:56.48M (Peak 56.48M) | Time:00:00.07 | Syncing right leather palm volume
Fra:1 Mem:56.51M (Peak 56.51M) | Time:00:00.07 | Syncing right articulated index finger
Fra:1 Mem:56.52M (Peak 56.52M) | Time:00:00.07 | Syncing right index fingertip
Fra:1 Mem:56.53M (Peak 56.53M) | Time:00:00.07 | Syncing right articulated middle finger
Fra:1 Mem:56.54M (Peak 56.54M) | Time:00:00.07 | Syncing right middle fingertip
Fra:1 Mem:56.55M (Peak 56.55M) | Time:00:00.07 | Syncing right articulated ring finger
Fra:1 Mem:56.56M (Peak 56.56M) | Time:00:00.07 | Syncing right ring fingertip
Fra:1 Mem:56.58M (Peak 56.58M) | Time:00:00.07 | Syncing right articulated pinky finger
Fra:1 Mem:56.59M (Peak 56.59M) | Time:00:00.07 | Syncing right pinky fingertip
Fra:1 Mem:56.60M (Peak 56.60M) | Time:00:00.07 | Syncing right opposed thumb
Fra:1 Mem:56.61M (Peak 56.61M) | Time:00:00.07 | Syncing right thumb fingertip
Fra:1 Mem:56.62M (Peak 56.62M) | Time:00:00.07 | Syncing kusazuri skirt plate -1 row 1
Fra:1 Mem:56.64M (Peak 56.64M) | Time:00:00.07 | Syncing rear kusazuri skirt plate -1 row 
Fra:1 Mem:56.65M (Peak 56.65M) | Time:00:00.07 | Syncing kusazuri skirt plate -1 row 2
Fra:1 Mem:56.66M (Peak 56.66M) | Time:00:00.07 | Syncing rear kusazuri skirt plate -1 row 
Fra:1 Mem:56.68M (Peak 56.68M) | Time:00:00.07 | Syncing kusazuri skirt plate -1 row 3
Fra:1 Mem:56.69M (Peak 56.69M) | Time:00:00.07 | Syncing rear kusazuri skirt plate -1 row 
Fra:1 Mem:56.71M (Peak 56.71M) | Time:00:00.07 | Syncing kusazuri skirt plate +0 row 1
Fra:1 Mem:56.72M (Peak 56.72M) | Time:00:00.07 | Syncing rear kusazuri skirt plate +0 row 
Fra:1 Mem:56.73M (Peak 56.73M) | Time:00:00.07 | Syncing kusazuri skirt plate +0 row 2
Fra:1 Mem:56.75M (Peak 56.75M) | Time:00:00.07 | Syncing rear kusazuri skirt plate +0 row 
Fra:1 Mem:56.76M (Peak 56.76M) | Time:00:00.07 | Syncing kusazuri skirt plate +0 row 3
Fra:1 Mem:56.78M (Peak 56.78M) | Time:00:00.07 | Syncing rear kusazuri skirt plate +0 row 
Fra:1 Mem:56.79M (Peak 56.79M) | Time:00:00.07 | Syncing kusazuri skirt plate +1 row 1
Fra:1 Mem:56.80M (Peak 56.80M) | Time:00:00.07 | Syncing rear kusazuri skirt plate +1 row 
Fra:1 Mem:56.82M (Peak 56.82M) | Time:00:00.07 | Syncing kusazuri skirt plate +1 row 2
Fra:1 Mem:56.83M (Peak 56.83M) | Time:00:00.07 | Syncing rear kusazuri skirt plate +1 row 
Fra:1 Mem:56.84M (Peak 56.84M) | Time:00:00.07 | Syncing kusazuri skirt plate +1 row 3
Fra:1 Mem:56.86M (Peak 56.86M) | Time:00:00.07 | Syncing rear kusazuri skirt plate +1 row 
Fra:1 Mem:56.87M (Peak 56.87M) | Time:00:00.07 | Syncing left hakama trouser leg
Fra:1 Mem:56.93M (Peak 56.93M) | Time:00:00.07 | Syncing left shin greave
Fra:1 Mem:56.98M (Peak 56.98M) | Time:00:00.07 | Syncing left split-toe tabi foot volume
Fra:1 Mem:57.03M (Peak 57.03M) | Time:00:00.07 | Syncing left separated big toe
Fra:1 Mem:57.05M (Peak 57.05M) | Time:00:00.07 | Syncing left outer toe group
Fra:1 Mem:57.07M (Peak 57.07M) | Time:00:00.07 | Syncing left woven waraji sole grounded
Fra:1 Mem:57.08M (Peak 57.08M) | Time:00:00.07 | Syncing left sandal toe strap
Fra:1 Mem:57.09M (Peak 57.15M) | Time:00:00.07 | Syncing left heel strap
Fra:1 Mem:57.09M (Peak 57.15M) | Time:00:00.07 | Syncing left hakama pleat 1
Fra:1 Mem:57.10M (Peak 57.15M) | Time:00:00.07 | Syncing left hakama pleat 2
Fra:1 Mem:57.11M (Peak 57.15M) | Time:00:00.07 | Syncing left hakama pleat 3
Fra:1 Mem:57.12M (Peak 57.15M) | Time:00:00.07 | Syncing right hakama trouser leg
Fra:1 Mem:57.20M (Peak 57.20M) | Time:00:00.07 | Syncing right shin greave
Fra:1 Mem:57.26M (Peak 57.26M) | Time:00:00.07 | Syncing right split-toe tabi foot volume
Fra:1 Mem:57.30M (Peak 57.30M) | Time:00:00.07 | Syncing right separated big toe
Fra:1 Mem:57.33M (Peak 57.33M) | Time:00:00.07 | Syncing right outer toe group
Fra:1 Mem:57.35M (Peak 57.35M) | Time:00:00.07 | Syncing right woven waraji sole grounded
Fra:1 Mem:57.35M (Peak 57.35M) | Time:00:00.07 | Syncing right sandal toe strap
Fra:1 Mem:57.36M (Peak 57.36M) | Time:00:00.07 | Syncing right heel strap
Fra:1 Mem:57.37M (Peak 57.37M) | Time:00:00.07 | Syncing right hakama pleat 1
Fra:1 Mem:57.37M (Peak 57.37M) | Time:00:00.07 | Syncing right hakama pleat 2
Fra:1 Mem:57.38M (Peak 57.38M) | Time:00:00.07 | Syncing right hakama pleat 3
Fra:1 Mem:57.38M (Peak 57.38M) | Time:00:00.07 | Syncing drawn katana blade spine
Fra:1 Mem:57.39M (Peak 57.45M) | Time:00:00.07 | Syncing bright sharpened katana edge
Fra:1 Mem:57.40M (Peak 57.45M) | Time:00:00.07 | Syncing wrapped katana grip
Fra:1 Mem:57.41M (Peak 57.45M) | Time:00:00.07 | Syncing square tsuba guard
Fra:1 Mem:57.42M (Peak 57.45M) | Time:00:00.07 | Syncing lacquered saya scabbard at left h
Fra:1 Mem:57.43M (Peak 57.45M) | Time:00:00.07 | Syncing waist sash tying armor
Fra:1 Mem:57.43M (Peak 57.45M) | Time:00:00.07 | Syncing bamboo sashimono back pole
Fra:1 Mem:57.44M (Peak 57.45M) | Time:00:00.07 | Syncing small lacquered sashimono crossba
Fra:1 Mem:57.46M (Peak 57.46M) | Time:00:00.07 | Syncing cloth sashimono banner panel
Fra:1 Mem:57.47M (Peak 57.52M) | Time:00:00.07 | Syncing simple round clan mon on banner
Fra:1 Mem:57.51M (Peak 57.52M) | Time:00:00.07 | Syncing cool key
Fra:1 Mem:57.51M (Peak 57.52M) | Time:00:00.07 | Syncing rim
Fra:1 Mem:57.51M (Peak 57.52M) | Time:00:00.07 | Syncing hero cam
Fra:1 Mem:57.51M (Peak 57.52M) | Time:00:00.07 | Syncing samurai_v2_provenance
Fra:1 Mem:57.54M (Peak 57.64M) | Time:00:00.08 | Rendering 1 / 32 samples
Fra:1 Mem:54.65M (Peak 57.64M) | Time:00:02.60 | Rendering 26 / 32 samples
Fra:1 Mem:54.65M (Peak 57.64M) | Time:00:03.07 | Rendering 32 / 32 samples
Saved: '/tmp/factoryx-v21-render/samurai-repaired-full-20-v21/uesugi-01/turntable_001.png'
 Time: 00:03.19 (Saving: 00:00.04)

ERROR (bke.modifier): ./source/blender/blenkernel/intern/modifier.cc:458 BKE_modifier_set_error: Object: "throat guard row 2 curved lamellar plate 02", Modifier: "weighted normals", Enable 'Auto Smooth' in Object Data Properties
ERROR (bke.modifier): ./source/blender/blenkernel/intern/modifier.cc:458 BKE_modifier_set_error: Object: "throat guard row 2 curved lamellar plate 03", Modifier: "weighted normals", Enable 'Auto Smooth' in Object Data Properties
ERROR (bke.modifier): ./source/blender/blenkernel/intern/modifier.cc:458 BKE_modifier_set_error: Object: "throat guard row 2 curved lamellar plate 04", Modifier: "weighted normals", Enable 'Auto Smooth' in Object Data Properties
ERROR (bke.modifier): ./source/blender/blenkernel/intern/modifier.cc:458 BKE_modifier_set_error: Object: "throat guard row 2 curved lamellar plate 01", Modifier: "weighted normals", Enable 'Auto Smooth' in Object Data Properties
ERROR (bke.modifier): ./source/blender/blenkernel/intern/modifier.cc:458 BKE_modifier_set_error: Object: "throat guard row 1 curved lamellar plate 05", Modifier: "weighted normals", Enable 'Auto Smooth' in Object Data Properties
ERROR (bke.modifier): ./source/blender/blenkernel/intern/modifier.cc:458 BKE_modifier_set_error: Object: "throat guard row 2 curved lamellar plate 05", Modifier: "weighted normals", Enable 'Auto Smooth' in Object Data Properties
ERROR (bke.modifier): ./source/blender/blenkernel/intern/modifier.cc:458 BKE_modifier_set_error: Object: "throat guard row 3 curved lamellar plate 01", Modifier: "weighted normals", Enable 'Auto Smooth' in Object Data Properties
ERROR (bke.modifier): ./source/blender/blenkernel/intern/modifier.cc:458 BKE_modifier_set_error: Object: "throat guard row 3 curved lamellar plate 03", Modifier: "weighted normals", Enable 'Auto Smooth' in Object Data Properties
ERROR (bke.modifier): ./source/blender/blenkernel/intern/modifier.cc:458 BKE_modifier_set_error: Object: "throat guard row 3 curved lamellar plate 02", Modifier: "weighted normals", Enable 'Auto Smooth' in Object Data Properties
ERROR (bke.modifier): ./source/blender/blenkernel/intern/modifier.cc:458 BKE_modifier_set_error: Object: "throat guard row 3 curved lamellar plate 04", Modifier: "weighted normals", Enable 'Auto Smooth' in Object Data Properties
ERROR (bke.modifier): ./source/blender/blenkernel/intern/modifier.cc:458 BKE_modifier_set_error: Object: "throat guard row 1 curved lamellar plate 04", Modifier: "weighted normals", Enable 'Auto Smooth' in Object Data Properties
ERROR (bke.modifier): ./source/blender/blenkernel/intern/modifier.cc:458 BKE_modifier_set_error: Object: "throat guard row 3 curved lamellar plate 05", Modifier: "weighted normals", Enable 'Auto Smooth' in Object Data Properties
ERROR (bke.modifier): ./source/blender/blenkernel/intern/modifier.cc:458 BKE_modifier_set_error: Object: "front cuirass row 1 curved lamellar plate 01", Modifier: "weighted normals", Enable 'Auto Smooth' in Object Data Properties
ERROR (bke.modifier): ./source/blender/blenkernel/intern/modifier.cc:458 BKE_modifier_set_error: Object: "upper do cuirass fitted shell", Modifier: "weighted normals", Enable 'Auto Smooth' in Object Data Properties
ERROR (bke.modifier): ./source/blender/blenkernel/intern/modifier.cc:458 BKE_modifier_set_error: Object: "lower do cuirass narrowed shell", Modifier: "weighted normals", Enable 'Auto Smooth' in Object Data Properties
ERROR (bke.modifier): ./source/blender/blenkernel/intern/modifier.cc:458 BKE_modifier_set_error: Object: "front cuirass row 1 curved lamellar plate 03", Modifier: "weighted normals", Enable 'Auto Smooth' in Object Data Properties
ERROR (bke.modifier): ./source/blender/blenkernel/intern/modifier.cc:458 BKE_modifier_set_error: Object: "front cuirass row 1 curved lamellar plate 02", Modifier: "weighted normals", Enable 'Auto Smooth' in Object Data Properties
ERROR (bke.modifier): ./source/blender/blenkernel/intern/modifier.cc:458 BKE_modifier_set_error: Object: "front cuirass row 1 curved lamellar plate 05", Modifier: "weighted normals", Enable 'Auto Smooth' in Object Data Properties
ERROR (bke.modifier): ./source/blender/blenkernel/intern/modifier.cc:458 BKE_modifier_set_error: Object: "front cuirass row 1 curved lamellar plate 04", Modifier: "weighted normals", Enable 'Auto Smooth' in Object Data Properties
ERROR (bke.modifier): ./source/blender/blenkernel/intern/modifier.cc:458 BKE_modifier_set_error: Object: "throat guard row 1 curved lamellar plate 03", Modifier: "weighted normals", Enable 'Auto Smooth' in Object Data Properties
ERROR (bke.modifier): ./source/blender/blenkernel/intern/modifier.cc:458 BKE_modifier_set_error: Object: "front cuirass row 1 curved lamellar plate 06", Modifier: "weighted normals", Enable 'Auto Smooth' in Object Data Properties
ERROR (bke.modifier): ./source/blender/blenkernel/intern/modifier.cc:458 BKE_modifier_set_error: Object: "front cuirass row 1 curved lamellar plate 07", Modifier: "weighted normals", Enable 'Auto Smooth' in Object Data Properties
ERROR (bke.modifier): ./source/blender/blenkernel/intern/modifier.cc:458 BKE_modifier_set_error: Object: "front cuirass row 1 curved lamellar plate 08", Modifier: "weighted normals", Enable 'Auto Smooth' in Object Data Properties
ERROR (bke.modifier): ./source/blender/blenkernel/intern/modifier.cc:458 BKE_modifier_set_error: Object: "rear cuirass row 1 curved lamellar plate 01", Modifier: "weighted normals", Enable 'Auto Smooth' in Object Data Properties
ERROR (bke.modifier): ./source/blender/blenkernel/intern/modifier.cc:458 BKE_modifier_set_error: Object: "rear cuirass row 1 curved lamellar plate 02", Modifier: "weighted normals", Enable 'Auto Smooth' in Object Data Properties
ERROR (bke.modifier): ./source/blender/blenkernel/intern/modifier.cc:458 BKE_modifier_set_error: Object: "front cuirass row 1 curved lamellar plate 09", Modifier: "weighted normals", Enable 'Auto Smooth' in Object Data Properties
ERROR (bke.modifier): ./source/blender/blenkernel/intern/modifier.cc:458 BKE_modifier_set_error: Object: "rear cuirass row 1 curved lamellar plate 04", Modifier: "weighted normals", Enable 'Auto Smooth' in Object Data Properties
ERROR (bke.modifier): ./source/blender/blenkernel/intern/modifier.cc:458 BKE_modifier_set_error: Object: "rear cuirass row 1 curved lamellar plate 03", Modifier: "weighted normals", Enable 'Auto Smooth' in Object Data Properties
ERROR (bke.modifier): ./source/blender/blenkernel/intern/modifier.cc:458 BKE_modifier_set_error: Object: "rear cuirass row 1 curved lamellar plate 05", Modifier: "weighted normals", Enable 'Auto Smooth' in Object Data Properties
ERROR (bke.modifier): ./source/blender/blenkernel/intern/modifier.cc:458 BKE_modifier_set_error: Object: "throat guard row 1 curved lamellar plate 02", Modifier: "weighted normals", Enable 'Auto Smooth' in Object Data Properties
ERROR (bke.modifier): ./source/blender/blenkernel/intern/modifier.cc:458 BKE_modifier_set_error: Object: "rear cuirass row 1 curved lamellar plate 06", Modifier: "weighted normals", Enable 'Auto Smooth' in Object Data Properties
ERROR (bke.modifier): ./source/blender/blenkernel/intern/modifier.cc:458 BKE_modifier_set_error: Object: "rear cuirass row 1 curved lamellar plate 07", Modifier: "weighted normals", Enable 'Auto Smooth' in Object Data Properties
ERROR (bke.modifier): ./source/blender/blenkernel/intern/modifier.cc:458 BKE_modifier_set_error: Object: "rear cuirass row 1 curved lamellar plate 08", Modifier: "weighted normals", Enable 'Auto Smooth' in Object Data Properties
ERROR (bke.modifier): ./source/blender/blenkernel/intern/modifier.cc:458 BKE_modifier_set_error: Object: "rear cuirass row 1 curved lamellar plate 09", Modifier: "weighted normals", Enable 'Auto Smooth' in Object Data Properties
ERROR (bke.modifier): ./source/blender/blenkernel/intern/modifier.cc:458 BKE_modifier_set_error: Object: "front cuirass row 2 curved lamellar plate 01", Modifier: "weighted normals", Enable 'Auto Smooth' in Object Data Properties
ERROR (bke.modifier): ./source/blender/blenkernel/intern/modifier.cc:458 BKE_modifier_set_error: Object: "front cuirass row 2 curved lamellar plate 04", Modifier: "weighted normals", Enable 'Auto Smooth' in Object Data Properties
ERROR (bke.modifier): ./source/blender/blenkernel/intern/modifier.cc:458 BKE_modifier_set_error: Object: "front cuirass row 2 curved lamellar plate 03", Modifier: "weighted normals", Enable 'Auto Smooth' in Object Data Properties
ERROR (bke.modifier): ./source/blender/blenkernel/intern/modifier.cc:458 BKE_modifier_set_error: Object: "front cuirass row 2 curved lamellar plate 05", Modifier: "weighted normals", Enable 'Auto Smooth' in Object Data Properties
ERROR (bke.modifier): ./source/blender/blenkernel/intern/modifier.cc:458 BKE_modifier_set_error: Object: "front cuirass row 2 curved lamellar plate 02", Modifier: "weighted normals", Enable 'Auto Smooth' in Object Data Properties
ERROR (bke.modifier): ./source/blender/blenkernel/intern/modifier.cc:458 BKE_modifier_set_error: Object: "front cuirass row 2 curved lamellar plate 08", Modifier: "weighted normals", Enable 'Auto Smooth' in Object Data Properties
ERROR (bke.modifier): ./source/blender/blenkernel/intern/modifier.cc:458 BKE_modifier_set_error: Object: "front cuirass row 2 curved lamellar plate 07", Modifier: "weighted normals", Enable 'Auto Smooth' in Object Data Properties
ERROR (bke.modifier): ./source/blender/blenkernel/intern/modifier.cc:458 BKE_modifier_set_error: Object: "front cuirass row 2 curved lamellar plate 06", Modifier: "weighted normals", Enable 'Auto Smooth' in Object Data Properties
ERROR (bke.modifier): ./source/blender/blenkernel/intern/modifier.cc:458 BKE_modifier_set_error: Object: "throat guard row 1 curved lamellar plate 01", Modifier: "weighted normals", Enable 'Auto Smooth' in Object Data Properties
ERROR (bke.modifier): ./source/blender/blenkernel/intern/modifier.cc:458 BKE_modifier_set_error: Object: "rear cuirass row 2 curved lamellar plate 01", Modifier: "weighted normals", Enable 'Auto Smooth' in Object Data Properties
ERROR (bke.modifier): ./source/blender/blenkernel/intern/modifier.cc:458 BKE_modifier_set_error: Object: "front cuirass row 2 curved lamellar plate 09", Modifier: "weighted normals", Enable 'Auto Smooth' in Object Data Properties
ERROR (bke.modifier): ./source/blender/blenkernel/intern/modifier.cc:458 BKE_modifier_set_error: Object: "rear cuirass row 2 curved lamellar plate 03", Modifier: "weighted normals", Enable 'Auto Smooth' in Object Data Properties
ERROR (bke.modifier): ./source/blender/blenkernel/intern/modifier.cc:458 BKE_modifier_set_error: Object: "rear cuirass row 2 curved lamellar plate 02", Modifier: "weighted normals", Enable 'Auto Smooth' in Object Data Properties
ERROR (bke.modifier): ./source/blender/blenkernel/intern/modifier.cc:458 BKE_modifier_set_error: Object: "rear cuirass row 2 curved lamellar plate 04", Modifier: "weighted normals", Enable 'Auto Smooth' in Object Data Properties
ERROR (bke.modifier): ./source/blender/blenkernel/intern/modifier.cc:458 BKE_modifier_set_error: Object: "rear cuirass row 2 curved lamellar plate 05", Modifier: "weighted normals", Enable 'Auto Smooth' in Object Data Properties
ERROR (bke.modifier): ./source/blender/blenkernel/intern/modifier.cc:458 BKE_modifier_set_error: Object: "rear cuirass row 2 curved lamellar plate 06", Modifier: "weighted normals", Enable 'Auto Smooth' in Object Data Properties
ERROR (bke.modifier): ./source/blender/blenkernel/intern/modifier.cc:458 BKE_modifier_set_error: Object: "rear cuirass row 2 curved lamellar plate 07", Modifier: "weighted normals", Enable 'Auto Smooth' in Object Data Properties
ERROR (bke.modifier): ./source/blender/blenkernel/intern/modifier.cc:458 BKE_modifier_set_error: Object: "rear cuirass row 2 curved lamellar plate 08", Modifier: "weighted normals", Enable 'Auto Smooth' in Object Data Properties
ERROR (bke.modifier): ./source/blender/blenkernel/intern/modifier.cc:458 BKE_modifier_set_error: Object: "front cuirass row 3 curved lamellar plate 01", Modifier: "weighted normals", Enable 'Auto Smooth' in Object Data Properties
ERROR (bke.modifier): ./source/blender/blenkernel/intern/modifier.cc:458 BKE_modifier_set_error: Object: "rear cuirass row 2 curved lamellar plate 09", Modifier: "weighted normals", Enable 'Auto Smooth' in Object Data Properties
ERROR (bke.modifier): ./source/blender/blenkernel/intern/modifier.cc:458 BKE_modifier_set_error: Object: "front cuirass row 3 curved lamellar plate 02", Modifier: "weighted normals", Enable 'Auto Smooth' in Object Data Properties
ERROR (bke.modifier): ./source/blender/blenkernel/intern/modifier.cc:458 BKE_modifier_set_error: Object: "front cuirass row 3 curved lamellar plate 03", Modifier: "weighted normals", Enable 'Auto Smooth' in Object Data Properties
ERROR (bke.modifier): ./source/blender/blenkernel/intern/modifier.cc:458 BKE_modifier_set_error: Object: "front cuirass row 3 curved lamellar plate 06", Modifier: "weighted normals", Enable 'Auto Smooth' in Object Data Properties
ERROR (bke.modifier): ./source/blender/blenkernel/intern/modifier.cc:458 BKE_modifier_set_error: Object: "front cuirass row 3 curved lamellar plate 05", Modifier: "weighted normals", Enable 'Auto Smooth' in Object Data Properties
ERROR (bke.modifier): ./source/blender/blenkernel/intern/modifier.cc:458 BKE_modifier_set_error: Object: "front cuirass row 3 curved lamellar plate 04", Modifier: "weighted normals", Enable 'Auto Smooth' in Object Data Properties
ERROR (bke.modifier): ./source/blender/blenkernel/intern/modifier.cc:458 BKE_modifier_set_error: Object: "front cuirass row 3 curved lamellar plate 08", Modifier: "weighted normals", Enable 'Auto Smooth' in Object Data Properties
ERROR (bke.modifier): ./source/blender/blenkernel/intern/modifier.cc:458 BKE_modifier_set_error: Object: "rear cuirass row 3 curved lamellar plate 01", Modifier: "weighted normals", Enable 'Auto Smooth' in Object Data Properties
ERROR (bke.modifier): ./source/blender/blenkernel/intern/modifier.cc:458 BKE_modifier_set_error: Object: "rear cuirass row 3 curved lamellar plate 02", Modifier: "weighted normals", Enable 'Auto Smooth' in Object Data Properties
ERROR (bke.modifier): ./source/blender/blenkernel/intern/modifier.cc:458 BKE_modifier_set_error: Object: "front cuirass row 3 curved lamellar plate 07", Modifier: "weighted normals", Enable 'Auto Smooth' in Object Data Properties
ERROR (bke.modifier): ./source/blender/blenkernel/intern/modifier.cc:458 BKE_modifier_set_error: Object: "front cuirass row 3 curved lamellar plate 09", Modifier: "weighted normals", Enable 'Auto Smooth' in Object Data Properties
ERROR (bke.modifier): ./source/blender/blenkernel/intern/modifier.cc:458 BKE_modifier_set_error: Object: "rear cuirass row 3 curved lamellar plate 03", Modifier: "weighted normals", Enable 'Auto Smooth' in Object Data Properties
ERROR (bke.modifier): ./source/blender/blenkernel/intern/modifier.cc:458 BKE_modifier_set_error: Object: "rear cuirass row 3 curved lamellar plate 04", Modifier: "weighted normals", Enable 'Auto Smooth' in Object Data Properties
ERROR (bke.modifier): ./source/blender/blenkernel/intern/modifier.cc:458 BKE_modifier_set_error: Object: "rear cuirass row 3 curved lamellar plate 05", Modifier: "weighted normals", Enable 'Auto Smooth' in Object Data Properties
ERROR (bke.modifier): ./source/blender/blenkernel/intern/modifier.cc:458 BKE_modifier_set_error: Object: "rear cuirass row 3 curved lamellar plate 06", Modifier: "weighted normals", Enable 'Auto Smooth' in Object Data Properties
ERROR (bke.modifier): ./source/blender/blenkernel/intern/modifier.cc:458 BKE_modifier_set_error: Object: "rear cuirass row 3 curved lamellar plate 07", Modifier: "weighted normals", Enable 'Auto Smooth' in Object Data Properties
ERROR (bke.modifier): ./source/blender/blenkernel/intern/modifier.cc:458 BKE_modifier_set_error: Object: "rear cuirass row 3 curved lamellar plate 08", Modifier: "weighted normals", Enable 'Auto Smooth' in Object Data Properties
ERROR (bke.modifier): ./source/blender/blenkernel/intern/modifier.cc:458 BKE_modifier_set_error: Object: "rear cuirass row 3 curved lamellar plate 09", Modifier: "weighted normals", Enable 'Auto Smooth' in Object Data Properties
ERROR (bke.modifier): ./source/blender/blenkernel/intern/modifier.cc:458 BKE_modifier_set_error: Object: "front cuirass row 4 curved lamellar plate 01", Modifier: "weighted normals", Enable 'Auto Smooth' in Object Data Properties
ERROR (bke.modifier): ./source/blender/blenkernel/intern/modifier.cc:458 BKE_modifier_set_error: Object: "front cuirass row 4 curved lamellar plate 02", Modifier: "weighted normals", Enable 'Auto Smooth' in Object Data Properties
ERROR (bke.modifier): ./source/blender/blenkernel/intern/modifier.cc:458 BKE_modifier_set_error: Object: "front cuirass row 4 curved lamellar plate 03", Modifier: "weighted normals", Enable 'Auto Smooth' in Object Data Properties
ERROR (bke.modifier): ./source/blender/blenkernel/intern/modifier.cc:458 BKE_modifier_set_error: Object: "front cuirass row 4 curved lamellar plate 04", Modifier: "weighted normals", Enable 'Auto Smooth' in Object Data Properties
ERROR (bke.modifier): ./source/blender/blenkernel/intern/modifier.cc:458 BKE_modifier_set_error: Object: "front cuirass row 4 curved lamellar plate 05", Modifier: "weighted normals", Enable 'Auto Smooth' in Object Data Properties
ERROR (bke.modifier): ./source/blender/blenkernel/intern/modifier.cc:458 BKE_modifier_set_error: Object: "front cuirass row 4 curved lamellar plate 06", Modifier: "weighted normals", Enable 'Auto Smooth' in Object Data Properties
ERROR (bke.modifier): ./source/blender/blenkernel/intern/modifier.cc:458 BKE_modifier_set_error: Object: "front cuirass row 4 curved lamellar plate 07", Modifier: "weighted normals", Enable 'Auto Smooth' in Object Data Properties
ERROR (bke.modifier): ./source/blender/blenkernel/intern/modifier.cc:458 BKE_modifier_set_error: Object: "front cuirass row 4 curved lamellar plate 08", Modifier: "weighted normals", Enable 'Auto Smooth' in Object Data Properties
ERROR (bke.modifier): ./source/blender/blenkernel/intern/modifier.cc:458 BKE_modifier_set_error: Object: "rear cuirass row 4 curved lamellar plate 01", Modifier: "weighted normals", Enable 'Auto Smooth' in Object Data Properties
ERROR (bke.modifier): ./source/blender/blenkernel/intern/modifier.cc:458 BKE_modifier_set_error: Object: "front cuirass row 4 curved lamellar plate 09", Modifier: "weighted normals", Enable 'Auto Smooth' in Object Data Properties
ERROR (bke.modifier): ./source/blender/blenkernel/intern/modifier.cc:458 BKE_modifier_set_error: Object: "rear cuirass row 4 curved lamellar plate 02", Modifier: "weighted normals", Enable 'Auto Smooth' in Object Data Properties
ERROR (bke.modifier): ./source/blender/blenkernel/intern/modifier.cc:458 BKE_modifier_set_error: Object: "rear cuirass row 4 curved lamellar plate 03", Modifier: "weighted normals", Enable 'Auto Smooth' in Object Data Properties
ERROR (bke.modifier): ./source/blender/blenkernel/intern/modifier.cc:458 BKE_modifier_set_error: Object: "rear cuirass row 4 curved lamellar plate 04", Modifier: "weighted normals", Enable 'Auto Smooth' in Object Data Properties
ERROR (bke.modifier): ./source/blender/blenkernel/intern/modifier.cc:458 BKE_modifier_set_error: Object: "front cuirass row 5 curved lamellar plate 01", Modifier: "weighted normals", Enable 'Auto Smooth' in Object Data Properties
ERROR (bke.modifier): ./source/blender/blenkernel/intern/modifier.cc:458 BKE_modifier_set_error: Object: "rear cuirass row 4 curved lamellar plate 06", Modifier: "weighted normals", Enable 'Auto Smooth' in Object Data Properties
ERROR (bke.modifier): ./source/blender/blenkernel/intern/modifier.cc:458 BKE_modifier_set_error: Object: "front cuirass row 5 curved lamellar plate 02", Modifier: "weighted normals", Enable 'Auto Smooth' in Object Data Properties
ERROR (bke.modifier): ./source/blender/blenkernel/intern/modifier.cc:458 BKE_modifier_set_error: Object: "front cuirass row 5 curved lamellar plate 03", Modifier: "weighted normals", Enable 'Auto Smooth' in Object Data Properties
ERROR (bke.modifier): ./source/blender/blenkernel/intern/modifier.cc:458 BKE_modifier_set_error: Object: "rear cuirass row 4 curved lamellar plate 07", Modifier: "weighted normals", Enable 'Auto Smooth' in Object Data Properties
ERROR (bke.modifier): ./source/blender/blenkernel/intern/modifier.cc:458 BKE_modifier_set_error: Object: "front cuirass row 5 curved lamellar plate 04", Modifier: "weighted normals", Enable 'Auto Smooth' in Object Data Properties
ERROR (bke.modifier): ./source/blender/blenkernel/intern/modifier.cc:458 BKE_modifier_set_error: Object: "front cuirass row 5 curved lamellar plate 05", Modifier: "weighted normals", Enable 'Auto Smooth' in Object Data Properties
ERROR (bke.modifier): ./source/blender/blenkernel/intern/modifier.cc:458 BKE_modifier_set_error: Object: "rear cuirass row 4 curved lamellar plate 05", Modifier: "weighted normals", Enable 'Auto Smooth' in Object Data Properties
ERROR (bke.modifier): ./source/blender/blenkernel/intern/modifier.cc:458 BKE_modifier_set_error: Object: "front cuirass row 5 curved lamellar plate 06", Modifier: "weighted normals", Enable 'Auto Smooth' in Object Data Properties
ERROR (bke.modifier): ./source/blender/blenkernel/intern/modifier.cc:458 BKE_modifier_set_error: Object: "rear cuirass row 4 curved lamellar plate 08", Modifier: "weighted normals", Enable 'Auto Smooth' in Object Data Properties
ERROR (bke.modifier): ./source/blender/blenkernel/intern/modifier.cc:458 BKE_modifier_set_error: Object: "rear cuirass row 4 curved lamellar plate 09", Modifier: "weighted normals", Enable 'Auto Smooth' in Object Data Properties
ERROR (bke.modifier): ./source/blender/blenkernel/intern/modifier.cc:458 BKE_modifier_set_error: Object: "front cuirass row 5 curved lamellar plate 07", Modifier: "weighted normals", Enable 'Auto Smooth' in Object Data Properties
ERROR (bke.modifier): ./source/blender/blenkernel/intern/modifier.cc:458 BKE_modifier_set_error: Object: "front cuirass row 5 curved lamellar plate 08", Modifier: "weighted normals", Enable 'Auto Smooth' in Object Data Properties
ERROR (bke.modifier): ./source/blender/blenkernel/intern/modifier.cc:458 BKE_modifier_set_error: Object: "front cuirass row 5 curved lamellar plate 09", Modifier: "weighted normals", Enable 'Auto Smooth' in Object Data Properties
ERROR (bke.modifier): ./source/blender/blenkernel/intern/modifier.cc:458 BKE_modifier_set_error: Object: "rear cuirass row 5 curved lamellar plate 02", Modifier: "weighted normals", Enable 'Auto Smooth' in Object Data Properties
ERROR (bke.modifier): ./source/blender/blenkernel/intern/modifier.cc:458 BKE_modifier_set_error: Object: "rear cuirass row 5 curved lamellar plate 01", Modifier: "weighted normals", Enable 'Auto Smooth' in Object Data Properties
ERROR (bke.modifier): ./source/blender/blenkernel/intern/modifier.cc:458 BKE_modifier_set_error: Object: "rear cuirass row 5 curved lamellar plate 03", Modifier: "weighted normals", Enable 'Auto Smooth' in Object Data Properties
ERROR (bke.modifier): ./source/blender/blenkernel/intern/modifier.cc:458 BKE_modifier_set_error: Object: "rear cuirass row 5 curved lamellar plate 04", Modifier: "weighted normals", Enable 'Auto Smooth' in Object Data Properties
ERROR (bke.modifier): ./source/blender/blenkernel/intern/modifier.cc:458 BKE_modifier_set_error: Object: "rear cuirass row 5 curved lamellar plate 06", Modifier: "weighted normals", Enable 'Auto Smooth' in Object Data Properties
ERROR (bke.modifier): ./source/blender/blenkernel/intern/modifier.cc:458 BKE_modifier_set_error: Object: "rear cuirass row 5 curved lamellar plate 05", Modifier: "weighted normals", Enable 'Auto Smooth' in Object Data Properties
ERROR (bke.modifier): ./source/blender/blenkernel/intern/modifier.cc:458 BKE_modifier_set_error: Object: "rear cuirass row 5 curved lamellar plate 07", Modifier: "weighted normals", Enable 'Auto Smooth' in Object Data Properties
ERROR (bke.modifier): ./source/blender/blenkernel/intern/modifier.cc:458 BKE_modifier_set_error: Object: "rear cuirass row 5 curved lamellar plate 09", Modifier: "weighted normals", Enable 'Auto Smooth' in Object Data Properties
ERROR (bke.modifier): ./source/blender/blenkernel/intern/modifier.cc:458 BKE_modifier_set_error: Object: "rear cuirass row 5 curved lamellar plate 08", Modifier: "weighted normals", Enable 'Auto Smooth' in Object Data Properties
ERROR (bke.modifier): ./source/blender/blenkernel/intern/modifier.cc:458 BKE_modifier_set_error: Object: "left shoulder undercloth", Modifier: "weighted normals", Enable 'Auto Smooth' in Object Data Properties
ERROR (bke.modifier): ./source/blender/blenkernel/intern/modifier.cc:458 BKE_modifier_set_error: Object: "left sode shoulder armor", Modifier: "weighted normals", Enable 'Auto Smooth' in Object Data Properties
ERROR (bke.modifier): ./source/blender/blenkernel/intern/modifier.cc:458 BKE_modifier_set_error: Object: "left armored upper arm", Modifier: "weighted normals", Enable 'Auto Smooth' in Object Data Properties
ERROR (bke.modifier): ./source/blender/blenkernel/intern/modifier.cc:458 BKE_modifier_set_error: Object: "left leather palm volume", Modifier: "weighted normals", Enable 'Auto Smooth' in Object Data Properties
ERROR (bke.modifier): ./source/blender/blenkernel/intern/modifier.cc:458 BKE_modifier_set_error: Object: "left kote forearm guard", Modifier: "weighted normals", Enable 'Auto Smooth' in Object Data Properties
ERROR (bke.modifier): ./source/blender/blenkernel/intern/modifier.cc:458 BKE_modifier_set_error: Object: "mempo grim mouth slit", Modifier: "weighted normals", Enable 'Auto Smooth' in Object Data Properties
ERROR (bke.modifier): ./source/blender/blenkernel/intern/modifier.cc:458 BKE_modifier_set_error: Object: "left index fingertip", Modifier: "weighted normals", Enable 'Auto Smooth' in Object Data Properties
ERROR (bke.modifier): ./source/blender/blenkernel/intern/modifier.cc:458 BKE_modifier_set_error: Object: "left middle fingertip", Modifier: "weighted normals", Enable 'Auto Smooth' in Object Data Properties
ERROR (bke.modifier): ./source/blender/blenkernel/intern/modifier.cc:458 BKE_modifier_set_error: Object: "left ring fingertip", Modifier: "weighted normals", Enable 'Auto Smooth' in Object Data Properties
ERROR (bke.modifier): ./source/blender/blenkernel/intern/modifier.cc:458 BKE_modifier_set_error: Object: "left pinky fingertip", Modifier: "weighted normals", Enable 'Auto Smooth' in Object Data Properties
ERROR (bke.modifier): ./source/blender/blenkernel/intern/modifier.cc:458 BKE_modifier_set_error: Object: "left thumb fingertip", Modifier: "weighted normals", Enable 'Auto Smooth' in Object Data Properties
ERROR (bke.modifier): ./source/blender/blenkernel/intern/modifier.cc:458 BKE_modifier_set_error: Object: "right shoulder undercloth", Modifier: "weighted normals", Enable 'Auto Smooth' in Object Data Properties
ERROR (bke.modifier): ./source/blender/blenkernel/intern/modifier.cc:458 BKE_modifier_set_error: Object: "right side cuirass plate 3", Modifier: "weighted normals", Enable 'Auto Smooth' in Object Data Properties
ERROR (bke.modifier): ./source/blender/blenkernel/intern/modifier.cc:458 BKE_modifier_set_error: Object: "right side cuirass plate 2", Modifier: "weighted normals", Enable 'Auto Smooth' in Object Data Properties
ERROR (bke.modifier): ./source/blender/blenkernel/intern/modifier.cc:458 BKE_modifier_set_error: Object: "left sode shoulder plate 4", Modifier: "weighted normals", Enable 'Auto Smooth' in Object Data Properties
ERROR (bke.modifier): ./source/blender/blenkernel/intern/modifier.cc:458 BKE_modifier_set_error: Object: "right side cuirass plate 1", Modifier: "weighted normals", Enable 'Auto Smooth' in Object Data Properties
ERROR (bke.modifier): ./source/blender/blenkernel/intern/modifier.cc:458 BKE_modifier_set_error: Object: "left sode shoulder plate 2", Modifier: "weighted normals", Enable 'Auto Smooth' in Object Data Properties
ERROR (bke.modifier): ./source/blender/blenkernel/intern/modifier.cc:458 BKE_modifier_set_error: Object: "right armored upper arm", Modifier: "weighted normals", Enable 'Auto Smooth' in Object Data Properties
ERROR (bke.modifier): ./source/blender/blenkernel/intern/modifier.cc:458 BKE_modifier_set_error: Object: "right sode shoulder armor", Modifier: "weighted normals", Enable 'Auto Smooth' in Object Data Properties
ERROR (bke.modifier): ./source/blender/blenkernel/intern/modifier.cc:458 BKE_modifier_set_error: Object: "right leather palm volume", Modifier: "weighted normals", Enable 'Auto Smooth' in Object Data Properties
ERROR (bke.modifier): ./source/blender/blenkernel/intern/modifier.cc:458 BKE_modifier_set_error: Object: "right eye slit", Modifier: "weighted normals", Enable 'Auto Smooth' in Object Data Properties
ERROR (bke.modifier): ./source/blender/blenkernel/intern/modifier.cc:458 BKE_modifier_set_error: Object: "right kote forearm guard", Modifier: "weighted normals", Enable 'Auto Smooth' in Object Data Properties
ERROR (bke.modifier): ./source/blender/blenkernel/intern/modifier.cc:458 BKE_modifier_set_error: Object: "right index fingertip", Modifier: "weighted normals", Enable 'Auto Smooth' in Object Data Properties
ERROR (bke.modifier): ./source/blender/blenkernel/intern/modifier.cc:458 BKE_modifier_set_error: Object: "left sode shoulder plate 3", Modifier: "weighted normals", Enable 'Auto Smooth' in Object Data Properties
ERROR (bke.modifier): ./source/blender/blenkernel/intern/modifier.cc:458 BKE_modifier_set_error: Object: "left side cuirass plate 2", Modifier: "weighted normals", Enable 'Auto Smooth' in Object Data Properties
ERROR (bke.modifier): ./source/blender/blenkernel/intern/modifier.cc:458 BKE_modifier_set_error: Object: "right middle fingertip", Modifier: "weighted normals", Enable 'Auto Smooth' in Object Data Properties
ERROR (bke.modifier): ./source/blender/blenkernel/intern/modifier.cc:458 BKE_modifier_set_error: Object: "right ring fingertip", Modifier: "weighted normals", Enable 'Auto Smooth' in Object Data Properties
ERROR (bke.modifier): ./source/blender/blenkernel/intern/modifier.cc:458 BKE_modifier_set_error: Object: "left side cuirass plate 1", Modifier: "weighted normals", Enable 'Auto Smooth' in Object Data Properties
ERROR (bke.modifier): ./source/blender/blenkernel/intern/modifier.cc:458 BKE_modifier_set_error: Object: "right pinky fingertip", Modifier: "weighted normals", Enable 'Auto Smooth' in Object Data Properties
ERROR (bke.modifier): ./source/blender/blenkernel/intern/modifier.cc:458 BKE_modifier_set_error: Object: "right thumb fingertip", Modifier: "weighted normals", Enable 'Auto Smooth' in Object Data Properties
ERROR (bke.modifier): ./source/blender/blenkernel/intern/modifier.cc:458 BKE_modifier_set_error: Object: "left sode shoulder plate 1", Modifier: "weighted normals", Enable 'Auto Smooth' in Object Data Properties
ERROR (bke.modifier): ./source/blender/blenkernel/intern/modifier.cc:458 BKE_modifier_set_error: Object: "left side cuirass plate 3", Modifier: "weighted normals", Enable 'Auto Smooth' in Object Data Properties
ERROR (bke.modifier): ./source/blender/blenkernel/intern/modifier.cc:458 BKE_modifier_set_error: Object: "right sode shoulder plate 2", Modifier: "weighted normals", Enable 'Auto Smooth' in Object Data Properties
ERROR (bke.modifier): ./source/blender/blenkernel/intern/modifier.cc:458 BKE_modifier_set_error: Object: "right sode shoulder plate 3", Modifier: "weighted normals", Enable 'Auto Smooth' in Object Data Properties
ERROR (bke.modifier): ./source/blender/blenkernel/intern/modifier.cc:458 BKE_modifier_set_error: Object: "right sode shoulder plate 1", Modifier: "weighted normals", Enable 'Auto Smooth' in Object Data Properties
ERROR (bke.modifier): ./source/blender/blenkernel/intern/modifier.cc:458 BKE_modifier_set_error: Object: "right sode shoulder plate 4", Modifier: "weighted normals", Enable 'Auto Smooth' in Object Data Properties
ERROR (bke.modifier): ./source/blender/blenkernel/intern/modifier.cc:458 BKE_modifier_set_error: Object: "left eye slit", Modifier: "weighted normals", Enable 'Auto Smooth' in Object Data Properties
ERROR (bke.modifier): ./source/blender/blenkernel/intern/modifier.cc:458 BKE_modifier_set_error: Object: "rear kusazuri skirt plate -1 row 1", Modifier: "weighted normals", Enable 'Auto Smooth' in Object Data Properties
ERROR (bke.modifier): ./source/blender/blenkernel/intern/modifier.cc:458 BKE_modifier_set_error: Object: "rear kusazuri skirt plate -1 row 3", Modifier: "weighted normals", Enable 'Auto Smooth' in Object Data Properties
ERROR (bke.modifier): ./source/blender/blenkernel/intern/modifier.cc:458 BKE_modifier_set_error: Object: "rear kusazuri skirt plate +0 row 2", Modifier: "weighted normals", Enable 'Auto Smooth' in Object Data Properties
ERROR (bke.modifier): ./source/blender/blenkernel/intern/modifier.cc:458 BKE_modifier_set_error: Object: "rear kusazuri skirt plate -1 row 2", Modifier: "weighted normals", Enable 'Auto Smooth' in Object Data Properties
ERROR (bke.modifier): ./source/blender/blenkernel/intern/modifier.cc:458 BKE_modifier_set_error: Object: "kusazuri skirt plate -1 row 3", Modifier: "weighted normals", Enable 'Auto Smooth' in Object Data Properties
ERROR (bke.modifier): ./source/blender/blenkernel/intern/modifier.cc:458 BKE_modifier_set_error: Object: "kusazuri skirt plate -1 row 1", Modifier: "weighted normals", Enable 'Auto Smooth' in Object Data Properties
ERROR (bke.modifier): ./source/blender/blenkernel/intern/modifier.cc:458 BKE_modifier_set_error: Object: "left hakama trouser leg", Modifier: "weighted normals", Enable 'Auto Smooth' in Object Data Properties
ERROR (bke.modifier): ./source/blender/blenkernel/intern/modifier.cc:458 BKE_modifier_set_error: Object: "rear kusazuri skirt plate +0 row 1", Modifier: "weighted normals", Enable 'Auto Smooth' in Object Data Properties
ERROR (bke.modifier): ./source/blender/blenkernel/intern/modifier.cc:458 BKE_modifier_set_error: Object: "left shin greave", Modifier: "weighted normals", Enable 'Auto Smooth' in Object Data Properties
ERROR (bke.modifier): ./source/blender/blenkernel/intern/modifier.cc:458 BKE_modifier_set_error: Object: "kusazuri skirt plate +0 row 2", Modifier: "weighted normals", Enable 'Auto Smooth' in Object Data Properties
ERROR (bke.modifier): ./source/blender/blenkernel/intern/modifier.cc:458 BKE_modifier_set_error: Object: "kusazuri skirt plate -1 row 2", Modifier: "weighted normals", Enable 'Auto Smooth' in Object Data Properties
ERROR (bke.modifier): ./source/blender/blenkernel/intern/modifier.cc:458 BKE_modifier_set_error: Object: "rear kusazuri skirt plate +1 row 2", Modifier: "weighted normals", Enable 'Auto Smooth' in Object Data Properties
ERROR (bke.modifier): ./source/blender/blenkernel/intern/modifier.cc:458 BKE_modifier_set_error: Object: "kusazuri skirt plate +0 row 1", Modifier: "weighted normals", Enable 'Auto Smooth' in Object Data Properties
ERROR (bke.modifier): ./source/blender/blenkernel/intern/modifier.cc:458 BKE_modifier_set_error: Object: "left split-toe tabi foot volume", Modifier: "weighted normals", Enable 'Auto Smooth' in Object Data Properties
ERROR (bke.modifier): ./source/blender/blenkernel/intern/modifier.cc:458 BKE_modifier_set_error: Object: "left separated big toe", Modifier: "weighted normals", Enable 'Auto Smooth' in Object Data Properties
ERROR (bke.modifier): ./source/blender/blenkernel/intern/modifier.cc:458 BKE_modifier_set_error: Object: "left outer toe group", Modifier: "weighted normals", Enable 'Auto Smooth' in Object Data Properties
ERROR (bke.modifier): ./source/blender/blenkernel/intern/modifier.cc:458 BKE_modifier_set_error: Object: "rear kusazuri skirt plate +1 row 1", Modifier: "weighted normals", Enable 'Auto Smooth' in Object Data Properties
ERROR (bke.modifier): ./source/blender/blenkernel/intern/modifier.cc:458 BKE_modifier_set_error: Object: "kusazuri skirt plate +0 row 3", Modifier: "weighted normals", Enable 'Auto Smooth' in Object Data Properties
ERROR (bke.modifier): ./source/blender/blenkernel/intern/modifier.cc:458 BKE_modifier_set_error: Object: "kusazuri skirt plate +1 row 3", Modifier: "weighted normals", Enable 'Auto Smooth' in Object Data Properties
ERROR (bke.modifier): ./source/blender/blenkernel/intern/modifier.cc:458 BKE_modifier_set_error: Object: "right hakama trouser leg", Modifier: "weighted normals", Enable 'Auto Smooth' in Object Data Properties
ERROR (bke.modifier): ./source/blender/blenkernel/intern/modifier.cc:458 BKE_modifier_set_error: Object: "mempo nose ridge", Modifier: "weighted normals", Enable 'Auto Smooth' in Object Data Properties
ERROR (bke.modifier): ./source/blender/blenkernel/intern/modifier.cc:458 BKE_modifier_set_error: Object: "right split-toe tabi foot volume", Modifier: "weighted normals", Enable 'Auto Smooth' in Object Data Properties
ERROR (bke.modifier): ./source/blender/blenkernel/intern/modifier.cc:458 BKE_modifier_set_error: Object: "right shin greave", Modifier: "weighted normals", Enable 'Auto Smooth' in Object Data Properties
ERROR (bke.modifier): ./source/blender/blenkernel/intern/modifier.cc:458 BKE_modifier_set_error: Object: "right separated big toe", Modifier: "weighted normals", Enable 'Auto Smooth' in Object Data Properties
ERROR (bke.modifier): ./source/blender/blenkernel/intern/modifier.cc:458 BKE_modifier_set_error: Object: "kusazuri skirt plate +1 row 1", Modifier: "weighted normals", Enable 'Auto Smooth' in Object Data Properties
ERROR (bke.modifier): ./source/blender/blenkernel/intern/modifier.cc:458 BKE_modifier_set_error: Object: "dark iron mempo cheek mask", Modifier: "weighted normals", Enable 'Auto Smooth' in Object Data Properties
ERROR (bke.modifier): ./source/blender/blenkernel/intern/modifier.cc:458 BKE_modifier_set_error: Object: "right outer toe group", Modifier: "weighted normals", Enable 'Auto Smooth' in Object Data Properties
ERROR (bke.modifier): ./source/blender/blenkernel/intern/modifier.cc:458 BKE_modifier_set_error: Object: "rear kusazuri skirt plate +0 row 3", Modifier: "weighted normals", Enable 'Auto Smooth' in Object Data Properties
ERROR (bke.modifier): ./source/blender/blenkernel/intern/modifier.cc:458 BKE_modifier_set_error: Object: "rear kusazuri skirt plate +1 row 3", Modifier: "weighted normals", Enable 'Auto Smooth' in Object Data Properties
ERROR (bke.modifier): ./source/blender/blenkernel/intern/modifier.cc:458 BKE_modifier_set_error: Object: "wrapped katana grip", Modifier: "weighted normals", Enable 'Auto Smooth' in Object Data Properties
ERROR (bke.modifier): ./source/blender/blenkernel/intern/modifier.cc:458 BKE_modifier_set_error: Object: "crest central rivet", Modifier: "weighted normals", Enable 'Auto Smooth' in Object Data Properties
ERROR (bke.modifier): ./source/blender/blenkernel/intern/modifier.cc:458 BKE_modifier_set_error: Object: "thin exposed neck", Modifier: "weighted normals", Enable 'Auto Smooth' in Object Data Properties
ERROR (bke.modifier): ./source/blender/blenkernel/intern/modifier.cc:458 BKE_modifier_set_error: Object: "simple round clan mon on banner", Modifier: "weighted normals", Enable 'Auto Smooth' in Object Data Properties
ERROR (bke.modifier): ./source/blender/blenkernel/intern/modifier.cc:458 BKE_modifier_set_error: Object: "narrow waist under-kimono volume", Modifier: "weighted normals", Enable 'Auto Smooth' in Object Data Properties
ERROR (bke.modifier): ./source/blender/blenkernel/intern/modifier.cc:458 BKE_modifier_set_error: Object: "ribcage under-kimono volume", Modifier: "weighted normals", Enable 'Auto Smooth' in Object Data Properties
ERROR (bke.modifier): ./source/blender/blenkernel/intern/modifier.cc:458 BKE_modifier_set_error: Object: "visible human head behind mempo", Modifier: "weighted normals", Enable 'Auto Smooth' in Object Data Properties
ERROR (bke.modifier): ./source/blender/blenkernel/intern/modifier.cc:458 BKE_modifier_set_error: Object: "segmented kabuto helmet bowl", Modifier: "weighted normals", Enable 'Auto Smooth' in Object Data Properties
ERROR (bke.modifier): ./source/blender/blenkernel/intern/modifier.cc:458 BKE_modifier_set_error: Object: "kusazuri skirt plate +1 row 2", Modifier: "weighted normals", Enable 'Auto Smooth' in Object Data Properties
ERROR (bke.modifier): ./source/blender/blenkernel/intern/modifier.cc:458 BKE_modifier_set_error: Object: "neck guard collar", Modifier: "weighted normals", Enable 'Auto Smooth' in Object Data Properties
ERROR (bke.modifier): ./source/blender/blenkernel/intern/modifier.cc:458 BKE_modifier_set_error: Object: "wide kabuto brim", Modifier: "weighted normals", Enable 'Auto Smooth' in Object Data Properties
ERROR (bke.modifier): ./source/blender/blenkernel/intern/modifier.cc:458 BKE_modifier_set_error: Object: "rear shikoro neck guard flare", Modifier: "weighted normals", Enable 'Auto Smooth' in Object Data Properties
ERROR (bke.modifier): ./source/blender/blenkernel/intern/modifier.cc:458 BKE_modifier_set_error: Object: "left woven waraji sole grounded", Modifier: "weighted normals", Enable 'Auto Smooth' in Object Data Properties
ERROR (bke.modifier): ./source/blender/blenkernel/intern/modifier.cc:458 BKE_modifier_set_error: Object: "right woven waraji sole grounded", Modifier: "weighted normals", Enable 'Auto Smooth' in Object Data Properties
ERROR (bke.modifier): ./source/blender/blenkernel/intern/modifier.cc:458 BKE_modifier_set_error: Object: "small lacquered sashimono crossbar", Modifier: "weighted normals", Enable 'Auto Smooth' in Object Data Properties
ERROR (bke.modifier): ./source/blender/blenkernel/intern/modifier.cc:458 BKE_modifier_set_error: Object: "square tsuba guard", Modifier: "weighted normals", Enable 'Auto Smooth' in Object Data Properties
ERROR (bke.modifier): ./source/blender/blenkernel/intern/modifier.cc:458 BKE_modifier_set_error: Object: "cloth sashimono banner panel", Modifier: "weighted normals", Enable 'Auto Smooth' in Object Data Properties
ERROR (bke.modifier): ./source/blender/blenkernel/intern/modifier.cc:458 BKE_modifier_set_error: Object: "matte charcoal inspection plinth", Modifier: "weighted normals", Enable 'Auto Smooth' in Object Data Properties
ERROR (bke.modifier): ./source/blender/blenkernel/intern/modifier.cc:458 BKE_modifier_set_error: Object: "right side helmet flange", Modifier: "weighted normals", Enable 'Auto Smooth' in Object Data Properties
ERROR (bke.modifier): ./source/blender/blenkernel/intern/modifier.cc:458 BKE_modifier_set_error: Object: "left side helmet flange", Modifier: "weighted normals", Enable 'Auto Smooth' in Object Data Properties
Fra:1 Mem:52.29M (Peak 52.32M) | Time:00:00.05 | Syncing matte charcoal inspection plinth
Fra:1 Mem:52.31M (Peak 52.35M) | Time:00:00.05 | Syncing ribcage under-kimono volume
Fra:1 Mem:52.40M (Peak 52.40M) | Time:00:00.05 | Syncing narrow waist under-kimono volume
Fra:1 Mem:52.47M (Peak 52.47M) | Time:00:00.05 | Syncing visible human head behind mempo
Fra:1 Mem:52.56M (Peak 52.56M) | Time:00:00.05 | Syncing thin exposed neck
Fra:1 Mem:52.57M (Peak 52.57M) | Time:00:00.05 | Syncing neck guard collar
Fra:1 Mem:52.58M (Peak 52.63M) | Time:00:00.05 | Syncing segmented kabuto helmet bowl
Fra:1 Mem:52.75M (Peak 52.76M) | Time:00:00.06 | Syncing wide kabuto brim
Fra:1 Mem:52.78M (Peak 52.78M) | Time:00:00.06 | Syncing rear shikoro neck guard flare
Fra:1 Mem:52.80M (Peak 52.80M) | Time:00:00.06 | Syncing left side helmet flange
Fra:1 Mem:52.81M (Peak 52.81M) | Time:00:00.06 | Syncing right side helmet flange
Fra:1 Mem:52.82M (Peak 52.82M) | Time:00:00.06 | Syncing golden maedate crescent crest
Fra:1 Mem:52.84M (Peak 52.89M) | Time:00:00.06 | Syncing crest central rivet
Fra:1 Mem:52.85M (Peak 52.89M) | Time:00:00.06 | Syncing dark iron mempo cheek mask
Fra:1 Mem:52.94M (Peak 52.94M) | Time:00:00.06 | Syncing mempo nose ridge
Fra:1 Mem:52.95M (Peak 52.95M) | Time:00:00.06 | Syncing left eye slit
Fra:1 Mem:52.97M (Peak 52.97M) | Time:00:00.06 | Syncing right eye slit
Fra:1 Mem:52.98M (Peak 52.98M) | Time:00:00.06 | Syncing mempo grim mouth slit
Fra:1 Mem:52.99M (Peak 52.99M) | Time:00:00.06 | Syncing left mask moustache bristle
Fra:1 Mem:53.00M (Peak 53.00M) | Time:00:00.06 | Syncing right mask moustache bristle
Fra:1 Mem:53.01M (Peak 53.01M) | Time:00:00.06 | Syncing throat guard row 1 curved lamella
Fra:1 Mem:53.03M (Peak 53.03M) | Time:00:00.06 | Syncing throat guard row 1 curved lamella
Fra:1 Mem:53.06M (Peak 53.06M) | Time:00:00.06 | Syncing throat guard row 1 curved lamella
Fra:1 Mem:53.08M (Peak 53.08M) | Time:00:00.06 | Syncing throat guard row 1 curved lamella
Fra:1 Mem:53.10M (Peak 53.10M) | Time:00:00.06 | Syncing throat guard row 1 curved lamella
Fra:1 Mem:53.13M (Peak 53.13M) | Time:00:00.06 | Syncing throat guard row 2 curved lamella
Fra:1 Mem:53.15M (Peak 53.15M) | Time:00:00.06 | Syncing throat guard row 2 curved lamella
Fra:1 Mem:53.18M (Peak 53.18M) | Time:00:00.06 | Syncing throat guard row 2 curved lamella
Fra:1 Mem:53.20M (Peak 53.20M) | Time:00:00.06 | Syncing throat guard row 2 curved lamella
Fra:1 Mem:53.22M (Peak 53.22M) | Time:00:00.06 | Syncing throat guard row 2 curved lamella
Fra:1 Mem:53.25M (Peak 53.25M) | Time:00:00.06 | Syncing throat guard row 3 curved lamella
Fra:1 Mem:53.27M (Peak 53.27M) | Time:00:00.06 | Syncing throat guard row 3 curved lamella
Fra:1 Mem:53.30M (Peak 53.30M) | Time:00:00.06 | Syncing throat guard row 3 curved lamella
Fra:1 Mem:53.32M (Peak 53.32M) | Time:00:00.06 | Syncing throat guard row 3 curved lamella
Fra:1 Mem:53.34M (Peak 53.34M) | Time:00:00.06 | Syncing throat guard row 3 curved lamella
Fra:1 Mem:53.37M (Peak 53.37M) | Time:00:00.06 | Syncing upper do cuirass fitted shell
Fra:1 Mem:53.47M (Peak 53.47M) | Time:00:00.06 | Syncing lower do cuirass narrowed shell
Fra:1 Mem:53.55M (Peak 53.55M) | Time:00:00.06 | Syncing front cuirass row 1 curved lamell
Fra:1 Mem:53.58M (Peak 53.58M) | Time:00:00.06 | Syncing front cuirass row 1 curved lamell
Fra:1 Mem:53.60M (Peak 53.60M) | Time:00:00.06 | Syncing front cuirass row 1 curved lamell
Fra:1 Mem:53.63M (Peak 53.63M) | Time:00:00.06 | Syncing front cuirass row 1 curved lamell
Fra:1 Mem:53.65M (Peak 53.65M) | Time:00:00.06 | Syncing front cuirass row 1 curved lamell
Fra:1 Mem:53.67M (Peak 53.67M) | Time:00:00.06 | Syncing front cuirass row 1 curved lamell
Fra:1 Mem:53.70M (Peak 53.70M) | Time:00:00.06 | Syncing front cuirass row 1 curved lamell
Fra:1 Mem:53.72M (Peak 53.72M) | Time:00:00.06 | Syncing front cuirass row 1 curved lamell
Fra:1 Mem:53.75M (Peak 53.75M) | Time:00:00.06 | Syncing front cuirass row 1 curved lamell
Fra:1 Mem:53.77M (Peak 53.77M) | Time:00:00.06 | Syncing rear cuirass row 1 curved lamella
Fra:1 Mem:53.79M (Peak 53.79M) | Time:00:00.06 | Syncing rear cuirass row 1 curved lamella
Fra:1 Mem:53.82M (Peak 53.82M) | Time:00:00.06 | Syncing rear cuirass row 1 curved lamella
Fra:1 Mem:53.84M (Peak 53.84M) | Time:00:00.06 | Syncing rear cuirass row 1 curved lamella
Fra:1 Mem:53.87M (Peak 53.87M) | Time:00:00.06 | Syncing rear cuirass row 1 curved lamella
Fra:1 Mem:53.89M (Peak 53.89M) | Time:00:00.06 | Syncing rear cuirass row 1 curved lamella
Fra:1 Mem:53.91M (Peak 53.91M) | Time:00:00.06 | Syncing rear cuirass row 1 curved lamella
Fra:1 Mem:53.94M (Peak 53.94M) | Time:00:00.06 | Syncing rear cuirass row 1 curved lamella
Fra:1 Mem:53.96M (Peak 53.96M) | Time:00:00.06 | Syncing rear cuirass row 1 curved lamella
Fra:1 Mem:53.98M (Peak 53.98M) | Time:00:00.06 | Syncing front cuirass row 2 curved lamell
Fra:1 Mem:54.01M (Peak 54.01M) | Time:00:00.06 | Syncing front cuirass row 2 curved lamell
Fra:1 Mem:54.03M (Peak 54.03M) | Time:00:00.06 | Syncing front cuirass row 2 curved lamell
Fra:1 Mem:54.06M (Peak 54.06M) | Time:00:00.06 | Syncing front cuirass row 2 curved lamell
Fra:1 Mem:54.08M (Peak 54.08M) | Time:00:00.06 | Syncing front cuirass row 2 curved lamell
Fra:1 Mem:54.10M (Peak 54.10M) | Time:00:00.06 | Syncing front cuirass row 2 curved lamell
Fra:1 Mem:54.13M (Peak 54.13M) | Time:00:00.06 | Syncing front cuirass row 2 curved lamell
Fra:1 Mem:54.15M (Peak 54.15M) | Time:00:00.06 | Syncing front cuirass row 2 curved lamell
Fra:1 Mem:54.18M (Peak 54.18M) | Time:00:00.06 | Syncing front cuirass row 2 curved lamell
Fra:1 Mem:54.20M (Peak 54.20M) | Time:00:00.06 | Syncing rear cuirass row 2 curved lamella
Fra:1 Mem:54.23M (Peak 54.23M) | Time:00:00.06 | Syncing rear cuirass row 2 curved lamella
Fra:1 Mem:54.25M (Peak 54.25M) | Time:00:00.06 | Syncing rear cuirass row 2 curved lamella
Fra:1 Mem:54.27M (Peak 54.27M) | Time:00:00.06 | Syncing rear cuirass row 2 curved lamella
Fra:1 Mem:54.30M (Peak 54.30M) | Time:00:00.06 | Syncing rear cuirass row 2 curved lamella
Fra:1 Mem:54.32M (Peak 54.32M) | Time:00:00.06 | Syncing rear cuirass row 2 curved lamella
Fra:1 Mem:54.35M (Peak 54.35M) | Time:00:00.06 | Syncing rear cuirass row 2 curved lamella
Fra:1 Mem:54.37M (Peak 54.37M) | Time:00:00.06 | Syncing rear cuirass row 2 curved lamella
Fra:1 Mem:54.39M (Peak 54.39M) | Time:00:00.06 | Syncing rear cuirass row 2 curved lamella
Fra:1 Mem:54.42M (Peak 54.42M) | Time:00:00.06 | Syncing front cuirass row 3 curved lamell
Fra:1 Mem:54.44M (Peak 54.44M) | Time:00:00.06 | Syncing front cuirass row 3 curved lamell
Fra:1 Mem:54.47M (Peak 54.47M) | Time:00:00.06 | Syncing front cuirass row 3 curved lamell
Fra:1 Mem:54.49M (Peak 54.49M) | Time:00:00.06 | Syncing front cuirass row 3 curved lamell
Fra:1 Mem:54.51M (Peak 54.51M) | Time:00:00.06 | Syncing front cuirass row 3 curved lamell
Fra:1 Mem:54.54M (Peak 54.54M) | Time:00:00.06 | Syncing front cuirass row 3 curved lamell
Fra:1 Mem:54.56M (Peak 54.56M) | Time:00:00.06 | Syncing front cuirass row 3 curved lamell
Fra:1 Mem:54.59M (Peak 54.59M) | Time:00:00.06 | Syncing front cuirass row 3 curved lamell
Fra:1 Mem:54.61M (Peak 54.61M) | Time:00:00.06 | Syncing front cuirass row 3 curved lamell
Fra:1 Mem:54.63M (Peak 54.63M) | Time:00:00.06 | Syncing rear cuirass row 3 curved lamella
Fra:1 Mem:54.66M (Peak 54.66M) | Time:00:00.06 | Syncing rear cuirass row 3 curved lamella
Fra:1 Mem:54.68M (Peak 54.68M) | Time:00:00.06 | Syncing rear cuirass row 3 curved lamella
Fra:1 Mem:54.71M (Peak 54.71M) | Time:00:00.06 | Syncing rear cuirass row 3 curved lamella
Fra:1 Mem:54.73M (Peak 54.73M) | Time:00:00.06 | Syncing rear cuirass row 3 curved lamella
Fra:1 Mem:54.75M (Peak 54.75M) | Time:00:00.06 | Syncing rear cuirass row 3 curved lamella
Fra:1 Mem:54.78M (Peak 54.78M) | Time:00:00.06 | Syncing rear cuirass row 3 curved lamella
Fra:1 Mem:54.80M (Peak 54.80M) | Time:00:00.06 | Syncing rear cuirass row 3 curved lamella
Fra:1 Mem:54.83M (Peak 54.83M) | Time:00:00.06 | Syncing rear cuirass row 3 curved lamella
Fra:1 Mem:54.85M (Peak 54.85M) | Time:00:00.06 | Syncing front cuirass row 4 curved lamell
Fra:1 Mem:54.87M (Peak 54.87M) | Time:00:00.06 | Syncing front cuirass row 4 curved lamell
Fra:1 Mem:54.90M (Peak 54.90M) | Time:00:00.06 | Syncing front cuirass row 4 curved lamell
Fra:1 Mem:54.92M (Peak 54.92M) | Time:00:00.06 | Syncing front cuirass row 4 curved lamell
Fra:1 Mem:54.95M (Peak 54.95M) | Time:00:00.06 | Syncing front cuirass row 4 curved lamell
Fra:1 Mem:54.97M (Peak 54.97M) | Time:00:00.06 | Syncing front cuirass row 4 curved lamell
Fra:1 Mem:54.99M (Peak 54.99M) | Time:00:00.06 | Syncing front cuirass row 4 curved lamell
Fra:1 Mem:55.02M (Peak 55.02M) | Time:00:00.06 | Syncing front cuirass row 4 curved lamell
Fra:1 Mem:55.04M (Peak 55.04M) | Time:00:00.06 | Syncing front cuirass row 4 curved lamell
Fra:1 Mem:55.07M (Peak 55.07M) | Time:00:00.06 | Syncing rear cuirass row 4 curved lamella
Fra:1 Mem:55.09M (Peak 55.09M) | Time:00:00.06 | Syncing rear cuirass row 4 curved lamella
Fra:1 Mem:55.11M (Peak 55.11M) | Time:00:00.06 | Syncing rear cuirass row 4 curved lamella
Fra:1 Mem:55.14M (Peak 55.14M) | Time:00:00.06 | Syncing rear cuirass row 4 curved lamella
Fra:1 Mem:55.16M (Peak 55.16M) | Time:00:00.06 | Syncing rear cuirass row 4 curved lamella
Fra:1 Mem:55.19M (Peak 55.19M) | Time:00:00.06 | Syncing rear cuirass row 4 curved lamella
Fra:1 Mem:55.21M (Peak 55.21M) | Time:00:00.06 | Syncing rear cuirass row 4 curved lamella
Fra:1 Mem:55.23M (Peak 55.23M) | Time:00:00.07 | Syncing rear cuirass row 4 curved lamella
Fra:1 Mem:55.26M (Peak 55.26M) | Time:00:00.07 | Syncing rear cuirass row 4 curved lamella
Fra:1 Mem:55.28M (Peak 55.28M) | Time:00:00.07 | Syncing front cuirass row 5 curved lamell
Fra:1 Mem:55.31M (Peak 55.31M) | Time:00:00.07 | Syncing front cuirass row 5 curved lamell
Fra:1 Mem:55.33M (Peak 55.33M) | Time:00:00.07 | Syncing front cuirass row 5 curved lamell
Fra:1 Mem:55.35M (Peak 55.35M) | Time:00:00.07 | Syncing front cuirass row 5 curved lamell
Fra:1 Mem:55.38M (Peak 55.38M) | Time:00:00.07 | Syncing front cuirass row 5 curved lamell
Fra:1 Mem:55.40M (Peak 55.40M) | Time:00:00.07 | Syncing front cuirass row 5 curved lamell
Fra:1 Mem:55.43M (Peak 55.43M) | Time:00:00.07 | Syncing front cuirass row 5 curved lamell
Fra:1 Mem:55.45M (Peak 55.45M) | Time:00:00.07 | Syncing front cuirass row 5 curved lamell
Fra:1 Mem:55.47M (Peak 55.47M) | Time:00:00.07 | Syncing front cuirass row 5 curved lamell
Fra:1 Mem:55.50M (Peak 55.50M) | Time:00:00.07 | Syncing rear cuirass row 5 curved lamella
Fra:1 Mem:55.52M (Peak 55.52M) | Time:00:00.07 | Syncing rear cuirass row 5 curved lamella
Fra:1 Mem:55.55M (Peak 55.55M) | Time:00:00.07 | Syncing rear cuirass row 5 curved lamella
Fra:1 Mem:55.57M (Peak 55.57M) | Time:00:00.07 | Syncing rear cuirass row 5 curved lamella
Fra:1 Mem:55.59M (Peak 55.59M) | Time:00:00.07 | Syncing rear cuirass row 5 curved lamella
Fra:1 Mem:55.62M (Peak 55.62M) | Time:00:00.07 | Syncing rear cuirass row 5 curved lamella
Fra:1 Mem:55.64M (Peak 55.64M) | Time:00:00.07 | Syncing rear cuirass row 5 curved lamella
Fra:1 Mem:55.67M (Peak 55.67M) | Time:00:00.07 | Syncing rear cuirass row 5 curved lamella
Fra:1 Mem:55.69M (Peak 55.69M) | Time:00:00.07 | Syncing rear cuirass row 5 curved lamella
Fra:1 Mem:55.71M (Peak 55.71M) | Time:00:00.07 | Syncing left side cuirass plate 1
Fra:1 Mem:55.73M (Peak 55.73M) | Time:00:00.07 | Syncing left side cuirass plate 2
Fra:1 Mem:55.74M (Peak 55.74M) | Time:00:00.07 | Syncing left side cuirass plate 3
Fra:1 Mem:55.76M (Peak 55.76M) | Time:00:00.07 | Syncing right side cuirass plate 1
Fra:1 Mem:55.77M (Peak 55.77M) | Time:00:00.07 | Syncing right side cuirass plate 2
Fra:1 Mem:55.79M (Peak 55.79M) | Time:00:00.07 | Syncing right side cuirass plate 3
Fra:1 Mem:55.80M (Peak 55.80M) | Time:00:00.07 | Syncing left shoulder undercloth
Fra:1 Mem:55.86M (Peak 55.86M) | Time:00:00.07 | Syncing left sode shoulder plate 1
Fra:1 Mem:55.87M (Peak 55.87M) | Time:00:00.07 | Syncing left sode shoulder plate 2
Fra:1 Mem:55.88M (Peak 55.88M) | Time:00:00.07 | Syncing left sode shoulder plate 3
Fra:1 Mem:55.90M (Peak 55.90M) | Time:00:00.07 | Syncing left sode shoulder plate 4
Fra:1 Mem:55.91M (Peak 55.91M) | Time:00:00.07 | Syncing left armored upper arm
Fra:1 Mem:55.97M (Peak 55.97M) | Time:00:00.07 | Syncing left sode shoulder armor
Fra:1 Mem:56.01M (Peak 56.01M) | Time:00:00.07 | Syncing left kote forearm guard
Fra:1 Mem:56.06M (Peak 56.06M) | Time:00:00.07 | Syncing left leather palm volume
Fra:1 Mem:56.10M (Peak 56.12M) | Time:00:00.07 | Syncing left articulated index finger
Fra:1 Mem:56.11M (Peak 56.12M) | Time:00:00.07 | Syncing left index fingertip
Fra:1 Mem:56.12M (Peak 56.12M) | Time:00:00.07 | Syncing left articulated middle finger
Fra:1 Mem:56.13M (Peak 56.13M) | Time:00:00.07 | Syncing left middle fingertip
Fra:1 Mem:56.14M (Peak 56.14M) | Time:00:00.07 | Syncing left articulated ring finger
Fra:1 Mem:56.15M (Peak 56.15M) | Time:00:00.07 | Syncing left ring fingertip
Fra:1 Mem:56.17M (Peak 56.17M) | Time:00:00.07 | Syncing left articulated pinky finger
Fra:1 Mem:56.18M (Peak 56.18M) | Time:00:00.07 | Syncing left pinky fingertip
Fra:1 Mem:56.19M (Peak 56.19M) | Time:00:00.07 | Syncing left opposed thumb
Fra:1 Mem:56.20M (Peak 56.20M) | Time:00:00.07 | Syncing left thumb fingertip
Fra:1 Mem:56.21M (Peak 56.21M) | Time:00:00.07 | Syncing right shoulder undercloth
Fra:1 Mem:56.27M (Peak 56.27M) | Time:00:00.07 | Syncing right sode shoulder plate 1
Fra:1 Mem:56.28M (Peak 56.28M) | Time:00:00.07 | Syncing right sode shoulder plate 2
Fra:1 Mem:56.29M (Peak 56.29M) | Time:00:00.07 | Syncing right sode shoulder plate 3
Fra:1 Mem:56.31M (Peak 56.31M) | Time:00:00.07 | Syncing right sode shoulder plate 4
Fra:1 Mem:56.32M (Peak 56.32M) | Time:00:00.07 | Syncing right armored upper arm
Fra:1 Mem:56.38M (Peak 56.38M) | Time:00:00.07 | Syncing right sode shoulder armor
Fra:1 Mem:56.42M (Peak 56.42M) | Time:00:00.07 | Syncing right kote forearm guard
Fra:1 Mem:56.48M (Peak 56.48M) | Time:00:00.07 | Syncing right leather palm volume
Fra:1 Mem:56.51M (Peak 56.51M) | Time:00:00.07 | Syncing right articulated index finger
Fra:1 Mem:56.52M (Peak 56.52M) | Time:00:00.07 | Syncing right index fingertip
Fra:1 Mem:56.53M (Peak 56.53M) | Time:00:00.07 | Syncing right articulated middle finger
Fra:1 Mem:56.54M (Peak 56.54M) | Time:00:00.07 | Syncing right middle fingertip
Fra:1 Mem:56.55M (Peak 56.55M) | Time:00:00.07 | Syncing right articulated ring finger
Fra:1 Mem:56.56M (Peak 56.56M) | Time:00:00.07 | Syncing right ring fingertip
Fra:1 Mem:56.58M (Peak 56.58M) | Time:00:00.07 | Syncing right articulated pinky finger
Fra:1 Mem:56.59M (Peak 56.59M) | Time:00:00.07 | Syncing right pinky fingertip
Fra:1 Mem:56.60M (Peak 56.60M) | Time:00:00.07 | Syncing right opposed thumb
Fra:1 Mem:56.61M (Peak 56.61M) | Time:00:00.07 | Syncing right thumb fingertip
Fra:1 Mem:56.62M (Peak 56.62M) | Time:00:00.07 | Syncing kusazuri skirt plate -1 row 1
Fra:1 Mem:56.64M (Peak 56.64M) | Time:00:00.07 | Syncing rear kusazuri skirt plate -1 row 
Fra:1 Mem:56.65M (Peak 56.65M) | Time:00:00.07 | Syncing kusazuri skirt plate -1 row 2
Fra:1 Mem:56.66M (Peak 56.66M) | Time:00:00.07 | Syncing rear kusazuri skirt plate -1 row 
Fra:1 Mem:56.68M (Peak 56.68M) | Time:00:00.07 | Syncing kusazuri skirt plate -1 row 3
Fra:1 Mem:56.69M (Peak 56.69M) | Time:00:00.07 | Syncing rear kusazuri skirt plate -1 row 
Fra:1 Mem:56.71M (Peak 56.71M) | Time:00:00.07 | Syncing kusazuri skirt plate +0 row 1
Fra:1 Mem:56.72M (Peak 56.72M) | Time:00:00.07 | Syncing rear kusazuri skirt plate +0 row 
Fra:1 Mem:56.73M (Peak 56.73M) | Time:00:00.07 | Syncing kusazuri skirt plate +0 row 2
Fra:1 Mem:56.75M (Peak 56.75M) | Time:00:00.07 | Syncing rear kusazuri skirt plate +0 row 
Fra:1 Mem:56.76M (Peak 56.76M) | Time:00:00.07 | Syncing kusazuri skirt plate +0 row 3
Fra:1 Mem:56.78M (Peak 56.78M) | Time:00:00.07 | Syncing rear kusazuri skirt plate +0 row 
Fra:1 Mem:56.79M (Peak 56.79M) | Time:00:00.07 | Syncing kusazuri skirt plate +1 row 1
Fra:1 Mem:56.80M (Peak 56.80M) | Time:00:00.07 | Syncing rear kusazuri skirt plate +1 row 
Fra:1 Mem:56.82M (Peak 56.82M) | Time:00:00.08 | Syncing kusazuri skirt plate +1 row 2
Fra:1 Mem:56.83M (Peak 56.83M) | Time:00:00.08 | Syncing rear kusazuri skirt plate +1 row 
Fra:1 Mem:56.84M (Peak 56.84M) | Time:00:00.08 | Syncing kusazuri skirt plate +1 row 3
Fra:1 Mem:56.86M (Peak 56.86M) | Time:00:00.08 | Syncing rear kusazuri skirt plate +1 row 
Fra:1 Mem:56.87M (Peak 56.87M) | Time:00:00.08 | Syncing left hakama trouser leg
Fra:1 Mem:56.93M (Peak 56.93M) | Time:00:00.08 | Syncing left shin greave
Fra:1 Mem:56.98M (Peak 56.98M) | Time:00:00.08 | Syncing left split-toe tabi foot volume
Fra:1 Mem:57.03M (Peak 57.03M) | Time:00:00.08 | Syncing left separated big toe
Fra:1 Mem:57.05M (Peak 57.05M) | Time:00:00.08 | Syncing left outer toe group
Fra:1 Mem:57.07M (Peak 57.07M) | Time:00:00.08 | Syncing left woven waraji sole grounded
Fra:1 Mem:57.08M (Peak 57.08M) | Time:00:00.08 | Syncing left sandal toe strap
Fra:1 Mem:57.09M (Peak 57.15M) | Time:00:00.08 | Syncing left heel strap
Fra:1 Mem:57.09M (Peak 57.15M) | Time:00:00.08 | Syncing left hakama pleat 1
Fra:1 Mem:57.10M (Peak 57.15M) | Time:00:00.08 | Syncing left hakama pleat 2
Fra:1 Mem:57.11M (Peak 57.15M) | Time:00:00.08 | Syncing left hakama pleat 3
Fra:1 Mem:57.12M (Peak 57.15M) | Time:00:00.08 | Syncing right hakama trouser leg
Fra:1 Mem:57.20M (Peak 57.20M) | Time:00:00.08 | Syncing right shin greave
Fra:1 Mem:57.26M (Peak 57.26M) | Time:00:00.08 | Syncing right split-toe tabi foot volume
Fra:1 Mem:57.30M (Peak 57.30M) | Time:00:00.08 | Syncing right separated big toe
Fra:1 Mem:57.33M (Peak 57.33M) | Time:00:00.08 | Syncing right outer toe group
Fra:1 Mem:57.35M (Peak 57.35M) | Time:00:00.08 | Syncing right woven waraji sole grounded
Fra:1 Mem:57.35M (Peak 57.35M) | Time:00:00.08 | Syncing right sandal toe strap
Fra:1 Mem:57.36M (Peak 57.36M) | Time:00:00.08 | Syncing right heel strap
Fra:1 Mem:57.37M (Peak 57.37M) | Time:00:00.08 | Syncing right hakama pleat 1
Fra:1 Mem:57.37M (Peak 57.37M) | Time:00:00.08 | Syncing right hakama pleat 2
Fra:1 Mem:57.38M (Peak 57.38M) | Time:00:00.08 | Syncing right hakama pleat 3
Fra:1 Mem:57.38M (Peak 57.38M) | Time:00:00.08 | Syncing drawn katana blade spine
Fra:1 Mem:57.39M (Peak 57.45M) | Time:00:00.08 | Syncing bright sharpened katana edge
Fra:1 Mem:57.40M (Peak 57.45M) | Time:00:00.08 | Syncing wrapped katana grip
Fra:1 Mem:57.41M (Peak 57.45M) | Time:00:00.08 | Syncing square tsuba guard
Fra:1 Mem:57.42M (Peak 57.45M) | Time:00:00.08 | Syncing lacquered saya scabbard at left h
Fra:1 Mem:57.43M (Peak 57.45M) | Time:00:00.08 | Syncing waist sash tying armor
Fra:1 Mem:57.43M (Peak 57.45M) | Time:00:00.08 | Syncing bamboo sashimono back pole
Fra:1 Mem:57.44M (Peak 57.45M) | Time:00:00.08 | Syncing small lacquered sashimono crossba
Fra:1 Mem:57.46M (Peak 57.46M) | Time:00:00.08 | Syncing cloth sashimono banner panel
Fra:1 Mem:57.47M (Peak 57.52M) | Time:00:00.08 | Syncing simple round clan mon on banner
Fra:1 Mem:57.51M (Peak 57.52M) | Time:00:00.08 | Syncing cool key
Fra:1 Mem:57.51M (Peak 57.52M) | Time:00:00.08 | Syncing rim
Fra:1 Mem:57.51M (Peak 57.52M) | Time:00:00.08 | Syncing hero cam
Fra:1 Mem:57.51M (Peak 57.52M) | Time:00:00.08 | Syncing samurai_v2_provenance
Fra:1 Mem:57.54M (Peak 57.64M) | Time:00:00.08 | Rendering 1 / 32 samples
Fra:1 Mem:54.65M (Peak 57.64M) | Time:00:02.43 | Rendering 26 / 32 samples
Fra:1 Mem:54.65M (Peak 57.64M) | Time:00:02.85 | Rendering 32 / 32 samples
Saved: '/tmp/factoryx-v21-render/samurai-repaired-full-20-v21/uesugi-01/turntable_002.png'
 Time: 00:02.96 (Saving: 00:00.03)

ERROR (bke.modifier): ./source/blender/blenkernel/intern/modifier.cc:458 BKE_modifier_set_error: Object: "dark iron mempo cheek mask", Modifier: "weighted normals", Enable 'Auto Smooth' in Object Data Properties
ERROR (bke.modifier): ./source/blender/blenkernel/intern/modifier.cc:458 BKE_modifier_set_error: Object: "crest central rivet", Modifier: "weighted normals", Enable 'Auto Smooth' in Object Data Properties
ERROR (bke.modifier): ./source/blender/blenkernel/intern/modifier.cc:458 BKE_modifier_set_error: Object: "throat guard row 1 curved lamellar plate 01", Modifier: "weighted normals", Enable 'Auto Smooth' in Object Data Properties
ERROR (bke.modifier): ./source/blender/blenkernel/intern/modifier.cc:458 BKE_modifier_set_error: Object: "throat guard row 1 curved lamellar plate 03", Modifier: "weighted normals", Enable 'Auto Smooth' in Object Data Properties
ERROR (bke.modifier): ./source/blender/blenkernel/intern/modifier.cc:458 BKE_modifier_set_error: Object: "throat guard row 1 curved lamellar plate 04", Modifier: "weighted normals", Enable 'Auto Smooth' in Object Data Properties
ERROR (bke.modifier): ./source/blender/blenkernel/intern/modifier.cc:458 BKE_modifier_set_error: Object: "throat guard row 1 curved lamellar plate 02", Modifier: "weighted normals", Enable 'Auto Smooth' in Object Data Properties
ERROR (bke.modifier): ./source/blender/blenkernel/intern/modifier.cc:458 BKE_modifier_set_error: Object: "throat guard row 1 curved lamellar plate 05", Modifier: "weighted normals", Enable 'Auto Smooth' in Object Data Properties
ERROR (bke.modifier): ./source/blender/blenkernel/intern/modifier.cc:458 BKE_modifier_set_error: Object: "left eye slit", Modifier: "weighted normals", Enable 'Auto Smooth' in Object Data Properties
ERROR (bke.modifier): ./source/blender/blenkernel/intern/modifier.cc:458 BKE_modifier_set_error: Object: "mempo nose ridge", Modifier: "weighted normals", Enable 'Auto Smooth' in Object Data Properties
ERROR (bke.modifier): ./source/blender/blenkernel/intern/modifier.cc:458 BKE_modifier_set_error: Object: "throat guard row 2 curved lamellar plate 02", Modifier: "weighted normals", Enable 'Auto Smooth' in Object Data Properties
ERROR (bke.modifier): ./source/blender/blenkernel/intern/modifier.cc:458 BKE_modifier_set_error: Object: "throat guard row 2 curved lamellar plate 03", Modifier: "weighted normals", Enable 'Auto Smooth' in Object Data Properties
ERROR (bke.modifier): ./source/blender/blenkernel/intern/modifier.cc:458 BKE_modifier_set_error: Object: "throat guard row 2 curved lamellar plate 01", Modifier: "weighted normals", Enable 'Auto Smooth' in Object Data Properties
ERROR (bke.modifier): ./source/blender/blenkernel/intern/modifier.cc:458 BKE_modifier_set_error: Object: "throat guard row 2 curved lamellar plate 05", Modifier: "weighted normals", Enable 'Auto Smooth' in Object Data Properties
ERROR (bke.modifier): ./source/blender/blenkernel/intern/modifier.cc:458 BKE_modifier_set_error: Object: "throat guard row 2 curved lamellar plate 04", Modifier: "weighted normals", Enable 'Auto Smooth' in Object Data Properties
ERROR (bke.modifier): ./source/blender/blenkernel/intern/modifier.cc:458 BKE_modifier_set_error: Object: "throat guard row 3 curved lamellar plate 01", Modifier: "weighted normals", Enable 'Auto Smooth' in Object Data Properties
ERROR (bke.modifier): ./source/blender/blenkernel/intern/modifier.cc:458 BKE_modifier_set_error: Object: "throat guard row 3 curved lamellar plate 02", Modifier: "weighted normals", Enable 'Auto Smooth' in Object Data Properties
ERROR (bke.modifier): ./source/blender/blenkernel/intern/modifier.cc:458 BKE_modifier_set_error: Object: "throat guard row 3 curved lamellar plate 03", Modifier: "weighted normals", Enable 'Auto Smooth' in Object Data Properties
ERROR (bke.modifier): ./source/blender/blenkernel/intern/modifier.cc:458 BKE_modifier_set_error: Object: "throat guard row 3 curved lamellar plate 04", Modifier: "weighted normals", Enable 'Auto Smooth' in Object Data Properties
ERROR (bke.modifier): ./source/blender/blenkernel/intern/modifier.cc:458 BKE_modifier_set_error: Object: "throat guard row 3 curved lamellar plate 05", Modifier: "weighted normals", Enable 'Auto Smooth' in Object Data Properties
ERROR (bke.modifier): ./source/blender/blenkernel/intern/modifier.cc:458 BKE_modifier_set_error: Object: "upper do cuirass fitted shell", Modifier: "weighted normals", Enable 'Auto Smooth' in Object Data Properties
ERROR (bke.modifier): ./source/blender/blenkernel/intern/modifier.cc:458 BKE_modifier_set_error: Object: "front cuirass row 1 curved lamellar plate 03", Modifier: "weighted normals", Enable 'Auto Smooth' in Object Data Properties
ERROR (bke.modifier): ./source/blender/blenkernel/intern/modifier.cc:458 BKE_modifier_set_error: Object: "front cuirass row 1 curved lamellar plate 02", Modifier: "weighted normals", Enable 'Auto Smooth' in Object Data Properties
ERROR (bke.modifier): ./source/blender/blenkernel/intern/modifier.cc:458 BKE_modifier_set_error: Object: "front cuirass row 1 curved lamellar plate 01", Modifier: "weighted normals", Enable 'Auto Smooth' in Object Data Properties
ERROR (bke.modifier): ./source/blender/blenkernel/intern/modifier.cc:458 BKE_modifier_set_error: Object: "front cuirass row 1 curved lamellar plate 04", Modifier: "weighted normals", Enable 'Auto Smooth' in Object Data Properties
ERROR (bke.modifier): ./source/blender/blenkernel/intern/modifier.cc:458 BKE_modifier_set_error: Object: "lower do cuirass narrowed shell", Modifier: "weighted normals", Enable 'Auto Smooth' in Object Data Properties
ERROR (bke.modifier): ./source/blender/blenkernel/intern/modifier.cc:458 BKE_modifier_set_error: Object: "front cuirass row 1 curved lamellar plate 07", Modifier: "weighted normals", Enable 'Auto Smooth' in Object Data Properties
ERROR (bke.modifier): ./source/blender/blenkernel/intern/modifier.cc:458 BKE_modifier_set_error: Object: "front cuirass row 1 curved lamellar plate 08", Modifier: "weighted normals", Enable 'Auto Smooth' in Object Data Properties
ERROR (bke.modifier): ./source/blender/blenkernel/intern/modifier.cc:458 BKE_modifier_set_error: Object: "front cuirass row 1 curved lamellar plate 05", Modifier: "weighted normals", Enable 'Auto Smooth' in Object Data Properties
ERROR (bke.modifier): ./source/blender/blenkernel/intern/modifier.cc:458 BKE_modifier_set_error: Object: "rear cuirass row 1 curved lamellar plate 01", Modifier: "weighted normals", Enable 'Auto Smooth' in Object Data Properties
ERROR (bke.modifier): ./source/blender/blenkernel/intern/modifier.cc:458 BKE_modifier_set_error: Object: "front cuirass row 1 curved lamellar plate 09", Modifier: "weighted normals", Enable 'Auto Smooth' in Object Data Properties
ERROR (bke.modifier): ./source/blender/blenkernel/intern/modifier.cc:458 BKE_modifier_set_error: Object: "front cuirass row 1 curved lamellar plate 06", Modifier: "weighted normals", Enable 'Auto Smooth' in Object Data Properties
ERROR (bke.modifier): ./source/blender/blenkernel/intern/modifier.cc:458 BKE_modifier_set_error: Object: "rear cuirass row 1 curved lamellar plate 02", Modifier: "weighted normals", Enable 'Auto Smooth' in Object Data Properties
ERROR (bke.modifier): ./source/blender/blenkernel/intern/modifier.cc:458 BKE_modifier_set_error: Object: "right eye slit", Modifier: "weighted normals", Enable 'Auto Smooth' in Object Data Properties
ERROR (bke.modifier): ./source/blender/blenkernel/intern/modifier.cc:458 BKE_modifier_set_error: Object: "rear cuirass row 1 curved lamellar plate 03", Modifier: "weighted normals", Enable 'Auto Smooth' in Object Data Properties
ERROR (bke.modifier): ./source/blender/blenkernel/intern/modifier.cc:458 BKE_modifier_set_error: Object: "rear cuirass row 1 curved lamellar plate 04", Modifier: "weighted normals", Enable 'Auto Smooth' in Object Data Properties
ERROR (bke.modifier): ./source/blender/blenkernel/intern/modifier.cc:458 BKE_modifier_set_error: Object: "rear cuirass row 1 curved lamellar plate 05", Modifier: "weighted normals", Enable 'Auto Smooth' in Object Data Properties
ERROR (bke.modifier): ./source/blender/blenkernel/intern/modifier.cc:458 BKE_modifier_set_error: Object: "right side helmet flange", Modifier: "weighted normals", Enable 'Auto Smooth' in Object Data Properties
ERROR (bke.modifier): ./source/blender/blenkernel/intern/modifier.cc:458 BKE_modifier_set_error: Object: "rear cuirass row 1 curved lamellar plate 06", Modifier: "weighted normals", Enable 'Auto Smooth' in Object Data Properties
ERROR (bke.modifier): ./source/blender/blenkernel/intern/modifier.cc:458 BKE_modifier_set_error: Object: "rear cuirass row 1 curved lamellar plate 07", Modifier: "weighted normals", Enable 'Auto Smooth' in Object Data Properties
ERROR (bke.modifier): ./source/blender/blenkernel/intern/modifier.cc:458 BKE_modifier_set_error: Object: "rear cuirass row 1 curved lamellar plate 08", Modifier: "weighted normals", Enable 'Auto Smooth' in Object Data Properties
ERROR (bke.modifier): ./source/blender/blenkernel/intern/modifier.cc:458 BKE_modifier_set_error: Object: "rear cuirass row 1 curved lamellar plate 09", Modifier: "weighted normals", Enable 'Auto Smooth' in Object Data Properties
ERROR (bke.modifier): ./source/blender/blenkernel/intern/modifier.cc:458 BKE_modifier_set_error: Object: "front cuirass row 2 curved lamellar plate 01", Modifier: "weighted normals", Enable 'Auto Smooth' in Object Data Properties
ERROR (bke.modifier): ./source/blender/blenkernel/intern/modifier.cc:458 BKE_modifier_set_error: Object: "front cuirass row 2 curved lamellar plate 02", Modifier: "weighted normals", Enable 'Auto Smooth' in Object Data Properties
ERROR (bke.modifier): ./source/blender/blenkernel/intern/modifier.cc:458 BKE_modifier_set_error: Object: "front cuirass row 2 curved lamellar plate 03", Modifier: "weighted normals", Enable 'Auto Smooth' in Object Data Properties
ERROR (bke.modifier): ./source/blender/blenkernel/intern/modifier.cc:458 BKE_modifier_set_error: Object: "front cuirass row 2 curved lamellar plate 04", Modifier: "weighted normals", Enable 'Auto Smooth' in Object Data Properties
ERROR (bke.modifier): ./source/blender/blenkernel/intern/modifier.cc:458 BKE_modifier_set_error: Object: "front cuirass row 2 curved lamellar plate 05", Modifier: "weighted normals", Enable 'Auto Smooth' in Object Data Properties
ERROR (bke.modifier): ./source/blender/blenkernel/intern/modifier.cc:458 BKE_modifier_set_error: Object: "front cuirass row 2 curved lamellar plate 06", Modifier: "weighted normals", Enable 'Auto Smooth' in Object Data Properties
ERROR (bke.modifier): ./source/blender/blenkernel/intern/modifier.cc:458 BKE_modifier_set_error: Object: "front cuirass row 2 curved lamellar plate 08", Modifier: "weighted normals", Enable 'Auto Smooth' in Object Data Properties
ERROR (bke.modifier): ./source/blender/blenkernel/intern/modifier.cc:458 BKE_modifier_set_error: Object: "front cuirass row 2 curved lamellar plate 09", Modifier: "weighted normals", Enable 'Auto Smooth' in Object Data Properties
ERROR (bke.modifier): ./source/blender/blenkernel/intern/modifier.cc:458 BKE_modifier_set_error: Object: "rear cuirass row 2 curved lamellar plate 01", Modifier: "weighted normals", Enable 'Auto Smooth' in Object Data Properties
ERROR (bke.modifier): ./source/blender/blenkernel/intern/modifier.cc:458 BKE_modifier_set_error: Object: "front cuirass row 2 curved lamellar plate 07", Modifier: "weighted normals", Enable 'Auto Smooth' in Object Data Properties
ERROR (bke.modifier): ./source/blender/blenkernel/intern/modifier.cc:458 BKE_modifier_set_error: Object: "rear cuirass row 2 curved lamellar plate 02", Modifier: "weighted normals", Enable 'Auto Smooth' in Object Data Properties
ERROR (bke.modifier): ./source/blender/blenkernel/intern/modifier.cc:458 BKE_modifier_set_error: Object: "rear cuirass row 2 curved lamellar plate 06", Modifier: "weighted normals", Enable 'Auto Smooth' in Object Data Properties
ERROR (bke.modifier): ./source/blender/blenkernel/intern/modifier.cc:458 BKE_modifier_set_error: Object: "rear cuirass row 2 curved lamellar plate 03", Modifier: "weighted normals", Enable 'Auto Smooth' in Object Data Properties
ERROR (bke.modifier): ./source/blender/blenkernel/intern/modifier.cc:458 BKE_modifier_set_error: Object: "rear cuirass row 2 curved lamellar plate 08", Modifier: "weighted normals", Enable 'Auto Smooth' in Object Data Properties
ERROR (bke.modifier): ./source/blender/blenkernel/intern/modifier.cc:458 BKE_modifier_set_error: Object: "rear cuirass row 2 curved lamellar plate 04", Modifier: "weighted normals", Enable 'Auto Smooth' in Object Data Properties
ERROR (bke.modifier): ./source/blender/blenkernel/intern/modifier.cc:458 BKE_modifier_set_error: Object: "rear cuirass row 2 curved lamellar plate 09", Modifier: "weighted normals", Enable 'Auto Smooth' in Object Data Properties
ERROR (bke.modifier): ./source/blender/blenkernel/intern/modifier.cc:458 BKE_modifier_set_error: Object: "rear cuirass row 2 curved lamellar plate 05", Modifier: "weighted normals", Enable 'Auto Smooth' in Object Data Properties
ERROR (bke.modifier): ./source/blender/blenkernel/intern/modifier.cc:458 BKE_modifier_set_error: Object: "rear cuirass row 2 curved lamellar plate 07", Modifier: "weighted normals", Enable 'Auto Smooth' in Object Data Properties
ERROR (bke.modifier): ./source/blender/blenkernel/intern/modifier.cc:458 BKE_modifier_set_error: Object: "front cuirass row 3 curved lamellar plate 01", Modifier: "weighted normals", Enable 'Auto Smooth' in Object Data Properties
ERROR (bke.modifier): ./source/blender/blenkernel/intern/modifier.cc:458 BKE_modifier_set_error: Object: "front cuirass row 3 curved lamellar plate 02", Modifier: "weighted normals", Enable 'Auto Smooth' in Object Data Properties
ERROR (bke.modifier): ./source/blender/blenkernel/intern/modifier.cc:458 BKE_modifier_set_error: Object: "front cuirass row 3 curved lamellar plate 03", Modifier: "weighted normals", Enable 'Auto Smooth' in Object Data Properties
ERROR (bke.modifier): ./source/blender/blenkernel/intern/modifier.cc:458 BKE_modifier_set_error: Object: "front cuirass row 3 curved lamellar plate 06", Modifier: "weighted normals", Enable 'Auto Smooth' in Object Data Properties
ERROR (bke.modifier): ./source/blender/blenkernel/intern/modifier.cc:458 BKE_modifier_set_error: Object: "front cuirass row 3 curved lamellar plate 04", Modifier: "weighted normals", Enable 'Auto Smooth' in Object Data Properties
ERROR (bke.modifier): ./source/blender/blenkernel/intern/modifier.cc:458 BKE_modifier_set_error: Object: "mempo grim mouth slit", Modifier: "weighted normals", Enable 'Auto Smooth' in Object Data Properties
ERROR (bke.modifier): ./source/blender/blenkernel/intern/modifier.cc:458 BKE_modifier_set_error: Object: "front cuirass row 3 curved lamellar plate 05", Modifier: "weighted normals", Enable 'Auto Smooth' in Object Data Properties
ERROR (bke.modifier): ./source/blender/blenkernel/intern/modifier.cc:458 BKE_modifier_set_error: Object: "front cuirass row 3 curved lamellar plate 07", Modifier: "weighted normals", Enable 'Auto Smooth' in Object Data Properties
ERROR (bke.modifier): ./source/blender/blenkernel/intern/modifier.cc:458 BKE_modifier_set_error: Object: "front cuirass row 3 curved lamellar plate 09", Modifier: "weighted normals", Enable 'Auto Smooth' in Object Data Properties
ERROR (bke.modifier): ./source/blender/blenkernel/intern/modifier.cc:458 BKE_modifier_set_error: Object: "front cuirass row 3 curved lamellar plate 08", Modifier: "weighted normals", Enable 'Auto Smooth' in Object Data Properties
ERROR (bke.modifier): ./source/blender/blenkernel/intern/modifier.cc:458 BKE_modifier_set_error: Object: "rear cuirass row 3 curved lamellar plate 01", Modifier: "weighted normals", Enable 'Auto Smooth' in Object Data Properties
ERROR (bke.modifier): ./source/blender/blenkernel/intern/modifier.cc:458 BKE_modifier_set_error: Object: "rear cuirass row 3 curved lamellar plate 02", Modifier: "weighted normals", Enable 'Auto Smooth' in Object Data Properties
ERROR (bke.modifier): ./source/blender/blenkernel/intern/modifier.cc:458 BKE_modifier_set_error: Object: "rear cuirass row 3 curved lamellar plate 03", Modifier: "weighted normals", Enable 'Auto Smooth' in Object Data Properties
ERROR (bke.modifier): ./source/blender/blenkernel/intern/modifier.cc:458 BKE_modifier_set_error: Object: "rear cuirass row 3 curved lamellar plate 04", Modifier: "weighted normals", Enable 'Auto Smooth' in Object Data Properties
ERROR (bke.modifier): ./source/blender/blenkernel/intern/modifier.cc:458 BKE_modifier_set_error: Object: "rear cuirass row 3 curved lamellar plate 05", Modifier: "weighted normals", Enable 'Auto Smooth' in Object Data Properties
ERROR (bke.modifier): ./source/blender/blenkernel/intern/modifier.cc:458 BKE_modifier_set_error: Object: "rear cuirass row 3 curved lamellar plate 06", Modifier: "weighted normals", Enable 'Auto Smooth' in Object Data Properties
ERROR (bke.modifier): ./source/blender/blenkernel/intern/modifier.cc:458 BKE_modifier_set_error: Object: "rear cuirass row 3 curved lamellar plate 07", Modifier: "weighted normals", Enable 'Auto Smooth' in Object Data Properties
ERROR (bke.modifier): ./source/blender/blenkernel/intern/modifier.cc:458 BKE_modifier_set_error: Object: "rear cuirass row 3 curved lamellar plate 09", Modifier: "weighted normals", Enable 'Auto Smooth' in Object Data Properties
ERROR (bke.modifier): ./source/blender/blenkernel/intern/modifier.cc:458 BKE_modifier_set_error: Object: "rear cuirass row 3 curved lamellar plate 08", Modifier: "weighted normals", Enable 'Auto Smooth' in Object Data Properties
ERROR (bke.modifier): ./source/blender/blenkernel/intern/modifier.cc:458 BKE_modifier_set_error: Object: "front cuirass row 4 curved lamellar plate 01", Modifier: "weighted normals", Enable 'Auto Smooth' in Object Data Properties
ERROR (bke.modifier): ./source/blender/blenkernel/intern/modifier.cc:458 BKE_modifier_set_error: Object: "front cuirass row 4 curved lamellar plate 04", Modifier: "weighted normals", Enable 'Auto Smooth' in Object Data Properties
ERROR (bke.modifier): ./source/blender/blenkernel/intern/modifier.cc:458 BKE_modifier_set_error: Object: "front cuirass row 4 curved lamellar plate 02", Modifier: "weighted normals", Enable 'Auto Smooth' in Object Data Properties
ERROR (bke.modifier): ./source/blender/blenkernel/intern/modifier.cc:458 BKE_modifier_set_error: Object: "rear cuirass row 4 curved lamellar plate 01", Modifier: "weighted normals", Enable 'Auto Smooth' in Object Data Properties
ERROR (bke.modifier): ./source/blender/blenkernel/intern/modifier.cc:458 BKE_modifier_set_error: Object: "rear cuirass row 4 curved lamellar plate 02", Modifier: "weighted normals", Enable 'Auto Smooth' in Object Data Properties
ERROR (bke.modifier): ./source/blender/blenkernel/intern/modifier.cc:458 BKE_modifier_set_error: Object: "rear cuirass row 4 curved lamellar plate 03", Modifier: "weighted normals", Enable 'Auto Smooth' in Object Data Properties
ERROR (bke.modifier): ./source/blender/blenkernel/intern/modifier.cc:458 BKE_modifier_set_error: Object: "rear cuirass row 4 curved lamellar plate 04", Modifier: "weighted normals", Enable 'Auto Smooth' in Object Data Properties
ERROR (bke.modifier): ./source/blender/blenkernel/intern/modifier.cc:458 BKE_modifier_set_error: Object: "rear cuirass row 4 curved lamellar plate 05", Modifier: "weighted normals", Enable 'Auto Smooth' in Object Data Properties
ERROR (bke.modifier): ./source/blender/blenkernel/intern/modifier.cc:458 BKE_modifier_set_error: Object: "rear cuirass row 4 curved lamellar plate 06", Modifier: "weighted normals", Enable 'Auto Smooth' in Object Data Properties
ERROR (bke.modifier): ./source/blender/blenkernel/intern/modifier.cc:458 BKE_modifier_set_error: Object: "rear cuirass row 4 curved lamellar plate 07", Modifier: "weighted normals", Enable 'Auto Smooth' in Object Data Properties
ERROR (bke.modifier): ./source/blender/blenkernel/intern/modifier.cc:458 BKE_modifier_set_error: Object: "front cuirass row 4 curved lamellar plate 03", Modifier: "weighted normals", Enable 'Auto Smooth' in Object Data Properties
ERROR (bke.modifier): ./source/blender/blenkernel/intern/modifier.cc:458 BKE_modifier_set_error: Object: "front cuirass row 4 curved lamellar plate 06", Modifier: "weighted normals", Enable 'Auto Smooth' in Object Data Properties
ERROR (bke.modifier): ./source/blender/blenkernel/intern/modifier.cc:458 BKE_modifier_set_error: Object: "rear cuirass row 4 curved lamellar plate 08", Modifier: "weighted normals", Enable 'Auto Smooth' in Object Data Properties
ERROR (bke.modifier): ./source/blender/blenkernel/intern/modifier.cc:458 BKE_modifier_set_error: Object: "front cuirass row 4 curved lamellar plate 08", Modifier: "weighted normals", Enable 'Auto Smooth' in Object Data Properties
ERROR (bke.modifier): ./source/blender/blenkernel/intern/modifier.cc:458 BKE_modifier_set_error: Object: "left side helmet flange", Modifier: "weighted normals", Enable 'Auto Smooth' in Object Data Properties
ERROR (bke.modifier): ./source/blender/blenkernel/intern/modifier.cc:458 BKE_modifier_set_error: Object: "rear cuirass row 4 curved lamellar plate 09", Modifier: "weighted normals", Enable 'Auto Smooth' in Object Data Properties
ERROR (bke.modifier): ./source/blender/blenkernel/intern/modifier.cc:458 BKE_modifier_set_error: Object: "front cuirass row 4 curved lamellar plate 07", Modifier: "weighted normals", Enable 'Auto Smooth' in Object Data Properties
ERROR (bke.modifier): ./source/blender/blenkernel/intern/modifier.cc:458 BKE_modifier_set_error: Object: "front cuirass row 4 curved lamellar plate 05", Modifier: "weighted normals", Enable 'Auto Smooth' in Object Data Properties
ERROR (bke.modifier): ./source/blender/blenkernel/intern/modifier.cc:458 BKE_modifier_set_error: Object: "front cuirass row 4 curved lamellar plate 09", Modifier: "weighted normals", Enable 'Auto Smooth' in Object Data Properties
ERROR (bke.modifier): ./source/blender/blenkernel/intern/modifier.cc:458 BKE_modifier_set_error: Object: "front cuirass row 5 curved lamellar plate 01", Modifier: "weighted normals", Enable 'Auto Smooth' in Object Data Properties
ERROR (bke.modifier): ./source/blender/blenkernel/intern/modifier.cc:458 BKE_modifier_set_error: Object: "front cuirass row 5 curved lamellar plate 03", Modifier: "weighted normals", Enable 'Auto Smooth' in Object Data Properties
ERROR (bke.modifier): ./source/blender/blenkernel/intern/modifier.cc:458 BKE_modifier_set_error: Object: "front cuirass row 5 curved lamellar plate 02", Modifier: "weighted normals", Enable 'Auto Smooth' in Object Data Properties
ERROR (bke.modifier): ./source/blender/blenkernel/intern/modifier.cc:458 BKE_modifier_set_error: Object: "front cuirass row 5 curved lamellar plate 05", Modifier: "weighted normals", Enable 'Auto Smooth' in Object Data Properties
ERROR (bke.modifier): ./source/blender/blenkernel/intern/modifier.cc:458 BKE_modifier_set_error: Object: "front cuirass row 5 curved lamellar plate 04", Modifier: "weighted normals", Enable 'Auto Smooth' in Object Data Properties
ERROR (bke.modifier): ./source/blender/blenkernel/intern/modifier.cc:458 BKE_modifier_set_error: Object: "rear shikoro neck guard flare", Modifier: "weighted normals", Enable 'Auto Smooth' in Object Data Properties
ERROR (bke.modifier): ./source/blender/blenkernel/intern/modifier.cc:458 BKE_modifier_set_error: Object: "front cuirass row 5 curved lamellar plate 06", Modifier: "weighted normals", Enable 'Auto Smooth' in Object Data Properties
ERROR (bke.modifier): ./source/blender/blenkernel/intern/modifier.cc:458 BKE_modifier_set_error: Object: "front cuirass row 5 curved lamellar plate 07", Modifier: "weighted normals", Enable 'Auto Smooth' in Object Data Properties
ERROR (bke.modifier): ./source/blender/blenkernel/intern/modifier.cc:458 BKE_modifier_set_error: Object: "front cuirass row 5 curved lamellar plate 08", Modifier: "weighted normals", Enable 'Auto Smooth' in Object Data Properties
ERROR (bke.modifier): ./source/blender/blenkernel/intern/modifier.cc:458 BKE_modifier_set_error: Object: "front cuirass row 5 curved lamellar plate 09", Modifier: "weighted normals", Enable 'Auto Smooth' in Object Data Properties
ERROR (bke.modifier): ./source/blender/blenkernel/intern/modifier.cc:458 BKE_modifier_set_error: Object: "rear cuirass row 5 curved lamellar plate 01", Modifier: "weighted normals", Enable 'Auto Smooth' in Object Data Properties
ERROR (bke.modifier): ./source/blender/blenkernel/intern/modifier.cc:458 BKE_modifier_set_error: Object: "rear cuirass row 5 curved lamellar plate 05", Modifier: "weighted normals", Enable 'Auto Smooth' in Object Data Properties
ERROR (bke.modifier): ./source/blender/blenkernel/intern/modifier.cc:458 BKE_modifier_set_error: Object: "rear cuirass row 5 curved lamellar plate 02", Modifier: "weighted normals", Enable 'Auto Smooth' in Object Data Properties
ERROR (bke.modifier): ./source/blender/blenkernel/intern/modifier.cc:458 BKE_modifier_set_error: Object: "rear cuirass row 5 curved lamellar plate 04", Modifier: "weighted normals", Enable 'Auto Smooth' in Object Data Properties
ERROR (bke.modifier): ./source/blender/blenkernel/intern/modifier.cc:458 BKE_modifier_set_error: Object: "rear cuirass row 5 curved lamellar plate 03", Modifier: "weighted normals", Enable 'Auto Smooth' in Object Data Properties
ERROR (bke.modifier): ./source/blender/blenkernel/intern/modifier.cc:458 BKE_modifier_set_error: Object: "rear cuirass row 5 curved lamellar plate 06", Modifier: "weighted normals", Enable 'Auto Smooth' in Object Data Properties
ERROR (bke.modifier): ./source/blender/blenkernel/intern/modifier.cc:458 BKE_modifier_set_error: Object: "rear cuirass row 5 curved lamellar plate 08", Modifier: "weighted normals", Enable 'Auto Smooth' in Object Data Properties
ERROR (bke.modifier): ./source/blender/blenkernel/intern/modifier.cc:458 BKE_modifier_set_error: Object: "rear cuirass row 5 curved lamellar plate 07", Modifier: "weighted normals", Enable 'Auto Smooth' in Object Data Properties
ERROR (bke.modifier): ./source/blender/blenkernel/intern/modifier.cc:458 BKE_modifier_set_error: Object: "wide kabuto brim", Modifier: "weighted normals", Enable 'Auto Smooth' in Object Data Properties
ERROR (bke.modifier): ./source/blender/blenkernel/intern/modifier.cc:458 BKE_modifier_set_error: Object: "rear cuirass row 5 curved lamellar plate 09", Modifier: "weighted normals", Enable 'Auto Smooth' in Object Data Properties
ERROR (bke.modifier): ./source/blender/blenkernel/intern/modifier.cc:458 BKE_modifier_set_error: Object: "left shoulder undercloth", Modifier: "weighted normals", Enable 'Auto Smooth' in Object Data Properties
ERROR (bke.modifier): ./source/blender/blenkernel/intern/modifier.cc:458 BKE_modifier_set_error: Object: "segmented kabuto helmet bowl", Modifier: "weighted normals", Enable 'Auto Smooth' in Object Data Properties
ERROR (bke.modifier): ./source/blender/blenkernel/intern/modifier.cc:458 BKE_modifier_set_error: Object: "left armored upper arm", Modifier: "weighted normals", Enable 'Auto Smooth' in Object Data Properties
ERROR (bke.modifier): ./source/blender/blenkernel/intern/modifier.cc:458 BKE_modifier_set_error: Object: "left sode shoulder armor", Modifier: "weighted normals", Enable 'Auto Smooth' in Object Data Properties
ERROR (bke.modifier): ./source/blender/blenkernel/intern/modifier.cc:458 BKE_modifier_set_error: Object: "left kote forearm guard", Modifier: "weighted normals", Enable 'Auto Smooth' in Object Data Properties
ERROR (bke.modifier): ./source/blender/blenkernel/intern/modifier.cc:458 BKE_modifier_set_error: Object: "left leather palm volume", Modifier: "weighted normals", Enable 'Auto Smooth' in Object Data Properties
ERROR (bke.modifier): ./source/blender/blenkernel/intern/modifier.cc:458 BKE_modifier_set_error: Object: "left index fingertip", Modifier: "weighted normals", Enable 'Auto Smooth' in Object Data Properties
ERROR (bke.modifier): ./source/blender/blenkernel/intern/modifier.cc:458 BKE_modifier_set_error: Object: "left middle fingertip", Modifier: "weighted normals", Enable 'Auto Smooth' in Object Data Properties
ERROR (bke.modifier): ./source/blender/blenkernel/intern/modifier.cc:458 BKE_modifier_set_error: Object: "left ring fingertip", Modifier: "weighted normals", Enable 'Auto Smooth' in Object Data Properties
ERROR (bke.modifier): ./source/blender/blenkernel/intern/modifier.cc:458 BKE_modifier_set_error: Object: "left thumb fingertip", Modifier: "weighted normals", Enable 'Auto Smooth' in Object Data Properties
ERROR (bke.modifier): ./source/blender/blenkernel/intern/modifier.cc:458 BKE_modifier_set_error: Object: "left pinky fingertip", Modifier: "weighted normals", Enable 'Auto Smooth' in Object Data Properties
ERROR (bke.modifier): ./source/blender/blenkernel/intern/modifier.cc:458 BKE_modifier_set_error: Object: "neck guard collar", Modifier: "weighted normals", Enable 'Auto Smooth' in Object Data Properties
ERROR (bke.modifier): ./source/blender/blenkernel/intern/modifier.cc:458 BKE_modifier_set_error: Object: "right shoulder undercloth", Modifier: "weighted normals", Enable 'Auto Smooth' in Object Data Properties
ERROR (bke.modifier): ./source/blender/blenkernel/intern/modifier.cc:458 BKE_modifier_set_error: Object: "right side cuirass plate 3", Modifier: "weighted normals", Enable 'Auto Smooth' in Object Data Properties
ERROR (bke.modifier): ./source/blender/blenkernel/intern/modifier.cc:458 BKE_modifier_set_error: Object: "thin exposed neck", Modifier: "weighted normals", Enable 'Auto Smooth' in Object Data Properties
ERROR (bke.modifier): ./source/blender/blenkernel/intern/modifier.cc:458 BKE_modifier_set_error: Object: "left sode shoulder plate 4", Modifier: "weighted normals", Enable 'Auto Smooth' in Object Data Properties
ERROR (bke.modifier): ./source/blender/blenkernel/intern/modifier.cc:458 BKE_modifier_set_error: Object: "left side cuirass plate 3", Modifier: "weighted normals", Enable 'Auto Smooth' in Object Data Properties
ERROR (bke.modifier): ./source/blender/blenkernel/intern/modifier.cc:458 BKE_modifier_set_error: Object: "right armored upper arm", Modifier: "weighted normals", Enable 'Auto Smooth' in Object Data Properties
ERROR (bke.modifier): ./source/blender/blenkernel/intern/modifier.cc:458 BKE_modifier_set_error: Object: "left side cuirass plate 2", Modifier: "weighted normals", Enable 'Auto Smooth' in Object Data Properties
ERROR (bke.modifier): ./source/blender/blenkernel/intern/modifier.cc:458 BKE_modifier_set_error: Object: "left sode shoulder plate 3", Modifier: "weighted normals", Enable 'Auto Smooth' in Object Data Properties
ERROR (bke.modifier): ./source/blender/blenkernel/intern/modifier.cc:458 BKE_modifier_set_error: Object: "visible human head behind mempo", Modifier: "weighted normals", Enable 'Auto Smooth' in Object Data Properties
ERROR (bke.modifier): ./source/blender/blenkernel/intern/modifier.cc:458 BKE_modifier_set_error: Object: "right sode shoulder armor", Modifier: "weighted normals", Enable 'Auto Smooth' in Object Data Properties
ERROR (bke.modifier): ./source/blender/blenkernel/intern/modifier.cc:458 BKE_modifier_set_error: Object: "left side cuirass plate 1", Modifier: "weighted normals", Enable 'Auto Smooth' in Object Data Properties
ERROR (bke.modifier): ./source/blender/blenkernel/intern/modifier.cc:458 BKE_modifier_set_error: Object: "right kote forearm guard", Modifier: "weighted normals", Enable 'Auto Smooth' in Object Data Properties
ERROR (bke.modifier): ./source/blender/blenkernel/intern/modifier.cc:458 BKE_modifier_set_error: Object: "right leather palm volume", Modifier: "weighted normals", Enable 'Auto Smooth' in Object Data Properties
ERROR (bke.modifier): ./source/blender/blenkernel/intern/modifier.cc:458 BKE_modifier_set_error: Object: "right index fingertip", Modifier: "weighted normals", Enable 'Auto Smooth' in Object Data Properties
ERROR (bke.modifier): ./source/blender/blenkernel/intern/modifier.cc:458 BKE_modifier_set_error: Object: "left sode shoulder plate 2", Modifier: "weighted normals", Enable 'Auto Smooth' in Object Data Properties
ERROR (bke.modifier): ./source/blender/blenkernel/intern/modifier.cc:458 BKE_modifier_set_error: Object: "right middle fingertip", Modifier: "weighted normals", Enable 'Auto Smooth' in Object Data Properties
ERROR (bke.modifier): ./source/blender/blenkernel/intern/modifier.cc:458 BKE_modifier_set_error: Object: "left sode shoulder plate 1", Modifier: "weighted normals", Enable 'Auto Smooth' in Object Data Properties
ERROR (bke.modifier): ./source/blender/blenkernel/intern/modifier.cc:458 BKE_modifier_set_error: Object: "narrow waist under-kimono volume", Modifier: "weighted normals", Enable 'Auto Smooth' in Object Data Properties
ERROR (bke.modifier): ./source/blender/blenkernel/intern/modifier.cc:458 BKE_modifier_set_error: Object: "right sode shoulder plate 2", Modifier: "weighted normals", Enable 'Auto Smooth' in Object Data Properties
ERROR (bke.modifier): ./source/blender/blenkernel/intern/modifier.cc:458 BKE_modifier_set_error: Object: "right ring fingertip", Modifier: "weighted normals", Enable 'Auto Smooth' in Object Data Properties
ERROR (bke.modifier): ./source/blender/blenkernel/intern/modifier.cc:458 BKE_modifier_set_error: Object: "right pinky fingertip", Modifier: "weighted normals", Enable 'Auto Smooth' in Object Data Properties
ERROR (bke.modifier): ./source/blender/blenkernel/intern/modifier.cc:458 BKE_modifier_set_error: Object: "right thumb fingertip", Modifier: "weighted normals", Enable 'Auto Smooth' in Object Data Properties
ERROR (bke.modifier): ./source/blender/blenkernel/intern/modifier.cc:458 BKE_modifier_set_error: Object: "right side cuirass plate 2", Modifier: "weighted normals", Enable 'Auto Smooth' in Object Data Properties
ERROR (bke.modifier): ./source/blender/blenkernel/intern/modifier.cc:458 BKE_modifier_set_error: Object: "ribcage under-kimono volume", Modifier: "weighted normals", Enable 'Auto Smooth' in Object Data Properties
ERROR (bke.modifier): ./source/blender/blenkernel/intern/modifier.cc:458 BKE_modifier_set_error: Object: "right side cuirass plate 1", Modifier: "weighted normals", Enable 'Auto Smooth' in Object Data Properties
ERROR (bke.modifier): ./source/blender/blenkernel/intern/modifier.cc:458 BKE_modifier_set_error: Object: "right sode shoulder plate 3", Modifier: "weighted normals", Enable 'Auto Smooth' in Object Data Properties
ERROR (bke.modifier): ./source/blender/blenkernel/intern/modifier.cc:458 BKE_modifier_set_error: Object: "right sode shoulder plate 1", Modifier: "weighted normals", Enable 'Auto Smooth' in Object Data Properties
ERROR (bke.modifier): ./source/blender/blenkernel/intern/modifier.cc:458 BKE_modifier_set_error: Object: "rear kusazuri skirt plate -1 row 3", Modifier: "weighted normals", Enable 'Auto Smooth' in Object Data Properties
ERROR (bke.modifier): ./source/blender/blenkernel/intern/modifier.cc:458 BKE_modifier_set_error: Object: "right sode shoulder plate 4", Modifier: "weighted normals", Enable 'Auto Smooth' in Object Data Properties
ERROR (bke.modifier): ./source/blender/blenkernel/intern/modifier.cc:458 BKE_modifier_set_error: Object: "rear kusazuri skirt plate +0 row 1", Modifier: "weighted normals", Enable 'Auto Smooth' in Object Data Properties
ERROR (bke.modifier): ./source/blender/blenkernel/intern/modifier.cc:458 BKE_modifier_set_error: Object: "kusazuri skirt plate -1 row 2", Modifier: "weighted normals", Enable 'Auto Smooth' in Object Data Properties
ERROR (bke.modifier): ./source/blender/blenkernel/intern/modifier.cc:458 BKE_modifier_set_error: Object: "rear kusazuri skirt plate -1 row 2", Modifier: "weighted normals", Enable 'Auto Smooth' in Object Data Properties
ERROR (bke.modifier): ./source/blender/blenkernel/intern/modifier.cc:458 BKE_modifier_set_error: Object: "kusazuri skirt plate -1 row 1", Modifier: "weighted normals", Enable 'Auto Smooth' in Object Data Properties
ERROR (bke.modifier): ./source/blender/blenkernel/intern/modifier.cc:458 BKE_modifier_set_error: Object: "left hakama trouser leg", Modifier: "weighted normals", Enable 'Auto Smooth' in Object Data Properties
ERROR (bke.modifier): ./source/blender/blenkernel/intern/modifier.cc:458 BKE_modifier_set_error: Object: "rear kusazuri skirt plate -1 row 1", Modifier: "weighted normals", Enable 'Auto Smooth' in Object Data Properties
ERROR (bke.modifier): ./source/blender/blenkernel/intern/modifier.cc:458 BKE_modifier_set_error: Object: "matte charcoal inspection plinth", Modifier: "weighted normals", Enable 'Auto Smooth' in Object Data Properties
ERROR (bke.modifier): ./source/blender/blenkernel/intern/modifier.cc:458 BKE_modifier_set_error: Object: "kusazuri skirt plate -1 row 3", Modifier: "weighted normals", Enable 'Auto Smooth' in Object Data Properties
ERROR (bke.modifier): ./source/blender/blenkernel/intern/modifier.cc:458 BKE_modifier_set_error: Object: "kusazuri skirt plate +0 row 2", Modifier: "weighted normals", Enable 'Auto Smooth' in Object Data Properties
ERROR (bke.modifier): ./source/blender/blenkernel/intern/modifier.cc:458 BKE_modifier_set_error: Object: "kusazuri skirt plate +1 row 2", Modifier: "weighted normals", Enable 'Auto Smooth' in Object Data Properties
ERROR (bke.modifier): ./source/blender/blenkernel/intern/modifier.cc:458 BKE_modifier_set_error: Object: "rear kusazuri skirt plate +0 row 3", Modifier: "weighted normals", Enable 'Auto Smooth' in Object Data Properties
ERROR (bke.modifier): ./source/blender/blenkernel/intern/modifier.cc:458 BKE_modifier_set_error: Object: "kusazuri skirt plate +0 row 3", Modifier: "weighted normals", Enable 'Auto Smooth' in Object Data Properties
ERROR (bke.modifier): ./source/blender/blenkernel/intern/modifier.cc:458 BKE_modifier_set_error: Object: "rear kusazuri skirt plate +0 row 2", Modifier: "weighted normals", Enable 'Auto Smooth' in Object Data Properties
ERROR (bke.modifier): ./source/blender/blenkernel/intern/modifier.cc:458 BKE_modifier_set_error: Object: "left shin greave", Modifier: "weighted normals", Enable 'Auto Smooth' in Object Data Properties
ERROR (bke.modifier): ./source/blender/blenkernel/intern/modifier.cc:458 BKE_modifier_set_error: Object: "kusazuri skirt plate +0 row 1", Modifier: "weighted normals", Enable 'Auto Smooth' in Object Data Properties
ERROR (bke.modifier): ./source/blender/blenkernel/intern/modifier.cc:458 BKE_modifier_set_error: Object: "left split-toe tabi foot volume", Modifier: "weighted normals", Enable 'Auto Smooth' in Object Data Properties
ERROR (bke.modifier): ./source/blender/blenkernel/intern/modifier.cc:458 BKE_modifier_set_error: Object: "left separated big toe", Modifier: "weighted normals", Enable 'Auto Smooth' in Object Data Properties
ERROR (bke.modifier): ./source/blender/blenkernel/intern/modifier.cc:458 BKE_modifier_set_error: Object: "rear kusazuri skirt plate +1 row 1", Modifier: "weighted normals", Enable 'Auto Smooth' in Object Data Properties
ERROR (bke.modifier): ./source/blender/blenkernel/intern/modifier.cc:458 BKE_modifier_set_error: Object: "simple round clan mon on banner", Modifier: "weighted normals", Enable 'Auto Smooth' in Object Data Properties
ERROR (bke.modifier): ./source/blender/blenkernel/intern/modifier.cc:458 BKE_modifier_set_error: Object: "right hakama trouser leg", Modifier: "weighted normals", Enable 'Auto Smooth' in Object Data Properties
ERROR (bke.modifier): ./source/blender/blenkernel/intern/modifier.cc:458 BKE_modifier_set_error: Object: "right shin greave", Modifier: "weighted normals", Enable 'Auto Smooth' in Object Data Properties
ERROR (bke.modifier): ./source/blender/blenkernel/intern/modifier.cc:458 BKE_modifier_set_error: Object: "right split-toe tabi foot volume", Modifier: "weighted normals", Enable 'Auto Smooth' in Object Data Properties
ERROR (bke.modifier): ./source/blender/blenkernel/intern/modifier.cc:458 BKE_modifier_set_error: Object: "right separated big toe", Modifier: "weighted normals", Enable 'Auto Smooth' in Object Data Properties
ERROR (bke.modifier): ./source/blender/blenkernel/intern/modifier.cc:458 BKE_modifier_set_error: Object: "kusazuri skirt plate +1 row 1", Modifier: "weighted normals", Enable 'Auto Smooth' in Object Data Properties
ERROR (bke.modifier): ./source/blender/blenkernel/intern/modifier.cc:458 BKE_modifier_set_error: Object: "right outer toe group", Modifier: "weighted normals", Enable 'Auto Smooth' in Object Data Properties
ERROR (bke.modifier): ./source/blender/blenkernel/intern/modifier.cc:458 BKE_modifier_set_error: Object: "left outer toe group", Modifier: "weighted normals", Enable 'Auto Smooth' in Object Data Properties
ERROR (bke.modifier): ./source/blender/blenkernel/intern/modifier.cc:458 BKE_modifier_set_error: Object: "kusazuri skirt plate +1 row 3", Modifier: "weighted normals", Enable 'Auto Smooth' in Object Data Properties
ERROR (bke.modifier): ./source/blender/blenkernel/intern/modifier.cc:458 BKE_modifier_set_error: Object: "wrapped katana grip", Modifier: "weighted normals", Enable 'Auto Smooth' in Object Data Properties
ERROR (bke.modifier): ./source/blender/blenkernel/intern/modifier.cc:458 BKE_modifier_set_error: Object: "left woven waraji sole grounded", Modifier: "weighted normals", Enable 'Auto Smooth' in Object Data Properties
ERROR (bke.modifier): ./source/blender/blenkernel/intern/modifier.cc:458 BKE_modifier_set_error: Object: "cloth sashimono banner panel", Modifier: "weighted normals", Enable 'Auto Smooth' in Object Data Properties
ERROR (bke.modifier): ./source/blender/blenkernel/intern/modifier.cc:458 BKE_modifier_set_error: Object: "rear kusazuri skirt plate +1 row 2", Modifier: "weighted normals", Enable 'Auto Smooth' in Object Data Properties
ERROR (bke.modifier): ./source/blender/blenkernel/intern/modifier.cc:458 BKE_modifier_set_error: Object: "rear kusazuri skirt plate +1 row 3", Modifier: "weighted normals", Enable 'Auto Smooth' in Object Data Properties
ERROR (bke.modifier): ./source/blender/blenkernel/intern/modifier.cc:458 BKE_modifier_set_error: Object: "right woven waraji sole grounded", Modifier: "weighted normals", Enable 'Auto Smooth' in Object Data Properties
ERROR (bke.modifier): ./source/blender/blenkernel/intern/modifier.cc:458 BKE_modifier_set_error: Object: "small lacquered sashimono crossbar", Modifier: "weighted normals", Enable 'Auto Smooth' in Object Data Properties
ERROR (bke.modifier): ./source/blender/blenkernel/intern/modifier.cc:458 BKE_modifier_set_error: Object: "square tsuba guard", Modifier: "weighted normals", Enable 'Auto Smooth' in Object Data Properties
Fra:1 Mem:52.29M (Peak 52.32M) | Time:00:00.05 | Syncing matte charcoal inspection plinth
Fra:1 Mem:52.31M (Peak 52.35M) | Time:00:00.05 | Syncing ribcage under-kimono volume
Fra:1 Mem:52.40M (Peak 52.40M) | Time:00:00.05 | Syncing narrow waist under-kimono volume
Fra:1 Mem:52.47M (Peak 52.47M) | Time:00:00.05 | Syncing visible human head behind mempo
Fra:1 Mem:52.56M (Peak 52.56M) | Time:00:00.05 | Syncing thin exposed neck
Fra:1 Mem:52.57M (Peak 52.57M) | Time:00:00.05 | Syncing neck guard collar
Fra:1 Mem:52.58M (Peak 52.63M) | Time:00:00.05 | Syncing segmented kabuto helmet bowl
Fra:1 Mem:52.75M (Peak 52.76M) | Time:00:00.05 | Syncing wide kabuto brim
Fra:1 Mem:52.78M (Peak 52.78M) | Time:00:00.05 | Syncing rear shikoro neck guard flare
Fra:1 Mem:52.80M (Peak 52.80M) | Time:00:00.05 | Syncing left side helmet flange
Fra:1 Mem:52.81M (Peak 52.81M) | Time:00:00.05 | Syncing right side helmet flange
Fra:1 Mem:52.82M (Peak 52.82M) | Time:00:00.05 | Syncing golden maedate crescent crest
Fra:1 Mem:52.84M (Peak 52.89M) | Time:00:00.05 | Syncing crest central rivet
Fra:1 Mem:52.85M (Peak 52.89M) | Time:00:00.05 | Syncing dark iron mempo cheek mask
Fra:1 Mem:52.94M (Peak 52.94M) | Time:00:00.05 | Syncing mempo nose ridge
Fra:1 Mem:52.95M (Peak 52.95M) | Time:00:00.05 | Syncing left eye slit
Fra:1 Mem:52.97M (Peak 52.97M) | Time:00:00.05 | Syncing right eye slit
Fra:1 Mem:52.98M (Peak 52.98M) | Time:00:00.05 | Syncing mempo grim mouth slit
Fra:1 Mem:52.99M (Peak 52.99M) | Time:00:00.05 | Syncing left mask moustache bristle
Fra:1 Mem:53.00M (Peak 53.00M) | Time:00:00.05 | Syncing right mask moustache bristle
Fra:1 Mem:53.01M (Peak 53.01M) | Time:00:00.05 | Syncing throat guard row 1 curved lamella
Fra:1 Mem:53.03M (Peak 53.03M) | Time:00:00.05 | Syncing throat guard row 1 curved lamella
Fra:1 Mem:53.06M (Peak 53.06M) | Time:00:00.05 | Syncing throat guard row 1 curved lamella
Fra:1 Mem:53.08M (Peak 53.08M) | Time:00:00.05 | Syncing throat guard row 1 curved lamella
Fra:1 Mem:53.10M (Peak 53.10M) | Time:00:00.05 | Syncing throat guard row 1 curved lamella
Fra:1 Mem:53.13M (Peak 53.13M) | Time:00:00.05 | Syncing throat guard row 2 curved lamella
Fra:1 Mem:53.15M (Peak 53.15M) | Time:00:00.05 | Syncing throat guard row 2 curved lamella
Fra:1 Mem:53.18M (Peak 53.18M) | Time:00:00.06 | Syncing throat guard row 2 curved lamella
Fra:1 Mem:53.20M (Peak 53.20M) | Time:00:00.06 | Syncing throat guard row 2 curved lamella
Fra:1 Mem:53.22M (Peak 53.22M) | Time:00:00.06 | Syncing throat guard row 2 curved lamella
Fra:1 Mem:53.25M (Peak 53.25M) | Time:00:00.06 | Syncing throat guard row 3 curved lamella
Fra:1 Mem:53.27M (Peak 53.27M) | Time:00:00.06 | Syncing throat guard row 3 curved lamella
Fra:1 Mem:53.30M (Peak 53.30M) | Time:00:00.06 | Syncing throat guard row 3 curved lamella
Fra:1 Mem:53.32M (Peak 53.32M) | Time:00:00.06 | Syncing throat guard row 3 curved lamella
Fra:1 Mem:53.34M (Peak 53.34M) | Time:00:00.06 | Syncing throat guard row 3 curved lamella
Fra:1 Mem:53.37M (Peak 53.37M) | Time:00:00.06 | Syncing upper do cuirass fitted shell
Fra:1 Mem:53.47M (Peak 53.47M) | Time:00:00.06 | Syncing lower do cuirass narrowed shell
Fra:1 Mem:53.55M (Peak 53.55M) | Time:00:00.06 | Syncing front cuirass row 1 curved lamell
Fra:1 Mem:53.58M (Peak 53.58M) | Time:00:00.06 | Syncing front cuirass row 1 curved lamell
Fra:1 Mem:53.60M (Peak 53.60M) | Time:00:00.06 | Syncing front cuirass row 1 curved lamell
Fra:1 Mem:53.63M (Peak 53.63M) | Time:00:00.06 | Syncing front cuirass row 1 curved lamell
Fra:1 Mem:53.65M (Peak 53.65M) | Time:00:00.06 | Syncing front cuirass row 1 curved lamell
Fra:1 Mem:53.67M (Peak 53.67M) | Time:00:00.06 | Syncing front cuirass row 1 curved lamell
Fra:1 Mem:53.70M (Peak 53.70M) | Time:00:00.06 | Syncing front cuirass row 1 curved lamell
Fra:1 Mem:53.72M (Peak 53.72M) | Time:00:00.06 | Syncing front cuirass row 1 curved lamell
Fra:1 Mem:53.75M (Peak 53.75M) | Time:00:00.06 | Syncing front cuirass row 1 curved lamell
Fra:1 Mem:53.77M (Peak 53.77M) | Time:00:00.06 | Syncing rear cuirass row 1 curved lamella
Fra:1 Mem:53.79M (Peak 53.79M) | Time:00:00.06 | Syncing rear cuirass row 1 curved lamella
Fra:1 Mem:53.82M (Peak 53.82M) | Time:00:00.06 | Syncing rear cuirass row 1 curved lamella
Fra:1 Mem:53.84M (Peak 53.84M) | Time:00:00.06 | Syncing rear cuirass row 1 curved lamella
Fra:1 Mem:53.87M (Peak 53.87M) | Time:00:00.06 | Syncing rear cuirass row 1 curved lamella
Fra:1 Mem:53.89M (Peak 53.89M) | Time:00:00.06 | Syncing rear cuirass row 1 curved lamella
Fra:1 Mem:53.91M (Peak 53.91M) | Time:00:00.06 | Syncing rear cuirass row 1 curved lamella
Fra:1 Mem:53.94M (Peak 53.94M) | Time:00:00.06 | Syncing rear cuirass row 1 curved lamella
Fra:1 Mem:53.96M (Peak 53.96M) | Time:00:00.06 | Syncing rear cuirass row 1 curved lamella
Fra:1 Mem:53.98M (Peak 53.98M) | Time:00:00.06 | Syncing front cuirass row 2 curved lamell
Fra:1 Mem:54.01M (Peak 54.01M) | Time:00:00.06 | Syncing front cuirass row 2 curved lamell
Fra:1 Mem:54.03M (Peak 54.03M) | Time:00:00.06 | Syncing front cuirass row 2 curved lamell
Fra:1 Mem:54.06M (Peak 54.06M) | Time:00:00.06 | Syncing front cuirass row 2 curved lamell
Fra:1 Mem:54.08M (Peak 54.08M) | Time:00:00.06 | Syncing front cuirass row 2 curved lamell
Fra:1 Mem:54.10M (Peak 54.10M) | Time:00:00.06 | Syncing front cuirass row 2 curved lamell
Fra:1 Mem:54.13M (Peak 54.13M) | Time:00:00.06 | Syncing front cuirass row 2 curved lamell
Fra:1 Mem:54.15M (Peak 54.15M) | Time:00:00.06 | Syncing front cuirass row 2 curved lamell
Fra:1 Mem:54.18M (Peak 54.18M) | Time:00:00.06 | Syncing front cuirass row 2 curved lamell
Fra:1 Mem:54.20M (Peak 54.20M) | Time:00:00.06 | Syncing rear cuirass row 2 curved lamella
Fra:1 Mem:54.23M (Peak 54.23M) | Time:00:00.06 | Syncing rear cuirass row 2 curved lamella
Fra:1 Mem:54.25M (Peak 54.25M) | Time:00:00.06 | Syncing rear cuirass row 2 curved lamella
Fra:1 Mem:54.27M (Peak 54.27M) | Time:00:00.06 | Syncing rear cuirass row 2 curved lamella
Fra:1 Mem:54.30M (Peak 54.30M) | Time:00:00.06 | Syncing rear cuirass row 2 curved lamella
Fra:1 Mem:54.32M (Peak 54.32M) | Time:00:00.06 | Syncing rear cuirass row 2 curved lamella
Fra:1 Mem:54.35M (Peak 54.35M) | Time:00:00.06 | Syncing rear cuirass row 2 curved lamella
Fra:1 Mem:54.37M (Peak 54.37M) | Time:00:00.06 | Syncing rear cuirass row 2 curved lamella
Fra:1 Mem:54.39M (Peak 54.39M) | Time:00:00.06 | Syncing rear cuirass row 2 curved lamella
Fra:1 Mem:54.42M (Peak 54.42M) | Time:00:00.06 | Syncing front cuirass row 3 curved lamell
Fra:1 Mem:54.44M (Peak 54.44M) | Time:00:00.06 | Syncing front cuirass row 3 curved lamell
Fra:1 Mem:54.47M (Peak 54.47M) | Time:00:00.06 | Syncing front cuirass row 3 curved lamell
Fra:1 Mem:54.49M (Peak 54.49M) | Time:00:00.06 | Syncing front cuirass row 3 curved lamell
Fra:1 Mem:54.51M (Peak 54.51M) | Time:00:00.06 | Syncing front cuirass row 3 curved lamell
Fra:1 Mem:54.54M (Peak 54.54M) | Time:00:00.06 | Syncing front cuirass row 3 curved lamell
Fra:1 Mem:54.56M (Peak 54.56M) | Time:00:00.06 | Syncing front cuirass row 3 curved lamell
Fra:1 Mem:54.59M (Peak 54.59M) | Time:00:00.06 | Syncing front cuirass row 3 curved lamell
Fra:1 Mem:54.61M (Peak 54.61M) | Time:00:00.06 | Syncing front cuirass row 3 curved lamell
Fra:1 Mem:54.63M (Peak 54.63M) | Time:00:00.06 | Syncing rear cuirass row 3 curved lamella
Fra:1 Mem:54.66M (Peak 54.66M) | Time:00:00.06 | Syncing rear cuirass row 3 curved lamella
Fra:1 Mem:54.68M (Peak 54.68M) | Time:00:00.06 | Syncing rear cuirass row 3 curved lamella
Fra:1 Mem:54.71M (Peak 54.71M) | Time:00:00.06 | Syncing rear cuirass row 3 curved lamella
Fra:1 Mem:54.73M (Peak 54.73M) | Time:00:00.06 | Syncing rear cuirass row 3 curved lamella
Fra:1 Mem:54.75M (Peak 54.75M) | Time:00:00.06 | Syncing rear cuirass row 3 curved lamella
Fra:1 Mem:54.78M (Peak 54.78M) | Time:00:00.06 | Syncing rear cuirass row 3 curved lamella
Fra:1 Mem:54.80M (Peak 54.80M) | Time:00:00.07 | Syncing rear cuirass row 3 curved lamella
Fra:1 Mem:54.83M (Peak 54.83M) | Time:00:00.07 | Syncing rear cuirass row 3 curved lamella
Fra:1 Mem:54.85M (Peak 54.85M) | Time:00:00.07 | Syncing front cuirass row 4 curved lamell
Fra:1 Mem:54.87M (Peak 54.87M) | Time:00:00.07 | Syncing front cuirass row 4 curved lamell
Fra:1 Mem:54.90M (Peak 54.90M) | Time:00:00.07 | Syncing front cuirass row 4 curved lamell
Fra:1 Mem:54.92M (Peak 54.92M) | Time:00:00.07 | Syncing front cuirass row 4 curved lamell
Fra:1 Mem:54.95M (Peak 54.95M) | Time:00:00.07 | Syncing front cuirass row 4 curved lamell
Fra:1 Mem:54.97M (Peak 54.97M) | Time:00:00.07 | Syncing front cuirass row 4 curved lamell
Fra:1 Mem:54.99M (Peak 54.99M) | Time:00:00.07 | Syncing front cuirass row 4 curved lamell
Fra:1 Mem:55.02M (Peak 55.02M) | Time:00:00.07 | Syncing front cuirass row 4 curved lamell
Fra:1 Mem:55.04M (Peak 55.04M) | Time:00:00.07 | Syncing front cuirass row 4 curved lamell
Fra:1 Mem:55.07M (Peak 55.07M) | Time:00:00.07 | Syncing rear cuirass row 4 curved lamella
Fra:1 Mem:55.09M (Peak 55.09M) | Time:00:00.07 | Syncing rear cuirass row 4 curved lamella
Fra:1 Mem:55.11M (Peak 55.11M) | Time:00:00.07 | Syncing rear cuirass row 4 curved lamella
Fra:1 Mem:55.14M (Peak 55.14M) | Time:00:00.07 | Syncing rear cuirass row 4 curved lamella
Fra:1 Mem:55.16M (Peak 55.16M) | Time:00:00.07 | Syncing rear cuirass row 4 curved lamella
Fra:1 Mem:55.19M (Peak 55.19M) | Time:00:00.07 | Syncing rear cuirass row 4 curved lamella
Fra:1 Mem:55.21M (Peak 55.21M) | Time:00:00.07 | Syncing rear cuirass row 4 curved lamella
Fra:1 Mem:55.23M (Peak 55.23M) | Time:00:00.07 | Syncing rear cuirass row 4 curved lamella
Fra:1 Mem:55.26M (Peak 55.26M) | Time:00:00.07 | Syncing rear cuirass row 4 curved lamella
Fra:1 Mem:55.28M (Peak 55.28M) | Time:00:00.07 | Syncing front cuirass row 5 curved lamell
Fra:1 Mem:55.31M (Peak 55.31M) | Time:00:00.07 | Syncing front cuirass row 5 curved lamell
Fra:1 Mem:55.33M (Peak 55.33M) | Time:00:00.07 | Syncing front cuirass row 5 curved lamell
Fra:1 Mem:55.35M (Peak 55.35M) | Time:00:00.07 | Syncing front cuirass row 5 curved lamell
Fra:1 Mem:55.38M (Peak 55.38M) | Time:00:00.07 | Syncing front cuirass row 5 curved lamell
Fra:1 Mem:55.40M (Peak 55.40M) | Time:00:00.07 | Syncing front cuirass row 5 curved lamell
Fra:1 Mem:55.43M (Peak 55.43M) | Time:00:00.07 | Syncing front cuirass row 5 curved lamell
Fra:1 Mem:55.45M (Peak 55.45M) | Time:00:00.07 | Syncing front cuirass row 5 curved lamell
Fra:1 Mem:55.47M (Peak 55.47M) | Time:00:00.07 | Syncing front cuirass row 5 curved lamell
Fra:1 Mem:55.50M (Peak 55.50M) | Time:00:00.07 | Syncing rear cuirass row 5 curved lamella
Fra:1 Mem:55.52M (Peak 55.52M) | Time:00:00.07 | Syncing rear cuirass row 5 curved lamella
Fra:1 Mem:55.55M (Peak 55.55M) | Time:00:00.07 | Syncing rear cuirass row 5 curved lamella
Fra:1 Mem:55.57M (Peak 55.57M) | Time:00:00.07 | Syncing rear cuirass row 5 curved lamella
Fra:1 Mem:55.59M (Peak 55.59M) | Time:00:00.07 | Syncing rear cuirass row 5 curved lamella
Fra:1 Mem:55.62M (Peak 55.62M) | Time:00:00.07 | Syncing rear cuirass row 5 curved lamella
Fra:1 Mem:55.64M (Peak 55.64M) | Time:00:00.07 | Syncing rear cuirass row 5 curved lamella
Fra:1 Mem:55.67M (Peak 55.67M) | Time:00:00.07 | Syncing rear cuirass row 5 curved lamella
Fra:1 Mem:55.69M (Peak 55.69M) | Time:00:00.07 | Syncing rear cuirass row 5 curved lamella
Fra:1 Mem:55.71M (Peak 55.71M) | Time:00:00.07 | Syncing left side cuirass plate 1
Fra:1 Mem:55.73M (Peak 55.73M) | Time:00:00.07 | Syncing left side cuirass plate 2
Fra:1 Mem:55.74M (Peak 55.74M) | Time:00:00.07 | Syncing left side cuirass plate 3
Fra:1 Mem:55.76M (Peak 55.76M) | Time:00:00.07 | Syncing right side cuirass plate 1
Fra:1 Mem:55.77M (Peak 55.77M) | Time:00:00.07 | Syncing right side cuirass plate 2
Fra:1 Mem:55.79M (Peak 55.79M) | Time:00:00.07 | Syncing right side cuirass plate 3
Fra:1 Mem:55.80M (Peak 55.80M) | Time:00:00.07 | Syncing left shoulder undercloth
Fra:1 Mem:55.86M (Peak 55.86M) | Time:00:00.07 | Syncing left sode shoulder plate 1
Fra:1 Mem:55.87M (Peak 55.87M) | Time:00:00.07 | Syncing left sode shoulder plate 2
Fra:1 Mem:55.88M (Peak 55.88M) | Time:00:00.07 | Syncing left sode shoulder plate 3
Fra:1 Mem:55.90M (Peak 55.90M) | Time:00:00.07 | Syncing left sode shoulder plate 4
Fra:1 Mem:55.91M (Peak 55.91M) | Time:00:00.07 | Syncing left armored upper arm
Fra:1 Mem:55.97M (Peak 55.97M) | Time:00:00.07 | Syncing left sode shoulder armor
Fra:1 Mem:56.01M (Peak 56.01M) | Time:00:00.07 | Syncing left kote forearm guard
Fra:1 Mem:56.06M (Peak 56.06M) | Time:00:00.07 | Syncing left leather palm volume
Fra:1 Mem:56.10M (Peak 56.12M) | Time:00:00.07 | Syncing left articulated index finger
Fra:1 Mem:56.11M (Peak 56.12M) | Time:00:00.07 | Syncing left index fingertip
Fra:1 Mem:56.12M (Peak 56.12M) | Time:00:00.07 | Syncing left articulated middle finger
Fra:1 Mem:56.13M (Peak 56.13M) | Time:00:00.07 | Syncing left middle fingertip
Fra:1 Mem:56.14M (Peak 56.14M) | Time:00:00.07 | Syncing left articulated ring finger
Fra:1 Mem:56.15M (Peak 56.15M) | Time:00:00.07 | Syncing left ring fingertip
Fra:1 Mem:56.17M (Peak 56.17M) | Time:00:00.07 | Syncing left articulated pinky finger
Fra:1 Mem:56.18M (Peak 56.18M) | Time:00:00.07 | Syncing left pinky fingertip
Fra:1 Mem:56.19M (Peak 56.19M) | Time:00:00.07 | Syncing left opposed thumb
Fra:1 Mem:56.20M (Peak 56.20M) | Time:00:00.07 | Syncing left thumb fingertip
Fra:1 Mem:56.21M (Peak 56.21M) | Time:00:00.07 | Syncing right shoulder undercloth
Fra:1 Mem:56.27M (Peak 56.27M) | Time:00:00.07 | Syncing right sode shoulder plate 1
Fra:1 Mem:56.28M (Peak 56.28M) | Time:00:00.07 | Syncing right sode shoulder plate 2
Fra:1 Mem:56.29M (Peak 56.29M) | Time:00:00.07 | Syncing right sode shoulder plate 3
Fra:1 Mem:56.31M (Peak 56.31M) | Time:00:00.07 | Syncing right sode shoulder plate 4
Fra:1 Mem:56.32M (Peak 56.32M) | Time:00:00.07 | Syncing right armored upper arm
Fra:1 Mem:56.38M (Peak 56.38M) | Time:00:00.07 | Syncing right sode shoulder armor
Fra:1 Mem:56.42M (Peak 56.42M) | Time:00:00.07 | Syncing right kote forearm guard
Fra:1 Mem:56.48M (Peak 56.48M) | Time:00:00.07 | Syncing right leather palm volume
Fra:1 Mem:56.51M (Peak 56.51M) | Time:00:00.07 | Syncing right articulated index finger
Fra:1 Mem:56.52M (Peak 56.52M) | Time:00:00.07 | Syncing right index fingertip
Fra:1 Mem:56.53M (Peak 56.53M) | Time:00:00.07 | Syncing right articulated middle finger
Fra:1 Mem:56.54M (Peak 56.54M) | Time:00:00.07 | Syncing right middle fingertip
Fra:1 Mem:56.55M (Peak 56.55M) | Time:00:00.07 | Syncing right articulated ring finger
Fra:1 Mem:56.56M (Peak 56.56M) | Time:00:00.07 | Syncing right ring fingertip
Fra:1 Mem:56.58M (Peak 56.58M) | Time:00:00.07 | Syncing right articulated pinky finger
Fra:1 Mem:56.59M (Peak 56.59M) | Time:00:00.07 | Syncing right pinky fingertip
Fra:1 Mem:56.60M (Peak 56.60M) | Time:00:00.07 | Syncing right opposed thumb
Fra:1 Mem:56.61M (Peak 56.61M) | Time:00:00.07 | Syncing right thumb fingertip
Fra:1 Mem:56.62M (Peak 56.62M) | Time:00:00.07 | Syncing kusazuri skirt plate -1 row 1
Fra:1 Mem:56.64M (Peak 56.64M) | Time:00:00.07 | Syncing rear kusazuri skirt plate -1 row 
Fra:1 Mem:56.65M (Peak 56.65M) | Time:00:00.07 | Syncing kusazuri skirt plate -1 row 2
Fra:1 Mem:56.66M (Peak 56.66M) | Time:00:00.07 | Syncing rear kusazuri skirt plate -1 row 
Fra:1 Mem:56.68M (Peak 56.68M) | Time:00:00.07 | Syncing kusazuri skirt plate -1 row 3
Fra:1 Mem:56.69M (Peak 56.69M) | Time:00:00.07 | Syncing rear kusazuri skirt plate -1 row 
Fra:1 Mem:56.71M (Peak 56.71M) | Time:00:00.07 | Syncing kusazuri skirt plate +0 row 1
Fra:1 Mem:56.72M (Peak 56.72M) | Time:00:00.07 | Syncing rear kusazuri skirt plate +0 row 
Fra:1 Mem:56.73M (Peak 56.73M) | Time:00:00.07 | Syncing kusazuri skirt plate +0 row 2
Fra:1 Mem:56.75M (Peak 56.75M) | Time:00:00.07 | Syncing rear kusazuri skirt plate +0 row 
Fra:1 Mem:56.76M (Peak 56.76M) | Time:00:00.07 | Syncing kusazuri skirt plate +0 row 3
Fra:1 Mem:56.78M (Peak 56.78M) | Time:00:00.07 | Syncing rear kusazuri skirt plate +0 row 
Fra:1 Mem:56.79M (Peak 56.79M) | Time:00:00.07 | Syncing kusazuri skirt plate +1 row 1
Fra:1 Mem:56.80M (Peak 56.80M) | Time:00:00.07 | Syncing rear kusazuri skirt plate +1 row 
Fra:1 Mem:56.82M (Peak 56.82M) | Time:00:00.08 | Syncing kusazuri skirt plate +1 row 2
Fra:1 Mem:56.83M (Peak 56.83M) | Time:00:00.08 | Syncing rear kusazuri skirt plate +1 row 
Fra:1 Mem:56.84M (Peak 56.84M) | Time:00:00.08 | Syncing kusazuri skirt plate +1 row 3
Fra:1 Mem:56.86M (Peak 56.86M) | Time:00:00.08 | Syncing rear kusazuri skirt plate +1 row 
Fra:1 Mem:56.87M (Peak 56.87M) | Time:00:00.08 | Syncing left hakama trouser leg
Fra:1 Mem:56.93M (Peak 56.93M) | Time:00:00.08 | Syncing left shin greave
Fra:1 Mem:56.98M (Peak 56.98M) | Time:00:00.08 | Syncing left split-toe tabi foot volume
Fra:1 Mem:57.03M (Peak 57.03M) | Time:00:00.08 | Syncing left separated big toe
Fra:1 Mem:57.05M (Peak 57.05M) | Time:00:00.08 | Syncing left outer toe group
Fra:1 Mem:57.07M (Peak 57.07M) | Time:00:00.08 | Syncing left woven waraji sole grounded
Fra:1 Mem:57.08M (Peak 57.08M) | Time:00:00.08 | Syncing left sandal toe strap
Fra:1 Mem:57.09M (Peak 57.15M) | Time:00:00.08 | Syncing left heel strap
Fra:1 Mem:57.09M (Peak 57.15M) | Time:00:00.08 | Syncing left hakama pleat 1
Fra:1 Mem:57.10M (Peak 57.15M) | Time:00:00.08 | Syncing left hakama pleat 2
Fra:1 Mem:57.11M (Peak 57.15M) | Time:00:00.08 | Syncing left hakama pleat 3
Fra:1 Mem:57.12M (Peak 57.15M) | Time:00:00.08 | Syncing right hakama trouser leg
Fra:1 Mem:57.20M (Peak 57.20M) | Time:00:00.08 | Syncing right shin greave
Fra:1 Mem:57.26M (Peak 57.26M) | Time:00:00.08 | Syncing right split-toe tabi foot volume
Fra:1 Mem:57.30M (Peak 57.30M) | Time:00:00.08 | Syncing right separated big toe
Fra:1 Mem:57.33M (Peak 57.33M) | Time:00:00.08 | Syncing right outer toe group
Fra:1 Mem:57.35M (Peak 57.35M) | Time:00:00.08 | Syncing right woven waraji sole grounded
Fra:1 Mem:57.35M (Peak 57.35M) | Time:00:00.08 | Syncing right sandal toe strap
Fra:1 Mem:57.36M (Peak 57.36M) | Time:00:00.08 | Syncing right heel strap
Fra:1 Mem:57.37M (Peak 57.37M) | Time:00:00.08 | Syncing right hakama pleat 1
Fra:1 Mem:57.37M (Peak 57.37M) | Time:00:00.08 | Syncing right hakama pleat 2
Fra:1 Mem:57.38M (Peak 57.38M) | Time:00:00.08 | Syncing right hakama pleat 3
Fra:1 Mem:57.38M (Peak 57.38M) | Time:00:00.08 | Syncing drawn katana blade spine
Fra:1 Mem:57.39M (Peak 57.45M) | Time:00:00.08 | Syncing bright sharpened katana edge
Fra:1 Mem:57.40M (Peak 57.45M) | Time:00:00.08 | Syncing wrapped katana grip
Fra:1 Mem:57.41M (Peak 57.45M) | Time:00:00.08 | Syncing square tsuba guard
Fra:1 Mem:57.42M (Peak 57.45M) | Time:00:00.08 | Syncing lacquered saya scabbard at left h
Fra:1 Mem:57.43M (Peak 57.45M) | Time:00:00.08 | Syncing waist sash tying armor
Fra:1 Mem:57.43M (Peak 57.45M) | Time:00:00.08 | Syncing bamboo sashimono back pole
Fra:1 Mem:57.44M (Peak 57.45M) | Time:00:00.08 | Syncing small lacquered sashimono crossba
Fra:1 Mem:57.46M (Peak 57.46M) | Time:00:00.08 | Syncing cloth sashimono banner panel
Fra:1 Mem:57.47M (Peak 57.52M) | Time:00:00.08 | Syncing simple round clan mon on banner
Fra:1 Mem:57.51M (Peak 57.52M) | Time:00:00.08 | Syncing cool key
Fra:1 Mem:57.51M (Peak 57.52M) | Time:00:00.08 | Syncing rim
Fra:1 Mem:57.51M (Peak 57.52M) | Time:00:00.08 | Syncing hero cam
Fra:1 Mem:57.51M (Peak 57.52M) | Time:00:00.08 | Syncing samurai_v2_provenance
Fra:1 Mem:57.54M (Peak 57.64M) | Time:00:00.09 | Rendering 1 / 32 samples
Fra:1 Mem:54.65M (Peak 57.64M) | Time:00:02.57 | Rendering 26 / 32 samples
Fra:1 Mem:54.65M (Peak 57.64M) | Time:00:03.02 | Rendering 32 / 32 samples
Saved: '/tmp/factoryx-v21-render/samurai-repaired-full-20-v21/uesugi-01/turntable_003.png'
 Time: 00:03.15 (Saving: 00:00.03)

ERROR (bke.modifier): ./source/blender/blenkernel/intern/modifier.cc:458 BKE_modifier_set_error: Object: "neck guard collar", Modifier: "weighted normals", Enable 'Auto Smooth' in Object Data Properties
ERROR (bke.modifier): ./source/blender/blenkernel/intern/modifier.cc:458 BKE_modifier_set_error: Object: "wide kabuto brim", Modifier: "weighted normals", Enable 'Auto Smooth' in Object Data Properties
ERROR (bke.modifier): ./source/blender/blenkernel/intern/modifier.cc:458 BKE_modifier_set_error: Object: "segmented kabuto helmet bowl", Modifier: "weighted normals", Enable 'Auto Smooth' in Object Data Properties
ERROR (bke.modifier): ./source/blender/blenkernel/intern/modifier.cc:458 BKE_modifier_set_error: Object: "rear shikoro neck guard flare", Modifier: "weighted normals", Enable 'Auto Smooth' in Object Data Properties
ERROR (bke.modifier): ./source/blender/blenkernel/intern/modifier.cc:458 BKE_modifier_set_error: Object: "thin exposed neck", Modifier: "weighted normals", Enable 'Auto Smooth' in Object Data Properties
ERROR (bke.modifier): ./source/blender/blenkernel/intern/modifier.cc:458 BKE_modifier_set_error: Object: "visible human head behind mempo", Modifier: "weighted normals", Enable 'Auto Smooth' in Object Data Properties
ERROR (bke.modifier): ./source/blender/blenkernel/intern/modifier.cc:458 BKE_modifier_set_error: Object: "crest central rivet", Modifier: "weighted normals", Enable 'Auto Smooth' in Object Data Properties
ERROR (bke.modifier): ./source/blender/blenkernel/intern/modifier.cc:458 BKE_modifier_set_error: Object: "dark iron mempo cheek mask", Modifier: "weighted normals", Enable 'Auto Smooth' in Object Data Properties
ERROR (bke.modifier): ./source/blender/blenkernel/intern/modifier.cc:458 BKE_modifier_set_error: Object: "throat guard row 1 curved lamellar plate 01", Modifier: "weighted normals", Enable 'Auto Smooth' in Object Data Properties
ERROR (bke.modifier): ./source/blender/blenkernel/intern/modifier.cc:458 BKE_modifier_set_error: Object: "throat guard row 1 curved lamellar plate 02", Modifier: "weighted normals", Enable 'Auto Smooth' in Object Data Properties
ERROR (bke.modifier): ./source/blender/blenkernel/intern/modifier.cc:458 BKE_modifier_set_error: Object: "throat guard row 1 curved lamellar plate 03", Modifier: "weighted normals", Enable 'Auto Smooth' in Object Data Properties
ERROR (bke.modifier): ./source/blender/blenkernel/intern/modifier.cc:458 BKE_modifier_set_error: Object: "throat guard row 1 curved lamellar plate 04", Modifier: "weighted normals", Enable 'Auto Smooth' in Object Data Properties
ERROR (bke.modifier): ./source/blender/blenkernel/intern/modifier.cc:458 BKE_modifier_set_error: Object: "narrow waist under-kimono volume", Modifier: "weighted normals", Enable 'Auto Smooth' in Object Data Properties
ERROR (bke.modifier): ./source/blender/blenkernel/intern/modifier.cc:458 BKE_modifier_set_error: Object: "throat guard row 1 curved lamellar plate 05", Modifier: "weighted normals", Enable 'Auto Smooth' in Object Data Properties
ERROR (bke.modifier): ./source/blender/blenkernel/intern/modifier.cc:458 BKE_modifier_set_error: Object: "throat guard row 2 curved lamellar plate 01", Modifier: "weighted normals", Enable 'Auto Smooth' in Object Data Properties
ERROR (bke.modifier): ./source/blender/blenkernel/intern/modifier.cc:458 BKE_modifier_set_error: Object: "throat guard row 2 curved lamellar plate 02", Modifier: "weighted normals", Enable 'Auto Smooth' in Object Data Properties
ERROR (bke.modifier): ./source/blender/blenkernel/intern/modifier.cc:458 BKE_modifier_set_error: Object: "throat guard row 2 curved lamellar plate 04", Modifier: "weighted normals", Enable 'Auto Smooth' in Object Data Properties
ERROR (bke.modifier): ./source/blender/blenkernel/intern/modifier.cc:458 BKE_modifier_set_error: Object: "throat guard row 2 curved lamellar plate 05", Modifier: "weighted normals", Enable 'Auto Smooth' in Object Data Properties
ERROR (bke.modifier): ./source/blender/blenkernel/intern/modifier.cc:458 BKE_modifier_set_error: Object: "throat guard row 2 curved lamellar plate 03", Modifier: "weighted normals", Enable 'Auto Smooth' in Object Data Properties
ERROR (bke.modifier): ./source/blender/blenkernel/intern/modifier.cc:458 BKE_modifier_set_error: Object: "throat guard row 3 curved lamellar plate 01", Modifier: "weighted normals", Enable 'Auto Smooth' in Object Data Properties
ERROR (bke.modifier): ./source/blender/blenkernel/intern/modifier.cc:458 BKE_modifier_set_error: Object: "throat guard row 3 curved lamellar plate 02", Modifier: "weighted normals", Enable 'Auto Smooth' in Object Data Properties
ERROR (bke.modifier): ./source/blender/blenkernel/intern/modifier.cc:458 BKE_modifier_set_error: Object: "mempo nose ridge", Modifier: "weighted normals", Enable 'Auto Smooth' in Object Data Properties
ERROR (bke.modifier): ./source/blender/blenkernel/intern/modifier.cc:458 BKE_modifier_set_error: Object: "ribcage under-kimono volume", Modifier: "weighted normals", Enable 'Auto Smooth' in Object Data Properties
ERROR (bke.modifier): ./source/blender/blenkernel/intern/modifier.cc:458 BKE_modifier_set_error: Object: "throat guard row 3 curved lamellar plate 03", Modifier: "weighted normals", Enable 'Auto Smooth' in Object Data Properties
ERROR (bke.modifier): ./source/blender/blenkernel/intern/modifier.cc:458 BKE_modifier_set_error: Object: "throat guard row 3 curved lamellar plate 04", Modifier: "weighted normals", Enable 'Auto Smooth' in Object Data Properties
ERROR (bke.modifier): ./source/blender/blenkernel/intern/modifier.cc:458 BKE_modifier_set_error: Object: "left eye slit", Modifier: "weighted normals", Enable 'Auto Smooth' in Object Data Properties
ERROR (bke.modifier): ./source/blender/blenkernel/intern/modifier.cc:458 BKE_modifier_set_error: Object: "throat guard row 3 curved lamellar plate 05", Modifier: "weighted normals", Enable 'Auto Smooth' in Object Data Properties
ERROR (bke.modifier): ./source/blender/blenkernel/intern/modifier.cc:458 BKE_modifier_set_error: Object: "upper do cuirass fitted shell", Modifier: "weighted normals", Enable 'Auto Smooth' in Object Data Properties
ERROR (bke.modifier): ./source/blender/blenkernel/intern/modifier.cc:458 BKE_modifier_set_error: Object: "front cuirass row 1 curved lamellar plate 04", Modifier: "weighted normals", Enable 'Auto Smooth' in Object Data Properties
ERROR (bke.modifier): ./source/blender/blenkernel/intern/modifier.cc:458 BKE_modifier_set_error: Object: "right side helmet flange", Modifier: "weighted normals", Enable 'Auto Smooth' in Object Data Properties
ERROR (bke.modifier): ./source/blender/blenkernel/intern/modifier.cc:458 BKE_modifier_set_error: Object: "front cuirass row 1 curved lamellar plate 02", Modifier: "weighted normals", Enable 'Auto Smooth' in Object Data Properties
ERROR (bke.modifier): ./source/blender/blenkernel/intern/modifier.cc:458 BKE_modifier_set_error: Object: "lower do cuirass narrowed shell", Modifier: "weighted normals", Enable 'Auto Smooth' in Object Data Properties
ERROR (bke.modifier): ./source/blender/blenkernel/intern/modifier.cc:458 BKE_modifier_set_error: Object: "front cuirass row 1 curved lamellar plate 03", Modifier: "weighted normals", Enable 'Auto Smooth' in Object Data Properties
ERROR (bke.modifier): ./source/blender/blenkernel/intern/modifier.cc:458 BKE_modifier_set_error: Object: "front cuirass row 1 curved lamellar plate 01", Modifier: "weighted normals", Enable 'Auto Smooth' in Object Data Properties
ERROR (bke.modifier): ./source/blender/blenkernel/intern/modifier.cc:458 BKE_modifier_set_error: Object: "front cuirass row 1 curved lamellar plate 05", Modifier: "weighted normals", Enable 'Auto Smooth' in Object Data Properties
ERROR (bke.modifier): ./source/blender/blenkernel/intern/modifier.cc:458 BKE_modifier_set_error: Object: "front cuirass row 1 curved lamellar plate 07", Modifier: "weighted normals", Enable 'Auto Smooth' in Object Data Properties
ERROR (bke.modifier): ./source/blender/blenkernel/intern/modifier.cc:458 BKE_modifier_set_error: Object: "front cuirass row 1 curved lamellar plate 06", Modifier: "weighted normals", Enable 'Auto Smooth' in Object Data Properties
ERROR (bke.modifier): ./source/blender/blenkernel/intern/modifier.cc:458 BKE_modifier_set_error: Object: "front cuirass row 1 curved lamellar plate 08", Modifier: "weighted normals", Enable 'Auto Smooth' in Object Data Properties
ERROR (bke.modifier): ./source/blender/blenkernel/intern/modifier.cc:458 BKE_modifier_set_error: Object: "front cuirass row 1 curved lamellar plate 09", Modifier: "weighted normals", Enable 'Auto Smooth' in Object Data Properties
ERROR (bke.modifier): ./source/blender/blenkernel/intern/modifier.cc:458 BKE_modifier_set_error: Object: "rear cuirass row 1 curved lamellar plate 01", Modifier: "weighted normals", Enable 'Auto Smooth' in Object Data Properties
ERROR (bke.modifier): ./source/blender/blenkernel/intern/modifier.cc:458 BKE_modifier_set_error: Object: "left side helmet flange", Modifier: "weighted normals", Enable 'Auto Smooth' in Object Data Properties
ERROR (bke.modifier): ./source/blender/blenkernel/intern/modifier.cc:458 BKE_modifier_set_error: Object: "rear cuirass row 1 curved lamellar plate 02", Modifier: "weighted normals", Enable 'Auto Smooth' in Object Data Properties
ERROR (bke.modifier): ./source/blender/blenkernel/intern/modifier.cc:458 BKE_modifier_set_error: Object: "rear cuirass row 1 curved lamellar plate 03", Modifier: "weighted normals", Enable 'Auto Smooth' in Object Data Properties
ERROR (bke.modifier): ./source/blender/blenkernel/intern/modifier.cc:458 BKE_modifier_set_error: Object: "rear cuirass row 1 curved lamellar plate 04", Modifier: "weighted normals", Enable 'Auto Smooth' in Object Data Properties
ERROR (bke.modifier): ./source/blender/blenkernel/intern/modifier.cc:458 BKE_modifier_set_error: Object: "rear cuirass row 1 curved lamellar plate 05", Modifier: "weighted normals", Enable 'Auto Smooth' in Object Data Properties
ERROR (bke.modifier): ./source/blender/blenkernel/intern/modifier.cc:458 BKE_modifier_set_error: Object: "rear cuirass row 1 curved lamellar plate 06", Modifier: "weighted normals", Enable 'Auto Smooth' in Object Data Properties
ERROR (bke.modifier): ./source/blender/blenkernel/intern/modifier.cc:458 BKE_modifier_set_error: Object: "rear cuirass row 1 curved lamellar plate 07", Modifier: "weighted normals", Enable 'Auto Smooth' in Object Data Properties
ERROR (bke.modifier): ./source/blender/blenkernel/intern/modifier.cc:458 BKE_modifier_set_error: Object: "rear cuirass row 1 curved lamellar plate 08", Modifier: "weighted normals", Enable 'Auto Smooth' in Object Data Properties
ERROR (bke.modifier): ./source/blender/blenkernel/intern/modifier.cc:458 BKE_modifier_set_error: Object: "rear cuirass row 1 curved lamellar plate 09", Modifier: "weighted normals", Enable 'Auto Smooth' in Object Data Properties
ERROR (bke.modifier): ./source/blender/blenkernel/intern/modifier.cc:458 BKE_modifier_set_error: Object: "front cuirass row 2 curved lamellar plate 02", Modifier: "weighted normals", Enable 'Auto Smooth' in Object Data Properties
ERROR (bke.modifier): ./source/blender/blenkernel/intern/modifier.cc:458 BKE_modifier_set_error: Object: "right eye slit", Modifier: "weighted normals", Enable 'Auto Smooth' in Object Data Properties
ERROR (bke.modifier): ./source/blender/blenkernel/intern/modifier.cc:458 BKE_modifier_set_error: Object: "front cuirass row 2 curved lamellar plate 01", Modifier: "weighted normals", Enable 'Auto Smooth' in Object Data Properties
ERROR (bke.modifier): ./source/blender/blenkernel/intern/modifier.cc:458 BKE_modifier_set_error: Object: "rear cuirass row 2 curved lamellar plate 01", Modifier: "weighted normals", Enable 'Auto Smooth' in Object Data Properties
ERROR (bke.modifier): ./source/blender/blenkernel/intern/modifier.cc:458 BKE_modifier_set_error: Object: "front cuirass row 2 curved lamellar plate 03", Modifier: "weighted normals", Enable 'Auto Smooth' in Object Data Properties
ERROR (bke.modifier): ./source/blender/blenkernel/intern/modifier.cc:458 BKE_modifier_set_error: Object: "front cuirass row 2 curved lamellar plate 05", Modifier: "weighted normals", Enable 'Auto Smooth' in Object Data Properties
ERROR (bke.modifier): ./source/blender/blenkernel/intern/modifier.cc:458 BKE_modifier_set_error: Object: "front cuirass row 2 curved lamellar plate 04", Modifier: "weighted normals", Enable 'Auto Smooth' in Object Data Properties
ERROR (bke.modifier): ./source/blender/blenkernel/intern/modifier.cc:458 BKE_modifier_set_error: Object: "front cuirass row 2 curved lamellar plate 06", Modifier: "weighted normals", Enable 'Auto Smooth' in Object Data Properties
ERROR (bke.modifier): ./source/blender/blenkernel/intern/modifier.cc:458 BKE_modifier_set_error: Object: "front cuirass row 2 curved lamellar plate 07", Modifier: "weighted normals", Enable 'Auto Smooth' in Object Data Properties
ERROR (bke.modifier): ./source/blender/blenkernel/intern/modifier.cc:458 BKE_modifier_set_error: Object: "front cuirass row 2 curved lamellar plate 08", Modifier: "weighted normals", Enable 'Auto Smooth' in Object Data Properties
ERROR (bke.modifier): ./source/blender/blenkernel/intern/modifier.cc:458 BKE_modifier_set_error: Object: "front cuirass row 2 curved lamellar plate 09", Modifier: "weighted normals", Enable 'Auto Smooth' in Object Data Properties
ERROR (bke.modifier): ./source/blender/blenkernel/intern/modifier.cc:458 BKE_modifier_set_error: Object: "rear cuirass row 2 curved lamellar plate 02", Modifier: "weighted normals", Enable 'Auto Smooth' in Object Data Properties
ERROR (bke.modifier): ./source/blender/blenkernel/intern/modifier.cc:458 BKE_modifier_set_error: Object: "rear cuirass row 2 curved lamellar plate 03", Modifier: "weighted normals", Enable 'Auto Smooth' in Object Data Properties
ERROR (bke.modifier): ./source/blender/blenkernel/intern/modifier.cc:458 BKE_modifier_set_error: Object: "rear cuirass row 2 curved lamellar plate 04", Modifier: "weighted normals", Enable 'Auto Smooth' in Object Data Properties
ERROR (bke.modifier): ./source/blender/blenkernel/intern/modifier.cc:458 BKE_modifier_set_error: Object: "rear cuirass row 2 curved lamellar plate 05", Modifier: "weighted normals", Enable 'Auto Smooth' in Object Data Properties
ERROR (bke.modifier): ./source/blender/blenkernel/intern/modifier.cc:458 BKE_modifier_set_error: Object: "rear cuirass row 2 curved lamellar plate 06", Modifier: "weighted normals", Enable 'Auto Smooth' in Object Data Properties
ERROR (bke.modifier): ./source/blender/blenkernel/intern/modifier.cc:458 BKE_modifier_set_error: Object: "mempo grim mouth slit", Modifier: "weighted normals", Enable 'Auto Smooth' in Object Data Properties
ERROR (bke.modifier): ./source/blender/blenkernel/intern/modifier.cc:458 BKE_modifier_set_error: Object: "rear cuirass row 2 curved lamellar plate 07", Modifier: "weighted normals", Enable 'Auto Smooth' in Object Data Properties
ERROR (bke.modifier): ./source/blender/blenkernel/intern/modifier.cc:458 BKE_modifier_set_error: Object: "rear cuirass row 2 curved lamellar plate 08", Modifier: "weighted normals", Enable 'Auto Smooth' in Object Data Properties
ERROR (bke.modifier): ./source/blender/blenkernel/intern/modifier.cc:458 BKE_modifier_set_error: Object: "rear cuirass row 2 curved lamellar plate 09", Modifier: "weighted normals", Enable 'Auto Smooth' in Object Data Properties
ERROR (bke.modifier): ./source/blender/blenkernel/intern/modifier.cc:458 BKE_modifier_set_error: Object: "front cuirass row 3 curved lamellar plate 02", Modifier: "weighted normals", Enable 'Auto Smooth' in Object Data Properties
ERROR (bke.modifier): ./source/blender/blenkernel/intern/modifier.cc:458 BKE_modifier_set_error: Object: "front cuirass row 3 curved lamellar plate 01", Modifier: "weighted normals", Enable 'Auto Smooth' in Object Data Properties
ERROR (bke.modifier): ./source/blender/blenkernel/intern/modifier.cc:458 BKE_modifier_set_error: Object: "front cuirass row 3 curved lamellar plate 03", Modifier: "weighted normals", Enable 'Auto Smooth' in Object Data Properties
ERROR (bke.modifier): ./source/blender/blenkernel/intern/modifier.cc:458 BKE_modifier_set_error: Object: "front cuirass row 3 curved lamellar plate 04", Modifier: "weighted normals", Enable 'Auto Smooth' in Object Data Properties
ERROR (bke.modifier): ./source/blender/blenkernel/intern/modifier.cc:458 BKE_modifier_set_error: Object: "front cuirass row 3 curved lamellar plate 05", Modifier: "weighted normals", Enable 'Auto Smooth' in Object Data Properties
ERROR (bke.modifier): ./source/blender/blenkernel/intern/modifier.cc:458 BKE_modifier_set_error: Object: "front cuirass row 3 curved lamellar plate 08", Modifier: "weighted normals", Enable 'Auto Smooth' in Object Data Properties
ERROR (bke.modifier): ./source/blender/blenkernel/intern/modifier.cc:458 BKE_modifier_set_error: Object: "front cuirass row 3 curved lamellar plate 06", Modifier: "weighted normals", Enable 'Auto Smooth' in Object Data Properties
ERROR (bke.modifier): ./source/blender/blenkernel/intern/modifier.cc:458 BKE_modifier_set_error: Object: "front cuirass row 3 curved lamellar plate 07", Modifier: "weighted normals", Enable 'Auto Smooth' in Object Data Properties
ERROR (bke.modifier): ./source/blender/blenkernel/intern/modifier.cc:458 BKE_modifier_set_error: Object: "front cuirass row 3 curved lamellar plate 09", Modifier: "weighted normals", Enable 'Auto Smooth' in Object Data Properties
ERROR (bke.modifier): ./source/blender/blenkernel/intern/modifier.cc:458 BKE_modifier_set_error: Object: "rear cuirass row 3 curved lamellar plate 01", Modifier: "weighted normals", Enable 'Auto Smooth' in Object Data Properties
ERROR (bke.modifier): ./source/blender/blenkernel/intern/modifier.cc:458 BKE_modifier_set_error: Object: "rear cuirass row 3 curved lamellar plate 02", Modifier: "weighted normals", Enable 'Auto Smooth' in Object Data Properties
ERROR (bke.modifier): ./source/blender/blenkernel/intern/modifier.cc:458 BKE_modifier_set_error: Object: "rear cuirass row 3 curved lamellar plate 03", Modifier: "weighted normals", Enable 'Auto Smooth' in Object Data Properties
ERROR (bke.modifier): ./source/blender/blenkernel/intern/modifier.cc:458 BKE_modifier_set_error: Object: "rear cuirass row 3 curved lamellar plate 04", Modifier: "weighted normals", Enable 'Auto Smooth' in Object Data Properties
ERROR (bke.modifier): ./source/blender/blenkernel/intern/modifier.cc:458 BKE_modifier_set_error: Object: "rear cuirass row 3 curved lamellar plate 05", Modifier: "weighted normals", Enable 'Auto Smooth' in Object Data Properties
ERROR (bke.modifier): ./source/blender/blenkernel/intern/modifier.cc:458 BKE_modifier_set_error: Object: "rear cuirass row 3 curved lamellar plate 06", Modifier: "weighted normals", Enable 'Auto Smooth' in Object Data Properties
ERROR (bke.modifier): ./source/blender/blenkernel/intern/modifier.cc:458 BKE_modifier_set_error: Object: "rear cuirass row 3 curved lamellar plate 07", Modifier: "weighted normals", Enable 'Auto Smooth' in Object Data Properties
ERROR (bke.modifier): ./source/blender/blenkernel/intern/modifier.cc:458 BKE_modifier_set_error: Object: "rear cuirass row 3 curved lamellar plate 09", Modifier: "weighted normals", Enable 'Auto Smooth' in Object Data Properties
ERROR (bke.modifier): ./source/blender/blenkernel/intern/modifier.cc:458 BKE_modifier_set_error: Object: "front cuirass row 4 curved lamellar plate 02", Modifier: "weighted normals", Enable 'Auto Smooth' in Object Data Properties
ERROR (bke.modifier): ./source/blender/blenkernel/intern/modifier.cc:458 BKE_modifier_set_error: Object: "rear cuirass row 3 curved lamellar plate 08", Modifier: "weighted normals", Enable 'Auto Smooth' in Object Data Properties
ERROR (bke.modifier): ./source/blender/blenkernel/intern/modifier.cc:458 BKE_modifier_set_error: Object: "front cuirass row 4 curved lamellar plate 01", Modifier: "weighted normals", Enable 'Auto Smooth' in Object Data Properties
ERROR (bke.modifier): ./source/blender/blenkernel/intern/modifier.cc:458 BKE_modifier_set_error: Object: "front cuirass row 4 curved lamellar plate 04", Modifier: "weighted normals", Enable 'Auto Smooth' in Object Data Properties
ERROR (bke.modifier): ./source/blender/blenkernel/intern/modifier.cc:458 BKE_modifier_set_error: Object: "front cuirass row 4 curved lamellar plate 03", Modifier: "weighted normals", Enable 'Auto Smooth' in Object Data Properties
ERROR (bke.modifier): ./source/blender/blenkernel/intern/modifier.cc:458 BKE_modifier_set_error: Object: "front cuirass row 4 curved lamellar plate 05", Modifier: "weighted normals", Enable 'Auto Smooth' in Object Data Properties
ERROR (bke.modifier): ./source/blender/blenkernel/intern/modifier.cc:458 BKE_modifier_set_error: Object: "front cuirass row 4 curved lamellar plate 06", Modifier: "weighted normals", Enable 'Auto Smooth' in Object Data Properties
ERROR (bke.modifier): ./source/blender/blenkernel/intern/modifier.cc:458 BKE_modifier_set_error: Object: "front cuirass row 4 curved lamellar plate 08", Modifier: "weighted normals", Enable 'Auto Smooth' in Object Data Properties
ERROR (bke.modifier): ./source/blender/blenkernel/intern/modifier.cc:458 BKE_modifier_set_error: Object: "rear cuirass row 4 curved lamellar plate 01", Modifier: "weighted normals", Enable 'Auto Smooth' in Object Data Properties
ERROR (bke.modifier): ./source/blender/blenkernel/intern/modifier.cc:458 BKE_modifier_set_error: Object: "front cuirass row 4 curved lamellar plate 07", Modifier: "weighted normals", Enable 'Auto Smooth' in Object Data Properties
ERROR (bke.modifier): ./source/blender/blenkernel/intern/modifier.cc:458 BKE_modifier_set_error: Object: "front cuirass row 4 curved lamellar plate 09", Modifier: "weighted normals", Enable 'Auto Smooth' in Object Data Properties
ERROR (bke.modifier): ./source/blender/blenkernel/intern/modifier.cc:458 BKE_modifier_set_error: Object: "rear cuirass row 4 curved lamellar plate 02", Modifier: "weighted normals", Enable 'Auto Smooth' in Object Data Properties
ERROR (bke.modifier): ./source/blender/blenkernel/intern/modifier.cc:458 BKE_modifier_set_error: Object: "rear cuirass row 4 curved lamellar plate 05", Modifier: "weighted normals", Enable 'Auto Smooth' in Object Data Properties
ERROR (bke.modifier): ./source/blender/blenkernel/intern/modifier.cc:458 BKE_modifier_set_error: Object: "rear cuirass row 4 curved lamellar plate 04", Modifier: "weighted normals", Enable 'Auto Smooth' in Object Data Properties
ERROR (bke.modifier): ./source/blender/blenkernel/intern/modifier.cc:458 BKE_modifier_set_error: Object: "rear cuirass row 4 curved lamellar plate 03", Modifier: "weighted normals", Enable 'Auto Smooth' in Object Data Properties
ERROR (bke.modifier): ./source/blender/blenkernel/intern/modifier.cc:458 BKE_modifier_set_error: Object: "rear cuirass row 4 curved lamellar plate 09", Modifier: "weighted normals", Enable 'Auto Smooth' in Object Data Properties
ERROR (bke.modifier): ./source/blender/blenkernel/intern/modifier.cc:458 BKE_modifier_set_error: Object: "matte charcoal inspection plinth", Modifier: "weighted normals", Enable 'Auto Smooth' in Object Data Properties
ERROR (bke.modifier): ./source/blender/blenkernel/intern/modifier.cc:458 BKE_modifier_set_error: Object: "rear cuirass row 4 curved lamellar plate 08", Modifier: "weighted normals", Enable 'Auto Smooth' in Object Data Properties
ERROR (bke.modifier): ./source/blender/blenkernel/intern/modifier.cc:458 BKE_modifier_set_error: Object: "rear cuirass row 4 curved lamellar plate 06", Modifier: "weighted normals", Enable 'Auto Smooth' in Object Data Properties
ERROR (bke.modifier): ./source/blender/blenkernel/intern/modifier.cc:458 BKE_modifier_set_error: Object: "rear cuirass row 4 curved lamellar plate 07", Modifier: "weighted normals", Enable 'Auto Smooth' in Object Data Properties
ERROR (bke.modifier): ./source/blender/blenkernel/intern/modifier.cc:458 BKE_modifier_set_error: Object: "front cuirass row 5 curved lamellar plate 01", Modifier: "weighted normals", Enable 'Auto Smooth' in Object Data Properties
ERROR (bke.modifier): ./source/blender/blenkernel/intern/modifier.cc:458 BKE_modifier_set_error: Object: "front cuirass row 5 curved lamellar plate 03", Modifier: "weighted normals", Enable 'Auto Smooth' in Object Data Properties
ERROR (bke.modifier): ./source/blender/blenkernel/intern/modifier.cc:458 BKE_modifier_set_error: Object: "front cuirass row 5 curved lamellar plate 02", Modifier: "weighted normals", Enable 'Auto Smooth' in Object Data Properties
ERROR (bke.modifier): ./source/blender/blenkernel/intern/modifier.cc:458 BKE_modifier_set_error: Object: "front cuirass row 5 curved lamellar plate 04", Modifier: "weighted normals", Enable 'Auto Smooth' in Object Data Properties
ERROR (bke.modifier): ./source/blender/blenkernel/intern/modifier.cc:458 BKE_modifier_set_error: Object: "front cuirass row 5 curved lamellar plate 07", Modifier: "weighted normals", Enable 'Auto Smooth' in Object Data Properties
ERROR (bke.modifier): ./source/blender/blenkernel/intern/modifier.cc:458 BKE_modifier_set_error: Object: "front cuirass row 5 curved lamellar plate 06", Modifier: "weighted normals", Enable 'Auto Smooth' in Object Data Properties
ERROR (bke.modifier): ./source/blender/blenkernel/intern/modifier.cc:458 BKE_modifier_set_error: Object: "front cuirass row 5 curved lamellar plate 05", Modifier: "weighted normals", Enable 'Auto Smooth' in Object Data Properties
ERROR (bke.modifier): ./source/blender/blenkernel/intern/modifier.cc:458 BKE_modifier_set_error: Object: "front cuirass row 5 curved lamellar plate 09", Modifier: "weighted normals", Enable 'Auto Smooth' in Object Data Properties
ERROR (bke.modifier): ./source/blender/blenkernel/intern/modifier.cc:458 BKE_modifier_set_error: Object: "front cuirass row 5 curved lamellar plate 08", Modifier: "weighted normals", Enable 'Auto Smooth' in Object Data Properties
ERROR (bke.modifier): ./source/blender/blenkernel/intern/modifier.cc:458 BKE_modifier_set_error: Object: "rear cuirass row 5 curved lamellar plate 02", Modifier: "weighted normals", Enable 'Auto Smooth' in Object Data Properties
ERROR (bke.modifier): ./source/blender/blenkernel/intern/modifier.cc:458 BKE_modifier_set_error: Object: "simple round clan mon on banner", Modifier: "weighted normals", Enable 'Auto Smooth' in Object Data Properties
ERROR (bke.modifier): ./source/blender/blenkernel/intern/modifier.cc:458 BKE_modifier_set_error: Object: "rear cuirass row 5 curved lamellar plate 01", Modifier: "weighted normals", Enable 'Auto Smooth' in Object Data Properties
ERROR (bke.modifier): ./source/blender/blenkernel/intern/modifier.cc:458 BKE_modifier_set_error: Object: "rear cuirass row 5 curved lamellar plate 03", Modifier: "weighted normals", Enable 'Auto Smooth' in Object Data Properties
ERROR (bke.modifier): ./source/blender/blenkernel/intern/modifier.cc:458 BKE_modifier_set_error: Object: "rear cuirass row 5 curved lamellar plate 04", Modifier: "weighted normals", Enable 'Auto Smooth' in Object Data Properties
ERROR (bke.modifier): ./source/blender/blenkernel/intern/modifier.cc:458 BKE_modifier_set_error: Object: "rear cuirass row 5 curved lamellar plate 05", Modifier: "weighted normals", Enable 'Auto Smooth' in Object Data Properties
ERROR (bke.modifier): ./source/blender/blenkernel/intern/modifier.cc:458 BKE_modifier_set_error: Object: "rear cuirass row 5 curved lamellar plate 07", Modifier: "weighted normals", Enable 'Auto Smooth' in Object Data Properties
ERROR (bke.modifier): ./source/blender/blenkernel/intern/modifier.cc:458 BKE_modifier_set_error: Object: "rear cuirass row 5 curved lamellar plate 06", Modifier: "weighted normals", Enable 'Auto Smooth' in Object Data Properties
ERROR (bke.modifier): ./source/blender/blenkernel/intern/modifier.cc:458 BKE_modifier_set_error: Object: "rear cuirass row 5 curved lamellar plate 08", Modifier: "weighted normals", Enable 'Auto Smooth' in Object Data Properties
ERROR (bke.modifier): ./source/blender/blenkernel/intern/modifier.cc:458 BKE_modifier_set_error: Object: "rear cuirass row 5 curved lamellar plate 09", Modifier: "weighted normals", Enable 'Auto Smooth' in Object Data Properties
ERROR (bke.modifier): ./source/blender/blenkernel/intern/modifier.cc:458 BKE_modifier_set_error: Object: "left shoulder undercloth", Modifier: "weighted normals", Enable 'Auto Smooth' in Object Data Properties
ERROR (bke.modifier): ./source/blender/blenkernel/intern/modifier.cc:458 BKE_modifier_set_error: Object: "left armored upper arm", Modifier: "weighted normals", Enable 'Auto Smooth' in Object Data Properties
ERROR (bke.modifier): ./source/blender/blenkernel/intern/modifier.cc:458 BKE_modifier_set_error: Object: "left sode shoulder armor", Modifier: "weighted normals", Enable 'Auto Smooth' in Object Data Properties
ERROR (bke.modifier): ./source/blender/blenkernel/intern/modifier.cc:458 BKE_modifier_set_error: Object: "left kote forearm guard", Modifier: "weighted normals", Enable 'Auto Smooth' in Object Data Properties
ERROR (bke.modifier): ./source/blender/blenkernel/intern/modifier.cc:458 BKE_modifier_set_error: Object: "left leather palm volume", Modifier: "weighted normals", Enable 'Auto Smooth' in Object Data Properties
ERROR (bke.modifier): ./source/blender/blenkernel/intern/modifier.cc:458 BKE_modifier_set_error: Object: "left index fingertip", Modifier: "weighted normals", Enable 'Auto Smooth' in Object Data Properties
ERROR (bke.modifier): ./source/blender/blenkernel/intern/modifier.cc:458 BKE_modifier_set_error: Object: "left middle fingertip", Modifier: "weighted normals", Enable 'Auto Smooth' in Object Data Properties
ERROR (bke.modifier): ./source/blender/blenkernel/intern/modifier.cc:458 BKE_modifier_set_error: Object: "left ring fingertip", Modifier: "weighted normals", Enable 'Auto Smooth' in Object Data Properties
ERROR (bke.modifier): ./source/blender/blenkernel/intern/modifier.cc:458 BKE_modifier_set_error: Object: "left pinky fingertip", Modifier: "weighted normals", Enable 'Auto Smooth' in Object Data Properties
ERROR (bke.modifier): ./source/blender/blenkernel/intern/modifier.cc:458 BKE_modifier_set_error: Object: "right side cuirass plate 1", Modifier: "weighted normals", Enable 'Auto Smooth' in Object Data Properties
ERROR (bke.modifier): ./source/blender/blenkernel/intern/modifier.cc:458 BKE_modifier_set_error: Object: "left thumb fingertip", Modifier: "weighted normals", Enable 'Auto Smooth' in Object Data Properties
ERROR (bke.modifier): ./source/blender/blenkernel/intern/modifier.cc:458 BKE_modifier_set_error: Object: "right shoulder undercloth", Modifier: "weighted normals", Enable 'Auto Smooth' in Object Data Properties
ERROR (bke.modifier): ./source/blender/blenkernel/intern/modifier.cc:458 BKE_modifier_set_error: Object: "left side cuirass plate 3", Modifier: "weighted normals", Enable 'Auto Smooth' in Object Data Properties
ERROR (bke.modifier): ./source/blender/blenkernel/intern/modifier.cc:458 BKE_modifier_set_error: Object: "left sode shoulder plate 4", Modifier: "weighted normals", Enable 'Auto Smooth' in Object Data Properties
ERROR (bke.modifier): ./source/blender/blenkernel/intern/modifier.cc:458 BKE_modifier_set_error: Object: "cloth sashimono banner panel", Modifier: "weighted normals", Enable 'Auto Smooth' in Object Data Properties
ERROR (bke.modifier): ./source/blender/blenkernel/intern/modifier.cc:458 BKE_modifier_set_error: Object: "right side cuirass plate 2", Modifier: "weighted normals", Enable 'Auto Smooth' in Object Data Properties
ERROR (bke.modifier): ./source/blender/blenkernel/intern/modifier.cc:458 BKE_modifier_set_error: Object: "right armored upper arm", Modifier: "weighted normals", Enable 'Auto Smooth' in Object Data Properties
ERROR (bke.modifier): ./source/blender/blenkernel/intern/modifier.cc:458 BKE_modifier_set_error: Object: "left side cuirass plate 1", Modifier: "weighted normals", Enable 'Auto Smooth' in Object Data Properties
ERROR (bke.modifier): ./source/blender/blenkernel/intern/modifier.cc:458 BKE_modifier_set_error: Object: "right sode shoulder armor", Modifier: "weighted normals", Enable 'Auto Smooth' in Object Data Properties
ERROR (bke.modifier): ./source/blender/blenkernel/intern/modifier.cc:458 BKE_modifier_set_error: Object: "left sode shoulder plate 2", Modifier: "weighted normals", Enable 'Auto Smooth' in Object Data Properties
ERROR (bke.modifier): ./source/blender/blenkernel/intern/modifier.cc:458 BKE_modifier_set_error: Object: "right side cuirass plate 3", Modifier: "weighted normals", Enable 'Auto Smooth' in Object Data Properties
ERROR (bke.modifier): ./source/blender/blenkernel/intern/modifier.cc:458 BKE_modifier_set_error: Object: "right kote forearm guard", Modifier: "weighted normals", Enable 'Auto Smooth' in Object Data Properties
ERROR (bke.modifier): ./source/blender/blenkernel/intern/modifier.cc:458 BKE_modifier_set_error: Object: "left sode shoulder plate 3", Modifier: "weighted normals", Enable 'Auto Smooth' in Object Data Properties
ERROR (bke.modifier): ./source/blender/blenkernel/intern/modifier.cc:458 BKE_modifier_set_error: Object: "right leather palm volume", Modifier: "weighted normals", Enable 'Auto Smooth' in Object Data Properties
ERROR (bke.modifier): ./source/blender/blenkernel/intern/modifier.cc:458 BKE_modifier_set_error: Object: "left side cuirass plate 2", Modifier: "weighted normals", Enable 'Auto Smooth' in Object Data Properties
ERROR (bke.modifier): ./source/blender/blenkernel/intern/modifier.cc:458 BKE_modifier_set_error: Object: "left sode shoulder plate 1", Modifier: "weighted normals", Enable 'Auto Smooth' in Object Data Properties
ERROR (bke.modifier): ./source/blender/blenkernel/intern/modifier.cc:458 BKE_modifier_set_error: Object: "right index fingertip", Modifier: "weighted normals", Enable 'Auto Smooth' in Object Data Properties
ERROR (bke.modifier): ./source/blender/blenkernel/intern/modifier.cc:458 BKE_modifier_set_error: Object: "right sode shoulder plate 3", Modifier: "weighted normals", Enable 'Auto Smooth' in Object Data Properties
ERROR (bke.modifier): ./source/blender/blenkernel/intern/modifier.cc:458 BKE_modifier_set_error: Object: "right sode shoulder plate 1", Modifier: "weighted normals", Enable 'Auto Smooth' in Object Data Properties
ERROR (bke.modifier): ./source/blender/blenkernel/intern/modifier.cc:458 BKE_modifier_set_error: Object: "right pinky fingertip", Modifier: "weighted normals", Enable 'Auto Smooth' in Object Data Properties
ERROR (bke.modifier): ./source/blender/blenkernel/intern/modifier.cc:458 BKE_modifier_set_error: Object: "right ring fingertip", Modifier: "weighted normals", Enable 'Auto Smooth' in Object Data Properties
ERROR (bke.modifier): ./source/blender/blenkernel/intern/modifier.cc:458 BKE_modifier_set_error: Object: "right thumb fingertip", Modifier: "weighted normals", Enable 'Auto Smooth' in Object Data Properties
ERROR (bke.modifier): ./source/blender/blenkernel/intern/modifier.cc:458 BKE_modifier_set_error: Object: "right middle fingertip", Modifier: "weighted normals", Enable 'Auto Smooth' in Object Data Properties
ERROR (bke.modifier): ./source/blender/blenkernel/intern/modifier.cc:458 BKE_modifier_set_error: Object: "small lacquered sashimono crossbar", Modifier: "weighted normals", Enable 'Auto Smooth' in Object Data Properties
ERROR (bke.modifier): ./source/blender/blenkernel/intern/modifier.cc:458 BKE_modifier_set_error: Object: "right sode shoulder plate 4", Modifier: "weighted normals", Enable 'Auto Smooth' in Object Data Properties
ERROR (bke.modifier): ./source/blender/blenkernel/intern/modifier.cc:458 BKE_modifier_set_error: Object: "right sode shoulder plate 2", Modifier: "weighted normals", Enable 'Auto Smooth' in Object Data Properties
ERROR (bke.modifier): ./source/blender/blenkernel/intern/modifier.cc:458 BKE_modifier_set_error: Object: "kusazuri skirt plate -1 row 1", Modifier: "weighted normals", Enable 'Auto Smooth' in Object Data Properties
ERROR (bke.modifier): ./source/blender/blenkernel/intern/modifier.cc:458 BKE_modifier_set_error: Object: "rear kusazuri skirt plate -1 row 3", Modifier: "weighted normals", Enable 'Auto Smooth' in Object Data Properties
ERROR (bke.modifier): ./source/blender/blenkernel/intern/modifier.cc:458 BKE_modifier_set_error: Object: "rear kusazuri skirt plate -1 row 1", Modifier: "weighted normals", Enable 'Auto Smooth' in Object Data Properties
ERROR (bke.modifier): ./source/blender/blenkernel/intern/modifier.cc:458 BKE_modifier_set_error: Object: "rear kusazuri skirt plate -1 row 2", Modifier: "weighted normals", Enable 'Auto Smooth' in Object Data Properties
ERROR (bke.modifier): ./source/blender/blenkernel/intern/modifier.cc:458 BKE_modifier_set_error: Object: "kusazuri skirt plate -1 row 2", Modifier: "weighted normals", Enable 'Auto Smooth' in Object Data Properties
ERROR (bke.modifier): ./source/blender/blenkernel/intern/modifier.cc:458 BKE_modifier_set_error: Object: "kusazuri skirt plate -1 row 3", Modifier: "weighted normals", Enable 'Auto Smooth' in Object Data Properties
ERROR (bke.modifier): ./source/blender/blenkernel/intern/modifier.cc:458 BKE_modifier_set_error: Object: "kusazuri skirt plate +0 row 3", Modifier: "weighted normals", Enable 'Auto Smooth' in Object Data Properties
ERROR (bke.modifier): ./source/blender/blenkernel/intern/modifier.cc:458 BKE_modifier_set_error: Object: "rear kusazuri skirt plate +0 row 2", Modifier: "weighted normals", Enable 'Auto Smooth' in Object Data Properties
ERROR (bke.modifier): ./source/blender/blenkernel/intern/modifier.cc:458 BKE_modifier_set_error: Object: "kusazuri skirt plate +0 row 1", Modifier: "weighted normals", Enable 'Auto Smooth' in Object Data Properties
ERROR (bke.modifier): ./source/blender/blenkernel/intern/modifier.cc:458 BKE_modifier_set_error: Object: "rear kusazuri skirt plate +1 row 3", Modifier: "weighted normals", Enable 'Auto Smooth' in Object Data Properties
ERROR (bke.modifier): ./source/blender/blenkernel/intern/modifier.cc:458 BKE_modifier_set_error: Object: "rear kusazuri skirt plate +0 row 1", Modifier: "weighted normals", Enable 'Auto Smooth' in Object Data Properties
ERROR (bke.modifier): ./source/blender/blenkernel/intern/modifier.cc:458 BKE_modifier_set_error: Object: "rear kusazuri skirt plate +0 row 3", Modifier: "weighted normals", Enable 'Auto Smooth' in Object Data Properties
ERROR (bke.modifier): ./source/blender/blenkernel/intern/modifier.cc:458 BKE_modifier_set_error: Object: "kusazuri skirt plate +1 row 1", Modifier: "weighted normals", Enable 'Auto Smooth' in Object Data Properties
ERROR (bke.modifier): ./source/blender/blenkernel/intern/modifier.cc:458 BKE_modifier_set_error: Object: "left shin greave", Modifier: "weighted normals", Enable 'Auto Smooth' in Object Data Properties
ERROR (bke.modifier): ./source/blender/blenkernel/intern/modifier.cc:458 BKE_modifier_set_error: Object: "left hakama trouser leg", Modifier: "weighted normals", Enable 'Auto Smooth' in Object Data Properties
ERROR (bke.modifier): ./source/blender/blenkernel/intern/modifier.cc:458 BKE_modifier_set_error: Object: "left split-toe tabi foot volume", Modifier: "weighted normals", Enable 'Auto Smooth' in Object Data Properties
ERROR (bke.modifier): ./source/blender/blenkernel/intern/modifier.cc:458 BKE_modifier_set_error: Object: "left outer toe group", Modifier: "weighted normals", Enable 'Auto Smooth' in Object Data Properties
ERROR (bke.modifier): ./source/blender/blenkernel/intern/modifier.cc:458 BKE_modifier_set_error: Object: "left separated big toe", Modifier: "weighted normals", Enable 'Auto Smooth' in Object Data Properties
ERROR (bke.modifier): ./source/blender/blenkernel/intern/modifier.cc:458 BKE_modifier_set_error: Object: "kusazuri skirt plate +1 row 2", Modifier: "weighted normals", Enable 'Auto Smooth' in Object Data Properties
ERROR (bke.modifier): ./source/blender/blenkernel/intern/modifier.cc:458 BKE_modifier_set_error: Object: "right hakama trouser leg", Modifier: "weighted normals", Enable 'Auto Smooth' in Object Data Properties
ERROR (bke.modifier): ./source/blender/blenkernel/intern/modifier.cc:458 BKE_modifier_set_error: Object: "right separated big toe", Modifier: "weighted normals", Enable 'Auto Smooth' in Object Data Properties
ERROR (bke.modifier): ./source/blender/blenkernel/intern/modifier.cc:458 BKE_modifier_set_error: Object: "rear kusazuri skirt plate +1 row 1", Modifier: "weighted normals", Enable 'Auto Smooth' in Object Data Properties
ERROR (bke.modifier): ./source/blender/blenkernel/intern/modifier.cc:458 BKE_modifier_set_error: Object: "right shin greave", Modifier: "weighted normals", Enable 'Auto Smooth' in Object Data Properties
ERROR (bke.modifier): ./source/blender/blenkernel/intern/modifier.cc:458 BKE_modifier_set_error: Object: "rear kusazuri skirt plate +1 row 2", Modifier: "weighted normals", Enable 'Auto Smooth' in Object Data Properties
ERROR (bke.modifier): ./source/blender/blenkernel/intern/modifier.cc:458 BKE_modifier_set_error: Object: "right split-toe tabi foot volume", Modifier: "weighted normals", Enable 'Auto Smooth' in Object Data Properties
ERROR (bke.modifier): ./source/blender/blenkernel/intern/modifier.cc:458 BKE_modifier_set_error: Object: "kusazuri skirt plate +0 row 2", Modifier: "weighted normals", Enable 'Auto Smooth' in Object Data Properties
ERROR (bke.modifier): ./source/blender/blenkernel/intern/modifier.cc:458 BKE_modifier_set_error: Object: "right outer toe group", Modifier: "weighted normals", Enable 'Auto Smooth' in Object Data Properties
ERROR (bke.modifier): ./source/blender/blenkernel/intern/modifier.cc:458 BKE_modifier_set_error: Object: "kusazuri skirt plate +1 row 3", Modifier: "weighted normals", Enable 'Auto Smooth' in Object Data Properties
ERROR (bke.modifier): ./source/blender/blenkernel/intern/modifier.cc:458 BKE_modifier_set_error: Object: "wrapped katana grip", Modifier: "weighted normals", Enable 'Auto Smooth' in Object Data Properties
ERROR (bke.modifier): ./source/blender/blenkernel/intern/modifier.cc:458 BKE_modifier_set_error: Object: "square tsuba guard", Modifier: "weighted normals", Enable 'Auto Smooth' in Object Data Properties
ERROR (bke.modifier): ./source/blender/blenkernel/intern/modifier.cc:458 BKE_modifier_set_error: Object: "left woven waraji sole grounded", Modifier: "weighted normals", Enable 'Auto Smooth' in Object Data Properties
ERROR (bke.modifier): ./source/blender/blenkernel/intern/modifier.cc:458 BKE_modifier_set_error: Object: "right woven waraji sole grounded", Modifier: "weighted normals", Enable 'Auto Smooth' in Object Data Properties
Fra:1 Mem:52.29M (Peak 52.32M) | Time:00:00.05 | Syncing matte charcoal inspection plinth
Fra:1 Mem:52.31M (Peak 52.35M) | Time:00:00.05 | Syncing ribcage under-kimono volume
Fra:1 Mem:52.40M (Peak 52.40M) | Time:00:00.05 | Syncing narrow waist under-kimono volume
Fra:1 Mem:52.47M (Peak 52.47M) | Time:00:00.05 | Syncing visible human head behind mempo
Fra:1 Mem:52.56M (Peak 52.56M) | Time:00:00.05 | Syncing thin exposed neck
Fra:1 Mem:52.57M (Peak 52.57M) | Time:00:00.05 | Syncing neck guard collar
Fra:1 Mem:52.58M (Peak 52.63M) | Time:00:00.05 | Syncing segmented kabuto helmet bowl
Fra:1 Mem:52.75M (Peak 52.76M) | Time:00:00.05 | Syncing wide kabuto brim
Fra:1 Mem:52.78M (Peak 52.78M) | Time:00:00.05 | Syncing rear shikoro neck guard flare
Fra:1 Mem:52.80M (Peak 52.80M) | Time:00:00.05 | Syncing left side helmet flange
Fra:1 Mem:52.81M (Peak 52.81M) | Time:00:00.05 | Syncing right side helmet flange
Fra:1 Mem:52.82M (Peak 52.82M) | Time:00:00.05 | Syncing golden maedate crescent crest
Fra:1 Mem:52.84M (Peak 52.89M) | Time:00:00.05 | Syncing crest central rivet
Fra:1 Mem:52.85M (Peak 52.89M) | Time:00:00.05 | Syncing dark iron mempo cheek mask
Fra:1 Mem:52.94M (Peak 52.94M) | Time:00:00.05 | Syncing mempo nose ridge
Fra:1 Mem:52.95M (Peak 52.95M) | Time:00:00.05 | Syncing left eye slit
Fra:1 Mem:52.97M (Peak 52.97M) | Time:00:00.05 | Syncing right eye slit
Fra:1 Mem:52.98M (Peak 52.98M) | Time:00:00.05 | Syncing mempo grim mouth slit
Fra:1 Mem:52.99M (Peak 52.99M) | Time:00:00.05 | Syncing left mask moustache bristle
Fra:1 Mem:53.00M (Peak 53.00M) | Time:00:00.05 | Syncing right mask moustache bristle
Fra:1 Mem:53.01M (Peak 53.01M) | Time:00:00.05 | Syncing throat guard row 1 curved lamella
Fra:1 Mem:53.03M (Peak 53.03M) | Time:00:00.05 | Syncing throat guard row 1 curved lamella
Fra:1 Mem:53.06M (Peak 53.06M) | Time:00:00.05 | Syncing throat guard row 1 curved lamella
Fra:1 Mem:53.08M (Peak 53.08M) | Time:00:00.05 | Syncing throat guard row 1 curved lamella
Fra:1 Mem:53.10M (Peak 53.10M) | Time:00:00.05 | Syncing throat guard row 1 curved lamella
Fra:1 Mem:53.13M (Peak 53.13M) | Time:00:00.05 | Syncing throat guard row 2 curved lamella
Fra:1 Mem:53.15M (Peak 53.15M) | Time:00:00.05 | Syncing throat guard row 2 curved lamella
Fra:1 Mem:53.18M (Peak 53.18M) | Time:00:00.05 | Syncing throat guard row 2 curved lamella
Fra:1 Mem:53.20M (Peak 53.20M) | Time:00:00.06 | Syncing throat guard row 2 curved lamella
Fra:1 Mem:53.22M (Peak 53.22M) | Time:00:00.06 | Syncing throat guard row 2 curved lamella
Fra:1 Mem:53.25M (Peak 53.25M) | Time:00:00.06 | Syncing throat guard row 3 curved lamella
Fra:1 Mem:53.27M (Peak 53.27M) | Time:00:00.06 | Syncing throat guard row 3 curved lamella
Fra:1 Mem:53.30M (Peak 53.30M) | Time:00:00.06 | Syncing throat guard row 3 curved lamella
Fra:1 Mem:53.32M (Peak 53.32M) | Time:00:00.06 | Syncing throat guard row 3 curved lamella
Fra:1 Mem:53.34M (Peak 53.34M) | Time:00:00.06 | Syncing throat guard row 3 curved lamella
Fra:1 Mem:53.37M (Peak 53.37M) | Time:00:00.06 | Syncing upper do cuirass fitted shell
Fra:1 Mem:53.47M (Peak 53.47M) | Time:00:00.06 | Syncing lower do cuirass narrowed shell
Fra:1 Mem:53.55M (Peak 53.55M) | Time:00:00.06 | Syncing front cuirass row 1 curved lamell
Fra:1 Mem:53.58M (Peak 53.58M) | Time:00:00.06 | Syncing front cuirass row 1 curved lamell
Fra:1 Mem:53.60M (Peak 53.60M) | Time:00:00.06 | Syncing front cuirass row 1 curved lamell
Fra:1 Mem:53.63M (Peak 53.63M) | Time:00:00.06 | Syncing front cuirass row 1 curved lamell
Fra:1 Mem:53.65M (Peak 53.65M) | Time:00:00.06 | Syncing front cuirass row 1 curved lamell
Fra:1 Mem:53.67M (Peak 53.67M) | Time:00:00.06 | Syncing front cuirass row 1 curved lamell
Fra:1 Mem:53.70M (Peak 53.70M) | Time:00:00.06 | Syncing front cuirass row 1 curved lamell
Fra:1 Mem:53.72M (Peak 53.72M) | Time:00:00.06 | Syncing front cuirass row 1 curved lamell
Fra:1 Mem:53.75M (Peak 53.75M) | Time:00:00.06 | Syncing front cuirass row 1 curved lamell
Fra:1 Mem:53.77M (Peak 53.77M) | Time:00:00.06 | Syncing rear cuirass row 1 curved lamella
Fra:1 Mem:53.79M (Peak 53.79M) | Time:00:00.06 | Syncing rear cuirass row 1 curved lamella
Fra:1 Mem:53.82M (Peak 53.82M) | Time:00:00.06 | Syncing rear cuirass row 1 curved lamella
Fra:1 Mem:53.84M (Peak 53.84M) | Time:00:00.06 | Syncing rear cuirass row 1 curved lamella
Fra:1 Mem:53.87M (Peak 53.87M) | Time:00:00.06 | Syncing rear cuirass row 1 curved lamella
Fra:1 Mem:53.89M (Peak 53.89M) | Time:00:00.06 | Syncing rear cuirass row 1 curved lamella
Fra:1 Mem:53.91M (Peak 53.91M) | Time:00:00.06 | Syncing rear cuirass row 1 curved lamella
Fra:1 Mem:53.94M (Peak 53.94M) | Time:00:00.06 | Syncing rear cuirass row 1 curved lamella
Fra:1 Mem:53.96M (Peak 53.96M) | Time:00:00.06 | Syncing rear cuirass row 1 curved lamella
Fra:1 Mem:53.98M (Peak 53.98M) | Time:00:00.06 | Syncing front cuirass row 2 curved lamell
Fra:1 Mem:54.01M (Peak 54.01M) | Time:00:00.06 | Syncing front cuirass row 2 curved lamell
Fra:1 Mem:54.03M (Peak 54.03M) | Time:00:00.06 | Syncing front cuirass row 2 curved lamell
Fra:1 Mem:54.06M (Peak 54.06M) | Time:00:00.06 | Syncing front cuirass row 2 curved lamell
Fra:1 Mem:54.08M (Peak 54.08M) | Time:00:00.06 | Syncing front cuirass row 2 curved lamell
Fra:1 Mem:54.10M (Peak 54.10M) | Time:00:00.06 | Syncing front cuirass row 2 curved lamell
Fra:1 Mem:54.13M (Peak 54.13M) | Time:00:00.06 | Syncing front cuirass row 2 curved lamell
Fra:1 Mem:54.15M (Peak 54.15M) | Time:00:00.06 | Syncing front cuirass row 2 curved lamell
Fra:1 Mem:54.18M (Peak 54.18M) | Time:00:00.06 | Syncing front cuirass row 2 curved lamell
Fra:1 Mem:54.20M (Peak 54.20M) | Time:00:00.06 | Syncing rear cuirass row 2 curved lamella
Fra:1 Mem:54.23M (Peak 54.23M) | Time:00:00.06 | Syncing rear cuirass row 2 curved lamella
Fra:1 Mem:54.25M (Peak 54.25M) | Time:00:00.06 | Syncing rear cuirass row 2 curved lamella
Fra:1 Mem:54.27M (Peak 54.27M) | Time:00:00.06 | Syncing rear cuirass row 2 curved lamella
Fra:1 Mem:54.30M (Peak 54.30M) | Time:00:00.06 | Syncing rear cuirass row 2 curved lamella
Fra:1 Mem:54.32M (Peak 54.32M) | Time:00:00.06 | Syncing rear cuirass row 2 curved lamella
Fra:1 Mem:54.35M (Peak 54.35M) | Time:00:00.06 | Syncing rear cuirass row 2 curved lamella
Fra:1 Mem:54.37M (Peak 54.37M) | Time:00:00.06 | Syncing rear cuirass row 2 curved lamella
Fra:1 Mem:54.39M (Peak 54.39M) | Time:00:00.06 | Syncing rear cuirass row 2 curved lamella
Fra:1 Mem:54.42M (Peak 54.42M) | Time:00:00.06 | Syncing front cuirass row 3 curved lamell
Fra:1 Mem:54.44M (Peak 54.44M) | Time:00:00.06 | Syncing front cuirass row 3 curved lamell
Fra:1 Mem:54.47M (Peak 54.47M) | Time:00:00.06 | Syncing front cuirass row 3 curved lamell
Fra:1 Mem:54.49M (Peak 54.49M) | Time:00:00.06 | Syncing front cuirass row 3 curved lamell
Fra:1 Mem:54.51M (Peak 54.51M) | Time:00:00.06 | Syncing front cuirass row 3 curved lamell
Fra:1 Mem:54.54M (Peak 54.54M) | Time:00:00.06 | Syncing front cuirass row 3 curved lamell
Fra:1 Mem:54.56M (Peak 54.56M) | Time:00:00.06 | Syncing front cuirass row 3 curved lamell
Fra:1 Mem:54.59M (Peak 54.59M) | Time:00:00.06 | Syncing front cuirass row 3 curved lamell
Fra:1 Mem:54.61M (Peak 54.61M) | Time:00:00.06 | Syncing front cuirass row 3 curved lamell
Fra:1 Mem:54.63M (Peak 54.63M) | Time:00:00.06 | Syncing rear cuirass row 3 curved lamella
Fra:1 Mem:54.66M (Peak 54.66M) | Time:00:00.06 | Syncing rear cuirass row 3 curved lamella
Fra:1 Mem:54.68M (Peak 54.68M) | Time:00:00.06 | Syncing rear cuirass row 3 curved lamella
Fra:1 Mem:54.71M (Peak 54.71M) | Time:00:00.06 | Syncing rear cuirass row 3 curved lamella
Fra:1 Mem:54.73M (Peak 54.73M) | Time:00:00.06 | Syncing rear cuirass row 3 curved lamella
Fra:1 Mem:54.75M (Peak 54.75M) | Time:00:00.06 | Syncing rear cuirass row 3 curved lamella
Fra:1 Mem:54.78M (Peak 54.78M) | Time:00:00.06 | Syncing rear cuirass row 3 curved lamella
Fra:1 Mem:54.80M (Peak 54.80M) | Time:00:00.06 | Syncing rear cuirass row 3 curved lamella
Fra:1 Mem:54.83M (Peak 54.83M) | Time:00:00.06 | Syncing rear cuirass row 3 curved lamella
Fra:1 Mem:54.85M (Peak 54.85M) | Time:00:00.06 | Syncing front cuirass row 4 curved lamell
Fra:1 Mem:54.87M (Peak 54.87M) | Time:00:00.06 | Syncing front cuirass row 4 curved lamell
Fra:1 Mem:54.90M (Peak 54.90M) | Time:00:00.06 | Syncing front cuirass row 4 curved lamell
Fra:1 Mem:54.92M (Peak 54.92M) | Time:00:00.06 | Syncing front cuirass row 4 curved lamell
Fra:1 Mem:54.95M (Peak 54.95M) | Time:00:00.06 | Syncing front cuirass row 4 curved lamell
Fra:1 Mem:54.97M (Peak 54.97M) | Time:00:00.06 | Syncing front cuirass row 4 curved lamell
Fra:1 Mem:54.99M (Peak 54.99M) | Time:00:00.06 | Syncing front cuirass row 4 curved lamell
Fra:1 Mem:55.02M (Peak 55.02M) | Time:00:00.06 | Syncing front cuirass row 4 curved lamell
Fra:1 Mem:55.04M (Peak 55.04M) | Time:00:00.06 | Syncing front cuirass row 4 curved lamell
Fra:1 Mem:55.07M (Peak 55.07M) | Time:00:00.06 | Syncing rear cuirass row 4 curved lamella
Fra:1 Mem:55.09M (Peak 55.09M) | Time:00:00.06 | Syncing rear cuirass row 4 curved lamella
Fra:1 Mem:55.11M (Peak 55.11M) | Time:00:00.06 | Syncing rear cuirass row 4 curved lamella
Fra:1 Mem:55.14M (Peak 55.14M) | Time:00:00.06 | Syncing rear cuirass row 4 curved lamella
Fra:1 Mem:55.16M (Peak 55.16M) | Time:00:00.06 | Syncing rear cuirass row 4 curved lamella
Fra:1 Mem:55.19M (Peak 55.19M) | Time:00:00.06 | Syncing rear cuirass row 4 curved lamella
Fra:1 Mem:55.21M (Peak 55.21M) | Time:00:00.06 | Syncing rear cuirass row 4 curved lamella
Fra:1 Mem:55.23M (Peak 55.23M) | Time:00:00.06 | Syncing rear cuirass row 4 curved lamella
Fra:1 Mem:55.26M (Peak 55.26M) | Time:00:00.06 | Syncing rear cuirass row 4 curved lamella
Fra:1 Mem:55.28M (Peak 55.28M) | Time:00:00.06 | Syncing front cuirass row 5 curved lamell
Fra:1 Mem:55.31M (Peak 55.31M) | Time:00:00.06 | Syncing front cuirass row 5 curved lamell
Fra:1 Mem:55.33M (Peak 55.33M) | Time:00:00.06 | Syncing front cuirass row 5 curved lamell
Fra:1 Mem:55.35M (Peak 55.35M) | Time:00:00.06 | Syncing front cuirass row 5 curved lamell
Fra:1 Mem:55.38M (Peak 55.38M) | Time:00:00.06 | Syncing front cuirass row 5 curved lamell
Fra:1 Mem:55.40M (Peak 55.40M) | Time:00:00.06 | Syncing front cuirass row 5 curved lamell
Fra:1 Mem:55.43M (Peak 55.43M) | Time:00:00.06 | Syncing front cuirass row 5 curved lamell
Fra:1 Mem:55.45M (Peak 55.45M) | Time:00:00.06 | Syncing front cuirass row 5 curved lamell
Fra:1 Mem:55.47M (Peak 55.47M) | Time:00:00.06 | Syncing front cuirass row 5 curved lamell
Fra:1 Mem:55.50M (Peak 55.50M) | Time:00:00.06 | Syncing rear cuirass row 5 curved lamella
Fra:1 Mem:55.52M (Peak 55.52M) | Time:00:00.06 | Syncing rear cuirass row 5 curved lamella
Fra:1 Mem:55.55M (Peak 55.55M) | Time:00:00.06 | Syncing rear cuirass row 5 curved lamella
Fra:1 Mem:55.57M (Peak 55.57M) | Time:00:00.06 | Syncing rear cuirass row 5 curved lamella
Fra:1 Mem:55.59M (Peak 55.59M) | Time:00:00.06 | Syncing rear cuirass row 5 curved lamella
Fra:1 Mem:55.62M (Peak 55.62M) | Time:00:00.06 | Syncing rear cuirass row 5 curved lamella
Fra:1 Mem:55.64M (Peak 55.64M) | Time:00:00.06 | Syncing rear cuirass row 5 curved lamella
Fra:1 Mem:55.67M (Peak 55.67M) | Time:00:00.06 | Syncing rear cuirass row 5 curved lamella
Fra:1 Mem:55.69M (Peak 55.69M) | Time:00:00.06 | Syncing rear cuirass row 5 curved lamella
Fra:1 Mem:55.71M (Peak 55.71M) | Time:00:00.06 | Syncing left side cuirass plate 1
Fra:1 Mem:55.73M (Peak 55.73M) | Time:00:00.06 | Syncing left side cuirass plate 2
Fra:1 Mem:55.74M (Peak 55.74M) | Time:00:00.06 | Syncing left side cuirass plate 3
Fra:1 Mem:55.76M (Peak 55.76M) | Time:00:00.06 | Syncing right side cuirass plate 1
Fra:1 Mem:55.77M (Peak 55.77M) | Time:00:00.06 | Syncing right side cuirass plate 2
Fra:1 Mem:55.79M (Peak 55.79M) | Time:00:00.06 | Syncing right side cuirass plate 3
Fra:1 Mem:55.80M (Peak 55.80M) | Time:00:00.06 | Syncing left shoulder undercloth
Fra:1 Mem:55.86M (Peak 55.86M) | Time:00:00.06 | Syncing left sode shoulder plate 1
Fra:1 Mem:55.87M (Peak 55.87M) | Time:00:00.06 | Syncing left sode shoulder plate 2
Fra:1 Mem:55.88M (Peak 55.88M) | Time:00:00.06 | Syncing left sode shoulder plate 3
Fra:1 Mem:55.90M (Peak 55.90M) | Time:00:00.06 | Syncing left sode shoulder plate 4
Fra:1 Mem:55.91M (Peak 55.91M) | Time:00:00.06 | Syncing left armored upper arm
Fra:1 Mem:55.97M (Peak 55.97M) | Time:00:00.06 | Syncing left sode shoulder armor
Fra:1 Mem:56.01M (Peak 56.01M) | Time:00:00.06 | Syncing left kote forearm guard
Fra:1 Mem:56.06M (Peak 56.06M) | Time:00:00.06 | Syncing left leather palm volume
Fra:1 Mem:56.10M (Peak 56.12M) | Time:00:00.07 | Syncing left articulated index finger
Fra:1 Mem:56.11M (Peak 56.12M) | Time:00:00.07 | Syncing left index fingertip
Fra:1 Mem:56.12M (Peak 56.12M) | Time:00:00.07 | Syncing left articulated middle finger
Fra:1 Mem:56.13M (Peak 56.13M) | Time:00:00.07 | Syncing left middle fingertip
Fra:1 Mem:56.14M (Peak 56.14M) | Time:00:00.07 | Syncing left articulated ring finger
Fra:1 Mem:56.15M (Peak 56.15M) | Time:00:00.07 | Syncing left ring fingertip
Fra:1 Mem:56.17M (Peak 56.17M) | Time:00:00.07 | Syncing left articulated pinky finger
Fra:1 Mem:56.18M (Peak 56.18M) | Time:00:00.07 | Syncing left pinky fingertip
Fra:1 Mem:56.19M (Peak 56.19M) | Time:00:00.07 | Syncing left opposed thumb
Fra:1 Mem:56.20M (Peak 56.20M) | Time:00:00.07 | Syncing left thumb fingertip
Fra:1 Mem:56.21M (Peak 56.21M) | Time:00:00.07 | Syncing right shoulder undercloth
Fra:1 Mem:56.27M (Peak 56.27M) | Time:00:00.07 | Syncing right sode shoulder plate 1
Fra:1 Mem:56.28M (Peak 56.28M) | Time:00:00.07 | Syncing right sode shoulder plate 2
Fra:1 Mem:56.29M (Peak 56.29M) | Time:00:00.07 | Syncing right sode shoulder plate 3
Fra:1 Mem:56.31M (Peak 56.31M) | Time:00:00.07 | Syncing right sode shoulder plate 4
Fra:1 Mem:56.32M (Peak 56.32M) | Time:00:00.07 | Syncing right armored upper arm
Fra:1 Mem:56.38M (Peak 56.38M) | Time:00:00.07 | Syncing right sode shoulder armor
Fra:1 Mem:56.42M (Peak 56.42M) | Time:00:00.07 | Syncing right kote forearm guard
Fra:1 Mem:56.48M (Peak 56.48M) | Time:00:00.07 | Syncing right leather palm volume
Fra:1 Mem:56.51M (Peak 56.51M) | Time:00:00.07 | Syncing right articulated index finger
Fra:1 Mem:56.52M (Peak 56.52M) | Time:00:00.07 | Syncing right index fingertip
Fra:1 Mem:56.53M (Peak 56.53M) | Time:00:00.07 | Syncing right articulated middle finger
Fra:1 Mem:56.54M (Peak 56.54M) | Time:00:00.07 | Syncing right middle fingertip
Fra:1 Mem:56.55M (Peak 56.55M) | Time:00:00.07 | Syncing right articulated ring finger
Fra:1 Mem:56.56M (Peak 56.56M) | Time:00:00.07 | Syncing right ring fingertip
Fra:1 Mem:56.58M (Peak 56.58M) | Time:00:00.07 | Syncing right articulated pinky finger
Fra:1 Mem:56.59M (Peak 56.59M) | Time:00:00.07 | Syncing right pinky fingertip
Fra:1 Mem:56.60M (Peak 56.60M) | Time:00:00.07 | Syncing right opposed thumb
Fra:1 Mem:56.61M (Peak 56.61M) | Time:00:00.07 | Syncing right thumb fingertip
Fra:1 Mem:56.62M (Peak 56.62M) | Time:00:00.07 | Syncing kusazuri skirt plate -1 row 1
Fra:1 Mem:56.64M (Peak 56.64M) | Time:00:00.07 | Syncing rear kusazuri skirt plate -1 row 
Fra:1 Mem:56.65M (Peak 56.65M) | Time:00:00.07 | Syncing kusazuri skirt plate -1 row 2
Fra:1 Mem:56.66M (Peak 56.66M) | Time:00:00.07 | Syncing rear kusazuri skirt plate -1 row 
Fra:1 Mem:56.68M (Peak 56.68M) | Time:00:00.07 | Syncing kusazuri skirt plate -1 row 3
Fra:1 Mem:56.69M (Peak 56.69M) | Time:00:00.07 | Syncing rear kusazuri skirt plate -1 row 
Fra:1 Mem:56.71M (Peak 56.71M) | Time:00:00.07 | Syncing kusazuri skirt plate +0 row 1
Fra:1 Mem:56.72M (Peak 56.72M) | Time:00:00.07 | Syncing rear kusazuri skirt plate +0 row 
Fra:1 Mem:56.73M (Peak 56.73M) | Time:00:00.07 | Syncing kusazuri skirt plate +0 row 2
Fra:1 Mem:56.75M (Peak 56.75M) | Time:00:00.07 | Syncing rear kusazuri skirt plate +0 row 
Fra:1 Mem:56.76M (Peak 56.76M) | Time:00:00.07 | Syncing kusazuri skirt plate +0 row 3
Fra:1 Mem:56.78M (Peak 56.78M) | Time:00:00.07 | Syncing rear kusazuri skirt plate +0 row 
Fra:1 Mem:56.79M (Peak 56.79M) | Time:00:00.07 | Syncing kusazuri skirt plate +1 row 1
Fra:1 Mem:56.80M (Peak 56.80M) | Time:00:00.07 | Syncing rear kusazuri skirt plate +1 row 
Fra:1 Mem:56.82M (Peak 56.82M) | Time:00:00.07 | Syncing kusazuri skirt plate +1 row 2
Fra:1 Mem:56.83M (Peak 56.83M) | Time:00:00.07 | Syncing rear kusazuri skirt plate +1 row 
Fra:1 Mem:56.84M (Peak 56.84M) | Time:00:00.07 | Syncing kusazuri skirt plate +1 row 3
Fra:1 Mem:56.86M (Peak 56.86M) | Time:00:00.07 | Syncing rear kusazuri skirt plate +1 row 
Fra:1 Mem:56.87M (Peak 56.87M) | Time:00:00.07 | Syncing left hakama trouser leg
Fra:1 Mem:56.93M (Peak 56.93M) | Time:00:00.07 | Syncing left shin greave
Fra:1 Mem:56.98M (Peak 56.98M) | Time:00:00.07 | Syncing left split-toe tabi foot volume
Fra:1 Mem:57.03M (Peak 57.03M) | Time:00:00.07 | Syncing left separated big toe
Fra:1 Mem:57.05M (Peak 57.05M) | Time:00:00.07 | Syncing left outer toe group
Fra:1 Mem:57.07M (Peak 57.07M) | Time:00:00.07 | Syncing left woven waraji sole grounded
Fra:1 Mem:57.08M (Peak 57.08M) | Time:00:00.07 | Syncing left sandal toe strap
Fra:1 Mem:57.09M (Peak 57.15M) | Time:00:00.07 | Syncing left heel strap
Fra:1 Mem:57.09M (Peak 57.15M) | Time:00:00.07 | Syncing left hakama pleat 1
Fra:1 Mem:57.10M (Peak 57.15M) | Time:00:00.07 | Syncing left hakama pleat 2
Fra:1 Mem:57.11M (Peak 57.15M) | Time:00:00.07 | Syncing left hakama pleat 3
Fra:1 Mem:57.12M (Peak 57.15M) | Time:00:00.07 | Syncing right hakama trouser leg
Fra:1 Mem:57.20M (Peak 57.20M) | Time:00:00.07 | Syncing right shin greave
Fra:1 Mem:57.26M (Peak 57.26M) | Time:00:00.07 | Syncing right split-toe tabi foot volume
Fra:1 Mem:57.30M (Peak 57.30M) | Time:00:00.07 | Syncing right separated big toe
Fra:1 Mem:57.33M (Peak 57.33M) | Time:00:00.07 | Syncing right outer toe group
Fra:1 Mem:57.35M (Peak 57.35M) | Time:00:00.07 | Syncing right woven waraji sole grounded
Fra:1 Mem:57.35M (Peak 57.35M) | Time:00:00.07 | Syncing right sandal toe strap
Fra:1 Mem:57.36M (Peak 57.36M) | Time:00:00.07 | Syncing right heel strap
Fra:1 Mem:57.37M (Peak 57.37M) | Time:00:00.07 | Syncing right hakama pleat 1
Fra:1 Mem:57.37M (Peak 57.37M) | Time:00:00.07 | Syncing right hakama pleat 2
Fra:1 Mem:57.38M (Peak 57.38M) | Time:00:00.07 | Syncing right hakama pleat 3
Fra:1 Mem:57.38M (Peak 57.38M) | Time:00:00.07 | Syncing drawn katana blade spine
Fra:1 Mem:57.39M (Peak 57.45M) | Time:00:00.07 | Syncing bright sharpened katana edge
Fra:1 Mem:57.40M (Peak 57.45M) | Time:00:00.07 | Syncing wrapped katana grip
Fra:1 Mem:57.41M (Peak 57.45M) | Time:00:00.07 | Syncing square tsuba guard
Fra:1 Mem:57.42M (Peak 57.45M) | Time:00:00.07 | Syncing lacquered saya scabbard at left h
Fra:1 Mem:57.43M (Peak 57.45M) | Time:00:00.07 | Syncing waist sash tying armor
Fra:1 Mem:57.43M (Peak 57.45M) | Time:00:00.07 | Syncing bamboo sashimono back pole
Fra:1 Mem:57.44M (Peak 57.45M) | Time:00:00.07 | Syncing small lacquered sashimono crossba
Fra:1 Mem:57.46M (Peak 57.46M) | Time:00:00.07 | Syncing cloth sashimono banner panel
Fra:1 Mem:57.47M (Peak 57.52M) | Time:00:00.07 | Syncing simple round clan mon on banner
Fra:1 Mem:57.51M (Peak 57.52M) | Time:00:00.07 | Syncing cool key
Fra:1 Mem:57.51M (Peak 57.52M) | Time:00:00.07 | Syncing rim
Fra:1 Mem:57.51M (Peak 57.52M) | Time:00:00.07 | Syncing hero cam
Fra:1 Mem:57.51M (Peak 57.52M) | Time:00:00.07 | Syncing samurai_v2_provenance
Fra:1 Mem:57.54M (Peak 57.64M) | Time:00:00.08 | Rendering 1 / 32 samples
Fra:1 Mem:54.65M (Peak 57.64M) | Time:00:02.61 | Rendering 26 / 32 samples
Fra:1 Mem:54.65M (Peak 57.64M) | Time:00:03.07 | Rendering 32 / 32 samples
Saved: '/tmp/factoryx-v21-render/samurai-repaired-full-20-v21/uesugi-01/turntable_004.png'
 Time: 00:03.20 (Saving: 00:00.03)

ERROR (bke.modifier): ./source/blender/blenkernel/intern/modifier.cc:458 BKE_modifier_set_error: Object: "front cuirass row 2 curved lamellar plate 05", Modifier: "weighted normals", Enable 'Auto Smooth' in Object Data Properties
ERROR (bke.modifier): ./source/blender/blenkernel/intern/modifier.cc:458 BKE_modifier_set_error: Object: "front cuirass row 2 curved lamellar plate 08", Modifier: "weighted normals", Enable 'Auto Smooth' in Object Data Properties
ERROR (bke.modifier): ./source/blender/blenkernel/intern/modifier.cc:458 BKE_modifier_set_error: Object: "front cuirass row 2 curved lamellar plate 07", Modifier: "weighted normals", Enable 'Auto Smooth' in Object Data Properties
ERROR (bke.modifier): ./source/blender/blenkernel/intern/modifier.cc:458 BKE_modifier_set_error: Object: "front cuirass row 2 curved lamellar plate 06", Modifier: "weighted normals", Enable 'Auto Smooth' in Object Data Properties
ERROR (bke.modifier): ./source/blender/blenkernel/intern/modifier.cc:458 BKE_modifier_set_error: Object: "rear cuirass row 2 curved lamellar plate 01", Modifier: "weighted normals", Enable 'Auto Smooth' in Object Data Properties
ERROR (bke.modifier): ./source/blender/blenkernel/intern/modifier.cc:458 BKE_modifier_set_error: Object: "front cuirass row 2 curved lamellar plate 09", Modifier: "weighted normals", Enable 'Auto Smooth' in Object Data Properties
ERROR (bke.modifier): ./source/blender/blenkernel/intern/modifier.cc:458 BKE_modifier_set_error: Object: "rear cuirass row 2 curved lamellar plate 08", Modifier: "weighted normals", Enable 'Auto Smooth' in Object Data Properties
ERROR (bke.modifier): ./source/blender/blenkernel/intern/modifier.cc:458 BKE_modifier_set_error: Object: "front cuirass row 2 curved lamellar plate 04", Modifier: "weighted normals", Enable 'Auto Smooth' in Object Data Properties
ERROR (bke.modifier): ./source/blender/blenkernel/intern/modifier.cc:458 BKE_modifier_set_error: Object: "rear cuirass row 2 curved lamellar plate 03", Modifier: "weighted normals", Enable 'Auto Smooth' in Object Data Properties
ERROR (bke.modifier): ./source/blender/blenkernel/intern/modifier.cc:458 BKE_modifier_set_error: Object: "rear cuirass row 2 curved lamellar plate 04", Modifier: "weighted normals", Enable 'Auto Smooth' in Object Data Properties
ERROR (bke.modifier): ./source/blender/blenkernel/intern/modifier.cc:458 BKE_modifier_set_error: Object: "rear cuirass row 2 curved lamellar plate 02", Modifier: "weighted normals", Enable 'Auto Smooth' in Object Data Properties
ERROR (bke.modifier): ./source/blender/blenkernel/intern/modifier.cc:458 BKE_modifier_set_error: Object: "rear cuirass row 2 curved lamellar plate 05", Modifier: "weighted normals", Enable 'Auto Smooth' in Object Data Properties
ERROR (bke.modifier): ./source/blender/blenkernel/intern/modifier.cc:458 BKE_modifier_set_error: Object: "rear cuirass row 2 curved lamellar plate 06", Modifier: "weighted normals", Enable 'Auto Smooth' in Object Data Properties
ERROR (bke.modifier): ./source/blender/blenkernel/intern/modifier.cc:458 BKE_modifier_set_error: Object: "rear cuirass row 2 curved lamellar plate 07", Modifier: "weighted normals", Enable 'Auto Smooth' in Object Data Properties
ERROR (bke.modifier): ./source/blender/blenkernel/intern/modifier.cc:458 BKE_modifier_set_error: Object: "front cuirass row 3 curved lamellar plate 01", Modifier: "weighted normals", Enable 'Auto Smooth' in Object Data Properties
ERROR (bke.modifier): ./source/blender/blenkernel/intern/modifier.cc:458 BKE_modifier_set_error: Object: "rear cuirass row 2 curved lamellar plate 09", Modifier: "weighted normals", Enable 'Auto Smooth' in Object Data Properties
ERROR (bke.modifier): ./source/blender/blenkernel/intern/modifier.cc:458 BKE_modifier_set_error: Object: "front cuirass row 3 curved lamellar plate 02", Modifier: "weighted normals", Enable 'Auto Smooth' in Object Data Properties
ERROR (bke.modifier): ./source/blender/blenkernel/intern/modifier.cc:458 BKE_modifier_set_error: Object: "front cuirass row 3 curved lamellar plate 03", Modifier: "weighted normals", Enable 'Auto Smooth' in Object Data Properties
ERROR (bke.modifier): ./source/blender/blenkernel/intern/modifier.cc:458 BKE_modifier_set_error: Object: "front cuirass row 3 curved lamellar plate 04", Modifier: "weighted normals", Enable 'Auto Smooth' in Object Data Properties
ERROR (bke.modifier): ./source/blender/blenkernel/intern/modifier.cc:458 BKE_modifier_set_error: Object: "front cuirass row 3 curved lamellar plate 05", Modifier: "weighted normals", Enable 'Auto Smooth' in Object Data Properties
ERROR (bke.modifier): ./source/blender/blenkernel/intern/modifier.cc:458 BKE_modifier_set_error: Object: "front cuirass row 3 curved lamellar plate 07", Modifier: "weighted normals", Enable 'Auto Smooth' in Object Data Properties
ERROR (bke.modifier): ./source/blender/blenkernel/intern/modifier.cc:458 BKE_modifier_set_error: Object: "rear cuirass row 3 curved lamellar plate 02", Modifier: "weighted normals", Enable 'Auto Smooth' in Object Data Properties
ERROR (bke.modifier): ./source/blender/blenkernel/intern/modifier.cc:458 BKE_modifier_set_error: Object: "rear cuirass row 3 curved lamellar plate 03", Modifier: "weighted normals", Enable 'Auto Smooth' in Object Data Properties
ERROR (bke.modifier): ./source/blender/blenkernel/intern/modifier.cc:458 BKE_modifier_set_error: Object: "front cuirass row 3 curved lamellar plate 09", Modifier: "weighted normals", Enable 'Auto Smooth' in Object Data Properties
ERROR (bke.modifier): ./source/blender/blenkernel/intern/modifier.cc:458 BKE_modifier_set_error: Object: "rear cuirass row 3 curved lamellar plate 04", Modifier: "weighted normals", Enable 'Auto Smooth' in Object Data Properties
ERROR (bke.modifier): ./source/blender/blenkernel/intern/modifier.cc:458 BKE_modifier_set_error: Object: "rear cuirass row 3 curved lamellar plate 05", Modifier: "weighted normals", Enable 'Auto Smooth' in Object Data Properties
ERROR (bke.modifier): ./source/blender/blenkernel/intern/modifier.cc:458 BKE_modifier_set_error: Object: "rear cuirass row 3 curved lamellar plate 06", Modifier: "weighted normals", Enable 'Auto Smooth' in Object Data Properties
ERROR (bke.modifier): ./source/blender/blenkernel/intern/modifier.cc:458 BKE_modifier_set_error: Object: "front cuirass row 2 curved lamellar plate 03", Modifier: "weighted normals", Enable 'Auto Smooth' in Object Data Properties
ERROR (bke.modifier): ./source/blender/blenkernel/intern/modifier.cc:458 BKE_modifier_set_error: Object: "front cuirass row 3 curved lamellar plate 08", Modifier: "weighted normals", Enable 'Auto Smooth' in Object Data Properties
ERROR (bke.modifier): ./source/blender/blenkernel/intern/modifier.cc:458 BKE_modifier_set_error: Object: "front cuirass row 3 curved lamellar plate 06", Modifier: "weighted normals", Enable 'Auto Smooth' in Object Data Properties
ERROR (bke.modifier): ./source/blender/blenkernel/intern/modifier.cc:458 BKE_modifier_set_error: Object: "rear cuirass row 3 curved lamellar plate 07", Modifier: "weighted normals", Enable 'Auto Smooth' in Object Data Properties
ERROR (bke.modifier): ./source/blender/blenkernel/intern/modifier.cc:458 BKE_modifier_set_error: Object: "rear cuirass row 3 curved lamellar plate 08", Modifier: "weighted normals", Enable 'Auto Smooth' in Object Data Properties
ERROR (bke.modifier): ./source/blender/blenkernel/intern/modifier.cc:458 BKE_modifier_set_error: Object: "rear cuirass row 3 curved lamellar plate 09", Modifier: "weighted normals", Enable 'Auto Smooth' in Object Data Properties
ERROR (bke.modifier): ./source/blender/blenkernel/intern/modifier.cc:458 BKE_modifier_set_error: Object: "rear cuirass row 3 curved lamellar plate 01", Modifier: "weighted normals", Enable 'Auto Smooth' in Object Data Properties
ERROR (bke.modifier): ./source/blender/blenkernel/intern/modifier.cc:458 BKE_modifier_set_error: Object: "front cuirass row 4 curved lamellar plate 01", Modifier: "weighted normals", Enable 'Auto Smooth' in Object Data Properties
ERROR (bke.modifier): ./source/blender/blenkernel/intern/modifier.cc:458 BKE_modifier_set_error: Object: "front cuirass row 4 curved lamellar plate 02", Modifier: "weighted normals", Enable 'Auto Smooth' in Object Data Properties
ERROR (bke.modifier): ./source/blender/blenkernel/intern/modifier.cc:458 BKE_modifier_set_error: Object: "front cuirass row 4 curved lamellar plate 03", Modifier: "weighted normals", Enable 'Auto Smooth' in Object Data Properties
ERROR (bke.modifier): ./source/blender/blenkernel/intern/modifier.cc:458 BKE_modifier_set_error: Object: "front cuirass row 4 curved lamellar plate 04", Modifier: "weighted normals", Enable 'Auto Smooth' in Object Data Properties
ERROR (bke.modifier): ./source/blender/blenkernel/intern/modifier.cc:458 BKE_modifier_set_error: Object: "front cuirass row 4 curved lamellar plate 05", Modifier: "weighted normals", Enable 'Auto Smooth' in Object Data Properties
ERROR (bke.modifier): ./source/blender/blenkernel/intern/modifier.cc:458 BKE_modifier_set_error: Object: "front cuirass row 4 curved lamellar plate 06", Modifier: "weighted normals", Enable 'Auto Smooth' in Object Data Properties
ERROR (bke.modifier): ./source/blender/blenkernel/intern/modifier.cc:458 BKE_modifier_set_error: Object: "front cuirass row 4 curved lamellar plate 07", Modifier: "weighted normals", Enable 'Auto Smooth' in Object Data Properties
ERROR (bke.modifier): ./source/blender/blenkernel/intern/modifier.cc:458 BKE_modifier_set_error: Object: "front cuirass row 4 curved lamellar plate 08", Modifier: "weighted normals", Enable 'Auto Smooth' in Object Data Properties
ERROR (bke.modifier): ./source/blender/blenkernel/intern/modifier.cc:458 BKE_modifier_set_error: Object: "front cuirass row 4 curved lamellar plate 09", Modifier: "weighted normals", Enable 'Auto Smooth' in Object Data Properties
ERROR (bke.modifier): ./source/blender/blenkernel/intern/modifier.cc:458 BKE_modifier_set_error: Object: "front cuirass row 2 curved lamellar plate 02", Modifier: "weighted normals", Enable 'Auto Smooth' in Object Data Properties
ERROR (bke.modifier): ./source/blender/blenkernel/intern/modifier.cc:458 BKE_modifier_set_error: Object: "rear cuirass row 4 curved lamellar plate 01", Modifier: "weighted normals", Enable 'Auto Smooth' in Object Data Properties
ERROR (bke.modifier): ./source/blender/blenkernel/intern/modifier.cc:458 BKE_modifier_set_error: Object: "rear cuirass row 4 curved lamellar plate 02", Modifier: "weighted normals", Enable 'Auto Smooth' in Object Data Properties
ERROR (bke.modifier): ./source/blender/blenkernel/intern/modifier.cc:458 BKE_modifier_set_error: Object: "rear cuirass row 4 curved lamellar plate 03", Modifier: "weighted normals", Enable 'Auto Smooth' in Object Data Properties
ERROR (bke.modifier): ./source/blender/blenkernel/intern/modifier.cc:458 BKE_modifier_set_error: Object: "rear cuirass row 4 curved lamellar plate 04", Modifier: "weighted normals", Enable 'Auto Smooth' in Object Data Properties
ERROR (bke.modifier): ./source/blender/blenkernel/intern/modifier.cc:458 BKE_modifier_set_error: Object: "rear cuirass row 4 curved lamellar plate 06", Modifier: "weighted normals", Enable 'Auto Smooth' in Object Data Properties
ERROR (bke.modifier): ./source/blender/blenkernel/intern/modifier.cc:458 BKE_modifier_set_error: Object: "rear cuirass row 4 curved lamellar plate 05", Modifier: "weighted normals", Enable 'Auto Smooth' in Object Data Properties
ERROR (bke.modifier): ./source/blender/blenkernel/intern/modifier.cc:458 BKE_modifier_set_error: Object: "rear cuirass row 4 curved lamellar plate 08", Modifier: "weighted normals", Enable 'Auto Smooth' in Object Data Properties
ERROR (bke.modifier): ./source/blender/blenkernel/intern/modifier.cc:458 BKE_modifier_set_error: Object: "rear cuirass row 4 curved lamellar plate 07", Modifier: "weighted normals", Enable 'Auto Smooth' in Object Data Properties
ERROR (bke.modifier): ./source/blender/blenkernel/intern/modifier.cc:458 BKE_modifier_set_error: Object: "rear cuirass row 4 curved lamellar plate 09", Modifier: "weighted normals", Enable 'Auto Smooth' in Object Data Properties
ERROR (bke.modifier): ./source/blender/blenkernel/intern/modifier.cc:458 BKE_modifier_set_error: Object: "front cuirass row 5 curved lamellar plate 01", Modifier: "weighted normals", Enable 'Auto Smooth' in Object Data Properties
ERROR (bke.modifier): ./source/blender/blenkernel/intern/modifier.cc:458 BKE_modifier_set_error: Object: "front cuirass row 5 curved lamellar plate 02", Modifier: "weighted normals", Enable 'Auto Smooth' in Object Data Properties
ERROR (bke.modifier): ./source/blender/blenkernel/intern/modifier.cc:458 BKE_modifier_set_error: Object: "front cuirass row 5 curved lamellar plate 04", Modifier: "weighted normals", Enable 'Auto Smooth' in Object Data Properties
ERROR (bke.modifier): ./source/blender/blenkernel/intern/modifier.cc:458 BKE_modifier_set_error: Object: "front cuirass row 5 curved lamellar plate 03", Modifier: "weighted normals", Enable 'Auto Smooth' in Object Data Properties
ERROR (bke.modifier): ./source/blender/blenkernel/intern/modifier.cc:458 BKE_modifier_set_error: Object: "front cuirass row 2 curved lamellar plate 01", Modifier: "weighted normals", Enable 'Auto Smooth' in Object Data Properties
ERROR (bke.modifier): ./source/blender/blenkernel/intern/modifier.cc:458 BKE_modifier_set_error: Object: "front cuirass row 5 curved lamellar plate 05", Modifier: "weighted normals", Enable 'Auto Smooth' in Object Data Properties
ERROR (bke.modifier): ./source/blender/blenkernel/intern/modifier.cc:458 BKE_modifier_set_error: Object: "front cuirass row 5 curved lamellar plate 07", Modifier: "weighted normals", Enable 'Auto Smooth' in Object Data Properties
ERROR (bke.modifier): ./source/blender/blenkernel/intern/modifier.cc:458 BKE_modifier_set_error: Object: "front cuirass row 5 curved lamellar plate 06", Modifier: "weighted normals", Enable 'Auto Smooth' in Object Data Properties
ERROR (bke.modifier): ./source/blender/blenkernel/intern/modifier.cc:458 BKE_modifier_set_error: Object: "front cuirass row 5 curved lamellar plate 08", Modifier: "weighted normals", Enable 'Auto Smooth' in Object Data Properties
ERROR (bke.modifier): ./source/blender/blenkernel/intern/modifier.cc:458 BKE_modifier_set_error: Object: "rear cuirass row 5 curved lamellar plate 01", Modifier: "weighted normals", Enable 'Auto Smooth' in Object Data Properties
ERROR (bke.modifier): ./source/blender/blenkernel/intern/modifier.cc:458 BKE_modifier_set_error: Object: "front cuirass row 5 curved lamellar plate 09", Modifier: "weighted normals", Enable 'Auto Smooth' in Object Data Properties
ERROR (bke.modifier): ./source/blender/blenkernel/intern/modifier.cc:458 BKE_modifier_set_error: Object: "rear cuirass row 5 curved lamellar plate 02", Modifier: "weighted normals", Enable 'Auto Smooth' in Object Data Properties
ERROR (bke.modifier): ./source/blender/blenkernel/intern/modifier.cc:458 BKE_modifier_set_error: Object: "rear cuirass row 5 curved lamellar plate 04", Modifier: "weighted normals", Enable 'Auto Smooth' in Object Data Properties
ERROR (bke.modifier): ./source/blender/blenkernel/intern/modifier.cc:458 BKE_modifier_set_error: Object: "rear cuirass row 5 curved lamellar plate 03", Modifier: "weighted normals", Enable 'Auto Smooth' in Object Data Properties
ERROR (bke.modifier): ./source/blender/blenkernel/intern/modifier.cc:458 BKE_modifier_set_error: Object: "rear cuirass row 5 curved lamellar plate 05", Modifier: "weighted normals", Enable 'Auto Smooth' in Object Data Properties
ERROR (bke.modifier): ./source/blender/blenkernel/intern/modifier.cc:458 BKE_modifier_set_error: Object: "rear cuirass row 5 curved lamellar plate 06", Modifier: "weighted normals", Enable 'Auto Smooth' in Object Data Properties
ERROR (bke.modifier): ./source/blender/blenkernel/intern/modifier.cc:458 BKE_modifier_set_error: Object: "rear cuirass row 1 curved lamellar plate 09", Modifier: "weighted normals", Enable 'Auto Smooth' in Object Data Properties
ERROR (bke.modifier): ./source/blender/blenkernel/intern/modifier.cc:458 BKE_modifier_set_error: Object: "rear cuirass row 5 curved lamellar plate 07", Modifier: "weighted normals", Enable 'Auto Smooth' in Object Data Properties
ERROR (bke.modifier): ./source/blender/blenkernel/intern/modifier.cc:458 BKE_modifier_set_error: Object: "rear cuirass row 5 curved lamellar plate 08", Modifier: "weighted normals", Enable 'Auto Smooth' in Object Data Properties
ERROR (bke.modifier): ./source/blender/blenkernel/intern/modifier.cc:458 BKE_modifier_set_error: Object: "rear cuirass row 5 curved lamellar plate 09", Modifier: "weighted normals", Enable 'Auto Smooth' in Object Data Properties
ERROR (bke.modifier): ./source/blender/blenkernel/intern/modifier.cc:458 BKE_modifier_set_error: Object: "left shoulder undercloth", Modifier: "weighted normals", Enable 'Auto Smooth' in Object Data Properties
ERROR (bke.modifier): ./source/blender/blenkernel/intern/modifier.cc:458 BKE_modifier_set_error: Object: "rear cuirass row 1 curved lamellar plate 08", Modifier: "weighted normals", Enable 'Auto Smooth' in Object Data Properties
ERROR (bke.modifier): ./source/blender/blenkernel/intern/modifier.cc:458 BKE_modifier_set_error: Object: "left armored upper arm", Modifier: "weighted normals", Enable 'Auto Smooth' in Object Data Properties
ERROR (bke.modifier): ./source/blender/blenkernel/intern/modifier.cc:458 BKE_modifier_set_error: Object: "left sode shoulder armor", Modifier: "weighted normals", Enable 'Auto Smooth' in Object Data Properties
ERROR (bke.modifier): ./source/blender/blenkernel/intern/modifier.cc:458 BKE_modifier_set_error: Object: "left kote forearm guard", Modifier: "weighted normals", Enable 'Auto Smooth' in Object Data Properties
ERROR (bke.modifier): ./source/blender/blenkernel/intern/modifier.cc:458 BKE_modifier_set_error: Object: "left leather palm volume", Modifier: "weighted normals", Enable 'Auto Smooth' in Object Data Properties
ERROR (bke.modifier): ./source/blender/blenkernel/intern/modifier.cc:458 BKE_modifier_set_error: Object: "rear cuirass row 1 curved lamellar plate 07", Modifier: "weighted normals", Enable 'Auto Smooth' in Object Data Properties
ERROR (bke.modifier): ./source/blender/blenkernel/intern/modifier.cc:458 BKE_modifier_set_error: Object: "left index fingertip", Modifier: "weighted normals", Enable 'Auto Smooth' in Object Data Properties
ERROR (bke.modifier): ./source/blender/blenkernel/intern/modifier.cc:458 BKE_modifier_set_error: Object: "left middle fingertip", Modifier: "weighted normals", Enable 'Auto Smooth' in Object Data Properties
ERROR (bke.modifier): ./source/blender/blenkernel/intern/modifier.cc:458 BKE_modifier_set_error: Object: "rear cuirass row 1 curved lamellar plate 06", Modifier: "weighted normals", Enable 'Auto Smooth' in Object Data Properties
ERROR (bke.modifier): ./source/blender/blenkernel/intern/modifier.cc:458 BKE_modifier_set_error: Object: "left ring fingertip", Modifier: "weighted normals", Enable 'Auto Smooth' in Object Data Properties
ERROR (bke.modifier): ./source/blender/blenkernel/intern/modifier.cc:458 BKE_modifier_set_error: Object: "right side cuirass plate 1", Modifier: "weighted normals", Enable 'Auto Smooth' in Object Data Properties
ERROR (bke.modifier): ./source/blender/blenkernel/intern/modifier.cc:458 BKE_modifier_set_error: Object: "left pinky fingertip", Modifier: "weighted normals", Enable 'Auto Smooth' in Object Data Properties
ERROR (bke.modifier): ./source/blender/blenkernel/intern/modifier.cc:458 BKE_modifier_set_error: Object: "left thumb fingertip", Modifier: "weighted normals", Enable 'Auto Smooth' in Object Data Properties
ERROR (bke.modifier): ./source/blender/blenkernel/intern/modifier.cc:458 BKE_modifier_set_error: Object: "rear cuirass row 1 curved lamellar plate 05", Modifier: "weighted normals", Enable 'Auto Smooth' in Object Data Properties
ERROR (bke.modifier): ./source/blender/blenkernel/intern/modifier.cc:458 BKE_modifier_set_error: Object: "right shoulder undercloth", Modifier: "weighted normals", Enable 'Auto Smooth' in Object Data Properties
ERROR (bke.modifier): ./source/blender/blenkernel/intern/modifier.cc:458 BKE_modifier_set_error: Object: "left side cuirass plate 1", Modifier: "weighted normals", Enable 'Auto Smooth' in Object Data Properties
ERROR (bke.modifier): ./source/blender/blenkernel/intern/modifier.cc:458 BKE_modifier_set_error: Object: "rear cuirass row 1 curved lamellar plate 04", Modifier: "weighted normals", Enable 'Auto Smooth' in Object Data Properties
ERROR (bke.modifier): ./source/blender/blenkernel/intern/modifier.cc:458 BKE_modifier_set_error: Object: "left side cuirass plate 3", Modifier: "weighted normals", Enable 'Auto Smooth' in Object Data Properties
ERROR (bke.modifier): ./source/blender/blenkernel/intern/modifier.cc:458 BKE_modifier_set_error: Object: "right side cuirass plate 2", Modifier: "weighted normals", Enable 'Auto Smooth' in Object Data Properties
ERROR (bke.modifier): ./source/blender/blenkernel/intern/modifier.cc:458 BKE_modifier_set_error: Object: "right armored upper arm", Modifier: "weighted normals", Enable 'Auto Smooth' in Object Data Properties
ERROR (bke.modifier): ./source/blender/blenkernel/intern/modifier.cc:458 BKE_modifier_set_error: Object: "right sode shoulder armor", Modifier: "weighted normals", Enable 'Auto Smooth' in Object Data Properties
ERROR (bke.modifier): ./source/blender/blenkernel/intern/modifier.cc:458 BKE_modifier_set_error: Object: "left sode shoulder plate 4", Modifier: "weighted normals", Enable 'Auto Smooth' in Object Data Properties
ERROR (bke.modifier): ./source/blender/blenkernel/intern/modifier.cc:458 BKE_modifier_set_error: Object: "left sode shoulder plate 1", Modifier: "weighted normals", Enable 'Auto Smooth' in Object Data Properties
ERROR (bke.modifier): ./source/blender/blenkernel/intern/modifier.cc:458 BKE_modifier_set_error: Object: "right side cuirass plate 3", Modifier: "weighted normals", Enable 'Auto Smooth' in Object Data Properties
ERROR (bke.modifier): ./source/blender/blenkernel/intern/modifier.cc:458 BKE_modifier_set_error: Object: "left sode shoulder plate 2", Modifier: "weighted normals", Enable 'Auto Smooth' in Object Data Properties
ERROR (bke.modifier): ./source/blender/blenkernel/intern/modifier.cc:458 BKE_modifier_set_error: Object: "right leather palm volume", Modifier: "weighted normals", Enable 'Auto Smooth' in Object Data Properties
ERROR (bke.modifier): ./source/blender/blenkernel/intern/modifier.cc:458 BKE_modifier_set_error: Object: "rear cuirass row 1 curved lamellar plate 03", Modifier: "weighted normals", Enable 'Auto Smooth' in Object Data Properties
ERROR (bke.modifier): ./source/blender/blenkernel/intern/modifier.cc:458 BKE_modifier_set_error: Object: "right kote forearm guard", Modifier: "weighted normals", Enable 'Auto Smooth' in Object Data Properties
ERROR (bke.modifier): ./source/blender/blenkernel/intern/modifier.cc:458 BKE_modifier_set_error: Object: "right index fingertip", Modifier: "weighted normals", Enable 'Auto Smooth' in Object Data Properties
ERROR (bke.modifier): ./source/blender/blenkernel/intern/modifier.cc:458 BKE_modifier_set_error: Object: "left sode shoulder plate 3", Modifier: "weighted normals", Enable 'Auto Smooth' in Object Data Properties
ERROR (bke.modifier): ./source/blender/blenkernel/intern/modifier.cc:458 BKE_modifier_set_error: Object: "right ring fingertip", Modifier: "weighted normals", Enable 'Auto Smooth' in Object Data Properties
ERROR (bke.modifier): ./source/blender/blenkernel/intern/modifier.cc:458 BKE_modifier_set_error: Object: "right middle fingertip", Modifier: "weighted normals", Enable 'Auto Smooth' in Object Data Properties
ERROR (bke.modifier): ./source/blender/blenkernel/intern/modifier.cc:458 BKE_modifier_set_error: Object: "right pinky fingertip", Modifier: "weighted normals", Enable 'Auto Smooth' in Object Data Properties
ERROR (bke.modifier): ./source/blender/blenkernel/intern/modifier.cc:458 BKE_modifier_set_error: Object: "left side cuirass plate 2", Modifier: "weighted normals", Enable 'Auto Smooth' in Object Data Properties
ERROR (bke.modifier): ./source/blender/blenkernel/intern/modifier.cc:458 BKE_modifier_set_error: Object: "rear cuirass row 1 curved lamellar plate 02", Modifier: "weighted normals", Enable 'Auto Smooth' in Object Data Properties
ERROR (bke.modifier): ./source/blender/blenkernel/intern/modifier.cc:458 BKE_modifier_set_error: Object: "right sode shoulder plate 4", Modifier: "weighted normals", Enable 'Auto Smooth' in Object Data Properties
ERROR (bke.modifier): ./source/blender/blenkernel/intern/modifier.cc:458 BKE_modifier_set_error: Object: "right thumb fingertip", Modifier: "weighted normals", Enable 'Auto Smooth' in Object Data Properties
ERROR (bke.modifier): ./source/blender/blenkernel/intern/modifier.cc:458 BKE_modifier_set_error: Object: "rear cuirass row 1 curved lamellar plate 01", Modifier: "weighted normals", Enable 'Auto Smooth' in Object Data Properties
ERROR (bke.modifier): ./source/blender/blenkernel/intern/modifier.cc:458 BKE_modifier_set_error: Object: "front cuirass row 1 curved lamellar plate 09", Modifier: "weighted normals", Enable 'Auto Smooth' in Object Data Properties
ERROR (bke.modifier): ./source/blender/blenkernel/intern/modifier.cc:458 BKE_modifier_set_error: Object: "right sode shoulder plate 1", Modifier: "weighted normals", Enable 'Auto Smooth' in Object Data Properties
ERROR (bke.modifier): ./source/blender/blenkernel/intern/modifier.cc:458 BKE_modifier_set_error: Object: "front cuirass row 1 curved lamellar plate 08", Modifier: "weighted normals", Enable 'Auto Smooth' in Object Data Properties
ERROR (bke.modifier): ./source/blender/blenkernel/intern/modifier.cc:458 BKE_modifier_set_error: Object: "kusazuri skirt plate +0 row 2", Modifier: "weighted normals", Enable 'Auto Smooth' in Object Data Properties
ERROR (bke.modifier): ./source/blender/blenkernel/intern/modifier.cc:458 BKE_modifier_set_error: Object: "front cuirass row 1 curved lamellar plate 07", Modifier: "weighted normals", Enable 'Auto Smooth' in Object Data Properties
ERROR (bke.modifier): ./source/blender/blenkernel/intern/modifier.cc:458 BKE_modifier_set_error: Object: "front cuirass row 1 curved lamellar plate 06", Modifier: "weighted normals", Enable 'Auto Smooth' in Object Data Properties
ERROR (bke.modifier): ./source/blender/blenkernel/intern/modifier.cc:458 BKE_modifier_set_error: Object: "right sode shoulder plate 2", Modifier: "weighted normals", Enable 'Auto Smooth' in Object Data Properties
ERROR (bke.modifier): ./source/blender/blenkernel/intern/modifier.cc:458 BKE_modifier_set_error: Object: "kusazuri skirt plate -1 row 1", Modifier: "weighted normals", Enable 'Auto Smooth' in Object Data Properties
ERROR (bke.modifier): ./source/blender/blenkernel/intern/modifier.cc:458 BKE_modifier_set_error: Object: "front cuirass row 1 curved lamellar plate 05", Modifier: "weighted normals", Enable 'Auto Smooth' in Object Data Properties
ERROR (bke.modifier): ./source/blender/blenkernel/intern/modifier.cc:458 BKE_modifier_set_error: Object: "kusazuri skirt plate -1 row 2", Modifier: "weighted normals", Enable 'Auto Smooth' in Object Data Properties
ERROR (bke.modifier): ./source/blender/blenkernel/intern/modifier.cc:458 BKE_modifier_set_error: Object: "rear kusazuri skirt plate -1 row 3", Modifier: "weighted normals", Enable 'Auto Smooth' in Object Data Properties
ERROR (bke.modifier): ./source/blender/blenkernel/intern/modifier.cc:458 BKE_modifier_set_error: Object: "kusazuri skirt plate -1 row 3", Modifier: "weighted normals", Enable 'Auto Smooth' in Object Data Properties
ERROR (bke.modifier): ./source/blender/blenkernel/intern/modifier.cc:458 BKE_modifier_set_error: Object: "kusazuri skirt plate +0 row 1", Modifier: "weighted normals", Enable 'Auto Smooth' in Object Data Properties
ERROR (bke.modifier): ./source/blender/blenkernel/intern/modifier.cc:458 BKE_modifier_set_error: Object: "rear kusazuri skirt plate +0 row 3", Modifier: "weighted normals", Enable 'Auto Smooth' in Object Data Properties
ERROR (bke.modifier): ./source/blender/blenkernel/intern/modifier.cc:458 BKE_modifier_set_error: Object: "right sode shoulder plate 3", Modifier: "weighted normals", Enable 'Auto Smooth' in Object Data Properties
ERROR (bke.modifier): ./source/blender/blenkernel/intern/modifier.cc:458 BKE_modifier_set_error: Object: "rear kusazuri skirt plate +0 row 1", Modifier: "weighted normals", Enable 'Auto Smooth' in Object Data Properties
ERROR (bke.modifier): ./source/blender/blenkernel/intern/modifier.cc:458 BKE_modifier_set_error: Object: "left hakama trouser leg", Modifier: "weighted normals", Enable 'Auto Smooth' in Object Data Properties
ERROR (bke.modifier): ./source/blender/blenkernel/intern/modifier.cc:458 BKE_modifier_set_error: Object: "left shin greave", Modifier: "weighted normals", Enable 'Auto Smooth' in Object Data Properties
ERROR (bke.modifier): ./source/blender/blenkernel/intern/modifier.cc:458 BKE_modifier_set_error: Object: "left split-toe tabi foot volume", Modifier: "weighted normals", Enable 'Auto Smooth' in Object Data Properties
ERROR (bke.modifier): ./source/blender/blenkernel/intern/modifier.cc:458 BKE_modifier_set_error: Object: "rear kusazuri skirt plate +0 row 2", Modifier: "weighted normals", Enable 'Auto Smooth' in Object Data Properties
ERROR (bke.modifier): ./source/blender/blenkernel/intern/modifier.cc:458 BKE_modifier_set_error: Object: "left separated big toe", Modifier: "weighted normals", Enable 'Auto Smooth' in Object Data Properties
ERROR (bke.modifier): ./source/blender/blenkernel/intern/modifier.cc:458 BKE_modifier_set_error: Object: "front cuirass row 1 curved lamellar plate 04", Modifier: "weighted normals", Enable 'Auto Smooth' in Object Data Properties
ERROR (bke.modifier): ./source/blender/blenkernel/intern/modifier.cc:458 BKE_modifier_set_error: Object: "rear kusazuri skirt plate -1 row 2", Modifier: "weighted normals", Enable 'Auto Smooth' in Object Data Properties
ERROR (bke.modifier): ./source/blender/blenkernel/intern/modifier.cc:458 BKE_modifier_set_error: Object: "left outer toe group", Modifier: "weighted normals", Enable 'Auto Smooth' in Object Data Properties
ERROR (bke.modifier): ./source/blender/blenkernel/intern/modifier.cc:458 BKE_modifier_set_error: Object: "rear kusazuri skirt plate +1 row 1", Modifier: "weighted normals", Enable 'Auto Smooth' in Object Data Properties
ERROR (bke.modifier): ./source/blender/blenkernel/intern/modifier.cc:458 BKE_modifier_set_error: Object: "front cuirass row 1 curved lamellar plate 03", Modifier: "weighted normals", Enable 'Auto Smooth' in Object Data Properties
ERROR (bke.modifier): ./source/blender/blenkernel/intern/modifier.cc:458 BKE_modifier_set_error: Object: "kusazuri skirt plate +0 row 3", Modifier: "weighted normals", Enable 'Auto Smooth' in Object Data Properties
ERROR (bke.modifier): ./source/blender/blenkernel/intern/modifier.cc:458 BKE_modifier_set_error: Object: "right hakama trouser leg", Modifier: "weighted normals", Enable 'Auto Smooth' in Object Data Properties
ERROR (bke.modifier): ./source/blender/blenkernel/intern/modifier.cc:458 BKE_modifier_set_error: Object: "right shin greave", Modifier: "weighted normals", Enable 'Auto Smooth' in Object Data Properties
ERROR (bke.modifier): ./source/blender/blenkernel/intern/modifier.cc:458 BKE_modifier_set_error: Object: "right split-toe tabi foot volume", Modifier: "weighted normals", Enable 'Auto Smooth' in Object Data Properties
ERROR (bke.modifier): ./source/blender/blenkernel/intern/modifier.cc:458 BKE_modifier_set_error: Object: "right outer toe group", Modifier: "weighted normals", Enable 'Auto Smooth' in Object Data Properties
ERROR (bke.modifier): ./source/blender/blenkernel/intern/modifier.cc:458 BKE_modifier_set_error: Object: "front cuirass row 1 curved lamellar plate 02", Modifier: "weighted normals", Enable 'Auto Smooth' in Object Data Properties
ERROR (bke.modifier): ./source/blender/blenkernel/intern/modifier.cc:458 BKE_modifier_set_error: Object: "kusazuri skirt plate +1 row 1", Modifier: "weighted normals", Enable 'Auto Smooth' in Object Data Properties
ERROR (bke.modifier): ./source/blender/blenkernel/intern/modifier.cc:458 BKE_modifier_set_error: Object: "right separated big toe", Modifier: "weighted normals", Enable 'Auto Smooth' in Object Data Properties
ERROR (bke.modifier): ./source/blender/blenkernel/intern/modifier.cc:458 BKE_modifier_set_error: Object: "rear kusazuri skirt plate -1 row 1", Modifier: "weighted normals", Enable 'Auto Smooth' in Object Data Properties
ERROR (bke.modifier): ./source/blender/blenkernel/intern/modifier.cc:458 BKE_modifier_set_error: Object: "kusazuri skirt plate +1 row 3", Modifier: "weighted normals", Enable 'Auto Smooth' in Object Data Properties
ERROR (bke.modifier): ./source/blender/blenkernel/intern/modifier.cc:458 BKE_modifier_set_error: Object: "front cuirass row 1 curved lamellar plate 01", Modifier: "weighted normals", Enable 'Auto Smooth' in Object Data Properties
ERROR (bke.modifier): ./source/blender/blenkernel/intern/modifier.cc:458 BKE_modifier_set_error: Object: "rear kusazuri skirt plate +1 row 2", Modifier: "weighted normals", Enable 'Auto Smooth' in Object Data Properties
ERROR (bke.modifier): ./source/blender/blenkernel/intern/modifier.cc:458 BKE_modifier_set_error: Object: "rear kusazuri skirt plate +1 row 3", Modifier: "weighted normals", Enable 'Auto Smooth' in Object Data Properties
ERROR (bke.modifier): ./source/blender/blenkernel/intern/modifier.cc:458 BKE_modifier_set_error: Object: "wrapped katana grip", Modifier: "weighted normals", Enable 'Auto Smooth' in Object Data Properties
ERROR (bke.modifier): ./source/blender/blenkernel/intern/modifier.cc:458 BKE_modifier_set_error: Object: "lower do cuirass narrowed shell", Modifier: "weighted normals", Enable 'Auto Smooth' in Object Data Properties
ERROR (bke.modifier): ./source/blender/blenkernel/intern/modifier.cc:458 BKE_modifier_set_error: Object: "simple round clan mon on banner", Modifier: "weighted normals", Enable 'Auto Smooth' in Object Data Properties
ERROR (bke.modifier): ./source/blender/blenkernel/intern/modifier.cc:458 BKE_modifier_set_error: Object: "thin exposed neck", Modifier: "weighted normals", Enable 'Auto Smooth' in Object Data Properties
ERROR (bke.modifier): ./source/blender/blenkernel/intern/modifier.cc:458 BKE_modifier_set_error: Object: "ribcage under-kimono volume", Modifier: "weighted normals", Enable 'Auto Smooth' in Object Data Properties
ERROR (bke.modifier): ./source/blender/blenkernel/intern/modifier.cc:458 BKE_modifier_set_error: Object: "neck guard collar", Modifier: "weighted normals", Enable 'Auto Smooth' in Object Data Properties
ERROR (bke.modifier): ./source/blender/blenkernel/intern/modifier.cc:458 BKE_modifier_set_error: Object: "narrow waist under-kimono volume", Modifier: "weighted normals", Enable 'Auto Smooth' in Object Data Properties
ERROR (bke.modifier): ./source/blender/blenkernel/intern/modifier.cc:458 BKE_modifier_set_error: Object: "visible human head behind mempo", Modifier: "weighted normals", Enable 'Auto Smooth' in Object Data Properties
ERROR (bke.modifier): ./source/blender/blenkernel/intern/modifier.cc:458 BKE_modifier_set_error: Object: "rear shikoro neck guard flare", Modifier: "weighted normals", Enable 'Auto Smooth' in Object Data Properties
ERROR (bke.modifier): ./source/blender/blenkernel/intern/modifier.cc:458 BKE_modifier_set_error: Object: "segmented kabuto helmet bowl", Modifier: "weighted normals", Enable 'Auto Smooth' in Object Data Properties
ERROR (bke.modifier): ./source/blender/blenkernel/intern/modifier.cc:458 BKE_modifier_set_error: Object: "wide kabuto brim", Modifier: "weighted normals", Enable 'Auto Smooth' in Object Data Properties
ERROR (bke.modifier): ./source/blender/blenkernel/intern/modifier.cc:458 BKE_modifier_set_error: Object: "left woven waraji sole grounded", Modifier: "weighted normals", Enable 'Auto Smooth' in Object Data Properties
ERROR (bke.modifier): ./source/blender/blenkernel/intern/modifier.cc:458 BKE_modifier_set_error: Object: "upper do cuirass fitted shell", Modifier: "weighted normals", Enable 'Auto Smooth' in Object Data Properties
ERROR (bke.modifier): ./source/blender/blenkernel/intern/modifier.cc:458 BKE_modifier_set_error: Object: "kusazuri skirt plate +1 row 2", Modifier: "weighted normals", Enable 'Auto Smooth' in Object Data Properties
ERROR (bke.modifier): ./source/blender/blenkernel/intern/modifier.cc:458 BKE_modifier_set_error: Object: "crest central rivet", Modifier: "weighted normals", Enable 'Auto Smooth' in Object Data Properties
ERROR (bke.modifier): ./source/blender/blenkernel/intern/modifier.cc:458 BKE_modifier_set_error: Object: "dark iron mempo cheek mask", Modifier: "weighted normals", Enable 'Auto Smooth' in Object Data Properties
ERROR (bke.modifier): ./source/blender/blenkernel/intern/modifier.cc:458 BKE_modifier_set_error: Object: "cloth sashimono banner panel", Modifier: "weighted normals", Enable 'Auto Smooth' in Object Data Properties
ERROR (bke.modifier): ./source/blender/blenkernel/intern/modifier.cc:458 BKE_modifier_set_error: Object: "throat guard row 1 curved lamellar plate 01", Modifier: "weighted normals", Enable 'Auto Smooth' in Object Data Properties
ERROR (bke.modifier): ./source/blender/blenkernel/intern/modifier.cc:458 BKE_modifier_set_error: Object: "throat guard row 3 curved lamellar plate 05", Modifier: "weighted normals", Enable 'Auto Smooth' in Object Data Properties
ERROR (bke.modifier): ./source/blender/blenkernel/intern/modifier.cc:458 BKE_modifier_set_error: Object: "right woven waraji sole grounded", Modifier: "weighted normals", Enable 'Auto Smooth' in Object Data Properties
ERROR (bke.modifier): ./source/blender/blenkernel/intern/modifier.cc:458 BKE_modifier_set_error: Object: "throat guard row 1 curved lamellar plate 02", Modifier: "weighted normals", Enable 'Auto Smooth' in Object Data Properties
ERROR (bke.modifier): ./source/blender/blenkernel/intern/modifier.cc:458 BKE_modifier_set_error: Object: "throat guard row 1 curved lamellar plate 03", Modifier: "weighted normals", Enable 'Auto Smooth' in Object Data Properties
ERROR (bke.modifier): ./source/blender/blenkernel/intern/modifier.cc:458 BKE_modifier_set_error: Object: "throat guard row 1 curved lamellar plate 04", Modifier: "weighted normals", Enable 'Auto Smooth' in Object Data Properties
ERROR (bke.modifier): ./source/blender/blenkernel/intern/modifier.cc:458 BKE_modifier_set_error: Object: "throat guard row 1 curved lamellar plate 05", Modifier: "weighted normals", Enable 'Auto Smooth' in Object Data Properties
ERROR (bke.modifier): ./source/blender/blenkernel/intern/modifier.cc:458 BKE_modifier_set_error: Object: "throat guard row 3 curved lamellar plate 04", Modifier: "weighted normals", Enable 'Auto Smooth' in Object Data Properties
ERROR (bke.modifier): ./source/blender/blenkernel/intern/modifier.cc:458 BKE_modifier_set_error: Object: "throat guard row 2 curved lamellar plate 01", Modifier: "weighted normals", Enable 'Auto Smooth' in Object Data Properties
ERROR (bke.modifier): ./source/blender/blenkernel/intern/modifier.cc:458 BKE_modifier_set_error: Object: "throat guard row 2 curved lamellar plate 04", Modifier: "weighted normals", Enable 'Auto Smooth' in Object Data Properties
ERROR (bke.modifier): ./source/blender/blenkernel/intern/modifier.cc:458 BKE_modifier_set_error: Object: "throat guard row 2 curved lamellar plate 02", Modifier: "weighted normals", Enable 'Auto Smooth' in Object Data Properties
ERROR (bke.modifier): ./source/blender/blenkernel/intern/modifier.cc:458 BKE_modifier_set_error: Object: "throat guard row 2 curved lamellar plate 03", Modifier: "weighted normals", Enable 'Auto Smooth' in Object Data Properties
ERROR (bke.modifier): ./source/blender/blenkernel/intern/modifier.cc:458 BKE_modifier_set_error: Object: "small lacquered sashimono crossbar", Modifier: "weighted normals", Enable 'Auto Smooth' in Object Data Properties
ERROR (bke.modifier): ./source/blender/blenkernel/intern/modifier.cc:458 BKE_modifier_set_error: Object: "throat guard row 2 curved lamellar plate 05", Modifier: "weighted normals", Enable 'Auto Smooth' in Object Data Properties
ERROR (bke.modifier): ./source/blender/blenkernel/intern/modifier.cc:458 BKE_modifier_set_error: Object: "square tsuba guard", Modifier: "weighted normals", Enable 'Auto Smooth' in Object Data Properties
ERROR (bke.modifier): ./source/blender/blenkernel/intern/modifier.cc:458 BKE_modifier_set_error: Object: "throat guard row 3 curved lamellar plate 02", Modifier: "weighted normals", Enable 'Auto Smooth' in Object Data Properties
ERROR (bke.modifier): ./source/blender/blenkernel/intern/modifier.cc:458 BKE_modifier_set_error: Object: "throat guard row 3 curved lamellar plate 03", Modifier: "weighted normals", Enable 'Auto Smooth' in Object Data Properties
ERROR (bke.modifier): ./source/blender/blenkernel/intern/modifier.cc:458 BKE_modifier_set_error: Object: "throat guard row 3 curved lamellar plate 01", Modifier: "weighted normals", Enable 'Auto Smooth' in Object Data Properties
ERROR (bke.modifier): ./source/blender/blenkernel/intern/modifier.cc:458 BKE_modifier_set_error: Object: "matte charcoal inspection plinth", Modifier: "weighted normals", Enable 'Auto Smooth' in Object Data Properties
ERROR (bke.modifier): ./source/blender/blenkernel/intern/modifier.cc:458 BKE_modifier_set_error: Object: "left side helmet flange", Modifier: "weighted normals", Enable 'Auto Smooth' in Object Data Properties
ERROR (bke.modifier): ./source/blender/blenkernel/intern/modifier.cc:458 BKE_modifier_set_error: Object: "right side helmet flange", Modifier: "weighted normals", Enable 'Auto Smooth' in Object Data Properties
ERROR (bke.modifier): ./source/blender/blenkernel/intern/modifier.cc:458 BKE_modifier_set_error: Object: "mempo grim mouth slit", Modifier: "weighted normals", Enable 'Auto Smooth' in Object Data Properties
ERROR (bke.modifier): ./source/blender/blenkernel/intern/modifier.cc:458 BKE_modifier_set_error: Object: "left eye slit", Modifier: "weighted normals", Enable 'Auto Smooth' in Object Data Properties
ERROR (bke.modifier): ./source/blender/blenkernel/intern/modifier.cc:458 BKE_modifier_set_error: Object: "right eye slit", Modifier: "weighted normals", Enable 'Auto Smooth' in Object Data Properties
ERROR (bke.modifier): ./source/blender/blenkernel/intern/modifier.cc:458 BKE_modifier_set_error: Object: "mempo nose ridge", Modifier: "weighted normals", Enable 'Auto Smooth' in Object Data Properties
Fra:1 Mem:52.29M (Peak 52.32M) | Time:00:00.05 | Syncing matte charcoal inspection plinth
Fra:1 Mem:52.31M (Peak 52.35M) | Time:00:00.05 | Syncing ribcage under-kimono volume
Fra:1 Mem:52.40M (Peak 52.40M) | Time:00:00.05 | Syncing narrow waist under-kimono volume
Fra:1 Mem:52.47M (Peak 52.47M) | Time:00:00.05 | Syncing visible human head behind mempo
Fra:1 Mem:52.56M (Peak 52.56M) | Time:00:00.05 | Syncing thin exposed neck
Fra:1 Mem:52.57M (Peak 52.57M) | Time:00:00.05 | Syncing neck guard collar
Fra:1 Mem:52.58M (Peak 52.63M) | Time:00:00.05 | Syncing segmented kabuto helmet bowl
Fra:1 Mem:52.75M (Peak 52.76M) | Time:00:00.06 | Syncing wide kabuto brim
Fra:1 Mem:52.78M (Peak 52.78M) | Time:00:00.06 | Syncing rear shikoro neck guard flare
Fra:1 Mem:52.80M (Peak 52.80M) | Time:00:00.06 | Syncing left side helmet flange
Fra:1 Mem:52.81M (Peak 52.81M) | Time:00:00.06 | Syncing right side helmet flange
Fra:1 Mem:52.82M (Peak 52.82M) | Time:00:00.06 | Syncing golden maedate crescent crest
Fra:1 Mem:52.84M (Peak 52.89M) | Time:00:00.06 | Syncing crest central rivet
Fra:1 Mem:52.85M (Peak 52.89M) | Time:00:00.06 | Syncing dark iron mempo cheek mask
Fra:1 Mem:52.94M (Peak 52.94M) | Time:00:00.06 | Syncing mempo nose ridge
Fra:1 Mem:52.95M (Peak 52.95M) | Time:00:00.06 | Syncing left eye slit
Fra:1 Mem:52.97M (Peak 52.97M) | Time:00:00.06 | Syncing right eye slit
Fra:1 Mem:52.98M (Peak 52.98M) | Time:00:00.06 | Syncing mempo grim mouth slit
Fra:1 Mem:52.99M (Peak 52.99M) | Time:00:00.06 | Syncing left mask moustache bristle
Fra:1 Mem:53.00M (Peak 53.00M) | Time:00:00.06 | Syncing right mask moustache bristle
Fra:1 Mem:53.01M (Peak 53.01M) | Time:00:00.06 | Syncing throat guard row 1 curved lamella
Fra:1 Mem:53.03M (Peak 53.03M) | Time:00:00.06 | Syncing throat guard row 1 curved lamella
Fra:1 Mem:53.06M (Peak 53.06M) | Time:00:00.06 | Syncing throat guard row 1 curved lamella
Fra:1 Mem:53.08M (Peak 53.08M) | Time:00:00.06 | Syncing throat guard row 1 curved lamella
Fra:1 Mem:53.10M (Peak 53.10M) | Time:00:00.06 | Syncing throat guard row 1 curved lamella
Fra:1 Mem:53.13M (Peak 53.13M) | Time:00:00.06 | Syncing throat guard row 2 curved lamella
Fra:1 Mem:53.15M (Peak 53.15M) | Time:00:00.06 | Syncing throat guard row 2 curved lamella
Fra:1 Mem:53.18M (Peak 53.18M) | Time:00:00.06 | Syncing throat guard row 2 curved lamella
Fra:1 Mem:53.20M (Peak 53.20M) | Time:00:00.06 | Syncing throat guard row 2 curved lamella
Fra:1 Mem:53.22M (Peak 53.22M) | Time:00:00.06 | Syncing throat guard row 2 curved lamella
Fra:1 Mem:53.25M (Peak 53.25M) | Time:00:00.06 | Syncing throat guard row 3 curved lamella
Fra:1 Mem:53.27M (Peak 53.27M) | Time:00:00.06 | Syncing throat guard row 3 curved lamella
Fra:1 Mem:53.30M (Peak 53.30M) | Time:00:00.06 | Syncing throat guard row 3 curved lamella
Fra:1 Mem:53.32M (Peak 53.32M) | Time:00:00.06 | Syncing throat guard row 3 curved lamella
Fra:1 Mem:53.34M (Peak 53.34M) | Time:00:00.06 | Syncing throat guard row 3 curved lamella
Fra:1 Mem:53.37M (Peak 53.37M) | Time:00:00.06 | Syncing upper do cuirass fitted shell
Fra:1 Mem:53.47M (Peak 53.47M) | Time:00:00.06 | Syncing lower do cuirass narrowed shell
Fra:1 Mem:53.55M (Peak 53.55M) | Time:00:00.06 | Syncing front cuirass row 1 curved lamell
Fra:1 Mem:53.58M (Peak 53.58M) | Time:00:00.06 | Syncing front cuirass row 1 curved lamell
Fra:1 Mem:53.60M (Peak 53.60M) | Time:00:00.06 | Syncing front cuirass row 1 curved lamell
Fra:1 Mem:53.63M (Peak 53.63M) | Time:00:00.06 | Syncing front cuirass row 1 curved lamell
Fra:1 Mem:53.65M (Peak 53.65M) | Time:00:00.06 | Syncing front cuirass row 1 curved lamell
Fra:1 Mem:53.67M (Peak 53.67M) | Time:00:00.06 | Syncing front cuirass row 1 curved lamell
Fra:1 Mem:53.70M (Peak 53.70M) | Time:00:00.06 | Syncing front cuirass row 1 curved lamell
Fra:1 Mem:53.72M (Peak 53.72M) | Time:00:00.06 | Syncing front cuirass row 1 curved lamell
Fra:1 Mem:53.75M (Peak 53.75M) | Time:00:00.06 | Syncing front cuirass row 1 curved lamell
Fra:1 Mem:53.77M (Peak 53.77M) | Time:00:00.06 | Syncing rear cuirass row 1 curved lamella
Fra:1 Mem:53.79M (Peak 53.79M) | Time:00:00.06 | Syncing rear cuirass row 1 curved lamella
Fra:1 Mem:53.82M (Peak 53.82M) | Time:00:00.06 | Syncing rear cuirass row 1 curved lamella
Fra:1 Mem:53.84M (Peak 53.84M) | Time:00:00.06 | Syncing rear cuirass row 1 curved lamella
Fra:1 Mem:53.87M (Peak 53.87M) | Time:00:00.06 | Syncing rear cuirass row 1 curved lamella
Fra:1 Mem:53.89M (Peak 53.89M) | Time:00:00.06 | Syncing rear cuirass row 1 curved lamella
Fra:1 Mem:53.91M (Peak 53.91M) | Time:00:00.06 | Syncing rear cuirass row 1 curved lamella
Fra:1 Mem:53.94M (Peak 53.94M) | Time:00:00.06 | Syncing rear cuirass row 1 curved lamella
Fra:1 Mem:53.96M (Peak 53.96M) | Time:00:00.06 | Syncing rear cuirass row 1 curved lamella
Fra:1 Mem:53.98M (Peak 53.98M) | Time:00:00.06 | Syncing front cuirass row 2 curved lamell
Fra:1 Mem:54.01M (Peak 54.01M) | Time:00:00.06 | Syncing front cuirass row 2 curved lamell
Fra:1 Mem:54.03M (Peak 54.03M) | Time:00:00.06 | Syncing front cuirass row 2 curved lamell
Fra:1 Mem:54.06M (Peak 54.06M) | Time:00:00.06 | Syncing front cuirass row 2 curved lamell
Fra:1 Mem:54.08M (Peak 54.08M) | Time:00:00.06 | Syncing front cuirass row 2 curved lamell
Fra:1 Mem:54.10M (Peak 54.10M) | Time:00:00.06 | Syncing front cuirass row 2 curved lamell
Fra:1 Mem:54.13M (Peak 54.13M) | Time:00:00.06 | Syncing front cuirass row 2 curved lamell
Fra:1 Mem:54.15M (Peak 54.15M) | Time:00:00.06 | Syncing front cuirass row 2 curved lamell
Fra:1 Mem:54.18M (Peak 54.18M) | Time:00:00.06 | Syncing front cuirass row 2 curved lamell
Fra:1 Mem:54.20M (Peak 54.20M) | Time:00:00.06 | Syncing rear cuirass row 2 curved lamella
Fra:1 Mem:54.23M (Peak 54.23M) | Time:00:00.06 | Syncing rear cuirass row 2 curved lamella
Fra:1 Mem:54.25M (Peak 54.25M) | Time:00:00.06 | Syncing rear cuirass row 2 curved lamella
Fra:1 Mem:54.27M (Peak 54.27M) | Time:00:00.06 | Syncing rear cuirass row 2 curved lamella
Fra:1 Mem:54.30M (Peak 54.30M) | Time:00:00.06 | Syncing rear cuirass row 2 curved lamella
Fra:1 Mem:54.32M (Peak 54.32M) | Time:00:00.06 | Syncing rear cuirass row 2 curved lamella
Fra:1 Mem:54.35M (Peak 54.35M) | Time:00:00.06 | Syncing rear cuirass row 2 curved lamella
Fra:1 Mem:54.37M (Peak 54.37M) | Time:00:00.06 | Syncing rear cuirass row 2 curved lamella
Fra:1 Mem:54.39M (Peak 54.39M) | Time:00:00.06 | Syncing rear cuirass row 2 curved lamella
Fra:1 Mem:54.42M (Peak 54.42M) | Time:00:00.06 | Syncing front cuirass row 3 curved lamell
Fra:1 Mem:54.44M (Peak 54.44M) | Time:00:00.06 | Syncing front cuirass row 3 curved lamell
Fra:1 Mem:54.47M (Peak 54.47M) | Time:00:00.06 | Syncing front cuirass row 3 curved lamell
Fra:1 Mem:54.49M (Peak 54.49M) | Time:00:00.07 | Syncing front cuirass row 3 curved lamell
Fra:1 Mem:54.51M (Peak 54.51M) | Time:00:00.07 | Syncing front cuirass row 3 curved lamell
Fra:1 Mem:54.54M (Peak 54.54M) | Time:00:00.07 | Syncing front cuirass row 3 curved lamell
Fra:1 Mem:54.56M (Peak 54.56M) | Time:00:00.07 | Syncing front cuirass row 3 curved lamell
Fra:1 Mem:54.59M (Peak 54.59M) | Time:00:00.07 | Syncing front cuirass row 3 curved lamell
Fra:1 Mem:54.61M (Peak 54.61M) | Time:00:00.07 | Syncing front cuirass row 3 curved lamell
Fra:1 Mem:54.63M (Peak 54.63M) | Time:00:00.07 | Syncing rear cuirass row 3 curved lamella
Fra:1 Mem:54.66M (Peak 54.66M) | Time:00:00.07 | Syncing rear cuirass row 3 curved lamella
Fra:1 Mem:54.68M (Peak 54.68M) | Time:00:00.07 | Syncing rear cuirass row 3 curved lamella
Fra:1 Mem:54.71M (Peak 54.71M) | Time:00:00.07 | Syncing rear cuirass row 3 curved lamella
Fra:1 Mem:54.73M (Peak 54.73M) | Time:00:00.07 | Syncing rear cuirass row 3 curved lamella
Fra:1 Mem:54.75M (Peak 54.75M) | Time:00:00.07 | Syncing rear cuirass row 3 curved lamella
Fra:1 Mem:54.78M (Peak 54.78M) | Time:00:00.07 | Syncing rear cuirass row 3 curved lamella
Fra:1 Mem:54.80M (Peak 54.80M) | Time:00:00.07 | Syncing rear cuirass row 3 curved lamella
Fra:1 Mem:54.83M (Peak 54.83M) | Time:00:00.07 | Syncing rear cuirass row 3 curved lamella
Fra:1 Mem:54.85M (Peak 54.85M) | Time:00:00.07 | Syncing front cuirass row 4 curved lamell
Fra:1 Mem:54.87M (Peak 54.87M) | Time:00:00.07 | Syncing front cuirass row 4 curved lamell
Fra:1 Mem:54.90M (Peak 54.90M) | Time:00:00.07 | Syncing front cuirass row 4 curved lamell
Fra:1 Mem:54.92M (Peak 54.92M) | Time:00:00.07 | Syncing front cuirass row 4 curved lamell
Fra:1 Mem:54.95M (Peak 54.95M) | Time:00:00.07 | Syncing front cuirass row 4 curved lamell
Fra:1 Mem:54.97M (Peak 54.97M) | Time:00:00.07 | Syncing front cuirass row 4 curved lamell
Fra:1 Mem:54.99M (Peak 54.99M) | Time:00:00.07 | Syncing front cuirass row 4 curved lamell
Fra:1 Mem:55.02M (Peak 55.02M) | Time:00:00.07 | Syncing front cuirass row 4 curved lamell
Fra:1 Mem:55.04M (Peak 55.04M) | Time:00:00.07 | Syncing front cuirass row 4 curved lamell
Fra:1 Mem:55.07M (Peak 55.07M) | Time:00:00.07 | Syncing rear cuirass row 4 curved lamella
Fra:1 Mem:55.09M (Peak 55.09M) | Time:00:00.07 | Syncing rear cuirass row 4 curved lamella
Fra:1 Mem:55.11M (Peak 55.11M) | Time:00:00.07 | Syncing rear cuirass row 4 curved lamella
Fra:1 Mem:55.14M (Peak 55.14M) | Time:00:00.07 | Syncing rear cuirass row 4 curved lamella
Fra:1 Mem:55.16M (Peak 55.16M) | Time:00:00.07 | Syncing rear cuirass row 4 curved lamella
Fra:1 Mem:55.19M (Peak 55.19M) | Time:00:00.07 | Syncing rear cuirass row 4 curved lamella
Fra:1 Mem:55.21M (Peak 55.21M) | Time:00:00.07 | Syncing rear cuirass row 4 curved lamella
Fra:1 Mem:55.23M (Peak 55.23M) | Time:00:00.07 | Syncing rear cuirass row 4 curved lamella
Fra:1 Mem:55.26M (Peak 55.26M) | Time:00:00.07 | Syncing rear cuirass row 4 curved lamella
Fra:1 Mem:55.28M (Peak 55.28M) | Time:00:00.07 | Syncing front cuirass row 5 curved lamell
Fra:1 Mem:55.31M (Peak 55.31M) | Time:00:00.07 | Syncing front cuirass row 5 curved lamell
Fra:1 Mem:55.33M (Peak 55.33M) | Time:00:00.07 | Syncing front cuirass row 5 curved lamell
Fra:1 Mem:55.35M (Peak 55.35M) | Time:00:00.07 | Syncing front cuirass row 5 curved lamell
Fra:1 Mem:55.38M (Peak 55.38M) | Time:00:00.07 | Syncing front cuirass row 5 curved lamell
Fra:1 Mem:55.40M (Peak 55.40M) | Time:00:00.07 | Syncing front cuirass row 5 curved lamell
Fra:1 Mem:55.43M (Peak 55.43M) | Time:00:00.07 | Syncing front cuirass row 5 curved lamell
Fra:1 Mem:55.45M (Peak 55.45M) | Time:00:00.07 | Syncing front cuirass row 5 curved lamell
Fra:1 Mem:55.47M (Peak 55.47M) | Time:00:00.07 | Syncing front cuirass row 5 curved lamell
Fra:1 Mem:55.50M (Peak 55.50M) | Time:00:00.07 | Syncing rear cuirass row 5 curved lamella
Fra:1 Mem:55.52M (Peak 55.52M) | Time:00:00.07 | Syncing rear cuirass row 5 curved lamella
Fra:1 Mem:55.55M (Peak 55.55M) | Time:00:00.07 | Syncing rear cuirass row 5 curved lamella
Fra:1 Mem:55.57M (Peak 55.57M) | Time:00:00.07 | Syncing rear cuirass row 5 curved lamella
Fra:1 Mem:55.59M (Peak 55.59M) | Time:00:00.07 | Syncing rear cuirass row 5 curved lamella
Fra:1 Mem:55.62M (Peak 55.62M) | Time:00:00.07 | Syncing rear cuirass row 5 curved lamella
Fra:1 Mem:55.64M (Peak 55.64M) | Time:00:00.07 | Syncing rear cuirass row 5 curved lamella
Fra:1 Mem:55.67M (Peak 55.67M) | Time:00:00.07 | Syncing rear cuirass row 5 curved lamella
Fra:1 Mem:55.69M (Peak 55.69M) | Time:00:00.07 | Syncing rear cuirass row 5 curved lamella
Fra:1 Mem:55.71M (Peak 55.71M) | Time:00:00.07 | Syncing left side cuirass plate 1
Fra:1 Mem:55.73M (Peak 55.73M) | Time:00:00.07 | Syncing left side cuirass plate 2
Fra:1 Mem:55.74M (Peak 55.74M) | Time:00:00.07 | Syncing left side cuirass plate 3
Fra:1 Mem:55.76M (Peak 55.76M) | Time:00:00.07 | Syncing right side cuirass plate 1
Fra:1 Mem:55.77M (Peak 55.77M) | Time:00:00.07 | Syncing right side cuirass plate 2
Fra:1 Mem:55.79M (Peak 55.79M) | Time:00:00.07 | Syncing right side cuirass plate 3
Fra:1 Mem:55.80M (Peak 55.80M) | Time:00:00.07 | Syncing left shoulder undercloth
Fra:1 Mem:55.86M (Peak 55.86M) | Time:00:00.07 | Syncing left sode shoulder plate 1
Fra:1 Mem:55.87M (Peak 55.87M) | Time:00:00.07 | Syncing left sode shoulder plate 2
Fra:1 Mem:55.88M (Peak 55.88M) | Time:00:00.07 | Syncing left sode shoulder plate 3
Fra:1 Mem:55.90M (Peak 55.90M) | Time:00:00.07 | Syncing left sode shoulder plate 4
Fra:1 Mem:55.91M (Peak 55.91M) | Time:00:00.07 | Syncing left armored upper arm
Fra:1 Mem:55.97M (Peak 55.97M) | Time:00:00.07 | Syncing left sode shoulder armor
Fra:1 Mem:56.01M (Peak 56.01M) | Time:00:00.07 | Syncing left kote forearm guard
Fra:1 Mem:56.06M (Peak 56.06M) | Time:00:00.07 | Syncing left leather palm volume
Fra:1 Mem:56.10M (Peak 56.12M) | Time:00:00.07 | Syncing left articulated index finger
Fra:1 Mem:56.11M (Peak 56.12M) | Time:00:00.07 | Syncing left index fingertip
Fra:1 Mem:56.12M (Peak 56.12M) | Time:00:00.07 | Syncing left articulated middle finger
Fra:1 Mem:56.13M (Peak 56.13M) | Time:00:00.07 | Syncing left middle fingertip
Fra:1 Mem:56.14M (Peak 56.14M) | Time:00:00.07 | Syncing left articulated ring finger
Fra:1 Mem:56.15M (Peak 56.15M) | Time:00:00.07 | Syncing left ring fingertip
Fra:1 Mem:56.17M (Peak 56.17M) | Time:00:00.07 | Syncing left articulated pinky finger
Fra:1 Mem:56.18M (Peak 56.18M) | Time:00:00.07 | Syncing left pinky fingertip
Fra:1 Mem:56.19M (Peak 56.19M) | Time:00:00.07 | Syncing left opposed thumb
Fra:1 Mem:56.20M (Peak 56.20M) | Time:00:00.07 | Syncing left thumb fingertip
Fra:1 Mem:56.21M (Peak 56.21M) | Time:00:00.07 | Syncing right shoulder undercloth
Fra:1 Mem:56.27M (Peak 56.27M) | Time:00:00.07 | Syncing right sode shoulder plate 1
Fra:1 Mem:56.28M (Peak 56.28M) | Time:00:00.07 | Syncing right sode shoulder plate 2
Fra:1 Mem:56.29M (Peak 56.29M) | Time:00:00.07 | Syncing right sode shoulder plate 3
Fra:1 Mem:56.31M (Peak 56.31M) | Time:00:00.07 | Syncing right sode shoulder plate 4
Fra:1 Mem:56.32M (Peak 56.32M) | Time:00:00.07 | Syncing right armored upper arm
Fra:1 Mem:56.38M (Peak 56.38M) | Time:00:00.07 | Syncing right sode shoulder armor
Fra:1 Mem:56.42M (Peak 56.42M) | Time:00:00.07 | Syncing right kote forearm guard
Fra:1 Mem:56.48M (Peak 56.48M) | Time:00:00.07 | Syncing right leather palm volume
Fra:1 Mem:56.51M (Peak 56.51M) | Time:00:00.07 | Syncing right articulated index finger
Fra:1 Mem:56.52M (Peak 56.52M) | Time:00:00.07 | Syncing right index fingertip
Fra:1 Mem:56.53M (Peak 56.53M) | Time:00:00.07 | Syncing right articulated middle finger
Fra:1 Mem:56.54M (Peak 56.54M) | Time:00:00.07 | Syncing right middle fingertip
Fra:1 Mem:56.55M (Peak 56.55M) | Time:00:00.07 | Syncing right articulated ring finger
Fra:1 Mem:56.56M (Peak 56.56M) | Time:00:00.07 | Syncing right ring fingertip
Fra:1 Mem:56.58M (Peak 56.58M) | Time:00:00.07 | Syncing right articulated pinky finger
Fra:1 Mem:56.59M (Peak 56.59M) | Time:00:00.07 | Syncing right pinky fingertip
Fra:1 Mem:56.60M (Peak 56.60M) | Time:00:00.07 | Syncing right opposed thumb
Fra:1 Mem:56.61M (Peak 56.61M) | Time:00:00.07 | Syncing right thumb fingertip
Fra:1 Mem:56.62M (Peak 56.62M) | Time:00:00.07 | Syncing kusazuri skirt plate -1 row 1
Fra:1 Mem:56.64M (Peak 56.64M) | Time:00:00.07 | Syncing rear kusazuri skirt plate -1 row 
Fra:1 Mem:56.65M (Peak 56.65M) | Time:00:00.07 | Syncing kusazuri skirt plate -1 row 2
Fra:1 Mem:56.66M (Peak 56.66M) | Time:00:00.07 | Syncing rear kusazuri skirt plate -1 row 
Fra:1 Mem:56.68M (Peak 56.68M) | Time:00:00.07 | Syncing kusazuri skirt plate -1 row 3
Fra:1 Mem:56.69M (Peak 56.69M) | Time:00:00.07 | Syncing rear kusazuri skirt plate -1 row 
Fra:1 Mem:56.71M (Peak 56.71M) | Time:00:00.07 | Syncing kusazuri skirt plate +0 row 1
Fra:1 Mem:56.72M (Peak 56.72M) | Time:00:00.07 | Syncing rear kusazuri skirt plate +0 row 
Fra:1 Mem:56.73M (Peak 56.73M) | Time:00:00.07 | Syncing kusazuri skirt plate +0 row 2
Fra:1 Mem:56.75M (Peak 56.75M) | Time:00:00.07 | Syncing rear kusazuri skirt plate +0 row 
Fra:1 Mem:56.76M (Peak 56.76M) | Time:00:00.07 | Syncing kusazuri skirt plate +0 row 3
Fra:1 Mem:56.78M (Peak 56.78M) | Time:00:00.07 | Syncing rear kusazuri skirt plate +0 row 
Fra:1 Mem:56.79M (Peak 56.79M) | Time:00:00.07 | Syncing kusazuri skirt plate +1 row 1
Fra:1 Mem:56.80M (Peak 56.80M) | Time:00:00.07 | Syncing rear kusazuri skirt plate +1 row 
Fra:1 Mem:56.82M (Peak 56.82M) | Time:00:00.07 | Syncing kusazuri skirt plate +1 row 2
Fra:1 Mem:56.83M (Peak 56.83M) | Time:00:00.07 | Syncing rear kusazuri skirt plate +1 row 
Fra:1 Mem:56.84M (Peak 56.84M) | Time:00:00.07 | Syncing kusazuri skirt plate +1 row 3
Fra:1 Mem:56.86M (Peak 56.86M) | Time:00:00.07 | Syncing rear kusazuri skirt plate +1 row 
Fra:1 Mem:56.87M (Peak 56.87M) | Time:00:00.07 | Syncing left hakama trouser leg
Fra:1 Mem:56.93M (Peak 56.93M) | Time:00:00.07 | Syncing left shin greave
Fra:1 Mem:56.98M (Peak 56.98M) | Time:00:00.07 | Syncing left split-toe tabi foot volume
Fra:1 Mem:57.03M (Peak 57.03M) | Time:00:00.07 | Syncing left separated big toe
Fra:1 Mem:57.05M (Peak 57.05M) | Time:00:00.08 | Syncing left outer toe group
Fra:1 Mem:57.07M (Peak 57.07M) | Time:00:00.08 | Syncing left woven waraji sole grounded
Fra:1 Mem:57.08M (Peak 57.08M) | Time:00:00.08 | Syncing left sandal toe strap
Fra:1 Mem:57.09M (Peak 57.15M) | Time:00:00.08 | Syncing left heel strap
Fra:1 Mem:57.09M (Peak 57.15M) | Time:00:00.08 | Syncing left hakama pleat 1
Fra:1 Mem:57.10M (Peak 57.15M) | Time:00:00.08 | Syncing left hakama pleat 2
Fra:1 Mem:57.11M (Peak 57.15M) | Time:00:00.08 | Syncing left hakama pleat 3
Fra:1 Mem:57.12M (Peak 57.15M) | Time:00:00.08 | Syncing right hakama trouser leg
Fra:1 Mem:57.20M (Peak 57.20M) | Time:00:00.08 | Syncing right shin greave
Fra:1 Mem:57.26M (Peak 57.26M) | Time:00:00.08 | Syncing right split-toe tabi foot volume
Fra:1 Mem:57.30M (Peak 57.30M) | Time:00:00.08 | Syncing right separated big toe
Fra:1 Mem:57.33M (Peak 57.33M) | Time:00:00.08 | Syncing right outer toe group
Fra:1 Mem:57.35M (Peak 57.35M) | Time:00:00.08 | Syncing right woven waraji sole grounded
Fra:1 Mem:57.35M (Peak 57.35M) | Time:00:00.08 | Syncing right sandal toe strap
Fra:1 Mem:57.36M (Peak 57.36M) | Time:00:00.08 | Syncing right heel strap
Fra:1 Mem:57.37M (Peak 57.37M) | Time:00:00.08 | Syncing right hakama pleat 1
Fra:1 Mem:57.37M (Peak 57.37M) | Time:00:00.08 | Syncing right hakama pleat 2
Fra:1 Mem:57.38M (Peak 57.38M) | Time:00:00.08 | Syncing right hakama pleat 3
Fra:1 Mem:57.38M (Peak 57.38M) | Time:00:00.08 | Syncing drawn katana blade spine
Fra:1 Mem:57.39M (Peak 57.45M) | Time:00:00.08 | Syncing bright sharpened katana edge
Fra:1 Mem:57.40M (Peak 57.45M) | Time:00:00.08 | Syncing wrapped katana grip
Fra:1 Mem:57.41M (Peak 57.45M) | Time:00:00.08 | Syncing square tsuba guard
Fra:1 Mem:57.42M (Peak 57.45M) | Time:00:00.08 | Syncing lacquered saya scabbard at left h
Fra:1 Mem:57.43M (Peak 57.45M) | Time:00:00.08 | Syncing waist sash tying armor
Fra:1 Mem:57.43M (Peak 57.45M) | Time:00:00.08 | Syncing bamboo sashimono back pole
Fra:1 Mem:57.44M (Peak 57.45M) | Time:00:00.08 | Syncing small lacquered sashimono crossba
Fra:1 Mem:57.46M (Peak 57.46M) | Time:00:00.08 | Syncing cloth sashimono banner panel
Fra:1 Mem:57.47M (Peak 57.52M) | Time:00:00.08 | Syncing simple round clan mon on banner
Fra:1 Mem:57.51M (Peak 57.52M) | Time:00:00.08 | Syncing cool key
Fra:1 Mem:57.51M (Peak 57.52M) | Time:00:00.08 | Syncing rim
Fra:1 Mem:57.51M (Peak 57.52M) | Time:00:00.08 | Syncing hero cam
Fra:1 Mem:57.51M (Peak 57.52M) | Time:00:00.08 | Syncing samurai_v2_provenance
Fra:1 Mem:57.54M (Peak 57.64M) | Time:00:00.08 | Rendering 1 / 32 samples
Fra:1 Mem:54.65M (Peak 57.64M) | Time:00:02.57 | Rendering 26 / 32 samples
Fra:1 Mem:54.65M (Peak 57.64M) | Time:00:03.02 | Rendering 32 / 32 samples
Saved: '/tmp/factoryx-v21-render/samurai-repaired-full-20-v21/uesugi-01/turntable_005.png'
 Time: 00:03.14 (Saving: 00:00.03)

ERROR (bke.modifier): ./source/blender/blenkernel/intern/modifier.cc:458 BKE_modifier_set_error: Object: "rear shikoro neck guard flare", Modifier: "weighted normals", Enable 'Auto Smooth' in Object Data Properties
ERROR (bke.modifier): ./source/blender/blenkernel/intern/modifier.cc:458 BKE_modifier_set_error: Object: "segmented kabuto helmet bowl", Modifier: "weighted normals", Enable 'Auto Smooth' in Object Data Properties
ERROR (bke.modifier): ./source/blender/blenkernel/intern/modifier.cc:458 BKE_modifier_set_error: Object: "wide kabuto brim", Modifier: "weighted normals", Enable 'Auto Smooth' in Object Data Properties
ERROR (bke.modifier): ./source/blender/blenkernel/intern/modifier.cc:458 BKE_modifier_set_error: Object: "neck guard collar", Modifier: "weighted normals", Enable 'Auto Smooth' in Object Data Properties
ERROR (bke.modifier): ./source/blender/blenkernel/intern/modifier.cc:458 BKE_modifier_set_error: Object: "thin exposed neck", Modifier: "weighted normals", Enable 'Auto Smooth' in Object Data Properties
ERROR (bke.modifier): ./source/blender/blenkernel/intern/modifier.cc:458 BKE_modifier_set_error: Object: "visible human head behind mempo", Modifier: "weighted normals", Enable 'Auto Smooth' in Object Data Properties
ERROR (bke.modifier): ./source/blender/blenkernel/intern/modifier.cc:458 BKE_modifier_set_error: Object: "crest central rivet", Modifier: "weighted normals", Enable 'Auto Smooth' in Object Data Properties
ERROR (bke.modifier): ./source/blender/blenkernel/intern/modifier.cc:458 BKE_modifier_set_error: Object: "dark iron mempo cheek mask", Modifier: "weighted normals", Enable 'Auto Smooth' in Object Data Properties
ERROR (bke.modifier): ./source/blender/blenkernel/intern/modifier.cc:458 BKE_modifier_set_error: Object: "throat guard row 1 curved lamellar plate 01", Modifier: "weighted normals", Enable 'Auto Smooth' in Object Data Properties
ERROR (bke.modifier): ./source/blender/blenkernel/intern/modifier.cc:458 BKE_modifier_set_error: Object: "throat guard row 1 curved lamellar plate 02", Modifier: "weighted normals", Enable 'Auto Smooth' in Object Data Properties
ERROR (bke.modifier): ./source/blender/blenkernel/intern/modifier.cc:458 BKE_modifier_set_error: Object: "narrow waist under-kimono volume", Modifier: "weighted normals", Enable 'Auto Smooth' in Object Data Properties
ERROR (bke.modifier): ./source/blender/blenkernel/intern/modifier.cc:458 BKE_modifier_set_error: Object: "throat guard row 1 curved lamellar plate 03", Modifier: "weighted normals", Enable 'Auto Smooth' in Object Data Properties
ERROR (bke.modifier): ./source/blender/blenkernel/intern/modifier.cc:458 BKE_modifier_set_error: Object: "throat guard row 1 curved lamellar plate 04", Modifier: "weighted normals", Enable 'Auto Smooth' in Object Data Properties
ERROR (bke.modifier): ./source/blender/blenkernel/intern/modifier.cc:458 BKE_modifier_set_error: Object: "throat guard row 2 curved lamellar plate 01", Modifier: "weighted normals", Enable 'Auto Smooth' in Object Data Properties
ERROR (bke.modifier): ./source/blender/blenkernel/intern/modifier.cc:458 BKE_modifier_set_error: Object: "throat guard row 2 curved lamellar plate 02", Modifier: "weighted normals", Enable 'Auto Smooth' in Object Data Properties
ERROR (bke.modifier): ./source/blender/blenkernel/intern/modifier.cc:458 BKE_modifier_set_error: Object: "throat guard row 1 curved lamellar plate 05", Modifier: "weighted normals", Enable 'Auto Smooth' in Object Data Properties
ERROR (bke.modifier): ./source/blender/blenkernel/intern/modifier.cc:458 BKE_modifier_set_error: Object: "throat guard row 2 curved lamellar plate 03", Modifier: "weighted normals", Enable 'Auto Smooth' in Object Data Properties
ERROR (bke.modifier): ./source/blender/blenkernel/intern/modifier.cc:458 BKE_modifier_set_error: Object: "throat guard row 2 curved lamellar plate 04", Modifier: "weighted normals", Enable 'Auto Smooth' in Object Data Properties
ERROR (bke.modifier): ./source/blender/blenkernel/intern/modifier.cc:458 BKE_modifier_set_error: Object: "throat guard row 2 curved lamellar plate 05", Modifier: "weighted normals", Enable 'Auto Smooth' in Object Data Properties
ERROR (bke.modifier): ./source/blender/blenkernel/intern/modifier.cc:458 BKE_modifier_set_error: Object: "throat guard row 3 curved lamellar plate 01", Modifier: "weighted normals", Enable 'Auto Smooth' in Object Data Properties
ERROR (bke.modifier): ./source/blender/blenkernel/intern/modifier.cc:458 BKE_modifier_set_error: Object: "throat guard row 3 curved lamellar plate 03", Modifier: "weighted normals", Enable 'Auto Smooth' in Object Data Properties
ERROR (bke.modifier): ./source/blender/blenkernel/intern/modifier.cc:458 BKE_modifier_set_error: Object: "throat guard row 3 curved lamellar plate 02", Modifier: "weighted normals", Enable 'Auto Smooth' in Object Data Properties
ERROR (bke.modifier): ./source/blender/blenkernel/intern/modifier.cc:458 BKE_modifier_set_error: Object: "throat guard row 3 curved lamellar plate 04", Modifier: "weighted normals", Enable 'Auto Smooth' in Object Data Properties
ERROR (bke.modifier): ./source/blender/blenkernel/intern/modifier.cc:458 BKE_modifier_set_error: Object: "ribcage under-kimono volume", Modifier: "weighted normals", Enable 'Auto Smooth' in Object Data Properties
ERROR (bke.modifier): ./source/blender/blenkernel/intern/modifier.cc:458 BKE_modifier_set_error: Object: "throat guard row 3 curved lamellar plate 05", Modifier: "weighted normals", Enable 'Auto Smooth' in Object Data Properties
ERROR (bke.modifier): ./source/blender/blenkernel/intern/modifier.cc:458 BKE_modifier_set_error: Object: "left side helmet flange", Modifier: "weighted normals", Enable 'Auto Smooth' in Object Data Properties
ERROR (bke.modifier): ./source/blender/blenkernel/intern/modifier.cc:458 BKE_modifier_set_error: Object: "front cuirass row 1 curved lamellar plate 01", Modifier: "weighted normals", Enable 'Auto Smooth' in Object Data Properties
ERROR (bke.modifier): ./source/blender/blenkernel/intern/modifier.cc:458 BKE_modifier_set_error: Object: "upper do cuirass fitted shell", Modifier: "weighted normals", Enable 'Auto Smooth' in Object Data Properties
ERROR (bke.modifier): ./source/blender/blenkernel/intern/modifier.cc:458 BKE_modifier_set_error: Object: "front cuirass row 1 curved lamellar plate 04", Modifier: "weighted normals", Enable 'Auto Smooth' in Object Data Properties
ERROR (bke.modifier): ./source/blender/blenkernel/intern/modifier.cc:458 BKE_modifier_set_error: Object: "lower do cuirass narrowed shell", Modifier: "weighted normals", Enable 'Auto Smooth' in Object Data Properties
ERROR (bke.modifier): ./source/blender/blenkernel/intern/modifier.cc:458 BKE_modifier_set_error: Object: "front cuirass row 1 curved lamellar plate 03", Modifier: "weighted normals", Enable 'Auto Smooth' in Object Data Properties
ERROR (bke.modifier): ./source/blender/blenkernel/intern/modifier.cc:458 BKE_modifier_set_error: Object: "front cuirass row 1 curved lamellar plate 02", Modifier: "weighted normals", Enable 'Auto Smooth' in Object Data Properties
ERROR (bke.modifier): ./source/blender/blenkernel/intern/modifier.cc:458 BKE_modifier_set_error: Object: "front cuirass row 1 curved lamellar plate 05", Modifier: "weighted normals", Enable 'Auto Smooth' in Object Data Properties
ERROR (bke.modifier): ./source/blender/blenkernel/intern/modifier.cc:458 BKE_modifier_set_error: Object: "mempo nose ridge", Modifier: "weighted normals", Enable 'Auto Smooth' in Object Data Properties
ERROR (bke.modifier): ./source/blender/blenkernel/intern/modifier.cc:458 BKE_modifier_set_error: Object: "front cuirass row 1 curved lamellar plate 06", Modifier: "weighted normals", Enable 'Auto Smooth' in Object Data Properties
ERROR (bke.modifier): ./source/blender/blenkernel/intern/modifier.cc:458 BKE_modifier_set_error: Object: "right eye slit", Modifier: "weighted normals", Enable 'Auto Smooth' in Object Data Properties
ERROR (bke.modifier): ./source/blender/blenkernel/intern/modifier.cc:458 BKE_modifier_set_error: Object: "mempo grim mouth slit", Modifier: "weighted normals", Enable 'Auto Smooth' in Object Data Properties
ERROR (bke.modifier): ./source/blender/blenkernel/intern/modifier.cc:458 BKE_modifier_set_error: Object: "front cuirass row 1 curved lamellar plate 07", Modifier: "weighted normals", Enable 'Auto Smooth' in Object Data Properties
ERROR (bke.modifier): ./source/blender/blenkernel/intern/modifier.cc:458 BKE_modifier_set_error: Object: "front cuirass row 1 curved lamellar plate 08", Modifier: "weighted normals", Enable 'Auto Smooth' in Object Data Properties
ERROR (bke.modifier): ./source/blender/blenkernel/intern/modifier.cc:458 BKE_modifier_set_error: Object: "right side helmet flange", Modifier: "weighted normals", Enable 'Auto Smooth' in Object Data Properties
ERROR (bke.modifier): ./source/blender/blenkernel/intern/modifier.cc:458 BKE_modifier_set_error: Object: "front cuirass row 1 curved lamellar plate 09", Modifier: "weighted normals", Enable 'Auto Smooth' in Object Data Properties
ERROR (bke.modifier): ./source/blender/blenkernel/intern/modifier.cc:458 BKE_modifier_set_error: Object: "rear cuirass row 1 curved lamellar plate 01", Modifier: "weighted normals", Enable 'Auto Smooth' in Object Data Properties
ERROR (bke.modifier): ./source/blender/blenkernel/intern/modifier.cc:458 BKE_modifier_set_error: Object: "rear cuirass row 1 curved lamellar plate 02", Modifier: "weighted normals", Enable 'Auto Smooth' in Object Data Properties
ERROR (bke.modifier): ./source/blender/blenkernel/intern/modifier.cc:458 BKE_modifier_set_error: Object: "rear cuirass row 1 curved lamellar plate 04", Modifier: "weighted normals", Enable 'Auto Smooth' in Object Data Properties
ERROR (bke.modifier): ./source/blender/blenkernel/intern/modifier.cc:458 BKE_modifier_set_error: Object: "rear cuirass row 1 curved lamellar plate 03", Modifier: "weighted normals", Enable 'Auto Smooth' in Object Data Properties
ERROR (bke.modifier): ./source/blender/blenkernel/intern/modifier.cc:458 BKE_modifier_set_error: Object: "rear cuirass row 1 curved lamellar plate 06", Modifier: "weighted normals", Enable 'Auto Smooth' in Object Data Properties
ERROR (bke.modifier): ./source/blender/blenkernel/intern/modifier.cc:458 BKE_modifier_set_error: Object: "rear cuirass row 1 curved lamellar plate 05", Modifier: "weighted normals", Enable 'Auto Smooth' in Object Data Properties
ERROR (bke.modifier): ./source/blender/blenkernel/intern/modifier.cc:458 BKE_modifier_set_error: Object: "rear cuirass row 1 curved lamellar plate 07", Modifier: "weighted normals", Enable 'Auto Smooth' in Object Data Properties
ERROR (bke.modifier): ./source/blender/blenkernel/intern/modifier.cc:458 BKE_modifier_set_error: Object: "front cuirass row 2 curved lamellar plate 02", Modifier: "weighted normals", Enable 'Auto Smooth' in Object Data Properties
ERROR (bke.modifier): ./source/blender/blenkernel/intern/modifier.cc:458 BKE_modifier_set_error: Object: "rear cuirass row 1 curved lamellar plate 09", Modifier: "weighted normals", Enable 'Auto Smooth' in Object Data Properties
ERROR (bke.modifier): ./source/blender/blenkernel/intern/modifier.cc:458 BKE_modifier_set_error: Object: "rear cuirass row 1 curved lamellar plate 08", Modifier: "weighted normals", Enable 'Auto Smooth' in Object Data Properties
ERROR (bke.modifier): ./source/blender/blenkernel/intern/modifier.cc:458 BKE_modifier_set_error: Object: "front cuirass row 2 curved lamellar plate 03", Modifier: "weighted normals", Enable 'Auto Smooth' in Object Data Properties
ERROR (bke.modifier): ./source/blender/blenkernel/intern/modifier.cc:458 BKE_modifier_set_error: Object: "front cuirass row 2 curved lamellar plate 01", Modifier: "weighted normals", Enable 'Auto Smooth' in Object Data Properties
ERROR (bke.modifier): ./source/blender/blenkernel/intern/modifier.cc:458 BKE_modifier_set_error: Object: "front cuirass row 2 curved lamellar plate 06", Modifier: "weighted normals", Enable 'Auto Smooth' in Object Data Properties
ERROR (bke.modifier): ./source/blender/blenkernel/intern/modifier.cc:458 BKE_modifier_set_error: Object: "front cuirass row 2 curved lamellar plate 04", Modifier: "weighted normals", Enable 'Auto Smooth' in Object Data Properties
ERROR (bke.modifier): ./source/blender/blenkernel/intern/modifier.cc:458 BKE_modifier_set_error: Object: "front cuirass row 2 curved lamellar plate 05", Modifier: "weighted normals", Enable 'Auto Smooth' in Object Data Properties
ERROR (bke.modifier): ./source/blender/blenkernel/intern/modifier.cc:458 BKE_modifier_set_error: Object: "front cuirass row 2 curved lamellar plate 07", Modifier: "weighted normals", Enable 'Auto Smooth' in Object Data Properties
ERROR (bke.modifier): ./source/blender/blenkernel/intern/modifier.cc:458 BKE_modifier_set_error: Object: "front cuirass row 2 curved lamellar plate 08", Modifier: "weighted normals", Enable 'Auto Smooth' in Object Data Properties
ERROR (bke.modifier): ./source/blender/blenkernel/intern/modifier.cc:458 BKE_modifier_set_error: Object: "rear cuirass row 2 curved lamellar plate 01", Modifier: "weighted normals", Enable 'Auto Smooth' in Object Data Properties
ERROR (bke.modifier): ./source/blender/blenkernel/intern/modifier.cc:458 BKE_modifier_set_error: Object: "rear cuirass row 2 curved lamellar plate 02", Modifier: "weighted normals", Enable 'Auto Smooth' in Object Data Properties
ERROR (bke.modifier): ./source/blender/blenkernel/intern/modifier.cc:458 BKE_modifier_set_error: Object: "rear cuirass row 2 curved lamellar plate 08", Modifier: "weighted normals", Enable 'Auto Smooth' in Object Data Properties
ERROR (bke.modifier): ./source/blender/blenkernel/intern/modifier.cc:458 BKE_modifier_set_error: Object: "front cuirass row 2 curved lamellar plate 09", Modifier: "weighted normals", Enable 'Auto Smooth' in Object Data Properties
ERROR (bke.modifier): ./source/blender/blenkernel/intern/modifier.cc:458 BKE_modifier_set_error: Object: "rear cuirass row 2 curved lamellar plate 06", Modifier: "weighted normals", Enable 'Auto Smooth' in Object Data Properties
ERROR (bke.modifier): ./source/blender/blenkernel/intern/modifier.cc:458 BKE_modifier_set_error: Object: "rear cuirass row 2 curved lamellar plate 05", Modifier: "weighted normals", Enable 'Auto Smooth' in Object Data Properties
ERROR (bke.modifier): ./source/blender/blenkernel/intern/modifier.cc:458 BKE_modifier_set_error: Object: "rear cuirass row 2 curved lamellar plate 03", Modifier: "weighted normals", Enable 'Auto Smooth' in Object Data Properties
ERROR (bke.modifier): ./source/blender/blenkernel/intern/modifier.cc:458 BKE_modifier_set_error: Object: "rear cuirass row 2 curved lamellar plate 04", Modifier: "weighted normals", Enable 'Auto Smooth' in Object Data Properties
ERROR (bke.modifier): ./source/blender/blenkernel/intern/modifier.cc:458 BKE_modifier_set_error: Object: "rear cuirass row 2 curved lamellar plate 09", Modifier: "weighted normals", Enable 'Auto Smooth' in Object Data Properties
ERROR (bke.modifier): ./source/blender/blenkernel/intern/modifier.cc:458 BKE_modifier_set_error: Object: "rear cuirass row 2 curved lamellar plate 07", Modifier: "weighted normals", Enable 'Auto Smooth' in Object Data Properties
ERROR (bke.modifier): ./source/blender/blenkernel/intern/modifier.cc:458 BKE_modifier_set_error: Object: "front cuirass row 3 curved lamellar plate 02", Modifier: "weighted normals", Enable 'Auto Smooth' in Object Data Properties
ERROR (bke.modifier): ./source/blender/blenkernel/intern/modifier.cc:458 BKE_modifier_set_error: Object: "front cuirass row 3 curved lamellar plate 03", Modifier: "weighted normals", Enable 'Auto Smooth' in Object Data Properties
ERROR (bke.modifier): ./source/blender/blenkernel/intern/modifier.cc:458 BKE_modifier_set_error: Object: "front cuirass row 3 curved lamellar plate 01", Modifier: "weighted normals", Enable 'Auto Smooth' in Object Data Properties
ERROR (bke.modifier): ./source/blender/blenkernel/intern/modifier.cc:458 BKE_modifier_set_error: Object: "left eye slit", Modifier: "weighted normals", Enable 'Auto Smooth' in Object Data Properties
ERROR (bke.modifier): ./source/blender/blenkernel/intern/modifier.cc:458 BKE_modifier_set_error: Object: "front cuirass row 3 curved lamellar plate 04", Modifier: "weighted normals", Enable 'Auto Smooth' in Object Data Properties
ERROR (bke.modifier): ./source/blender/blenkernel/intern/modifier.cc:458 BKE_modifier_set_error: Object: "front cuirass row 3 curved lamellar plate 05", Modifier: "weighted normals", Enable 'Auto Smooth' in Object Data Properties
ERROR (bke.modifier): ./source/blender/blenkernel/intern/modifier.cc:458 BKE_modifier_set_error: Object: "front cuirass row 3 curved lamellar plate 06", Modifier: "weighted normals", Enable 'Auto Smooth' in Object Data Properties
ERROR (bke.modifier): ./source/blender/blenkernel/intern/modifier.cc:458 BKE_modifier_set_error: Object: "front cuirass row 3 curved lamellar plate 08", Modifier: "weighted normals", Enable 'Auto Smooth' in Object Data Properties
ERROR (bke.modifier): ./source/blender/blenkernel/intern/modifier.cc:458 BKE_modifier_set_error: Object: "front cuirass row 3 curved lamellar plate 07", Modifier: "weighted normals", Enable 'Auto Smooth' in Object Data Properties
ERROR (bke.modifier): ./source/blender/blenkernel/intern/modifier.cc:458 BKE_modifier_set_error: Object: "front cuirass row 3 curved lamellar plate 09", Modifier: "weighted normals", Enable 'Auto Smooth' in Object Data Properties
ERROR (bke.modifier): ./source/blender/blenkernel/intern/modifier.cc:458 BKE_modifier_set_error: Object: "rear cuirass row 3 curved lamellar plate 01", Modifier: "weighted normals", Enable 'Auto Smooth' in Object Data Properties
ERROR (bke.modifier): ./source/blender/blenkernel/intern/modifier.cc:458 BKE_modifier_set_error: Object: "rear cuirass row 3 curved lamellar plate 05", Modifier: "weighted normals", Enable 'Auto Smooth' in Object Data Properties
ERROR (bke.modifier): ./source/blender/blenkernel/intern/modifier.cc:458 BKE_modifier_set_error: Object: "rear cuirass row 3 curved lamellar plate 03", Modifier: "weighted normals", Enable 'Auto Smooth' in Object Data Properties
ERROR (bke.modifier): ./source/blender/blenkernel/intern/modifier.cc:458 BKE_modifier_set_error: Object: "rear cuirass row 3 curved lamellar plate 02", Modifier: "weighted normals", Enable 'Auto Smooth' in Object Data Properties
ERROR (bke.modifier): ./source/blender/blenkernel/intern/modifier.cc:458 BKE_modifier_set_error: Object: "rear cuirass row 3 curved lamellar plate 04", Modifier: "weighted normals", Enable 'Auto Smooth' in Object Data Properties
ERROR (bke.modifier): ./source/blender/blenkernel/intern/modifier.cc:458 BKE_modifier_set_error: Object: "rear cuirass row 3 curved lamellar plate 09", Modifier: "weighted normals", Enable 'Auto Smooth' in Object Data Properties
ERROR (bke.modifier): ./source/blender/blenkernel/intern/modifier.cc:458 BKE_modifier_set_error: Object: "rear cuirass row 3 curved lamellar plate 07", Modifier: "weighted normals", Enable 'Auto Smooth' in Object Data Properties
ERROR (bke.modifier): ./source/blender/blenkernel/intern/modifier.cc:458 BKE_modifier_set_error: Object: "rear cuirass row 3 curved lamellar plate 06", Modifier: "weighted normals", Enable 'Auto Smooth' in Object Data Properties
ERROR (bke.modifier): ./source/blender/blenkernel/intern/modifier.cc:458 BKE_modifier_set_error: Object: "rear cuirass row 3 curved lamellar plate 08", Modifier: "weighted normals", Enable 'Auto Smooth' in Object Data Properties
ERROR (bke.modifier): ./source/blender/blenkernel/intern/modifier.cc:458 BKE_modifier_set_error: Object: "front cuirass row 4 curved lamellar plate 01", Modifier: "weighted normals", Enable 'Auto Smooth' in Object Data Properties
ERROR (bke.modifier): ./source/blender/blenkernel/intern/modifier.cc:458 BKE_modifier_set_error: Object: "front cuirass row 4 curved lamellar plate 04", Modifier: "weighted normals", Enable 'Auto Smooth' in Object Data Properties
ERROR (bke.modifier): ./source/blender/blenkernel/intern/modifier.cc:458 BKE_modifier_set_error: Object: "front cuirass row 4 curved lamellar plate 02", Modifier: "weighted normals", Enable 'Auto Smooth' in Object Data Properties
ERROR (bke.modifier): ./source/blender/blenkernel/intern/modifier.cc:458 BKE_modifier_set_error: Object: "front cuirass row 4 curved lamellar plate 03", Modifier: "weighted normals", Enable 'Auto Smooth' in Object Data Properties
ERROR (bke.modifier): ./source/blender/blenkernel/intern/modifier.cc:458 BKE_modifier_set_error: Object: "front cuirass row 4 curved lamellar plate 05", Modifier: "weighted normals", Enable 'Auto Smooth' in Object Data Properties
ERROR (bke.modifier): ./source/blender/blenkernel/intern/modifier.cc:458 BKE_modifier_set_error: Object: "front cuirass row 4 curved lamellar plate 08", Modifier: "weighted normals", Enable 'Auto Smooth' in Object Data Properties
ERROR (bke.modifier): ./source/blender/blenkernel/intern/modifier.cc:458 BKE_modifier_set_error: Object: "front cuirass row 4 curved lamellar plate 06", Modifier: "weighted normals", Enable 'Auto Smooth' in Object Data Properties
ERROR (bke.modifier): ./source/blender/blenkernel/intern/modifier.cc:458 BKE_modifier_set_error: Object: "front cuirass row 4 curved lamellar plate 09", Modifier: "weighted normals", Enable 'Auto Smooth' in Object Data Properties
ERROR (bke.modifier): ./source/blender/blenkernel/intern/modifier.cc:458 BKE_modifier_set_error: Object: "front cuirass row 4 curved lamellar plate 07", Modifier: "weighted normals", Enable 'Auto Smooth' in Object Data Properties
ERROR (bke.modifier): ./source/blender/blenkernel/intern/modifier.cc:458 BKE_modifier_set_error: Object: "rear cuirass row 4 curved lamellar plate 01", Modifier: "weighted normals", Enable 'Auto Smooth' in Object Data Properties
ERROR (bke.modifier): ./source/blender/blenkernel/intern/modifier.cc:458 BKE_modifier_set_error: Object: "rear cuirass row 4 curved lamellar plate 02", Modifier: "weighted normals", Enable 'Auto Smooth' in Object Data Properties
ERROR (bke.modifier): ./source/blender/blenkernel/intern/modifier.cc:458 BKE_modifier_set_error: Object: "rear cuirass row 4 curved lamellar plate 04", Modifier: "weighted normals", Enable 'Auto Smooth' in Object Data Properties
ERROR (bke.modifier): ./source/blender/blenkernel/intern/modifier.cc:458 BKE_modifier_set_error: Object: "rear cuirass row 4 curved lamellar plate 09", Modifier: "weighted normals", Enable 'Auto Smooth' in Object Data Properties
ERROR (bke.modifier): ./source/blender/blenkernel/intern/modifier.cc:458 BKE_modifier_set_error: Object: "rear cuirass row 4 curved lamellar plate 03", Modifier: "weighted normals", Enable 'Auto Smooth' in Object Data Properties
ERROR (bke.modifier): ./source/blender/blenkernel/intern/modifier.cc:458 BKE_modifier_set_error: Object: "rear cuirass row 4 curved lamellar plate 06", Modifier: "weighted normals", Enable 'Auto Smooth' in Object Data Properties
ERROR (bke.modifier): ./source/blender/blenkernel/intern/modifier.cc:458 BKE_modifier_set_error: Object: "rear cuirass row 4 curved lamellar plate 05", Modifier: "weighted normals", Enable 'Auto Smooth' in Object Data Properties
ERROR (bke.modifier): ./source/blender/blenkernel/intern/modifier.cc:458 BKE_modifier_set_error: Object: "rear cuirass row 4 curved lamellar plate 07", Modifier: "weighted normals", Enable 'Auto Smooth' in Object Data Properties
ERROR (bke.modifier): ./source/blender/blenkernel/intern/modifier.cc:458 BKE_modifier_set_error: Object: "rear cuirass row 4 curved lamellar plate 08", Modifier: "weighted normals", Enable 'Auto Smooth' in Object Data Properties
ERROR (bke.modifier): ./source/blender/blenkernel/intern/modifier.cc:458 BKE_modifier_set_error: Object: "front cuirass row 5 curved lamellar plate 01", Modifier: "weighted normals", Enable 'Auto Smooth' in Object Data Properties
ERROR (bke.modifier): ./source/blender/blenkernel/intern/modifier.cc:458 BKE_modifier_set_error: Object: "front cuirass row 5 curved lamellar plate 03", Modifier: "weighted normals", Enable 'Auto Smooth' in Object Data Properties
ERROR (bke.modifier): ./source/blender/blenkernel/intern/modifier.cc:458 BKE_modifier_set_error: Object: "front cuirass row 5 curved lamellar plate 04", Modifier: "weighted normals", Enable 'Auto Smooth' in Object Data Properties
ERROR (bke.modifier): ./source/blender/blenkernel/intern/modifier.cc:458 BKE_modifier_set_error: Object: "front cuirass row 5 curved lamellar plate 02", Modifier: "weighted normals", Enable 'Auto Smooth' in Object Data Properties
ERROR (bke.modifier): ./source/blender/blenkernel/intern/modifier.cc:458 BKE_modifier_set_error: Object: "front cuirass row 5 curved lamellar plate 05", Modifier: "weighted normals", Enable 'Auto Smooth' in Object Data Properties
ERROR (bke.modifier): ./source/blender/blenkernel/intern/modifier.cc:458 BKE_modifier_set_error: Object: "matte charcoal inspection plinth", Modifier: "weighted normals", Enable 'Auto Smooth' in Object Data Properties
ERROR (bke.modifier): ./source/blender/blenkernel/intern/modifier.cc:458 BKE_modifier_set_error: Object: "front cuirass row 5 curved lamellar plate 06", Modifier: "weighted normals", Enable 'Auto Smooth' in Object Data Properties
ERROR (bke.modifier): ./source/blender/blenkernel/intern/modifier.cc:458 BKE_modifier_set_error: Object: "front cuirass row 5 curved lamellar plate 09", Modifier: "weighted normals", Enable 'Auto Smooth' in Object Data Properties
ERROR (bke.modifier): ./source/blender/blenkernel/intern/modifier.cc:458 BKE_modifier_set_error: Object: "front cuirass row 5 curved lamellar plate 07", Modifier: "weighted normals", Enable 'Auto Smooth' in Object Data Properties
ERROR (bke.modifier): ./source/blender/blenkernel/intern/modifier.cc:458 BKE_modifier_set_error: Object: "front cuirass row 5 curved lamellar plate 08", Modifier: "weighted normals", Enable 'Auto Smooth' in Object Data Properties
ERROR (bke.modifier): ./source/blender/blenkernel/intern/modifier.cc:458 BKE_modifier_set_error: Object: "rear cuirass row 5 curved lamellar plate 01", Modifier: "weighted normals", Enable 'Auto Smooth' in Object Data Properties
ERROR (bke.modifier): ./source/blender/blenkernel/intern/modifier.cc:458 BKE_modifier_set_error: Object: "rear cuirass row 5 curved lamellar plate 02", Modifier: "weighted normals", Enable 'Auto Smooth' in Object Data Properties
ERROR (bke.modifier): ./source/blender/blenkernel/intern/modifier.cc:458 BKE_modifier_set_error: Object: "rear cuirass row 5 curved lamellar plate 04", Modifier: "weighted normals", Enable 'Auto Smooth' in Object Data Properties
ERROR (bke.modifier): ./source/blender/blenkernel/intern/modifier.cc:458 BKE_modifier_set_error: Object: "rear cuirass row 5 curved lamellar plate 05", Modifier: "weighted normals", Enable 'Auto Smooth' in Object Data Properties
ERROR (bke.modifier): ./source/blender/blenkernel/intern/modifier.cc:458 BKE_modifier_set_error: Object: "rear cuirass row 5 curved lamellar plate 03", Modifier: "weighted normals", Enable 'Auto Smooth' in Object Data Properties
ERROR (bke.modifier): ./source/blender/blenkernel/intern/modifier.cc:458 BKE_modifier_set_error: Object: "rear cuirass row 5 curved lamellar plate 06", Modifier: "weighted normals", Enable 'Auto Smooth' in Object Data Properties
ERROR (bke.modifier): ./source/blender/blenkernel/intern/modifier.cc:458 BKE_modifier_set_error: Object: "rear cuirass row 5 curved lamellar plate 09", Modifier: "weighted normals", Enable 'Auto Smooth' in Object Data Properties
ERROR (bke.modifier): ./source/blender/blenkernel/intern/modifier.cc:458 BKE_modifier_set_error: Object: "rear cuirass row 5 curved lamellar plate 07", Modifier: "weighted normals", Enable 'Auto Smooth' in Object Data Properties
ERROR (bke.modifier): ./source/blender/blenkernel/intern/modifier.cc:458 BKE_modifier_set_error: Object: "rear cuirass row 5 curved lamellar plate 08", Modifier: "weighted normals", Enable 'Auto Smooth' in Object Data Properties
ERROR (bke.modifier): ./source/blender/blenkernel/intern/modifier.cc:458 BKE_modifier_set_error: Object: "simple round clan mon on banner", Modifier: "weighted normals", Enable 'Auto Smooth' in Object Data Properties
ERROR (bke.modifier): ./source/blender/blenkernel/intern/modifier.cc:458 BKE_modifier_set_error: Object: "left shoulder undercloth", Modifier: "weighted normals", Enable 'Auto Smooth' in Object Data Properties
ERROR (bke.modifier): ./source/blender/blenkernel/intern/modifier.cc:458 BKE_modifier_set_error: Object: "left armored upper arm", Modifier: "weighted normals", Enable 'Auto Smooth' in Object Data Properties
ERROR (bke.modifier): ./source/blender/blenkernel/intern/modifier.cc:458 BKE_modifier_set_error: Object: "left sode shoulder armor", Modifier: "weighted normals", Enable 'Auto Smooth' in Object Data Properties
ERROR (bke.modifier): ./source/blender/blenkernel/intern/modifier.cc:458 BKE_modifier_set_error: Object: "left kote forearm guard", Modifier: "weighted normals", Enable 'Auto Smooth' in Object Data Properties
ERROR (bke.modifier): ./source/blender/blenkernel/intern/modifier.cc:458 BKE_modifier_set_error: Object: "left leather palm volume", Modifier: "weighted normals", Enable 'Auto Smooth' in Object Data Properties
ERROR (bke.modifier): ./source/blender/blenkernel/intern/modifier.cc:458 BKE_modifier_set_error: Object: "left index fingertip", Modifier: "weighted normals", Enable 'Auto Smooth' in Object Data Properties
ERROR (bke.modifier): ./source/blender/blenkernel/intern/modifier.cc:458 BKE_modifier_set_error: Object: "left middle fingertip", Modifier: "weighted normals", Enable 'Auto Smooth' in Object Data Properties
ERROR (bke.modifier): ./source/blender/blenkernel/intern/modifier.cc:458 BKE_modifier_set_error: Object: "left sode shoulder plate 1", Modifier: "weighted normals", Enable 'Auto Smooth' in Object Data Properties
ERROR (bke.modifier): ./source/blender/blenkernel/intern/modifier.cc:458 BKE_modifier_set_error: Object: "left ring fingertip", Modifier: "weighted normals", Enable 'Auto Smooth' in Object Data Properties
ERROR (bke.modifier): ./source/blender/blenkernel/intern/modifier.cc:458 BKE_modifier_set_error: Object: "left pinky fingertip", Modifier: "weighted normals", Enable 'Auto Smooth' in Object Data Properties
ERROR (bke.modifier): ./source/blender/blenkernel/intern/modifier.cc:458 BKE_modifier_set_error: Object: "left thumb fingertip", Modifier: "weighted normals", Enable 'Auto Smooth' in Object Data Properties
ERROR (bke.modifier): ./source/blender/blenkernel/intern/modifier.cc:458 BKE_modifier_set_error: Object: "right shoulder undercloth", Modifier: "weighted normals", Enable 'Auto Smooth' in Object Data Properties
ERROR (bke.modifier): ./source/blender/blenkernel/intern/modifier.cc:458 BKE_modifier_set_error: Object: "left side cuirass plate 1", Modifier: "weighted normals", Enable 'Auto Smooth' in Object Data Properties
ERROR (bke.modifier): ./source/blender/blenkernel/intern/modifier.cc:458 BKE_modifier_set_error: Object: "right side cuirass plate 3", Modifier: "weighted normals", Enable 'Auto Smooth' in Object Data Properties
ERROR (bke.modifier): ./source/blender/blenkernel/intern/modifier.cc:458 BKE_modifier_set_error: Object: "left sode shoulder plate 2", Modifier: "weighted normals", Enable 'Auto Smooth' in Object Data Properties
ERROR (bke.modifier): ./source/blender/blenkernel/intern/modifier.cc:458 BKE_modifier_set_error: Object: "right armored upper arm", Modifier: "weighted normals", Enable 'Auto Smooth' in Object Data Properties
ERROR (bke.modifier): ./source/blender/blenkernel/intern/modifier.cc:458 BKE_modifier_set_error: Object: "left sode shoulder plate 4", Modifier: "weighted normals", Enable 'Auto Smooth' in Object Data Properties
ERROR (bke.modifier): ./source/blender/blenkernel/intern/modifier.cc:458 BKE_modifier_set_error: Object: "right sode shoulder armor", Modifier: "weighted normals", Enable 'Auto Smooth' in Object Data Properties
ERROR (bke.modifier): ./source/blender/blenkernel/intern/modifier.cc:458 BKE_modifier_set_error: Object: "right side cuirass plate 2", Modifier: "weighted normals", Enable 'Auto Smooth' in Object Data Properties
ERROR (bke.modifier): ./source/blender/blenkernel/intern/modifier.cc:458 BKE_modifier_set_error: Object: "left side cuirass plate 3", Modifier: "weighted normals", Enable 'Auto Smooth' in Object Data Properties
ERROR (bke.modifier): ./source/blender/blenkernel/intern/modifier.cc:458 BKE_modifier_set_error: Object: "cloth sashimono banner panel", Modifier: "weighted normals", Enable 'Auto Smooth' in Object Data Properties
ERROR (bke.modifier): ./source/blender/blenkernel/intern/modifier.cc:458 BKE_modifier_set_error: Object: "right kote forearm guard", Modifier: "weighted normals", Enable 'Auto Smooth' in Object Data Properties
ERROR (bke.modifier): ./source/blender/blenkernel/intern/modifier.cc:458 BKE_modifier_set_error: Object: "left sode shoulder plate 3", Modifier: "weighted normals", Enable 'Auto Smooth' in Object Data Properties
ERROR (bke.modifier): ./source/blender/blenkernel/intern/modifier.cc:458 BKE_modifier_set_error: Object: "right leather palm volume", Modifier: "weighted normals", Enable 'Auto Smooth' in Object Data Properties
ERROR (bke.modifier): ./source/blender/blenkernel/intern/modifier.cc:458 BKE_modifier_set_error: Object: "right side cuirass plate 1", Modifier: "weighted normals", Enable 'Auto Smooth' in Object Data Properties
ERROR (bke.modifier): ./source/blender/blenkernel/intern/modifier.cc:458 BKE_modifier_set_error: Object: "right sode shoulder plate 1", Modifier: "weighted normals", Enable 'Auto Smooth' in Object Data Properties
ERROR (bke.modifier): ./source/blender/blenkernel/intern/modifier.cc:458 BKE_modifier_set_error: Object: "right index fingertip", Modifier: "weighted normals", Enable 'Auto Smooth' in Object Data Properties
ERROR (bke.modifier): ./source/blender/blenkernel/intern/modifier.cc:458 BKE_modifier_set_error: Object: "right middle fingertip", Modifier: "weighted normals", Enable 'Auto Smooth' in Object Data Properties
ERROR (bke.modifier): ./source/blender/blenkernel/intern/modifier.cc:458 BKE_modifier_set_error: Object: "right ring fingertip", Modifier: "weighted normals", Enable 'Auto Smooth' in Object Data Properties
ERROR (bke.modifier): ./source/blender/blenkernel/intern/modifier.cc:458 BKE_modifier_set_error: Object: "right pinky fingertip", Modifier: "weighted normals", Enable 'Auto Smooth' in Object Data Properties
ERROR (bke.modifier): ./source/blender/blenkernel/intern/modifier.cc:458 BKE_modifier_set_error: Object: "right sode shoulder plate 2", Modifier: "weighted normals", Enable 'Auto Smooth' in Object Data Properties
ERROR (bke.modifier): ./source/blender/blenkernel/intern/modifier.cc:458 BKE_modifier_set_error: Object: "right thumb fingertip", Modifier: "weighted normals", Enable 'Auto Smooth' in Object Data Properties
ERROR (bke.modifier): ./source/blender/blenkernel/intern/modifier.cc:458 BKE_modifier_set_error: Object: "left side cuirass plate 2", Modifier: "weighted normals", Enable 'Auto Smooth' in Object Data Properties
ERROR (bke.modifier): ./source/blender/blenkernel/intern/modifier.cc:458 BKE_modifier_set_error: Object: "kusazuri skirt plate -1 row 2", Modifier: "weighted normals", Enable 'Auto Smooth' in Object Data Properties
ERROR (bke.modifier): ./source/blender/blenkernel/intern/modifier.cc:458 BKE_modifier_set_error: Object: "small lacquered sashimono crossbar", Modifier: "weighted normals", Enable 'Auto Smooth' in Object Data Properties
ERROR (bke.modifier): ./source/blender/blenkernel/intern/modifier.cc:458 BKE_modifier_set_error: Object: "kusazuri skirt plate -1 row 1", Modifier: "weighted normals", Enable 'Auto Smooth' in Object Data Properties
ERROR (bke.modifier): ./source/blender/blenkernel/intern/modifier.cc:458 BKE_modifier_set_error: Object: "right sode shoulder plate 3", Modifier: "weighted normals", Enable 'Auto Smooth' in Object Data Properties
ERROR (bke.modifier): ./source/blender/blenkernel/intern/modifier.cc:458 BKE_modifier_set_error: Object: "rear kusazuri skirt plate -1 row 2", Modifier: "weighted normals", Enable 'Auto Smooth' in Object Data Properties
ERROR (bke.modifier): ./source/blender/blenkernel/intern/modifier.cc:458 BKE_modifier_set_error: Object: "right sode shoulder plate 4", Modifier: "weighted normals", Enable 'Auto Smooth' in Object Data Properties
ERROR (bke.modifier): ./source/blender/blenkernel/intern/modifier.cc:458 BKE_modifier_set_error: Object: "kusazuri skirt plate -1 row 3", Modifier: "weighted normals", Enable 'Auto Smooth' in Object Data Properties
ERROR (bke.modifier): ./source/blender/blenkernel/intern/modifier.cc:458 BKE_modifier_set_error: Object: "rear kusazuri skirt plate -1 row 3", Modifier: "weighted normals", Enable 'Auto Smooth' in Object Data Properties
ERROR (bke.modifier): ./source/blender/blenkernel/intern/modifier.cc:458 BKE_modifier_set_error: Object: "rear kusazuri skirt plate -1 row 1", Modifier: "weighted normals", Enable 'Auto Smooth' in Object Data Properties
ERROR (bke.modifier): ./source/blender/blenkernel/intern/modifier.cc:458 BKE_modifier_set_error: Object: "kusazuri skirt plate +0 row 3", Modifier: "weighted normals", Enable 'Auto Smooth' in Object Data Properties
ERROR (bke.modifier): ./source/blender/blenkernel/intern/modifier.cc:458 BKE_modifier_set_error: Object: "kusazuri skirt plate +0 row 1", Modifier: "weighted normals", Enable 'Auto Smooth' in Object Data Properties
ERROR (bke.modifier): ./source/blender/blenkernel/intern/modifier.cc:458 BKE_modifier_set_error: Object: "rear kusazuri skirt plate +0 row 1", Modifier: "weighted normals", Enable 'Auto Smooth' in Object Data Properties
ERROR (bke.modifier): ./source/blender/blenkernel/intern/modifier.cc:458 BKE_modifier_set_error: Object: "kusazuri skirt plate +0 row 2", Modifier: "weighted normals", Enable 'Auto Smooth' in Object Data Properties
ERROR (bke.modifier): ./source/blender/blenkernel/intern/modifier.cc:458 BKE_modifier_set_error: Object: "left hakama trouser leg", Modifier: "weighted normals", Enable 'Auto Smooth' in Object Data Properties
ERROR (bke.modifier): ./source/blender/blenkernel/intern/modifier.cc:458 BKE_modifier_set_error: Object: "left split-toe tabi foot volume", Modifier: "weighted normals", Enable 'Auto Smooth' in Object Data Properties
ERROR (bke.modifier): ./source/blender/blenkernel/intern/modifier.cc:458 BKE_modifier_set_error: Object: "left shin greave", Modifier: "weighted normals", Enable 'Auto Smooth' in Object Data Properties
ERROR (bke.modifier): ./source/blender/blenkernel/intern/modifier.cc:458 BKE_modifier_set_error: Object: "rear kusazuri skirt plate +0 row 3", Modifier: "weighted normals", Enable 'Auto Smooth' in Object Data Properties
ERROR (bke.modifier): ./source/blender/blenkernel/intern/modifier.cc:458 BKE_modifier_set_error: Object: "left outer toe group", Modifier: "weighted normals", Enable 'Auto Smooth' in Object Data Properties
ERROR (bke.modifier): ./source/blender/blenkernel/intern/modifier.cc:458 BKE_modifier_set_error: Object: "kusazuri skirt plate +1 row 1", Modifier: "weighted normals", Enable 'Auto Smooth' in Object Data Properties
ERROR (bke.modifier): ./source/blender/blenkernel/intern/modifier.cc:458 BKE_modifier_set_error: Object: "left separated big toe", Modifier: "weighted normals", Enable 'Auto Smooth' in Object Data Properties
ERROR (bke.modifier): ./source/blender/blenkernel/intern/modifier.cc:458 BKE_modifier_set_error: Object: "rear kusazuri skirt plate +1 row 1", Modifier: "weighted normals", Enable 'Auto Smooth' in Object Data Properties
ERROR (bke.modifier): ./source/blender/blenkernel/intern/modifier.cc:458 BKE_modifier_set_error: Object: "right shin greave", Modifier: "weighted normals", Enable 'Auto Smooth' in Object Data Properties
ERROR (bke.modifier): ./source/blender/blenkernel/intern/modifier.cc:458 BKE_modifier_set_error: Object: "right hakama trouser leg", Modifier: "weighted normals", Enable 'Auto Smooth' in Object Data Properties
ERROR (bke.modifier): ./source/blender/blenkernel/intern/modifier.cc:458 BKE_modifier_set_error: Object: "rear kusazuri skirt plate +0 row 2", Modifier: "weighted normals", Enable 'Auto Smooth' in Object Data Properties
ERROR (bke.modifier): ./source/blender/blenkernel/intern/modifier.cc:458 BKE_modifier_set_error: Object: "right split-toe tabi foot volume", Modifier: "weighted normals", Enable 'Auto Smooth' in Object Data Properties
ERROR (bke.modifier): ./source/blender/blenkernel/intern/modifier.cc:458 BKE_modifier_set_error: Object: "right separated big toe", Modifier: "weighted normals", Enable 'Auto Smooth' in Object Data Properties
ERROR (bke.modifier): ./source/blender/blenkernel/intern/modifier.cc:458 BKE_modifier_set_error: Object: "right outer toe group", Modifier: "weighted normals", Enable 'Auto Smooth' in Object Data Properties
ERROR (bke.modifier): ./source/blender/blenkernel/intern/modifier.cc:458 BKE_modifier_set_error: Object: "wrapped katana grip", Modifier: "weighted normals", Enable 'Auto Smooth' in Object Data Properties
ERROR (bke.modifier): ./source/blender/blenkernel/intern/modifier.cc:458 BKE_modifier_set_error: Object: "kusazuri skirt plate +1 row 2", Modifier: "weighted normals", Enable 'Auto Smooth' in Object Data Properties
ERROR (bke.modifier): ./source/blender/blenkernel/intern/modifier.cc:458 BKE_modifier_set_error: Object: "rear kusazuri skirt plate +1 row 3", Modifier: "weighted normals", Enable 'Auto Smooth' in Object Data Properties
ERROR (bke.modifier): ./source/blender/blenkernel/intern/modifier.cc:458 BKE_modifier_set_error: Object: "kusazuri skirt plate +1 row 3", Modifier: "weighted normals", Enable 'Auto Smooth' in Object Data Properties
ERROR (bke.modifier): ./source/blender/blenkernel/intern/modifier.cc:458 BKE_modifier_set_error: Object: "rear kusazuri skirt plate +1 row 2", Modifier: "weighted normals", Enable 'Auto Smooth' in Object Data Properties
ERROR (bke.modifier): ./source/blender/blenkernel/intern/modifier.cc:458 BKE_modifier_set_error: Object: "left woven waraji sole grounded", Modifier: "weighted normals", Enable 'Auto Smooth' in Object Data Properties
ERROR (bke.modifier): ./source/blender/blenkernel/intern/modifier.cc:458 BKE_modifier_set_error: Object: "right woven waraji sole grounded", Modifier: "weighted normals", Enable 'Auto Smooth' in Object Data Properties
ERROR (bke.modifier): ./source/blender/blenkernel/intern/modifier.cc:458 BKE_modifier_set_error: Object: "square tsuba guard", Modifier: "weighted normals", Enable 'Auto Smooth' in Object Data Properties
Fra:1 Mem:52.29M (Peak 52.32M) | Time:00:00.05 | Syncing matte charcoal inspection plinth
Fra:1 Mem:52.31M (Peak 52.35M) | Time:00:00.05 | Syncing ribcage under-kimono volume
Fra:1 Mem:52.40M (Peak 52.40M) | Time:00:00.05 | Syncing narrow waist under-kimono volume
Fra:1 Mem:52.47M (Peak 52.47M) | Time:00:00.05 | Syncing visible human head behind mempo
Fra:1 Mem:52.56M (Peak 52.56M) | Time:00:00.05 | Syncing thin exposed neck
Fra:1 Mem:52.57M (Peak 52.57M) | Time:00:00.05 | Syncing neck guard collar
Fra:1 Mem:52.58M (Peak 52.63M) | Time:00:00.05 | Syncing segmented kabuto helmet bowl
Fra:1 Mem:52.75M (Peak 52.76M) | Time:00:00.05 | Syncing wide kabuto brim
Fra:1 Mem:52.78M (Peak 52.78M) | Time:00:00.05 | Syncing rear shikoro neck guard flare
Fra:1 Mem:52.80M (Peak 52.80M) | Time:00:00.05 | Syncing left side helmet flange
Fra:1 Mem:52.81M (Peak 52.81M) | Time:00:00.05 | Syncing right side helmet flange
Fra:1 Mem:52.82M (Peak 52.82M) | Time:00:00.05 | Syncing golden maedate crescent crest
Fra:1 Mem:52.84M (Peak 52.89M) | Time:00:00.05 | Syncing crest central rivet
Fra:1 Mem:52.85M (Peak 52.89M) | Time:00:00.05 | Syncing dark iron mempo cheek mask
Fra:1 Mem:52.94M (Peak 52.94M) | Time:00:00.05 | Syncing mempo nose ridge
Fra:1 Mem:52.95M (Peak 52.95M) | Time:00:00.05 | Syncing left eye slit
Fra:1 Mem:52.97M (Peak 52.97M) | Time:00:00.05 | Syncing right eye slit
Fra:1 Mem:52.98M (Peak 52.98M) | Time:00:00.05 | Syncing mempo grim mouth slit
Fra:1 Mem:52.99M (Peak 52.99M) | Time:00:00.05 | Syncing left mask moustache bristle
Fra:1 Mem:53.00M (Peak 53.00M) | Time:00:00.05 | Syncing right mask moustache bristle
Fra:1 Mem:53.01M (Peak 53.01M) | Time:00:00.05 | Syncing throat guard row 1 curved lamella
Fra:1 Mem:53.03M (Peak 53.03M) | Time:00:00.05 | Syncing throat guard row 1 curved lamella
Fra:1 Mem:53.06M (Peak 53.06M) | Time:00:00.05 | Syncing throat guard row 1 curved lamella
Fra:1 Mem:53.08M (Peak 53.08M) | Time:00:00.05 | Syncing throat guard row 1 curved lamella
Fra:1 Mem:53.10M (Peak 53.10M) | Time:00:00.05 | Syncing throat guard row 1 curved lamella
Fra:1 Mem:53.13M (Peak 53.13M) | Time:00:00.05 | Syncing throat guard row 2 curved lamella
Fra:1 Mem:53.15M (Peak 53.15M) | Time:00:00.05 | Syncing throat guard row 2 curved lamella
Fra:1 Mem:53.18M (Peak 53.18M) | Time:00:00.05 | Syncing throat guard row 2 curved lamella
Fra:1 Mem:53.20M (Peak 53.20M) | Time:00:00.05 | Syncing throat guard row 2 curved lamella
Fra:1 Mem:53.22M (Peak 53.22M) | Time:00:00.05 | Syncing throat guard row 2 curved lamella
Fra:1 Mem:53.25M (Peak 53.25M) | Time:00:00.05 | Syncing throat guard row 3 curved lamella
Fra:1 Mem:53.27M (Peak 53.27M) | Time:00:00.05 | Syncing throat guard row 3 curved lamella
Fra:1 Mem:53.30M (Peak 53.30M) | Time:00:00.05 | Syncing throat guard row 3 curved lamella
Fra:1 Mem:53.32M (Peak 53.32M) | Time:00:00.05 | Syncing throat guard row 3 curved lamella
Fra:1 Mem:53.34M (Peak 53.34M) | Time:00:00.05 | Syncing throat guard row 3 curved lamella
Fra:1 Mem:53.37M (Peak 53.37M) | Time:00:00.05 | Syncing upper do cuirass fitted shell
Fra:1 Mem:53.47M (Peak 53.47M) | Time:00:00.05 | Syncing lower do cuirass narrowed shell
Fra:1 Mem:53.55M (Peak 53.55M) | Time:00:00.05 | Syncing front cuirass row 1 curved lamell
Fra:1 Mem:53.58M (Peak 53.58M) | Time:00:00.05 | Syncing front cuirass row 1 curved lamell
Fra:1 Mem:53.60M (Peak 53.60M) | Time:00:00.05 | Syncing front cuirass row 1 curved lamell
Fra:1 Mem:53.63M (Peak 53.63M) | Time:00:00.05 | Syncing front cuirass row 1 curved lamell
Fra:1 Mem:53.65M (Peak 53.65M) | Time:00:00.05 | Syncing front cuirass row 1 curved lamell
Fra:1 Mem:53.67M (Peak 53.67M) | Time:00:00.05 | Syncing front cuirass row 1 curved lamell
Fra:1 Mem:53.70M (Peak 53.70M) | Time:00:00.05 | Syncing front cuirass row 1 curved lamell
Fra:1 Mem:53.72M (Peak 53.72M) | Time:00:00.05 | Syncing front cuirass row 1 curved lamell
Fra:1 Mem:53.75M (Peak 53.75M) | Time:00:00.05 | Syncing front cuirass row 1 curved lamell
Fra:1 Mem:53.77M (Peak 53.77M) | Time:00:00.05 | Syncing rear cuirass row 1 curved lamella
Fra:1 Mem:53.79M (Peak 53.79M) | Time:00:00.05 | Syncing rear cuirass row 1 curved lamella
Fra:1 Mem:53.82M (Peak 53.82M) | Time:00:00.05 | Syncing rear cuirass row 1 curved lamella
Fra:1 Mem:53.84M (Peak 53.84M) | Time:00:00.06 | Syncing rear cuirass row 1 curved lamella
Fra:1 Mem:53.87M (Peak 53.87M) | Time:00:00.06 | Syncing rear cuirass row 1 curved lamella
Fra:1 Mem:53.89M (Peak 53.89M) | Time:00:00.06 | Syncing rear cuirass row 1 curved lamella
Fra:1 Mem:53.91M (Peak 53.91M) | Time:00:00.06 | Syncing rear cuirass row 1 curved lamella
Fra:1 Mem:53.94M (Peak 53.94M) | Time:00:00.06 | Syncing rear cuirass row 1 curved lamella
Fra:1 Mem:53.96M (Peak 53.96M) | Time:00:00.06 | Syncing rear cuirass row 1 curved lamella
Fra:1 Mem:53.98M (Peak 53.98M) | Time:00:00.06 | Syncing front cuirass row 2 curved lamell
Fra:1 Mem:54.01M (Peak 54.01M) | Time:00:00.06 | Syncing front cuirass row 2 curved lamell
Fra:1 Mem:54.03M (Peak 54.03M) | Time:00:00.06 | Syncing front cuirass row 2 curved lamell
Fra:1 Mem:54.06M (Peak 54.06M) | Time:00:00.06 | Syncing front cuirass row 2 curved lamell
Fra:1 Mem:54.08M (Peak 54.08M) | Time:00:00.06 | Syncing front cuirass row 2 curved lamell
Fra:1 Mem:54.10M (Peak 54.10M) | Time:00:00.06 | Syncing front cuirass row 2 curved lamell
Fra:1 Mem:54.13M (Peak 54.13M) | Time:00:00.06 | Syncing front cuirass row 2 curved lamell
Fra:1 Mem:54.15M (Peak 54.15M) | Time:00:00.06 | Syncing front cuirass row 2 curved lamell
Fra:1 Mem:54.18M (Peak 54.18M) | Time:00:00.06 | Syncing front cuirass row 2 curved lamell
Fra:1 Mem:54.20M (Peak 54.20M) | Time:00:00.06 | Syncing rear cuirass row 2 curved lamella
Fra:1 Mem:54.23M (Peak 54.23M) | Time:00:00.06 | Syncing rear cuirass row 2 curved lamella
Fra:1 Mem:54.25M (Peak 54.25M) | Time:00:00.06 | Syncing rear cuirass row 2 curved lamella
Fra:1 Mem:54.27M (Peak 54.27M) | Time:00:00.06 | Syncing rear cuirass row 2 curved lamella
Fra:1 Mem:54.30M (Peak 54.30M) | Time:00:00.06 | Syncing rear cuirass row 2 curved lamella
Fra:1 Mem:54.32M (Peak 54.32M) | Time:00:00.06 | Syncing rear cuirass row 2 curved lamella
Fra:1 Mem:54.35M (Peak 54.35M) | Time:00:00.06 | Syncing rear cuirass row 2 curved lamella
Fra:1 Mem:54.37M (Peak 54.37M) | Time:00:00.06 | Syncing rear cuirass row 2 curved lamella
Fra:1 Mem:54.39M (Peak 54.39M) | Time:00:00.06 | Syncing rear cuirass row 2 curved lamella
Fra:1 Mem:54.42M (Peak 54.42M) | Time:00:00.06 | Syncing front cuirass row 3 curved lamell
Fra:1 Mem:54.44M (Peak 54.44M) | Time:00:00.06 | Syncing front cuirass row 3 curved lamell
Fra:1 Mem:54.47M (Peak 54.47M) | Time:00:00.06 | Syncing front cuirass row 3 curved lamell
Fra:1 Mem:54.49M (Peak 54.49M) | Time:00:00.06 | Syncing front cuirass row 3 curved lamell
Fra:1 Mem:54.51M (Peak 54.51M) | Time:00:00.06 | Syncing front cuirass row 3 curved lamell
Fra:1 Mem:54.54M (Peak 54.54M) | Time:00:00.06 | Syncing front cuirass row 3 curved lamell
Fra:1 Mem:54.56M (Peak 54.56M) | Time:00:00.06 | Syncing front cuirass row 3 curved lamell
Fra:1 Mem:54.59M (Peak 54.59M) | Time:00:00.06 | Syncing front cuirass row 3 curved lamell
Fra:1 Mem:54.61M (Peak 54.61M) | Time:00:00.06 | Syncing front cuirass row 3 curved lamell
Fra:1 Mem:54.63M (Peak 54.63M) | Time:00:00.06 | Syncing rear cuirass row 3 curved lamella
Fra:1 Mem:54.66M (Peak 54.66M) | Time:00:00.06 | Syncing rear cuirass row 3 curved lamella
Fra:1 Mem:54.68M (Peak 54.68M) | Time:00:00.06 | Syncing rear cuirass row 3 curved lamella
Fra:1 Mem:54.71M (Peak 54.71M) | Time:00:00.06 | Syncing rear cuirass row 3 curved lamella
Fra:1 Mem:54.73M (Peak 54.73M) | Time:00:00.06 | Syncing rear cuirass row 3 curved lamella
Fra:1 Mem:54.75M (Peak 54.75M) | Time:00:00.06 | Syncing rear cuirass row 3 curved lamella
Fra:1 Mem:54.78M (Peak 54.78M) | Time:00:00.06 | Syncing rear cuirass row 3 curved lamella
Fra:1 Mem:54.80M (Peak 54.80M) | Time:00:00.06 | Syncing rear cuirass row 3 curved lamella
Fra:1 Mem:54.83M (Peak 54.83M) | Time:00:00.06 | Syncing rear cuirass row 3 curved lamella
Fra:1 Mem:54.85M (Peak 54.85M) | Time:00:00.06 | Syncing front cuirass row 4 curved lamell
Fra:1 Mem:54.87M (Peak 54.87M) | Time:00:00.06 | Syncing front cuirass row 4 curved lamell
Fra:1 Mem:54.90M (Peak 54.90M) | Time:00:00.06 | Syncing front cuirass row 4 curved lamell
Fra:1 Mem:54.92M (Peak 54.92M) | Time:00:00.06 | Syncing front cuirass row 4 curved lamell
Fra:1 Mem:54.95M (Peak 54.95M) | Time:00:00.06 | Syncing front cuirass row 4 curved lamell
Fra:1 Mem:54.97M (Peak 54.97M) | Time:00:00.06 | Syncing front cuirass row 4 curved lamell
Fra:1 Mem:54.99M (Peak 54.99M) | Time:00:00.06 | Syncing front cuirass row 4 curved lamell
Fra:1 Mem:55.02M (Peak 55.02M) | Time:00:00.06 | Syncing front cuirass row 4 curved lamell
Fra:1 Mem:55.04M (Peak 55.04M) | Time:00:00.06 | Syncing front cuirass row 4 curved lamell
Fra:1 Mem:55.07M (Peak 55.07M) | Time:00:00.06 | Syncing rear cuirass row 4 curved lamella
Fra:1 Mem:55.09M (Peak 55.09M) | Time:00:00.06 | Syncing rear cuirass row 4 curved lamella
Fra:1 Mem:55.11M (Peak 55.11M) | Time:00:00.06 | Syncing rear cuirass row 4 curved lamella
Fra:1 Mem:55.14M (Peak 55.14M) | Time:00:00.06 | Syncing rear cuirass row 4 curved lamella
Fra:1 Mem:55.16M (Peak 55.16M) | Time:00:00.06 | Syncing rear cuirass row 4 curved lamella
Fra:1 Mem:55.19M (Peak 55.19M) | Time:00:00.06 | Syncing rear cuirass row 4 curved lamella
Fra:1 Mem:55.21M (Peak 55.21M) | Time:00:00.06 | Syncing rear cuirass row 4 curved lamella
Fra:1 Mem:55.23M (Peak 55.23M) | Time:00:00.06 | Syncing rear cuirass row 4 curved lamella
Fra:1 Mem:55.26M (Peak 55.26M) | Time:00:00.06 | Syncing rear cuirass row 4 curved lamella
Fra:1 Mem:55.28M (Peak 55.28M) | Time:00:00.06 | Syncing front cuirass row 5 curved lamell
Fra:1 Mem:55.31M (Peak 55.31M) | Time:00:00.06 | Syncing front cuirass row 5 curved lamell
Fra:1 Mem:55.33M (Peak 55.33M) | Time:00:00.06 | Syncing front cuirass row 5 curved lamell
Fra:1 Mem:55.35M (Peak 55.35M) | Time:00:00.06 | Syncing front cuirass row 5 curved lamell
Fra:1 Mem:55.38M (Peak 55.38M) | Time:00:00.06 | Syncing front cuirass row 5 curved lamell
Fra:1 Mem:55.40M (Peak 55.40M) | Time:00:00.06 | Syncing front cuirass row 5 curved lamell
Fra:1 Mem:55.43M (Peak 55.43M) | Time:00:00.06 | Syncing front cuirass row 5 curved lamell
Fra:1 Mem:55.45M (Peak 55.45M) | Time:00:00.06 | Syncing front cuirass row 5 curved lamell
Fra:1 Mem:55.47M (Peak 55.47M) | Time:00:00.06 | Syncing front cuirass row 5 curved lamell
Fra:1 Mem:55.50M (Peak 55.50M) | Time:00:00.06 | Syncing rear cuirass row 5 curved lamella
Fra:1 Mem:55.52M (Peak 55.52M) | Time:00:00.06 | Syncing rear cuirass row 5 curved lamella
Fra:1 Mem:55.55M (Peak 55.55M) | Time:00:00.06 | Syncing rear cuirass row 5 curved lamella
Fra:1 Mem:55.57M (Peak 55.57M) | Time:00:00.06 | Syncing rear cuirass row 5 curved lamella
Fra:1 Mem:55.59M (Peak 55.59M) | Time:00:00.06 | Syncing rear cuirass row 5 curved lamella
Fra:1 Mem:55.62M (Peak 55.62M) | Time:00:00.06 | Syncing rear cuirass row 5 curved lamella
Fra:1 Mem:55.64M (Peak 55.64M) | Time:00:00.06 | Syncing rear cuirass row 5 curved lamella
Fra:1 Mem:55.67M (Peak 55.67M) | Time:00:00.06 | Syncing rear cuirass row 5 curved lamella
Fra:1 Mem:55.69M (Peak 55.69M) | Time:00:00.06 | Syncing rear cuirass row 5 curved lamella
Fra:1 Mem:55.71M (Peak 55.71M) | Time:00:00.06 | Syncing left side cuirass plate 1
Fra:1 Mem:55.73M (Peak 55.73M) | Time:00:00.06 | Syncing left side cuirass plate 2
Fra:1 Mem:55.74M (Peak 55.74M) | Time:00:00.06 | Syncing left side cuirass plate 3
Fra:1 Mem:55.76M (Peak 55.76M) | Time:00:00.06 | Syncing right side cuirass plate 1
Fra:1 Mem:55.77M (Peak 55.77M) | Time:00:00.06 | Syncing right side cuirass plate 2
Fra:1 Mem:55.79M (Peak 55.79M) | Time:00:00.06 | Syncing right side cuirass plate 3
Fra:1 Mem:55.80M (Peak 55.80M) | Time:00:00.06 | Syncing left shoulder undercloth
Fra:1 Mem:55.86M (Peak 55.86M) | Time:00:00.06 | Syncing left sode shoulder plate 1
Fra:1 Mem:55.87M (Peak 55.87M) | Time:00:00.06 | Syncing left sode shoulder plate 2
Fra:1 Mem:55.88M (Peak 55.88M) | Time:00:00.06 | Syncing left sode shoulder plate 3
Fra:1 Mem:55.90M (Peak 55.90M) | Time:00:00.06 | Syncing left sode shoulder plate 4
Fra:1 Mem:55.91M (Peak 55.91M) | Time:00:00.06 | Syncing left armored upper arm
Fra:1 Mem:55.97M (Peak 55.97M) | Time:00:00.06 | Syncing left sode shoulder armor
Fra:1 Mem:56.01M (Peak 56.01M) | Time:00:00.07 | Syncing left kote forearm guard
Fra:1 Mem:56.06M (Peak 56.06M) | Time:00:00.07 | Syncing left leather palm volume
Fra:1 Mem:56.10M (Peak 56.12M) | Time:00:00.07 | Syncing left articulated index finger
Fra:1 Mem:56.11M (Peak 56.12M) | Time:00:00.07 | Syncing left index fingertip
Fra:1 Mem:56.12M (Peak 56.12M) | Time:00:00.07 | Syncing left articulated middle finger
Fra:1 Mem:56.13M (Peak 56.13M) | Time:00:00.07 | Syncing left middle fingertip
Fra:1 Mem:56.14M (Peak 56.14M) | Time:00:00.07 | Syncing left articulated ring finger
Fra:1 Mem:56.15M (Peak 56.15M) | Time:00:00.07 | Syncing left ring fingertip
Fra:1 Mem:56.17M (Peak 56.17M) | Time:00:00.07 | Syncing left articulated pinky finger
Fra:1 Mem:56.18M (Peak 56.18M) | Time:00:00.07 | Syncing left pinky fingertip
Fra:1 Mem:56.19M (Peak 56.19M) | Time:00:00.07 | Syncing left opposed thumb
Fra:1 Mem:56.20M (Peak 56.20M) | Time:00:00.07 | Syncing left thumb fingertip
Fra:1 Mem:56.21M (Peak 56.21M) | Time:00:00.07 | Syncing right shoulder undercloth
Fra:1 Mem:56.27M (Peak 56.27M) | Time:00:00.07 | Syncing right sode shoulder plate 1
Fra:1 Mem:56.28M (Peak 56.28M) | Time:00:00.07 | Syncing right sode shoulder plate 2
Fra:1 Mem:56.29M (Peak 56.29M) | Time:00:00.07 | Syncing right sode shoulder plate 3
Fra:1 Mem:56.31M (Peak 56.31M) | Time:00:00.07 | Syncing right sode shoulder plate 4
Fra:1 Mem:56.32M (Peak 56.32M) | Time:00:00.07 | Syncing right armored upper arm
Fra:1 Mem:56.38M (Peak 56.38M) | Time:00:00.07 | Syncing right sode shoulder armor
Fra:1 Mem:56.42M (Peak 56.42M) | Time:00:00.07 | Syncing right kote forearm guard
Fra:1 Mem:56.48M (Peak 56.48M) | Time:00:00.07 | Syncing right leather palm volume
Fra:1 Mem:56.51M (Peak 56.51M) | Time:00:00.07 | Syncing right articulated index finger
Fra:1 Mem:56.52M (Peak 56.52M) | Time:00:00.07 | Syncing right index fingertip
Fra:1 Mem:56.53M (Peak 56.53M) | Time:00:00.07 | Syncing right articulated middle finger
Fra:1 Mem:56.54M (Peak 56.54M) | Time:00:00.07 | Syncing right middle fingertip
Fra:1 Mem:56.55M (Peak 56.55M) | Time:00:00.07 | Syncing right articulated ring finger
Fra:1 Mem:56.56M (Peak 56.56M) | Time:00:00.07 | Syncing right ring fingertip
Fra:1 Mem:56.58M (Peak 56.58M) | Time:00:00.07 | Syncing right articulated pinky finger
Fra:1 Mem:56.59M (Peak 56.59M) | Time:00:00.07 | Syncing right pinky fingertip
Fra:1 Mem:56.60M (Peak 56.60M) | Time:00:00.07 | Syncing right opposed thumb
Fra:1 Mem:56.61M (Peak 56.61M) | Time:00:00.07 | Syncing right thumb fingertip
Fra:1 Mem:56.62M (Peak 56.62M) | Time:00:00.07 | Syncing kusazuri skirt plate -1 row 1
Fra:1 Mem:56.64M (Peak 56.64M) | Time:00:00.07 | Syncing rear kusazuri skirt plate -1 row 
Fra:1 Mem:56.65M (Peak 56.65M) | Time:00:00.07 | Syncing kusazuri skirt plate -1 row 2
Fra:1 Mem:56.66M (Peak 56.66M) | Time:00:00.07 | Syncing rear kusazuri skirt plate -1 row 
Fra:1 Mem:56.68M (Peak 56.68M) | Time:00:00.07 | Syncing kusazuri skirt plate -1 row 3
Fra:1 Mem:56.69M (Peak 56.69M) | Time:00:00.07 | Syncing rear kusazuri skirt plate -1 row 
Fra:1 Mem:56.71M (Peak 56.71M) | Time:00:00.07 | Syncing kusazuri skirt plate +0 row 1
Fra:1 Mem:56.72M (Peak 56.72M) | Time:00:00.07 | Syncing rear kusazuri skirt plate +0 row 
Fra:1 Mem:56.73M (Peak 56.73M) | Time:00:00.07 | Syncing kusazuri skirt plate +0 row 2
Fra:1 Mem:56.75M (Peak 56.75M) | Time:00:00.07 | Syncing rear kusazuri skirt plate +0 row 
Fra:1 Mem:56.76M (Peak 56.76M) | Time:00:00.07 | Syncing kusazuri skirt plate +0 row 3
Fra:1 Mem:56.78M (Peak 56.78M) | Time:00:00.07 | Syncing rear kusazuri skirt plate +0 row 
Fra:1 Mem:56.79M (Peak 56.79M) | Time:00:00.07 | Syncing kusazuri skirt plate +1 row 1
Fra:1 Mem:56.80M (Peak 56.80M) | Time:00:00.07 | Syncing rear kusazuri skirt plate +1 row 
Fra:1 Mem:56.82M (Peak 56.82M) | Time:00:00.07 | Syncing kusazuri skirt plate +1 row 2
Fra:1 Mem:56.83M (Peak 56.83M) | Time:00:00.07 | Syncing rear kusazuri skirt plate +1 row 
Fra:1 Mem:56.84M (Peak 56.84M) | Time:00:00.07 | Syncing kusazuri skirt plate +1 row 3
Fra:1 Mem:56.86M (Peak 56.86M) | Time:00:00.07 | Syncing rear kusazuri skirt plate +1 row 
Fra:1 Mem:56.87M (Peak 56.87M) | Time:00:00.07 | Syncing left hakama trouser leg
Fra:1 Mem:56.93M (Peak 56.93M) | Time:00:00.07 | Syncing left shin greave
Fra:1 Mem:56.98M (Peak 56.98M) | Time:00:00.07 | Syncing left split-toe tabi foot volume
Fra:1 Mem:57.03M (Peak 57.03M) | Time:00:00.07 | Syncing left separated big toe
Fra:1 Mem:57.05M (Peak 57.05M) | Time:00:00.07 | Syncing left outer toe group
Fra:1 Mem:57.07M (Peak 57.07M) | Time:00:00.07 | Syncing left woven waraji sole grounded
Fra:1 Mem:57.08M (Peak 57.08M) | Time:00:00.07 | Syncing left sandal toe strap
Fra:1 Mem:57.09M (Peak 57.15M) | Time:00:00.07 | Syncing left heel strap
Fra:1 Mem:57.09M (Peak 57.15M) | Time:00:00.07 | Syncing left hakama pleat 1
Fra:1 Mem:57.10M (Peak 57.15M) | Time:00:00.07 | Syncing left hakama pleat 2
Fra:1 Mem:57.11M (Peak 57.15M) | Time:00:00.07 | Syncing left hakama pleat 3
Fra:1 Mem:57.12M (Peak 57.15M) | Time:00:00.07 | Syncing right hakama trouser leg
Fra:1 Mem:57.20M (Peak 57.20M) | Time:00:00.07 | Syncing right shin greave
Fra:1 Mem:57.26M (Peak 57.26M) | Time:00:00.07 | Syncing right split-toe tabi foot volume
Fra:1 Mem:57.30M (Peak 57.30M) | Time:00:00.07 | Syncing right separated big toe
Fra:1 Mem:57.33M (Peak 57.33M) | Time:00:00.07 | Syncing right outer toe group
Fra:1 Mem:57.35M (Peak 57.35M) | Time:00:00.07 | Syncing right woven waraji sole grounded
Fra:1 Mem:57.35M (Peak 57.35M) | Time:00:00.07 | Syncing right sandal toe strap
Fra:1 Mem:57.36M (Peak 57.36M) | Time:00:00.07 | Syncing right heel strap
Fra:1 Mem:57.37M (Peak 57.37M) | Time:00:00.07 | Syncing right hakama pleat 1
Fra:1 Mem:57.37M (Peak 57.37M) | Time:00:00.07 | Syncing right hakama pleat 2
Fra:1 Mem:57.38M (Peak 57.38M) | Time:00:00.07 | Syncing right hakama pleat 3
Fra:1 Mem:57.38M (Peak 57.38M) | Time:00:00.07 | Syncing drawn katana blade spine
Fra:1 Mem:57.39M (Peak 57.45M) | Time:00:00.07 | Syncing bright sharpened katana edge
Fra:1 Mem:57.40M (Peak 57.45M) | Time:00:00.07 | Syncing wrapped katana grip
Fra:1 Mem:57.41M (Peak 57.45M) | Time:00:00.07 | Syncing square tsuba guard
Fra:1 Mem:57.42M (Peak 57.45M) | Time:00:00.07 | Syncing lacquered saya scabbard at left h
Fra:1 Mem:57.43M (Peak 57.45M) | Time:00:00.07 | Syncing waist sash tying armor
Fra:1 Mem:57.43M (Peak 57.45M) | Time:00:00.07 | Syncing bamboo sashimono back pole
Fra:1 Mem:57.44M (Peak 57.45M) | Time:00:00.07 | Syncing small lacquered sashimono crossba
Fra:1 Mem:57.46M (Peak 57.46M) | Time:00:00.07 | Syncing cloth sashimono banner panel
Fra:1 Mem:57.47M (Peak 57.52M) | Time:00:00.07 | Syncing simple round clan mon on banner
Fra:1 Mem:57.51M (Peak 57.52M) | Time:00:00.07 | Syncing cool key
Fra:1 Mem:57.51M (Peak 57.52M) | Time:00:00.07 | Syncing rim
Fra:1 Mem:57.51M (Peak 57.52M) | Time:00:00.07 | Syncing hero cam
Fra:1 Mem:57.51M (Peak 57.52M) | Time:00:00.07 | Syncing samurai_v2_provenance
Fra:1 Mem:57.54M (Peak 57.64M) | Time:00:00.08 | Rendering 1 / 32 samples
Fra:1 Mem:54.65M (Peak 57.64M) | Time:00:02.37 | Rendering 26 / 32 samples
Fra:1 Mem:54.65M (Peak 57.64M) | Time:00:02.78 | Rendering 32 / 32 samples
Saved: '/tmp/factoryx-v21-render/samurai-repaired-full-20-v21/uesugi-01/turntable_006.png'
 Time: 00:02.90 (Saving: 00:00.03)

ERROR (bke.modifier): ./source/blender/blenkernel/intern/modifier.cc:458 BKE_modifier_set_error: Object: "front cuirass row 1 curved lamellar plate 03", Modifier: "weighted normals", Enable 'Auto Smooth' in Object Data Properties
ERROR (bke.modifier): ./source/blender/blenkernel/intern/modifier.cc:458 BKE_modifier_set_error: Object: "front cuirass row 1 curved lamellar plate 04", Modifier: "weighted normals", Enable 'Auto Smooth' in Object Data Properties
ERROR (bke.modifier): ./source/blender/blenkernel/intern/modifier.cc:458 BKE_modifier_set_error: Object: "front cuirass row 1 curved lamellar plate 02", Modifier: "weighted normals", Enable 'Auto Smooth' in Object Data Properties
ERROR (bke.modifier): ./source/blender/blenkernel/intern/modifier.cc:458 BKE_modifier_set_error: Object: "front cuirass row 1 curved lamellar plate 05", Modifier: "weighted normals", Enable 'Auto Smooth' in Object Data Properties
ERROR (bke.modifier): ./source/blender/blenkernel/intern/modifier.cc:458 BKE_modifier_set_error: Object: "front cuirass row 1 curved lamellar plate 06", Modifier: "weighted normals", Enable 'Auto Smooth' in Object Data Properties
ERROR (bke.modifier): ./source/blender/blenkernel/intern/modifier.cc:458 BKE_modifier_set_error: Object: "front cuirass row 1 curved lamellar plate 07", Modifier: "weighted normals", Enable 'Auto Smooth' in Object Data Properties
ERROR (bke.modifier): ./source/blender/blenkernel/intern/modifier.cc:458 BKE_modifier_set_error: Object: "front cuirass row 1 curved lamellar plate 08", Modifier: "weighted normals", Enable 'Auto Smooth' in Object Data Properties
ERROR (bke.modifier): ./source/blender/blenkernel/intern/modifier.cc:458 BKE_modifier_set_error: Object: "front cuirass row 1 curved lamellar plate 01", Modifier: "weighted normals", Enable 'Auto Smooth' in Object Data Properties
ERROR (bke.modifier): ./source/blender/blenkernel/intern/modifier.cc:458 BKE_modifier_set_error: Object: "front cuirass row 1 curved lamellar plate 09", Modifier: "weighted normals", Enable 'Auto Smooth' in Object Data Properties
ERROR (bke.modifier): ./source/blender/blenkernel/intern/modifier.cc:458 BKE_modifier_set_error: Object: "rear cuirass row 1 curved lamellar plate 01", Modifier: "weighted normals", Enable 'Auto Smooth' in Object Data Properties
ERROR (bke.modifier): ./source/blender/blenkernel/intern/modifier.cc:458 BKE_modifier_set_error: Object: "lower do cuirass narrowed shell", Modifier: "weighted normals", Enable 'Auto Smooth' in Object Data Properties
ERROR (bke.modifier): ./source/blender/blenkernel/intern/modifier.cc:458 BKE_modifier_set_error: Object: "rear cuirass row 1 curved lamellar plate 02", Modifier: "weighted normals", Enable 'Auto Smooth' in Object Data Properties
ERROR (bke.modifier): ./source/blender/blenkernel/intern/modifier.cc:458 BKE_modifier_set_error: Object: "rear cuirass row 1 curved lamellar plate 03", Modifier: "weighted normals", Enable 'Auto Smooth' in Object Data Properties
ERROR (bke.modifier): ./source/blender/blenkernel/intern/modifier.cc:458 BKE_modifier_set_error: Object: "rear cuirass row 1 curved lamellar plate 04", Modifier: "weighted normals", Enable 'Auto Smooth' in Object Data Properties
ERROR (bke.modifier): ./source/blender/blenkernel/intern/modifier.cc:458 BKE_modifier_set_error: Object: "rear cuirass row 1 curved lamellar plate 05", Modifier: "weighted normals", Enable 'Auto Smooth' in Object Data Properties
ERROR (bke.modifier): ./source/blender/blenkernel/intern/modifier.cc:458 BKE_modifier_set_error: Object: "rear cuirass row 1 curved lamellar plate 06", Modifier: "weighted normals", Enable 'Auto Smooth' in Object Data Properties
ERROR (bke.modifier): ./source/blender/blenkernel/intern/modifier.cc:458 BKE_modifier_set_error: Object: "rear cuirass row 1 curved lamellar plate 07", Modifier: "weighted normals", Enable 'Auto Smooth' in Object Data Properties
ERROR (bke.modifier): ./source/blender/blenkernel/intern/modifier.cc:458 BKE_modifier_set_error: Object: "rear cuirass row 1 curved lamellar plate 08", Modifier: "weighted normals", Enable 'Auto Smooth' in Object Data Properties
ERROR (bke.modifier): ./source/blender/blenkernel/intern/modifier.cc:458 BKE_modifier_set_error: Object: "front cuirass row 2 curved lamellar plate 01", Modifier: "weighted normals", Enable 'Auto Smooth' in Object Data Properties
ERROR (bke.modifier): ./source/blender/blenkernel/intern/modifier.cc:458 BKE_modifier_set_error: Object: "rear cuirass row 1 curved lamellar plate 09", Modifier: "weighted normals", Enable 'Auto Smooth' in Object Data Properties
ERROR (bke.modifier): ./source/blender/blenkernel/intern/modifier.cc:458 BKE_modifier_set_error: Object: "front cuirass row 2 curved lamellar plate 02", Modifier: "weighted normals", Enable 'Auto Smooth' in Object Data Properties
ERROR (bke.modifier): ./source/blender/blenkernel/intern/modifier.cc:458 BKE_modifier_set_error: Object: "front cuirass row 2 curved lamellar plate 03", Modifier: "weighted normals", Enable 'Auto Smooth' in Object Data Properties
ERROR (bke.modifier): ./source/blender/blenkernel/intern/modifier.cc:458 BKE_modifier_set_error: Object: "front cuirass row 2 curved lamellar plate 04", Modifier: "weighted normals", Enable 'Auto Smooth' in Object Data Properties
ERROR (bke.modifier): ./source/blender/blenkernel/intern/modifier.cc:458 BKE_modifier_set_error: Object: "upper do cuirass fitted shell", Modifier: "weighted normals", Enable 'Auto Smooth' in Object Data Properties
ERROR (bke.modifier): ./source/blender/blenkernel/intern/modifier.cc:458 BKE_modifier_set_error: Object: "front cuirass row 2 curved lamellar plate 06", Modifier: "weighted normals", Enable 'Auto Smooth' in Object Data Properties
ERROR (bke.modifier): ./source/blender/blenkernel/intern/modifier.cc:458 BKE_modifier_set_error: Object: "front cuirass row 2 curved lamellar plate 05", Modifier: "weighted normals", Enable 'Auto Smooth' in Object Data Properties
ERROR (bke.modifier): ./source/blender/blenkernel/intern/modifier.cc:458 BKE_modifier_set_error: Object: "front cuirass row 2 curved lamellar plate 07", Modifier: "weighted normals", Enable 'Auto Smooth' in Object Data Properties
ERROR (bke.modifier): ./source/blender/blenkernel/intern/modifier.cc:458 BKE_modifier_set_error: Object: "front cuirass row 2 curved lamellar plate 08", Modifier: "weighted normals", Enable 'Auto Smooth' in Object Data Properties
ERROR (bke.modifier): ./source/blender/blenkernel/intern/modifier.cc:458 BKE_modifier_set_error: Object: "rear cuirass row 2 curved lamellar plate 01", Modifier: "weighted normals", Enable 'Auto Smooth' in Object Data Properties
ERROR (bke.modifier): ./source/blender/blenkernel/intern/modifier.cc:458 BKE_modifier_set_error: Object: "front cuirass row 2 curved lamellar plate 09", Modifier: "weighted normals", Enable 'Auto Smooth' in Object Data Properties
ERROR (bke.modifier): ./source/blender/blenkernel/intern/modifier.cc:458 BKE_modifier_set_error: Object: "rear cuirass row 2 curved lamellar plate 02", Modifier: "weighted normals", Enable 'Auto Smooth' in Object Data Properties
ERROR (bke.modifier): ./source/blender/blenkernel/intern/modifier.cc:458 BKE_modifier_set_error: Object: "rear cuirass row 2 curved lamellar plate 03", Modifier: "weighted normals", Enable 'Auto Smooth' in Object Data Properties
ERROR (bke.modifier): ./source/blender/blenkernel/intern/modifier.cc:458 BKE_modifier_set_error: Object: "rear cuirass row 2 curved lamellar plate 04", Modifier: "weighted normals", Enable 'Auto Smooth' in Object Data Properties
ERROR (bke.modifier): ./source/blender/blenkernel/intern/modifier.cc:458 BKE_modifier_set_error: Object: "rear cuirass row 2 curved lamellar plate 05", Modifier: "weighted normals", Enable 'Auto Smooth' in Object Data Properties
ERROR (bke.modifier): ./source/blender/blenkernel/intern/modifier.cc:458 BKE_modifier_set_error: Object: "rear cuirass row 2 curved lamellar plate 07", Modifier: "weighted normals", Enable 'Auto Smooth' in Object Data Properties
ERROR (bke.modifier): ./source/blender/blenkernel/intern/modifier.cc:458 BKE_modifier_set_error: Object: "rear cuirass row 2 curved lamellar plate 08", Modifier: "weighted normals", Enable 'Auto Smooth' in Object Data Properties
ERROR (bke.modifier): ./source/blender/blenkernel/intern/modifier.cc:458 BKE_modifier_set_error: Object: "rear cuirass row 2 curved lamellar plate 06", Modifier: "weighted normals", Enable 'Auto Smooth' in Object Data Properties
ERROR (bke.modifier): ./source/blender/blenkernel/intern/modifier.cc:458 BKE_modifier_set_error: Object: "rear cuirass row 2 curved lamellar plate 09", Modifier: "weighted normals", Enable 'Auto Smooth' in Object Data Properties
ERROR (bke.modifier): ./source/blender/blenkernel/intern/modifier.cc:458 BKE_modifier_set_error: Object: "front cuirass row 3 curved lamellar plate 01", Modifier: "weighted normals", Enable 'Auto Smooth' in Object Data Properties
ERROR (bke.modifier): ./source/blender/blenkernel/intern/modifier.cc:458 BKE_modifier_set_error: Object: "front cuirass row 3 curved lamellar plate 02", Modifier: "weighted normals", Enable 'Auto Smooth' in Object Data Properties
ERROR (bke.modifier): ./source/blender/blenkernel/intern/modifier.cc:458 BKE_modifier_set_error: Object: "front cuirass row 3 curved lamellar plate 03", Modifier: "weighted normals", Enable 'Auto Smooth' in Object Data Properties
ERROR (bke.modifier): ./source/blender/blenkernel/intern/modifier.cc:458 BKE_modifier_set_error: Object: "front cuirass row 3 curved lamellar plate 04", Modifier: "weighted normals", Enable 'Auto Smooth' in Object Data Properties
ERROR (bke.modifier): ./source/blender/blenkernel/intern/modifier.cc:458 BKE_modifier_set_error: Object: "front cuirass row 3 curved lamellar plate 05", Modifier: "weighted normals", Enable 'Auto Smooth' in Object Data Properties
ERROR (bke.modifier): ./source/blender/blenkernel/intern/modifier.cc:458 BKE_modifier_set_error: Object: "front cuirass row 3 curved lamellar plate 07", Modifier: "weighted normals", Enable 'Auto Smooth' in Object Data Properties
ERROR (bke.modifier): ./source/blender/blenkernel/intern/modifier.cc:458 BKE_modifier_set_error: Object: "front cuirass row 3 curved lamellar plate 06", Modifier: "weighted normals", Enable 'Auto Smooth' in Object Data Properties
ERROR (bke.modifier): ./source/blender/blenkernel/intern/modifier.cc:458 BKE_modifier_set_error: Object: "front cuirass row 3 curved lamellar plate 08", Modifier: "weighted normals", Enable 'Auto Smooth' in Object Data Properties
ERROR (bke.modifier): ./source/blender/blenkernel/intern/modifier.cc:458 BKE_modifier_set_error: Object: "rear cuirass row 3 curved lamellar plate 01", Modifier: "weighted normals", Enable 'Auto Smooth' in Object Data Properties
ERROR (bke.modifier): ./source/blender/blenkernel/intern/modifier.cc:458 BKE_modifier_set_error: Object: "throat guard row 3 curved lamellar plate 05", Modifier: "weighted normals", Enable 'Auto Smooth' in Object Data Properties
ERROR (bke.modifier): ./source/blender/blenkernel/intern/modifier.cc:458 BKE_modifier_set_error: Object: "front cuirass row 3 curved lamellar plate 09", Modifier: "weighted normals", Enable 'Auto Smooth' in Object Data Properties
ERROR (bke.modifier): ./source/blender/blenkernel/intern/modifier.cc:458 BKE_modifier_set_error: Object: "rear cuirass row 3 curved lamellar plate 02", Modifier: "weighted normals", Enable 'Auto Smooth' in Object Data Properties
ERROR (bke.modifier): ./source/blender/blenkernel/intern/modifier.cc:458 BKE_modifier_set_error: Object: "rear cuirass row 3 curved lamellar plate 03", Modifier: "weighted normals", Enable 'Auto Smooth' in Object Data Properties
ERROR (bke.modifier): ./source/blender/blenkernel/intern/modifier.cc:458 BKE_modifier_set_error: Object: "rear cuirass row 3 curved lamellar plate 05", Modifier: "weighted normals", Enable 'Auto Smooth' in Object Data Properties
ERROR (bke.modifier): ./source/blender/blenkernel/intern/modifier.cc:458 BKE_modifier_set_error: Object: "rear cuirass row 3 curved lamellar plate 04", Modifier: "weighted normals", Enable 'Auto Smooth' in Object Data Properties
ERROR (bke.modifier): ./source/blender/blenkernel/intern/modifier.cc:458 BKE_modifier_set_error: Object: "rear cuirass row 3 curved lamellar plate 07", Modifier: "weighted normals", Enable 'Auto Smooth' in Object Data Properties
ERROR (bke.modifier): ./source/blender/blenkernel/intern/modifier.cc:458 BKE_modifier_set_error: Object: "rear cuirass row 3 curved lamellar plate 09", Modifier: "weighted normals", Enable 'Auto Smooth' in Object Data Properties
ERROR (bke.modifier): ./source/blender/blenkernel/intern/modifier.cc:458 BKE_modifier_set_error: Object: "rear cuirass row 3 curved lamellar plate 06", Modifier: "weighted normals", Enable 'Auto Smooth' in Object Data Properties
ERROR (bke.modifier): ./source/blender/blenkernel/intern/modifier.cc:458 BKE_modifier_set_error: Object: "rear cuirass row 3 curved lamellar plate 08", Modifier: "weighted normals", Enable 'Auto Smooth' in Object Data Properties
ERROR (bke.modifier): ./source/blender/blenkernel/intern/modifier.cc:458 BKE_modifier_set_error: Object: "front cuirass row 4 curved lamellar plate 02", Modifier: "weighted normals", Enable 'Auto Smooth' in Object Data Properties
ERROR (bke.modifier): ./source/blender/blenkernel/intern/modifier.cc:458 BKE_modifier_set_error: Object: "front cuirass row 4 curved lamellar plate 01", Modifier: "weighted normals", Enable 'Auto Smooth' in Object Data Properties
ERROR (bke.modifier): ./source/blender/blenkernel/intern/modifier.cc:458 BKE_modifier_set_error: Object: "front cuirass row 4 curved lamellar plate 03", Modifier: "weighted normals", Enable 'Auto Smooth' in Object Data Properties
ERROR (bke.modifier): ./source/blender/blenkernel/intern/modifier.cc:458 BKE_modifier_set_error: Object: "front cuirass row 4 curved lamellar plate 04", Modifier: "weighted normals", Enable 'Auto Smooth' in Object Data Properties
ERROR (bke.modifier): ./source/blender/blenkernel/intern/modifier.cc:458 BKE_modifier_set_error: Object: "throat guard row 3 curved lamellar plate 04", Modifier: "weighted normals", Enable 'Auto Smooth' in Object Data Properties
ERROR (bke.modifier): ./source/blender/blenkernel/intern/modifier.cc:458 BKE_modifier_set_error: Object: "front cuirass row 4 curved lamellar plate 05", Modifier: "weighted normals", Enable 'Auto Smooth' in Object Data Properties
ERROR (bke.modifier): ./source/blender/blenkernel/intern/modifier.cc:458 BKE_modifier_set_error: Object: "front cuirass row 4 curved lamellar plate 06", Modifier: "weighted normals", Enable 'Auto Smooth' in Object Data Properties
ERROR (bke.modifier): ./source/blender/blenkernel/intern/modifier.cc:458 BKE_modifier_set_error: Object: "front cuirass row 4 curved lamellar plate 07", Modifier: "weighted normals", Enable 'Auto Smooth' in Object Data Properties
ERROR (bke.modifier): ./source/blender/blenkernel/intern/modifier.cc:458 BKE_modifier_set_error: Object: "front cuirass row 4 curved lamellar plate 08", Modifier: "weighted normals", Enable 'Auto Smooth' in Object Data Properties
ERROR (bke.modifier): ./source/blender/blenkernel/intern/modifier.cc:458 BKE_modifier_set_error: Object: "front cuirass row 4 curved lamellar plate 09", Modifier: "weighted normals", Enable 'Auto Smooth' in Object Data Properties
ERROR (bke.modifier): ./source/blender/blenkernel/intern/modifier.cc:458 BKE_modifier_set_error: Object: "throat guard row 3 curved lamellar plate 03", Modifier: "weighted normals", Enable 'Auto Smooth' in Object Data Properties
ERROR (bke.modifier): ./source/blender/blenkernel/intern/modifier.cc:458 BKE_modifier_set_error: Object: "rear cuirass row 4 curved lamellar plate 01", Modifier: "weighted normals", Enable 'Auto Smooth' in Object Data Properties
ERROR (bke.modifier): ./source/blender/blenkernel/intern/modifier.cc:458 BKE_modifier_set_error: Object: "rear cuirass row 4 curved lamellar plate 02", Modifier: "weighted normals", Enable 'Auto Smooth' in Object Data Properties
ERROR (bke.modifier): ./source/blender/blenkernel/intern/modifier.cc:458 BKE_modifier_set_error: Object: "rear cuirass row 4 curved lamellar plate 03", Modifier: "weighted normals", Enable 'Auto Smooth' in Object Data Properties
ERROR (bke.modifier): ./source/blender/blenkernel/intern/modifier.cc:458 BKE_modifier_set_error: Object: "rear cuirass row 4 curved lamellar plate 04", Modifier: "weighted normals", Enable 'Auto Smooth' in Object Data Properties
ERROR (bke.modifier): ./source/blender/blenkernel/intern/modifier.cc:458 BKE_modifier_set_error: Object: "rear cuirass row 4 curved lamellar plate 05", Modifier: "weighted normals", Enable 'Auto Smooth' in Object Data Properties
ERROR (bke.modifier): ./source/blender/blenkernel/intern/modifier.cc:458 BKE_modifier_set_error: Object: "front cuirass row 5 curved lamellar plate 04", Modifier: "weighted normals", Enable 'Auto Smooth' in Object Data Properties
ERROR (bke.modifier): ./source/blender/blenkernel/intern/modifier.cc:458 BKE_modifier_set_error: Object: "rear cuirass row 4 curved lamellar plate 06", Modifier: "weighted normals", Enable 'Auto Smooth' in Object Data Properties
ERROR (bke.modifier): ./source/blender/blenkernel/intern/modifier.cc:458 BKE_modifier_set_error: Object: "rear cuirass row 4 curved lamellar plate 09", Modifier: "weighted normals", Enable 'Auto Smooth' in Object Data Properties
ERROR (bke.modifier): ./source/blender/blenkernel/intern/modifier.cc:458 BKE_modifier_set_error: Object: "rear cuirass row 4 curved lamellar plate 08", Modifier: "weighted normals", Enable 'Auto Smooth' in Object Data Properties
ERROR (bke.modifier): ./source/blender/blenkernel/intern/modifier.cc:458 BKE_modifier_set_error: Object: "rear cuirass row 4 curved lamellar plate 07", Modifier: "weighted normals", Enable 'Auto Smooth' in Object Data Properties
ERROR (bke.modifier): ./source/blender/blenkernel/intern/modifier.cc:458 BKE_modifier_set_error: Object: "front cuirass row 5 curved lamellar plate 01", Modifier: "weighted normals", Enable 'Auto Smooth' in Object Data Properties
ERROR (bke.modifier): ./source/blender/blenkernel/intern/modifier.cc:458 BKE_modifier_set_error: Object: "front cuirass row 5 curved lamellar plate 02", Modifier: "weighted normals", Enable 'Auto Smooth' in Object Data Properties
ERROR (bke.modifier): ./source/blender/blenkernel/intern/modifier.cc:458 BKE_modifier_set_error: Object: "front cuirass row 5 curved lamellar plate 03", Modifier: "weighted normals", Enable 'Auto Smooth' in Object Data Properties
ERROR (bke.modifier): ./source/blender/blenkernel/intern/modifier.cc:458 BKE_modifier_set_error: Object: "front cuirass row 5 curved lamellar plate 05", Modifier: "weighted normals", Enable 'Auto Smooth' in Object Data Properties
ERROR (bke.modifier): ./source/blender/blenkernel/intern/modifier.cc:458 BKE_modifier_set_error: Object: "throat guard row 3 curved lamellar plate 02", Modifier: "weighted normals", Enable 'Auto Smooth' in Object Data Properties
ERROR (bke.modifier): ./source/blender/blenkernel/intern/modifier.cc:458 BKE_modifier_set_error: Object: "front cuirass row 5 curved lamellar plate 06", Modifier: "weighted normals", Enable 'Auto Smooth' in Object Data Properties
ERROR (bke.modifier): ./source/blender/blenkernel/intern/modifier.cc:458 BKE_modifier_set_error: Object: "front cuirass row 5 curved lamellar plate 07", Modifier: "weighted normals", Enable 'Auto Smooth' in Object Data Properties
ERROR (bke.modifier): ./source/blender/blenkernel/intern/modifier.cc:458 BKE_modifier_set_error: Object: "front cuirass row 5 curved lamellar plate 08", Modifier: "weighted normals", Enable 'Auto Smooth' in Object Data Properties
ERROR (bke.modifier): ./source/blender/blenkernel/intern/modifier.cc:458 BKE_modifier_set_error: Object: "front cuirass row 5 curved lamellar plate 09", Modifier: "weighted normals", Enable 'Auto Smooth' in Object Data Properties
ERROR (bke.modifier): ./source/blender/blenkernel/intern/modifier.cc:458 BKE_modifier_set_error: Object: "rear cuirass row 5 curved lamellar plate 01", Modifier: "weighted normals", Enable 'Auto Smooth' in Object Data Properties
ERROR (bke.modifier): ./source/blender/blenkernel/intern/modifier.cc:458 BKE_modifier_set_error: Object: "throat guard row 3 curved lamellar plate 01", Modifier: "weighted normals", Enable 'Auto Smooth' in Object Data Properties
ERROR (bke.modifier): ./source/blender/blenkernel/intern/modifier.cc:458 BKE_modifier_set_error: Object: "rear cuirass row 5 curved lamellar plate 02", Modifier: "weighted normals", Enable 'Auto Smooth' in Object Data Properties
ERROR (bke.modifier): ./source/blender/blenkernel/intern/modifier.cc:458 BKE_modifier_set_error: Object: "rear cuirass row 5 curved lamellar plate 03", Modifier: "weighted normals", Enable 'Auto Smooth' in Object Data Properties
ERROR (bke.modifier): ./source/blender/blenkernel/intern/modifier.cc:458 BKE_modifier_set_error: Object: "rear cuirass row 5 curved lamellar plate 04", Modifier: "weighted normals", Enable 'Auto Smooth' in Object Data Properties
ERROR (bke.modifier): ./source/blender/blenkernel/intern/modifier.cc:458 BKE_modifier_set_error: Object: "rear cuirass row 5 curved lamellar plate 06", Modifier: "weighted normals", Enable 'Auto Smooth' in Object Data Properties
ERROR (bke.modifier): ./source/blender/blenkernel/intern/modifier.cc:458 BKE_modifier_set_error: Object: "rear cuirass row 5 curved lamellar plate 07", Modifier: "weighted normals", Enable 'Auto Smooth' in Object Data Properties
ERROR (bke.modifier): ./source/blender/blenkernel/intern/modifier.cc:458 BKE_modifier_set_error: Object: "rear cuirass row 5 curved lamellar plate 05", Modifier: "weighted normals", Enable 'Auto Smooth' in Object Data Properties
ERROR (bke.modifier): ./source/blender/blenkernel/intern/modifier.cc:458 BKE_modifier_set_error: Object: "rear cuirass row 5 curved lamellar plate 08", Modifier: "weighted normals", Enable 'Auto Smooth' in Object Data Properties
ERROR (bke.modifier): ./source/blender/blenkernel/intern/modifier.cc:458 BKE_modifier_set_error: Object: "rear cuirass row 5 curved lamellar plate 09", Modifier: "weighted normals", Enable 'Auto Smooth' in Object Data Properties
ERROR (bke.modifier): ./source/blender/blenkernel/intern/modifier.cc:458 BKE_modifier_set_error: Object: "throat guard row 2 curved lamellar plate 05", Modifier: "weighted normals", Enable 'Auto Smooth' in Object Data Properties
ERROR (bke.modifier): ./source/blender/blenkernel/intern/modifier.cc:458 BKE_modifier_set_error: Object: "left shoulder undercloth", Modifier: "weighted normals", Enable 'Auto Smooth' in Object Data Properties
ERROR (bke.modifier): ./source/blender/blenkernel/intern/modifier.cc:458 BKE_modifier_set_error: Object: "left sode shoulder armor", Modifier: "weighted normals", Enable 'Auto Smooth' in Object Data Properties
ERROR (bke.modifier): ./source/blender/blenkernel/intern/modifier.cc:458 BKE_modifier_set_error: Object: "left kote forearm guard", Modifier: "weighted normals", Enable 'Auto Smooth' in Object Data Properties
ERROR (bke.modifier): ./source/blender/blenkernel/intern/modifier.cc:458 BKE_modifier_set_error: Object: "left armored upper arm", Modifier: "weighted normals", Enable 'Auto Smooth' in Object Data Properties
ERROR (bke.modifier): ./source/blender/blenkernel/intern/modifier.cc:458 BKE_modifier_set_error: Object: "throat guard row 2 curved lamellar plate 04", Modifier: "weighted normals", Enable 'Auto Smooth' in Object Data Properties
ERROR (bke.modifier): ./source/blender/blenkernel/intern/modifier.cc:458 BKE_modifier_set_error: Object: "left leather palm volume", Modifier: "weighted normals", Enable 'Auto Smooth' in Object Data Properties
ERROR (bke.modifier): ./source/blender/blenkernel/intern/modifier.cc:458 BKE_modifier_set_error: Object: "throat guard row 2 curved lamellar plate 03", Modifier: "weighted normals", Enable 'Auto Smooth' in Object Data Properties
ERROR (bke.modifier): ./source/blender/blenkernel/intern/modifier.cc:458 BKE_modifier_set_error: Object: "left index fingertip", Modifier: "weighted normals", Enable 'Auto Smooth' in Object Data Properties
ERROR (bke.modifier): ./source/blender/blenkernel/intern/modifier.cc:458 BKE_modifier_set_error: Object: "left middle fingertip", Modifier: "weighted normals", Enable 'Auto Smooth' in Object Data Properties
ERROR (bke.modifier): ./source/blender/blenkernel/intern/modifier.cc:458 BKE_modifier_set_error: Object: "throat guard row 2 curved lamellar plate 02", Modifier: "weighted normals", Enable 'Auto Smooth' in Object Data Properties
ERROR (bke.modifier): ./source/blender/blenkernel/intern/modifier.cc:458 BKE_modifier_set_error: Object: "left ring fingertip", Modifier: "weighted normals", Enable 'Auto Smooth' in Object Data Properties
ERROR (bke.modifier): ./source/blender/blenkernel/intern/modifier.cc:458 BKE_modifier_set_error: Object: "left pinky fingertip", Modifier: "weighted normals", Enable 'Auto Smooth' in Object Data Properties
ERROR (bke.modifier): ./source/blender/blenkernel/intern/modifier.cc:458 BKE_modifier_set_error: Object: "left thumb fingertip", Modifier: "weighted normals", Enable 'Auto Smooth' in Object Data Properties
ERROR (bke.modifier): ./source/blender/blenkernel/intern/modifier.cc:458 BKE_modifier_set_error: Object: "throat guard row 2 curved lamellar plate 01", Modifier: "weighted normals", Enable 'Auto Smooth' in Object Data Properties
ERROR (bke.modifier): ./source/blender/blenkernel/intern/modifier.cc:458 BKE_modifier_set_error: Object: "right shoulder undercloth", Modifier: "weighted normals", Enable 'Auto Smooth' in Object Data Properties
ERROR (bke.modifier): ./source/blender/blenkernel/intern/modifier.cc:458 BKE_modifier_set_error: Object: "left side cuirass plate 1", Modifier: "weighted normals", Enable 'Auto Smooth' in Object Data Properties
ERROR (bke.modifier): ./source/blender/blenkernel/intern/modifier.cc:458 BKE_modifier_set_error: Object: "left side cuirass plate 3", Modifier: "weighted normals", Enable 'Auto Smooth' in Object Data Properties
ERROR (bke.modifier): ./source/blender/blenkernel/intern/modifier.cc:458 BKE_modifier_set_error: Object: "throat guard row 1 curved lamellar plate 05", Modifier: "weighted normals", Enable 'Auto Smooth' in Object Data Properties
ERROR (bke.modifier): ./source/blender/blenkernel/intern/modifier.cc:458 BKE_modifier_set_error: Object: "left sode shoulder plate 2", Modifier: "weighted normals", Enable 'Auto Smooth' in Object Data Properties
ERROR (bke.modifier): ./source/blender/blenkernel/intern/modifier.cc:458 BKE_modifier_set_error: Object: "right side cuirass plate 1", Modifier: "weighted normals", Enable 'Auto Smooth' in Object Data Properties
ERROR (bke.modifier): ./source/blender/blenkernel/intern/modifier.cc:458 BKE_modifier_set_error: Object: "left sode shoulder plate 3", Modifier: "weighted normals", Enable 'Auto Smooth' in Object Data Properties
ERROR (bke.modifier): ./source/blender/blenkernel/intern/modifier.cc:458 BKE_modifier_set_error: Object: "left sode shoulder plate 1", Modifier: "weighted normals", Enable 'Auto Smooth' in Object Data Properties
ERROR (bke.modifier): ./source/blender/blenkernel/intern/modifier.cc:458 BKE_modifier_set_error: Object: "right sode shoulder armor", Modifier: "weighted normals", Enable 'Auto Smooth' in Object Data Properties
ERROR (bke.modifier): ./source/blender/blenkernel/intern/modifier.cc:458 BKE_modifier_set_error: Object: "right armored upper arm", Modifier: "weighted normals", Enable 'Auto Smooth' in Object Data Properties
ERROR (bke.modifier): ./source/blender/blenkernel/intern/modifier.cc:458 BKE_modifier_set_error: Object: "right kote forearm guard", Modifier: "weighted normals", Enable 'Auto Smooth' in Object Data Properties
ERROR (bke.modifier): ./source/blender/blenkernel/intern/modifier.cc:458 BKE_modifier_set_error: Object: "right index fingertip", Modifier: "weighted normals", Enable 'Auto Smooth' in Object Data Properties
ERROR (bke.modifier): ./source/blender/blenkernel/intern/modifier.cc:458 BKE_modifier_set_error: Object: "right middle fingertip", Modifier: "weighted normals", Enable 'Auto Smooth' in Object Data Properties
ERROR (bke.modifier): ./source/blender/blenkernel/intern/modifier.cc:458 BKE_modifier_set_error: Object: "right leather palm volume", Modifier: "weighted normals", Enable 'Auto Smooth' in Object Data Properties
ERROR (bke.modifier): ./source/blender/blenkernel/intern/modifier.cc:458 BKE_modifier_set_error: Object: "left sode shoulder plate 4", Modifier: "weighted normals", Enable 'Auto Smooth' in Object Data Properties
ERROR (bke.modifier): ./source/blender/blenkernel/intern/modifier.cc:458 BKE_modifier_set_error: Object: "right ring fingertip", Modifier: "weighted normals", Enable 'Auto Smooth' in Object Data Properties
ERROR (bke.modifier): ./source/blender/blenkernel/intern/modifier.cc:458 BKE_modifier_set_error: Object: "throat guard row 1 curved lamellar plate 04", Modifier: "weighted normals", Enable 'Auto Smooth' in Object Data Properties
ERROR (bke.modifier): ./source/blender/blenkernel/intern/modifier.cc:458 BKE_modifier_set_error: Object: "right sode shoulder plate 2", Modifier: "weighted normals", Enable 'Auto Smooth' in Object Data Properties
ERROR (bke.modifier): ./source/blender/blenkernel/intern/modifier.cc:458 BKE_modifier_set_error: Object: "right pinky fingertip", Modifier: "weighted normals", Enable 'Auto Smooth' in Object Data Properties
ERROR (bke.modifier): ./source/blender/blenkernel/intern/modifier.cc:458 BKE_modifier_set_error: Object: "right thumb fingertip", Modifier: "weighted normals", Enable 'Auto Smooth' in Object Data Properties
ERROR (bke.modifier): ./source/blender/blenkernel/intern/modifier.cc:458 BKE_modifier_set_error: Object: "left side cuirass plate 2", Modifier: "weighted normals", Enable 'Auto Smooth' in Object Data Properties
ERROR (bke.modifier): ./source/blender/blenkernel/intern/modifier.cc:458 BKE_modifier_set_error: Object: "right side cuirass plate 3", Modifier: "weighted normals", Enable 'Auto Smooth' in Object Data Properties
ERROR (bke.modifier): ./source/blender/blenkernel/intern/modifier.cc:458 BKE_modifier_set_error: Object: "throat guard row 1 curved lamellar plate 03", Modifier: "weighted normals", Enable 'Auto Smooth' in Object Data Properties
ERROR (bke.modifier): ./source/blender/blenkernel/intern/modifier.cc:458 BKE_modifier_set_error: Object: "throat guard row 1 curved lamellar plate 02", Modifier: "weighted normals", Enable 'Auto Smooth' in Object Data Properties
ERROR (bke.modifier): ./source/blender/blenkernel/intern/modifier.cc:458 BKE_modifier_set_error: Object: "right sode shoulder plate 4", Modifier: "weighted normals", Enable 'Auto Smooth' in Object Data Properties
ERROR (bke.modifier): ./source/blender/blenkernel/intern/modifier.cc:458 BKE_modifier_set_error: Object: "right side cuirass plate 2", Modifier: "weighted normals", Enable 'Auto Smooth' in Object Data Properties
ERROR (bke.modifier): ./source/blender/blenkernel/intern/modifier.cc:458 BKE_modifier_set_error: Object: "throat guard row 1 curved lamellar plate 01", Modifier: "weighted normals", Enable 'Auto Smooth' in Object Data Properties
ERROR (bke.modifier): ./source/blender/blenkernel/intern/modifier.cc:458 BKE_modifier_set_error: Object: "right sode shoulder plate 3", Modifier: "weighted normals", Enable 'Auto Smooth' in Object Data Properties
ERROR (bke.modifier): ./source/blender/blenkernel/intern/modifier.cc:458 BKE_modifier_set_error: Object: "kusazuri skirt plate -1 row 1", Modifier: "weighted normals", Enable 'Auto Smooth' in Object Data Properties
ERROR (bke.modifier): ./source/blender/blenkernel/intern/modifier.cc:458 BKE_modifier_set_error: Object: "right sode shoulder plate 1", Modifier: "weighted normals", Enable 'Auto Smooth' in Object Data Properties
ERROR (bke.modifier): ./source/blender/blenkernel/intern/modifier.cc:458 BKE_modifier_set_error: Object: "kusazuri skirt plate -1 row 2", Modifier: "weighted normals", Enable 'Auto Smooth' in Object Data Properties
ERROR (bke.modifier): ./source/blender/blenkernel/intern/modifier.cc:458 BKE_modifier_set_error: Object: "kusazuri skirt plate -1 row 3", Modifier: "weighted normals", Enable 'Auto Smooth' in Object Data Properties
ERROR (bke.modifier): ./source/blender/blenkernel/intern/modifier.cc:458 BKE_modifier_set_error: Object: "rear kusazuri skirt plate -1 row 3", Modifier: "weighted normals", Enable 'Auto Smooth' in Object Data Properties
ERROR (bke.modifier): ./source/blender/blenkernel/intern/modifier.cc:458 BKE_modifier_set_error: Object: "rear kusazuri skirt plate -1 row 1", Modifier: "weighted normals", Enable 'Auto Smooth' in Object Data Properties
ERROR (bke.modifier): ./source/blender/blenkernel/intern/modifier.cc:458 BKE_modifier_set_error: Object: "kusazuri skirt plate +0 row 1", Modifier: "weighted normals", Enable 'Auto Smooth' in Object Data Properties
ERROR (bke.modifier): ./source/blender/blenkernel/intern/modifier.cc:458 BKE_modifier_set_error: Object: "rear kusazuri skirt plate -1 row 2", Modifier: "weighted normals", Enable 'Auto Smooth' in Object Data Properties
ERROR (bke.modifier): ./source/blender/blenkernel/intern/modifier.cc:458 BKE_modifier_set_error: Object: "rear kusazuri skirt plate +0 row 1", Modifier: "weighted normals", Enable 'Auto Smooth' in Object Data Properties
ERROR (bke.modifier): ./source/blender/blenkernel/intern/modifier.cc:458 BKE_modifier_set_error: Object: "rear kusazuri skirt plate +0 row 2", Modifier: "weighted normals", Enable 'Auto Smooth' in Object Data Properties
ERROR (bke.modifier): ./source/blender/blenkernel/intern/modifier.cc:458 BKE_modifier_set_error: Object: "kusazuri skirt plate +0 row 2", Modifier: "weighted normals", Enable 'Auto Smooth' in Object Data Properties
ERROR (bke.modifier): ./source/blender/blenkernel/intern/modifier.cc:458 BKE_modifier_set_error: Object: "kusazuri skirt plate +1 row 2", Modifier: "weighted normals", Enable 'Auto Smooth' in Object Data Properties
ERROR (bke.modifier): ./source/blender/blenkernel/intern/modifier.cc:458 BKE_modifier_set_error: Object: "left hakama trouser leg", Modifier: "weighted normals", Enable 'Auto Smooth' in Object Data Properties
ERROR (bke.modifier): ./source/blender/blenkernel/intern/modifier.cc:458 BKE_modifier_set_error: Object: "kusazuri skirt plate +1 row 1", Modifier: "weighted normals", Enable 'Auto Smooth' in Object Data Properties
ERROR (bke.modifier): ./source/blender/blenkernel/intern/modifier.cc:458 BKE_modifier_set_error: Object: "left shin greave", Modifier: "weighted normals", Enable 'Auto Smooth' in Object Data Properties
ERROR (bke.modifier): ./source/blender/blenkernel/intern/modifier.cc:458 BKE_modifier_set_error: Object: "left split-toe tabi foot volume", Modifier: "weighted normals", Enable 'Auto Smooth' in Object Data Properties
ERROR (bke.modifier): ./source/blender/blenkernel/intern/modifier.cc:458 BKE_modifier_set_error: Object: "left separated big toe", Modifier: "weighted normals", Enable 'Auto Smooth' in Object Data Properties
ERROR (bke.modifier): ./source/blender/blenkernel/intern/modifier.cc:458 BKE_modifier_set_error: Object: "left outer toe group", Modifier: "weighted normals", Enable 'Auto Smooth' in Object Data Properties
ERROR (bke.modifier): ./source/blender/blenkernel/intern/modifier.cc:458 BKE_modifier_set_error: Object: "rear kusazuri skirt plate +0 row 3", Modifier: "weighted normals", Enable 'Auto Smooth' in Object Data Properties
ERROR (bke.modifier): ./source/blender/blenkernel/intern/modifier.cc:458 BKE_modifier_set_error: Object: "right hakama trouser leg", Modifier: "weighted normals", Enable 'Auto Smooth' in Object Data Properties
ERROR (bke.modifier): ./source/blender/blenkernel/intern/modifier.cc:458 BKE_modifier_set_error: Object: "right shin greave", Modifier: "weighted normals", Enable 'Auto Smooth' in Object Data Properties
ERROR (bke.modifier): ./source/blender/blenkernel/intern/modifier.cc:458 BKE_modifier_set_error: Object: "right split-toe tabi foot volume", Modifier: "weighted normals", Enable 'Auto Smooth' in Object Data Properties
ERROR (bke.modifier): ./source/blender/blenkernel/intern/modifier.cc:458 BKE_modifier_set_error: Object: "rear kusazuri skirt plate +1 row 1", Modifier: "weighted normals", Enable 'Auto Smooth' in Object Data Properties
ERROR (bke.modifier): ./source/blender/blenkernel/intern/modifier.cc:458 BKE_modifier_set_error: Object: "right separated big toe", Modifier: "weighted normals", Enable 'Auto Smooth' in Object Data Properties
ERROR (bke.modifier): ./source/blender/blenkernel/intern/modifier.cc:458 BKE_modifier_set_error: Object: "right outer toe group", Modifier: "weighted normals", Enable 'Auto Smooth' in Object Data Properties
ERROR (bke.modifier): ./source/blender/blenkernel/intern/modifier.cc:458 BKE_modifier_set_error: Object: "rear kusazuri skirt plate +1 row 2", Modifier: "weighted normals", Enable 'Auto Smooth' in Object Data Properties
ERROR (bke.modifier): ./source/blender/blenkernel/intern/modifier.cc:458 BKE_modifier_set_error: Object: "kusazuri skirt plate +0 row 3", Modifier: "weighted normals", Enable 'Auto Smooth' in Object Data Properties
ERROR (bke.modifier): ./source/blender/blenkernel/intern/modifier.cc:458 BKE_modifier_set_error: Object: "wrapped katana grip", Modifier: "weighted normals", Enable 'Auto Smooth' in Object Data Properties
ERROR (bke.modifier): ./source/blender/blenkernel/intern/modifier.cc:458 BKE_modifier_set_error: Object: "kusazuri skirt plate +1 row 3", Modifier: "weighted normals", Enable 'Auto Smooth' in Object Data Properties
ERROR (bke.modifier): ./source/blender/blenkernel/intern/modifier.cc:458 BKE_modifier_set_error: Object: "mempo grim mouth slit", Modifier: "weighted normals", Enable 'Auto Smooth' in Object Data Properties
ERROR (bke.modifier): ./source/blender/blenkernel/intern/modifier.cc:458 BKE_modifier_set_error: Object: "right woven waraji sole grounded", Modifier: "weighted normals", Enable 'Auto Smooth' in Object Data Properties
ERROR (bke.modifier): ./source/blender/blenkernel/intern/modifier.cc:458 BKE_modifier_set_error: Object: "rear kusazuri skirt plate +1 row 3", Modifier: "weighted normals", Enable 'Auto Smooth' in Object Data Properties
ERROR (bke.modifier): ./source/blender/blenkernel/intern/modifier.cc:458 BKE_modifier_set_error: Object: "neck guard collar", Modifier: "weighted normals", Enable 'Auto Smooth' in Object Data Properties
ERROR (bke.modifier): ./source/blender/blenkernel/intern/modifier.cc:458 BKE_modifier_set_error: Object: "simple round clan mon on banner", Modifier: "weighted normals", Enable 'Auto Smooth' in Object Data Properties
ERROR (bke.modifier): ./source/blender/blenkernel/intern/modifier.cc:458 BKE_modifier_set_error: Object: "thin exposed neck", Modifier: "weighted normals", Enable 'Auto Smooth' in Object Data Properties
ERROR (bke.modifier): ./source/blender/blenkernel/intern/modifier.cc:458 BKE_modifier_set_error: Object: "narrow waist under-kimono volume", Modifier: "weighted normals", Enable 'Auto Smooth' in Object Data Properties
ERROR (bke.modifier): ./source/blender/blenkernel/intern/modifier.cc:458 BKE_modifier_set_error: Object: "visible human head behind mempo", Modifier: "weighted normals", Enable 'Auto Smooth' in Object Data Properties
ERROR (bke.modifier): ./source/blender/blenkernel/intern/modifier.cc:458 BKE_modifier_set_error: Object: "ribcage under-kimono volume", Modifier: "weighted normals", Enable 'Auto Smooth' in Object Data Properties
ERROR (bke.modifier): ./source/blender/blenkernel/intern/modifier.cc:458 BKE_modifier_set_error: Object: "wide kabuto brim", Modifier: "weighted normals", Enable 'Auto Smooth' in Object Data Properties
ERROR (bke.modifier): ./source/blender/blenkernel/intern/modifier.cc:458 BKE_modifier_set_error: Object: "left woven waraji sole grounded", Modifier: "weighted normals", Enable 'Auto Smooth' in Object Data Properties
ERROR (bke.modifier): ./source/blender/blenkernel/intern/modifier.cc:458 BKE_modifier_set_error: Object: "rear shikoro neck guard flare", Modifier: "weighted normals", Enable 'Auto Smooth' in Object Data Properties
ERROR (bke.modifier): ./source/blender/blenkernel/intern/modifier.cc:458 BKE_modifier_set_error: Object: "segmented kabuto helmet bowl", Modifier: "weighted normals", Enable 'Auto Smooth' in Object Data Properties
ERROR (bke.modifier): ./source/blender/blenkernel/intern/modifier.cc:458 BKE_modifier_set_error: Object: "dark iron mempo cheek mask", Modifier: "weighted normals", Enable 'Auto Smooth' in Object Data Properties
ERROR (bke.modifier): ./source/blender/blenkernel/intern/modifier.cc:458 BKE_modifier_set_error: Object: "crest central rivet", Modifier: "weighted normals", Enable 'Auto Smooth' in Object Data Properties
ERROR (bke.modifier): ./source/blender/blenkernel/intern/modifier.cc:458 BKE_modifier_set_error: Object: "square tsuba guard", Modifier: "weighted normals", Enable 'Auto Smooth' in Object Data Properties
ERROR (bke.modifier): ./source/blender/blenkernel/intern/modifier.cc:458 BKE_modifier_set_error: Object: "cloth sashimono banner panel", Modifier: "weighted normals", Enable 'Auto Smooth' in Object Data Properties
ERROR (bke.modifier): ./source/blender/blenkernel/intern/modifier.cc:458 BKE_modifier_set_error: Object: "small lacquered sashimono crossbar", Modifier: "weighted normals", Enable 'Auto Smooth' in Object Data Properties
ERROR (bke.modifier): ./source/blender/blenkernel/intern/modifier.cc:458 BKE_modifier_set_error: Object: "right eye slit", Modifier: "weighted normals", Enable 'Auto Smooth' in Object Data Properties
ERROR (bke.modifier): ./source/blender/blenkernel/intern/modifier.cc:458 BKE_modifier_set_error: Object: "matte charcoal inspection plinth", Modifier: "weighted normals", Enable 'Auto Smooth' in Object Data Properties
ERROR (bke.modifier): ./source/blender/blenkernel/intern/modifier.cc:458 BKE_modifier_set_error: Object: "left side helmet flange", Modifier: "weighted normals", Enable 'Auto Smooth' in Object Data Properties
ERROR (bke.modifier): ./source/blender/blenkernel/intern/modifier.cc:458 BKE_modifier_set_error: Object: "right side helmet flange", Modifier: "weighted normals", Enable 'Auto Smooth' in Object Data Properties
ERROR (bke.modifier): ./source/blender/blenkernel/intern/modifier.cc:458 BKE_modifier_set_error: Object: "mempo nose ridge", Modifier: "weighted normals", Enable 'Auto Smooth' in Object Data Properties
ERROR (bke.modifier): ./source/blender/blenkernel/intern/modifier.cc:458 BKE_modifier_set_error: Object: "left eye slit", Modifier: "weighted normals", Enable 'Auto Smooth' in Object Data Properties
Fra:1 Mem:52.29M (Peak 52.32M) | Time:00:00.05 | Syncing matte charcoal inspection plinth
Fra:1 Mem:52.31M (Peak 52.35M) | Time:00:00.05 | Syncing ribcage under-kimono volume
Fra:1 Mem:52.40M (Peak 52.40M) | Time:00:00.06 | Syncing narrow waist under-kimono volume
Fra:1 Mem:52.47M (Peak 52.47M) | Time:00:00.06 | Syncing visible human head behind mempo
Fra:1 Mem:52.56M (Peak 52.56M) | Time:00:00.06 | Syncing thin exposed neck
Fra:1 Mem:52.57M (Peak 52.57M) | Time:00:00.06 | Syncing neck guard collar
Fra:1 Mem:52.58M (Peak 52.63M) | Time:00:00.06 | Syncing segmented kabuto helmet bowl
Fra:1 Mem:52.75M (Peak 52.76M) | Time:00:00.06 | Syncing wide kabuto brim
Fra:1 Mem:52.78M (Peak 52.78M) | Time:00:00.06 | Syncing rear shikoro neck guard flare
Fra:1 Mem:52.80M (Peak 52.80M) | Time:00:00.06 | Syncing left side helmet flange
Fra:1 Mem:52.81M (Peak 52.81M) | Time:00:00.06 | Syncing right side helmet flange
Fra:1 Mem:52.82M (Peak 52.82M) | Time:00:00.06 | Syncing golden maedate crescent crest
Fra:1 Mem:52.84M (Peak 52.89M) | Time:00:00.06 | Syncing crest central rivet
Fra:1 Mem:52.85M (Peak 52.89M) | Time:00:00.06 | Syncing dark iron mempo cheek mask
Fra:1 Mem:52.94M (Peak 52.94M) | Time:00:00.06 | Syncing mempo nose ridge
Fra:1 Mem:52.95M (Peak 52.95M) | Time:00:00.06 | Syncing left eye slit
Fra:1 Mem:52.97M (Peak 52.97M) | Time:00:00.06 | Syncing right eye slit
Fra:1 Mem:52.98M (Peak 52.98M) | Time:00:00.06 | Syncing mempo grim mouth slit
Fra:1 Mem:52.99M (Peak 52.99M) | Time:00:00.06 | Syncing left mask moustache bristle
Fra:1 Mem:53.00M (Peak 53.00M) | Time:00:00.06 | Syncing right mask moustache bristle
Fra:1 Mem:53.01M (Peak 53.01M) | Time:00:00.06 | Syncing throat guard row 1 curved lamella
Fra:1 Mem:53.03M (Peak 53.03M) | Time:00:00.06 | Syncing throat guard row 1 curved lamella
Fra:1 Mem:53.06M (Peak 53.06M) | Time:00:00.06 | Syncing throat guard row 1 curved lamella
Fra:1 Mem:53.08M (Peak 53.08M) | Time:00:00.06 | Syncing throat guard row 1 curved lamella
Fra:1 Mem:53.10M (Peak 53.10M) | Time:00:00.06 | Syncing throat guard row 1 curved lamella
Fra:1 Mem:53.13M (Peak 53.13M) | Time:00:00.06 | Syncing throat guard row 2 curved lamella
Fra:1 Mem:53.15M (Peak 53.15M) | Time:00:00.06 | Syncing throat guard row 2 curved lamella
Fra:1 Mem:53.18M (Peak 53.18M) | Time:00:00.06 | Syncing throat guard row 2 curved lamella
Fra:1 Mem:53.20M (Peak 53.20M) | Time:00:00.06 | Syncing throat guard row 2 curved lamella
Fra:1 Mem:53.22M (Peak 53.22M) | Time:00:00.06 | Syncing throat guard row 2 curved lamella
Fra:1 Mem:53.25M (Peak 53.25M) | Time:00:00.06 | Syncing throat guard row 3 curved lamella
Fra:1 Mem:53.27M (Peak 53.27M) | Time:00:00.06 | Syncing throat guard row 3 curved lamella
Fra:1 Mem:53.30M (Peak 53.30M) | Time:00:00.06 | Syncing throat guard row 3 curved lamella
Fra:1 Mem:53.32M (Peak 53.32M) | Time:00:00.06 | Syncing throat guard row 3 curved lamella
Fra:1 Mem:53.34M (Peak 53.34M) | Time:00:00.06 | Syncing throat guard row 3 curved lamella
Fra:1 Mem:53.37M (Peak 53.37M) | Time:00:00.06 | Syncing upper do cuirass fitted shell
Fra:1 Mem:53.47M (Peak 53.47M) | Time:00:00.06 | Syncing lower do cuirass narrowed shell
Fra:1 Mem:53.55M (Peak 53.55M) | Time:00:00.06 | Syncing front cuirass row 1 curved lamell
Fra:1 Mem:53.58M (Peak 53.58M) | Time:00:00.06 | Syncing front cuirass row 1 curved lamell
Fra:1 Mem:53.60M (Peak 53.60M) | Time:00:00.06 | Syncing front cuirass row 1 curved lamell
Fra:1 Mem:53.63M (Peak 53.63M) | Time:00:00.06 | Syncing front cuirass row 1 curved lamell
Fra:1 Mem:53.65M (Peak 53.65M) | Time:00:00.06 | Syncing front cuirass row 1 curved lamell
Fra:1 Mem:53.67M (Peak 53.67M) | Time:00:00.06 | Syncing front cuirass row 1 curved lamell
Fra:1 Mem:53.70M (Peak 53.70M) | Time:00:00.06 | Syncing front cuirass row 1 curved lamell
Fra:1 Mem:53.72M (Peak 53.72M) | Time:00:00.06 | Syncing front cuirass row 1 curved lamell
Fra:1 Mem:53.75M (Peak 53.75M) | Time:00:00.06 | Syncing front cuirass row 1 curved lamell
Fra:1 Mem:53.77M (Peak 53.77M) | Time:00:00.06 | Syncing rear cuirass row 1 curved lamella
Fra:1 Mem:53.79M (Peak 53.79M) | Time:00:00.06 | Syncing rear cuirass row 1 curved lamella
Fra:1 Mem:53.82M (Peak 53.82M) | Time:00:00.06 | Syncing rear cuirass row 1 curved lamella
Fra:1 Mem:53.84M (Peak 53.84M) | Time:00:00.06 | Syncing rear cuirass row 1 curved lamella
Fra:1 Mem:53.87M (Peak 53.87M) | Time:00:00.06 | Syncing rear cuirass row 1 curved lamella
Fra:1 Mem:53.89M (Peak 53.89M) | Time:00:00.06 | Syncing rear cuirass row 1 curved lamella
Fra:1 Mem:53.91M (Peak 53.91M) | Time:00:00.06 | Syncing rear cuirass row 1 curved lamella
Fra:1 Mem:53.94M (Peak 53.94M) | Time:00:00.06 | Syncing rear cuirass row 1 curved lamella
Fra:1 Mem:53.96M (Peak 53.96M) | Time:00:00.06 | Syncing rear cuirass row 1 curved lamella
Fra:1 Mem:53.98M (Peak 53.98M) | Time:00:00.06 | Syncing front cuirass row 2 curved lamell
Fra:1 Mem:54.01M (Peak 54.01M) | Time:00:00.06 | Syncing front cuirass row 2 curved lamell
Fra:1 Mem:54.03M (Peak 54.03M) | Time:00:00.06 | Syncing front cuirass row 2 curved lamell
Fra:1 Mem:54.06M (Peak 54.06M) | Time:00:00.06 | Syncing front cuirass row 2 curved lamell
Fra:1 Mem:54.08M (Peak 54.08M) | Time:00:00.06 | Syncing front cuirass row 2 curved lamell
Fra:1 Mem:54.10M (Peak 54.10M) | Time:00:00.06 | Syncing front cuirass row 2 curved lamell
Fra:1 Mem:54.13M (Peak 54.13M) | Time:00:00.06 | Syncing front cuirass row 2 curved lamell
Fra:1 Mem:54.15M (Peak 54.15M) | Time:00:00.06 | Syncing front cuirass row 2 curved lamell
Fra:1 Mem:54.18M (Peak 54.18M) | Time:00:00.06 | Syncing front cuirass row 2 curved lamell
Fra:1 Mem:54.20M (Peak 54.20M) | Time:00:00.06 | Syncing rear cuirass row 2 curved lamella
Fra:1 Mem:54.23M (Peak 54.23M) | Time:00:00.07 | Syncing rear cuirass row 2 curved lamella
Fra:1 Mem:54.25M (Peak 54.25M) | Time:00:00.07 | Syncing rear cuirass row 2 curved lamella
Fra:1 Mem:54.27M (Peak 54.27M) | Time:00:00.07 | Syncing rear cuirass row 2 curved lamella
Fra:1 Mem:54.30M (Peak 54.30M) | Time:00:00.07 | Syncing rear cuirass row 2 curved lamella
Fra:1 Mem:54.32M (Peak 54.32M) | Time:00:00.07 | Syncing rear cuirass row 2 curved lamella
Fra:1 Mem:54.35M (Peak 54.35M) | Time:00:00.07 | Syncing rear cuirass row 2 curved lamella
Fra:1 Mem:54.37M (Peak 54.37M) | Time:00:00.07 | Syncing rear cuirass row 2 curved lamella
Fra:1 Mem:54.39M (Peak 54.39M) | Time:00:00.07 | Syncing rear cuirass row 2 curved lamella
Fra:1 Mem:54.42M (Peak 54.42M) | Time:00:00.07 | Syncing front cuirass row 3 curved lamell
Fra:1 Mem:54.44M (Peak 54.44M) | Time:00:00.07 | Syncing front cuirass row 3 curved lamell
Fra:1 Mem:54.47M (Peak 54.47M) | Time:00:00.07 | Syncing front cuirass row 3 curved lamell
Fra:1 Mem:54.49M (Peak 54.49M) | Time:00:00.07 | Syncing front cuirass row 3 curved lamell
Fra:1 Mem:54.51M (Peak 54.51M) | Time:00:00.07 | Syncing front cuirass row 3 curved lamell
Fra:1 Mem:54.54M (Peak 54.54M) | Time:00:00.07 | Syncing front cuirass row 3 curved lamell
Fra:1 Mem:54.56M (Peak 54.56M) | Time:00:00.07 | Syncing front cuirass row 3 curved lamell
Fra:1 Mem:54.59M (Peak 54.59M) | Time:00:00.07 | Syncing front cuirass row 3 curved lamell
Fra:1 Mem:54.61M (Peak 54.61M) | Time:00:00.07 | Syncing front cuirass row 3 curved lamell
Fra:1 Mem:54.63M (Peak 54.63M) | Time:00:00.07 | Syncing rear cuirass row 3 curved lamella
Fra:1 Mem:54.66M (Peak 54.66M) | Time:00:00.07 | Syncing rear cuirass row 3 curved lamella
Fra:1 Mem:54.68M (Peak 54.68M) | Time:00:00.07 | Syncing rear cuirass row 3 curved lamella
Fra:1 Mem:54.71M (Peak 54.71M) | Time:00:00.07 | Syncing rear cuirass row 3 curved lamella
Fra:1 Mem:54.73M (Peak 54.73M) | Time:00:00.07 | Syncing rear cuirass row 3 curved lamella
Fra:1 Mem:54.75M (Peak 54.75M) | Time:00:00.07 | Syncing rear cuirass row 3 curved lamella
Fra:1 Mem:54.78M (Peak 54.78M) | Time:00:00.07 | Syncing rear cuirass row 3 curved lamella
Fra:1 Mem:54.80M (Peak 54.80M) | Time:00:00.07 | Syncing rear cuirass row 3 curved lamella
Fra:1 Mem:54.83M (Peak 54.83M) | Time:00:00.07 | Syncing rear cuirass row 3 curved lamella
Fra:1 Mem:54.85M (Peak 54.85M) | Time:00:00.07 | Syncing front cuirass row 4 curved lamell
Fra:1 Mem:54.87M (Peak 54.87M) | Time:00:00.07 | Syncing front cuirass row 4 curved lamell
Fra:1 Mem:54.90M (Peak 54.90M) | Time:00:00.07 | Syncing front cuirass row 4 curved lamell
Fra:1 Mem:54.92M (Peak 54.92M) | Time:00:00.07 | Syncing front cuirass row 4 curved lamell
Fra:1 Mem:54.95M (Peak 54.95M) | Time:00:00.07 | Syncing front cuirass row 4 curved lamell
Fra:1 Mem:54.97M (Peak 54.97M) | Time:00:00.07 | Syncing front cuirass row 4 curved lamell
Fra:1 Mem:54.99M (Peak 54.99M) | Time:00:00.07 | Syncing front cuirass row 4 curved lamell
Fra:1 Mem:55.02M (Peak 55.02M) | Time:00:00.07 | Syncing front cuirass row 4 curved lamell
Fra:1 Mem:55.04M (Peak 55.04M) | Time:00:00.07 | Syncing front cuirass row 4 curved lamell
Fra:1 Mem:55.07M (Peak 55.07M) | Time:00:00.07 | Syncing rear cuirass row 4 curved lamella
Fra:1 Mem:55.09M (Peak 55.09M) | Time:00:00.07 | Syncing rear cuirass row 4 curved lamella
Fra:1 Mem:55.11M (Peak 55.11M) | Time:00:00.07 | Syncing rear cuirass row 4 curved lamella
Fra:1 Mem:55.14M (Peak 55.14M) | Time:00:00.07 | Syncing rear cuirass row 4 curved lamella
Fra:1 Mem:55.16M (Peak 55.16M) | Time:00:00.07 | Syncing rear cuirass row 4 curved lamella
Fra:1 Mem:55.19M (Peak 55.19M) | Time:00:00.07 | Syncing rear cuirass row 4 curved lamella
Fra:1 Mem:55.21M (Peak 55.21M) | Time:00:00.07 | Syncing rear cuirass row 4 curved lamella
Fra:1 Mem:55.23M (Peak 55.23M) | Time:00:00.07 | Syncing rear cuirass row 4 curved lamella
Fra:1 Mem:55.26M (Peak 55.26M) | Time:00:00.07 | Syncing rear cuirass row 4 curved lamella
Fra:1 Mem:55.28M (Peak 55.28M) | Time:00:00.07 | Syncing front cuirass row 5 curved lamell
Fra:1 Mem:55.31M (Peak 55.31M) | Time:00:00.07 | Syncing front cuirass row 5 curved lamell
Fra:1 Mem:55.33M (Peak 55.33M) | Time:00:00.07 | Syncing front cuirass row 5 curved lamell
Fra:1 Mem:55.35M (Peak 55.35M) | Time:00:00.07 | Syncing front cuirass row 5 curved lamell
Fra:1 Mem:55.38M (Peak 55.38M) | Time:00:00.07 | Syncing front cuirass row 5 curved lamell
Fra:1 Mem:55.40M (Peak 55.40M) | Time:00:00.07 | Syncing front cuirass row 5 curved lamell
Fra:1 Mem:55.43M (Peak 55.43M) | Time:00:00.07 | Syncing front cuirass row 5 curved lamell
Fra:1 Mem:55.45M (Peak 55.45M) | Time:00:00.07 | Syncing front cuirass row 5 curved lamell
Fra:1 Mem:55.47M (Peak 55.47M) | Time:00:00.07 | Syncing front cuirass row 5 curved lamell
Fra:1 Mem:55.50M (Peak 55.50M) | Time:00:00.07 | Syncing rear cuirass row 5 curved lamella
Fra:1 Mem:55.52M (Peak 55.52M) | Time:00:00.07 | Syncing rear cuirass row 5 curved lamella
Fra:1 Mem:55.55M (Peak 55.55M) | Time:00:00.07 | Syncing rear cuirass row 5 curved lamella
Fra:1 Mem:55.57M (Peak 55.57M) | Time:00:00.07 | Syncing rear cuirass row 5 curved lamella
Fra:1 Mem:55.59M (Peak 55.59M) | Time:00:00.07 | Syncing rear cuirass row 5 curved lamella
Fra:1 Mem:55.62M (Peak 55.62M) | Time:00:00.07 | Syncing rear cuirass row 5 curved lamella
Fra:1 Mem:55.64M (Peak 55.64M) | Time:00:00.07 | Syncing rear cuirass row 5 curved lamella
Fra:1 Mem:55.67M (Peak 55.67M) | Time:00:00.07 | Syncing rear cuirass row 5 curved lamella
Fra:1 Mem:55.69M (Peak 55.69M) | Time:00:00.07 | Syncing rear cuirass row 5 curved lamella
Fra:1 Mem:55.71M (Peak 55.71M) | Time:00:00.07 | Syncing left side cuirass plate 1
Fra:1 Mem:55.73M (Peak 55.73M) | Time:00:00.07 | Syncing left side cuirass plate 2
Fra:1 Mem:55.74M (Peak 55.74M) | Time:00:00.07 | Syncing left side cuirass plate 3
Fra:1 Mem:55.76M (Peak 55.76M) | Time:00:00.07 | Syncing right side cuirass plate 1
Fra:1 Mem:55.77M (Peak 55.77M) | Time:00:00.07 | Syncing right side cuirass plate 2
Fra:1 Mem:55.79M (Peak 55.79M) | Time:00:00.07 | Syncing right side cuirass plate 3
Fra:1 Mem:55.80M (Peak 55.80M) | Time:00:00.07 | Syncing left shoulder undercloth
Fra:1 Mem:55.86M (Peak 55.86M) | Time:00:00.07 | Syncing left sode shoulder plate 1
Fra:1 Mem:55.87M (Peak 55.87M) | Time:00:00.07 | Syncing left sode shoulder plate 2
Fra:1 Mem:55.88M (Peak 55.88M) | Time:00:00.07 | Syncing left sode shoulder plate 3
Fra:1 Mem:55.90M (Peak 55.90M) | Time:00:00.07 | Syncing left sode shoulder plate 4
Fra:1 Mem:55.91M (Peak 55.91M) | Time:00:00.07 | Syncing left armored upper arm
Fra:1 Mem:55.97M (Peak 55.97M) | Time:00:00.07 | Syncing left sode shoulder armor
Fra:1 Mem:56.01M (Peak 56.01M) | Time:00:00.07 | Syncing left kote forearm guard
Fra:1 Mem:56.06M (Peak 56.06M) | Time:00:00.07 | Syncing left leather palm volume
Fra:1 Mem:56.10M (Peak 56.12M) | Time:00:00.07 | Syncing left articulated index finger
Fra:1 Mem:56.11M (Peak 56.12M) | Time:00:00.07 | Syncing left index fingertip
Fra:1 Mem:56.12M (Peak 56.12M) | Time:00:00.07 | Syncing left articulated middle finger
Fra:1 Mem:56.13M (Peak 56.13M) | Time:00:00.07 | Syncing left middle fingertip
Fra:1 Mem:56.14M (Peak 56.14M) | Time:00:00.07 | Syncing left articulated ring finger
Fra:1 Mem:56.15M (Peak 56.15M) | Time:00:00.07 | Syncing left ring fingertip
Fra:1 Mem:56.17M (Peak 56.17M) | Time:00:00.07 | Syncing left articulated pinky finger
Fra:1 Mem:56.18M (Peak 56.18M) | Time:00:00.07 | Syncing left pinky fingertip
Fra:1 Mem:56.19M (Peak 56.19M) | Time:00:00.07 | Syncing left opposed thumb
Fra:1 Mem:56.20M (Peak 56.20M) | Time:00:00.07 | Syncing left thumb fingertip
Fra:1 Mem:56.21M (Peak 56.21M) | Time:00:00.07 | Syncing right shoulder undercloth
Fra:1 Mem:56.27M (Peak 56.27M) | Time:00:00.07 | Syncing right sode shoulder plate 1
Fra:1 Mem:56.28M (Peak 56.28M) | Time:00:00.07 | Syncing right sode shoulder plate 2
Fra:1 Mem:56.29M (Peak 56.29M) | Time:00:00.07 | Syncing right sode shoulder plate 3
Fra:1 Mem:56.31M (Peak 56.31M) | Time:00:00.07 | Syncing right sode shoulder plate 4
Fra:1 Mem:56.32M (Peak 56.32M) | Time:00:00.07 | Syncing right armored upper arm
Fra:1 Mem:56.38M (Peak 56.38M) | Time:00:00.07 | Syncing right sode shoulder armor
Fra:1 Mem:56.42M (Peak 56.42M) | Time:00:00.07 | Syncing right kote forearm guard
Fra:1 Mem:56.48M (Peak 56.48M) | Time:00:00.07 | Syncing right leather palm volume
Fra:1 Mem:56.51M (Peak 56.51M) | Time:00:00.07 | Syncing right articulated index finger
Fra:1 Mem:56.52M (Peak 56.52M) | Time:00:00.07 | Syncing right index fingertip
Fra:1 Mem:56.53M (Peak 56.53M) | Time:00:00.07 | Syncing right articulated middle finger
Fra:1 Mem:56.54M (Peak 56.54M) | Time:00:00.07 | Syncing right middle fingertip
Fra:1 Mem:56.55M (Peak 56.55M) | Time:00:00.07 | Syncing right articulated ring finger
Fra:1 Mem:56.56M (Peak 56.56M) | Time:00:00.07 | Syncing right ring fingertip
Fra:1 Mem:56.58M (Peak 56.58M) | Time:00:00.07 | Syncing right articulated pinky finger
Fra:1 Mem:56.59M (Peak 56.59M) | Time:00:00.07 | Syncing right pinky fingertip
Fra:1 Mem:56.60M (Peak 56.60M) | Time:00:00.07 | Syncing right opposed thumb
Fra:1 Mem:56.61M (Peak 56.61M) | Time:00:00.07 | Syncing right thumb fingertip
Fra:1 Mem:56.62M (Peak 56.62M) | Time:00:00.07 | Syncing kusazuri skirt plate -1 row 1
Fra:1 Mem:56.64M (Peak 56.64M) | Time:00:00.07 | Syncing rear kusazuri skirt plate -1 row 
Fra:1 Mem:56.65M (Peak 56.65M) | Time:00:00.07 | Syncing kusazuri skirt plate -1 row 2
Fra:1 Mem:56.66M (Peak 56.66M) | Time:00:00.07 | Syncing rear kusazuri skirt plate -1 row 
Fra:1 Mem:56.68M (Peak 56.68M) | Time:00:00.07 | Syncing kusazuri skirt plate -1 row 3
Fra:1 Mem:56.69M (Peak 56.69M) | Time:00:00.08 | Syncing rear kusazuri skirt plate -1 row 
Fra:1 Mem:56.71M (Peak 56.71M) | Time:00:00.08 | Syncing kusazuri skirt plate +0 row 1
Fra:1 Mem:56.72M (Peak 56.72M) | Time:00:00.08 | Syncing rear kusazuri skirt plate +0 row 
Fra:1 Mem:56.73M (Peak 56.73M) | Time:00:00.08 | Syncing kusazuri skirt plate +0 row 2
Fra:1 Mem:56.75M (Peak 56.75M) | Time:00:00.08 | Syncing rear kusazuri skirt plate +0 row 
Fra:1 Mem:56.76M (Peak 56.76M) | Time:00:00.08 | Syncing kusazuri skirt plate +0 row 3
Fra:1 Mem:56.78M (Peak 56.78M) | Time:00:00.08 | Syncing rear kusazuri skirt plate +0 row 
Fra:1 Mem:56.79M (Peak 56.79M) | Time:00:00.08 | Syncing kusazuri skirt plate +1 row 1
Fra:1 Mem:56.80M (Peak 56.80M) | Time:00:00.08 | Syncing rear kusazuri skirt plate +1 row 
Fra:1 Mem:56.82M (Peak 56.82M) | Time:00:00.08 | Syncing kusazuri skirt plate +1 row 2
Fra:1 Mem:56.83M (Peak 56.83M) | Time:00:00.08 | Syncing rear kusazuri skirt plate +1 row 
Fra:1 Mem:56.84M (Peak 56.84M) | Time:00:00.08 | Syncing kusazuri skirt plate +1 row 3
Fra:1 Mem:56.86M (Peak 56.86M) | Time:00:00.08 | Syncing rear kusazuri skirt plate +1 row 
Fra:1 Mem:56.87M (Peak 56.87M) | Time:00:00.08 | Syncing left hakama trouser leg
Fra:1 Mem:56.93M (Peak 56.93M) | Time:00:00.08 | Syncing left shin greave
Fra:1 Mem:56.98M (Peak 56.98M) | Time:00:00.08 | Syncing left split-toe tabi foot volume
Fra:1 Mem:57.03M (Peak 57.03M) | Time:00:00.08 | Syncing left separated big toe
Fra:1 Mem:57.05M (Peak 57.05M) | Time:00:00.08 | Syncing left outer toe group
Fra:1 Mem:57.07M (Peak 57.07M) | Time:00:00.08 | Syncing left woven waraji sole grounded
Fra:1 Mem:57.08M (Peak 57.08M) | Time:00:00.08 | Syncing left sandal toe strap
Fra:1 Mem:57.09M (Peak 57.15M) | Time:00:00.08 | Syncing left heel strap
Fra:1 Mem:57.09M (Peak 57.15M) | Time:00:00.08 | Syncing left hakama pleat 1
Fra:1 Mem:57.10M (Peak 57.15M) | Time:00:00.08 | Syncing left hakama pleat 2
Fra:1 Mem:57.11M (Peak 57.15M) | Time:00:00.08 | Syncing left hakama pleat 3
Fra:1 Mem:57.12M (Peak 57.15M) | Time:00:00.08 | Syncing right hakama trouser leg
Fra:1 Mem:57.20M (Peak 57.20M) | Time:00:00.08 | Syncing right shin greave
Fra:1 Mem:57.26M (Peak 57.26M) | Time:00:00.08 | Syncing right split-toe tabi foot volume
Fra:1 Mem:57.30M (Peak 57.30M) | Time:00:00.08 | Syncing right separated big toe
Fra:1 Mem:57.33M (Peak 57.33M) | Time:00:00.08 | Syncing right outer toe group
Fra:1 Mem:57.35M (Peak 57.35M) | Time:00:00.08 | Syncing right woven waraji sole grounded
Fra:1 Mem:57.35M (Peak 57.35M) | Time:00:00.08 | Syncing right sandal toe strap
Fra:1 Mem:57.36M (Peak 57.36M) | Time:00:00.08 | Syncing right heel strap
Fra:1 Mem:57.37M (Peak 57.37M) | Time:00:00.08 | Syncing right hakama pleat 1
Fra:1 Mem:57.37M (Peak 57.37M) | Time:00:00.08 | Syncing right hakama pleat 2
Fra:1 Mem:57.38M (Peak 57.38M) | Time:00:00.08 | Syncing right hakama pleat 3
Fra:1 Mem:57.38M (Peak 57.38M) | Time:00:00.08 | Syncing drawn katana blade spine
Fra:1 Mem:57.39M (Peak 57.45M) | Time:00:00.08 | Syncing bright sharpened katana edge
Fra:1 Mem:57.40M (Peak 57.45M) | Time:00:00.08 | Syncing wrapped katana grip
Fra:1 Mem:57.41M (Peak 57.45M) | Time:00:00.08 | Syncing square tsuba guard
Fra:1 Mem:57.42M (Peak 57.45M) | Time:00:00.08 | Syncing lacquered saya scabbard at left h
Fra:1 Mem:57.43M (Peak 57.45M) | Time:00:00.08 | Syncing waist sash tying armor
Fra:1 Mem:57.43M (Peak 57.45M) | Time:00:00.08 | Syncing bamboo sashimono back pole
Fra:1 Mem:57.44M (Peak 57.45M) | Time:00:00.08 | Syncing small lacquered sashimono crossba
Fra:1 Mem:57.46M (Peak 57.46M) | Time:00:00.08 | Syncing cloth sashimono banner panel
Fra:1 Mem:57.47M (Peak 57.52M) | Time:00:00.08 | Syncing simple round clan mon on banner
Fra:1 Mem:57.51M (Peak 57.52M) | Time:00:00.08 | Syncing cool key
Fra:1 Mem:57.51M (Peak 57.52M) | Time:00:00.08 | Syncing rim
Fra:1 Mem:57.51M (Peak 57.52M) | Time:00:00.08 | Syncing hero cam
Fra:1 Mem:57.51M (Peak 57.52M) | Time:00:00.08 | Syncing samurai_v2_provenance
Fra:1 Mem:57.54M (Peak 57.64M) | Time:00:00.08 | Rendering 1 / 32 samples
Fra:1 Mem:54.65M (Peak 57.64M) | Time:00:02.61 | Rendering 26 / 32 samples
Fra:1 Mem:54.65M (Peak 57.64M) | Time:00:03.08 | Rendering 32 / 32 samples
Saved: '/tmp/factoryx-v21-render/samurai-repaired-full-20-v21/uesugi-01/turntable_007.png'
 Time: 00:03.20 (Saving: 00:00.03)

02:59:54 | INFO: Extracting primitive: Cube.030
02:59:54 | INFO: Primitives created: 1
02:59:54 | INFO: Extracting primitive: Cube.031
02:59:54 | INFO: Primitives created: 1
02:59:54 | INFO: Extracting primitive: Cube.032
02:59:54 | INFO: Primitives created: 1
02:59:54 | INFO: Extracting primitive: Cube.033
02:59:54 | INFO: Primitives created: 1
02:59:54 | INFO: Extracting primitive: Cube.034
02:59:54 | INFO: Primitives created: 1
02:59:54 | INFO: Extracting primitive: Cube.035
02:59:54 | INFO: Primitives created: 1
02:59:54 | INFO: Extracting primitive: Cube.036
02:59:54 | INFO: Primitives created: 1
02:59:54 | INFO: Extracting primitive: Cube.037
02:59:54 | INFO: Primitives created: 1
02:59:54 | INFO: Extracting primitive: Cube.038
02:59:54 | INFO: Primitives created: 1
02:59:54 | INFO: Extracting primitive: Cube.039
02:59:54 | INFO: Primitives created: 1
02:59:54 | INFO: Extracting primitive: Sphere.132
02:59:54 | INFO: Primitives created: 1
02:59:54 | INFO: Extracting primitive: Sphere.133
02:59:54 | INFO: Primitives created: 1
02:59:54 | INFO: Extracting primitive: Sphere.134
02:59:54 | INFO: Primitives created: 1
02:59:54 | INFO: Extracting primitive: Sphere.135
02:59:54 | INFO: Primitives created: 1
02:59:54 | INFO: Extracting primitive: Sphere.136
02:59:54 | INFO: Primitives created: 1
02:59:54 | INFO: Extracting primitive: Cube.040
02:59:54 | INFO: Primitives created: 1
02:59:54 | INFO: Extracting primitive: left sandal toe strap
02:59:54 | INFO: Primitives created: 1
02:59:54 | INFO: Extracting primitive: left heel strap
02:59:54 | INFO: Primitives created: 1
02:59:54 | INFO: Extracting primitive: left hakama pleat 1
02:59:54 | INFO: Primitives created: 1
02:59:54 | INFO: Extracting primitive: left hakama pleat 2
02:59:54 | INFO: Primitives created: 1
02:59:54 | INFO: Extracting primitive: left hakama pleat 3
02:59:54 | INFO: Primitives created: 1
02:59:54 | INFO: Extracting primitive: Sphere.137
02:59:54 | INFO: Primitives created: 1
02:59:54 | INFO: Extracting primitive: Sphere.138
02:59:54 | INFO: Primitives created: 1
02:59:54 | INFO: Extracting primitive: Sphere.139
02:59:54 | INFO: Primitives created: 1
02:59:54 | INFO: Extracting primitive: Sphere.140
02:59:54 | INFO: Primitives created: 1
02:59:54 | INFO: Extracting primitive: Sphere.141
02:59:54 | INFO: Primitives created: 1
02:59:54 | INFO: Extracting primitive: Cube.041
02:59:54 | INFO: Primitives created: 1
02:59:54 | INFO: Extracting primitive: right sandal toe strap
02:59:54 | INFO: Primitives created: 1
02:59:54 | INFO: Extracting primitive: right heel strap
02:59:54 | INFO: Primitives created: 1
02:59:54 | INFO: Extracting primitive: right hakama pleat 1
02:59:54 | INFO: Primitives created: 1
02:59:54 | INFO: Extracting primitive: right hakama pleat 2
02:59:54 | INFO: Primitives created: 1
02:59:54 | INFO: Extracting primitive: right hakama pleat 3
02:59:54 | INFO: Primitives created: 1
02:59:54 | INFO: Extracting primitive: drawn katana blade spine
02:59:54 | INFO: Primitives created: 1
02:59:54 | INFO: Extracting primitive: bright sharpened katana edge
02:59:54 | INFO: Primitives created: 1
02:59:54 | INFO: Extracting primitive: Cylinder.003
02:59:54 | INFO: Primitives created: 1
02:59:54 | INFO: Extracting primitive: Cube.042
02:59:54 | INFO: Primitives created: 1
02:59:54 | INFO: Extracting primitive: lacquered saya scabbard at left hip
02:59:54 | INFO: Primitives created: 1
02:59:54 | INFO: Extracting primitive: waist sash tying armor
02:59:54 | INFO: Primitives created: 1
02:59:54 | INFO: Extracting primitive: bamboo sashimono back pole
02:59:54 | INFO: Primitives created: 1
02:59:54 | INFO: Extracting primitive: Cube.043
02:59:54 | INFO: Primitives created: 1
02:59:54 | INFO: Extracting primitive: Cube.044
02:59:54 | INFO: Primitives created: 1
02:59:54 | INFO: Extracting primitive: Sphere.142
02:59:54 | INFO: Primitives created: 1
02:59:54 | INFO: Finished glTF 2.0 export in 0.15825247764587402 s


Blender quit
